,indicator,year,Gross capital formation (% of GDP),country
0,Gross capital formation (% of GDP),1970,,ABW
1,Gross capital formation (% of GDP),1970,,Africa Eastern and Southern
2,Gross capital formation (% of GDP),1970,,AFG
3,Gross capital formation (% of GDP),1970,,Africa Western and Central
4,Gross capital formation (% of GDP),1970,,AGO
5,Gross capital formation (% of GDP),1970,,ALB
6,Gross capital formation (% of GDP),1970,,AND
7,Gross capital formation (% of GDP),1970,19.5848501204906,Arab World
8,Gross capital formation (% of GDP),1970,,ARE
9,Gross capital formation (% of GDP),1970,24.4400952475051,ARG
10,Gross capital formation (% of GDP),1970,,ARM
11,Gross capital formation (% of GDP),1970,,ASM
12,Gross capital formation (% of GDP),1970,,ATG
13,Gross capital formation (% of GDP),1970,32.9729583265594,AUS
14,Gross capital formation (% of GDP),1970,31.4333409830536,AUT
15,Gross capital formation (% of GDP),1970,,AZE
16,Gross capital formation (% of GDP),1970,4.53079461935769,BDI
17,Gross capital formation (% of GDP),1970,29.6566888191858,BEL
18,Gross capital formation (% of GDP),1970,11.5923801456269,BEN
19,Gross capital formation (% of GDP),1970,10.270033771264,BFA
20,Gross capital formation (% of GDP),1970,11.3446569376759,BGD
21,Gross capital formation (% of GDP),1970,,BGR
22,Gross capital formation (% of GDP),1970,,BHR
23,Gross capital formation (% of GDP),1970,,BHS
24,Gross capital formation (% of GDP),1970,,BIH
25,Gross capital formation (% of GDP),1970,,BLR
26,Gross capital formation (% of GDP),1970,,BLZ
27,Gross capital formation (% of GDP),1970,,BMU
28,Gross capital formation (% of GDP),1970,16.3880152292667,BOL
29,Gross capital formation (% of GDP),1970,20.5420007091554,BRA
30,Gross capital formation (% of GDP),1970,,BRB
31,Gross capital formation (% of GDP),1970,,BRN
32,Gross capital formation (% of GDP),1970,,BTN
33,Gross capital formation (% of GDP),1970,45.3226976069616,BWA
34,Gross capital formation (% of GDP),1970,17.9836725059846,CAF
35,Gross capital formation (% of GDP),1970,22.1242947392729,CAN
36,Gross capital formation (% of GDP),1970,,Central Europe and the Baltics
37,Gross capital formation (% of GDP),1970,40.5072897198929,CHE
38,Gross capital formation (% of GDP),1970,,Channel Islands
39,Gross capital formation (% of GDP),1970,16.9120916809652,CHL
40,Gross capital formation (% of GDP),1970,32.8162153192607,CHN
41,Gross capital formation (% of GDP),1970,22.4956529301408,CIV
42,Gross capital formation (% of GDP),1970,16.0276563140363,CMR
43,Gross capital formation (% of GDP),1970,,COD
44,Gross capital formation (% of GDP),1970,24.2105182894737,COG
45,Gross capital formation (% of GDP),1970,20.2322848879248,COL
46,Gross capital formation (% of GDP),1970,,COM
47,Gross capital formation (% of GDP),1970,,CPV
48,Gross capital formation (% of GDP),1970,20.5364402034314,CRI
49,Gross capital formation (% of GDP),1970,,Caribbean small states
50,Gross capital formation (% of GDP),1970,25.9269410117525,CUB
51,Gross capital formation (% of GDP),1970,,CUW
52,Gross capital formation (% of GDP),1970,,CYM
53,Gross capital formation (% of GDP),1970,,CYP
54,Gross capital formation (% of GDP),1970,,CZE
55,Gross capital formation (% of GDP),1970,33.278578878368,DEU
56,Gross capital formation (% of GDP),1970,,DJI
57,Gross capital formation (% of GDP),1970,,DMA
58,Gross capital formation (% of GDP),1970,26.7461761278856,DNK
59,Gross capital formation (% of GDP),1970,19.1434533826994,DOM
60,Gross capital formation (% of GDP),1970,36.6490688527348,DZA
61,Gross capital formation (% of GDP),1970,31.0740099744239,East Asia & Pacific (
62,Gross capital formation (% of GDP),1970,21.5471444663048,Early-demographic dividend
63,Gross capital formation (% of GDP),1970,36.7799589357921,East Asia & Pacific
64,Gross capital formation (% of GDP),1970,,Europe & Central Asia (
65,Gross capital formation (% of GDP),1970,29.5855946738495,Europe & Central Asia
66,Gross capital formation (% of GDP),1970,16.3593990071063,ECU
67,Gross capital formation (% of GDP),1970,14.6020739630185,EGY
68,Gross capital formation (% of GDP),1970,30.0489614837337,Euro area
69,Gross capital formation (% of GDP),1970,,ERI
70,Gross capital formation (% of GDP),1970,28.3592795052176,ESP
71,Gross capital formation (% of GDP),1970,,EST
72,Gross capital formation (% of GDP),1970,,ETH
73,Gross capital formation (% of GDP),1970,30.1876623869633,European Union
74,Gross capital formation (% of GDP),1970,,Fragile and conflict affected situations
75,Gross capital formation (% of GDP),1970,31.8216799928711,FIN
76,Gross capital formation (% of GDP),1970,,FJI
77,Gross capital formation (% of GDP),1970,28.7562583855433,FRA
78,Gross capital formation (% of GDP),1970,,FRO
79,Gross capital formation (% of GDP),1970,,FSM
80,Gross capital formation (% of GDP),1970,31.9553001217206,GAB
81,Gross capital formation (% of GDP),1970,24.4080218912417,GBR
82,Gross capital formation (% of GDP),1970,,GEO
83,Gross capital formation (% of GDP),1970,14.165559982293,GHA
84,Gross capital formation (% of GDP),1970,,GIB
85,Gross capital formation (% of GDP),1970,,GIN
86,Gross capital formation (% of GDP),1970,6.889857732905,GMB
87,Gross capital formation (% of GDP),1970,29.5728972581679,GNB
88,Gross capital formation (% of GDP),1970,,GNQ
89,Gross capital formation (% of GDP),1970,33.6493817892242,GRC
90,Gross capital formation (% of GDP),1970,,GRD
91,Gross capital formation (% of GDP),1970,,GRL
92,Gross capital formation (% of GDP),1970,12.8256302521008,GTM
93,Gross capital formation (% of GDP),1970,,GUM
94,Gross capital formation (% of GDP),1970,22.7595220313667,GUY
95,Gross capital formation (% of GDP),1970,26.8426300739806,High income
96,Gross capital formation (% of GDP),1970,20.4059551631611,HKG
97,Gross capital formation (% of GDP),1970,20.8852005532503,HND
98,Gross capital formation (% of GDP),1970,,Heavily indebted poor countries (HIPC)
99,Gross capital formation (% of GDP),1970,,HRV
100,Gross capital formation (% of GDP),1970,,HTI
101,Gross capital formation (% of GDP),1970,,HUN
102,Gross capital formation (% of GDP),1970,24.3717071441562,IBRD only
103,Gross capital formation (% of GDP),1970,23.0213293104907,IDA & IBRD total
104,Gross capital formation (% of GDP),1970,,IDA total
105,Gross capital formation (% of GDP),1970,,IDA blend
106,Gross capital formation (% of GDP),1970,13.622754491018,IDN
107,Gross capital formation (% of GDP),1970,,IDA only
108,Gross capital formation (% of GDP),1970,,IMN
109,Gross capital formation (% of GDP),1970,18.2114387329179,IND
110,Gross capital formation (% of GDP),1970,,Not classified
111,Gross capital formation (% of GDP),1970,24.0135413025636,IRL
112,Gross capital formation (% of GDP),1970,40.6364036052024,IRN
113,Gross capital formation (% of GDP),1970,17.3052308217425,IRQ
114,Gross capital formation (% of GDP),1970,27.8077669902913,ISL
115,Gross capital formation (% of GDP),1970,32.5830550422497,ISR
116,Gross capital formation (% of GDP),1970,26.7016664925425,ITA
117,Gross capital formation (% of GDP),1970,31.5393842080458,JAM
118,Gross capital formation (% of GDP),1970,,JOR
119,Gross capital formation (% of GDP),1970,42.583674392608,JPN
120,Gross capital formation (% of GDP),1970,,KAZ
121,Gross capital formation (% of GDP),1970,24.3966751650194,KEN
122,Gross capital formation (% of GDP),1970,,KGZ
123,Gross capital formation (% of GDP),1970,,KHM
124,Gross capital formation (% of GDP),1970,,KIR
125,Gross capital formation (% of GDP),1970,,KNA
126,Gross capital formation (% of GDP),1970,26.3248229993564,KOR
127,Gross capital formation (% of GDP),1970,12.1212121212121,KWT
128,Gross capital formation (% of GDP),1970,21.7618497255628,Latin America & Caribbean (
129,Gross capital formation (% of GDP),1970,,LAO
130,Gross capital formation (% of GDP),1970,,LBN
131,Gross capital formation (% of GDP),1970,,LBR
132,Gross capital formation (% of GDP),1970,,LBY
133,Gross capital formation (% of GDP),1970,,LCA
134,Gross capital formation (% of GDP),1970,22.4766186029186,Latin America & Caribbean
135,Gross capital formation (% of GDP),1970,,Least developed countries: UN classification
136,Gross capital formation (% of GDP),1970,,Low income
137,Gross capital formation (% of GDP),1970,,LIE
138,Gross capital formation (% of GDP),1970,18.9475995316159,LKA
139,Gross capital formation (% of GDP),1970,18.5905233364969,Lower middle income
140,Gross capital formation (% of GDP),1970,22.4007494410752,Low & middle income
141,Gross capital formation (% of GDP),1970,10.183299389002,LSO
142,Gross capital formation (% of GDP),1970,27.1331719663491,Late-demographic dividend
143,Gross capital formation (% of GDP),1970,,LTU
144,Gross capital formation (% of GDP),1970,21.9872223427476,LUX
145,Gross capital formation (% of GDP),1970,,LVA
146,Gross capital formation (% of GDP),1970,,MAC
147,Gross capital formation (% of GDP),1970,,MAF
148,Gross capital formation (% of GDP),1970,18.4855901303631,MAR
149,Gross capital formation (% of GDP),1970,,MCO
150,Gross capital formation (% of GDP),1970,,MDA
151,Gross capital formation (% of GDP),1970,9.91271736606304,MDG
152,Gross capital formation (% of GDP),1970,,MDV
153,Gross capital formation (% of GDP),1970,25.3874972057184,AFG
154,Gross capital formation (% of GDP),1970,22.7391891891892,MEX
155,Gross capital formation (% of GDP),1970,,MHL
156,Gross capital formation (% of GDP),1970,22.9650515083197,Middle income
157,Gross capital formation (% of GDP),1970,,MKD
158,Gross capital formation (% of GDP),1970,15.2773172101041,MLI
159,Gross capital formation (% of GDP),1970,30.0268419309424,MLT
160,Gross capital formation (% of GDP),1970,,MMR
161,Gross capital formation (% of GDP),1970,22.3596642604622,AFG
162,Gross capital formation (% of GDP),1970,,MNE
163,Gross capital formation (% of GDP),1970,,MNG
164,Gross capital formation (% of GDP),1970,,MNP
165,Gross capital formation (% of GDP),1970,,MOZ
166,Gross capital formation (% of GDP),1970,11.1695335240344,MRT
167,Gross capital formation (% of GDP),1970,,MUS
168,Gross capital formation (% of GDP),1970,,MWI
169,Gross capital formation (% of GDP),1970,17.5078197649844,MYS
170,Gross capital formation (% of GDP),1970,21.4710788103379,North America
171,Gross capital formation (% of GDP),1970,,NAM
172,Gross capital formation (% of GDP),1970,,NCL
173,Gross capital formation (% of GDP),1970,9.84969371869597,NER
174,Gross capital formation (% of GDP),1970,,NGA
175,Gross capital formation (% of GDP),1970,18.5942136316761,NIC
176,Gross capital formation (% of GDP),1970,29.3003313331511,NLD
177,Gross capital formation (% of GDP),1970,32.9072435267126,NOR
178,Gross capital formation (% of GDP),1970,5.96487226277372,NPL
179,Gross capital formation (% of GDP),1970,,NRU
180,Gross capital formation (% of GDP),1970,24.3166205913662,NZL
181,Gross capital formation (% of GDP),1970,26.5700054038482,OECD members
182,Gross capital formation (% of GDP),1970,13.7640449438202,OMN
183,Gross capital formation (% of GDP),1970,,Other small states
184,Gross capital formation (% of GDP),1970,15.7923394274465,PAK
185,Gross capital formation (% of GDP),1970,34.4343742561101,PAN
186,Gross capital formation (% of GDP),1970,17.1313142760216,PER
187,Gross capital formation (% of GDP),1970,,PHL
188,Gross capital formation (% of GDP),1970,,PLW
189,Gross capital formation (% of GDP),1970,41.6030462173757,PNG
190,Gross capital formation (% of GDP),1970,,POL
191,Gross capital formation (% of GDP),1970,,Pre-demographic dividend
192,Gross capital formation (% of GDP),1970,28.6412298647387,PRI
193,Gross capital formation (% of GDP),1970,,PRK
194,Gross capital formation (% of GDP),1970,28.0652022282216,PRT
195,Gross capital formation (% of GDP),1970,14.7275129803393,PRY
196,Gross capital formation (% of GDP),1970,,PSE
197,Gross capital formation (% of GDP),1970,,Pacific island small states
198,Gross capital formation (% of GDP),1970,26.7119405937428,Post-demographic dividend
199,Gross capital formation (% of GDP),1970,,PYF
200,Gross capital formation (% of GDP),1970,,QAT
201,Gross capital formation (% of GDP),1970,,ROU
202,Gross capital formation (% of GDP),1970,,RUS
203,Gross capital formation (% of GDP),1970,7.04865828880423,RWA
204,Gross capital formation (% of GDP),1970,17.6403890689499,South Asia
205,Gross capital formation (% of GDP),1970,22.3985453343252,SAU
206,Gross capital formation (% of GDP),1970,,SDN
207,Gross capital formation (% of GDP),1970,9.54329231600746,SEN
208,Gross capital formation (% of GDP),1970,38.17631350671,SGP
209,Gross capital formation (% of GDP),1970,,SLB
210,Gross capital formation (% of GDP),1970,,SLE
211,Gross capital formation (% of GDP),1970,13.2471842672033,SLV
212,Gross capital formation (% of GDP),1970,,SMR
213,Gross capital formation (% of GDP),1970,10.8789459209487,SOM
214,Gross capital formation (% of GDP),1970,,SRB
215,Gross capital formation (% of GDP),1970,,Sub-Saharan Africa (
216,Gross capital formation (% of GDP),1970,,SSD
217,Gross capital formation (% of GDP),1970,,Sub-Saharan Africa
218,Gross capital formation (% of GDP),1970,,Small states
219,Gross capital formation (% of GDP),1970,,STP
220,Gross capital formation (% of GDP),1970,,SUR
221,Gross capital formation (% of GDP),1970,,SVK
222,Gross capital formation (% of GDP),1970,,SVN
223,Gross capital formation (% of GDP),1970,32.9090621824442,SWE
224,Gross capital formation (% of GDP),1970,,SWZ
225,Gross capital formation (% of GDP),1970,,SXM
226,Gross capital formation (% of GDP),1970,,SYC
227,Gross capital formation (% of GDP),1970,,SYR
228,Gross capital formation (% of GDP),1970,,TCA
229,Gross capital formation (% of GDP),1970,16.0926226734141,TCD
230,Gross capital formation (% of GDP),1970,31.0701676708234,East Asia & Pacific (IDA & IBRD countries)
231,Gross capital formation (% of GDP),1970,,Europe & Central Asia (IDA & IBRD countries)
232,Gross capital formation (% of GDP),1970,14.3826322928159,TGO
233,Gross capital formation (% of GDP),1970,25.5976934382554,THA
234,Gross capital formation (% of GDP),1970,,TJK
235,Gross capital formation (% of GDP),1970,,TKM
236,Gross capital formation (% of GDP),1970,22.213832106068,Latin America & the Caribbean (IDA & IBRD countries)
237,Gross capital formation (% of GDP),1970,,TLS
238,Gross capital formation (% of GDP),1970,22.2093884510657,AFG
239,Gross capital formation (% of GDP),1970,,TON
240,Gross capital formation (% of GDP),1970,17.6403890689499,South Asia (IDA & IBRD)
241,Gross capital formation (% of GDP),1970,,Sub-Saharan Africa (IDA & IBRD countries)
242,Gross capital formation (% of GDP),1970,,TTO
243,Gross capital formation (% of GDP),1970,21.148755955532,TUN
244,Gross capital formation (% of GDP),1970,14.7073791348601,TUR
245,Gross capital formation (% of GDP),1970,,TUV
246,Gross capital formation (% of GDP),1970,,TZA
247,Gross capital formation (% of GDP),1970,14.0046682227409,UGA
248,Gross capital formation (% of GDP),1970,,UKR
249,Gross capital formation (% of GDP),1970,25.2880744919549,Upper middle income
250,Gross capital formation (% of GDP),1970,3.39622641509434,URY
251,Gross capital formation (% of GDP),1970,21.4148288041681,USA
252,Gross capital formation (% of GDP),1970,,UZB
253,Gross capital formation (% of GDP),1970,,VCT
254,Gross capital formation (% of GDP),1970,36.5499279192696,VEN
255,Gross capital formation (% of GDP),1970,,VGB
256,Gross capital formation (% of GDP),1970,,VIR
257,Gross capital formation (% of GDP),1970,,VNM
258,Gross capital formation (% of GDP),1970,,VUT
259,Gross capital formation (% of GDP),1970,26.2806277472839,World
260,Gross capital formation (% of GDP),1970,,WSM
261,Gross capital formation (% of GDP),1970,,XKX
262,Gross capital formation (% of GDP),1970,,YEM
263,Gross capital formation (% of GDP),1970,25.2837160200581,ZAF
264,Gross capital formation (% of GDP),1970,,ZMB
265,Gross capital formation (% of GDP),1970,18.3377796794332,ZWE
266,Gross capital formation (% of GDP),1971,,ABW
267,Gross capital formation (% of GDP),1971,,Africa Eastern and Southern
268,Gross capital formation (% of GDP),1971,,AFG
269,Gross capital formation (% of GDP),1971,,Africa Western and Central
270,Gross capital formation (% of GDP),1971,,AGO
271,Gross capital formation (% of GDP),1971,,ALB
272,Gross capital formation (% of GDP),1971,,AND
273,Gross capital formation (% of GDP),1971,18.7093618096965,Arab World
274,Gross capital formation (% of GDP),1971,,ARE
275,Gross capital formation (% of GDP),1971,24.1130324177909,ARG
276,Gross capital formation (% of GDP),1971,,ARM
277,Gross capital formation (% of GDP),1971,,ASM
278,Gross capital formation (% of GDP),1971,,ATG
279,Gross capital formation (% of GDP),1971,32.0957075273079,AUS
280,Gross capital formation (% of GDP),1971,31.4265276695276,AUT
281,Gross capital formation (% of GDP),1971,,AZE
282,Gross capital formation (% of GDP),1971,7.60767864326492,BDI
283,Gross capital formation (% of GDP),1971,28.5570889394491,BEL
284,Gross capital formation (% of GDP),1971,10.285643631099,BEN
285,Gross capital formation (% of GDP),1971,14.8739002346814,BFA
286,Gross capital formation (% of GDP),1971,8.22782728437302,BGD
287,Gross capital formation (% of GDP),1971,,BGR
288,Gross capital formation (% of GDP),1971,,BHR
289,Gross capital formation (% of GDP),1971,,BHS
290,Gross capital formation (% of GDP),1971,,BIH
291,Gross capital formation (% of GDP),1971,,BLR
292,Gross capital formation (% of GDP),1971,,BLZ
293,Gross capital formation (% of GDP),1971,,BMU
294,Gross capital formation (% of GDP),1971,16.8331284572833,BOL
295,Gross capital formation (% of GDP),1971,21.2625148787298,BRA
296,Gross capital formation (% of GDP),1971,,BRB
297,Gross capital formation (% of GDP),1971,,BRN
298,Gross capital formation (% of GDP),1971,,BTN
299,Gross capital formation (% of GDP),1971,50.4405286343612,BWA
300,Gross capital formation (% of GDP),1971,18.7486065298326,CAF
301,Gross capital formation (% of GDP),1971,23.096440598999,CAN
302,Gross capital formation (% of GDP),1971,,Central Europe and the Baltics
303,Gross capital formation (% of GDP),1971,40.7850688756549,CHE
304,Gross capital formation (% of GDP),1971,,Channel Islands
305,Gross capital formation (% of GDP),1971,15.0605729268696,CHL
306,Gross capital formation (% of GDP),1971,33.5845171488947,CHN
307,Gross capital formation (% of GDP),1971,21.8019049040204,CIV
308,Gross capital formation (% of GDP),1971,16.6471026211096,CMR
309,Gross capital formation (% of GDP),1971,,COD
310,Gross capital formation (% of GDP),1971,26.6065356460421,COG
311,Gross capital formation (% of GDP),1971,19.4154702795633,COL
312,Gross capital formation (% of GDP),1971,,COM
313,Gross capital formation (% of GDP),1971,,CPV
314,Gross capital formation (% of GDP),1971,24.3365569988745,CRI
315,Gross capital formation (% of GDP),1971,,Caribbean small states
316,Gross capital formation (% of GDP),1971,25.9369732566977,CUB
317,Gross capital formation (% of GDP),1971,,CUW
318,Gross capital formation (% of GDP),1971,,CYM
319,Gross capital formation (% of GDP),1971,,CYP
320,Gross capital formation (% of GDP),1971,,CZE
321,Gross capital formation (% of GDP),1971,32.3681640596784,DEU
322,Gross capital formation (% of GDP),1971,,DJI
323,Gross capital formation (% of GDP),1971,,DMA
324,Gross capital formation (% of GDP),1971,25.9119088737487,DNK
325,Gross capital formation (% of GDP),1971,17.8577857785779,DOM
326,Gross capital formation (% of GDP),1971,35.2813421933013,DZA
327,Gross capital formation (% of GDP),1971,31.9386009124988,East Asia & Pacific (
328,Gross capital formation (% of GDP),1971,21.5693501541335,Early-demographic dividend
329,Gross capital formation (% of GDP),1971,35.1023180975354,East Asia & Pacific
330,Gross capital formation (% of GDP),1971,,Europe & Central Asia (
331,Gross capital formation (% of GDP),1971,28.6247424348807,Europe & Central Asia
332,Gross capital formation (% of GDP),1971,18.6803734243888,ECU
333,Gross capital formation (% of GDP),1971,12.8654797523477,EGY
334,Gross capital formation (% of GDP),1971,28.9242022924317,Euro area
335,Gross capital formation (% of GDP),1971,,ERI
336,Gross capital formation (% of GDP),1971,26.0720252569383,ESP
337,Gross capital formation (% of GDP),1971,,EST
338,Gross capital formation (% of GDP),1971,,ETH
339,Gross capital formation (% of GDP),1971,28.9696507806218,European Union
340,Gross capital formation (% of GDP),1971,,Fragile and conflict affected situations
341,Gross capital formation (% of GDP),1971,31.9418924071406,FIN
342,Gross capital formation (% of GDP),1971,,FJI
343,Gross capital formation (% of GDP),1971,27.8764152696192,FRA
344,Gross capital formation (% of GDP),1971,,FRO
345,Gross capital formation (% of GDP),1971,,FSM
346,Gross capital formation (% of GDP),1971,31.9695432921028,GAB
347,Gross capital formation (% of GDP),1971,23.825203746303,GBR
348,Gross capital formation (% of GDP),1971,,GEO
349,Gross capital formation (% of GDP),1971,14.12,GHA
350,Gross capital formation (% of GDP),1971,,GIB
351,Gross capital formation (% of GDP),1971,,GIN
352,Gross capital formation (% of GDP),1971,5.59310043668122,GMB
353,Gross capital formation (% of GDP),1971,28.0001794857061,GNB
354,Gross capital formation (% of GDP),1971,,GNQ
355,Gross capital formation (% of GDP),1971,35.0893015799055,GRC
356,Gross capital formation (% of GDP),1971,,GRD
357,Gross capital formation (% of GDP),1971,,GRL
358,Gross capital formation (% of GDP),1971,14.3843208383716,GTM
359,Gross capital formation (% of GDP),1971,,GUM
360,Gross capital formation (% of GDP),1971,18.6314483247651,GUY
361,Gross capital formation (% of GDP),1971,26.4808353259221,High income
362,Gross capital formation (% of GDP),1971,24.3431655485177,HKG
363,Gross capital formation (% of GDP),1971,17.0998632010944,HND
364,Gross capital formation (% of GDP),1971,,Heavily indebted poor countries (HIPC)
365,Gross capital formation (% of GDP),1971,,HRV
366,Gross capital formation (% of GDP),1971,,HTI
367,Gross capital formation (% of GDP),1971,,HUN
368,Gross capital formation (% of GDP),1971,24.5960137107319,IBRD only
369,Gross capital formation (% of GDP),1971,23.3906711953954,IDA & IBRD total
370,Gross capital formation (% of GDP),1971,,IDA total
371,Gross capital formation (% of GDP),1971,,IDA blend
372,Gross capital formation (% of GDP),1971,15.7952069716776,IDN
373,Gross capital formation (% of GDP),1971,,IDA only
374,Gross capital formation (% of GDP),1971,,IMN
375,Gross capital formation (% of GDP),1971,19.2036157433701,IND
376,Gross capital formation (% of GDP),1971,,Not classified
377,Gross capital formation (% of GDP),1971,23.5371863049837,IRL
378,Gross capital formation (% of GDP),1971,34.805595861571,IRN
379,Gross capital formation (% of GDP),1971,15.3249414519906,IRQ
380,Gross capital formation (% of GDP),1971,37.1877230549607,ISL
381,Gross capital formation (% of GDP),1971,35.6254423930809,ISR
382,Gross capital formation (% of GDP),1971,24.4717523440514,ITA
383,Gross capital formation (% of GDP),1971,32.0882719900187,JAM
384,Gross capital formation (% of GDP),1971,,JOR
385,Gross capital formation (% of GDP),1971,39.0203866095606,JPN
386,Gross capital formation (% of GDP),1971,,KAZ
387,Gross capital formation (% of GDP),1971,23.9159870264823,KEN
388,Gross capital formation (% of GDP),1971,,KGZ
389,Gross capital formation (% of GDP),1971,,KHM
390,Gross capital formation (% of GDP),1971,,KIR
391,Gross capital formation (% of GDP),1971,,KNA
392,Gross capital formation (% of GDP),1971,24.9767306573589,KOR
393,Gross capital formation (% of GDP),1971,9.37907145600459,KWT
394,Gross capital formation (% of GDP),1971,21.4401833730033,Latin America & Caribbean (
395,Gross capital formation (% of GDP),1971,,LAO
396,Gross capital formation (% of GDP),1971,,LBN
397,Gross capital formation (% of GDP),1971,,LBR
398,Gross capital formation (% of GDP),1971,,LBY
399,Gross capital formation (% of GDP),1971,,LCA
400,Gross capital formation (% of GDP),1971,22.3419811480779,Latin America & Caribbean
401,Gross capital formation (% of GDP),1971,,Least developed countries: UN classification
402,Gross capital formation (% of GDP),1971,,Low income
403,Gross capital formation (% of GDP),1971,,LIE
404,Gross capital formation (% of GDP),1971,17.067615658363,LKA
405,Gross capital formation (% of GDP),1971,19.3605131375371,Lower middle income
406,Gross capital formation (% of GDP),1971,22.7452173011659,Low & middle income
407,Gross capital formation (% of GDP),1971,9.14076782449726,LSO
408,Gross capital formation (% of GDP),1971,27.4899860963541,Late-demographic dividend
409,Gross capital formation (% of GDP),1971,,LTU
410,Gross capital formation (% of GDP),1971,25.2812237431209,LUX
411,Gross capital formation (% of GDP),1971,,LVA
412,Gross capital formation (% of GDP),1971,,MAC
413,Gross capital formation (% of GDP),1971,,MAF
414,Gross capital formation (% of GDP),1971,17.9446388800509,MAR
415,Gross capital formation (% of GDP),1971,,MCO
416,Gross capital formation (% of GDP),1971,,MDA
417,Gross capital formation (% of GDP),1971,11.2194733530156,MDG
418,Gross capital formation (% of GDP),1971,,MDV
419,Gross capital formation (% of GDP),1971,24.0066403692384,AFG
420,Gross capital formation (% of GDP),1971,20.2417551020408,MEX
421,Gross capital formation (% of GDP),1971,,MHL
422,Gross capital formation (% of GDP),1971,23.3331930532283,Middle income
423,Gross capital formation (% of GDP),1971,,MKD
424,Gross capital formation (% of GDP),1971,16.0058256996659,MLI
425,Gross capital formation (% of GDP),1971,26.6420115336282,MLT
426,Gross capital formation (% of GDP),1971,,MMR
427,Gross capital formation (% of GDP),1971,20.6408244400314,AFG
428,Gross capital formation (% of GDP),1971,,MNE
429,Gross capital formation (% of GDP),1971,,MNG
430,Gross capital formation (% of GDP),1971,,MNP
431,Gross capital formation (% of GDP),1971,,MOZ
432,Gross capital formation (% of GDP),1971,11.5864678858307,MRT
433,Gross capital formation (% of GDP),1971,,MUS
434,Gross capital formation (% of GDP),1971,,MWI
435,Gross capital formation (% of GDP),1971,20.7487456580471,MYS
436,Gross capital formation (% of GDP),1971,22.0148808845771,North America
437,Gross capital formation (% of GDP),1971,,NAM
438,Gross capital formation (% of GDP),1971,,NCL
439,Gross capital formation (% of GDP),1971,7.77845862336608,NER
440,Gross capital formation (% of GDP),1971,,NGA
441,Gross capital formation (% of GDP),1971,17.7151747282766,NIC
442,Gross capital formation (% of GDP),1971,27.9428175575509,NLD
443,Gross capital formation (% of GDP),1971,34.1457962817186,NOR
444,Gross capital formation (% of GDP),1971,7.75341204952284,NPL
445,Gross capital formation (% of GDP),1971,,NRU
446,Gross capital formation (% of GDP),1971,24.4493070751276,NZL
447,Gross capital formation (% of GDP),1971,26.1657855132219,OECD members
448,Gross capital formation (% of GDP),1971,28.4572342126299,OMN
449,Gross capital formation (% of GDP),1971,,Other small states
450,Gross capital formation (% of GDP),1971,15.5381858990766,PAK
451,Gross capital formation (% of GDP),1971,37.5712210610918,PAN
452,Gross capital formation (% of GDP),1971,19.7833040954229,PER
453,Gross capital formation (% of GDP),1971,,PHL
454,Gross capital formation (% of GDP),1971,,PLW
455,Gross capital formation (% of GDP),1971,42.7556795314645,PNG
456,Gross capital formation (% of GDP),1971,,POL
457,Gross capital formation (% of GDP),1971,,Pre-demographic dividend
458,Gross capital formation (% of GDP),1971,30.2383650917334,PRI
459,Gross capital formation (% of GDP),1971,,PRK
460,Gross capital formation (% of GDP),1971,26.1098272155646,PRT
461,Gross capital formation (% of GDP),1971,14.5636285468616,PRY
462,Gross capital formation (% of GDP),1971,,PSE
463,Gross capital formation (% of GDP),1971,,Pacific island small states
464,Gross capital formation (% of GDP),1971,26.3361795302045,Post-demographic dividend
465,Gross capital formation (% of GDP),1971,,PYF
466,Gross capital formation (% of GDP),1971,,QAT
467,Gross capital formation (% of GDP),1971,,ROU
468,Gross capital formation (% of GDP),1971,,RUS
469,Gross capital formation (% of GDP),1971,9.13180403296094,RWA
470,Gross capital formation (% of GDP),1971,18.18986545111,South Asia
471,Gross capital formation (% of GDP),1971,23.9631479356019,SAU
472,Gross capital formation (% of GDP),1971,,SDN
473,Gross capital formation (% of GDP),1971,10.1853891019399,SEN
474,Gross capital formation (% of GDP),1971,40.0886015671222,SGP
475,Gross capital formation (% of GDP),1971,,SLB
476,Gross capital formation (% of GDP),1971,,SLE
477,Gross capital formation (% of GDP),1971,15.5937004687553,SLV
478,Gross capital formation (% of GDP),1971,,SMR
479,Gross capital formation (% of GDP),1971,11.3990518119135,SOM
480,Gross capital formation (% of GDP),1971,,SRB
481,Gross capital formation (% of GDP),1971,,Sub-Saharan Africa (
482,Gross capital formation (% of GDP),1971,,SSD
483,Gross capital formation (% of GDP),1971,,Sub-Saharan Africa
484,Gross capital formation (% of GDP),1971,,Small states
485,Gross capital formation (% of GDP),1971,,STP
486,Gross capital formation (% of GDP),1971,,SUR
487,Gross capital formation (% of GDP),1971,,SVK
488,Gross capital formation (% of GDP),1971,,SVN
489,Gross capital formation (% of GDP),1971,29.8490024540557,SWE
490,Gross capital formation (% of GDP),1971,,SWZ
491,Gross capital formation (% of GDP),1971,,SXM
492,Gross capital formation (% of GDP),1971,,SYC
493,Gross capital formation (% of GDP),1971,,SYR
494,Gross capital formation (% of GDP),1971,,TCA
495,Gross capital formation (% of GDP),1971,15.8907709674102,TCD
496,Gross capital formation (% of GDP),1971,31.9345468095054,East Asia & Pacific (IDA & IBRD countries)
497,Gross capital formation (% of GDP),1971,,Europe & Central Asia (IDA & IBRD countries)
498,Gross capital formation (% of GDP),1971,18.0708180707041,TGO
499,Gross capital formation (% of GDP),1971,24.2086048754609,THA
500,Gross capital formation (% of GDP),1971,,TJK
501,Gross capital formation (% of GDP),1971,,TKM
502,Gross capital formation (% of GDP),1971,22.0021197476725,Latin America & the Caribbean (IDA & IBRD countries)
503,Gross capital formation (% of GDP),1971,,TLS
504,Gross capital formation (% of GDP),1971,20.5021006844685,AFG
505,Gross capital formation (% of GDP),1971,,TON
506,Gross capital formation (% of GDP),1971,18.18986545111,South Asia (IDA & IBRD)
507,Gross capital formation (% of GDP),1971,,Sub-Saharan Africa (IDA & IBRD countries)
508,Gross capital formation (% of GDP),1971,,TTO
509,Gross capital formation (% of GDP),1971,21.5161143894689,TUN
510,Gross capital formation (% of GDP),1971,13.7319587628866,TUR
511,Gross capital formation (% of GDP),1971,,TUV
512,Gross capital formation (% of GDP),1971,,TZA
513,Gross capital formation (% of GDP),1971,16.1019460634199,UGA
514,Gross capital formation (% of GDP),1971,,UKR
515,Gross capital formation (% of GDP),1971,25.3867559367354,Upper middle income
516,Gross capital formation (% of GDP),1971,17.7391554151106,URY
517,Gross capital formation (% of GDP),1971,21.9199038502812,USA
518,Gross capital formation (% of GDP),1971,,UZB
519,Gross capital formation (% of GDP),1971,,VCT
520,Gross capital formation (% of GDP),1971,36.2410528342171,VEN
521,Gross capital formation (% of GDP),1971,,VGB
522,Gross capital formation (% of GDP),1971,,VIR
523,Gross capital formation (% of GDP),1971,,VNM
524,Gross capital formation (% of GDP),1971,,VUT
525,Gross capital formation (% of GDP),1971,26.0549282087328,World
526,Gross capital formation (% of GDP),1971,,WSM
527,Gross capital formation (% of GDP),1971,,XKX
528,Gross capital formation (% of GDP),1971,,YEM
529,Gross capital formation (% of GDP),1971,27.4128045867176,ZAF
530,Gross capital formation (% of GDP),1971,,ZMB
531,Gross capital formation (% of GDP),1971,20.1710888195953,ZWE
532,Gross capital formation (% of GDP),1972,,ABW
533,Gross capital formation (% of GDP),1972,,Africa Eastern and Southern
534,Gross capital formation (% of GDP),1972,,AFG
535,Gross capital formation (% of GDP),1972,,Africa Western and Central
536,Gross capital formation (% of GDP),1972,,AGO
537,Gross capital formation (% of GDP),1972,,ALB
538,Gross capital formation (% of GDP),1972,,AND
539,Gross capital formation (% of GDP),1972,18.2364428747786,Arab World
540,Gross capital formation (% of GDP),1972,,ARE
541,Gross capital formation (% of GDP),1972,23.8915446190398,ARG
542,Gross capital formation (% of GDP),1972,,ARM
543,Gross capital formation (% of GDP),1972,,ASM
544,Gross capital formation (% of GDP),1972,,ATG
545,Gross capital formation (% of GDP),1972,30.4256083325851,AUS
546,Gross capital formation (% of GDP),1972,32.4057741283835,AUT
547,Gross capital formation (% of GDP),1972,,AZE
548,Gross capital formation (% of GDP),1972,3.18169610194764,BDI
549,Gross capital formation (% of GDP),1972,26.5595358095269,BEL
550,Gross capital formation (% of GDP),1972,13.3636368845738,BEN
551,Gross capital formation (% of GDP),1972,17.2774944490496,BFA
552,Gross capital formation (% of GDP),1972,4.69769640474618,BGD
553,Gross capital formation (% of GDP),1972,,BGR
554,Gross capital formation (% of GDP),1972,,BHR
555,Gross capital formation (% of GDP),1972,,BHS
556,Gross capital formation (% of GDP),1972,,BIH
557,Gross capital formation (% of GDP),1972,,BLR
558,Gross capital formation (% of GDP),1972,,BLZ
559,Gross capital formation (% of GDP),1972,,BMU
560,Gross capital formation (% of GDP),1972,20.1375598086124,BOL
561,Gross capital formation (% of GDP),1972,21.2085471898153,BRA
562,Gross capital formation (% of GDP),1972,,BRB
563,Gross capital formation (% of GDP),1972,,BRN
564,Gross capital formation (% of GDP),1972,,BTN
565,Gross capital formation (% of GDP),1972,50.9441384736428,BWA
566,Gross capital formation (% of GDP),1972,18.4335091758965,CAF
567,Gross capital formation (% of GDP),1972,23.1263301089843,CAN
568,Gross capital formation (% of GDP),1972,,Central Europe and the Baltics
569,Gross capital formation (% of GDP),1972,39.9143012915757,CHE
570,Gross capital formation (% of GDP),1972,,Channel Islands
571,Gross capital formation (% of GDP),1972,12.5705941240395,CHL
572,Gross capital formation (% of GDP),1972,31.1982006102093,CHN
573,Gross capital formation (% of GDP),1972,20.8753481714801,CIV
574,Gross capital formation (% of GDP),1972,18.2467810765236,CMR
575,Gross capital formation (% of GDP),1972,,COD
576,Gross capital formation (% of GDP),1972,29.0821303381643,COG
577,Gross capital formation (% of GDP),1972,18.1268260782432,COL
578,Gross capital formation (% of GDP),1972,,COM
579,Gross capital formation (% of GDP),1972,,CPV
580,Gross capital formation (% of GDP),1972,22.0270697923513,CRI
581,Gross capital formation (% of GDP),1972,,Caribbean small states
582,Gross capital formation (% of GDP),1972,25.9345463731111,CUB
583,Gross capital formation (% of GDP),1972,,CUW
584,Gross capital formation (% of GDP),1972,,CYM
585,Gross capital formation (% of GDP),1972,,CYP
586,Gross capital formation (% of GDP),1972,,CZE
587,Gross capital formation (% of GDP),1972,31.1280852111878,DEU
588,Gross capital formation (% of GDP),1972,,DJI
589,Gross capital formation (% of GDP),1972,,DMA
590,Gross capital formation (% of GDP),1972,26.7081032129474,DNK
591,Gross capital formation (% of GDP),1972,19.7081614169266,DOM
592,Gross capital formation (% of GDP),1972,34.3024894195121,DZA
593,Gross capital formation (% of GDP),1972,30.0195502151189,East Asia & Pacific (
594,Gross capital formation (% of GDP),1972,21.8322366109221,Early-demographic dividend
595,Gross capital formation (% of GDP),1972,34.5866682317513,East Asia & Pacific
596,Gross capital formation (% of GDP),1972,,Europe & Central Asia (
597,Gross capital formation (% of GDP),1972,28.0785422586164,Europe & Central Asia
598,Gross capital formation (% of GDP),1972,19.1502797962606,ECU
599,Gross capital formation (% of GDP),1972,11.2535097717606,EGY
600,Gross capital formation (% of GDP),1972,28.3370066807688,Euro area
601,Gross capital formation (% of GDP),1972,,ERI
602,Gross capital formation (% of GDP),1972,27.3126692246546,ESP
603,Gross capital formation (% of GDP),1972,,EST
604,Gross capital formation (% of GDP),1972,,ETH
605,Gross capital formation (% of GDP),1972,28.3952066940603,European Union
606,Gross capital formation (% of GDP),1972,,Fragile and conflict affected situations
607,Gross capital formation (% of GDP),1972,29.4133687529503,FIN
608,Gross capital formation (% of GDP),1972,,FJI
609,Gross capital formation (% of GDP),1972,28.1910937956303,FRA
610,Gross capital formation (% of GDP),1972,,FRO
611,Gross capital formation (% of GDP),1972,,FSM
612,Gross capital formation (% of GDP),1972,48.110599078341,GAB
613,Gross capital formation (% of GDP),1972,23.2018073882505,GBR
614,Gross capital formation (% of GDP),1972,,GEO
615,Gross capital formation (% of GDP),1972,7.10479573712256,GHA
616,Gross capital formation (% of GDP),1972,,GIB
617,Gross capital formation (% of GDP),1972,,GIN
618,Gross capital formation (% of GDP),1972,7.22660472972973,GMB
619,Gross capital formation (% of GDP),1972,22.7521253803918,GNB
620,Gross capital formation (% of GDP),1972,,GNQ
621,Gross capital formation (% of GDP),1972,38.531098277573,GRC
622,Gross capital formation (% of GDP),1972,,GRD
623,Gross capital formation (% of GDP),1972,,GRL
624,Gross capital formation (% of GDP),1972,12.125826869081,GTM
625,Gross capital formation (% of GDP),1972,,GUM
626,Gross capital formation (% of GDP),1972,19.8398131153012,GUY
627,Gross capital formation (% of GDP),1972,26.7455369438736,High income
628,Gross capital formation (% of GDP),1972,23.4191165057585,HKG
629,Gross capital formation (% of GDP),1972,15.9402251519443,HND
630,Gross capital formation (% of GDP),1972,,Heavily indebted poor countries (HIPC)
631,Gross capital formation (% of GDP),1972,,HRV
632,Gross capital formation (% of GDP),1972,,HTI
633,Gross capital formation (% of GDP),1972,,HUN
634,Gross capital formation (% of GDP),1972,24.1557092933928,IBRD only
635,Gross capital formation (% of GDP),1972,22.9239910481729,IDA & IBRD total
636,Gross capital formation (% of GDP),1972,,IDA total
637,Gross capital formation (% of GDP),1972,,IDA blend
638,Gross capital formation (% of GDP),1972,18.7773882559159,IDN
639,Gross capital formation (% of GDP),1972,,IDA only
640,Gross capital formation (% of GDP),1972,,IMN
641,Gross capital formation (% of GDP),1972,19.5484319396904,IND
642,Gross capital formation (% of GDP),1972,,Not classified
643,Gross capital formation (% of GDP),1972,24.5850847824882,IRL
644,Gross capital formation (% of GDP),1972,40.1056276746668,IRN
645,Gross capital formation (% of GDP),1972,19.9561883899233,IRQ
646,Gross capital formation (% of GDP),1972,31.6968412189287,ISL
647,Gross capital formation (% of GDP),1972,35.7005091724869,ISR
648,Gross capital formation (% of GDP),1972,23.5488139464692,ITA
649,Gross capital formation (% of GDP),1972,27.3365297755542,JAM
650,Gross capital formation (% of GDP),1972,,JOR
651,Gross capital formation (% of GDP),1972,38.772457794032,JPN
652,Gross capital formation (% of GDP),1972,,KAZ
653,Gross capital formation (% of GDP),1972,22.3173000265745,KEN
654,Gross capital formation (% of GDP),1972,,KGZ
655,Gross capital formation (% of GDP),1972,,KHM
656,Gross capital formation (% of GDP),1972,,KIR
657,Gross capital formation (% of GDP),1972,,KNA
658,Gross capital formation (% of GDP),1972,21.4799540736228,KOR
659,Gross capital formation (% of GDP),1972,9.30327868852459,KWT
660,Gross capital formation (% of GDP),1972,21.0996181629537,Latin America & Caribbean (
661,Gross capital formation (% of GDP),1972,,LAO
662,Gross capital formation (% of GDP),1972,,LBN
663,Gross capital formation (% of GDP),1972,,LBR
664,Gross capital formation (% of GDP),1972,,LBY
665,Gross capital formation (% of GDP),1972,,LCA
666,Gross capital formation (% of GDP),1972,21.986165750841,Latin America & Caribbean
667,Gross capital formation (% of GDP),1972,,Least developed countries: UN classification
668,Gross capital formation (% of GDP),1972,,Low income
669,Gross capital formation (% of GDP),1972,,LIE
670,Gross capital formation (% of GDP),1972,17.301764281498,LKA
671,Gross capital formation (% of GDP),1972,18.6930669115239,Lower middle income
672,Gross capital formation (% of GDP),1972,22.296367751781,Low & middle income
673,Gross capital formation (% of GDP),1972,11.2540192926045,LSO
674,Gross capital formation (% of GDP),1972,25.9158058165315,Late-demographic dividend
675,Gross capital formation (% of GDP),1972,,LTU
676,Gross capital formation (% of GDP),1972,24.2877150301069,LUX
677,Gross capital formation (% of GDP),1972,,LVA
678,Gross capital formation (% of GDP),1972,,MAC
679,Gross capital formation (% of GDP),1972,,MAF
680,Gross capital formation (% of GDP),1972,15.2795031055901,MAR
681,Gross capital formation (% of GDP),1972,,MCO
682,Gross capital formation (% of GDP),1972,,MDA
683,Gross capital formation (% of GDP),1972,8.81975924121034,MDG
684,Gross capital formation (% of GDP),1972,,MDV
685,Gross capital formation (% of GDP),1972,25.0845569847788,AFG
686,Gross capital formation (% of GDP),1972,20.3132389380531,MEX
687,Gross capital formation (% of GDP),1972,,MHL
688,Gross capital formation (% of GDP),1972,22.8794200714439,Middle income
689,Gross capital formation (% of GDP),1972,,MKD
690,Gross capital formation (% of GDP),1972,17.0861291683679,MLI
691,Gross capital formation (% of GDP),1972,22.8899154445025,MLT
692,Gross capital formation (% of GDP),1972,,MMR
693,Gross capital formation (% of GDP),1972,22.4031392934435,AFG
694,Gross capital formation (% of GDP),1972,,MNE
695,Gross capital formation (% of GDP),1972,,MNG
696,Gross capital formation (% of GDP),1972,,MNP
697,Gross capital formation (% of GDP),1972,,MOZ
698,Gross capital formation (% of GDP),1972,15.416689285216,MRT
699,Gross capital formation (% of GDP),1972,,MUS
700,Gross capital formation (% of GDP),1972,,MWI
701,Gross capital formation (% of GDP),1972,21.5260196905767,MYS
702,Gross capital formation (% of GDP),1972,22.6274703216839,North America
703,Gross capital formation (% of GDP),1972,,NAM
704,Gross capital formation (% of GDP),1972,,NCL
705,Gross capital formation (% of GDP),1972,11.0692783266415,NER
706,Gross capital formation (% of GDP),1972,,NGA
707,Gross capital formation (% of GDP),1972,12.8480828408694,NIC
708,Gross capital formation (% of GDP),1972,25.3681273293329,NLD
709,Gross capital formation (% of GDP),1972,31.1519560693237,NOR
710,Gross capital formation (% of GDP),1972,7.32953969217708,NPL
711,Gross capital formation (% of GDP),1972,,NRU
712,Gross capital formation (% of GDP),1972,23.9075203252033,NZL
713,Gross capital formation (% of GDP),1972,26.4553052298596,OECD members
714,Gross capital formation (% of GDP),1972,29.8295454545455,OMN
715,Gross capital formation (% of GDP),1972,,Other small states
716,Gross capital formation (% of GDP),1972,14.0160591151025,PAK
717,Gross capital formation (% of GDP),1972,39.3582583413275,PAN
718,Gross capital formation (% of GDP),1972,16.7925884871679,PER
719,Gross capital formation (% of GDP),1972,,PHL
720,Gross capital formation (% of GDP),1972,,PLW
721,Gross capital formation (% of GDP),1972,27.8343443735927,PNG
722,Gross capital formation (% of GDP),1972,,POL
723,Gross capital formation (% of GDP),1972,,Pre-demographic dividend
724,Gross capital formation (% of GDP),1972,29.9767732149347,PRI
725,Gross capital formation (% of GDP),1972,,PRK
726,Gross capital formation (% of GDP),1972,28.7381847658257,PRT
727,Gross capital formation (% of GDP),1972,15.0569149320426,PRY
728,Gross capital formation (% of GDP),1972,,PSE
729,Gross capital formation (% of GDP),1972,,Pacific island small states
730,Gross capital formation (% of GDP),1972,26.6241688770991,Post-demographic dividend
731,Gross capital formation (% of GDP),1972,,PYF
732,Gross capital formation (% of GDP),1972,,QAT
733,Gross capital formation (% of GDP),1972,,ROU
734,Gross capital formation (% of GDP),1972,,RUS
735,Gross capital formation (% of GDP),1972,9.5594712620078,RWA
736,Gross capital formation (% of GDP),1972,18.5706407135426,South Asia
737,Gross capital formation (% of GDP),1972,20.1592770121829,SAU
738,Gross capital formation (% of GDP),1972,,SDN
739,Gross capital formation (% of GDP),1972,10.3356143344955,SEN
740,Gross capital formation (% of GDP),1972,40.8645796947834,SGP
741,Gross capital formation (% of GDP),1972,,SLB
742,Gross capital formation (% of GDP),1972,,SLE
743,Gross capital formation (% of GDP),1972,14.1645301174311,SLV
744,Gross capital formation (% of GDP),1972,,SMR
745,Gross capital formation (% of GDP),1972,12.6348040219783,SOM
746,Gross capital formation (% of GDP),1972,,SRB
747,Gross capital formation (% of GDP),1972,,Sub-Saharan Africa (
748,Gross capital formation (% of GDP),1972,,SSD
749,Gross capital formation (% of GDP),1972,,Sub-Saharan Africa
750,Gross capital formation (% of GDP),1972,,Small states
751,Gross capital formation (% of GDP),1972,,STP
752,Gross capital formation (% of GDP),1972,,SUR
753,Gross capital formation (% of GDP),1972,,SVK
754,Gross capital formation (% of GDP),1972,,SVN
755,Gross capital formation (% of GDP),1972,28.7881554285659,SWE
756,Gross capital formation (% of GDP),1972,,SWZ
757,Gross capital formation (% of GDP),1972,,SXM
758,Gross capital formation (% of GDP),1972,,SYC
759,Gross capital formation (% of GDP),1972,,SYR
760,Gross capital formation (% of GDP),1972,,TCA
761,Gross capital formation (% of GDP),1972,14.7506385071844,TCD
762,Gross capital formation (% of GDP),1972,30.015824878545,East Asia & Pacific (IDA & IBRD countries)
763,Gross capital formation (% of GDP),1972,,Europe & Central Asia (IDA & IBRD countries)
764,Gross capital formation (% of GDP),1972,20.0913242009629,TGO
765,Gross capital formation (% of GDP),1972,21.6766609534371,THA
766,Gross capital formation (% of GDP),1972,,TJK
767,Gross capital formation (% of GDP),1972,,TKM
768,Gross capital formation (% of GDP),1972,21.6164901542167,Latin America & the Caribbean (IDA & IBRD countries)
769,Gross capital formation (% of GDP),1972,,TLS
770,Gross capital formation (% of GDP),1972,22.252571295144,AFG
771,Gross capital formation (% of GDP),1972,,TON
772,Gross capital formation (% of GDP),1972,18.5706407135426,South Asia (IDA & IBRD)
773,Gross capital formation (% of GDP),1972,,Sub-Saharan Africa (IDA & IBRD countries)
774,Gross capital formation (% of GDP),1972,,TTO
775,Gross capital formation (% of GDP),1972,22.7166276346604,TUN
776,Gross capital formation (% of GDP),1972,16.8107921134556,TUR
777,Gross capital formation (% of GDP),1972,,TUV
778,Gross capital formation (% of GDP),1972,,TZA
779,Gross capital formation (% of GDP),1972,11.6431924882629,UGA
780,Gross capital formation (% of GDP),1972,,UKR
781,Gross capital formation (% of GDP),1972,24.7491181186867,Upper middle income
782,Gross capital formation (% of GDP),1972,17.1571158148339,URY
783,Gross capital formation (% of GDP),1972,22.5807006434161,USA
784,Gross capital formation (% of GDP),1972,,UZB
785,Gross capital formation (% of GDP),1972,,VCT
786,Gross capital formation (% of GDP),1972,37.7621865955579,VEN
787,Gross capital formation (% of GDP),1972,,VGB
788,Gross capital formation (% of GDP),1972,,VIR
789,Gross capital formation (% of GDP),1972,,VNM
790,Gross capital formation (% of GDP),1972,,VUT
791,Gross capital formation (% of GDP),1972,26.2384951571889,World
792,Gross capital formation (% of GDP),1972,,WSM
793,Gross capital formation (% of GDP),1972,,XKX
794,Gross capital formation (% of GDP),1972,,YEM
795,Gross capital formation (% of GDP),1972,23.6548869786692,ZAF
796,Gross capital formation (% of GDP),1972,,ZMB
797,Gross capital formation (% of GDP),1972,23.7047141507277,ZWE
798,Gross capital formation (% of GDP),1973,,ABW
799,Gross capital formation (% of GDP),1973,,Africa Eastern and Southern
800,Gross capital formation (% of GDP),1973,,AFG
801,Gross capital formation (% of GDP),1973,,Africa Western and Central
802,Gross capital formation (% of GDP),1973,,AGO
803,Gross capital formation (% of GDP),1973,,ALB
804,Gross capital formation (% of GDP),1973,,AND
805,Gross capital formation (% of GDP),1973,10.9576841082906,Arab World
806,Gross capital formation (% of GDP),1973,,ARE
807,Gross capital formation (% of GDP),1973,20.8938115320811,ARG
808,Gross capital formation (% of GDP),1973,,ARM
809,Gross capital formation (% of GDP),1973,,ASM
810,Gross capital formation (% of GDP),1973,,ATG
811,Gross capital formation (% of GDP),1973,28.3870579262173,AUS
812,Gross capital formation (% of GDP),1973,32.6547440551864,AUT
813,Gross capital formation (% of GDP),1973,,AZE
814,Gross capital formation (% of GDP),1973,5.3118238069234,BDI
815,Gross capital formation (% of GDP),1973,27.5935750442645,BEL
816,Gross capital formation (% of GDP),1973,13.0759687590775,BEN
817,Gross capital formation (% of GDP),1973,20.631068926715,BFA
818,Gross capital formation (% of GDP),1973,8.71200689758102,BGD
819,Gross capital formation (% of GDP),1973,,BGR
820,Gross capital formation (% of GDP),1973,,BHR
821,Gross capital formation (% of GDP),1973,,BHS
822,Gross capital formation (% of GDP),1973,,BIH
823,Gross capital formation (% of GDP),1973,,BLR
824,Gross capital formation (% of GDP),1973,,BLZ
825,Gross capital formation (% of GDP),1973,,BMU
826,Gross capital formation (% of GDP),1973,20.4178537511871,BOL
827,Gross capital formation (% of GDP),1973,22.0447346391829,BRA
828,Gross capital formation (% of GDP),1973,,BRB
829,Gross capital formation (% of GDP),1973,,BRN
830,Gross capital formation (% of GDP),1973,,BTN
831,Gross capital formation (% of GDP),1973,50.8999704927707,BWA
832,Gross capital formation (% of GDP),1973,20.845819730692,CAF
833,Gross capital formation (% of GDP),1973,24.3273663064838,CAN
834,Gross capital formation (% of GDP),1973,,Central Europe and the Baltics
835,Gross capital formation (% of GDP),1973,39.3367520351577,CHE
836,Gross capital formation (% of GDP),1973,,Channel Islands
837,Gross capital formation (% of GDP),1973,8.34980740566951,CHL
838,Gross capital formation (% of GDP),1973,32.9034962037238,CHN
839,Gross capital formation (% of GDP),1973,23.1801100638271,CIV
840,Gross capital formation (% of GDP),1973,19.8914569735473,CMR
841,Gross capital formation (% of GDP),1973,,COD
842,Gross capital formation (% of GDP),1973,31.9536487582781,COG
843,Gross capital formation (% of GDP),1973,18.2698634643856,COL
844,Gross capital formation (% of GDP),1973,,COM
845,Gross capital formation (% of GDP),1973,,CPV
846,Gross capital formation (% of GDP),1973,23.9933477919256,CRI
847,Gross capital formation (% of GDP),1973,,Caribbean small states
848,Gross capital formation (% of GDP),1973,25.9162428013305,CUB
849,Gross capital formation (% of GDP),1973,,CUW
850,Gross capital formation (% of GDP),1973,,CYM
851,Gross capital formation (% of GDP),1973,,CYP
852,Gross capital formation (% of GDP),1973,,CZE
853,Gross capital formation (% of GDP),1973,29.7922667513098,DEU
854,Gross capital formation (% of GDP),1973,,DJI
855,Gross capital formation (% of GDP),1973,,DMA
856,Gross capital formation (% of GDP),1973,27.5421286673335,DNK
857,Gross capital formation (% of GDP),1973,22.0970658478335,DOM
858,Gross capital formation (% of GDP),1973,40.2841949679221,DZA
859,Gross capital formation (% of GDP),1973,31.3852893037822,East Asia & Pacific (
860,Gross capital formation (% of GDP),1973,20.6221059360113,Early-demographic dividend
861,Gross capital formation (% of GDP),1973,36.7711187926134,East Asia & Pacific
862,Gross capital formation (% of GDP),1973,,Europe & Central Asia (
863,Gross capital formation (% of GDP),1973,29.1719409941665,Europe & Central Asia
864,Gross capital formation (% of GDP),1973,16.1797634380407,ECU
865,Gross capital formation (% of GDP),1973,13.1973980485364,EGY
866,Gross capital formation (% of GDP),1973,28.9996429824498,Euro area
867,Gross capital formation (% of GDP),1973,,ERI
868,Gross capital formation (% of GDP),1973,28.698580237836,ESP
869,Gross capital formation (% of GDP),1973,,EST
870,Gross capital formation (% of GDP),1973,,ETH
871,Gross capital formation (% of GDP),1973,28.9914060290962,European Union
872,Gross capital formation (% of GDP),1973,,Fragile and conflict affected situations
873,Gross capital formation (% of GDP),1973,30.8945675388541,FIN
874,Gross capital formation (% of GDP),1973,,FJI
875,Gross capital formation (% of GDP),1973,28.9430666192398,FRA
876,Gross capital formation (% of GDP),1973,,FRO
877,Gross capital formation (% of GDP),1973,,FSM
878,Gross capital formation (% of GDP),1973,37.5543140906269,GAB
879,Gross capital formation (% of GDP),1973,27.2110542789526,GBR
880,Gross capital formation (% of GDP),1973,,GEO
881,Gross capital formation (% of GDP),1973,9.02599257355041,GHA
882,Gross capital formation (% of GDP),1973,,GIB
883,Gross capital formation (% of GDP),1973,,GIN
884,Gross capital formation (% of GDP),1973,8.12,GMB
885,Gross capital formation (% of GDP),1973,20.8898783455442,GNB
886,Gross capital formation (% of GDP),1973,,GNQ
887,Gross capital formation (% of GDP),1973,44.5641474723201,GRC
888,Gross capital formation (% of GDP),1973,,GRD
889,Gross capital formation (% of GDP),1973,,GRL
890,Gross capital formation (% of GDP),1973,13.6851933019931,GTM
891,Gross capital formation (% of GDP),1973,,GUM
892,Gross capital formation (% of GDP),1973,27.2177419354839,GUY
893,Gross capital formation (% of GDP),1973,28.0214276251689,High income
894,Gross capital formation (% of GDP),1973,22.8833450286737,HKG
895,Gross capital formation (% of GDP),1973,19.0684941955339,HND
896,Gross capital formation (% of GDP),1973,,Heavily indebted poor countries (HIPC)
897,Gross capital formation (% of GDP),1973,,HRV
898,Gross capital formation (% of GDP),1973,,HTI
899,Gross capital formation (% of GDP),1973,,HUN
900,Gross capital formation (% of GDP),1973,24.4642645018756,IBRD only
901,Gross capital formation (% of GDP),1973,23.4362053093591,IDA & IBRD total
902,Gross capital formation (% of GDP),1973,,IDA total
903,Gross capital formation (% of GDP),1973,,IDA blend
904,Gross capital formation (% of GDP),1973,17.8872864038855,IDN
905,Gross capital formation (% of GDP),1973,,IDA only
906,Gross capital formation (% of GDP),1973,,IMN
907,Gross capital formation (% of GDP),1973,18.7007586479695,IND
908,Gross capital formation (% of GDP),1973,,Not classified
909,Gross capital formation (% of GDP),1973,26.3242322614721,IRL
910,Gross capital formation (% of GDP),1973,35.073059946591,IRN
911,Gross capital formation (% of GDP),1973,23.0774176954733,IRQ
912,Gross capital formation (% of GDP),1973,36.0372014527673,ISL
913,Gross capital formation (% of GDP),1973,36.6727390650358,ISR
914,Gross capital formation (% of GDP),1973,27.0639960069819,ITA
915,Gross capital formation (% of GDP),1973,31.5018315018315,JAM
916,Gross capital formation (% of GDP),1973,,JOR
917,Gross capital formation (% of GDP),1973,41.5468065579362,JPN
918,Gross capital formation (% of GDP),1973,,KAZ
919,Gross capital formation (% of GDP),1973,25.811225663213,KEN
920,Gross capital formation (% of GDP),1973,,KGZ
921,Gross capital formation (% of GDP),1973,,KHM
922,Gross capital formation (% of GDP),1973,,KIR
923,Gross capital formation (% of GDP),1973,,KNA
924,Gross capital formation (% of GDP),1973,26.010891393628,KOR
925,Gross capital formation (% of GDP),1973,9.51312262327785,KWT
926,Gross capital formation (% of GDP),1973,21.5161430316083,Latin America & Caribbean (
927,Gross capital formation (% of GDP),1973,,LAO
928,Gross capital formation (% of GDP),1973,,LBN
929,Gross capital formation (% of GDP),1973,,LBR
930,Gross capital formation (% of GDP),1973,,LBY
931,Gross capital formation (% of GDP),1973,,LCA
932,Gross capital formation (% of GDP),1973,21.9157031495784,Latin America & Caribbean
933,Gross capital formation (% of GDP),1973,,Least developed countries: UN classification
934,Gross capital formation (% of GDP),1973,,Low income
935,Gross capital formation (% of GDP),1973,,LIE
936,Gross capital formation (% of GDP),1973,13.7361443164529,LKA
937,Gross capital formation (% of GDP),1973,18.4623344343476,Lower middle income
938,Gross capital formation (% of GDP),1973,22.9097515426623,Low & middle income
939,Gross capital formation (% of GDP),1973,14.268727705113,LSO
940,Gross capital formation (% of GDP),1973,26.5998287203903,Late-demographic dividend
941,Gross capital formation (% of GDP),1973,,LTU
942,Gross capital formation (% of GDP),1973,23.0610605227822,LUX
943,Gross capital formation (% of GDP),1973,,LVA
944,Gross capital formation (% of GDP),1973,,MAC
945,Gross capital formation (% of GDP),1973,,MAF
946,Gross capital formation (% of GDP),1973,16.8630051490092,MAR
947,Gross capital formation (% of GDP),1973,,MCO
948,Gross capital formation (% of GDP),1973,,MDA
949,Gross capital formation (% of GDP),1973,9.09738352810989,MDG
950,Gross capital formation (% of GDP),1973,,MDV
951,Gross capital formation (% of GDP),1973,20.8035073142205,AFG
952,Gross capital formation (% of GDP),1973,21.3820984081042,MEX
953,Gross capital formation (% of GDP),1973,,MHL
954,Gross capital formation (% of GDP),1973,23.4715567555055,Middle income
955,Gross capital formation (% of GDP),1973,,MKD
956,Gross capital formation (% of GDP),1973,16.8868740463655,MLI
957,Gross capital formation (% of GDP),1973,20.2751571453255,MLT
958,Gross capital formation (% of GDP),1973,,MMR
959,Gross capital formation (% of GDP),1973,23.8698915117454,AFG
960,Gross capital formation (% of GDP),1973,,MNE
961,Gross capital formation (% of GDP),1973,,MNG
962,Gross capital formation (% of GDP),1973,,MNP
963,Gross capital formation (% of GDP),1973,,MOZ
964,Gross capital formation (% of GDP),1973,4.38030670634307,MRT
965,Gross capital formation (% of GDP),1973,,MUS
966,Gross capital formation (% of GDP),1973,,MWI
967,Gross capital formation (% of GDP),1973,23.6393740319393,MYS
968,Gross capital formation (% of GDP),1973,23.418351513805,North America
969,Gross capital formation (% of GDP),1973,,NAM
970,Gross capital formation (% of GDP),1973,,NCL
971,Gross capital formation (% of GDP),1973,14.9372567741478,NER
972,Gross capital formation (% of GDP),1973,,NGA
973,Gross capital formation (% of GDP),1973,23.9817105264083,NIC
974,Gross capital formation (% of GDP),1973,25.3834397628605,NLD
975,Gross capital formation (% of GDP),1973,33.2006957699649,NOR
976,Gross capital formation (% of GDP),1973,9.17845283665552,NPL
977,Gross capital formation (% of GDP),1973,,NRU
978,Gross capital formation (% of GDP),1973,27.2144332137811,NZL
979,Gross capital formation (% of GDP),1973,27.8652158288568,OECD members
980,Gross capital formation (% of GDP),1973,26.2101534828808,OMN
981,Gross capital formation (% of GDP),1973,,Other small states
982,Gross capital formation (% of GDP),1973,12.8118888164523,PAK
983,Gross capital formation (% of GDP),1973,41.5284586100046,PAN
984,Gross capital formation (% of GDP),1973,22.4945051561719,PER
985,Gross capital formation (% of GDP),1973,,PHL
986,Gross capital formation (% of GDP),1973,,PLW
987,Gross capital formation (% of GDP),1973,15.4804854050508,PNG
988,Gross capital formation (% of GDP),1973,,POL
989,Gross capital formation (% of GDP),1973,,Pre-demographic dividend
990,Gross capital formation (% of GDP),1973,25.6026505198218,PRI
991,Gross capital formation (% of GDP),1973,,PRK
992,Gross capital formation (% of GDP),1973,31.2646024872452,PRT
993,Gross capital formation (% of GDP),1973,19.0230952589746,PRY
994,Gross capital formation (% of GDP),1973,,PSE
995,Gross capital formation (% of GDP),1973,,Pacific island small states
996,Gross capital formation (% of GDP),1973,28.0864527896536,Post-demographic dividend
997,Gross capital formation (% of GDP),1973,,PYF
998,Gross capital formation (% of GDP),1973,,QAT
999,Gross capital formation (% of GDP),1973,,ROU
1000,Gross capital formation (% of GDP),1973,,RUS
1001,Gross capital formation (% of GDP),1973,9.42622989451762,RWA
1002,Gross capital formation (% of GDP),1973,18.0141928352959,South Asia
1003,Gross capital formation (% of GDP),1973,-13.4051693018555,SAU
1004,Gross capital formation (% of GDP),1973,,SDN
1005,Gross capital formation (% of GDP),1973,10.7444754665048,SEN
1006,Gross capital formation (% of GDP),1973,38.9126168763708,SGP
1007,Gross capital formation (% of GDP),1973,,SLB
1008,Gross capital formation (% of GDP),1973,,SLE
1009,Gross capital formation (% of GDP),1973,18.2788840201897,SLV
1010,Gross capital formation (% of GDP),1973,,SMR
1011,Gross capital formation (% of GDP),1973,15.0410102412963,SOM
1012,Gross capital formation (% of GDP),1973,,SRB
1013,Gross capital formation (% of GDP),1973,,Sub-Saharan Africa (
1014,Gross capital formation (% of GDP),1973,,SSD
1015,Gross capital formation (% of GDP),1973,,Sub-Saharan Africa
1016,Gross capital formation (% of GDP),1973,,Small states
1017,Gross capital formation (% of GDP),1973,,STP
1018,Gross capital formation (% of GDP),1973,,SUR
1019,Gross capital formation (% of GDP),1973,,SVK
1020,Gross capital formation (% of GDP),1973,,SVN
1021,Gross capital formation (% of GDP),1973,27.7977370081573,SWE
1022,Gross capital formation (% of GDP),1973,,SWZ
1023,Gross capital formation (% of GDP),1973,,SXM
1024,Gross capital formation (% of GDP),1973,,SYC
1025,Gross capital formation (% of GDP),1973,,SYR
1026,Gross capital formation (% of GDP),1973,,TCA
1027,Gross capital formation (% of GDP),1973,15.2303365893454,TCD
1028,Gross capital formation (% of GDP),1973,31.3819014253889,East Asia & Pacific (IDA & IBRD countries)
1029,Gross capital formation (% of GDP),1973,,Europe & Central Asia (IDA & IBRD countries)
1030,Gross capital formation (% of GDP),1973,21.6814159290237,TGO
1031,Gross capital formation (% of GDP),1973,26.9959481723846,THA
1032,Gross capital formation (% of GDP),1973,,TJK
1033,Gross capital formation (% of GDP),1973,,TKM
1034,Gross capital formation (% of GDP),1973,21.7044196391737,Latin America & the Caribbean (IDA & IBRD countries)
1035,Gross capital formation (% of GDP),1973,,TLS
1036,Gross capital formation (% of GDP),1973,23.709465700993,AFG
1037,Gross capital formation (% of GDP),1973,,TON
1038,Gross capital formation (% of GDP),1973,18.0141928352958,South Asia (IDA & IBRD)
1039,Gross capital formation (% of GDP),1973,,Sub-Saharan Africa (IDA & IBRD countries)
1040,Gross capital formation (% of GDP),1973,,TTO
1041,Gross capital formation (% of GDP),1973,21.2802918440024,TUN
1042,Gross capital formation (% of GDP),1973,15.467032967033,TUR
1043,Gross capital formation (% of GDP),1973,,TUV
1044,Gross capital formation (% of GDP),1973,,TZA
1045,Gross capital formation (% of GDP),1973,8.71997367555117,UGA
1046,Gross capital formation (% of GDP),1973,,UKR
1047,Gross capital formation (% of GDP),1973,25.2293607798216,Upper middle income
1048,Gross capital formation (% of GDP),1973,34.1082989994114,URY
1049,Gross capital formation (% of GDP),1973,23.3318085894529,USA
1050,Gross capital formation (% of GDP),1973,,UZB
1051,Gross capital formation (% of GDP),1973,,VCT
1052,Gross capital formation (% of GDP),1973,35.4033281913369,VEN
1053,Gross capital formation (% of GDP),1973,,VGB
1054,Gross capital formation (% of GDP),1973,,VIR
1055,Gross capital formation (% of GDP),1973,,VNM
1056,Gross capital formation (% of GDP),1973,,VUT
1057,Gross capital formation (% of GDP),1973,27.3639701104441,World
1058,Gross capital formation (% of GDP),1973,,WSM
1059,Gross capital formation (% of GDP),1973,,XKX
1060,Gross capital formation (% of GDP),1973,,YEM
1061,Gross capital formation (% of GDP),1973,24.0003465754018,ZAF
1062,Gross capital formation (% of GDP),1973,,ZMB
1063,Gross capital formation (% of GDP),1973,22.8755367815636,ZWE
1064,Gross capital formation (% of GDP),1974,,ABW
1065,Gross capital formation (% of GDP),1974,,Africa Eastern and Southern
1066,Gross capital formation (% of GDP),1974,,AFG
1067,Gross capital formation (% of GDP),1974,,Africa Western and Central
1068,Gross capital formation (% of GDP),1974,,AGO
1069,Gross capital formation (% of GDP),1974,,ALB
1070,Gross capital formation (% of GDP),1974,,AND
1071,Gross capital formation (% of GDP),1974,25.2588590859871,Arab World
1072,Gross capital formation (% of GDP),1974,,ARE
1073,Gross capital formation (% of GDP),1974,22.2603317856376,ARG
1074,Gross capital formation (% of GDP),1974,,ARM
1075,Gross capital formation (% of GDP),1974,,ASM
1076,Gross capital formation (% of GDP),1974,,ATG
1077,Gross capital formation (% of GDP),1974,30.568394546328,AUS
1078,Gross capital formation (% of GDP),1974,32.9382030442151,AUT
1079,Gross capital formation (% of GDP),1974,,AZE
1080,Gross capital formation (% of GDP),1974,4.0522996009489,BDI
1081,Gross capital formation (% of GDP),1974,30.2930162049949,BEL
1082,Gross capital formation (% of GDP),1974,18.2311159102171,BEN
1083,Gross capital formation (% of GDP),1974,25.5231718077638,BFA
1084,Gross capital formation (% of GDP),1974,7.37485722304406,BGD
1085,Gross capital formation (% of GDP),1974,,BGR
1086,Gross capital formation (% of GDP),1974,,BHR
1087,Gross capital formation (% of GDP),1974,,BHS
1088,Gross capital formation (% of GDP),1974,,BIH
1089,Gross capital formation (% of GDP),1974,,BLR
1090,Gross capital formation (% of GDP),1974,,BLZ
1091,Gross capital formation (% of GDP),1974,,BMU
1092,Gross capital formation (% of GDP),1974,14.5814495788322,BOL
1093,Gross capital formation (% of GDP),1974,24.3114640242604,BRA
1094,Gross capital formation (% of GDP),1974,,BRB
1095,Gross capital formation (% of GDP),1974,,BRN
1096,Gross capital formation (% of GDP),1974,,BTN
1097,Gross capital formation (% of GDP),1974,47.8720846357297,BWA
1098,Gross capital formation (% of GDP),1974,15.5018227040011,CAF
1099,Gross capital formation (% of GDP),1974,25.8512406581645,CAN
1100,Gross capital formation (% of GDP),1974,,Central Europe and the Baltics
1101,Gross capital formation (% of GDP),1974,39.2360296809321,CHE
1102,Gross capital formation (% of GDP),1974,,Channel Islands
1103,Gross capital formation (% of GDP),1974,21.6525191776714,CHL
1104,Gross capital formation (% of GDP),1974,33.1534340901066,CHN
1105,Gross capital formation (% of GDP),1974,22.0162385649865,CIV
1106,Gross capital formation (% of GDP),1974,17.0806863264918,CMR
1107,Gross capital formation (% of GDP),1974,,COD
1108,Gross capital formation (% of GDP),1974,35.0603277501774,COG
1109,Gross capital formation (% of GDP),1974,21.4557794431485,COL
1110,Gross capital formation (% of GDP),1974,,COM
1111,Gross capital formation (% of GDP),1974,,CPV
1112,Gross capital formation (% of GDP),1974,26.7386519574344,CRI
1113,Gross capital formation (% of GDP),1974,,Caribbean small states
1114,Gross capital formation (% of GDP),1974,25.8920087224423,CUB
1115,Gross capital formation (% of GDP),1974,,CUW
1116,Gross capital formation (% of GDP),1974,,CYM
1117,Gross capital formation (% of GDP),1974,,CYP
1118,Gross capital formation (% of GDP),1974,,CZE
1119,Gross capital formation (% of GDP),1974,26.9195238369104,DEU
1120,Gross capital formation (% of GDP),1974,,DJI
1121,Gross capital formation (% of GDP),1974,,DMA
1122,Gross capital formation (% of GDP),1974,26.9472196406025,DNK
1123,Gross capital formation (% of GDP),1974,23.3471306012236,DOM
1124,Gross capital formation (% of GDP),1974,40.016534397594,DZA
1125,Gross capital formation (% of GDP),1974,30.447146757144,East Asia & Pacific (
1126,Gross capital formation (% of GDP),1974,24.0804285287738,Early-demographic dividend
1127,Gross capital formation (% of GDP),1974,36.4516862439792,East Asia & Pacific
1128,Gross capital formation (% of GDP),1974,,Europe & Central Asia (
1129,Gross capital formation (% of GDP),1974,29.3925531538376,Europe & Central Asia
1130,Gross capital formation (% of GDP),1974,21.4106344116277,ECU
1131,Gross capital formation (% of GDP),1974,18.8883135595128,EGY
1132,Gross capital formation (% of GDP),1974,28.9656681150423,Euro area
1133,Gross capital formation (% of GDP),1974,,ERI
1134,Gross capital formation (% of GDP),1974,31.8459100446494,ESP
1135,Gross capital formation (% of GDP),1974,,EST
1136,Gross capital formation (% of GDP),1974,,ETH
1137,Gross capital formation (% of GDP),1974,29.0847529723555,European Union
1138,Gross capital formation (% of GDP),1974,,Fragile and conflict affected situations
1139,Gross capital formation (% of GDP),1974,37.0262372556363,FIN
1140,Gross capital formation (% of GDP),1974,,FJI
1141,Gross capital formation (% of GDP),1974,29.9813224437842,FRA
1142,Gross capital formation (% of GDP),1974,,FRO
1143,Gross capital formation (% of GDP),1974,,FSM
1144,Gross capital formation (% of GDP),1974,51.7621737960721,GAB
1145,Gross capital formation (% of GDP),1974,27.7599922887631,GBR
1146,Gross capital formation (% of GDP),1974,,GEO
1147,Gross capital formation (% of GDP),1974,13.0472103004292,GHA
1148,Gross capital formation (% of GDP),1974,,GIB
1149,Gross capital formation (% of GDP),1974,,GIN
1150,Gross capital formation (% of GDP),1974,5.95710799267846,GMB
1151,Gross capital formation (% of GDP),1974,16.8153069977531,GNB
1152,Gross capital formation (% of GDP),1974,,GNQ
1153,Gross capital formation (% of GDP),1974,35.3061770900051,GRC
1154,Gross capital formation (% of GDP),1974,,GRD
1155,Gross capital formation (% of GDP),1974,,GRL
1156,Gross capital formation (% of GDP),1974,18.5987669966398,GTM
1157,Gross capital formation (% of GDP),1974,,GUM
1158,Gross capital formation (% of GDP),1974,26.4062009008065,GUY
1159,Gross capital formation (% of GDP),1974,28.1555694738628,High income
1160,Gross capital formation (% of GDP),1974,24.1828958509738,HKG
1161,Gross capital formation (% of GDP),1974,26.1962300628323,HND
1162,Gross capital formation (% of GDP),1974,,Heavily indebted poor countries (HIPC)
1163,Gross capital formation (% of GDP),1974,,HRV
1164,Gross capital formation (% of GDP),1974,,HTI
1165,Gross capital formation (% of GDP),1974,,HUN
1166,Gross capital formation (% of GDP),1974,25.8338111544211,IBRD only
1167,Gross capital formation (% of GDP),1974,24.6040340769738,IDA & IBRD total
1168,Gross capital formation (% of GDP),1974,,IDA total
1169,Gross capital formation (% of GDP),1974,,IDA blend
1170,Gross capital formation (% of GDP),1974,16.7818453492716,IDN
1171,Gross capital formation (% of GDP),1974,,IDA only
1172,Gross capital formation (% of GDP),1974,,IMN
1173,Gross capital formation (% of GDP),1974,22.5115175742591,IND
1174,Gross capital formation (% of GDP),1974,,Not classified
1175,Gross capital formation (% of GDP),1974,28.4703476625664,IRL
1176,Gross capital formation (% of GDP),1974,31.0292858756419,IRN
1177,Gross capital formation (% of GDP),1974,27.9014378546855,IRQ
1178,Gross capital formation (% of GDP),1974,40.4600269539821,ISL
1179,Gross capital formation (% of GDP),1974,34.7064365478274,ISR
1180,Gross capital formation (% of GDP),1974,30.5672925269583,ITA
1181,Gross capital formation (% of GDP),1974,24.3238236383846,JAM
1182,Gross capital formation (% of GDP),1974,,JOR
1183,Gross capital formation (% of GDP),1974,40.7250392307911,JPN
1184,Gross capital formation (% of GDP),1974,,KAZ
1185,Gross capital formation (% of GDP),1974,25.7556330724993,KEN
1186,Gross capital formation (% of GDP),1974,,KGZ
1187,Gross capital formation (% of GDP),1974,,KHM
1188,Gross capital formation (% of GDP),1974,,KIR
1189,Gross capital formation (% of GDP),1974,,KNA
1190,Gross capital formation (% of GDP),1974,32.5996204933586,KOR
1191,Gross capital formation (% of GDP),1974,6.77681633298758,KWT
1192,Gross capital formation (% of GDP),1974,23.5591170160857,Latin America & Caribbean (
1193,Gross capital formation (% of GDP),1974,,LAO
1194,Gross capital formation (% of GDP),1974,,LBN
1195,Gross capital formation (% of GDP),1974,,LBR
1196,Gross capital formation (% of GDP),1974,,LBY
1197,Gross capital formation (% of GDP),1974,,LCA
1198,Gross capital formation (% of GDP),1974,23.8241424236473,Latin America & Caribbean
1199,Gross capital formation (% of GDP),1974,,Least developed countries: UN classification
1200,Gross capital formation (% of GDP),1974,,Low income
1201,Gross capital formation (% of GDP),1974,,LIE
1202,Gross capital formation (% of GDP),1974,15.7124226999285,LKA
1203,Gross capital formation (% of GDP),1974,20.625780390786,Lower middle income
1204,Gross capital formation (% of GDP),1974,23.9775055027551,Low & middle income
1205,Gross capital formation (% of GDP),1974,12.6829268292683,LSO
1206,Gross capital formation (% of GDP),1974,26.6697633768549,Late-demographic dividend
1207,Gross capital formation (% of GDP),1974,,LTU
1208,Gross capital formation (% of GDP),1974,18.0428545404864,LUX
1209,Gross capital formation (% of GDP),1974,,LVA
1210,Gross capital formation (% of GDP),1974,,MAC
1211,Gross capital formation (% of GDP),1974,,MAF
1212,Gross capital formation (% of GDP),1974,20.4591532498509,MAR
1213,Gross capital formation (% of GDP),1974,,MCO
1214,Gross capital formation (% of GDP),1974,,MDA
1215,Gross capital formation (% of GDP),1974,8.66018399267729,MDG
1216,Gross capital formation (% of GDP),1974,,MDV
1217,Gross capital formation (% of GDP),1974,26.9958142415615,AFG
1218,Gross capital formation (% of GDP),1974,23.1722888888889,MEX
1219,Gross capital formation (% of GDP),1974,,MHL
1220,Gross capital formation (% of GDP),1974,24.56692450307,Middle income
1221,Gross capital formation (% of GDP),1974,,MKD
1222,Gross capital formation (% of GDP),1974,13.5329545679191,MLI
1223,Gross capital formation (% of GDP),1974,24.8843556713471,MLT
1224,Gross capital formation (% of GDP),1974,,MMR
1225,Gross capital formation (% of GDP),1974,24.380680466405,AFG
1226,Gross capital formation (% of GDP),1974,,MNE
1227,Gross capital formation (% of GDP),1974,,MNG
1228,Gross capital formation (% of GDP),1974,,MNP
1229,Gross capital formation (% of GDP),1974,,MOZ
1230,Gross capital formation (% of GDP),1974,8.15954274939804,MRT
1231,Gross capital formation (% of GDP),1974,,MUS
1232,Gross capital formation (% of GDP),1974,,MWI
1233,Gross capital formation (% of GDP),1974,28.4889316650626,MYS
1234,Gross capital formation (% of GDP),1974,22.99464908812,North America
1235,Gross capital formation (% of GDP),1974,,NAM
1236,Gross capital formation (% of GDP),1974,,NCL
1237,Gross capital formation (% of GDP),1974,15.0551834499682,NER
1238,Gross capital formation (% of GDP),1974,,NGA
1239,Gross capital formation (% of GDP),1974,31.4973276628354,NIC
1240,Gross capital formation (% of GDP),1974,24.2555191134442,NLD
1241,Gross capital formation (% of GDP),1974,36.4984472565983,NOR
1242,Gross capital formation (% of GDP),1974,8.76015024828819,NPL
1243,Gross capital formation (% of GDP),1974,,NRU
1244,Gross capital formation (% of GDP),1974,35.0049455984174,NZL
1245,Gross capital formation (% of GDP),1974,27.9083358211932,OECD members
1246,Gross capital formation (% of GDP),1974,30.6244503078276,OMN
1247,Gross capital formation (% of GDP),1974,,Other small states
1248,Gross capital formation (% of GDP),1974,13.1824476175342,PAK
1249,Gross capital formation (% of GDP),1974,41.5831394087376,PAN
1250,Gross capital formation (% of GDP),1974,28.5784770990566,PER
1251,Gross capital formation (% of GDP),1974,,PHL
1252,Gross capital formation (% of GDP),1974,,PLW
1253,Gross capital formation (% of GDP),1974,17.4215005380025,PNG
1254,Gross capital formation (% of GDP),1974,,POL
1255,Gross capital formation (% of GDP),1974,,Pre-demographic dividend
1256,Gross capital formation (% of GDP),1974,23.4124505517385,PRI
1257,Gross capital formation (% of GDP),1974,,PRK
1258,Gross capital formation (% of GDP),1974,29.6513011420485,PRT
1259,Gross capital formation (% of GDP),1974,20.9925186143857,PRY
1260,Gross capital formation (% of GDP),1974,,PSE
1261,Gross capital formation (% of GDP),1974,,Pacific island small states
1262,Gross capital formation (% of GDP),1974,28.0429535566095,Post-demographic dividend
1263,Gross capital formation (% of GDP),1974,,PYF
1264,Gross capital formation (% of GDP),1974,,QAT
1265,Gross capital formation (% of GDP),1974,,ROU
1266,Gross capital formation (% of GDP),1974,,RUS
1267,Gross capital formation (% of GDP),1974,10.4602504989409,RWA
1268,Gross capital formation (% of GDP),1974,20.9860658226576,South Asia
1269,Gross capital formation (% of GDP),1974,30.9305527987297,SAU
1270,Gross capital formation (% of GDP),1974,,SDN
1271,Gross capital formation (% of GDP),1974,12.1861122747438,SEN
1272,Gross capital formation (% of GDP),1974,44.4986517449382,SGP
1273,Gross capital formation (% of GDP),1974,,SLB
1274,Gross capital formation (% of GDP),1974,,SLE
1275,Gross capital formation (% of GDP),1974,22.6258794150839,SLV
1276,Gross capital formation (% of GDP),1974,,SMR
1277,Gross capital formation (% of GDP),1974,21.9483696923724,SOM
1278,Gross capital formation (% of GDP),1974,,SRB
1279,Gross capital formation (% of GDP),1974,,Sub-Saharan Africa (
1280,Gross capital formation (% of GDP),1974,,SSD
1281,Gross capital formation (% of GDP),1974,,Sub-Saharan Africa
1282,Gross capital formation (% of GDP),1974,,Small states
1283,Gross capital formation (% of GDP),1974,,STP
1284,Gross capital formation (% of GDP),1974,,SUR
1285,Gross capital formation (% of GDP),1974,,SVK
1286,Gross capital formation (% of GDP),1974,,SVN
1287,Gross capital formation (% of GDP),1974,30.5452117025388,SWE
1288,Gross capital formation (% of GDP),1974,,SWZ
1289,Gross capital formation (% of GDP),1974,,SXM
1290,Gross capital formation (% of GDP),1974,,SYC
1291,Gross capital formation (% of GDP),1974,,SYR
1292,Gross capital formation (% of GDP),1974,,TCA
1293,Gross capital formation (% of GDP),1974,18.4747648844581,TCD
1294,Gross capital formation (% of GDP),1974,30.4430860248359,East Asia & Pacific (IDA & IBRD countries)
1295,Gross capital formation (% of GDP),1974,,Europe & Central Asia (IDA & IBRD countries)
1296,Gross capital formation (% of GDP),1974,16.9089517977726,TGO
1297,Gross capital formation (% of GDP),1974,26.6350280713694,THA
1298,Gross capital formation (% of GDP),1974,,TJK
1299,Gross capital formation (% of GDP),1974,,TKM
1300,Gross capital formation (% of GDP),1974,23.785934099287,Latin America & the Caribbean (IDA & IBRD countries)
1301,Gross capital formation (% of GDP),1974,,TLS
1302,Gross capital formation (% of GDP),1974,24.2168217229083,AFG
1303,Gross capital formation (% of GDP),1974,,TON
1304,Gross capital formation (% of GDP),1974,20.9860658226576,South Asia (IDA & IBRD)
1305,Gross capital formation (% of GDP),1974,,Sub-Saharan Africa (IDA & IBRD countries)
1306,Gross capital formation (% of GDP),1974,,TTO
1307,Gross capital formation (% of GDP),1974,25.8043674893397,TUN
1308,Gross capital formation (% of GDP),1974,17.8902783380395,TUR
1309,Gross capital formation (% of GDP),1974,,TUV
1310,Gross capital formation (% of GDP),1974,,TZA
1311,Gross capital formation (% of GDP),1974,11.6152696644478,UGA
1312,Gross capital formation (% of GDP),1974,,UKR
1313,Gross capital formation (% of GDP),1974,25.9555467296198,Upper middle income
1314,Gross capital formation (% of GDP),1974,15.8534413676431,URY
1315,Gross capital formation (% of GDP),1974,22.6948771164147,USA
1316,Gross capital formation (% of GDP),1974,,UZB
1317,Gross capital formation (% of GDP),1974,,VCT
1318,Gross capital formation (% of GDP),1974,29.056346561648,VEN
1319,Gross capital formation (% of GDP),1974,,VGB
1320,Gross capital formation (% of GDP),1974,,VIR
1321,Gross capital formation (% of GDP),1974,,VNM
1322,Gross capital formation (% of GDP),1974,,VUT
1323,Gross capital formation (% of GDP),1974,27.5310778336485,World
1324,Gross capital formation (% of GDP),1974,,WSM
1325,Gross capital formation (% of GDP),1974,,XKX
1326,Gross capital formation (% of GDP),1974,,YEM
1327,Gross capital formation (% of GDP),1974,27.230380827081,ZAF
1328,Gross capital formation (% of GDP),1974,,ZMB
1329,Gross capital formation (% of GDP),1974,24.7439493537354,ZWE
1330,Gross capital formation (% of GDP),1975,,ABW
1331,Gross capital formation (% of GDP),1975,,Africa Eastern and Southern
1332,Gross capital formation (% of GDP),1975,,AFG
1333,Gross capital formation (% of GDP),1975,,Africa Western and Central
1334,Gross capital formation (% of GDP),1975,,AGO
1335,Gross capital formation (% of GDP),1975,,ALB
1336,Gross capital formation (% of GDP),1975,,AND
1337,Gross capital formation (% of GDP),1975,23.4614731448866,Arab World
1338,Gross capital formation (% of GDP),1975,,ARE
1339,Gross capital formation (% of GDP),1975,29.4410469590453,ARG
1340,Gross capital formation (% of GDP),1975,,ARM
1341,Gross capital formation (% of GDP),1975,,ASM
1342,Gross capital formation (% of GDP),1975,,ATG
1343,Gross capital formation (% of GDP),1975,26.8061636914786,AUS
1344,Gross capital formation (% of GDP),1975,27.5044114028849,AUT
1345,Gross capital formation (% of GDP),1975,,AZE
1346,Gross capital formation (% of GDP),1975,7.58007643419691,BDI
1347,Gross capital formation (% of GDP),1975,26.6322365651753,BEL
1348,Gross capital formation (% of GDP),1975,19.3020911602236,BEN
1349,Gross capital formation (% of GDP),1975,23.1042219989016,BFA
1350,Gross capital formation (% of GDP),1975,6.14790581498772,BGD
1351,Gross capital formation (% of GDP),1975,,BGR
1352,Gross capital formation (% of GDP),1975,,BHR
1353,Gross capital formation (% of GDP),1975,,BHS
1354,Gross capital formation (% of GDP),1975,,BIH
1355,Gross capital formation (% of GDP),1975,,BLR
1356,Gross capital formation (% of GDP),1975,,BLZ
1357,Gross capital formation (% of GDP),1975,,BMU
1358,Gross capital formation (% of GDP),1975,23.022569516605,BOL
1359,Gross capital formation (% of GDP),1975,25.6975921331099,BRA
1360,Gross capital formation (% of GDP),1975,,BRB
1361,Gross capital formation (% of GDP),1975,,BRN
1362,Gross capital formation (% of GDP),1975,,BTN
1363,Gross capital formation (% of GDP),1975,41.8998667428136,BWA
1364,Gross capital formation (% of GDP),1975,13.8013083941029,CAF
1365,Gross capital formation (% of GDP),1975,24.8354499960847,CAN
1366,Gross capital formation (% of GDP),1975,,Central Europe and the Baltics
1367,Gross capital formation (% of GDP),1975,28.8515067765595,CHE
1368,Gross capital formation (% of GDP),1975,,Channel Islands
1369,Gross capital formation (% of GDP),1975,13.6529645825103,CHL
1370,Gross capital formation (% of GDP),1975,34.9804771441711,CHN
1371,Gross capital formation (% of GDP),1975,22.4445788805056,CIV
1372,Gross capital formation (% of GDP),1975,19.9738658681523,CMR
1373,Gross capital formation (% of GDP),1975,,COD
1374,Gross capital formation (% of GDP),1975,39.1119210462287,COG
1375,Gross capital formation (% of GDP),1975,16.9925057021831,COL
1376,Gross capital formation (% of GDP),1975,,COM
1377,Gross capital formation (% of GDP),1975,,CPV
1378,Gross capital formation (% of GDP),1975,21.6410983994924,CRI
1379,Gross capital formation (% of GDP),1975,,Caribbean small states
1380,Gross capital formation (% of GDP),1975,25.9549352793108,CUB
1381,Gross capital formation (% of GDP),1975,,CUW
1382,Gross capital formation (% of GDP),1975,,CYM
1383,Gross capital formation (% of GDP),1975,22.5291760208021,CYP
1384,Gross capital formation (% of GDP),1975,,CZE
1385,Gross capital formation (% of GDP),1975,24.8513625806296,DEU
1386,Gross capital formation (% of GDP),1975,,DJI
1387,Gross capital formation (% of GDP),1975,,DMA
1388,Gross capital formation (% of GDP),1975,22.4820976446144,DNK
1389,Gross capital formation (% of GDP),1975,24.5100577906201,DOM
1390,Gross capital formation (% of GDP),1975,45.4068264160628,DZA
1391,Gross capital formation (% of GDP),1975,32.2316251644222,East Asia & Pacific (
1392,Gross capital formation (% of GDP),1975,24.9019145044842,Early-demographic dividend
1393,Gross capital formation (% of GDP),1975,33.1447264494343,East Asia & Pacific
1394,Gross capital formation (% of GDP),1975,,Europe & Central Asia (
1395,Gross capital formation (% of GDP),1975,25.9164939530367,Europe & Central Asia
1396,Gross capital formation (% of GDP),1975,16.9642458544423,ECU
1397,Gross capital formation (% of GDP),1975,25.9450495609241,EGY
1398,Gross capital formation (% of GDP),1975,25.5004597383987,Euro area
1399,Gross capital formation (% of GDP),1975,,ERI
1400,Gross capital formation (% of GDP),1975,30.108702101977,ESP
1401,Gross capital formation (% of GDP),1975,,EST
1402,Gross capital formation (% of GDP),1975,,ETH
1403,Gross capital formation (% of GDP),1975,25.7963430305627,European Union
1404,Gross capital formation (% of GDP),1975,,Fragile and conflict affected situations
1405,Gross capital formation (% of GDP),1975,36.1656051779694,FIN
1406,Gross capital formation (% of GDP),1975,,FJI
1407,Gross capital formation (% of GDP),1975,25.2274844771563,FRA
1408,Gross capital formation (% of GDP),1975,,FRO
1409,Gross capital formation (% of GDP),1975,,FSM
1410,Gross capital formation (% of GDP),1975,62.6730103806228,GAB
1411,Gross capital formation (% of GDP),1975,23.9559483500192,GBR
1412,Gross capital formation (% of GDP),1975,,GEO
1413,Gross capital formation (% of GDP),1975,12.7200454287337,GHA
1414,Gross capital formation (% of GDP),1975,,GIB
1415,Gross capital formation (% of GDP),1975,,GIN
1416,Gross capital formation (% of GDP),1975,8.54501800720288,GMB
1417,Gross capital formation (% of GDP),1975,15.3974448788206,GNB
1418,Gross capital formation (% of GDP),1975,,GNQ
1419,Gross capital formation (% of GDP),1975,33.6124091454659,GRC
1420,Gross capital formation (% of GDP),1975,,GRD
1421,Gross capital formation (% of GDP),1975,,GRL
1422,Gross capital formation (% of GDP),1975,16.0947914095285,GTM
1423,Gross capital formation (% of GDP),1975,,GUM
1424,Gross capital formation (% of GDP),1975,33.0610526315789,GUY
1425,Gross capital formation (% of GDP),1975,24.9164405751689,High income
1426,Gross capital formation (% of GDP),1975,22.9466212264817,HKG
1427,Gross capital formation (% of GDP),1975,18.9501779359431,HND
1428,Gross capital formation (% of GDP),1975,,Heavily indebted poor countries (HIPC)
1429,Gross capital formation (% of GDP),1975,,HRV
1430,Gross capital formation (% of GDP),1975,,HTI
1431,Gross capital formation (% of GDP),1975,,HUN
1432,Gross capital formation (% of GDP),1975,28.0007563125545,IBRD only
1433,Gross capital formation (% of GDP),1975,26.3891214797275,IDA & IBRD total
1434,Gross capital formation (% of GDP),1975,,IDA total
1435,Gross capital formation (% of GDP),1975,,IDA blend
1436,Gross capital formation (% of GDP),1975,20.3417045679256,IDN
1437,Gross capital formation (% of GDP),1975,,IDA only
1438,Gross capital formation (% of GDP),1975,,IMN
1439,Gross capital formation (% of GDP),1975,19.5451062648376,IND
1440,Gross capital formation (% of GDP),1975,,Not classified
1441,Gross capital formation (% of GDP),1975,22.8959462542613,IRL
1442,Gross capital formation (% of GDP),1975,41.3951512121413,IRN
1443,Gross capital formation (% of GDP),1975,35.7194977731928,IRQ
1444,Gross capital formation (% of GDP),1975,39.4940821793895,ISL
1445,Gross capital formation (% of GDP),1975,34.7545585944625,ISR
1446,Gross capital formation (% of GDP),1975,24.4133501687542,ITA
1447,Gross capital formation (% of GDP),1975,25.7691134352066,JAM
1448,Gross capital formation (% of GDP),1975,,JOR
1449,Gross capital formation (% of GDP),1975,35.7701239365097,JPN
1450,Gross capital formation (% of GDP),1975,,KAZ
1451,Gross capital formation (% of GDP),1975,18.1398934570068,KEN
1452,Gross capital formation (% of GDP),1975,,KGZ
1453,Gross capital formation (% of GDP),1975,,KHM
1454,Gross capital formation (% of GDP),1975,,KIR
1455,Gross capital formation (% of GDP),1975,,KNA
1456,Gross capital formation (% of GDP),1975,28.5263097993095,KOR
1457,Gross capital formation (% of GDP),1975,12.724404567697,KWT
1458,Gross capital formation (% of GDP),1975,25.1215539887807,Latin America & Caribbean (
1459,Gross capital formation (% of GDP),1975,,LAO
1460,Gross capital formation (% of GDP),1975,,LBN
1461,Gross capital formation (% of GDP),1975,,LBR
1462,Gross capital formation (% of GDP),1975,,LBY
1463,Gross capital formation (% of GDP),1975,,LCA
1464,Gross capital formation (% of GDP),1975,25.7111789664168,Latin America & Caribbean
1465,Gross capital formation (% of GDP),1975,,Least developed countries: UN classification
1466,Gross capital formation (% of GDP),1975,,Low income
1467,Gross capital formation (% of GDP),1975,,LIE
1468,Gross capital formation (% of GDP),1975,15.5773789366746,LKA
1469,Gross capital formation (% of GDP),1975,19.2649911655533,Lower middle income
1470,Gross capital formation (% of GDP),1975,25.6024967534628,Low & middle income
1471,Gross capital formation (% of GDP),1975,18.0831826401447,LSO
1472,Gross capital formation (% of GDP),1975,27.8909463466701,Late-demographic dividend
1473,Gross capital formation (% of GDP),1975,,LTU
1474,Gross capital formation (% of GDP),1975,19.5099424310713,LUX
1475,Gross capital formation (% of GDP),1975,,LVA
1476,Gross capital formation (% of GDP),1975,,MAC
1477,Gross capital formation (% of GDP),1975,,MAF
1478,Gross capital formation (% of GDP),1975,25.3879322182857,MAR
1479,Gross capital formation (% of GDP),1975,,MCO
1480,Gross capital formation (% of GDP),1975,,MDA
1481,Gross capital formation (% of GDP),1975,8.13715829190873,MDG
1482,Gross capital formation (% of GDP),1975,,MDV
1483,Gross capital formation (% of GDP),1975,28.5485943063782,AFG
1484,Gross capital formation (% of GDP),1975,23.6922909090909,MEX
1485,Gross capital formation (% of GDP),1975,,MHL
1486,Gross capital formation (% of GDP),1975,26.2816138592486,Middle income
1487,Gross capital formation (% of GDP),1975,,MKD
1488,Gross capital formation (% of GDP),1975,15.5218721043303,MLI
1489,Gross capital formation (% of GDP),1975,21.5620366885652,MLT
1490,Gross capital formation (% of GDP),1975,,MMR
1491,Gross capital formation (% of GDP),1975,31.2709972195984,AFG
1492,Gross capital formation (% of GDP),1975,,MNE
1493,Gross capital formation (% of GDP),1975,,MNG
1494,Gross capital formation (% of GDP),1975,,MNP
1495,Gross capital formation (% of GDP),1975,,MOZ
1496,Gross capital formation (% of GDP),1975,17.4888982369905,MRT
1497,Gross capital formation (% of GDP),1975,,MUS
1498,Gross capital formation (% of GDP),1975,,MWI
1499,Gross capital formation (% of GDP),1975,23.3790077019524,MYS
1500,Gross capital formation (% of GDP),1975,20.7068258152924,North America
1501,Gross capital formation (% of GDP),1975,,NAM
1502,Gross capital formation (% of GDP),1975,,NCL
1503,Gross capital formation (% of GDP),1975,14.3141696484037,NER
1504,Gross capital formation (% of GDP),1975,,NGA
1505,Gross capital formation (% of GDP),1975,21.4192052155446,NIC
1506,Gross capital formation (% of GDP),1975,22.6144833010038,NLD
1507,Gross capital formation (% of GDP),1975,37.4468283202114,NOR
1508,Gross capital formation (% of GDP),1975,14.4952020336154,NPL
1509,Gross capital formation (% of GDP),1975,,NRU
1510,Gross capital formation (% of GDP),1975,27.6782578152441,NZL
1511,Gross capital formation (% of GDP),1975,24.836707652226,OECD members
1512,Gross capital formation (% of GDP),1975,35.6255227320523,OMN
1513,Gross capital formation (% of GDP),1975,,Other small states
1514,Gross capital formation (% of GDP),1975,16.385598517759,PAK
1515,Gross capital formation (% of GDP),1975,38.1249183623515,PAN
1516,Gross capital formation (% of GDP),1975,27.2740316502467,PER
1517,Gross capital formation (% of GDP),1975,,PHL
1518,Gross capital formation (% of GDP),1975,,PLW
1519,Gross capital formation (% of GDP),1975,20.0424587474669,PNG
1520,Gross capital formation (% of GDP),1975,,POL
1521,Gross capital formation (% of GDP),1975,,Pre-demographic dividend
1522,Gross capital formation (% of GDP),1975,27.0531695595428,PRI
1523,Gross capital formation (% of GDP),1975,,PRK
1524,Gross capital formation (% of GDP),1975,19.4508314348027,PRT
1525,Gross capital formation (% of GDP),1975,24.098530238029,PRY
1526,Gross capital formation (% of GDP),1975,,PSE
1527,Gross capital formation (% of GDP),1975,,Pacific island small states
1528,Gross capital formation (% of GDP),1975,24.8947880333643,Post-demographic dividend
1529,Gross capital formation (% of GDP),1975,,PYF
1530,Gross capital formation (% of GDP),1975,,QAT
1531,Gross capital formation (% of GDP),1975,,ROU
1532,Gross capital formation (% of GDP),1975,,RUS
1533,Gross capital formation (% of GDP),1975,13.7388682515637,RWA
1534,Gross capital formation (% of GDP),1975,17.6245398683134,South Asia
1535,Gross capital formation (% of GDP),1975,17.3980429101076,SAU
1536,Gross capital formation (% of GDP),1975,,SDN
1537,Gross capital formation (% of GDP),1975,11.1799594410999,SEN
1538,Gross capital formation (% of GDP),1975,38.8077531011676,SGP
1539,Gross capital formation (% of GDP),1975,,SLB
1540,Gross capital formation (% of GDP),1975,,SLE
1541,Gross capital formation (% of GDP),1975,22.1217320488222,SLV
1542,Gross capital formation (% of GDP),1975,,SMR
1543,Gross capital formation (% of GDP),1975,21.1524076936748,SOM
1544,Gross capital formation (% of GDP),1975,,SRB
1545,Gross capital formation (% of GDP),1975,,Sub-Saharan Africa (
1546,Gross capital formation (% of GDP),1975,,SSD
1547,Gross capital formation (% of GDP),1975,,Sub-Saharan Africa
1548,Gross capital formation (% of GDP),1975,,Small states
1549,Gross capital formation (% of GDP),1975,,STP
1550,Gross capital formation (% of GDP),1975,,SUR
1551,Gross capital formation (% of GDP),1975,,SVK
1552,Gross capital formation (% of GDP),1975,,SVN
1553,Gross capital formation (% of GDP),1975,31.0607458827306,SWE
1554,Gross capital formation (% of GDP),1975,,SWZ
1555,Gross capital formation (% of GDP),1975,,SXM
1556,Gross capital formation (% of GDP),1975,,SYC
1557,Gross capital formation (% of GDP),1975,,SYR
1558,Gross capital formation (% of GDP),1975,,TCA
1559,Gross capital formation (% of GDP),1975,20.5280559594986,TCD
1560,Gross capital formation (% of GDP),1975,32.2274179231606,East Asia & Pacific (IDA & IBRD countries)
1561,Gross capital formation (% of GDP),1975,,Europe & Central Asia (IDA & IBRD countries)
1562,Gross capital formation (% of GDP),1975,28.5268901010447,TGO
1563,Gross capital formation (% of GDP),1975,26.7504134208903,THA
1564,Gross capital formation (% of GDP),1975,,TJK
1565,Gross capital formation (% of GDP),1975,,TKM
1566,Gross capital formation (% of GDP),1975,25.688606469824,Latin America & the Caribbean (IDA & IBRD countries)
1567,Gross capital formation (% of GDP),1975,,TLS
1568,Gross capital formation (% of GDP),1975,31.0608297339388,AFG
1569,Gross capital formation (% of GDP),1975,27.5927335403251,TON
1570,Gross capital formation (% of GDP),1975,17.6245398683134,South Asia (IDA & IBRD)
1571,Gross capital formation (% of GDP),1975,,Sub-Saharan Africa (IDA & IBRD countries)
1572,Gross capital formation (% of GDP),1975,,TTO
1573,Gross capital formation (% of GDP),1975,28.0176869185713,TUN
1574,Gross capital formation (% of GDP),1975,18.7092770710518,TUR
1575,Gross capital formation (% of GDP),1975,,TUV
1576,Gross capital formation (% of GDP),1975,,TZA
1577,Gross capital formation (% of GDP),1975,8.05236391034093,UGA
1578,Gross capital formation (% of GDP),1975,,UKR
1579,Gross capital formation (% of GDP),1975,28.434052619462,Upper middle income
1580,Gross capital formation (% of GDP),1975,18.8977373277715,URY
1581,Gross capital formation (% of GDP),1975,20.2774757493602,USA
1582,Gross capital formation (% of GDP),1975,,UZB
1583,Gross capital formation (% of GDP),1975,,VCT
1584,Gross capital formation (% of GDP),1975,37.364392284374,VEN
1585,Gross capital formation (% of GDP),1975,,VGB
1586,Gross capital formation (% of GDP),1975,,VIR
1587,Gross capital formation (% of GDP),1975,,VNM
1588,Gross capital formation (% of GDP),1975,,VUT
1589,Gross capital formation (% of GDP),1975,25.1868288120204,World
1590,Gross capital formation (% of GDP),1975,,WSM
1591,Gross capital formation (% of GDP),1975,,XKX
1592,Gross capital formation (% of GDP),1975,,YEM
1593,Gross capital formation (% of GDP),1975,29.3539237314844,ZAF
1594,Gross capital formation (% of GDP),1975,,ZMB
1595,Gross capital formation (% of GDP),1975,23.6324831188118,ZWE
1596,Gross capital formation (% of GDP),1976,,ABW
1597,Gross capital formation (% of GDP),1976,,Africa Eastern and Southern
1598,Gross capital formation (% of GDP),1976,,AFG
1599,Gross capital formation (% of GDP),1976,,Africa Western and Central
1600,Gross capital formation (% of GDP),1976,,AGO
1601,Gross capital formation (% of GDP),1976,,ALB
1602,Gross capital formation (% of GDP),1976,,AND
1603,Gross capital formation (% of GDP),1976,27.3500866996135,Arab World
1604,Gross capital formation (% of GDP),1976,,ARE
1605,Gross capital formation (% of GDP),1976,30.7294395896829,ARG
1606,Gross capital formation (% of GDP),1976,,ARM
1607,Gross capital formation (% of GDP),1976,,ASM
1608,Gross capital formation (% of GDP),1976,,ATG
1609,Gross capital formation (% of GDP),1976,26.4262318684087,AUS
1610,Gross capital formation (% of GDP),1976,28.8748157765454,AUT
1611,Gross capital formation (% of GDP),1976,,AZE
1612,Gross capital formation (% of GDP),1976,9.08841750354228,BDI
1613,Gross capital formation (% of GDP),1976,26.9755800760862,BEL
1614,Gross capital formation (% of GDP),1976,16.6521857765632,BEN
1615,Gross capital formation (% of GDP),1976,22.8445038626324,BFA
1616,Gross capital formation (% of GDP),1976,9.91136204173915,BGD
1617,Gross capital formation (% of GDP),1976,,BGR
1618,Gross capital formation (% of GDP),1976,,BHR
1619,Gross capital formation (% of GDP),1976,,BHS
1620,Gross capital formation (% of GDP),1976,,BIH
1621,Gross capital formation (% of GDP),1976,,BLR
1622,Gross capital formation (% of GDP),1976,,BLZ
1623,Gross capital formation (% of GDP),1976,,BMU
1624,Gross capital formation (% of GDP),1976,19.1852488704337,BOL
1625,Gross capital formation (% of GDP),1976,23.0421198404484,BRA
1626,Gross capital formation (% of GDP),1976,,BRB
1627,Gross capital formation (% of GDP),1976,,BRN
1628,Gross capital formation (% of GDP),1976,,BTN
1629,Gross capital formation (% of GDP),1976,33.7712519319938,BWA
1630,Gross capital formation (% of GDP),1976,11.9662600437102,CAF
1631,Gross capital formation (% of GDP),1976,25.1167234534298,CAN
1632,Gross capital formation (% of GDP),1976,,Central Europe and the Baltics
1633,Gross capital formation (% of GDP),1976,26.0386983072209,CHE
1634,Gross capital formation (% of GDP),1976,,Channel Islands
1635,Gross capital formation (% of GDP),1976,13.3341135615523,CHL
1636,Gross capital formation (% of GDP),1976,33.1642759720738,CHN
1637,Gross capital formation (% of GDP),1976,22.9892273852736,CIV
1638,Gross capital formation (% of GDP),1976,17.5884525323815,CMR
1639,Gross capital formation (% of GDP),1976,,COD
1640,Gross capital formation (% of GDP),1976,31.003885801442,COG
1641,Gross capital formation (% of GDP),1976,17.5627031393841,COL
1642,Gross capital formation (% of GDP),1976,,COM
1643,Gross capital formation (% of GDP),1976,,CPV
1644,Gross capital formation (% of GDP),1976,23.6621911818762,CRI
1645,Gross capital formation (% of GDP),1976,,Caribbean small states
1646,Gross capital formation (% of GDP),1976,25.9871336943319,CUB
1647,Gross capital formation (% of GDP),1976,,CUW
1648,Gross capital formation (% of GDP),1976,,CYM
1649,Gross capital formation (% of GDP),1976,26.5648323756972,CYP
1650,Gross capital formation (% of GDP),1976,,CZE
1651,Gross capital formation (% of GDP),1976,26.0102985328885,DEU
1652,Gross capital formation (% of GDP),1976,,DJI
1653,Gross capital formation (% of GDP),1976,,DMA
1654,Gross capital formation (% of GDP),1976,25.4293850852667,DNK
1655,Gross capital formation (% of GDP),1976,22.3138554979122,DOM
1656,Gross capital formation (% of GDP),1976,43.3502750997663,DZA
1657,Gross capital formation (% of GDP),1976,29.7702629084764,East Asia & Pacific (
1658,Gross capital formation (% of GDP),1976,26.9397125581425,Early-demographic dividend
1659,Gross capital formation (% of GDP),1976,32.0509436698141,East Asia & Pacific
1660,Gross capital formation (% of GDP),1976,,Europe & Central Asia (
1661,Gross capital formation (% of GDP),1976,27.0134324055803,Europe & Central Asia
1662,Gross capital formation (% of GDP),1976,17.3429056801348,ECU
1663,Gross capital formation (% of GDP),1976,21.6284342093488,EGY
1664,Gross capital formation (% of GDP),1976,26.6449049245953,Euro area
1665,Gross capital formation (% of GDP),1976,,ERI
1666,Gross capital formation (% of GDP),1976,28.4183963438302,ESP
1667,Gross capital formation (% of GDP),1976,,EST
1668,Gross capital formation (% of GDP),1976,,ETH
1669,Gross capital formation (% of GDP),1976,26.8687022466617,European Union
1670,Gross capital formation (% of GDP),1976,,Fragile and conflict affected situations
1671,Gross capital formation (% of GDP),1976,29.2252383526005,FIN
1672,Gross capital formation (% of GDP),1976,,FJI
1673,Gross capital formation (% of GDP),1976,27.0583536992396,FRA
1674,Gross capital formation (% of GDP),1976,,FRO
1675,Gross capital formation (% of GDP),1976,,FSM
1676,Gross capital formation (% of GDP),1976,73.4946460853845,GAB
1677,Gross capital formation (% of GDP),1976,26.0782804171495,GBR
1678,Gross capital formation (% of GDP),1976,,GEO
1679,Gross capital formation (% of GDP),1976,,GHA
1680,Gross capital formation (% of GDP),1976,,GIB
1681,Gross capital formation (% of GDP),1976,,GIN
1682,Gross capital formation (% of GDP),1976,11.7514570478746,GMB
1683,Gross capital formation (% of GDP),1976,16.2587402776971,GNB
1684,Gross capital formation (% of GDP),1976,,GNQ
1685,Gross capital formation (% of GDP),1976,35.2669006078097,GRC
1686,Gross capital formation (% of GDP),1976,,GRD
1687,Gross capital formation (% of GDP),1976,,GRL
1688,Gross capital formation (% of GDP),1976,21.4051716305788,GTM
1689,Gross capital formation (% of GDP),1976,,GUM
1690,Gross capital formation (% of GDP),1976,37.4526890238535,GUY
1691,Gross capital formation (% of GDP),1976,26.0011581467516,High income
1692,Gross capital formation (% of GDP),1976,25.3815947811768,HKG
1693,Gross capital formation (% of GDP),1976,19.2136505643045,HND
1694,Gross capital formation (% of GDP),1976,,Heavily indebted poor countries (HIPC)
1695,Gross capital formation (% of GDP),1976,,HRV
1696,Gross capital formation (% of GDP),1976,,HTI
1697,Gross capital formation (% of GDP),1976,,HUN
1698,Gross capital formation (% of GDP),1976,27.3709909796204,IBRD only
1699,Gross capital formation (% of GDP),1976,25.8985141545934,IDA & IBRD total
1700,Gross capital formation (% of GDP),1976,,IDA total
1701,Gross capital formation (% of GDP),1976,,IDA blend
1702,Gross capital formation (% of GDP),1976,20.7212915489406,IDN
1703,Gross capital formation (% of GDP),1976,,IDA only
1704,Gross capital formation (% of GDP),1976,,IMN
1705,Gross capital formation (% of GDP),1976,19.4192719578704,IND
1706,Gross capital formation (% of GDP),1976,,Not classified
1707,Gross capital formation (% of GDP),1976,24.9172757463147,IRL
1708,Gross capital formation (% of GDP),1976,48.0903358586051,IRN
1709,Gross capital formation (% of GDP),1976,24.7739843600992,IRQ
1710,Gross capital formation (% of GDP),1976,32.0364238138406,ISL
1711,Gross capital formation (% of GDP),1976,29.1733393368482,ISR
1712,Gross capital formation (% of GDP),1976,27.3091719839223,ITA
1713,Gross capital formation (% of GDP),1976,18.2131737951778,JAM
1714,Gross capital formation (% of GDP),1976,34.0973201692525,JOR
1715,Gross capital formation (% of GDP),1976,34.7515441571397,JPN
1716,Gross capital formation (% of GDP),1976,,KAZ
1717,Gross capital formation (% of GDP),1976,20.2442178040726,KEN
1718,Gross capital formation (% of GDP),1976,,KGZ
1719,Gross capital formation (% of GDP),1976,,KHM
1720,Gross capital formation (% of GDP),1976,,KIR
1721,Gross capital formation (% of GDP),1976,,KNA
1722,Gross capital formation (% of GDP),1976,27.6359792161848,KOR
1723,Gross capital formation (% of GDP),1976,16.5429590853452,KWT
1724,Gross capital formation (% of GDP),1976,23.578013357858,Latin America & Caribbean (
1725,Gross capital formation (% of GDP),1976,,LAO
1726,Gross capital formation (% of GDP),1976,,LBN
1727,Gross capital formation (% of GDP),1976,,LBR
1728,Gross capital formation (% of GDP),1976,,LBY
1729,Gross capital formation (% of GDP),1976,,LCA
1730,Gross capital formation (% of GDP),1976,24.6193628839239,Latin America & Caribbean
1731,Gross capital formation (% of GDP),1976,,Least developed countries: UN classification
1732,Gross capital formation (% of GDP),1976,,Low income
1733,Gross capital formation (% of GDP),1976,,LIE
1734,Gross capital formation (% of GDP),1976,16.2103102340827,LKA
1735,Gross capital formation (% of GDP),1976,18.9404323877768,Lower middle income
1736,Gross capital formation (% of GDP),1976,24.9588269037925,Low & middle income
1737,Gross capital formation (% of GDP),1976,34.2679127725857,LSO
1738,Gross capital formation (% of GDP),1976,25.5491261250319,Late-demographic dividend
1739,Gross capital formation (% of GDP),1976,,LTU
1740,Gross capital formation (% of GDP),1976,19.3930054340594,LUX
1741,Gross capital formation (% of GDP),1976,,LVA
1742,Gross capital formation (% of GDP),1976,,MAC
1743,Gross capital formation (% of GDP),1976,,MAF
1744,Gross capital formation (% of GDP),1976,29.19775238455,MAR
1745,Gross capital formation (% of GDP),1976,,MCO
1746,Gross capital formation (% of GDP),1976,,MDA
1747,Gross capital formation (% of GDP),1976,8.13472611388401,MDG
1748,Gross capital formation (% of GDP),1976,,MDV
1749,Gross capital formation (% of GDP),1976,32.5190787975947,AFG
1750,Gross capital formation (% of GDP),1976,22.2885557986871,MEX
1751,Gross capital formation (% of GDP),1976,,MHL
1752,Gross capital formation (% of GDP),1976,25.5951904003698,Middle income
1753,Gross capital formation (% of GDP),1976,,MKD
1754,Gross capital formation (% of GDP),1976,13.3633796317428,MLI
1755,Gross capital formation (% of GDP),1976,25.2279960827519,MLT
1756,Gross capital formation (% of GDP),1976,,MMR
1757,Gross capital formation (% of GDP),1976,32.9929352440224,AFG
1758,Gross capital formation (% of GDP),1976,,MNE
1759,Gross capital formation (% of GDP),1976,,MNG
1760,Gross capital formation (% of GDP),1976,,MNP
1761,Gross capital formation (% of GDP),1976,,MOZ
1762,Gross capital formation (% of GDP),1976,21.5025082058533,MRT
1763,Gross capital formation (% of GDP),1976,30.3943382398339,MUS
1764,Gross capital formation (% of GDP),1976,,MWI
1765,Gross capital formation (% of GDP),1976,21.8444009257611,MYS
1766,Gross capital formation (% of GDP),1976,22.3469651206371,North America
1767,Gross capital formation (% of GDP),1976,,NAM
1768,Gross capital formation (% of GDP),1976,,NCL
1769,Gross capital formation (% of GDP),1976,14.2097092185502,NER
1770,Gross capital formation (% of GDP),1976,,NGA
1771,Gross capital formation (% of GDP),1976,17.3210881395423,NIC
1772,Gross capital formation (% of GDP),1976,22.5232725922065,NLD
1773,Gross capital formation (% of GDP),1976,38.8876141526318,NOR
1774,Gross capital formation (% of GDP),1976,15.1316546805315,NPL
1775,Gross capital formation (% of GDP),1976,,NRU
1776,Gross capital formation (% of GDP),1976,27.3274133486107,NZL
1777,Gross capital formation (% of GDP),1976,25.7628881327175,OECD members
1778,Gross capital formation (% of GDP),1976,35.858871423725,OMN
1779,Gross capital formation (% of GDP),1976,,Other small states
1780,Gross capital formation (% of GDP),1976,17.4664784756528,PAK
1781,Gross capital formation (% of GDP),1976,39.1237994116161,PAN
1782,Gross capital formation (% of GDP),1976,24.2356400457222,PER
1783,Gross capital formation (% of GDP),1976,,PHL
1784,Gross capital formation (% of GDP),1976,,PLW
1785,Gross capital formation (% of GDP),1976,18.6467561026828,PNG
1786,Gross capital formation (% of GDP),1976,,POL
1787,Gross capital formation (% of GDP),1976,,Pre-demographic dividend
1788,Gross capital formation (% of GDP),1976,22.0067792074571,PRI
1789,Gross capital formation (% of GDP),1976,,PRK
1790,Gross capital formation (% of GDP),1976,24.7780063277206,PRT
1791,Gross capital formation (% of GDP),1976,24.6257047961171,PRY
1792,Gross capital formation (% of GDP),1976,,PSE
1793,Gross capital formation (% of GDP),1976,,Pacific island small states
1794,Gross capital formation (% of GDP),1976,25.8902625037588,Post-demographic dividend
1795,Gross capital formation (% of GDP),1976,,PYF
1796,Gross capital formation (% of GDP),1976,,QAT
1797,Gross capital formation (% of GDP),1976,,ROU
1798,Gross capital formation (% of GDP),1976,,RUS
1799,Gross capital formation (% of GDP),1976,13.8193025094016,RWA
1800,Gross capital formation (% of GDP),1976,18.8578246158982,South Asia
1801,Gross capital formation (% of GDP),1976,30.7665751969549,SAU
1802,Gross capital formation (% of GDP),1976,19.748782118636,SDN
1803,Gross capital formation (% of GDP),1976,10.3319502171583,SEN
1804,Gross capital formation (% of GDP),1976,39.5963581588173,SGP
1805,Gross capital formation (% of GDP),1976,,SLB
1806,Gross capital formation (% of GDP),1976,,SLE
1807,Gross capital formation (% of GDP),1976,19.6196325347625,SLV
1808,Gross capital formation (% of GDP),1976,,SMR
1809,Gross capital formation (% of GDP),1976,27.693145693845,SOM
1810,Gross capital formation (% of GDP),1976,,SRB
1811,Gross capital formation (% of GDP),1976,,Sub-Saharan Africa (
1812,Gross capital formation (% of GDP),1976,,SSD
1813,Gross capital formation (% of GDP),1976,,Sub-Saharan Africa
1814,Gross capital formation (% of GDP),1976,,Small states
1815,Gross capital formation (% of GDP),1976,,STP
1816,Gross capital formation (% of GDP),1976,,SUR
1817,Gross capital formation (% of GDP),1976,,SVK
1818,Gross capital formation (% of GDP),1976,,SVN
1819,Gross capital formation (% of GDP),1976,30.1701721281222,SWE
1820,Gross capital formation (% of GDP),1976,,SWZ
1821,Gross capital formation (% of GDP),1976,,SXM
1822,Gross capital formation (% of GDP),1976,38.9228517895485,SYC
1823,Gross capital formation (% of GDP),1976,,SYR
1824,Gross capital formation (% of GDP),1976,,TCA
1825,Gross capital formation (% of GDP),1976,17.0543138245466,TCD
1826,Gross capital formation (% of GDP),1976,29.7662496516472,East Asia & Pacific (IDA & IBRD countries)
1827,Gross capital formation (% of GDP),1976,,Europe & Central Asia (IDA & IBRD countries)
1828,Gross capital formation (% of GDP),1976,26.9992663244496,TGO
1829,Gross capital formation (% of GDP),1976,23.985280976874,THA
1830,Gross capital formation (% of GDP),1976,,TJK
1831,Gross capital formation (% of GDP),1976,,TKM
1832,Gross capital formation (% of GDP),1976,24.6451253203634,Latin America & the Caribbean (IDA & IBRD countries)
1833,Gross capital formation (% of GDP),1976,,TLS
1834,Gross capital formation (% of GDP),1976,32.7711948819843,AFG
1835,Gross capital formation (% of GDP),1976,19.6689830260224,TON
1836,Gross capital formation (% of GDP),1976,18.8578246158982,South Asia (IDA & IBRD)
1837,Gross capital formation (% of GDP),1976,,Sub-Saharan Africa (IDA & IBRD countries)
1838,Gross capital formation (% of GDP),1976,,TTO
1839,Gross capital formation (% of GDP),1976,30.6570098292809,TUN
1840,Gross capital formation (% of GDP),1976,20.3231292517007,TUR
1841,Gross capital formation (% of GDP),1976,,TUV
1842,Gross capital formation (% of GDP),1976,,TZA
1843,Gross capital formation (% of GDP),1976,6.25178768438688,UGA
1844,Gross capital formation (% of GDP),1976,,UKR
1845,Gross capital formation (% of GDP),1976,27.5628421841227,Upper middle income
1846,Gross capital formation (% of GDP),1976,20.9589787627572,URY
1847,Gross capital formation (% of GDP),1976,22.038398387541,USA
1848,Gross capital formation (% of GDP),1976,,UZB
1849,Gross capital formation (% of GDP),1976,,VCT
1850,Gross capital formation (% of GDP),1976,41.6143859545239,VEN
1851,Gross capital formation (% of GDP),1976,,VGB
1852,Gross capital formation (% of GDP),1976,,VIR
1853,Gross capital formation (% of GDP),1976,,VNM
1854,Gross capital formation (% of GDP),1976,,VUT
1855,Gross capital formation (% of GDP),1976,26.0013318257128,World
1856,Gross capital formation (% of GDP),1976,,WSM
1857,Gross capital formation (% of GDP),1976,,XKX
1858,Gross capital formation (% of GDP),1976,,YEM
1859,Gross capital formation (% of GDP),1976,27.6695637593271,ZAF
1860,Gross capital formation (% of GDP),1976,,ZMB
1861,Gross capital formation (% of GDP),1976,16.1108677066264,ZWE
1862,Gross capital formation (% of GDP),1977,,ABW
1863,Gross capital formation (% of GDP),1977,,Africa Eastern and Southern
1864,Gross capital formation (% of GDP),1977,,AFG
1865,Gross capital formation (% of GDP),1977,,Africa Western and Central
1866,Gross capital formation (% of GDP),1977,,AGO
1867,Gross capital formation (% of GDP),1977,,ALB
1868,Gross capital formation (% of GDP),1977,,AND
1869,Gross capital formation (% of GDP),1977,28.2812614250366,Arab World
1870,Gross capital formation (% of GDP),1977,,ARE
1871,Gross capital formation (% of GDP),1977,30.9416888038212,ARG
1872,Gross capital formation (% of GDP),1977,,ARM
1873,Gross capital formation (% of GDP),1977,,ASM
1874,Gross capital formation (% of GDP),1977,,ATG
1875,Gross capital formation (% of GDP),1977,26.9642949950626,AUS
1876,Gross capital formation (% of GDP),1977,30.0794196614993,AUT
1877,Gross capital formation (% of GDP),1977,,AZE
1878,Gross capital formation (% of GDP),1977,11.1964113948967,BDI
1879,Gross capital formation (% of GDP),1977,26.6342768857943,BEL
1880,Gross capital formation (% of GDP),1977,17.7509342196848,BEN
1881,Gross capital formation (% of GDP),1977,19.5624544512027,BFA
1882,Gross capital formation (% of GDP),1977,11.5232177984098,BGD
1883,Gross capital formation (% of GDP),1977,,BGR
1884,Gross capital formation (% of GDP),1977,,BHR
1885,Gross capital formation (% of GDP),1977,12.5105189340813,BHS
1886,Gross capital formation (% of GDP),1977,,BIH
1887,Gross capital formation (% of GDP),1977,,BLR
1888,Gross capital formation (% of GDP),1977,,BLZ
1889,Gross capital formation (% of GDP),1977,,BMU
1890,Gross capital formation (% of GDP),1977,19.1573372973475,BOL
1891,Gross capital formation (% of GDP),1977,22.0475188520747,BRA
1892,Gross capital formation (% of GDP),1977,,BRB
1893,Gross capital formation (% of GDP),1977,,BRN
1894,Gross capital formation (% of GDP),1977,,BTN
1895,Gross capital formation (% of GDP),1977,33.4648257725181,BWA
1896,Gross capital formation (% of GDP),1977,11.5539359714923,CAF
1897,Gross capital formation (% of GDP),1977,24.2879094203223,CAN
1898,Gross capital formation (% of GDP),1977,,Central Europe and the Baltics
1899,Gross capital formation (% of GDP),1977,26.0437464109629,CHE
1900,Gross capital formation (% of GDP),1977,,Channel Islands
1901,Gross capital formation (% of GDP),1977,14.972080359417,CHL
1902,Gross capital formation (% of GDP),1977,33.8227621398292,CHN
1903,Gross capital formation (% of GDP),1977,27.3323803561107,CIV
1904,Gross capital formation (% of GDP),1977,28.4892085675,CMR
1905,Gross capital formation (% of GDP),1977,,COD
1906,Gross capital formation (% of GDP),1977,26.5957412765957,COG
1907,Gross capital formation (% of GDP),1977,18.7520337863411,COL
1908,Gross capital formation (% of GDP),1977,,COM
1909,Gross capital formation (% of GDP),1977,,CPV
1910,Gross capital formation (% of GDP),1977,24.2697692098913,CRI
1911,Gross capital formation (% of GDP),1977,,Caribbean small states
1912,Gross capital formation (% of GDP),1977,25.9224089955827,CUB
1913,Gross capital formation (% of GDP),1977,,CUW
1914,Gross capital formation (% of GDP),1977,,CYM
1915,Gross capital formation (% of GDP),1977,34.8853722036776,CYP
1916,Gross capital formation (% of GDP),1977,,CZE
1917,Gross capital formation (% of GDP),1977,25.6388605733496,DEU
1918,Gross capital formation (% of GDP),1977,,DJI
1919,Gross capital formation (% of GDP),1977,,DMA
1920,Gross capital formation (% of GDP),1977,24.418617559832,DNK
1921,Gross capital formation (% of GDP),1977,21.7888862244119,DOM
1922,Gross capital formation (% of GDP),1977,46.9147351205209,DZA
1923,Gross capital formation (% of GDP),1977,30.4190860722508,East Asia & Pacific (
1924,Gross capital formation (% of GDP),1977,27.9221089270043,Early-demographic dividend
1925,Gross capital formation (% of GDP),1977,31.7263619203752,East Asia & Pacific
1926,Gross capital formation (% of GDP),1977,,Europe & Central Asia (
1927,Gross capital formation (% of GDP),1977,26.1811219504544,Europe & Central Asia
1928,Gross capital formation (% of GDP),1977,20.7634909197944,ECU
1929,Gross capital formation (% of GDP),1977,23.9917660385632,EGY
1930,Gross capital formation (% of GDP),1977,25.8749536866559,Euro area
1931,Gross capital formation (% of GDP),1977,,ERI
1932,Gross capital formation (% of GDP),1977,26.3656256990143,ESP
1933,Gross capital formation (% of GDP),1977,,EST
1934,Gross capital formation (% of GDP),1977,,ETH
1935,Gross capital formation (% of GDP),1977,25.9386191609765,European Union
1936,Gross capital formation (% of GDP),1977,,Fragile and conflict affected situations
1937,Gross capital formation (% of GDP),1977,27.9854156187071,FIN
1938,Gross capital formation (% of GDP),1977,,FJI
1939,Gross capital formation (% of GDP),1977,26.1140509492777,FRA
1940,Gross capital formation (% of GDP),1977,,FRO
1941,Gross capital formation (% of GDP),1977,,FSM
1942,Gross capital formation (% of GDP),1977,58.0701246015648,GAB
1943,Gross capital formation (% of GDP),1977,25.4485817154679,GBR
1944,Gross capital formation (% of GDP),1977,,GEO
1945,Gross capital formation (% of GDP),1977,,GHA
1946,Gross capital formation (% of GDP),1977,,GIB
1947,Gross capital formation (% of GDP),1977,,GIN
1948,Gross capital formation (% of GDP),1977,13.2785683629975,GMB
1949,Gross capital formation (% of GDP),1977,19.7804976551403,GNB
1950,Gross capital formation (% of GDP),1977,,GNQ
1951,Gross capital formation (% of GDP),1977,31.1446064321389,GRC
1952,Gross capital formation (% of GDP),1977,,GRD
1953,Gross capital formation (% of GDP),1977,,GRL
1954,Gross capital formation (% of GDP),1977,20.0383169404866,GTM
1955,Gross capital formation (% of GDP),1977,,GUM
1956,Gross capital formation (% of GDP),1977,29.0744198452921,GUY
1957,Gross capital formation (% of GDP),1977,26.1336341668944,High income
1958,Gross capital formation (% of GDP),1977,26.5214780852574,HKG
1959,Gross capital formation (% of GDP),1977,23.0607973363521,HND
1960,Gross capital formation (% of GDP),1977,,Heavily indebted poor countries (HIPC)
1961,Gross capital formation (% of GDP),1977,,HRV
1962,Gross capital formation (% of GDP),1977,,HTI
1963,Gross capital formation (% of GDP),1977,,HUN
1964,Gross capital formation (% of GDP),1977,28.0317863186172,IBRD only
1965,Gross capital formation (% of GDP),1977,26.7347447912576,IDA & IBRD total
1966,Gross capital formation (% of GDP),1977,,IDA total
1967,Gross capital formation (% of GDP),1977,,IDA blend
1968,Gross capital formation (% of GDP),1977,20.127612344627,IDN
1969,Gross capital formation (% of GDP),1977,,IDA only
1970,Gross capital formation (% of GDP),1977,,IMN
1971,Gross capital formation (% of GDP),1977,21.0956125472627,IND
1972,Gross capital formation (% of GDP),1977,,Not classified
1973,Gross capital formation (% of GDP),1977,27.3899390388007,IRL
1974,Gross capital formation (% of GDP),1977,48.4288843146372,IRN
1975,Gross capital formation (% of GDP),1977,25.4924720904032,IRQ
1976,Gross capital formation (% of GDP),1977,33.4272148252916,ISL
1977,Gross capital formation (% of GDP),1977,26.7347841811096,ISR
1978,Gross capital formation (% of GDP),1977,25.0956915578947,ITA
1979,Gross capital formation (% of GDP),1977,12.2262469020156,JAM
1980,Gross capital formation (% of GDP),1977,40.2520278099652,JOR
1981,Gross capital formation (% of GDP),1977,33.6696430548379,JPN
1982,Gross capital formation (% of GDP),1977,,KAZ
1983,Gross capital formation (% of GDP),1977,23.7233211462982,KEN
1984,Gross capital formation (% of GDP),1977,,KGZ
1985,Gross capital formation (% of GDP),1977,,KHM
1986,Gross capital formation (% of GDP),1977,,KIR
1987,Gross capital formation (% of GDP),1977,,KNA
1988,Gross capital formation (% of GDP),1977,30.1057066546289,KOR
1989,Gross capital formation (% of GDP),1977,23.3159720752358,KWT
1990,Gross capital formation (% of GDP),1977,23.302781632894,Latin America & Caribbean (
1991,Gross capital formation (% of GDP),1977,,LAO
1992,Gross capital formation (% of GDP),1977,,LBN
1993,Gross capital formation (% of GDP),1977,,LBR
1994,Gross capital formation (% of GDP),1977,,LBY
1995,Gross capital formation (% of GDP),1977,,LCA
1996,Gross capital formation (% of GDP),1977,24.8791917054686,Latin America & Caribbean
1997,Gross capital formation (% of GDP),1977,,Least developed countries: UN classification
1998,Gross capital formation (% of GDP),1977,,Low income
1999,Gross capital formation (% of GDP),1977,,LIE
2000,Gross capital formation (% of GDP),1977,14.4450243085121,LKA
2001,Gross capital formation (% of GDP),1977,21.4729329308061,Lower middle income
2002,Gross capital formation (% of GDP),1977,25.5610532315519,Low & middle income
2003,Gross capital formation (% of GDP),1977,23.7953599048186,LSO
2004,Gross capital formation (% of GDP),1977,25.5724962657609,Late-demographic dividend
2005,Gross capital formation (% of GDP),1977,,LTU
2006,Gross capital formation (% of GDP),1977,17.3835367106925,LUX
2007,Gross capital formation (% of GDP),1977,,LVA
2008,Gross capital formation (% of GDP),1977,,MAC
2009,Gross capital formation (% of GDP),1977,,MAF
2010,Gross capital formation (% of GDP),1977,32.5093949076586,MAR
2011,Gross capital formation (% of GDP),1977,,MCO
2012,Gross capital formation (% of GDP),1977,,MDA
2013,Gross capital formation (% of GDP),1977,8.07825703921239,MDG
2014,Gross capital formation (% of GDP),1977,,MDV
2015,Gross capital formation (% of GDP),1977,33.3526809310169,AFG
2016,Gross capital formation (% of GDP),1977,22.8457111952407,MEX
2017,Gross capital formation (% of GDP),1977,,MHL
2018,Gross capital formation (% of GDP),1977,26.2554712546254,Middle income
2019,Gross capital formation (% of GDP),1977,,MKD
2020,Gross capital formation (% of GDP),1977,15.5885840713829,MLI
2021,Gross capital formation (% of GDP),1977,23.8201491282166,MLT
2022,Gross capital formation (% of GDP),1977,,MMR
2023,Gross capital formation (% of GDP),1977,34.4794145135476,AFG
2024,Gross capital formation (% of GDP),1977,,MNE
2025,Gross capital formation (% of GDP),1977,,MNG
2026,Gross capital formation (% of GDP),1977,,MNP
2027,Gross capital formation (% of GDP),1977,,MOZ
2028,Gross capital formation (% of GDP),1977,19.8305459508465,MRT
2029,Gross capital formation (% of GDP),1977,29.554300628941,MUS
2030,Gross capital formation (% of GDP),1977,,MWI
2031,Gross capital formation (% of GDP),1977,23.8466295609153,MYS
2032,Gross capital formation (% of GDP),1977,23.5985634631867,North America
2033,Gross capital formation (% of GDP),1977,,NAM
2034,Gross capital formation (% of GDP),1977,,NCL
2035,Gross capital formation (% of GDP),1977,19.6823700595694,NER
2036,Gross capital formation (% of GDP),1977,,NGA
2037,Gross capital formation (% of GDP),1977,25.6253602914859,NIC
2038,Gross capital formation (% of GDP),1977,23.4476897620695,NLD
2039,Gross capital formation (% of GDP),1977,38.1064226494334,NOR
2040,Gross capital formation (% of GDP),1977,16.0243049768519,NPL
2041,Gross capital formation (% of GDP),1977,,NRU
2042,Gross capital formation (% of GDP),1977,25.2509109505849,NZL
2043,Gross capital formation (% of GDP),1977,25.9492049977701,OECD members
2044,Gross capital formation (% of GDP),1977,30.6189025539816,OMN
2045,Gross capital formation (% of GDP),1977,,Other small states
2046,Gross capital formation (% of GDP),1977,18.3114298688463,PAK
2047,Gross capital formation (% of GDP),1977,29.3353203358671,PAN
2048,Gross capital formation (% of GDP),1977,21.2394084517205,PER
2049,Gross capital formation (% of GDP),1977,,PHL
2050,Gross capital formation (% of GDP),1977,,PLW
2051,Gross capital formation (% of GDP),1977,21.6018482864844,PNG
2052,Gross capital formation (% of GDP),1977,,POL
2053,Gross capital formation (% of GDP),1977,,Pre-demographic dividend
2054,Gross capital formation (% of GDP),1977,15.0975188933397,PRI
2055,Gross capital formation (% of GDP),1977,,PRK
2056,Gross capital formation (% of GDP),1977,30.1207362676697,PRT
2057,Gross capital formation (% of GDP),1977,24.6847639712911,PRY
2058,Gross capital formation (% of GDP),1977,,PSE
2059,Gross capital formation (% of GDP),1977,,Pacific island small states
2060,Gross capital formation (% of GDP),1977,26.0572482979287,Post-demographic dividend
2061,Gross capital formation (% of GDP),1977,,PYF
2062,Gross capital formation (% of GDP),1977,,QAT
2063,Gross capital formation (% of GDP),1977,,ROU
2064,Gross capital formation (% of GDP),1977,,RUS
2065,Gross capital formation (% of GDP),1977,15.06351975784,RWA
2066,Gross capital formation (% of GDP),1977,20.6126523913399,South Asia
2067,Gross capital formation (% of GDP),1977,30.5983075928893,SAU
2068,Gross capital formation (% of GDP),1977,15.5675551470588,SDN
2069,Gross capital formation (% of GDP),1977,9.94824802437044,SEN
2070,Gross capital formation (% of GDP),1977,35.2414206393856,SGP
2071,Gross capital formation (% of GDP),1977,,SLB
2072,Gross capital formation (% of GDP),1977,,SLE
2073,Gross capital formation (% of GDP),1977,23.415508919667,SLV
2074,Gross capital formation (% of GDP),1977,,SMR
2075,Gross capital formation (% of GDP),1977,21.4244186046512,SOM
2076,Gross capital formation (% of GDP),1977,,SRB
2077,Gross capital formation (% of GDP),1977,,Sub-Saharan Africa (
2078,Gross capital formation (% of GDP),1977,,SSD
2079,Gross capital formation (% of GDP),1977,,Sub-Saharan Africa
2080,Gross capital formation (% of GDP),1977,,Small states
2081,Gross capital formation (% of GDP),1977,,STP
2082,Gross capital formation (% of GDP),1977,,SUR
2083,Gross capital formation (% of GDP),1977,,SVK
2084,Gross capital formation (% of GDP),1977,,SVN
2085,Gross capital formation (% of GDP),1977,26.5014317624493,SWE
2086,Gross capital formation (% of GDP),1977,,SWZ
2087,Gross capital formation (% of GDP),1977,,SXM
2088,Gross capital formation (% of GDP),1977,40.0040551500405,SYC
2089,Gross capital formation (% of GDP),1977,,SYR
2090,Gross capital formation (% of GDP),1977,,TCA
2091,Gross capital formation (% of GDP),1977,18.5147556530845,TCD
2092,Gross capital formation (% of GDP),1977,30.4157606628914,East Asia & Pacific (IDA & IBRD countries)
2093,Gross capital formation (% of GDP),1977,,Europe & Central Asia (IDA & IBRD countries)
2094,Gross capital formation (% of GDP),1977,38.8625592417624,TGO
2095,Gross capital formation (% of GDP),1977,26.8847578712585,THA
2096,Gross capital formation (% of GDP),1977,,TJK
2097,Gross capital formation (% of GDP),1977,,TKM
2098,Gross capital formation (% of GDP),1977,25.0779597862625,Latin America & the Caribbean (IDA & IBRD countries)
2099,Gross capital formation (% of GDP),1977,,TLS
2100,Gross capital formation (% of GDP),1977,34.2476837566281,AFG
2101,Gross capital formation (% of GDP),1977,20.197551556019,TON
2102,Gross capital formation (% of GDP),1977,20.6126523913399,South Asia (IDA & IBRD)
2103,Gross capital formation (% of GDP),1977,,Sub-Saharan Africa (IDA & IBRD countries)
2104,Gross capital formation (% of GDP),1977,,TTO
2105,Gross capital formation (% of GDP),1977,30.5442766549569,TUN
2106,Gross capital formation (% of GDP),1977,20.6664773265171,TUR
2107,Gross capital formation (% of GDP),1977,,TUV
2108,Gross capital formation (% of GDP),1977,,TZA
2109,Gross capital formation (% of GDP),1977,6.04967948717949,UGA
2110,Gross capital formation (% of GDP),1977,,UKR
2111,Gross capital formation (% of GDP),1977,27.7830623631769,Upper middle income
2112,Gross capital formation (% of GDP),1977,21.4853944925338,URY
2113,Gross capital formation (% of GDP),1977,23.5262697266726,USA
2114,Gross capital formation (% of GDP),1977,,UZB
2115,Gross capital formation (% of GDP),1977,,VCT
2116,Gross capital formation (% of GDP),1977,50.2780881918487,VEN
2117,Gross capital formation (% of GDP),1977,,VGB
2118,Gross capital formation (% of GDP),1977,,VIR
2119,Gross capital formation (% of GDP),1977,,VNM
2120,Gross capital formation (% of GDP),1977,,VUT
2121,Gross capital formation (% of GDP),1977,26.2637183332315,World
2122,Gross capital formation (% of GDP),1977,,WSM
2123,Gross capital formation (% of GDP),1977,,XKX
2124,Gross capital formation (% of GDP),1977,,YEM
2125,Gross capital formation (% of GDP),1977,27.3036330424193,ZAF
2126,Gross capital formation (% of GDP),1977,,ZMB
2127,Gross capital formation (% of GDP),1977,17.1856996663972,ZWE
2128,Gross capital formation (% of GDP),1978,,ABW
2129,Gross capital formation (% of GDP),1978,,Africa Eastern and Southern
2130,Gross capital formation (% of GDP),1978,,AFG
2131,Gross capital formation (% of GDP),1978,,Africa Western and Central
2132,Gross capital formation (% of GDP),1978,,AGO
2133,Gross capital formation (% of GDP),1978,,ALB
2134,Gross capital formation (% of GDP),1978,,AND
2135,Gross capital formation (% of GDP),1978,31.1369752926934,Arab World
2136,Gross capital formation (% of GDP),1978,,ARE
2137,Gross capital formation (% of GDP),1978,27.8001595713111,ARG
2138,Gross capital formation (% of GDP),1978,,ARM
2139,Gross capital formation (% of GDP),1978,,ASM
2140,Gross capital formation (% of GDP),1978,,ATG
2141,Gross capital formation (% of GDP),1978,25.816921920064,AUS
2142,Gross capital formation (% of GDP),1978,26.8655184002982,AUT
2143,Gross capital formation (% of GDP),1978,,AZE
2144,Gross capital formation (% of GDP),1978,14.036886178699,BDI
2145,Gross capital formation (% of GDP),1978,26.4213414637772,BEL
2146,Gross capital formation (% of GDP),1978,16.0640103788601,BEN
2147,Gross capital formation (% of GDP),1978,18.3189338028038,BFA
2148,Gross capital formation (% of GDP),1978,11.5467985472657,BGD
2149,Gross capital formation (% of GDP),1978,,BGR
2150,Gross capital formation (% of GDP),1978,,BHR
2151,Gross capital formation (% of GDP),1978,11.3407015857761,BHS
2152,Gross capital formation (% of GDP),1978,,BIH
2153,Gross capital formation (% of GDP),1978,,BLR
2154,Gross capital formation (% of GDP),1978,,BLZ
2155,Gross capital formation (% of GDP),1978,,BMU
2156,Gross capital formation (% of GDP),1978,24.6948219462248,BOL
2157,Gross capital formation (% of GDP),1978,23.0331267356395,BRA
2158,Gross capital formation (% of GDP),1978,,BRB
2159,Gross capital formation (% of GDP),1978,,BRN
2160,Gross capital formation (% of GDP),1978,,BTN
2161,Gross capital formation (% of GDP),1978,36.3636363636364,BWA
2162,Gross capital formation (% of GDP),1978,10.8868706910689,CAF
2163,Gross capital formation (% of GDP),1978,23.4947302721084,CAN
2164,Gross capital formation (% of GDP),1978,,Central Europe and the Baltics
2165,Gross capital formation (% of GDP),1978,27.2604488587562,CHE
2166,Gross capital formation (% of GDP),1978,,Channel Islands
2167,Gross capital formation (% of GDP),1978,18.4751769095831,CHL
2168,Gross capital formation (% of GDP),1978,37.5415882273122,CHN
2169,Gross capital formation (% of GDP),1978,29.7621710087445,CIV
2170,Gross capital formation (% of GDP),1978,31.2488126942468,CMR
2171,Gross capital formation (% of GDP),1978,,COD
2172,Gross capital formation (% of GDP),1978,27.332323197176,COG
2173,Gross capital formation (% of GDP),1978,18.2842635463728,COL
2174,Gross capital formation (% of GDP),1978,,COM
2175,Gross capital formation (% of GDP),1978,,CPV
2176,Gross capital formation (% of GDP),1978,23.4613617893244,CRI
2177,Gross capital formation (% of GDP),1978,,Caribbean small states
2178,Gross capital formation (% of GDP),1978,25.8247287887372,CUB
2179,Gross capital formation (% of GDP),1978,,CUW
2180,Gross capital formation (% of GDP),1978,,CYM
2181,Gross capital formation (% of GDP),1978,37.2161940988201,CYP
2182,Gross capital formation (% of GDP),1978,,CZE
2183,Gross capital formation (% of GDP),1978,25.945488052697,DEU
2184,Gross capital formation (% of GDP),1978,,DJI
2185,Gross capital formation (% of GDP),1978,,DMA
2186,Gross capital formation (% of GDP),1978,23.1402004112756,DNK
2187,Gross capital formation (% of GDP),1978,23.8717472118959,DOM
2188,Gross capital formation (% of GDP),1978,52.2193540184654,DZA
2189,Gross capital formation (% of GDP),1978,31.7818513140298,East Asia & Pacific (
2190,Gross capital formation (% of GDP),1978,27.186791121924,Early-demographic dividend
2191,Gross capital formation (% of GDP),1978,32.4932538376134,East Asia & Pacific
2192,Gross capital formation (% of GDP),1978,,Europe & Central Asia (
2193,Gross capital formation (% of GDP),1978,25.2509167827568,Europe & Central Asia
2194,Gross capital formation (% of GDP),1978,22.3925039526174,ECU
2195,Gross capital formation (% of GDP),1978,28.6003807652153,EGY
2196,Gross capital formation (% of GDP),1978,25.2374317160956,Euro area
2197,Gross capital formation (% of GDP),1978,,ERI
2198,Gross capital formation (% of GDP),1978,24.1718413888545,ESP
2199,Gross capital formation (% of GDP),1978,,EST
2200,Gross capital formation (% of GDP),1978,,ETH
2201,Gross capital formation (% of GDP),1978,25.1647274557839,European Union
2202,Gross capital formation (% of GDP),1978,,Fragile and conflict affected situations
2203,Gross capital formation (% of GDP),1978,24.3945818554308,FIN
2204,Gross capital formation (% of GDP),1978,,FJI
2205,Gross capital formation (% of GDP),1978,24.6996115721825,FRA
2206,Gross capital formation (% of GDP),1978,,FRO
2207,Gross capital formation (% of GDP),1978,,FSM
2208,Gross capital formation (% of GDP),1978,35.0148367952522,GAB
2209,Gross capital formation (% of GDP),1978,24.8275092342561,GBR
2210,Gross capital formation (% of GDP),1978,,GEO
2211,Gross capital formation (% of GDP),1978,,GHA
2212,Gross capital formation (% of GDP),1978,,GIB
2213,Gross capital formation (% of GDP),1978,,GIN
2214,Gross capital formation (% of GDP),1978,23.1329241071429,GMB
2215,Gross capital formation (% of GDP),1978,21.6950855282518,GNB
2216,Gross capital formation (% of GDP),1978,,GNQ
2217,Gross capital formation (% of GDP),1978,30.257017016532,GRC
2218,Gross capital formation (% of GDP),1978,,GRD
2219,Gross capital formation (% of GDP),1978,,GRL
2220,Gross capital formation (% of GDP),1978,21.6189496386206,GTM
2221,Gross capital formation (% of GDP),1978,,GUM
2222,Gross capital formation (% of GDP),1978,20.5095842865031,GUY
2223,Gross capital formation (% of GDP),1978,26.5745667285375,High income
2224,Gross capital formation (% of GDP),1978,28.7298034552703,HKG
2225,Gross capital formation (% of GDP),1978,24.3474045733886,HND
2226,Gross capital formation (% of GDP),1978,,Heavily indebted poor countries (HIPC)
2227,Gross capital formation (% of GDP),1978,,HRV
2228,Gross capital formation (% of GDP),1978,,HTI
2229,Gross capital formation (% of GDP),1978,,HUN
2230,Gross capital formation (% of GDP),1978,27.4666226499652,IBRD only
2231,Gross capital formation (% of GDP),1978,26.2297999005352,IDA & IBRD total
2232,Gross capital formation (% of GDP),1978,,IDA total
2233,Gross capital formation (% of GDP),1978,,IDA blend
2234,Gross capital formation (% of GDP),1978,20.5341598522817,IDN
2235,Gross capital formation (% of GDP),1978,,IDA only
2236,Gross capital formation (% of GDP),1978,,IMN
2237,Gross capital formation (% of GDP),1978,22.6507207547063,IND
2238,Gross capital formation (% of GDP),1978,,Not classified
2239,Gross capital formation (% of GDP),1978,28.4887488050138,IRL
2240,Gross capital formation (% of GDP),1978,39.1251191179383,IRN
2241,Gross capital formation (% of GDP),1978,20.7439076528431,IRQ
2242,Gross capital formation (% of GDP),1978,27.6054904305728,ISL
2243,Gross capital formation (% of GDP),1978,29.2767015662636,ISR
2244,Gross capital formation (% of GDP),1978,24.5266757168443,ITA
2245,Gross capital formation (% of GDP),1978,15.0452181986082,JAM
2246,Gross capital formation (% of GDP),1978,33.0818559034327,JOR
2247,Gross capital formation (% of GDP),1978,33.7323605338323,JPN
2248,Gross capital formation (% of GDP),1978,,KAZ
2249,Gross capital formation (% of GDP),1978,29.7892893210325,KEN
2250,Gross capital formation (% of GDP),1978,,KGZ
2251,Gross capital formation (% of GDP),1978,,KHM
2252,Gross capital formation (% of GDP),1978,,KIR
2253,Gross capital formation (% of GDP),1978,,KNA
2254,Gross capital formation (% of GDP),1978,34.4844858772784,KOR
2255,Gross capital formation (% of GDP),1978,20.2354430973431,KWT
2256,Gross capital formation (% of GDP),1978,23.8215480782424,Latin America & Caribbean (
2257,Gross capital formation (% of GDP),1978,,LAO
2258,Gross capital formation (% of GDP),1978,,LBN
2259,Gross capital formation (% of GDP),1978,,LBR
2260,Gross capital formation (% of GDP),1978,,LBY
2261,Gross capital formation (% of GDP),1978,,LCA
2262,Gross capital formation (% of GDP),1978,25.4150079939485,Latin America & Caribbean
2263,Gross capital formation (% of GDP),1978,,Least developed countries: UN classification
2264,Gross capital formation (% of GDP),1978,,Low income
2265,Gross capital formation (% of GDP),1978,,LIE
2266,Gross capital formation (% of GDP),1978,20.0492206726825,LKA
2267,Gross capital formation (% of GDP),1978,22.5906292476071,Lower middle income
2268,Gross capital formation (% of GDP),1978,24.9671440902476,Low & middle income
2269,Gross capital formation (% of GDP),1978,25.0215703192407,LSO
2270,Gross capital formation (% of GDP),1978,26.4647947560995,Late-demographic dividend
2271,Gross capital formation (% of GDP),1978,,LTU
2272,Gross capital formation (% of GDP),1978,21.2514156715794,LUX
2273,Gross capital formation (% of GDP),1978,,LVA
2274,Gross capital formation (% of GDP),1978,,MAC
2275,Gross capital formation (% of GDP),1978,,MAF
2276,Gross capital formation (% of GDP),1978,25.4342386771585,MAR
2277,Gross capital formation (% of GDP),1978,,MCO
2278,Gross capital formation (% of GDP),1978,,MDA
2279,Gross capital formation (% of GDP),1978,9.5865743964621,MDG
2280,Gross capital formation (% of GDP),1978,,MDV
2281,Gross capital formation (% of GDP),1978,32.3464812461814,AFG
2282,Gross capital formation (% of GDP),1978,23.6054942233633,MEX
2283,Gross capital formation (% of GDP),1978,,MHL
2284,Gross capital formation (% of GDP),1978,25.6603563208212,Middle income
2285,Gross capital formation (% of GDP),1978,,MKD
2286,Gross capital formation (% of GDP),1978,15.9178359263865,MLI
2287,Gross capital formation (% of GDP),1978,21.5148252124755,MLT
2288,Gross capital formation (% of GDP),1978,,MMR
2289,Gross capital formation (% of GDP),1978,30.4182610218363,AFG
2290,Gross capital formation (% of GDP),1978,,MNE
2291,Gross capital formation (% of GDP),1978,,MNG
2292,Gross capital formation (% of GDP),1978,,MNP
2293,Gross capital formation (% of GDP),1978,,MOZ
2294,Gross capital formation (% of GDP),1978,15.7171864006089,MRT
2295,Gross capital formation (% of GDP),1978,30.3204292335799,MUS
2296,Gross capital formation (% of GDP),1978,,MWI
2297,Gross capital formation (% of GDP),1978,26.6694821306023,MYS
2298,Gross capital formation (% of GDP),1978,24.719830443474,North America
2299,Gross capital formation (% of GDP),1978,,NAM
2300,Gross capital formation (% of GDP),1978,,NCL
2301,Gross capital formation (% of GDP),1978,22.9935618953625,NER
2302,Gross capital formation (% of GDP),1978,,NGA
2303,Gross capital formation (% of GDP),1978,12.339528480023,NIC
2304,Gross capital formation (% of GDP),1978,23.2918043778586,NLD
2305,Gross capital formation (% of GDP),1978,30.153308704441,NOR
2306,Gross capital formation (% of GDP),1978,18.2799511137259,NPL
2307,Gross capital formation (% of GDP),1978,,NRU
2308,Gross capital formation (% of GDP),1978,22.1714608009024,NZL
2309,Gross capital formation (% of GDP),1978,26.2528778376824,OECD members
2310,Gross capital formation (% of GDP),1978,28.8959187642981,OMN
2311,Gross capital formation (% of GDP),1978,,Other small states
2312,Gross capital formation (% of GDP),1978,16.9904839679245,PAK
2313,Gross capital formation (% of GDP),1978,32.8673644544438,PAN
2314,Gross capital formation (% of GDP),1978,21.4154873654791,PER
2315,Gross capital formation (% of GDP),1978,,PHL
2316,Gross capital formation (% of GDP),1978,,PLW
2317,Gross capital formation (% of GDP),1978,22.6229270765443,PNG
2318,Gross capital formation (% of GDP),1978,,POL
2319,Gross capital formation (% of GDP),1978,,Pre-demographic dividend
2320,Gross capital formation (% of GDP),1978,16.6117330944917,PRI
2321,Gross capital formation (% of GDP),1978,,PRK
2322,Gross capital formation (% of GDP),1978,31.6193404467528,PRT
2323,Gross capital formation (% of GDP),1978,27.1955280242573,PRY
2324,Gross capital formation (% of GDP),1978,,PSE
2325,Gross capital formation (% of GDP),1978,,Pacific island small states
2326,Gross capital formation (% of GDP),1978,26.4038803725083,Post-demographic dividend
2327,Gross capital formation (% of GDP),1978,,PYF
2328,Gross capital formation (% of GDP),1978,,QAT
2329,Gross capital formation (% of GDP),1978,,ROU
2330,Gross capital formation (% of GDP),1978,,RUS
2331,Gross capital formation (% of GDP),1978,16.6070303586984,RWA
2332,Gross capital formation (% of GDP),1978,22.0859605883751,South Asia
2333,Gross capital formation (% of GDP),1978,36.2878429734197,SAU
2334,Gross capital formation (% of GDP),1978,13.7702887686591,SDN
2335,Gross capital formation (% of GDP),1978,10.475576849936,SEN
2336,Gross capital formation (% of GDP),1978,37.8603291633492,SGP
2337,Gross capital formation (% of GDP),1978,,SLB
2338,Gross capital formation (% of GDP),1978,,SLE
2339,Gross capital formation (% of GDP),1978,26.0745022314863,SLV
2340,Gross capital formation (% of GDP),1978,,SMR
2341,Gross capital formation (% of GDP),1978,28.7094809051988,SOM
2342,Gross capital formation (% of GDP),1978,,SRB
2343,Gross capital formation (% of GDP),1978,,Sub-Saharan Africa (
2344,Gross capital formation (% of GDP),1978,,SSD
2345,Gross capital formation (% of GDP),1978,,Sub-Saharan Africa
2346,Gross capital formation (% of GDP),1978,,Small states
2347,Gross capital formation (% of GDP),1978,,STP
2348,Gross capital formation (% of GDP),1978,,SUR
2349,Gross capital formation (% of GDP),1978,,SVK
2350,Gross capital formation (% of GDP),1978,,SVN
2351,Gross capital formation (% of GDP),1978,23.1084732362838,SWE
2352,Gross capital formation (% of GDP),1978,,SWZ
2353,Gross capital formation (% of GDP),1978,,SXM
2354,Gross capital formation (% of GDP),1978,43.2918628110289,SYC
2355,Gross capital formation (% of GDP),1978,,SYR
2356,Gross capital formation (% of GDP),1978,,TCA
2357,Gross capital formation (% of GDP),1978,16.2312452735238,TCD
2358,Gross capital formation (% of GDP),1978,31.7777484105082,East Asia & Pacific (IDA & IBRD countries)
2359,Gross capital formation (% of GDP),1978,,Europe & Central Asia (IDA & IBRD countries)
2360,Gross capital formation (% of GDP),1978,49.2055084745636,TGO
2361,Gross capital formation (% of GDP),1978,28.1638665867808,THA
2362,Gross capital formation (% of GDP),1978,,TJK
2363,Gross capital formation (% of GDP),1978,,TKM
2364,Gross capital formation (% of GDP),1978,25.6018545293843,Latin America & the Caribbean (IDA & IBRD countries)
2365,Gross capital formation (% of GDP),1978,,TLS
2366,Gross capital formation (% of GDP),1978,30.2138246429066,AFG
2367,Gross capital formation (% of GDP),1978,29.5091897845391,TON
2368,Gross capital formation (% of GDP),1978,22.0859605883751,South Asia (IDA & IBRD)
2369,Gross capital formation (% of GDP),1978,,Sub-Saharan Africa (IDA & IBRD countries)
2370,Gross capital formation (% of GDP),1978,,TTO
2371,Gross capital formation (% of GDP),1978,30.7580820483916,TUN
2372,Gross capital formation (% of GDP),1978,15.1463430052469,TUR
2373,Gross capital formation (% of GDP),1978,,TUV
2374,Gross capital formation (% of GDP),1978,,TZA
2375,Gross capital formation (% of GDP),1978,8.28153630582402,UGA
2376,Gross capital formation (% of GDP),1978,,UKR
2377,Gross capital formation (% of GDP),1978,26.8278704054262,Upper middle income
2378,Gross capital formation (% of GDP),1978,22.7102288672273,URY
2379,Gross capital formation (% of GDP),1978,24.8317846707708,USA
2380,Gross capital formation (% of GDP),1978,,UZB
2381,Gross capital formation (% of GDP),1978,,VCT
2382,Gross capital formation (% of GDP),1978,51.858807523956,VEN
2383,Gross capital formation (% of GDP),1978,,VGB
2384,Gross capital formation (% of GDP),1978,,VIR
2385,Gross capital formation (% of GDP),1978,,VNM
2386,Gross capital formation (% of GDP),1978,,VUT
2387,Gross capital formation (% of GDP),1978,26.5572973957863,World
2388,Gross capital formation (% of GDP),1978,,WSM
2389,Gross capital formation (% of GDP),1978,,XKX
2390,Gross capital formation (% of GDP),1978,,YEM
2391,Gross capital formation (% of GDP),1978,24.7259114003031,ZAF
2392,Gross capital formation (% of GDP),1978,,ZMB
2393,Gross capital formation (% of GDP),1978,10.695175257931,ZWE
2394,Gross capital formation (% of GDP),1979,,ABW
2395,Gross capital formation (% of GDP),1979,,Africa Eastern and Southern
2396,Gross capital formation (% of GDP),1979,,AFG
2397,Gross capital formation (% of GDP),1979,,Africa Western and Central
2398,Gross capital formation (% of GDP),1979,,AGO
2399,Gross capital formation (% of GDP),1979,,ALB
2400,Gross capital formation (% of GDP),1979,,AND
2401,Gross capital formation (% of GDP),1979,26.6528695423189,Arab World
2402,Gross capital formation (% of GDP),1979,,ARE
2403,Gross capital formation (% of GDP),1979,25.8567694620944,ARG
2404,Gross capital formation (% of GDP),1979,,ARM
2405,Gross capital formation (% of GDP),1979,,ASM
2406,Gross capital formation (% of GDP),1979,,ATG
2407,Gross capital formation (% of GDP),1979,27.8502437833149,AUS
2408,Gross capital formation (% of GDP),1979,29.7181969744119,AUT
2409,Gross capital formation (% of GDP),1979,,AZE
2410,Gross capital formation (% of GDP),1979,14.9162154755363,BDI
2411,Gross capital formation (% of GDP),1979,25.9575738619264,BEL
2412,Gross capital formation (% of GDP),1979,19.0221796978577,BEN
2413,Gross capital formation (% of GDP),1979,16.4000938527472,BFA
2414,Gross capital formation (% of GDP),1979,11.2038721266497,BGD
2415,Gross capital formation (% of GDP),1979,,BGR
2416,Gross capital formation (% of GDP),1979,,BHR
2417,Gross capital formation (% of GDP),1979,12.8268105959984,BHS
2418,Gross capital formation (% of GDP),1979,,BIH
2419,Gross capital formation (% of GDP),1979,,BLR
2420,Gross capital formation (% of GDP),1979,,BLZ
2421,Gross capital formation (% of GDP),1979,,BMU
2422,Gross capital formation (% of GDP),1979,20.8313934153642,BOL
2423,Gross capital formation (% of GDP),1979,23.1379277243404,BRA
2424,Gross capital formation (% of GDP),1979,,BRB
2425,Gross capital formation (% of GDP),1979,,BRN
2426,Gross capital formation (% of GDP),1979,,BTN
2427,Gross capital formation (% of GDP),1979,37.2193953906016,BWA
2428,Gross capital formation (% of GDP),1979,9.79419790195751,CAF
2429,Gross capital formation (% of GDP),1979,25.1415795084268,CAN
2430,Gross capital formation (% of GDP),1979,,Central Europe and the Baltics
2431,Gross capital formation (% of GDP),1979,29.9722815521527,CHE
2432,Gross capital formation (% of GDP),1979,,Channel Islands
2433,Gross capital formation (% of GDP),1979,18.3682930147462,CHL
2434,Gross capital formation (% of GDP),1979,36.2372832294507,CHN
2435,Gross capital formation (% of GDP),1979,27.9654493263813,CIV
2436,Gross capital formation (% of GDP),1979,28.520369873741,CMR
2437,Gross capital formation (% of GDP),1979,,COD
2438,Gross capital formation (% of GDP),1979,25.9607434901961,COG
2439,Gross capital formation (% of GDP),1979,18.1509853913596,COL
2440,Gross capital formation (% of GDP),1979,,COM
2441,Gross capital formation (% of GDP),1979,,CPV
2442,Gross capital formation (% of GDP),1979,25.3140139719524,CRI
2443,Gross capital formation (% of GDP),1979,,Caribbean small states
2444,Gross capital formation (% of GDP),1979,25.7708389681058,CUB
2445,Gross capital formation (% of GDP),1979,,CUW
2446,Gross capital formation (% of GDP),1979,,CYM
2447,Gross capital formation (% of GDP),1979,38.726580211903,CYP
2448,Gross capital formation (% of GDP),1979,,CZE
2449,Gross capital formation (% of GDP),1979,27.9105352714841,DEU
2450,Gross capital formation (% of GDP),1979,,DJI
2451,Gross capital formation (% of GDP),1979,,DMA
2452,Gross capital formation (% of GDP),1979,23.1153112796224,DNK
2453,Gross capital formation (% of GDP),1979,25.3550774714483,DOM
2454,Gross capital formation (% of GDP),1979,42.5459250808005,DZA
2455,Gross capital formation (% of GDP),1979,31.3800562455897,East Asia & Pacific (
2456,Gross capital formation (% of GDP),1979,24.2882787880635,Early-demographic dividend
2457,Gross capital formation (% of GDP),1979,33.8798888890636,East Asia & Pacific
2458,Gross capital formation (% of GDP),1979,,Europe & Central Asia (
2459,Gross capital formation (% of GDP),1979,26.0359129273321,Europe & Central Asia
2460,Gross capital formation (% of GDP),1979,19.1233699343418,ECU
2461,Gross capital formation (% of GDP),1979,32.1870243531202,EGY
2462,Gross capital formation (% of GDP),1979,26.0938721321755,Euro area
2463,Gross capital formation (% of GDP),1979,,ERI
2464,Gross capital formation (% of GDP),1979,23.564029339421,ESP
2465,Gross capital formation (% of GDP),1979,,EST
2466,Gross capital formation (% of GDP),1979,,ETH
2467,Gross capital formation (% of GDP),1979,26.0963145879691,European Union
2468,Gross capital formation (% of GDP),1979,,Fragile and conflict affected situations
2469,Gross capital formation (% of GDP),1979,27.7736774454432,FIN
2470,Gross capital formation (% of GDP),1979,,FJI
2471,Gross capital formation (% of GDP),1979,25.2167478768822,FRA
2472,Gross capital formation (% of GDP),1979,,FRO
2473,Gross capital formation (% of GDP),1979,,FSM
2474,Gross capital formation (% of GDP),1979,32.9196400868756,GAB
2475,Gross capital formation (% of GDP),1979,24.9792959723676,GBR
2476,Gross capital formation (% of GDP),1979,,GEO
2477,Gross capital formation (% of GDP),1979,,GHA
2478,Gross capital formation (% of GDP),1979,,GIB
2479,Gross capital formation (% of GDP),1979,,GIN
2480,Gross capital formation (% of GDP),1979,29.089668813351,GMB
2481,Gross capital formation (% of GDP),1979,21.8370595473489,GNB
2482,Gross capital formation (% of GDP),1979,,GNQ
2483,Gross capital formation (% of GDP),1979,29.6204740837548,GRC
2484,Gross capital formation (% of GDP),1979,,GRD
2485,Gross capital formation (% of GDP),1979,,GRL
2486,Gross capital formation (% of GDP),1979,18.7451099949263,GTM
2487,Gross capital formation (% of GDP),1979,,GUM
2488,Gross capital formation (% of GDP),1979,30.9931377724154,GUY
2489,Gross capital formation (% of GDP),1979,27.1485485447982,High income
2490,Gross capital formation (% of GDP),1979,32.6352592487421,HKG
2491,Gross capital formation (% of GDP),1979,24.5498558317091,HND
2492,Gross capital formation (% of GDP),1979,,Heavily indebted poor countries (HIPC)
2493,Gross capital formation (% of GDP),1979,,HRV
2494,Gross capital formation (% of GDP),1979,,HTI
2495,Gross capital formation (% of GDP),1979,,HUN
2496,Gross capital formation (% of GDP),1979,26.047203762558,IBRD only
2497,Gross capital formation (% of GDP),1979,24.934944380363,IDA & IBRD total
2498,Gross capital formation (% of GDP),1979,,IDA total
2499,Gross capital formation (% of GDP),1979,,IDA blend
2500,Gross capital formation (% of GDP),1979,20.9343208827993,IDN
2501,Gross capital formation (% of GDP),1979,,IDA only
2502,Gross capital formation (% of GDP),1979,,IMN
2503,Gross capital formation (% of GDP),1979,23.5953767441188,IND
2504,Gross capital formation (% of GDP),1979,,Not classified
2505,Gross capital formation (% of GDP),1979,32.3990404137501,IRL
2506,Gross capital formation (% of GDP),1979,25.0081710654887,IRN
2507,Gross capital formation (% of GDP),1979,29.3591947847267,IRQ
2508,Gross capital formation (% of GDP),1979,27.9043518812644,ISL
2509,Gross capital formation (% of GDP),1979,30.2011419853414,ISR
2510,Gross capital formation (% of GDP),1979,25.0745061553822,ITA
2511,Gross capital formation (% of GDP),1979,19.2186368203379,JAM
2512,Gross capital formation (% of GDP),1979,31.5419847328244,JOR
2513,Gross capital formation (% of GDP),1979,35.4624165908638,JPN
2514,Gross capital formation (% of GDP),1979,,KAZ
2515,Gross capital formation (% of GDP),1979,18.1327783022916,KEN
2516,Gross capital formation (% of GDP),1979,,KGZ
2517,Gross capital formation (% of GDP),1979,,KHM
2518,Gross capital formation (% of GDP),1979,,KIR
2519,Gross capital formation (% of GDP),1979,,KNA
2520,Gross capital formation (% of GDP),1979,37.4738830268222,KOR
2521,Gross capital formation (% of GDP),1979,13.6509843460623,KWT
2522,Gross capital formation (% of GDP),1979,23.820363231936,Latin America & Caribbean (
2523,Gross capital formation (% of GDP),1979,,LAO
2524,Gross capital formation (% of GDP),1979,,LBN
2525,Gross capital formation (% of GDP),1979,,LBR
2526,Gross capital formation (% of GDP),1979,,LBY
2527,Gross capital formation (% of GDP),1979,,LCA
2528,Gross capital formation (% of GDP),1979,24.5417286497022,Latin America & Caribbean
2529,Gross capital formation (% of GDP),1979,,Least developed countries: UN classification
2530,Gross capital formation (% of GDP),1979,,Low income
2531,Gross capital formation (% of GDP),1979,,LIE
2532,Gross capital formation (% of GDP),1979,25.8212915417947,LKA
2533,Gross capital formation (% of GDP),1979,22.5092198627593,Lower middle income
2534,Gross capital formation (% of GDP),1979,24.0266991406854,Low & middle income
2535,Gross capital formation (% of GDP),1979,32.7466230045027,LSO
2536,Gross capital formation (% of GDP),1979,25.8295639421247,Late-demographic dividend
2537,Gross capital formation (% of GDP),1979,,LTU
2538,Gross capital formation (% of GDP),1979,18.7951946047415,LUX
2539,Gross capital formation (% of GDP),1979,,LVA
2540,Gross capital formation (% of GDP),1979,,MAC
2541,Gross capital formation (% of GDP),1979,,MAF
2542,Gross capital formation (% of GDP),1979,24.4926905533259,MAR
2543,Gross capital formation (% of GDP),1979,,MCO
2544,Gross capital formation (% of GDP),1979,,MDA
2545,Gross capital formation (% of GDP),1979,16.0939307054503,MDG
2546,Gross capital formation (% of GDP),1979,,MDV
2547,Gross capital formation (% of GDP),1979,25.8433085647748,AFG
2548,Gross capital formation (% of GDP),1979,25.9466492829205,MEX
2549,Gross capital formation (% of GDP),1979,,MHL
2550,Gross capital formation (% of GDP),1979,24.6011963823499,Middle income
2551,Gross capital formation (% of GDP),1979,,MKD
2552,Gross capital formation (% of GDP),1979,15.4745263372056,MLI
2553,Gross capital formation (% of GDP),1979,23.3716451724714,MLT
2554,Gross capital formation (% of GDP),1979,,MMR
2555,Gross capital formation (% of GDP),1979,25.0656295810799,AFG
2556,Gross capital formation (% of GDP),1979,,MNE
2557,Gross capital formation (% of GDP),1979,,MNG
2558,Gross capital formation (% of GDP),1979,,MNP
2559,Gross capital formation (% of GDP),1979,,MOZ
2560,Gross capital formation (% of GDP),1979,12.9430292734822,MRT
2561,Gross capital formation (% of GDP),1979,30.8025481086982,MUS
2562,Gross capital formation (% of GDP),1979,,MWI
2563,Gross capital formation (% of GDP),1979,28.9139238325004,MYS
2564,Gross capital formation (% of GDP),1979,25.1160399737849,North America
2565,Gross capital formation (% of GDP),1979,,NAM
2566,Gross capital formation (% of GDP),1979,,NCL
2567,Gross capital formation (% of GDP),1979,25.8328146933026,NER
2568,Gross capital formation (% of GDP),1979,,NGA
2569,Gross capital formation (% of GDP),1979,-5.73973794517383,NIC
2570,Gross capital formation (% of GDP),1979,22.4244747341204,NLD
2571,Gross capital formation (% of GDP),1979,28.8266491245675,NOR
2572,Gross capital formation (% of GDP),1979,15.8181403744401,NPL
2573,Gross capital formation (% of GDP),1979,,NRU
2574,Gross capital formation (% of GDP),1979,23.6567452647855,NZL
2575,Gross capital formation (% of GDP),1979,26.9591060140345,OECD members
2576,Gross capital formation (% of GDP),1979,26.0100736719659,OMN
2577,Gross capital formation (% of GDP),1979,,Other small states
2578,Gross capital formation (% of GDP),1979,17.1125875381577,PAK
2579,Gross capital formation (% of GDP),1979,34.7051448817719,PAN
2580,Gross capital formation (% of GDP),1979,23.9663685110368,PER
2581,Gross capital formation (% of GDP),1979,,PHL
2582,Gross capital formation (% of GDP),1979,,PLW
2583,Gross capital formation (% of GDP),1979,23.4778927184924,PNG
2584,Gross capital formation (% of GDP),1979,,POL
2585,Gross capital formation (% of GDP),1979,,Pre-demographic dividend
2586,Gross capital formation (% of GDP),1979,16.4007843137255,PRI
2587,Gross capital formation (% of GDP),1979,,PRK
2588,Gross capital formation (% of GDP),1979,30.5966562643166,PRT
2589,Gross capital formation (% of GDP),1979,28.563995595962,PRY
2590,Gross capital formation (% of GDP),1979,,PSE
2591,Gross capital formation (% of GDP),1979,,Pacific island small states
2592,Gross capital formation (% of GDP),1979,27.1347130716254,Post-demographic dividend
2593,Gross capital formation (% of GDP),1979,,PYF
2594,Gross capital formation (% of GDP),1979,,QAT
2595,Gross capital formation (% of GDP),1979,,ROU
2596,Gross capital formation (% of GDP),1979,,RUS
2597,Gross capital formation (% of GDP),1979,12.0307786751345,RWA
2598,Gross capital formation (% of GDP),1979,22.9411532207531,South Asia
2599,Gross capital formation (% of GDP),1979,26.2819933074071,SAU
2600,Gross capital formation (% of GDP),1979,14.2406377148551,SDN
2601,Gross capital formation (% of GDP),1979,11.2763838621152,SEN
2602,Gross capital formation (% of GDP),1979,42.1168145611413,SGP
2603,Gross capital formation (% of GDP),1979,,SLB
2604,Gross capital formation (% of GDP),1979,,SLE
2605,Gross capital formation (% of GDP),1979,18.0850209053199,SLV
2606,Gross capital formation (% of GDP),1979,,SMR
2607,Gross capital formation (% of GDP),1979,23.0161380077908,SOM
2608,Gross capital formation (% of GDP),1979,,SRB
2609,Gross capital formation (% of GDP),1979,,Sub-Saharan Africa (
2610,Gross capital formation (% of GDP),1979,,SSD
2611,Gross capital formation (% of GDP),1979,,Sub-Saharan Africa
2612,Gross capital formation (% of GDP),1979,,Small states
2613,Gross capital formation (% of GDP),1979,,STP
2614,Gross capital formation (% of GDP),1979,,SUR
2615,Gross capital formation (% of GDP),1979,,SVK
2616,Gross capital formation (% of GDP),1979,,SVN
2617,Gross capital formation (% of GDP),1979,25.8321655886188,SWE
2618,Gross capital formation (% of GDP),1979,,SWZ
2619,Gross capital formation (% of GDP),1979,,SXM
2620,Gross capital formation (% of GDP),1979,32.9445340612979,SYC
2621,Gross capital formation (% of GDP),1979,,SYR
2622,Gross capital formation (% of GDP),1979,,TCA
2623,Gross capital formation (% of GDP),1979,,TCD
2624,Gross capital formation (% of GDP),1979,31.376534064521,East Asia & Pacific (IDA & IBRD countries)
2625,Gross capital formation (% of GDP),1979,,Europe & Central Asia (IDA & IBRD countries)
2626,Gross capital formation (% of GDP),1979,50.7048872179951,TGO
2627,Gross capital formation (% of GDP),1979,27.2052252102184,THA
2628,Gross capital formation (% of GDP),1979,,TJK
2629,Gross capital formation (% of GDP),1979,,TKM
2630,Gross capital formation (% of GDP),1979,24.6919569720981,Latin America & the Caribbean (IDA & IBRD countries)
2631,Gross capital formation (% of GDP),1979,,TLS
2632,Gross capital formation (% of GDP),1979,24.897167401619,AFG
2633,Gross capital formation (% of GDP),1979,31.1668681226554,TON
2634,Gross capital formation (% of GDP),1979,22.9411532207531,South Asia (IDA & IBRD)
2635,Gross capital formation (% of GDP),1979,,Sub-Saharan Africa (IDA & IBRD countries)
2636,Gross capital formation (% of GDP),1979,,TTO
2637,Gross capital formation (% of GDP),1979,29.4284736481862,TUN
2638,Gross capital formation (% of GDP),1979,14.5027176847486,TUR
2639,Gross capital formation (% of GDP),1979,,TUV
2640,Gross capital formation (% of GDP),1979,,TZA
2641,Gross capital formation (% of GDP),1979,6.58010074683559,UGA
2642,Gross capital formation (% of GDP),1979,,UKR
2643,Gross capital formation (% of GDP),1979,25.4975997514992,Upper middle income
2644,Gross capital formation (% of GDP),1979,24.0415004841131,URY
2645,Gross capital formation (% of GDP),1979,25.1111678649033,USA
2646,Gross capital formation (% of GDP),1979,,UZB
2647,Gross capital formation (% of GDP),1979,,VCT
2648,Gross capital formation (% of GDP),1979,38.244125986223,VEN
2649,Gross capital formation (% of GDP),1979,,VGB
2650,Gross capital formation (% of GDP),1979,,VIR
2651,Gross capital formation (% of GDP),1979,,VNM
2652,Gross capital formation (% of GDP),1979,,VUT
2653,Gross capital formation (% of GDP),1979,26.8255722597725,World
2654,Gross capital formation (% of GDP),1979,,WSM
2655,Gross capital formation (% of GDP),1979,,XKX
2656,Gross capital formation (% of GDP),1979,,YEM
2657,Gross capital formation (% of GDP),1979,25.6066314996232,ZAF
2658,Gross capital formation (% of GDP),1979,,ZMB
2659,Gross capital formation (% of GDP),1979,11.4096307544198,ZWE
2660,Gross capital formation (% of GDP),1980,,ABW
2661,Gross capital formation (% of GDP),1980,,Africa Eastern and Southern
2662,Gross capital formation (% of GDP),1980,,AFG
2663,Gross capital formation (% of GDP),1980,,Africa Western and Central
2664,Gross capital formation (% of GDP),1980,,AGO
2665,Gross capital formation (% of GDP),1980,35.805834723522,ALB
2666,Gross capital formation (% of GDP),1980,,AND
2667,Gross capital formation (% of GDP),1980,25.0979379760585,Arab World
2668,Gross capital formation (% of GDP),1980,,ARE
2669,Gross capital formation (% of GDP),1980,25.257786289888,ARG
2670,Gross capital formation (% of GDP),1980,,ARM
2671,Gross capital formation (% of GDP),1980,,ASM
2672,Gross capital formation (% of GDP),1980,,ATG
2673,Gross capital formation (% of GDP),1980,27.0863357451677,AUS
2674,Gross capital formation (% of GDP),1980,29.1472905075519,AUT
2675,Gross capital formation (% of GDP),1980,,AZE
2676,Gross capital formation (% of GDP),1980,13.8857679938726,BDI
2677,Gross capital formation (% of GDP),1980,26.5551106570398,BEL
2678,Gross capital formation (% of GDP),1980,15.1565679481707,BEN
2679,Gross capital formation (% of GDP),1980,15.1069505593291,BFA
2680,Gross capital formation (% of GDP),1980,14.4393912962956,BGD
2681,Gross capital formation (% of GDP),1980,33.9963553177465,BGR
2682,Gross capital formation (% of GDP),1980,40.5672438426273,BHR
2683,Gross capital formation (% of GDP),1980,18.2880251628847,BHS
2684,Gross capital formation (% of GDP),1980,,BIH
2685,Gross capital formation (% of GDP),1980,,BLR
2686,Gross capital formation (% of GDP),1980,17.9288306138306,BLZ
2687,Gross capital formation (% of GDP),1980,,BMU
2688,Gross capital formation (% of GDP),1980,16.6377551478981,BOL
2689,Gross capital formation (% of GDP),1980,23.1135062558596,BRA
2690,Gross capital formation (% of GDP),1980,,BRB
2691,Gross capital formation (% of GDP),1980,,BRN
2692,Gross capital formation (% of GDP),1980,31.5267329456202,BTN
2693,Gross capital formation (% of GDP),1980,40.0521496573889,BWA
2694,Gross capital formation (% of GDP),1980,7.00712558895795,CAF
2695,Gross capital formation (% of GDP),1980,23.7626589533241,CAN
2696,Gross capital formation (% of GDP),1980,,Central Europe and the Baltics
2697,Gross capital formation (% of GDP),1980,34.1506227152872,CHE
2698,Gross capital formation (% of GDP),1980,,Channel Islands
2699,Gross capital formation (% of GDP),1980,21.6917582086836,CHL
2700,Gross capital formation (% of GDP),1980,34.544058348021,CHN
2701,Gross capital formation (% of GDP),1980,26.5361179605953,CIV
2702,Gross capital formation (% of GDP),1980,20.9828387899748,CMR
2703,Gross capital formation (% of GDP),1980,,COD
2704,Gross capital formation (% of GDP),1980,35.7658157602664,COG
2705,Gross capital formation (% of GDP),1980,19.0685377391348,COL
2706,Gross capital formation (% of GDP),1980,18.0421691393269,COM
2707,Gross capital formation (% of GDP),1980,,CPV
2708,Gross capital formation (% of GDP),1980,26.5747298967581,CRI
2709,Gross capital formation (% of GDP),1980,,Caribbean small states
2710,Gross capital formation (% of GDP),1980,26.2695658877628,CUB
2711,Gross capital formation (% of GDP),1980,,CUW
2712,Gross capital formation (% of GDP),1980,,CYM
2713,Gross capital formation (% of GDP),1980,37.8140189709447,CYP
2714,Gross capital formation (% of GDP),1980,,CZE
2715,Gross capital formation (% of GDP),1980,27.6833281172969,DEU
2716,Gross capital formation (% of GDP),1980,,DJI
2717,Gross capital formation (% of GDP),1980,,DMA
2718,Gross capital formation (% of GDP),1980,20.1462969309744,DNK
2719,Gross capital formation (% of GDP),1980,24.6298788694482,DOM
2720,Gross capital formation (% of GDP),1980,39.0769221517633,DZA
2721,Gross capital formation (% of GDP),1980,29.9941395156563,East Asia & Pacific (
2722,Gross capital formation (% of GDP),1980,25.3282642524604,Early-demographic dividend
2723,Gross capital formation (% of GDP),1980,33.0968820480838,East Asia & Pacific
2724,Gross capital formation (% of GDP),1980,,Europe & Central Asia (
2725,Gross capital formation (% of GDP),1980,26.3056695084147,Europe & Central Asia
2726,Gross capital formation (% of GDP),1980,22.0695718662562,ECU
2727,Gross capital formation (% of GDP),1980,27.5000000004807,EGY
2728,Gross capital formation (% of GDP),1980,26.7785375807493,Euro area
2729,Gross capital formation (% of GDP),1980,,ERI
2730,Gross capital formation (% of GDP),1980,24.3726048259371,ESP
2731,Gross capital formation (% of GDP),1980,,EST
2732,Gross capital formation (% of GDP),1980,,ETH
2733,Gross capital formation (% of GDP),1980,26.7308525597975,European Union
2734,Gross capital formation (% of GDP),1980,,Fragile and conflict affected situations
2735,Gross capital formation (% of GDP),1980,31.2448009506833,FIN
2736,Gross capital formation (% of GDP),1980,30.854466010525,FJI
2737,Gross capital formation (% of GDP),1980,26.1163834885544,FRA
2738,Gross capital formation (% of GDP),1980,,FRO
2739,Gross capital formation (% of GDP),1980,,FSM
2740,Gross capital formation (% of GDP),1980,27.5381552753816,GAB
2741,Gross capital formation (% of GDP),1980,21.4729383743938,GBR
2742,Gross capital formation (% of GDP),1980,29.2708887706227,GEO
2743,Gross capital formation (% of GDP),1980,,GHA
2744,Gross capital formation (% of GDP),1980,,GIB
2745,Gross capital formation (% of GDP),1980,,GIN
2746,Gross capital formation (% of GDP),1980,26.6954752218547,GMB
2747,Gross capital formation (% of GDP),1980,28.1809613969355,GNB
2748,Gross capital formation (% of GDP),1980,,GNQ
2749,Gross capital formation (% of GDP),1980,28.2555865043219,GRC
2750,Gross capital formation (% of GDP),1980,,GRD
2751,Gross capital formation (% of GDP),1980,,GRL
2752,Gross capital formation (% of GDP),1980,15.8655615774176,GTM
2753,Gross capital formation (% of GDP),1980,,GUM
2754,Gross capital formation (% of GDP),1980,32.7586206896552,GUY
2755,Gross capital formation (% of GDP),1980,26.3083175028943,High income
2756,Gross capital formation (% of GDP),1980,34.8533272060103,HKG
2757,Gross capital formation (% of GDP),1980,22.7019147427805,HND
2758,Gross capital formation (% of GDP),1980,,Heavily indebted poor countries (HIPC)
2759,Gross capital formation (% of GDP),1980,,HRV
2760,Gross capital formation (% of GDP),1980,,HTI
2761,Gross capital formation (% of GDP),1980,,HUN
2762,Gross capital formation (% of GDP),1980,26.9375129734731,IBRD only
2763,Gross capital formation (% of GDP),1980,25.8923936520881,IDA & IBRD total
2764,Gross capital formation (% of GDP),1980,,IDA total
2765,Gross capital formation (% of GDP),1980,,IDA blend
2766,Gross capital formation (% of GDP),1980,20.8715015942102,IDN
2767,Gross capital formation (% of GDP),1980,,IDA only
2768,Gross capital formation (% of GDP),1980,,IMN
2769,Gross capital formation (% of GDP),1980,19.5550034544046,IND
2770,Gross capital formation (% of GDP),1980,,Not classified
2771,Gross capital formation (% of GDP),1980,27.2990698020539,IRL
2772,Gross capital formation (% of GDP),1980,47.8648931187452,IRN
2773,Gross capital formation (% of GDP),1980,30.819811422448,IRQ
2774,Gross capital formation (% of GDP),1980,30.114641233822,ISL
2775,Gross capital formation (% of GDP),1980,26.3342371230746,ISR
2776,Gross capital formation (% of GDP),1980,27.4836291074152,ITA
2777,Gross capital formation (% of GDP),1980,15.9058054513838,JAM
2778,Gross capital formation (% of GDP),1980,37.1705725813375,JOR
2779,Gross capital formation (% of GDP),1980,35.1883172137636,JPN
2780,Gross capital formation (% of GDP),1980,,KAZ
2781,Gross capital formation (% of GDP),1980,24.5071406229961,KEN
2782,Gross capital formation (% of GDP),1980,,KGZ
2783,Gross capital formation (% of GDP),1980,,KHM
2784,Gross capital formation (% of GDP),1980,,KIR
2785,Gross capital formation (% of GDP),1980,,KNA
2786,Gross capital formation (% of GDP),1980,34.0306254735671,KOR
2787,Gross capital formation (% of GDP),1980,13.9206817227572,KWT
2788,Gross capital formation (% of GDP),1980,24.0924815479792,Latin America & Caribbean (
2789,Gross capital formation (% of GDP),1980,,LAO
2790,Gross capital formation (% of GDP),1980,,LBN
2791,Gross capital formation (% of GDP),1980,,LBR
2792,Gross capital formation (% of GDP),1980,,LBY
2793,Gross capital formation (% of GDP),1980,,LCA
2794,Gross capital formation (% of GDP),1980,24.1842558048367,Latin America & Caribbean
2795,Gross capital formation (% of GDP),1980,,Least developed countries: UN classification
2796,Gross capital formation (% of GDP),1980,,Low income
2797,Gross capital formation (% of GDP),1980,,LIE
2798,Gross capital formation (% of GDP),1980,33.7682444721692,LKA
2799,Gross capital formation (% of GDP),1980,20.8214521408842,Lower middle income
2800,Gross capital formation (% of GDP),1980,25.2550131001062,Low & middle income
2801,Gross capital formation (% of GDP),1980,37.0427551324011,LSO
2802,Gross capital formation (% of GDP),1980,24.9832271963354,Late-demographic dividend
2803,Gross capital formation (% of GDP),1980,,LTU
2804,Gross capital formation (% of GDP),1980,21.4929474762229,LUX
2805,Gross capital formation (% of GDP),1980,,LVA
2806,Gross capital formation (% of GDP),1980,,MAC
2807,Gross capital formation (% of GDP),1980,,MAF
2808,Gross capital formation (% of GDP),1980,30.3534826527884,MAR
2809,Gross capital formation (% of GDP),1980,,MCO
2810,Gross capital formation (% of GDP),1980,,MDA
2811,Gross capital formation (% of GDP),1980,46.5896581909409,MDG
2812,Gross capital formation (% of GDP),1980,,MDV
2813,Gross capital formation (% of GDP),1980,28.4880708710821,AFG
2814,Gross capital formation (% of GDP),1980,25.7298176698355,MEX
2815,Gross capital formation (% of GDP),1980,,MHL
2816,Gross capital formation (% of GDP),1980,25.7490472838708,Middle income
2817,Gross capital formation (% of GDP),1980,,MKD
2818,Gross capital formation (% of GDP),1980,,MLI
2819,Gross capital formation (% of GDP),1980,22.5768650526351,MLT
2820,Gross capital formation (% of GDP),1980,,MMR
2821,Gross capital formation (% of GDP),1980,31.7917468878872,AFG
2822,Gross capital formation (% of GDP),1980,,MNE
2823,Gross capital formation (% of GDP),1980,,MNG
2824,Gross capital formation (% of GDP),1980,,MNP
2825,Gross capital formation (% of GDP),1980,,MOZ
2826,Gross capital formation (% of GDP),1980,18.3739933752506,MRT
2827,Gross capital formation (% of GDP),1980,20.4558662959587,MUS
2828,Gross capital formation (% of GDP),1980,,MWI
2829,Gross capital formation (% of GDP),1980,30.4213251294365,MYS
2830,Gross capital formation (% of GDP),1980,23.3517526105263,North America
2831,Gross capital formation (% of GDP),1980,23.9190485865886,NAM
2832,Gross capital formation (% of GDP),1980,,NCL
2833,Gross capital formation (% of GDP),1980,28.1132079696333,NER
2834,Gross capital formation (% of GDP),1980,,NGA
2835,Gross capital formation (% of GDP),1980,16.7788530921313,NIC
2836,Gross capital formation (% of GDP),1980,23.2806552170057,NLD
2837,Gross capital formation (% of GDP),1980,28.54131123951,NOR
2838,Gross capital formation (% of GDP),1980,18.2861559798791,NPL
2839,Gross capital formation (% of GDP),1980,,NRU
2840,Gross capital formation (% of GDP),1980,21.5270281491323,NZL
2841,Gross capital formation (% of GDP),1980,26.2807379094102,OECD members
2842,Gross capital formation (% of GDP),1980,22.2932142684284,OMN
2843,Gross capital formation (% of GDP),1980,,Other small states
2844,Gross capital formation (% of GDP),1980,17.6685356073773,PAK
2845,Gross capital formation (% of GDP),1980,35.3114497379156,PAN
2846,Gross capital formation (% of GDP),1980,30.3400891347278,PER
2847,Gross capital formation (% of GDP),1980,,PHL
2848,Gross capital formation (% of GDP),1980,,PLW
2849,Gross capital formation (% of GDP),1980,25.2092968795738,PNG
2850,Gross capital formation (% of GDP),1980,,POL
2851,Gross capital formation (% of GDP),1980,,Pre-demographic dividend
2852,Gross capital formation (% of GDP),1980,17.1362071473597,PRI
2853,Gross capital formation (% of GDP),1980,,PRK
2854,Gross capital formation (% of GDP),1980,34.022549320018,PRT
2855,Gross capital formation (% of GDP),1980,28.7628533041668,PRY
2856,Gross capital formation (% of GDP),1980,,PSE
2857,Gross capital formation (% of GDP),1980,,Pacific island small states
2858,Gross capital formation (% of GDP),1980,26.4005783167384,Post-demographic dividend
2859,Gross capital formation (% of GDP),1980,,PYF
2860,Gross capital formation (% of GDP),1980,,QAT
2861,Gross capital formation (% of GDP),1980,,ROU
2862,Gross capital formation (% of GDP),1980,,RUS
2863,Gross capital formation (% of GDP),1980,16.1403830582105,RWA
2864,Gross capital formation (% of GDP),1980,19.802125828551,South Asia
2865,Gross capital formation (% of GDP),1980,22.9094542923485,SAU
2866,Gross capital formation (% of GDP),1980,10.7241001809692,SDN
2867,Gross capital formation (% of GDP),1980,11.9962958995098,SEN
2868,Gross capital formation (% of GDP),1980,45.0281411386338,SGP
2869,Gross capital formation (% of GDP),1980,3.29520528189773,SLB
2870,Gross capital formation (% of GDP),1980,16.2094331458243,SLE
2871,Gross capital formation (% of GDP),1980,13.2737919079618,SLV
2872,Gross capital formation (% of GDP),1980,,SMR
2873,Gross capital formation (% of GDP),1980,42.4716061126809,SOM
2874,Gross capital formation (% of GDP),1980,,SRB
2875,Gross capital formation (% of GDP),1980,,Sub-Saharan Africa (
2876,Gross capital formation (% of GDP),1980,,SSD
2877,Gross capital formation (% of GDP),1980,,Sub-Saharan Africa
2878,Gross capital formation (% of GDP),1980,,Small states
2879,Gross capital formation (% of GDP),1980,,STP
2880,Gross capital formation (% of GDP),1980,,SUR
2881,Gross capital formation (% of GDP),1980,,SVK
2882,Gross capital formation (% of GDP),1980,,SVN
2883,Gross capital formation (% of GDP),1980,27.1646305811479,SWE
2884,Gross capital formation (% of GDP),1980,,SWZ
2885,Gross capital formation (% of GDP),1980,,SXM
2886,Gross capital formation (% of GDP),1980,37.5773442072173,SYC
2887,Gross capital formation (% of GDP),1980,,SYR
2888,Gross capital formation (% of GDP),1980,,TCA
2889,Gross capital formation (% of GDP),1980,,TCD
2890,Gross capital formation (% of GDP),1980,29.991246125561,East Asia & Pacific (IDA & IBRD countries)
2891,Gross capital formation (% of GDP),1980,,Europe & Central Asia (IDA & IBRD countries)
2892,Gross capital formation (% of GDP),1980,34.7734899327819,TGO
2893,Gross capital formation (% of GDP),1980,29.1419241331751,THA
2894,Gross capital formation (% of GDP),1980,,TJK
2895,Gross capital formation (% of GDP),1980,,TKM
2896,Gross capital formation (% of GDP),1980,24.2739143895369,Latin America & the Caribbean (IDA & IBRD countries)
2897,Gross capital formation (% of GDP),1980,,TLS
2898,Gross capital formation (% of GDP),1980,31.5780795250836,AFG
2899,Gross capital formation (% of GDP),1980,30.0558014238984,TON
2900,Gross capital formation (% of GDP),1980,19.802125828551,South Asia (IDA & IBRD)
2901,Gross capital formation (% of GDP),1980,,Sub-Saharan Africa (IDA & IBRD countries)
2902,Gross capital formation (% of GDP),1980,,TTO
2903,Gross capital formation (% of GDP),1980,29.3602598503036,TUN
2904,Gross capital formation (% of GDP),1980,18.1642641379574,TUR
2905,Gross capital formation (% of GDP),1980,,TUV
2906,Gross capital formation (% of GDP),1980,,TZA
2907,Gross capital formation (% of GDP),1980,6.15453836944906,UGA
2908,Gross capital formation (% of GDP),1980,,UKR
2909,Gross capital formation (% of GDP),1980,27.4949290567294,Upper middle income
2910,Gross capital formation (% of GDP),1980,17.3463190317123,URY
2911,Gross capital formation (% of GDP),1980,23.3103058229305,USA
2912,Gross capital formation (% of GDP),1980,,UZB
2913,Gross capital formation (% of GDP),1980,,VCT
2914,Gross capital formation (% of GDP),1980,29.9213221033749,VEN
2915,Gross capital formation (% of GDP),1980,,VGB
2916,Gross capital formation (% of GDP),1980,,VIR
2917,Gross capital formation (% of GDP),1980,,VNM
2918,Gross capital formation (% of GDP),1980,,VUT
2919,Gross capital formation (% of GDP),1980,26.259109742221,World
2920,Gross capital formation (% of GDP),1980,,WSM
2921,Gross capital formation (% of GDP),1980,,XKX
2922,Gross capital formation (% of GDP),1980,,YEM
2923,Gross capital formation (% of GDP),1980,29.6839323922627,ZAF
2924,Gross capital formation (% of GDP),1980,,ZMB
2925,Gross capital formation (% of GDP),1980,16.9369789330473,ZWE
2926,Gross capital formation (% of GDP),1981,,ABW
2927,Gross capital formation (% of GDP),1981,,Africa Eastern and Southern
2928,Gross capital formation (% of GDP),1981,,AFG
2929,Gross capital formation (% of GDP),1981,,Africa Western and Central
2930,Gross capital formation (% of GDP),1981,,AGO
2931,Gross capital formation (% of GDP),1981,36.3861156517659,ALB
2932,Gross capital formation (% of GDP),1981,,AND
2933,Gross capital formation (% of GDP),1981,27.3669947618656,Arab World
2934,Gross capital formation (% of GDP),1981,,ARE
2935,Gross capital formation (% of GDP),1981,22.6910887215618,ARG
2936,Gross capital formation (% of GDP),1981,,ARM
2937,Gross capital formation (% of GDP),1981,,ASM
2938,Gross capital formation (% of GDP),1981,,ATG
2939,Gross capital formation (% of GDP),1981,28.6768180624836,AUS
2940,Gross capital formation (% of GDP),1981,27.2693239400671,AUT
2941,Gross capital formation (% of GDP),1981,,AZE
2942,Gross capital formation (% of GDP),1981,17.006175599845,BDI
2943,Gross capital formation (% of GDP),1981,22.5730012588296,BEL
2944,Gross capital formation (% of GDP),1981,15.6767522384168,BEN
2945,Gross capital formation (% of GDP),1981,14.1309296513323,BFA
2946,Gross capital formation (% of GDP),1981,17.1557664410058,BGD
2947,Gross capital formation (% of GDP),1981,35.4878136458408,BGR
2948,Gross capital formation (% of GDP),1981,36.5976553939922,BHR
2949,Gross capital formation (% of GDP),1981,18.8433228180862,BHS
2950,Gross capital formation (% of GDP),1981,,BIH
2951,Gross capital formation (% of GDP),1981,,BLR
2952,Gross capital formation (% of GDP),1981,18.8789581975072,BLZ
2953,Gross capital formation (% of GDP),1981,,BMU
2954,Gross capital formation (% of GDP),1981,16.0512799213634,BOL
2955,Gross capital formation (% of GDP),1981,23.580302746211,BRA
2956,Gross capital formation (% of GDP),1981,,BRB
2957,Gross capital formation (% of GDP),1981,,BRN
2958,Gross capital formation (% of GDP),1981,33.7651237426316,BTN
2959,Gross capital formation (% of GDP),1981,43.4056761268781,BWA
2960,Gross capital formation (% of GDP),1981,8.73940581291743,CAF
2961,Gross capital formation (% of GDP),1981,25.2960435228772,CAN
2962,Gross capital formation (% of GDP),1981,,Central Europe and the Baltics
2963,Gross capital formation (% of GDP),1981,31.4393545385989,CHE
2964,Gross capital formation (% of GDP),1981,,Channel Islands
2965,Gross capital formation (% of GDP),1981,22.9881588703307,CHL
2966,Gross capital formation (% of GDP),1981,32.8896636883936,CHN
2967,Gross capital formation (% of GDP),1981,25.9404733819914,CIV
2968,Gross capital formation (% of GDP),1981,27.1877091328542,CMR
2969,Gross capital formation (% of GDP),1981,,COD
2970,Gross capital formation (% of GDP),1981,48.1631899575411,COG
2971,Gross capital formation (% of GDP),1981,20.6239947790292,COL
2972,Gross capital formation (% of GDP),1981,18.0423558945908,COM
2973,Gross capital formation (% of GDP),1981,,CPV
2974,Gross capital formation (% of GDP),1981,29.0266482230556,CRI
2975,Gross capital formation (% of GDP),1981,,Caribbean small states
2976,Gross capital formation (% of GDP),1981,26.1481267218795,CUB
2977,Gross capital formation (% of GDP),1981,,CUW
2978,Gross capital formation (% of GDP),1981,,CYM
2979,Gross capital formation (% of GDP),1981,33.8127814083843,CYP
2980,Gross capital formation (% of GDP),1981,,CZE
2981,Gross capital formation (% of GDP),1981,25.0382510127874,DEU
2982,Gross capital formation (% of GDP),1981,,DJI
2983,Gross capital formation (% of GDP),1981,,DMA
2984,Gross capital formation (% of GDP),1981,17.0811078051372,DNK
2985,Gross capital formation (% of GDP),1981,22.7037678706043,DOM
2986,Gross capital formation (% of GDP),1981,36.9905945376913,DZA
2987,Gross capital formation (% of GDP),1981,29.1838660774424,East Asia & Pacific (
2988,Gross capital formation (% of GDP),1981,25.6176132407736,Early-demographic dividend
2989,Gross capital formation (% of GDP),1981,32.305899421402,East Asia & Pacific
2990,Gross capital formation (% of GDP),1981,,Europe & Central Asia (
2991,Gross capital formation (% of GDP),1981,23.8984924127373,Europe & Central Asia
2992,Gross capital formation (% of GDP),1981,22.4624262258265,ECU
2993,Gross capital formation (% of GDP),1981,32.0987503586538,EGY
2994,Gross capital formation (% of GDP),1981,24.4039214146547,Euro area
2995,Gross capital formation (% of GDP),1981,,ERI
2996,Gross capital formation (% of GDP),1981,22.7073133054672,ESP
2997,Gross capital formation (% of GDP),1981,,EST
2998,Gross capital formation (% of GDP),1981,0.0,ETH
2999,Gross capital formation (% of GDP),1981,24.2855393994047,European Union
3000,Gross capital formation (% of GDP),1981,,Fragile and conflict affected situations
3001,Gross capital formation (% of GDP),1981,28.4017760962665,FIN
3002,Gross capital formation (% of GDP),1981,34.7311676136364,FJI
3003,Gross capital formation (% of GDP),1981,23.8522112517773,FRA
3004,Gross capital formation (% of GDP),1981,,FRO
3005,Gross capital formation (% of GDP),1981,,FSM
3006,Gross capital formation (% of GDP),1981,36.3506431634111,GAB
3007,Gross capital formation (% of GDP),1981,19.3697939312857,GBR
3008,Gross capital formation (% of GDP),1981,25.2073507887461,GEO
3009,Gross capital formation (% of GDP),1981,,GHA
3010,Gross capital formation (% of GDP),1981,,GIB
3011,Gross capital formation (% of GDP),1981,,GIN
3012,Gross capital formation (% of GDP),1981,25.3338998817139,GMB
3013,Gross capital formation (% of GDP),1981,25.7456931365562,GNB
3014,Gross capital formation (% of GDP),1981,,GNQ
3015,Gross capital formation (% of GDP),1981,23.0928133035932,GRC
3016,Gross capital formation (% of GDP),1981,,GRD
3017,Gross capital formation (% of GDP),1981,,GRL
3018,Gross capital formation (% of GDP),1981,17.0316590055768,GTM
3019,Gross capital formation (% of GDP),1981,,GUM
3020,Gross capital formation (% of GDP),1981,31.3713231916921,GUY
3021,Gross capital formation (% of GDP),1981,25.5812487964707,High income
3022,Gross capital formation (% of GDP),1981,34.9393356300914,HKG
3023,Gross capital formation (% of GDP),1981,19.3115855125708,HND
3024,Gross capital formation (% of GDP),1981,,Heavily indebted poor countries (HIPC)
3025,Gross capital formation (% of GDP),1981,,HRV
3026,Gross capital formation (% of GDP),1981,,HTI
3027,Gross capital formation (% of GDP),1981,,HUN
3028,Gross capital formation (% of GDP),1981,27.9180037360468,IBRD only
3029,Gross capital formation (% of GDP),1981,25.7195597116153,IDA & IBRD total
3030,Gross capital formation (% of GDP),1981,,IDA total
3031,Gross capital formation (% of GDP),1981,,IDA blend
3032,Gross capital formation (% of GDP),1981,21.3844929387158,IDN
3033,Gross capital formation (% of GDP),1981,,IDA only
3034,Gross capital formation (% of GDP),1981,,IMN
3035,Gross capital formation (% of GDP),1981,25.5601376265736,IND
3036,Gross capital formation (% of GDP),1981,,Not classified
3037,Gross capital formation (% of GDP),1981,27.8369159989509,IRL
3038,Gross capital formation (% of GDP),1981,40.0758214346501,IRN
3039,Gross capital formation (% of GDP),1981,61.8820999568164,IRQ
3040,Gross capital formation (% of GDP),1981,29.8249484457723,ISL
3041,Gross capital formation (% of GDP),1981,24.8199643850897,ISR
3042,Gross capital formation (% of GDP),1981,25.353792657669,ITA
3043,Gross capital formation (% of GDP),1981,20.2981024703688,JAM
3044,Gross capital formation (% of GDP),1981,46.0306502830319,JOR
3045,Gross capital formation (% of GDP),1981,34.0106672628934,JPN
3046,Gross capital formation (% of GDP),1981,,KAZ
3047,Gross capital formation (% of GDP),1981,22.9134416924665,KEN
3048,Gross capital formation (% of GDP),1981,,KGZ
3049,Gross capital formation (% of GDP),1981,,KHM
3050,Gross capital formation (% of GDP),1981,,KIR
3051,Gross capital formation (% of GDP),1981,,KNA
3052,Gross capital formation (% of GDP),1981,32.1599845378882,KOR
3053,Gross capital formation (% of GDP),1981,16.630877877097,KWT
3054,Gross capital formation (% of GDP),1981,24.381521639813,Latin America & Caribbean (
3055,Gross capital formation (% of GDP),1981,,LAO
3056,Gross capital formation (% of GDP),1981,,LBN
3057,Gross capital formation (% of GDP),1981,,LBR
3058,Gross capital formation (% of GDP),1981,,LBY
3059,Gross capital formation (% of GDP),1981,,LCA
3060,Gross capital formation (% of GDP),1981,24.3164205403293,Latin America & Caribbean
3061,Gross capital formation (% of GDP),1981,,Least developed countries: UN classification
3062,Gross capital formation (% of GDP),1981,,Low income
3063,Gross capital formation (% of GDP),1981,,LIE
3064,Gross capital formation (% of GDP),1981,27.7748367743074,LKA
3065,Gross capital formation (% of GDP),1981,20.5852611515329,Lower middle income
3066,Gross capital formation (% of GDP),1981,25.0925685603824,Low & middle income
3067,Gross capital formation (% of GDP),1981,37.5991076115486,LSO
3068,Gross capital formation (% of GDP),1981,25.0104908906949,Late-demographic dividend
3069,Gross capital formation (% of GDP),1981,,LTU
3070,Gross capital formation (% of GDP),1981,20.9116234831966,LUX
3071,Gross capital formation (% of GDP),1981,,LVA
3072,Gross capital formation (% of GDP),1981,,MAC
3073,Gross capital formation (% of GDP),1981,,MAF
3074,Gross capital formation (% of GDP),1981,31.7188845673213,MAR
3075,Gross capital formation (% of GDP),1981,,MCO
3076,Gross capital formation (% of GDP),1981,,MDA
3077,Gross capital formation (% of GDP),1981,35.687885955184,MDG
3078,Gross capital formation (% of GDP),1981,,MDV
3079,Gross capital formation (% of GDP),1981,28.7587870568001,AFG
3080,Gross capital formation (% of GDP),1981,25.9443022589866,MEX
3081,Gross capital formation (% of GDP),1981,,MHL
3082,Gross capital formation (% of GDP),1981,25.5724556320089,Middle income
3083,Gross capital formation (% of GDP),1981,,MKD
3084,Gross capital formation (% of GDP),1981,,MLI
3085,Gross capital formation (% of GDP),1981,24.8364278309448,MLT
3086,Gross capital formation (% of GDP),1981,,MMR
3087,Gross capital formation (% of GDP),1981,33.937044049792,AFG
3088,Gross capital formation (% of GDP),1981,,MNE
3089,Gross capital formation (% of GDP),1981,69.9558718786855,MNG
3090,Gross capital formation (% of GDP),1981,,MNP
3091,Gross capital formation (% of GDP),1981,,MOZ
3092,Gross capital formation (% of GDP),1981,21.2463784908017,MRT
3093,Gross capital formation (% of GDP),1981,24.9167462233744,MUS
3094,Gross capital formation (% of GDP),1981,,MWI
3095,Gross capital formation (% of GDP),1981,34.9868953187649,MYS
3096,Gross capital formation (% of GDP),1981,24.3674261374274,North America
3097,Gross capital formation (% of GDP),1981,23.046923691802,NAM
3098,Gross capital formation (% of GDP),1981,17.0655567572194,NCL
3099,Gross capital formation (% of GDP),1981,20.2915754833763,NER
3100,Gross capital formation (% of GDP),1981,,NGA
3101,Gross capital formation (% of GDP),1981,23.5940180586924,NIC
3102,Gross capital formation (% of GDP),1981,20.4066644405007,NLD
3103,Gross capital formation (% of GDP),1981,27.9872223729018,NOR
3104,Gross capital formation (% of GDP),1981,17.6072070722321,NPL
3105,Gross capital formation (% of GDP),1981,,NRU
3106,Gross capital formation (% of GDP),1981,25.2659574468085,NZL
3107,Gross capital formation (% of GDP),1981,25.607208016989,OECD members
3108,Gross capital formation (% of GDP),1981,22.9569687330208,OMN
3109,Gross capital formation (% of GDP),1981,,Other small states
3110,Gross capital formation (% of GDP),1981,18.7662655106472,PAK
3111,Gross capital formation (% of GDP),1981,35.628853396839,PAN
3112,Gross capital formation (% of GDP),1981,34.7717875464152,PER
3113,Gross capital formation (% of GDP),1981,26.4011130956707,PHL
3114,Gross capital formation (% of GDP),1981,,PLW
3115,Gross capital formation (% of GDP),1981,27.2483940042827,PNG
3116,Gross capital formation (% of GDP),1981,,POL
3117,Gross capital formation (% of GDP),1981,,Pre-demographic dividend
3118,Gross capital formation (% of GDP),1981,14.3390763175542,PRI
3119,Gross capital formation (% of GDP),1981,,PRK
3120,Gross capital formation (% of GDP),1981,35.8475338351011,PRT
3121,Gross capital formation (% of GDP),1981,28.8254791594056,PRY
3122,Gross capital formation (% of GDP),1981,,PSE
3123,Gross capital formation (% of GDP),1981,,Pacific island small states
3124,Gross capital formation (% of GDP),1981,25.7056554734828,Post-demographic dividend
3125,Gross capital formation (% of GDP),1981,,PYF
3126,Gross capital formation (% of GDP),1981,,QAT
3127,Gross capital formation (% of GDP),1981,,ROU
3128,Gross capital formation (% of GDP),1981,,RUS
3129,Gross capital formation (% of GDP),1981,13.299086540273,RWA
3130,Gross capital formation (% of GDP),1981,25.2931393514161,South Asia
3131,Gross capital formation (% of GDP),1981,21.1589641415089,SAU
3132,Gross capital formation (% of GDP),1981,14.8088986505599,SDN
3133,Gross capital formation (% of GDP),1981,12.7337450766716,SEN
3134,Gross capital formation (% of GDP),1981,44.7832103321033,SGP
3135,Gross capital formation (% of GDP),1981,3.5588215942153,SLB
3136,Gross capital formation (% of GDP),1981,19.0914719083733,SLE
3137,Gross capital formation (% of GDP),1981,14.2441513880978,SLV
3138,Gross capital formation (% of GDP),1981,,SMR
3139,Gross capital formation (% of GDP),1981,27.5571325353645,SOM
3140,Gross capital formation (% of GDP),1981,,SRB
3141,Gross capital formation (% of GDP),1981,,Sub-Saharan Africa (
3142,Gross capital formation (% of GDP),1981,,SSD
3143,Gross capital formation (% of GDP),1981,,Sub-Saharan Africa
3144,Gross capital formation (% of GDP),1981,,Small states
3145,Gross capital formation (% of GDP),1981,,STP
3146,Gross capital formation (% of GDP),1981,,SUR
3147,Gross capital formation (% of GDP),1981,,SVK
3148,Gross capital formation (% of GDP),1981,,SVN
3149,Gross capital formation (% of GDP),1981,23.5790710654692,SWE
3150,Gross capital formation (% of GDP),1981,,SWZ
3151,Gross capital formation (% of GDP),1981,,SXM
3152,Gross capital formation (% of GDP),1981,32.3524955744275,SYC
3153,Gross capital formation (% of GDP),1981,,SYR
3154,Gross capital formation (% of GDP),1981,,TCA
3155,Gross capital formation (% of GDP),1981,,TCD
3156,Gross capital formation (% of GDP),1981,29.1808606812328,East Asia & Pacific (IDA & IBRD countries)
3157,Gross capital formation (% of GDP),1981,,Europe & Central Asia (IDA & IBRD countries)
3158,Gross capital formation (% of GDP),1981,30.6589147287436,TGO
3159,Gross capital formation (% of GDP),1981,29.6753095180367,THA
3160,Gross capital formation (% of GDP),1981,,TJK
3161,Gross capital formation (% of GDP),1981,,TKM
3162,Gross capital formation (% of GDP),1981,24.4684128317448,Latin America & the Caribbean (IDA & IBRD countries)
3163,Gross capital formation (% of GDP),1981,,TLS
3164,Gross capital formation (% of GDP),1981,33.7089584800042,AFG
3165,Gross capital formation (% of GDP),1981,29.5607702675258,TON
3166,Gross capital formation (% of GDP),1981,25.2931393514161,South Asia (IDA & IBRD)
3167,Gross capital formation (% of GDP),1981,,Sub-Saharan Africa (IDA & IBRD countries)
3168,Gross capital formation (% of GDP),1981,,TTO
3169,Gross capital formation (% of GDP),1981,32.3282075925036,TUN
3170,Gross capital formation (% of GDP),1981,17.869889887356,TUR
3171,Gross capital formation (% of GDP),1981,,TUV
3172,Gross capital formation (% of GDP),1981,,TZA
3173,Gross capital formation (% of GDP),1981,5.60831526209527,UGA
3174,Gross capital formation (% of GDP),1981,,UKR
3175,Gross capital formation (% of GDP),1981,27.809533441844,Upper middle income
3176,Gross capital formation (% of GDP),1981,21.3904635717161,URY
3177,Gross capital formation (% of GDP),1981,24.2768333800534,USA
3178,Gross capital formation (% of GDP),1981,,UZB
3179,Gross capital formation (% of GDP),1981,,VCT
3180,Gross capital formation (% of GDP),1981,27.754095256795,VEN
3181,Gross capital formation (% of GDP),1981,,VGB
3182,Gross capital formation (% of GDP),1981,,VIR
3183,Gross capital formation (% of GDP),1981,,VNM
3184,Gross capital formation (% of GDP),1981,,VUT
3185,Gross capital formation (% of GDP),1981,25.5891384747421,World
3186,Gross capital formation (% of GDP),1981,,WSM
3187,Gross capital formation (% of GDP),1981,,XKX
3188,Gross capital formation (% of GDP),1981,,YEM
3189,Gross capital formation (% of GDP),1981,31.9039870808304,ZAF
3190,Gross capital formation (% of GDP),1981,,ZMB
3191,Gross capital formation (% of GDP),1981,20.8158980173912,ZWE
3192,Gross capital formation (% of GDP),1982,,ABW
3193,Gross capital formation (% of GDP),1982,,Africa Eastern and Southern
3194,Gross capital formation (% of GDP),1982,,AFG
3195,Gross capital formation (% of GDP),1982,,Africa Western and Central
3196,Gross capital formation (% of GDP),1982,,AGO
3197,Gross capital formation (% of GDP),1982,39.2829001338862,ALB
3198,Gross capital formation (% of GDP),1982,,AND
3199,Gross capital formation (% of GDP),1982,30.5094405568054,Arab World
3200,Gross capital formation (% of GDP),1982,,ARE
3201,Gross capital formation (% of GDP),1982,21.7549479464592,ARG
3202,Gross capital formation (% of GDP),1982,,ARM
3203,Gross capital formation (% of GDP),1982,,ASM
3204,Gross capital formation (% of GDP),1982,,ATG
3205,Gross capital formation (% of GDP),1982,29.8339588308882,AUS
3206,Gross capital formation (% of GDP),1982,24.8931032241733,AUT
3207,Gross capital formation (% of GDP),1982,,AZE
3208,Gross capital formation (% of GDP),1982,14.4573966443689,BDI
3209,Gross capital formation (% of GDP),1982,21.5987922902751,BEL
3210,Gross capital formation (% of GDP),1982,27.6044169260841,BEN
3211,Gross capital formation (% of GDP),1982,17.9266349310782,BFA
3212,Gross capital formation (% of GDP),1982,17.3632790930077,BGD
3213,Gross capital formation (% of GDP),1982,34.1295281425568,BGR
3214,Gross capital formation (% of GDP),1982,31.9052361032189,BHR
3215,Gross capital formation (% of GDP),1982,21.4661344484572,BHS
3216,Gross capital formation (% of GDP),1982,,BIH
3217,Gross capital formation (% of GDP),1982,,BLR
3218,Gross capital formation (% of GDP),1982,14.1313584791792,BLZ
3219,Gross capital formation (% of GDP),1982,,BMU
3220,Gross capital formation (% of GDP),1982,15.6239101625166,BOL
3221,Gross capital formation (% of GDP),1982,21.8998565393313,BRA
3222,Gross capital formation (% of GDP),1982,,BRB
3223,Gross capital formation (% of GDP),1982,,BRN
3224,Gross capital formation (% of GDP),1982,37.0630403646791,BTN
3225,Gross capital formation (% of GDP),1982,37.6584852399407,BWA
3226,Gross capital formation (% of GDP),1982,6.6693745735901,CAF
3227,Gross capital formation (% of GDP),1982,19.9239530013061,CAN
3228,Gross capital formation (% of GDP),1982,,Central Europe and the Baltics
3229,Gross capital formation (% of GDP),1982,31.0846966196305,CHE
3230,Gross capital formation (% of GDP),1982,,Channel Islands
3231,Gross capital formation (% of GDP),1982,11.6103909760837,CHL
3232,Gross capital formation (% of GDP),1982,31.9192153428932,CHN
3233,Gross capital formation (% of GDP),1982,23.1882903653993,CIV
3234,Gross capital formation (% of GDP),1982,24.7963165305702,CMR
3235,Gross capital formation (% of GDP),1982,,COD
3236,Gross capital formation (% of GDP),1982,59.7323943661972,COG
3237,Gross capital formation (% of GDP),1982,20.4871425036179,COL
3238,Gross capital formation (% of GDP),1982,18.0423318129197,COM
3239,Gross capital formation (% of GDP),1982,,CPV
3240,Gross capital formation (% of GDP),1982,24.686093520034,CRI
3241,Gross capital formation (% of GDP),1982,,Caribbean small states
3242,Gross capital formation (% of GDP),1982,25.5987837096193,CUB
3243,Gross capital formation (% of GDP),1982,,CUW
3244,Gross capital formation (% of GDP),1982,,CYM
3245,Gross capital formation (% of GDP),1982,31.7201665012892,CYP
3246,Gross capital formation (% of GDP),1982,,CZE
3247,Gross capital formation (% of GDP),1982,23.5575871456212,DEU
3248,Gross capital formation (% of GDP),1982,,DJI
3249,Gross capital formation (% of GDP),1982,,DMA
3250,Gross capital formation (% of GDP),1982,18.339599600925,DNK
3251,Gross capital formation (% of GDP),1982,19.2382127391925,DOM
3252,Gross capital formation (% of GDP),1982,37.283237083041,DZA
3253,Gross capital formation (% of GDP),1982,28.8581148904565,East Asia & Pacific (
3254,Gross capital formation (% of GDP),1982,24.1723070462636,Early-demographic dividend
3255,Gross capital formation (% of GDP),1982,31.4102481421194,East Asia & Pacific
3256,Gross capital formation (% of GDP),1982,,Europe & Central Asia (
3257,Gross capital formation (% of GDP),1982,23.5780392708201,Europe & Central Asia
3258,Gross capital formation (% of GDP),1982,18.0841854791344,ECU
3259,Gross capital formation (% of GDP),1982,28.949946562166,EGY
3260,Gross capital formation (% of GDP),1982,23.7766232354685,Euro area
3261,Gross capital formation (% of GDP),1982,,ERI
3262,Gross capital formation (% of GDP),1982,22.5835171130443,ESP
3263,Gross capital formation (% of GDP),1982,,EST
3264,Gross capital formation (% of GDP),1982,0.0,ETH
3265,Gross capital formation (% of GDP),1982,23.6942798346477,European Union
3266,Gross capital formation (% of GDP),1982,,Fragile and conflict affected situations
3267,Gross capital formation (% of GDP),1982,28.6805945036455,FIN
3268,Gross capital formation (% of GDP),1982,25.8626733429136,FJI
3269,Gross capital formation (% of GDP),1982,24.1767124016057,FRA
3270,Gross capital formation (% of GDP),1982,,FRO
3271,Gross capital formation (% of GDP),1982,,FSM
3272,Gross capital formation (% of GDP),1982,35.0155606022374,GAB
3273,Gross capital formation (% of GDP),1982,20.1683037440556,GBR
3274,Gross capital formation (% of GDP),1982,26.1860751694393,GEO
3275,Gross capital formation (% of GDP),1982,,GHA
3276,Gross capital formation (% of GDP),1982,,GIB
3277,Gross capital formation (% of GDP),1982,,GIN
3278,Gross capital formation (% of GDP),1982,22.4603300233155,GMB
3279,Gross capital formation (% of GDP),1982,28.2595547604301,GNB
3280,Gross capital formation (% of GDP),1982,,GNQ
3281,Gross capital formation (% of GDP),1982,27.4923940692497,GRC
3282,Gross capital formation (% of GDP),1982,,GRD
3283,Gross capital formation (% of GDP),1982,,GRL
3284,Gross capital formation (% of GDP),1982,14.1447739180259,GTM
3285,Gross capital formation (% of GDP),1982,,GUM
3286,Gross capital formation (% of GDP),1982,24.9654218533887,GUY
3287,Gross capital formation (% of GDP),1982,24.3211553120149,High income
3288,Gross capital formation (% of GDP),1982,30.9833932807837,HKG
3289,Gross capital formation (% of GDP),1982,12.9281285296807,HND
3290,Gross capital formation (% of GDP),1982,,Heavily indebted poor countries (HIPC)
3291,Gross capital formation (% of GDP),1982,,HRV
3292,Gross capital formation (% of GDP),1982,,HTI
3293,Gross capital formation (% of GDP),1982,,HUN
3294,Gross capital formation (% of GDP),1982,25.9267511242409,IBRD only
3295,Gross capital formation (% of GDP),1982,24.1048424507709,IDA & IBRD total
3296,Gross capital formation (% of GDP),1982,,IDA total
3297,Gross capital formation (% of GDP),1982,,IDA blend
3298,Gross capital formation (% of GDP),1982,22.5834526752146,IDN
3299,Gross capital formation (% of GDP),1982,,IDA only
3300,Gross capital formation (% of GDP),1982,,IMN
3301,Gross capital formation (% of GDP),1982,25.1341943149098,IND
3302,Gross capital formation (% of GDP),1982,,Not classified
3303,Gross capital formation (% of GDP),1982,27.249701543075,IRL
3304,Gross capital formation (% of GDP),1982,26.7731877059388,IRN
3305,Gross capital formation (% of GDP),1982,57.9651898983067,IRQ
3306,Gross capital formation (% of GDP),1982,31.2155921092946,ISL
3307,Gross capital formation (% of GDP),1982,27.0458673380228,ISR
3308,Gross capital formation (% of GDP),1982,24.3690987253303,ITA
3309,Gross capital formation (% of GDP),1982,20.868912380259,JAM
3310,Gross capital formation (% of GDP),1982,39.4400339373371,JOR
3311,Gross capital formation (% of GDP),1982,32.8540294442731,JPN
3312,Gross capital formation (% of GDP),1982,,KAZ
3313,Gross capital formation (% of GDP),1982,21.8602148394683,KEN
3314,Gross capital formation (% of GDP),1982,,KGZ
3315,Gross capital formation (% of GDP),1982,,KHM
3316,Gross capital formation (% of GDP),1982,,KIR
3317,Gross capital formation (% of GDP),1982,,KNA
3318,Gross capital formation (% of GDP),1982,31.9669870440906,KOR
3319,Gross capital formation (% of GDP),1982,25.1935684108484,KWT
3320,Gross capital formation (% of GDP),1982,21.871979249955,Latin America & Caribbean (
3321,Gross capital formation (% of GDP),1982,,LAO
3322,Gross capital formation (% of GDP),1982,,LBN
3323,Gross capital formation (% of GDP),1982,,LBR
3324,Gross capital formation (% of GDP),1982,,LBY
3325,Gross capital formation (% of GDP),1982,,LCA
3326,Gross capital formation (% of GDP),1982,22.0566754179744,Latin America & Caribbean
3327,Gross capital formation (% of GDP),1982,,Least developed countries: UN classification
3328,Gross capital formation (% of GDP),1982,,Low income
3329,Gross capital formation (% of GDP),1982,,LIE
3330,Gross capital formation (% of GDP),1982,30.7614018823435,LKA
3331,Gross capital formation (% of GDP),1982,21.2276782834375,Lower middle income
3332,Gross capital formation (% of GDP),1982,23.44988217102,Low & middle income
3333,Gross capital formation (% of GDP),1982,,LSO
3334,Gross capital formation (% of GDP),1982,24.2310634767296,Late-demographic dividend
3335,Gross capital formation (% of GDP),1982,,LTU
3336,Gross capital formation (% of GDP),1982,21.1704214263022,LUX
3337,Gross capital formation (% of GDP),1982,,LVA
3338,Gross capital formation (% of GDP),1982,22.0019682271897,MAC
3339,Gross capital formation (% of GDP),1982,,MAF
3340,Gross capital formation (% of GDP),1982,33.4285220296226,MAR
3341,Gross capital formation (% of GDP),1982,,MCO
3342,Gross capital formation (% of GDP),1982,,MDA
3343,Gross capital formation (% of GDP),1982,26.3480535956173,MDG
3344,Gross capital formation (% of GDP),1982,,MDV
3345,Gross capital formation (% of GDP),1982,28.6761475411415,AFG
3346,Gross capital formation (% of GDP),1982,21.5598864632214,MEX
3347,Gross capital formation (% of GDP),1982,,MHL
3348,Gross capital formation (% of GDP),1982,23.9144229151321,Middle income
3349,Gross capital formation (% of GDP),1982,,MKD
3350,Gross capital formation (% of GDP),1982,,MLI
3351,Gross capital formation (% of GDP),1982,28.9315230453448,MLT
3352,Gross capital formation (% of GDP),1982,,MMR
3353,Gross capital formation (% of GDP),1982,29.3504163873945,AFG
3354,Gross capital formation (% of GDP),1982,,MNE
3355,Gross capital formation (% of GDP),1982,70.229340055089,MNG
3356,Gross capital formation (% of GDP),1982,,MNP
3357,Gross capital formation (% of GDP),1982,,MOZ
3358,Gross capital formation (% of GDP),1982,23.905985284101,MRT
3359,Gross capital formation (% of GDP),1982,17.9249672876542,MUS
3360,Gross capital formation (% of GDP),1982,,MWI
3361,Gross capital formation (% of GDP),1982,37.3136951069506,MYS
3362,Gross capital formation (% of GDP),1982,21.8867132121501,North America
3363,Gross capital formation (% of GDP),1982,18.2415076777497,NAM
3364,Gross capital formation (% of GDP),1982,18.1325334718632,NCL
3365,Gross capital formation (% of GDP),1982,20.5882362137344,NER
3366,Gross capital formation (% of GDP),1982,,NGA
3367,Gross capital formation (% of GDP),1982,18.7774691771266,NIC
3368,Gross capital formation (% of GDP),1982,19.4072969597185,NLD
3369,Gross capital formation (% of GDP),1982,28.9477524268843,NOR
3370,Gross capital formation (% of GDP),1982,17.1485737614192,NPL
3371,Gross capital formation (% of GDP),1982,,NRU
3372,Gross capital formation (% of GDP),1982,26.4783892941106,NZL
3373,Gross capital formation (% of GDP),1982,24.1530697062722,OECD members
3374,Gross capital formation (% of GDP),1982,26.5961551852474,OMN
3375,Gross capital formation (% of GDP),1982,,Other small states
3376,Gross capital formation (% of GDP),1982,19.26431164953,PAK
3377,Gross capital formation (% of GDP),1982,33.8124762349626,PAN
3378,Gross capital formation (% of GDP),1982,35.0990316868866,PER
3379,Gross capital formation (% of GDP),1982,26.6861789864717,PHL
3380,Gross capital formation (% of GDP),1982,,PLW
3381,Gross capital formation (% of GDP),1982,32.1575577406815,PNG
3382,Gross capital formation (% of GDP),1982,,POL
3383,Gross capital formation (% of GDP),1982,,Pre-demographic dividend
3384,Gross capital formation (% of GDP),1982,9.03651829493802,PRI
3385,Gross capital formation (% of GDP),1982,,PRK
3386,Gross capital formation (% of GDP),1982,35.3778988236045,PRT
3387,Gross capital formation (% of GDP),1982,25.6317160534028,PRY
3388,Gross capital formation (% of GDP),1982,,PSE
3389,Gross capital formation (% of GDP),1982,,Pacific island small states
3390,Gross capital formation (% of GDP),1982,24.3161658566111,Post-demographic dividend
3391,Gross capital formation (% of GDP),1982,,PYF
3392,Gross capital formation (% of GDP),1982,,QAT
3393,Gross capital formation (% of GDP),1982,,ROU
3394,Gross capital formation (% of GDP),1982,,RUS
3395,Gross capital formation (% of GDP),1982,17.7782204082391,RWA
3396,Gross capital formation (% of GDP),1982,25.0724129505998,South Asia
3397,Gross capital formation (% of GDP),1982,25.8534570387601,SAU
3398,Gross capital formation (% of GDP),1982,17.1957671957672,SDN
3399,Gross capital formation (% of GDP),1982,16.8371747041627,SEN
3400,Gross capital formation (% of GDP),1982,46.2702906312903,SGP
3401,Gross capital formation (% of GDP),1982,3.73676274485125,SLB
3402,Gross capital formation (% of GDP),1982,13.3811156123403,SLE
3403,Gross capital formation (% of GDP),1982,13.2214121303225,SLV
3404,Gross capital formation (% of GDP),1982,,SMR
3405,Gross capital formation (% of GDP),1982,29.2741500601147,SOM
3406,Gross capital formation (% of GDP),1982,,SRB
3407,Gross capital formation (% of GDP),1982,,Sub-Saharan Africa (
3408,Gross capital formation (% of GDP),1982,,SSD
3409,Gross capital formation (% of GDP),1982,,Sub-Saharan Africa
3410,Gross capital formation (% of GDP),1982,,Small states
3411,Gross capital formation (% of GDP),1982,,STP
3412,Gross capital formation (% of GDP),1982,,SUR
3413,Gross capital formation (% of GDP),1982,,SVK
3414,Gross capital formation (% of GDP),1982,,SVN
3415,Gross capital formation (% of GDP),1982,23.1455257101169,SWE
3416,Gross capital formation (% of GDP),1982,,SWZ
3417,Gross capital formation (% of GDP),1982,,SXM
3418,Gross capital formation (% of GDP),1982,31.7934649566537,SYC
3419,Gross capital formation (% of GDP),1982,,SYR
3420,Gross capital formation (% of GDP),1982,,TCA
3421,Gross capital formation (% of GDP),1982,3.16176390466728,TCD
3422,Gross capital formation (% of GDP),1982,28.8551259666923,East Asia & Pacific (IDA & IBRD countries)
3423,Gross capital formation (% of GDP),1982,,Europe & Central Asia (IDA & IBRD countries)
3424,Gross capital formation (% of GDP),1982,25.361512792144,TGO
3425,Gross capital formation (% of GDP),1982,26.5165420099713,THA
3426,Gross capital formation (% of GDP),1982,,TJK
3427,Gross capital formation (% of GDP),1982,,TKM
3428,Gross capital formation (% of GDP),1982,22.2412278781015,Latin America & the Caribbean (IDA & IBRD countries)
3429,Gross capital formation (% of GDP),1982,,TLS
3430,Gross capital formation (% of GDP),1982,29.153156825383,AFG
3431,Gross capital formation (% of GDP),1982,31.2225254522576,TON
3432,Gross capital formation (% of GDP),1982,25.0724129505998,South Asia (IDA & IBRD)
3433,Gross capital formation (% of GDP),1982,,Sub-Saharan Africa (IDA & IBRD countries)
3434,Gross capital formation (% of GDP),1982,,TTO
3435,Gross capital formation (% of GDP),1982,31.7271667637999,TUN
3436,Gross capital formation (% of GDP),1982,16.9525933550638,TUR
3437,Gross capital formation (% of GDP),1982,,TUV
3438,Gross capital formation (% of GDP),1982,,TZA
3439,Gross capital formation (% of GDP),1982,9.09299655568312,UGA
3440,Gross capital formation (% of GDP),1982,,UKR
3441,Gross capital formation (% of GDP),1982,25.3736863775385,Upper middle income
3442,Gross capital formation (% of GDP),1982,19.7965187835167,URY
3443,Gross capital formation (% of GDP),1982,22.0700528651778,USA
3444,Gross capital formation (% of GDP),1982,,UZB
3445,Gross capital formation (% of GDP),1982,,VCT
3446,Gross capital formation (% of GDP),1982,31.2963319005177,VEN
3447,Gross capital formation (% of GDP),1982,,VGB
3448,Gross capital formation (% of GDP),1982,,VIR
3449,Gross capital formation (% of GDP),1982,,VNM
3450,Gross capital formation (% of GDP),1982,,VUT
3451,Gross capital formation (% of GDP),1982,24.2841381390847,World
3452,Gross capital formation (% of GDP),1982,,WSM
3453,Gross capital formation (% of GDP),1982,,XKX
3454,Gross capital formation (% of GDP),1982,,YEM
3455,Gross capital formation (% of GDP),1982,24.8177451863287,ZAF
3456,Gross capital formation (% of GDP),1982,,ZMB
3457,Gross capital formation (% of GDP),1982,19.0537356888866,ZWE
3458,Gross capital formation (% of GDP),1983,,ABW
3459,Gross capital formation (% of GDP),1983,,Africa Eastern and Southern
3460,Gross capital formation (% of GDP),1983,,AFG
3461,Gross capital formation (% of GDP),1983,,Africa Western and Central
3462,Gross capital formation (% of GDP),1983,,AGO
3463,Gross capital formation (% of GDP),1983,37.373346292896,ALB
3464,Gross capital formation (% of GDP),1983,,AND
3465,Gross capital formation (% of GDP),1983,28.7231776310436,Arab World
3466,Gross capital formation (% of GDP),1983,,ARE
3467,Gross capital formation (% of GDP),1983,20.8877523061467,ARG
3468,Gross capital formation (% of GDP),1983,,ARM
3469,Gross capital formation (% of GDP),1983,,ASM
3470,Gross capital formation (% of GDP),1983,,ATG
3471,Gross capital formation (% of GDP),1983,25.3017200418132,AUS
3472,Gross capital formation (% of GDP),1983,23.3358170355813,AUT
3473,Gross capital formation (% of GDP),1983,,AZE
3474,Gross capital formation (% of GDP),1983,22.8267996582487,BDI
3475,Gross capital formation (% of GDP),1983,18.7590888145527,BEL
3476,Gross capital formation (% of GDP),1983,17.3215150751257,BEN
3477,Gross capital formation (% of GDP),1983,17.1322658540656,BFA
3478,Gross capital formation (% of GDP),1983,16.5627367701504,BGD
3479,Gross capital formation (% of GDP),1983,32.8899264118922,BGR
3480,Gross capital formation (% of GDP),1983,38.568869737229,BHR
3481,Gross capital formation (% of GDP),1983,20.3312557710065,BHS
3482,Gross capital formation (% of GDP),1983,,BIH
3483,Gross capital formation (% of GDP),1983,,BLR
3484,Gross capital formation (% of GDP),1983,14.3343717337402,BLZ
3485,Gross capital formation (% of GDP),1983,,BMU
3486,Gross capital formation (% of GDP),1983,13.2382468850762,BOL
3487,Gross capital formation (% of GDP),1983,17.8825127668248,BRA
3488,Gross capital formation (% of GDP),1983,,BRB
3489,Gross capital formation (% of GDP),1983,,BRN
3490,Gross capital formation (% of GDP),1983,40.7023038599502,BTN
3491,Gross capital formation (% of GDP),1983,29.3891200373294,BWA
3492,Gross capital formation (% of GDP),1983,11.8326550451605,CAF
3493,Gross capital formation (% of GDP),1983,20.2214015133534,CAN
3494,Gross capital formation (% of GDP),1983,,Central Europe and the Baltics
3495,Gross capital formation (% of GDP),1983,31.504701291551,CHE
3496,Gross capital formation (% of GDP),1983,,Channel Islands
3497,Gross capital formation (% of GDP),1983,11.9992599145468,CHL
3498,Gross capital formation (% of GDP),1983,31.8645996336511,CHN
3499,Gross capital formation (% of GDP),1983,18.4127717783294,CIV
3500,Gross capital formation (% of GDP),1983,25.9778457278979,CMR
3501,Gross capital formation (% of GDP),1983,,COD
3502,Gross capital formation (% of GDP),1983,38.4384385635636,COG
3503,Gross capital formation (% of GDP),1983,19.8932136967006,COL
3504,Gross capital formation (% of GDP),1983,18.0422569350863,COM
3505,Gross capital formation (% of GDP),1983,,CPV
3506,Gross capital formation (% of GDP),1983,24.181759128942,CRI
3507,Gross capital formation (% of GDP),1983,,Caribbean small states
3508,Gross capital formation (% of GDP),1983,25.3363273427299,CUB
3509,Gross capital formation (% of GDP),1983,,CUW
3510,Gross capital formation (% of GDP),1983,,CYM
3511,Gross capital formation (% of GDP),1983,30.1134871336779,CYP
3512,Gross capital formation (% of GDP),1983,,CZE
3513,Gross capital formation (% of GDP),1983,24.3596147519764,DEU
3514,Gross capital formation (% of GDP),1983,,DJI
3515,Gross capital formation (% of GDP),1983,,DMA
3516,Gross capital formation (% of GDP),1983,18.4312799359679,DNK
3517,Gross capital formation (% of GDP),1983,19.7625400733141,DOM
3518,Gross capital formation (% of GDP),1983,37.5695334243511,DZA
3519,Gross capital formation (% of GDP),1983,30.8552508934471,East Asia & Pacific (
3520,Gross capital formation (% of GDP),1983,24.6214285546741,Early-demographic dividend
3521,Gross capital formation (% of GDP),1983,30.6326882150782,East Asia & Pacific
3522,Gross capital formation (% of GDP),1983,,Europe & Central Asia (
3523,Gross capital formation (% of GDP),1983,23.089553243969,Europe & Central Asia
3524,Gross capital formation (% of GDP),1983,17.6933377297511,ECU
3525,Gross capital formation (% of GDP),1983,30.8270676691729,EGY
3526,Gross capital formation (% of GDP),1983,22.9730713781679,Euro area
3527,Gross capital formation (% of GDP),1983,,ERI
3528,Gross capital formation (% of GDP),1983,21.7288645163574,ESP
3529,Gross capital formation (% of GDP),1983,,EST
3530,Gross capital formation (% of GDP),1983,0.0,ETH
3531,Gross capital formation (% of GDP),1983,22.9373199426029,European Union
3532,Gross capital formation (% of GDP),1983,,Fragile and conflict affected situations
3533,Gross capital formation (% of GDP),1983,28.4041394335512,FIN
3534,Gross capital formation (% of GDP),1983,20.7805813534774,FJI
3535,Gross capital formation (% of GDP),1983,22.0241491997679,FRA
3536,Gross capital formation (% of GDP),1983,,FRO
3537,Gross capital formation (% of GDP),1983,47.7943541623229,FSM
3538,Gross capital formation (% of GDP),1983,35.1853284840981,GAB
3539,Gross capital formation (% of GDP),1983,21.0927334590295,GBR
3540,Gross capital formation (% of GDP),1983,31.1526479750779,GEO
3541,Gross capital formation (% of GDP),1983,,GHA
3542,Gross capital formation (% of GDP),1983,,GIB
3543,Gross capital formation (% of GDP),1983,,GIN
3544,Gross capital formation (% of GDP),1983,18.8831642608018,GMB
3545,Gross capital formation (% of GDP),1983,22.6619262339664,GNB
3546,Gross capital formation (% of GDP),1983,,GNQ
3547,Gross capital formation (% of GDP),1983,26.4365379394967,GRC
3548,Gross capital formation (% of GDP),1983,,GRD
3549,Gross capital formation (% of GDP),1983,,GRL
3550,Gross capital formation (% of GDP),1983,11.0718227150576,GTM
3551,Gross capital formation (% of GDP),1983,,GUM
3552,Gross capital formation (% of GDP),1983,21.3896457765668,GUY
3553,Gross capital formation (% of GDP),1983,24.1063098460453,High income
3554,Gross capital formation (% of GDP),1983,26.6696121612106,HKG
3555,Gross capital formation (% of GDP),1983,12.6907032243236,HND
3556,Gross capital formation (% of GDP),1983,,Heavily indebted poor countries (HIPC)
3557,Gross capital formation (% of GDP),1983,,HRV
3558,Gross capital formation (% of GDP),1983,,HTI
3559,Gross capital formation (% of GDP),1983,,HUN
3560,Gross capital formation (% of GDP),1983,24.520207523266,IBRD only
3561,Gross capital formation (% of GDP),1983,23.2054131983152,IDA & IBRD total
3562,Gross capital formation (% of GDP),1983,,IDA total
3563,Gross capital formation (% of GDP),1983,,IDA blend
3564,Gross capital formation (% of GDP),1983,29.4017715637958,IDN
3565,Gross capital formation (% of GDP),1983,,IDA only
3566,Gross capital formation (% of GDP),1983,,IMN
3567,Gross capital formation (% of GDP),1983,21.0395721185203,IND
3568,Gross capital formation (% of GDP),1983,,Not classified
3569,Gross capital formation (% of GDP),1983,23.3754437724938,IRL
3570,Gross capital formation (% of GDP),1983,36.2682504282611,IRN
3571,Gross capital formation (% of GDP),1983,15.6952697884478,IRQ
3572,Gross capital formation (% of GDP),1983,23.399827496457,ISL
3573,Gross capital formation (% of GDP),1983,27.5323026908876,ISR
3574,Gross capital formation (% of GDP),1983,22.8433121062117,ITA
3575,Gross capital formation (% of GDP),1983,22.2587667697368,JAM
3576,Gross capital formation (% of GDP),1983,33.012425836785,JOR
3577,Gross capital formation (% of GDP),1983,31.4605122313141,JPN
3578,Gross capital formation (% of GDP),1983,,KAZ
3579,Gross capital formation (% of GDP),1983,20.9250655214958,KEN
3580,Gross capital formation (% of GDP),1983,,KGZ
3581,Gross capital formation (% of GDP),1983,,KHM
3582,Gross capital formation (% of GDP),1983,,KIR
3583,Gross capital formation (% of GDP),1983,,KNA
3584,Gross capital formation (% of GDP),1983,32.4767443056047,KOR
3585,Gross capital formation (% of GDP),1983,24.7859759480495,KWT
3586,Gross capital formation (% of GDP),1983,19.4562052460569,Latin America & Caribbean (
3587,Gross capital formation (% of GDP),1983,,LAO
3588,Gross capital formation (% of GDP),1983,,LBN
3589,Gross capital formation (% of GDP),1983,,LBR
3590,Gross capital formation (% of GDP),1983,,LBY
3591,Gross capital formation (% of GDP),1983,,LCA
3592,Gross capital formation (% of GDP),1983,18.3707429853799,Latin America & Caribbean
3593,Gross capital formation (% of GDP),1983,,Least developed countries: UN classification
3594,Gross capital formation (% of GDP),1983,,Low income
3595,Gross capital formation (% of GDP),1983,,LIE
3596,Gross capital formation (% of GDP),1983,28.8912097762354,LKA
3597,Gross capital formation (% of GDP),1983,20.7164269411286,Lower middle income
3598,Gross capital formation (% of GDP),1983,23.1880445686848,Low & middle income
3599,Gross capital formation (% of GDP),1983,,LSO
3600,Gross capital formation (% of GDP),1983,23.70397529404,Late-demographic dividend
3601,Gross capital formation (% of GDP),1983,,LTU
3602,Gross capital formation (% of GDP),1983,20.7452646689846,LUX
3603,Gross capital formation (% of GDP),1983,,LVA
3604,Gross capital formation (% of GDP),1983,24.393993141776,MAC
3605,Gross capital formation (% of GDP),1983,,MAF
3606,Gross capital formation (% of GDP),1983,26.3485595036546,MAR
3607,Gross capital formation (% of GDP),1983,,MCO
3608,Gross capital formation (% of GDP),1983,,MDA
3609,Gross capital formation (% of GDP),1983,25.9991421358961,MDG
3610,Gross capital formation (% of GDP),1983,,MDV
3611,Gross capital formation (% of GDP),1983,30.4449616148158,AFG
3612,Gross capital formation (% of GDP),1983,19.7815112646511,MEX
3613,Gross capital formation (% of GDP),1983,,MHL
3614,Gross capital formation (% of GDP),1983,23.658568075312,Middle income
3615,Gross capital formation (% of GDP),1983,,MKD
3616,Gross capital formation (% of GDP),1983,,MLI
3617,Gross capital formation (% of GDP),1983,27.4876509593313,MLT
3618,Gross capital formation (% of GDP),1983,,MMR
3619,Gross capital formation (% of GDP),1983,28.3409954189093,AFG
3620,Gross capital formation (% of GDP),1983,,MNE
3621,Gross capital formation (% of GDP),1983,58.0062974780677,MNG
3622,Gross capital formation (% of GDP),1983,,MNP
3623,Gross capital formation (% of GDP),1983,,MOZ
3624,Gross capital formation (% of GDP),1983,18.4431861988831,MRT
3625,Gross capital formation (% of GDP),1983,17.2325250698937,MUS
3626,Gross capital formation (% of GDP),1983,,MWI
3627,Gross capital formation (% of GDP),1983,37.5702685821362,MYS
3628,Gross capital formation (% of GDP),1983,22.0793524510138,North America
3629,Gross capital formation (% of GDP),1983,17.0827079809188,NAM
3630,Gross capital formation (% of GDP),1983,16.7307575973508,NCL
3631,Gross capital formation (% of GDP),1983,12.5454803684258,NER
3632,Gross capital formation (% of GDP),1983,,NGA
3633,Gross capital formation (% of GDP),1983,22.4817060294502,NIC
3634,Gross capital formation (% of GDP),1983,20.2550548603248,NLD
3635,Gross capital formation (% of GDP),1983,26.5755898384769,NOR
3636,Gross capital formation (% of GDP),1983,19.6327005331754,NPL
3637,Gross capital formation (% of GDP),1983,,NRU
3638,Gross capital formation (% of GDP),1983,26.8512260401741,NZL
3639,Gross capital formation (% of GDP),1983,23.8036757205605,OECD members
3640,Gross capital formation (% of GDP),1983,26.4827193139428,OMN
3641,Gross capital formation (% of GDP),1983,,Other small states
3642,Gross capital formation (% of GDP),1983,18.7882663212464,PAK
3643,Gross capital formation (% of GDP),1983,22.4710153907591,PAN
3644,Gross capital formation (% of GDP),1983,26.5259065004688,PER
3645,Gross capital formation (% of GDP),1983,28.2326345302981,PHL
3646,Gross capital formation (% of GDP),1983,,PLW
3647,Gross capital formation (% of GDP),1983,29.4375682613769,PNG
3648,Gross capital formation (% of GDP),1983,,POL
3649,Gross capital formation (% of GDP),1983,,Pre-demographic dividend
3650,Gross capital formation (% of GDP),1983,10.1073127814501,PRI
3651,Gross capital formation (% of GDP),1983,,PRK
3652,Gross capital formation (% of GDP),1983,29.3203360927402,PRT
3653,Gross capital formation (% of GDP),1983,21.226731362755,PRY
3654,Gross capital formation (% of GDP),1983,,PSE
3655,Gross capital formation (% of GDP),1983,22.9292060428985,Pacific island small states
3656,Gross capital formation (% of GDP),1983,23.96992258161,Post-demographic dividend
3657,Gross capital formation (% of GDP),1983,,PYF
3658,Gross capital formation (% of GDP),1983,,QAT
3659,Gross capital formation (% of GDP),1983,,ROU
3660,Gross capital formation (% of GDP),1983,,RUS
3661,Gross capital formation (% of GDP),1983,13.5305823383973,RWA
3662,Gross capital formation (% of GDP),1983,21.3333698701513,South Asia
3663,Gross capital formation (% of GDP),1983,34.3504642741907,SAU
3664,Gross capital formation (% of GDP),1983,16.0759682966951,SDN
3665,Gross capital formation (% of GDP),1983,16.9800999555589,SEN
3666,Gross capital formation (% of GDP),1983,46.4506805402281,SGP
3667,Gross capital formation (% of GDP),1983,3.84352733109945,SLB
3668,Gross capital formation (% of GDP),1983,14.2796226213954,SLE
3669,Gross capital formation (% of GDP),1983,12.055138968245,SLV
3670,Gross capital formation (% of GDP),1983,,SMR
3671,Gross capital formation (% of GDP),1983,22.3746740072305,SOM
3672,Gross capital formation (% of GDP),1983,,SRB
3673,Gross capital formation (% of GDP),1983,,Sub-Saharan Africa (
3674,Gross capital formation (% of GDP),1983,,SSD
3675,Gross capital formation (% of GDP),1983,,Sub-Saharan Africa
3676,Gross capital formation (% of GDP),1983,,Small states
3677,Gross capital formation (% of GDP),1983,,STP
3678,Gross capital formation (% of GDP),1983,,SUR
3679,Gross capital formation (% of GDP),1983,,SVK
3680,Gross capital formation (% of GDP),1983,,SVN
3681,Gross capital formation (% of GDP),1983,22.9786869327758,SWE
3682,Gross capital formation (% of GDP),1983,,SWZ
3683,Gross capital formation (% of GDP),1983,,SXM
3684,Gross capital formation (% of GDP),1983,21.1436858902832,SYC
3685,Gross capital formation (% of GDP),1983,,SYR
3686,Gross capital formation (% of GDP),1983,,TCA
3687,Gross capital formation (% of GDP),1983,2.73289727485606,TCD
3688,Gross capital formation (% of GDP),1983,30.8524138715989,East Asia & Pacific (IDA & IBRD countries)
3689,Gross capital formation (% of GDP),1983,,Europe & Central Asia (IDA & IBRD countries)
3690,Gross capital formation (% of GDP),1983,21.8120805369217,TGO
3691,Gross capital formation (% of GDP),1983,29.975276320559,THA
3692,Gross capital formation (% of GDP),1983,,TJK
3693,Gross capital formation (% of GDP),1983,,TKM
3694,Gross capital formation (% of GDP),1983,18.3441845978835,Latin America & the Caribbean (IDA & IBRD countries)
3695,Gross capital formation (% of GDP),1983,,TLS
3696,Gross capital formation (% of GDP),1983,28.150520017487,AFG
3697,Gross capital formation (% of GDP),1983,29.3462010982993,TON
3698,Gross capital formation (% of GDP),1983,21.3333698701513,South Asia (IDA & IBRD)
3699,Gross capital formation (% of GDP),1983,,Sub-Saharan Africa (IDA & IBRD countries)
3700,Gross capital formation (% of GDP),1983,,TTO
3701,Gross capital formation (% of GDP),1983,33.4962333056933,TUN
3702,Gross capital formation (% of GDP),1983,16.2852910296423,TUR
3703,Gross capital formation (% of GDP),1983,,TUV
3704,Gross capital formation (% of GDP),1983,,TZA
3705,Gross capital formation (% of GDP),1983,7.40961166493081,UGA
3706,Gross capital formation (% of GDP),1983,,UKR
3707,Gross capital formation (% of GDP),1983,25.1224282224361,Upper middle income
3708,Gross capital formation (% of GDP),1983,14.2535420051883,URY
3709,Gross capital formation (% of GDP),1983,22.2529868977705,USA
3710,Gross capital formation (% of GDP),1983,,UZB
3711,Gross capital formation (% of GDP),1983,,VCT
3712,Gross capital formation (% of GDP),1983,14.1909243628052,VEN
3713,Gross capital formation (% of GDP),1983,,VGB
3714,Gross capital formation (% of GDP),1983,,VIR
3715,Gross capital formation (% of GDP),1983,,VNM
3716,Gross capital formation (% of GDP),1983,22.3317625375054,VUT
3717,Gross capital formation (% of GDP),1983,23.9709855234545,World
3718,Gross capital formation (% of GDP),1983,,WSM
3719,Gross capital formation (% of GDP),1983,,XKX
3720,Gross capital formation (% of GDP),1983,,YEM
3721,Gross capital formation (% of GDP),1983,25.2647390862186,ZAF
3722,Gross capital formation (% of GDP),1983,,ZMB
3723,Gross capital formation (% of GDP),1983,14.3051573357108,ZWE
3724,Gross capital formation (% of GDP),1984,,ABW
3725,Gross capital formation (% of GDP),1984,,Africa Eastern and Southern
3726,Gross capital formation (% of GDP),1984,,AFG
3727,Gross capital formation (% of GDP),1984,,Africa Western and Central
3728,Gross capital formation (% of GDP),1984,,AGO
3729,Gross capital formation (% of GDP),1984,32.9255350791543,ALB
3730,Gross capital formation (% of GDP),1984,,AND
3731,Gross capital formation (% of GDP),1984,28.229866178365,Arab World
3732,Gross capital formation (% of GDP),1984,,ARE
3733,Gross capital formation (% of GDP),1984,19.9640924492995,ARG
3734,Gross capital formation (% of GDP),1984,,ARM
3735,Gross capital formation (% of GDP),1984,,ASM
3736,Gross capital formation (% of GDP),1984,,ATG
3737,Gross capital formation (% of GDP),1984,26.6297913361692,AUS
3738,Gross capital formation (% of GDP),1984,24.0777118139373,AUT
3739,Gross capital formation (% of GDP),1984,,AZE
3740,Gross capital formation (% of GDP),1984,18.3708354841712,BDI
3741,Gross capital formation (% of GDP),1984,19.8182689993281,BEL
3742,Gross capital formation (% of GDP),1984,12.7803178241589,BEN
3743,Gross capital formation (% of GDP),1984,14.1666284842185,BFA
3744,Gross capital formation (% of GDP),1984,16.4842575699599,BGD
3745,Gross capital formation (% of GDP),1984,33.2033507099577,BGR
3746,Gross capital formation (% of GDP),1984,37.44829740166,BHR
3747,Gross capital formation (% of GDP),1984,16.3490274851796,BHS
3748,Gross capital formation (% of GDP),1984,,BIH
3749,Gross capital formation (% of GDP),1984,,BLR
3750,Gross capital formation (% of GDP),1984,17.1608660237644,BLZ
3751,Gross capital formation (% of GDP),1984,,BMU
3752,Gross capital formation (% of GDP),1984,19.6716028308147,BOL
3753,Gross capital formation (% of GDP),1984,17.4692254111657,BRA
3754,Gross capital formation (% of GDP),1984,,BRB
3755,Gross capital formation (% of GDP),1984,,BRN
3756,Gross capital formation (% of GDP),1984,39.5063538907005,BTN
3757,Gross capital formation (% of GDP),1984,29.4435306166786,BWA
3758,Gross capital formation (% of GDP),1984,12.307141868553,CAF
3759,Gross capital formation (% of GDP),1984,20.9603754226319,CAN
3760,Gross capital formation (% of GDP),1984,,Central Europe and the Baltics
3761,Gross capital formation (% of GDP),1984,29.0639454078162,CHE
3762,Gross capital formation (% of GDP),1984,,Channel Islands
3763,Gross capital formation (% of GDP),1984,19.0154594051283,CHL
3764,Gross capital formation (% of GDP),1984,34.3128885510943,CHN
3765,Gross capital formation (% of GDP),1984,11.6507777029108,CIV
3766,Gross capital formation (% of GDP),1984,25.9436609488241,CMR
3767,Gross capital formation (% of GDP),1984,,COD
3768,Gross capital formation (% of GDP),1984,30.3912363067293,COG
3769,Gross capital formation (% of GDP),1984,18.9649700356585,COL
3770,Gross capital formation (% of GDP),1984,18.0422894255551,COM
3771,Gross capital formation (% of GDP),1984,,CPV
3772,Gross capital formation (% of GDP),1984,22.6994636554979,CRI
3773,Gross capital formation (% of GDP),1984,,Caribbean small states
3774,Gross capital formation (% of GDP),1984,25.5013911079374,CUB
3775,Gross capital formation (% of GDP),1984,,CUW
3776,Gross capital formation (% of GDP),1984,,CYM
3777,Gross capital formation (% of GDP),1984,33.595031989419,CYP
3778,Gross capital formation (% of GDP),1984,,CZE
3779,Gross capital formation (% of GDP),1984,24.1181342897383,DEU
3780,Gross capital formation (% of GDP),1984,,DJI
3781,Gross capital formation (% of GDP),1984,,DMA
3782,Gross capital formation (% of GDP),1984,20.6727305316566,DNK
3783,Gross capital formation (% of GDP),1984,17.877772459893,DOM
3784,Gross capital formation (% of GDP),1984,35.164423994732,DZA
3785,Gross capital formation (% of GDP),1984,30.4479431489303,East Asia & Pacific (
3786,Gross capital formation (% of GDP),1984,23.6485571751466,Early-demographic dividend
3787,Gross capital formation (% of GDP),1984,30.5377716013507,East Asia & Pacific
3788,Gross capital formation (% of GDP),1984,,Europe & Central Asia (
3789,Gross capital formation (% of GDP),1984,23.2202070220771,Europe & Central Asia
3790,Gross capital formation (% of GDP),1984,15.6377851268143,ECU
3791,Gross capital formation (% of GDP),1984,30.379746835443,EGY
3792,Gross capital formation (% of GDP),1984,22.8998944760107,Euro area
3793,Gross capital formation (% of GDP),1984,,ERI
3794,Gross capital formation (% of GDP),1984,20.5964637249933,ESP
3795,Gross capital formation (% of GDP),1984,,EST
3796,Gross capital formation (% of GDP),1984,0.0,ETH
3797,Gross capital formation (% of GDP),1984,22.9708751670419,European Union
3798,Gross capital formation (% of GDP),1984,,Fragile and conflict affected situations
3799,Gross capital formation (% of GDP),1984,27.2388757905767,FIN
3800,Gross capital formation (% of GDP),1984,19.0721449854936,FJI
3801,Gross capital formation (% of GDP),1984,21.4105351250654,FRA
3802,Gross capital formation (% of GDP),1984,,FRO
3803,Gross capital formation (% of GDP),1984,,FSM
3804,Gross capital formation (% of GDP),1984,32.9649145354068,GAB
3805,Gross capital formation (% of GDP),1984,22.2069082796746,GBR
3806,Gross capital formation (% of GDP),1984,32.7332242225859,GEO
3807,Gross capital formation (% of GDP),1984,6.87682260192711,GHA
3808,Gross capital formation (% of GDP),1984,,GIB
3809,Gross capital formation (% of GDP),1984,,GIN
3810,Gross capital formation (% of GDP),1984,18.313404657017,GMB
3811,Gross capital formation (% of GDP),1984,37.7245564040505,GNB
3812,Gross capital formation (% of GDP),1984,,GNQ
3813,Gross capital formation (% of GDP),1984,27.5092775896972,GRC
3814,Gross capital formation (% of GDP),1984,,GRD
3815,Gross capital formation (% of GDP),1984,,GRL
3816,Gross capital formation (% of GDP),1984,11.5723335631221,GTM
3817,Gross capital formation (% of GDP),1984,,GUM
3818,Gross capital formation (% of GDP),1984,27.4203230655248,GUY
3819,Gross capital formation (% of GDP),1984,25.3666805246596,High income
3820,Gross capital formation (% of GDP),1984,24.417921157898,HKG
3821,Gross capital formation (% of GDP),1984,15.9633549814081,HND
3822,Gross capital formation (% of GDP),1984,,Heavily indebted poor countries (HIPC)
3823,Gross capital formation (% of GDP),1984,,HRV
3824,Gross capital formation (% of GDP),1984,,HTI
3825,Gross capital formation (% of GDP),1984,,HUN
3826,Gross capital formation (% of GDP),1984,24.4698095875646,IBRD only
3827,Gross capital formation (% of GDP),1984,23.4201218101537,IDA & IBRD total
3828,Gross capital formation (% of GDP),1984,16.5705189012085,IDA total
3829,Gross capital formation (% of GDP),1984,,IDA blend
3830,Gross capital formation (% of GDP),1984,24.8846749403824,IDN
3831,Gross capital formation (% of GDP),1984,,IDA only
3832,Gross capital formation (% of GDP),1984,,IMN
3833,Gross capital formation (% of GDP),1984,23.2914173032296,IND
3834,Gross capital formation (% of GDP),1984,,Not classified
3835,Gross capital formation (% of GDP),1984,22.328918086108,IRL
3836,Gross capital formation (% of GDP),1984,33.0452680891605,IRN
3837,Gross capital formation (% of GDP),1984,18.5569277501735,IRQ
3838,Gross capital formation (% of GDP),1984,25.7939808522458,ISL
3839,Gross capital formation (% of GDP),1984,25.7288130980917,ISR
3840,Gross capital formation (% of GDP),1984,23.9352377367696,ITA
3841,Gross capital formation (% of GDP),1984,23.1222946652197,JAM
3842,Gross capital formation (% of GDP),1984,29.9104571398649,JOR
3843,Gross capital formation (% of GDP),1984,31.3228030967555,JPN
3844,Gross capital formation (% of GDP),1984,,KAZ
3845,Gross capital formation (% of GDP),1984,19.8110319511085,KEN
3846,Gross capital formation (% of GDP),1984,,KGZ
3847,Gross capital formation (% of GDP),1984,,KHM
3848,Gross capital formation (% of GDP),1984,,KIR
3849,Gross capital formation (% of GDP),1984,,KNA
3850,Gross capital formation (% of GDP),1984,32.2979770025435,KOR
3851,Gross capital formation (% of GDP),1984,21.0241311251046,KWT
3852,Gross capital formation (% of GDP),1984,18.8355033305185,Latin America & Caribbean (
3853,Gross capital formation (% of GDP),1984,6.17886196946263,LAO
3854,Gross capital formation (% of GDP),1984,,LBN
3855,Gross capital formation (% of GDP),1984,,LBR
3856,Gross capital formation (% of GDP),1984,,LBY
3857,Gross capital formation (% of GDP),1984,,LCA
3858,Gross capital formation (% of GDP),1984,18.38312025934,Latin America & Caribbean
3859,Gross capital formation (% of GDP),1984,,Least developed countries: UN classification
3860,Gross capital formation (% of GDP),1984,,Low income
3861,Gross capital formation (% of GDP),1984,,LIE
3862,Gross capital formation (% of GDP),1984,25.8270133857141,LKA
3863,Gross capital formation (% of GDP),1984,21.9295203299474,Lower middle income
3864,Gross capital formation (% of GDP),1984,23.2203620781323,Low & middle income
3865,Gross capital formation (% of GDP),1984,,LSO
3866,Gross capital formation (% of GDP),1984,24.8859903572115,Late-demographic dividend
3867,Gross capital formation (% of GDP),1984,,LTU
3868,Gross capital formation (% of GDP),1984,21.0731540050789,LUX
3869,Gross capital formation (% of GDP),1984,,LVA
3870,Gross capital formation (% of GDP),1984,22.2497853258277,MAC
3871,Gross capital formation (% of GDP),1984,,MAF
3872,Gross capital formation (% of GDP),1984,31.1128523022278,MAR
3873,Gross capital formation (% of GDP),1984,,MCO
3874,Gross capital formation (% of GDP),1984,,MDA
3875,Gross capital formation (% of GDP),1984,26.8216361350768,MDG
3876,Gross capital formation (% of GDP),1984,,MDV
3877,Gross capital formation (% of GDP),1984,29.2138028481201,AFG
3878,Gross capital formation (% of GDP),1984,18.9307417598047,MEX
3879,Gross capital formation (% of GDP),1984,,MHL
3880,Gross capital formation (% of GDP),1984,23.6815125433854,Middle income
3881,Gross capital formation (% of GDP),1984,,MKD
3882,Gross capital formation (% of GDP),1984,,MLI
3883,Gross capital formation (% of GDP),1984,26.5117277892307,MLT
3884,Gross capital formation (% of GDP),1984,,MMR
3885,Gross capital formation (% of GDP),1984,27.4446263173379,AFG
3886,Gross capital formation (% of GDP),1984,,MNE
3887,Gross capital formation (% of GDP),1984,57.8003324002949,MNG
3888,Gross capital formation (% of GDP),1984,,MNP
3889,Gross capital formation (% of GDP),1984,,MOZ
3890,Gross capital formation (% of GDP),1984,17.0818112684686,MRT
3891,Gross capital formation (% of GDP),1984,21.7475778503756,MUS
3892,Gross capital formation (% of GDP),1984,,MWI
3893,Gross capital formation (% of GDP),1984,33.5600251414205,MYS
3894,Gross capital formation (% of GDP),1984,24.7612552894578,North America
3895,Gross capital formation (% of GDP),1984,13.1959780349119,NAM
3896,Gross capital formation (% of GDP),1984,14.5467192498755,NCL
3897,Gross capital formation (% of GDP),1984,3.14800294788405,NER
3898,Gross capital formation (% of GDP),1984,,NGA
3899,Gross capital formation (% of GDP),1984,22.2285149275129,NIC
3900,Gross capital formation (% of GDP),1984,20.8366168248828,NLD
3901,Gross capital formation (% of GDP),1984,27.7318622824718,NOR
3902,Gross capital formation (% of GDP),1984,18.6620976592,NPL
3903,Gross capital formation (% of GDP),1984,,NRU
3904,Gross capital formation (% of GDP),1984,29.0175900442743,NZL
3905,Gross capital formation (% of GDP),1984,25.0837019475815,OECD members
3906,Gross capital formation (% of GDP),1984,29.9714431061078,OMN
3907,Gross capital formation (% of GDP),1984,,Other small states
3908,Gross capital formation (% of GDP),1984,18.2707562136436,PAK
3909,Gross capital formation (% of GDP),1984,18.6268153905487,PAN
3910,Gross capital formation (% of GDP),1984,23.4446143317988,PER
3911,Gross capital formation (% of GDP),1984,19.8310631674001,PHL
3912,Gross capital formation (% of GDP),1984,,PLW
3913,Gross capital formation (% of GDP),1984,26.9956826526711,PNG
3914,Gross capital formation (% of GDP),1984,,POL
3915,Gross capital formation (% of GDP),1984,,Pre-demographic dividend
3916,Gross capital formation (% of GDP),1984,13.7533528853078,PRI
3917,Gross capital formation (% of GDP),1984,,PRK
3918,Gross capital formation (% of GDP),1984,23.0583842511206,PRT
3919,Gross capital formation (% of GDP),1984,22.3012356215448,PRY
3920,Gross capital formation (% of GDP),1984,,PSE
3921,Gross capital formation (% of GDP),1984,20.9510814902231,Pacific island small states
3922,Gross capital formation (% of GDP),1984,25.2980150458052,Post-demographic dividend
3923,Gross capital formation (% of GDP),1984,,PYF
3924,Gross capital formation (% of GDP),1984,,QAT
3925,Gross capital formation (% of GDP),1984,,ROU
3926,Gross capital formation (% of GDP),1984,,RUS
3927,Gross capital formation (% of GDP),1984,15.8065743010376,RWA
3928,Gross capital formation (% of GDP),1984,23.2676904691703,South Asia
3929,Gross capital formation (% of GDP),1984,32.8289345712808,SAU
3930,Gross capital formation (% of GDP),1984,13.2529322112517,SDN
3931,Gross capital formation (% of GDP),1984,16.4708770266329,SEN
3932,Gross capital formation (% of GDP),1984,46.9276594521021,SGP
3933,Gross capital formation (% of GDP),1984,3.45917470767682,SLB
3934,Gross capital formation (% of GDP),1984,12.7056237406118,SLE
3935,Gross capital formation (% of GDP),1984,11.9604496664021,SLV
3936,Gross capital formation (% of GDP),1984,,SMR
3937,Gross capital formation (% of GDP),1984,24.226945503028,SOM
3938,Gross capital formation (% of GDP),1984,,SRB
3939,Gross capital formation (% of GDP),1984,21.0049823350556,Sub-Saharan Africa (
3940,Gross capital formation (% of GDP),1984,,SSD
3941,Gross capital formation (% of GDP),1984,,Sub-Saharan Africa
3942,Gross capital formation (% of GDP),1984,,Small states
3943,Gross capital formation (% of GDP),1984,,STP
3944,Gross capital formation (% of GDP),1984,,SUR
3945,Gross capital formation (% of GDP),1984,,SVK
3946,Gross capital formation (% of GDP),1984,,SVN
3947,Gross capital formation (% of GDP),1984,23.9586547259304,SWE
3948,Gross capital formation (% of GDP),1984,,SWZ
3949,Gross capital formation (% of GDP),1984,,SXM
3950,Gross capital formation (% of GDP),1984,21.8271959682585,SYC
3951,Gross capital formation (% of GDP),1984,,SYR
3952,Gross capital formation (% of GDP),1984,,TCA
3953,Gross capital formation (% of GDP),1984,4.83039724539578,TCD
3954,Gross capital formation (% of GDP),1984,30.4453581744944,East Asia & Pacific (IDA & IBRD countries)
3955,Gross capital formation (% of GDP),1984,,Europe & Central Asia (IDA & IBRD countries)
3956,Gross capital formation (% of GDP),1984,15.0414276608504,TGO
3957,Gross capital formation (% of GDP),1984,29.4731136833054,THA
3958,Gross capital formation (% of GDP),1984,,TJK
3959,Gross capital formation (% of GDP),1984,,TKM
3960,Gross capital formation (% of GDP),1984,18.268520838466,Latin America & the Caribbean (IDA & IBRD countries)
3961,Gross capital formation (% of GDP),1984,,TLS
3962,Gross capital formation (% of GDP),1984,27.2601752725735,AFG
3963,Gross capital formation (% of GDP),1984,23.9376596413107,TON
3964,Gross capital formation (% of GDP),1984,23.2676904691703,South Asia (IDA & IBRD)
3965,Gross capital formation (% of GDP),1984,,Sub-Saharan Africa (IDA & IBRD countries)
3966,Gross capital formation (% of GDP),1984,,TTO
3967,Gross capital formation (% of GDP),1984,35.8991953090886,TUN
3968,Gross capital formation (% of GDP),1984,16.1803146778439,TUR
3969,Gross capital formation (% of GDP),1984,,TUV
3970,Gross capital formation (% of GDP),1984,,TZA
3971,Gross capital formation (% of GDP),1984,8.13983536390445,UGA
3972,Gross capital formation (% of GDP),1984,,UKR
3973,Gross capital formation (% of GDP),1984,24.5733091545312,Upper middle income
3974,Gross capital formation (% of GDP),1984,12.1267005046183,URY
3975,Gross capital formation (% of GDP),1984,25.0957929846174,USA
3976,Gross capital formation (% of GDP),1984,,UZB
3977,Gross capital formation (% of GDP),1984,,VCT
3978,Gross capital formation (% of GDP),1984,16.9369298596431,VEN
3979,Gross capital formation (% of GDP),1984,,VGB
3980,Gross capital formation (% of GDP),1984,,VIR
3981,Gross capital formation (% of GDP),1984,,VNM
3982,Gross capital formation (% of GDP),1984,18.6370928367162,VUT
3983,Gross capital formation (% of GDP),1984,25.0441415667489,World
3984,Gross capital formation (% of GDP),1984,,WSM
3985,Gross capital formation (% of GDP),1984,,XKX
3986,Gross capital formation (% of GDP),1984,,YEM
3987,Gross capital formation (% of GDP),1984,23.8013849065947,ZAF
3988,Gross capital formation (% of GDP),1984,,ZMB
3989,Gross capital formation (% of GDP),1984,17.0355046016957,ZWE
3990,Gross capital formation (% of GDP),1985,,ABW
3991,Gross capital formation (% of GDP),1985,,Africa Eastern and Southern
3992,Gross capital formation (% of GDP),1985,,AFG
3993,Gross capital formation (% of GDP),1985,,Africa Western and Central
3994,Gross capital formation (% of GDP),1985,0.0,AGO
3995,Gross capital formation (% of GDP),1985,33.9319591391124,ALB
3996,Gross capital formation (% of GDP),1985,,AND
3997,Gross capital formation (% of GDP),1985,24.7077603144851,Arab World
3998,Gross capital formation (% of GDP),1985,,ARE
3999,Gross capital formation (% of GDP),1985,17.5890669180019,ARG
4000,Gross capital formation (% of GDP),1985,,ARM
4001,Gross capital formation (% of GDP),1985,,ASM
4002,Gross capital formation (% of GDP),1985,,ATG
4003,Gross capital formation (% of GDP),1985,28.0017664318501,AUS
4004,Gross capital formation (% of GDP),1985,24.7605640221541,AUT
4005,Gross capital formation (% of GDP),1985,,AZE
4006,Gross capital formation (% of GDP),1985,13.8611293239475,BDI
4007,Gross capital formation (% of GDP),1985,18.9772622333502,BEL
4008,Gross capital formation (% of GDP),1985,8.93997374769409,BEN
4009,Gross capital formation (% of GDP),1985,22.9532781499561,BFA
4010,Gross capital formation (% of GDP),1985,15.8309437037216,BGD
4011,Gross capital formation (% of GDP),1985,32.1972799759475,BGR
4012,Gross capital formation (% of GDP),1985,31.3522077569477,BHR
4013,Gross capital formation (% of GDP),1985,19.1709406287302,BHS
4014,Gross capital formation (% of GDP),1985,,BIH
4015,Gross capital formation (% of GDP),1985,,BLR
4016,Gross capital formation (% of GDP),1985,16.0338778280543,BLZ
4017,Gross capital formation (% of GDP),1985,,BMU
4018,Gross capital formation (% of GDP),1985,19.464305732424,BOL
4019,Gross capital formation (% of GDP),1985,20.299093219092,BRA
4020,Gross capital formation (% of GDP),1985,,BRB
4021,Gross capital formation (% of GDP),1985,,BRN
4022,Gross capital formation (% of GDP),1985,45.9283635452411,BTN
4023,Gross capital formation (% of GDP),1985,22.9944128810203,BWA
4024,Gross capital formation (% of GDP),1985,15.3840610482698,CAF
4025,Gross capital formation (% of GDP),1985,21.5336371835921,CAN
4026,Gross capital formation (% of GDP),1985,,Central Europe and the Baltics
4027,Gross capital formation (% of GDP),1985,29.858468450572,CHE
4028,Gross capital formation (% of GDP),1985,,Channel Islands
4029,Gross capital formation (% of GDP),1985,16.8400047172759,CHL
4030,Gross capital formation (% of GDP),1985,38.9914630864753,CHN
4031,Gross capital formation (% of GDP),1985,12.9513847390107,CIV
4032,Gross capital formation (% of GDP),1985,24.8849469573947,CMR
4033,Gross capital formation (% of GDP),1985,,COD
4034,Gross capital formation (% of GDP),1985,30.2843026370004,COG
4035,Gross capital formation (% of GDP),1985,19.0409037023224,COL
4036,Gross capital formation (% of GDP),1985,18.0423421730915,COM
4037,Gross capital formation (% of GDP),1985,,CPV
4038,Gross capital formation (% of GDP),1985,25.8891732914039,CRI
4039,Gross capital formation (% of GDP),1985,,Caribbean small states
4040,Gross capital formation (% of GDP),1985,28.7632021860748,CUB
4041,Gross capital formation (% of GDP),1985,,CUW
4042,Gross capital formation (% of GDP),1985,,CYM
4043,Gross capital formation (% of GDP),1985,30.3400346189038,CYP
4044,Gross capital formation (% of GDP),1985,,CZE
4045,Gross capital formation (% of GDP),1985,23.52124534138,DEU
4046,Gross capital formation (% of GDP),1985,,DJI
4047,Gross capital formation (% of GDP),1985,,DMA
4048,Gross capital formation (% of GDP),1985,22.1699172073213,DNK
4049,Gross capital formation (% of GDP),1985,17.3719111375766,DOM
4050,Gross capital formation (% of GDP),1985,34.5691720680959,DZA
4051,Gross capital formation (% of GDP),1985,32.8014713043917,East Asia & Pacific (
4052,Gross capital formation (% of GDP),1985,21.8554360476568,Early-demographic dividend
4053,Gross capital formation (% of GDP),1985,30.9314577497472,East Asia & Pacific
4054,Gross capital formation (% of GDP),1985,,Europe & Central Asia (
4055,Gross capital formation (% of GDP),1985,23.1208215006798,Europe & Central Asia
4056,Gross capital formation (% of GDP),1985,15.7169115180474,ECU
4057,Gross capital formation (% of GDP),1985,29.7587131367292,EGY
4058,Gross capital formation (% of GDP),1985,22.6382935064755,Euro area
4059,Gross capital formation (% of GDP),1985,,ERI
4060,Gross capital formation (% of GDP),1985,20.8198240394992,ESP
4061,Gross capital formation (% of GDP),1985,,EST
4062,Gross capital formation (% of GDP),1985,0.0,ETH
4063,Gross capital formation (% of GDP),1985,22.8595253887658,European Union
4064,Gross capital formation (% of GDP),1985,,Fragile and conflict affected situations
4065,Gross capital formation (% of GDP),1985,26.9557750107342,FIN
4066,Gross capital formation (% of GDP),1985,18.7331735034944,FJI
4067,Gross capital formation (% of GDP),1985,21.2723789337356,FRA
4068,Gross capital formation (% of GDP),1985,,FRO
4069,Gross capital formation (% of GDP),1985,,FSM
4070,Gross capital formation (% of GDP),1985,41.9926691102966,GAB
4071,Gross capital formation (% of GDP),1985,22.0196206698474,GBR
4072,Gross capital formation (% of GDP),1985,34.0933304922225,GEO
4073,Gross capital formation (% of GDP),1985,9.5700893169469,GHA
4074,Gross capital formation (% of GDP),1985,,GIB
4075,Gross capital formation (% of GDP),1985,,GIN
4076,Gross capital formation (% of GDP),1985,15.0861823766995,GMB
4077,Gross capital formation (% of GDP),1985,25.431636118178,GNB
4078,Gross capital formation (% of GDP),1985,,GNQ
4079,Gross capital formation (% of GDP),1985,28.9295457116394,GRC
4080,Gross capital formation (% of GDP),1985,,GRD
4081,Gross capital formation (% of GDP),1985,,GRL
4082,Gross capital formation (% of GDP),1985,11.497419578864,GTM
4083,Gross capital formation (% of GDP),1985,,GUM
4084,Gross capital formation (% of GDP),1985,35.7948717948718,GUY
4085,Gross capital formation (% of GDP),1985,24.7984331467671,High income
4086,Gross capital formation (% of GDP),1985,21.5001725824081,HKG
4087,Gross capital formation (% of GDP),1985,15.879870358308,HND
4088,Gross capital formation (% of GDP),1985,,Heavily indebted poor countries (HIPC)
4089,Gross capital formation (% of GDP),1985,,HRV
4090,Gross capital formation (% of GDP),1985,,HTI
4091,Gross capital formation (% of GDP),1985,,HUN
4092,Gross capital formation (% of GDP),1985,25.13102716598,IBRD only
4093,Gross capital formation (% of GDP),1985,24.0261607646013,IDA & IBRD total
4094,Gross capital formation (% of GDP),1985,16.4719460395264,IDA total
4095,Gross capital formation (% of GDP),1985,,IDA blend
4096,Gross capital formation (% of GDP),1985,25.3469459717401,IDN
4097,Gross capital formation (% of GDP),1985,,IDA only
4098,Gross capital formation (% of GDP),1985,,IMN
4099,Gross capital formation (% of GDP),1985,26.4460769030045,IND
4100,Gross capital formation (% of GDP),1985,,Not classified
4101,Gross capital formation (% of GDP),1985,19.5793124254936,IRL
4102,Gross capital formation (% of GDP),1985,24.2749880460234,IRN
4103,Gross capital formation (% of GDP),1985,24.4114629824538,IRQ
4104,Gross capital formation (% of GDP),1985,23.1202947816971,ISL
4105,Gross capital formation (% of GDP),1985,21.8328138674147,ISR
4106,Gross capital formation (% of GDP),1985,23.7906140617664,ITA
4107,Gross capital formation (% of GDP),1985,24.3038118155671,JAM
4108,Gross capital formation (% of GDP),1985,21.0545011671572,JOR
4109,Gross capital formation (% of GDP),1985,31.2263124667115,JPN
4110,Gross capital formation (% of GDP),1985,,KAZ
4111,Gross capital formation (% of GDP),1985,25.3248237306024,KEN
4112,Gross capital formation (% of GDP),1985,,KGZ
4113,Gross capital formation (% of GDP),1985,,KHM
4114,Gross capital formation (% of GDP),1985,,KIR
4115,Gross capital formation (% of GDP),1985,,KNA
4116,Gross capital formation (% of GDP),1985,32.2700519802064,KOR
4117,Gross capital formation (% of GDP),1985,18.8542839158194,KWT
4118,Gross capital formation (% of GDP),1985,19.6959220397929,Latin America & Caribbean (
4119,Gross capital formation (% of GDP),1985,7.04225395490314,LAO
4120,Gross capital formation (% of GDP),1985,,LBN
4121,Gross capital formation (% of GDP),1985,,LBR
4122,Gross capital formation (% of GDP),1985,,LBY
4123,Gross capital formation (% of GDP),1985,,LCA
4124,Gross capital formation (% of GDP),1985,19.1092430067264,Latin America & Caribbean
4125,Gross capital formation (% of GDP),1985,,Least developed countries: UN classification
4126,Gross capital formation (% of GDP),1985,9.30398794279853,Low income
4127,Gross capital formation (% of GDP),1985,,LIE
4128,Gross capital formation (% of GDP),1985,23.8226327944573,LKA
4129,Gross capital formation (% of GDP),1985,22.874941847993,Lower middle income
4130,Gross capital formation (% of GDP),1985,23.8698752537181,Low & middle income
4131,Gross capital formation (% of GDP),1985,,LSO
4132,Gross capital formation (% of GDP),1985,27.318553880873,Late-demographic dividend
4133,Gross capital formation (% of GDP),1985,,LTU
4134,Gross capital formation (% of GDP),1985,17.2837877111523,LUX
4135,Gross capital formation (% of GDP),1985,,LVA
4136,Gross capital formation (% of GDP),1985,22.7260211106012,MAC
4137,Gross capital formation (% of GDP),1985,,MAF
4138,Gross capital formation (% of GDP),1985,30.6779461220974,MAR
4139,Gross capital formation (% of GDP),1985,,MCO
4140,Gross capital formation (% of GDP),1985,,MDA
4141,Gross capital formation (% of GDP),1985,18.7639055880811,MDG
4142,Gross capital formation (% of GDP),1985,,MDV
4143,Gross capital formation (% of GDP),1985,24.3730735037218,AFG
4144,Gross capital formation (% of GDP),1985,20.009776685914,MEX
4145,Gross capital formation (% of GDP),1985,,MHL
4146,Gross capital formation (% of GDP),1985,24.3067986109125,Middle income
4147,Gross capital formation (% of GDP),1985,,MKD
4148,Gross capital formation (% of GDP),1985,12.8428493150815,MLI
4149,Gross capital formation (% of GDP),1985,25.7805608256389,MLT
4150,Gross capital formation (% of GDP),1985,,MMR
4151,Gross capital formation (% of GDP),1985,24.2966123770205,AFG
4152,Gross capital formation (% of GDP),1985,,MNE
4153,Gross capital formation (% of GDP),1985,62.7919911794413,MNG
4154,Gross capital formation (% of GDP),1985,,MNP
4155,Gross capital formation (% of GDP),1985,,MOZ
4156,Gross capital formation (% of GDP),1985,19.6857245682283,MRT
4157,Gross capital formation (% of GDP),1985,23.1567428059525,MUS
4158,Gross capital formation (% of GDP),1985,,MWI
4159,Gross capital formation (% of GDP),1985,27.5809990964244,MYS
4160,Gross capital formation (% of GDP),1985,23.9829416691368,North America
4161,Gross capital formation (% of GDP),1985,9.91591093049669,NAM
4162,Gross capital formation (% of GDP),1985,14.0350862785033,NCL
4163,Gross capital formation (% of GDP),1985,12.7472190737776,NER
4164,Gross capital formation (% of GDP),1985,,NGA
4165,Gross capital formation (% of GDP),1985,23.1386058518006,NIC
4166,Gross capital formation (% of GDP),1985,21.1656528250772,NLD
4167,Gross capital formation (% of GDP),1985,27.7047378921128,NOR
4168,Gross capital formation (% of GDP),1985,22.5561327437428,NPL
4169,Gross capital formation (% of GDP),1985,,NRU
4170,Gross capital formation (% of GDP),1985,27.03061203341,NZL
4171,Gross capital formation (% of GDP),1985,24.7184230587202,OECD members
4172,Gross capital formation (% of GDP),1985,27.5789237992686,OMN
4173,Gross capital formation (% of GDP),1985,,Other small states
4174,Gross capital formation (% of GDP),1985,18.3254722475787,PAK
4175,Gross capital formation (% of GDP),1985,19.1210094062125,PAN
4176,Gross capital formation (% of GDP),1985,20.9248952063703,PER
4177,Gross capital formation (% of GDP),1985,14.1658438395527,PHL
4178,Gross capital formation (% of GDP),1985,,PLW
4179,Gross capital formation (% of GDP),1985,19.8300433220559,PNG
4180,Gross capital formation (% of GDP),1985,,POL
4181,Gross capital formation (% of GDP),1985,,Pre-demographic dividend
4182,Gross capital formation (% of GDP),1985,12.3247836287286,PRI
4183,Gross capital formation (% of GDP),1985,,PRK
4184,Gross capital formation (% of GDP),1985,21.4032884623938,PRT
4185,Gross capital formation (% of GDP),1985,20.7735070365931,PRY
4186,Gross capital formation (% of GDP),1985,,PSE
4187,Gross capital formation (% of GDP),1985,21.3559930966987,Pacific island small states
4188,Gross capital formation (% of GDP),1985,24.8986885436185,Post-demographic dividend
4189,Gross capital formation (% of GDP),1985,,PYF
4190,Gross capital formation (% of GDP),1985,,QAT
4191,Gross capital formation (% of GDP),1985,,ROU
4192,Gross capital formation (% of GDP),1985,,RUS
4193,Gross capital formation (% of GDP),1985,17.3093506255754,RWA
4194,Gross capital formation (% of GDP),1985,26.0078174436912,South Asia
4195,Gross capital formation (% of GDP),1985,21.4531327228567,SAU
4196,Gross capital formation (% of GDP),1985,10.6419572601797,SDN
4197,Gross capital formation (% of GDP),1985,15.2686166795207,SEN
4198,Gross capital formation (% of GDP),1985,41.0992394060123,SGP
4199,Gross capital formation (% of GDP),1985,3.67191258674271,SLB
4200,Gross capital formation (% of GDP),1985,10.9232531500573,SLE
4201,Gross capital formation (% of GDP),1985,10.8458242708352,SLV
4202,Gross capital formation (% of GDP),1985,,SMR
4203,Gross capital formation (% of GDP),1985,29.8242645343109,SOM
4204,Gross capital formation (% of GDP),1985,,SRB
4205,Gross capital formation (% of GDP),1985,17.8713248323586,Sub-Saharan Africa (
4206,Gross capital formation (% of GDP),1985,,SSD
4207,Gross capital formation (% of GDP),1985,,Sub-Saharan Africa
4208,Gross capital formation (% of GDP),1985,,Small states
4209,Gross capital formation (% of GDP),1985,,STP
4210,Gross capital formation (% of GDP),1985,,SUR
4211,Gross capital formation (% of GDP),1985,,SVK
4212,Gross capital formation (% of GDP),1985,,SVN
4213,Gross capital formation (% of GDP),1985,26.2814374340798,SWE
4214,Gross capital formation (% of GDP),1985,,SWZ
4215,Gross capital formation (% of GDP),1985,,SXM
4216,Gross capital formation (% of GDP),1985,22.2928371577106,SYC
4217,Gross capital formation (% of GDP),1985,,SYR
4218,Gross capital formation (% of GDP),1985,,TCA
4219,Gross capital formation (% of GDP),1985,7.30237247332203,TCD
4220,Gross capital formation (% of GDP),1985,32.7992218940298,East Asia & Pacific (IDA & IBRD countries)
4221,Gross capital formation (% of GDP),1985,,Europe & Central Asia (IDA & IBRD countries)
4222,Gross capital formation (% of GDP),1985,27.4452554745114,TGO
4223,Gross capital formation (% of GDP),1985,28.2445805413169,THA
4224,Gross capital formation (% of GDP),1985,,TJK
4225,Gross capital formation (% of GDP),1985,,TKM
4226,Gross capital formation (% of GDP),1985,18.985037871712,Latin America & the Caribbean (IDA & IBRD countries)
4227,Gross capital formation (% of GDP),1985,,TLS
4228,Gross capital formation (% of GDP),1985,24.1333186420154,AFG
4229,Gross capital formation (% of GDP),1985,26.3843345194074,TON
4230,Gross capital formation (% of GDP),1985,26.0078174436912,South Asia (IDA & IBRD)
4231,Gross capital formation (% of GDP),1985,,Sub-Saharan Africa (IDA & IBRD countries)
4232,Gross capital formation (% of GDP),1985,,TTO
4233,Gross capital formation (% of GDP),1985,30.1625749825456,TUN
4234,Gross capital formation (% of GDP),1985,16.5132281916485,TUR
4235,Gross capital formation (% of GDP),1985,,TUV
4236,Gross capital formation (% of GDP),1985,,TZA
4237,Gross capital formation (% of GDP),1985,8.73201845394909,UGA
4238,Gross capital formation (% of GDP),1985,,UKR
4239,Gross capital formation (% of GDP),1985,25.1729716836301,Upper middle income
4240,Gross capital formation (% of GDP),1985,11.3787729384631,URY
4241,Gross capital formation (% of GDP),1985,24.1883401602082,USA
4242,Gross capital formation (% of GDP),1985,,UZB
4243,Gross capital formation (% of GDP),1985,,VCT
4244,Gross capital formation (% of GDP),1985,17.9032622471441,VEN
4245,Gross capital formation (% of GDP),1985,,VGB
4246,Gross capital formation (% of GDP),1985,,VIR
4247,Gross capital formation (% of GDP),1985,,VNM
4248,Gross capital formation (% of GDP),1985,24.225734925971,VUT
4249,Gross capital formation (% of GDP),1985,24.6941184085689,World
4250,Gross capital formation (% of GDP),1985,,WSM
4251,Gross capital formation (% of GDP),1985,,XKX
4252,Gross capital formation (% of GDP),1985,,YEM
4253,Gross capital formation (% of GDP),1985,20.720595298589,ZAF
4254,Gross capital formation (% of GDP),1985,,ZMB
4255,Gross capital formation (% of GDP),1985,17.8199768103624,ZWE
4256,Gross capital formation (% of GDP),1986,,ABW
4257,Gross capital formation (% of GDP),1986,,Africa Eastern and Southern
4258,Gross capital formation (% of GDP),1986,,AFG
4259,Gross capital formation (% of GDP),1986,,Africa Western and Central
4260,Gross capital formation (% of GDP),1986,0.0,AGO
4261,Gross capital formation (% of GDP),1986,32.0348354243886,ALB
4262,Gross capital formation (% of GDP),1986,,AND
4263,Gross capital formation (% of GDP),1986,24.5177579020613,Arab World
4264,Gross capital formation (% of GDP),1986,,ARE
4265,Gross capital formation (% of GDP),1986,17.4617642050861,ARG
4266,Gross capital formation (% of GDP),1986,,ARM
4267,Gross capital formation (% of GDP),1986,,ASM
4268,Gross capital formation (% of GDP),1986,,ATG
4269,Gross capital formation (% of GDP),1986,28.4776233828462,AUS
4270,Gross capital formation (% of GDP),1986,24.0359568701897,AUT
4271,Gross capital formation (% of GDP),1986,,AZE
4272,Gross capital formation (% of GDP),1986,11.6442299983236,BDI
4273,Gross capital formation (% of GDP),1986,18.5655923999919,BEL
4274,Gross capital formation (% of GDP),1986,13.4644446396163,BEN
4275,Gross capital formation (% of GDP),1986,20.1365915917835,BFA
4276,Gross capital formation (% of GDP),1986,16.1764548292232,BGD
4277,Gross capital formation (% of GDP),1986,35.8763413684718,BGR
4278,Gross capital formation (% of GDP),1986,23.417609932171,BHR
4279,Gross capital formation (% of GDP),1986,18.422649140546,BHS
4280,Gross capital formation (% of GDP),1986,,BIH
4281,Gross capital formation (% of GDP),1986,,BLR
4282,Gross capital formation (% of GDP),1986,14.9706876404494,BLZ
4283,Gross capital formation (% of GDP),1986,,BMU
4284,Gross capital formation (% of GDP),1986,13.5589242842271,BOL
4285,Gross capital formation (% of GDP),1986,19.9608396615159,BRA
4286,Gross capital formation (% of GDP),1986,,BRB
4287,Gross capital formation (% of GDP),1986,,BRN
4288,Gross capital formation (% of GDP),1986,43.8697913427241,BTN
4289,Gross capital formation (% of GDP),1986,21.4853452558371,BWA
4290,Gross capital formation (% of GDP),1986,12.7794631117698,CAF
4291,Gross capital formation (% of GDP),1986,21.6803068568065,CAN
4292,Gross capital formation (% of GDP),1986,,Central Europe and the Baltics
4293,Gross capital formation (% of GDP),1986,31.9062001375821,CHE
4294,Gross capital formation (% of GDP),1986,,Channel Islands
4295,Gross capital formation (% of GDP),1986,18.5728738312777,CHL
4296,Gross capital formation (% of GDP),1986,37.6578802293366,CHN
4297,Gross capital formation (% of GDP),1986,12.0634100487767,CIV
4298,Gross capital formation (% of GDP),1986,25.5128340595997,CMR
4299,Gross capital formation (% of GDP),1986,,COD
4300,Gross capital formation (% of GDP),1986,29.4506275252279,COG
4301,Gross capital formation (% of GDP),1986,18.0011626474892,COL
4302,Gross capital formation (% of GDP),1986,18.0423651669821,COM
4303,Gross capital formation (% of GDP),1986,,CPV
4304,Gross capital formation (% of GDP),1986,25.2097398281202,CRI
4305,Gross capital formation (% of GDP),1986,,Caribbean small states
4306,Gross capital formation (% of GDP),1986,25.5409280020537,CUB
4307,Gross capital formation (% of GDP),1986,,CUW
4308,Gross capital formation (% of GDP),1986,,CYM
4309,Gross capital formation (% of GDP),1986,25.9229188754433,CYP
4310,Gross capital formation (% of GDP),1986,,CZE
4311,Gross capital formation (% of GDP),1986,23.5417801621924,DEU
4312,Gross capital formation (% of GDP),1986,,DJI
4313,Gross capital formation (% of GDP),1986,,DMA
4314,Gross capital formation (% of GDP),1986,23.8590635229867,DNK
4315,Gross capital formation (% of GDP),1986,19.571902917208,DOM
4316,Gross capital formation (% of GDP),1986,33.5559245880029,DZA
4317,Gross capital formation (% of GDP),1986,31.4320076272981,East Asia & Pacific (
4318,Gross capital formation (% of GDP),1986,21.7606339171518,Early-demographic dividend
4319,Gross capital formation (% of GDP),1986,30.739537004865,East Asia & Pacific
4320,Gross capital formation (% of GDP),1986,,Europe & Central Asia (
4321,Gross capital formation (% of GDP),1986,23.2638111896394,Europe & Central Asia
4322,Gross capital formation (% of GDP),1986,19.5802742087946,ECU
4323,Gross capital formation (% of GDP),1986,29.4784580498866,EGY
4324,Gross capital formation (% of GDP),1986,22.5553552909316,Euro area
4325,Gross capital formation (% of GDP),1986,,ERI
4326,Gross capital formation (% of GDP),1986,21.7288582238905,ESP
4327,Gross capital formation (% of GDP),1986,,EST
4328,Gross capital formation (% of GDP),1986,0.0,ETH
4329,Gross capital formation (% of GDP),1986,22.785174978877,European Union
4330,Gross capital formation (% of GDP),1986,,Fragile and conflict affected situations
4331,Gross capital formation (% of GDP),1986,26.0642032037782,FIN
4332,Gross capital formation (% of GDP),1986,18.8316019018951,FJI
4333,Gross capital formation (% of GDP),1986,21.8089701080998,FRA
4334,Gross capital formation (% of GDP),1986,,FRO
4335,Gross capital formation (% of GDP),1986,,FSM
4336,Gross capital formation (% of GDP),1986,46.3646390090778,GAB
4337,Gross capital formation (% of GDP),1986,21.7738422806115,GBR
4338,Gross capital formation (% of GDP),1986,29.8899176204709,GEO
4339,Gross capital formation (% of GDP),1986,9.36207574213961,GHA
4340,Gross capital formation (% of GDP),1986,,GIB
4341,Gross capital formation (% of GDP),1986,10.2395448438155,GIN
4342,Gross capital formation (% of GDP),1986,16.5992532669571,GMB
4343,Gross capital formation (% of GDP),1986,23.7796404356326,GNB
4344,Gross capital formation (% of GDP),1986,,GNQ
4345,Gross capital formation (% of GDP),1986,27.9969152236899,GRC
4346,Gross capital formation (% of GDP),1986,,GRD
4347,Gross capital formation (% of GDP),1986,,GRL
4348,Gross capital formation (% of GDP),1986,10.3327439680973,GTM
4349,Gross capital formation (% of GDP),1986,,GUM
4350,Gross capital formation (% of GDP),1986,40.1382506976152,GUY
4351,Gross capital formation (% of GDP),1986,24.8785207526764,High income
4352,Gross capital formation (% of GDP),1986,23.4324935652445,HKG
4353,Gross capital formation (% of GDP),1986,12.6961513054624,HND
4354,Gross capital formation (% of GDP),1986,,Heavily indebted poor countries (HIPC)
4355,Gross capital formation (% of GDP),1986,,HRV
4356,Gross capital formation (% of GDP),1986,,HTI
4357,Gross capital formation (% of GDP),1986,,HUN
4358,Gross capital formation (% of GDP),1986,24.4482150093948,IBRD only
4359,Gross capital formation (% of GDP),1986,23.8655924609752,IDA & IBRD total
4360,Gross capital formation (% of GDP),1986,19.8406722142701,IDA total
4361,Gross capital formation (% of GDP),1986,,IDA blend
4362,Gross capital formation (% of GDP),1986,27.6465173156606,IDN
4363,Gross capital formation (% of GDP),1986,,IDA only
4364,Gross capital formation (% of GDP),1986,,IMN
4365,Gross capital formation (% of GDP),1986,26.0656839397328,IND
4366,Gross capital formation (% of GDP),1986,,Not classified
4367,Gross capital formation (% of GDP),1986,18.380978532257,IRL
4368,Gross capital formation (% of GDP),1986,22.2131182484718,IRN
4369,Gross capital formation (% of GDP),1986,19.5761670761671,IRQ
4370,Gross capital formation (% of GDP),1986,20.5174367346996,ISL
4371,Gross capital formation (% of GDP),1986,21.4319879944075,ISR
4372,Gross capital formation (% of GDP),1986,22.3297672412374,ITA
4373,Gross capital formation (% of GDP),1986,16.94417282206,JAM
4374,Gross capital formation (% of GDP),1986,19.8348582905601,JOR
4375,Gross capital formation (% of GDP),1986,31.1590391856606,JPN
4376,Gross capital formation (% of GDP),1986,,KAZ
4377,Gross capital formation (% of GDP),1986,21.7680371734426,KEN
4378,Gross capital formation (% of GDP),1986,,KGZ
4379,Gross capital formation (% of GDP),1986,,KHM
4380,Gross capital formation (% of GDP),1986,,KIR
4381,Gross capital formation (% of GDP),1986,,KNA
4382,Gross capital formation (% of GDP),1986,32.6140108636336,KOR
4383,Gross capital formation (% of GDP),1986,22.109975611448,KWT
4384,Gross capital formation (% of GDP),1986,18.9638613929118,Latin America & Caribbean (
4385,Gross capital formation (% of GDP),1986,6.93127969360667,LAO
4386,Gross capital formation (% of GDP),1986,,LBN
4387,Gross capital formation (% of GDP),1986,,LBR
4388,Gross capital formation (% of GDP),1986,,LBY
4389,Gross capital formation (% of GDP),1986,,LCA
4390,Gross capital formation (% of GDP),1986,18.7330788707792,Latin America & Caribbean
4391,Gross capital formation (% of GDP),1986,,Least developed countries: UN classification
4392,Gross capital formation (% of GDP),1986,10.5229878580145,Low income
4393,Gross capital formation (% of GDP),1986,,LIE
4394,Gross capital formation (% of GDP),1986,23.6596944404203,LKA
4395,Gross capital formation (% of GDP),1986,24.0108355200857,Lower middle income
4396,Gross capital formation (% of GDP),1986,23.5101435924088,Low & middle income
4397,Gross capital formation (% of GDP),1986,,LSO
4398,Gross capital formation (% of GDP),1986,25.9558655811973,Late-demographic dividend
4399,Gross capital formation (% of GDP),1986,,LTU
4400,Gross capital formation (% of GDP),1986,20.6886272513962,LUX
4401,Gross capital formation (% of GDP),1986,,LVA
4402,Gross capital formation (% of GDP),1986,25.1690152317341,MAC
4403,Gross capital formation (% of GDP),1986,,MAF
4404,Gross capital formation (% of GDP),1986,27.4821582933337,MAR
4405,Gross capital formation (% of GDP),1986,,MCO
4406,Gross capital formation (% of GDP),1986,,MDA
4407,Gross capital formation (% of GDP),1986,20.5055813794194,MDG
4408,Gross capital formation (% of GDP),1986,,MDV
4409,Gross capital formation (% of GDP),1986,23.7574432046028,AFG
4410,Gross capital formation (% of GDP),1986,17.8341987947217,MEX
4411,Gross capital formation (% of GDP),1986,,MHL
4412,Gross capital formation (% of GDP),1986,23.9230380069289,Middle income
4413,Gross capital formation (% of GDP),1986,,MKD
4414,Gross capital formation (% of GDP),1986,16.6363422706803,MLI
4415,Gross capital formation (% of GDP),1986,23.3909466712188,MLT
4416,Gross capital formation (% of GDP),1986,,MMR
4417,Gross capital formation (% of GDP),1986,23.3007695133317,AFG
4418,Gross capital formation (% of GDP),1986,,MNE
4419,Gross capital formation (% of GDP),1986,63.8526573047986,MNG
4420,Gross capital formation (% of GDP),1986,,MNP
4421,Gross capital formation (% of GDP),1986,,MOZ
4422,Gross capital formation (% of GDP),1986,20.8084991932414,MRT
4423,Gross capital formation (% of GDP),1986,21.6376026090953,MUS
4424,Gross capital formation (% of GDP),1986,,MWI
4425,Gross capital formation (% of GDP),1986,25.985417772439,MYS
4426,Gross capital formation (% of GDP),1986,23.5839633900457,North America
4427,Gross capital formation (% of GDP),1986,8.13585945266537,NAM
4428,Gross capital formation (% of GDP),1986,20.8882824946643,NCL
4429,Gross capital formation (% of GDP),1986,11.6014554220094,NER
4430,Gross capital formation (% of GDP),1986,,NGA
4431,Gross capital formation (% of GDP),1986,16.8927824834266,NIC
4432,Gross capital formation (% of GDP),1986,22.3970317706723,NLD
4433,Gross capital formation (% of GDP),1986,33.1245961588694,NOR
4434,Gross capital formation (% of GDP),1986,20.2641590697007,NPL
4435,Gross capital formation (% of GDP),1986,,NRU
4436,Gross capital formation (% of GDP),1986,25.1082773972012,NZL
4437,Gross capital formation (% of GDP),1986,24.7797249073544,OECD members
4438,Gross capital formation (% of GDP),1986,32.1120909278303,OMN
4439,Gross capital formation (% of GDP),1986,,Other small states
4440,Gross capital formation (% of GDP),1986,18.7636531838642,PAK
4441,Gross capital formation (% of GDP),1986,21.6517107757644,PAN
4442,Gross capital formation (% of GDP),1986,22.4177275843622,PER
4443,Gross capital formation (% of GDP),1986,15.052368593471,PHL
4444,Gross capital formation (% of GDP),1986,,PLW
4445,Gross capital formation (% of GDP),1986,19.7372001710531,PNG
4446,Gross capital formation (% of GDP),1986,,POL
4447,Gross capital formation (% of GDP),1986,,Pre-demographic dividend
4448,Gross capital formation (% of GDP),1986,10.2620255982698,PRI
4449,Gross capital formation (% of GDP),1986,,PRK
4450,Gross capital formation (% of GDP),1986,23.1721064910143,PRT
4451,Gross capital formation (% of GDP),1986,22.9025578896384,PRY
4452,Gross capital formation (% of GDP),1986,,PSE
4453,Gross capital formation (% of GDP),1986,22.1883296915274,Pacific island small states
4454,Gross capital formation (% of GDP),1986,24.9189976137788,Post-demographic dividend
4455,Gross capital formation (% of GDP),1986,,PYF
4456,Gross capital formation (% of GDP),1986,,QAT
4457,Gross capital formation (% of GDP),1986,,ROU
4458,Gross capital formation (% of GDP),1986,,RUS
4459,Gross capital formation (% of GDP),1986,15.8748147248195,RWA
4460,Gross capital formation (% of GDP),1986,25.7341800734593,South Asia
4461,Gross capital formation (% of GDP),1986,19.4593503509099,SAU
4462,Gross capital formation (% of GDP),1986,11.3751213808684,SDN
4463,Gross capital formation (% of GDP),1986,11.0797002765633,SEN
4464,Gross capital formation (% of GDP),1986,36.5581142844566,SGP
4465,Gross capital formation (% of GDP),1986,6.61271950450753,SLB
4466,Gross capital formation (% of GDP),1986,10.6364097363083,SLE
4467,Gross capital formation (% of GDP),1986,13.2511699347916,SLV
4468,Gross capital formation (% of GDP),1986,,SMR
4469,Gross capital formation (% of GDP),1986,25.5769942465546,SOM
4470,Gross capital formation (% of GDP),1986,,SRB
4471,Gross capital formation (% of GDP),1986,21.7065499509427,Sub-Saharan Africa (
4472,Gross capital formation (% of GDP),1986,,SSD
4473,Gross capital formation (% of GDP),1986,,Sub-Saharan Africa
4474,Gross capital formation (% of GDP),1986,,Small states
4475,Gross capital formation (% of GDP),1986,,STP
4476,Gross capital formation (% of GDP),1986,,SUR
4477,Gross capital formation (% of GDP),1986,,SVK
4478,Gross capital formation (% of GDP),1986,,SVN
4479,Gross capital formation (% of GDP),1986,24.5186620991157,SWE
4480,Gross capital formation (% of GDP),1986,,SWZ
4481,Gross capital formation (% of GDP),1986,,SXM
4482,Gross capital formation (% of GDP),1986,22.8963228310005,SYC
4483,Gross capital formation (% of GDP),1986,,SYR
4484,Gross capital formation (% of GDP),1986,,TCA
4485,Gross capital formation (% of GDP),1986,8.13293998554757,TCD
4486,Gross capital formation (% of GDP),1986,31.4295094639911,East Asia & Pacific (IDA & IBRD countries)
4487,Gross capital formation (% of GDP),1986,,Europe & Central Asia (IDA & IBRD countries)
4488,Gross capital formation (% of GDP),1986,28.3614589004377,TGO
4489,Gross capital formation (% of GDP),1986,25.8723109118161,THA
4490,Gross capital formation (% of GDP),1986,,TJK
4491,Gross capital formation (% of GDP),1986,,TKM
4492,Gross capital formation (% of GDP),1986,18.7593217912345,Latin America & the Caribbean (IDA & IBRD countries)
4493,Gross capital formation (% of GDP),1986,,TLS
4494,Gross capital formation (% of GDP),1986,23.1441686825952,AFG
4495,Gross capital formation (% of GDP),1986,24.1313062996834,TON
4496,Gross capital formation (% of GDP),1986,25.7341800734593,South Asia (IDA & IBRD)
4497,Gross capital formation (% of GDP),1986,,Sub-Saharan Africa (IDA & IBRD countries)
4498,Gross capital formation (% of GDP),1986,,TTO
4499,Gross capital formation (% of GDP),1986,26.6004692475281,TUN
4500,Gross capital formation (% of GDP),1986,18.8475566423189,TUR
4501,Gross capital formation (% of GDP),1986,,TUV
4502,Gross capital formation (% of GDP),1986,,TZA
4503,Gross capital formation (% of GDP),1986,8.44692452702994,UGA
4504,Gross capital formation (% of GDP),1986,,UKR
4505,Gross capital formation (% of GDP),1986,24.281705721179,Upper middle income
4506,Gross capital formation (% of GDP),1986,11.1816622849821,URY
4507,Gross capital formation (% of GDP),1986,23.7406245175648,USA
4508,Gross capital formation (% of GDP),1986,,UZB
4509,Gross capital formation (% of GDP),1986,,VCT
4510,Gross capital formation (% of GDP),1986,20.2602969916512,VEN
4511,Gross capital formation (% of GDP),1986,,VGB
4512,Gross capital formation (% of GDP),1986,,VIR
4513,Gross capital formation (% of GDP),1986,,VNM
4514,Gross capital formation (% of GDP),1986,26.8217054263566,VUT
4515,Gross capital formation (% of GDP),1986,24.7703115576177,World
4516,Gross capital formation (% of GDP),1986,,WSM
4517,Gross capital formation (% of GDP),1986,,XKX
4518,Gross capital formation (% of GDP),1986,,YEM
4519,Gross capital formation (% of GDP),1986,19.8015726234653,ZAF
4520,Gross capital formation (% of GDP),1986,,ZMB
4521,Gross capital formation (% of GDP),1986,18.0563589970714,ZWE
4522,Gross capital formation (% of GDP),1987,,ABW
4523,Gross capital formation (% of GDP),1987,,Africa Eastern and Southern
4524,Gross capital formation (% of GDP),1987,,AFG
4525,Gross capital formation (% of GDP),1987,,Africa Western and Central
4526,Gross capital formation (% of GDP),1987,0.0,AGO
4527,Gross capital formation (% of GDP),1987,29.4538695223043,ALB
4528,Gross capital formation (% of GDP),1987,,AND
4529,Gross capital formation (% of GDP),1987,21.7504965527235,Arab World
4530,Gross capital formation (% of GDP),1987,,ARE
4531,Gross capital formation (% of GDP),1987,19.5548660012086,ARG
4532,Gross capital formation (% of GDP),1987,,ARM
4533,Gross capital formation (% of GDP),1987,,ASM
4534,Gross capital formation (% of GDP),1987,,ATG
4535,Gross capital formation (% of GDP),1987,27.3534567651188,AUS
4536,Gross capital formation (% of GDP),1987,24.3638840312594,AUT
4537,Gross capital formation (% of GDP),1987,,AZE
4538,Gross capital formation (% of GDP),1987,22.6123716059626,BDI
4539,Gross capital formation (% of GDP),1987,19.6346877735902,BEL
4540,Gross capital formation (% of GDP),1987,12.9269405057397,BEN
4541,Gross capital formation (% of GDP),1987,19.2226564070552,BFA
4542,Gross capital formation (% of GDP),1987,15.4734420283602,BGD
4543,Gross capital formation (% of GDP),1987,32.9038386260549,BGR
4544,Gross capital formation (% of GDP),1987,22.3899698870627,BHR
4545,Gross capital formation (% of GDP),1987,18.7951370226653,BHS
4546,Gross capital formation (% of GDP),1987,,BIH
4547,Gross capital formation (% of GDP),1987,,BLR
4548,Gross capital formation (% of GDP),1987,15.8917212341687,BLZ
4549,Gross capital formation (% of GDP),1987,,BMU
4550,Gross capital formation (% of GDP),1987,13.508042680195,BOL
4551,Gross capital formation (% of GDP),1987,23.1736016647865,BRA
4552,Gross capital formation (% of GDP),1987,,BRB
4553,Gross capital formation (% of GDP),1987,,BRN
4554,Gross capital formation (% of GDP),1987,38.4314215490844,BTN
4555,Gross capital formation (% of GDP),1987,15.5008334596151,BWA
4556,Gross capital formation (% of GDP),1987,12.6311152484333,CAF
4557,Gross capital formation (% of GDP),1987,22.1777844328059,CAN
4558,Gross capital formation (% of GDP),1987,,Central Europe and the Baltics
4559,Gross capital formation (% of GDP),1987,31.5038752358097,CHE
4560,Gross capital formation (% of GDP),1987,,Channel Islands
4561,Gross capital formation (% of GDP),1987,22.003853540174,CHL
4562,Gross capital formation (% of GDP),1987,37.2550720459819,CHN
4563,Gross capital formation (% of GDP),1987,12.3172446612444,CIV
4564,Gross capital formation (% of GDP),1987,24.6997632687695,CMR
4565,Gross capital formation (% of GDP),1987,,COD
4566,Gross capital formation (% of GDP),1987,19.7283630151546,COG
4567,Gross capital formation (% of GDP),1987,19.9974887833835,COL
4568,Gross capital formation (% of GDP),1987,18.0423676482186,COM
4569,Gross capital formation (% of GDP),1987,,CPV
4570,Gross capital formation (% of GDP),1987,27.121490833765,CRI
4571,Gross capital formation (% of GDP),1987,,Caribbean small states
4572,Gross capital formation (% of GDP),1987,22.8520702537413,CUB
4573,Gross capital formation (% of GDP),1987,,CUW
4574,Gross capital formation (% of GDP),1987,,CYM
4575,Gross capital formation (% of GDP),1987,25.5308414288787,CYP
4576,Gross capital formation (% of GDP),1987,,CZE
4577,Gross capital formation (% of GDP),1987,22.9393947401981,DEU
4578,Gross capital formation (% of GDP),1987,,DJI
4579,Gross capital formation (% of GDP),1987,,DMA
4580,Gross capital formation (% of GDP),1987,22.0271392529802,DNK
4581,Gross capital formation (% of GDP),1987,22.8429754593012,DOM
4582,Gross capital formation (% of GDP),1987,27.5563794742765,DZA
4583,Gross capital formation (% of GDP),1987,30.0897414336149,East Asia & Pacific (
4584,Gross capital formation (% of GDP),1987,21.5810855414797,Early-demographic dividend
4585,Gross capital formation (% of GDP),1987,31.2013588346386,East Asia & Pacific
4586,Gross capital formation (% of GDP),1987,,Europe & Central Asia (
4587,Gross capital formation (% of GDP),1987,23.5484378645841,Europe & Central Asia
4588,Gross capital formation (% of GDP),1987,20.744059706371,ECU
4589,Gross capital formation (% of GDP),1987,26.0194174757282,EGY
4590,Gross capital formation (% of GDP),1987,22.6601944859749,Euro area
4591,Gross capital formation (% of GDP),1987,,ERI
4592,Gross capital formation (% of GDP),1987,23.1609017036908,ESP
4593,Gross capital formation (% of GDP),1987,,EST
4594,Gross capital formation (% of GDP),1987,0.0,ETH
4595,Gross capital formation (% of GDP),1987,22.8931443718306,European Union
4596,Gross capital formation (% of GDP),1987,,Fragile and conflict affected situations
4597,Gross capital formation (% of GDP),1987,26.8133069400538,FIN
4598,Gross capital formation (% of GDP),1987,15.5779695604696,FJI
4599,Gross capital formation (% of GDP),1987,22.3120902538891,FRA
4600,Gross capital formation (% of GDP),1987,,FRO
4601,Gross capital formation (% of GDP),1987,,FSM
4602,Gross capital formation (% of GDP),1987,26.3611477611471,GAB
4603,Gross capital formation (% of GDP),1987,22.7185520818484,GBR
4604,Gross capital formation (% of GDP),1987,28.838714215376,GEO
4605,Gross capital formation (% of GDP),1987,10.4340482573727,GHA
4606,Gross capital formation (% of GDP),1987,,GIB
4607,Gross capital formation (% of GDP),1987,11.1537689132642,GIN
4608,Gross capital formation (% of GDP),1987,17.1258329062019,GMB
4609,Gross capital formation (% of GDP),1987,35.2144627256135,GNB
4610,Gross capital formation (% of GDP),1987,,GNQ
4611,Gross capital formation (% of GDP),1987,21.3028814387888,GRC
4612,Gross capital formation (% of GDP),1987,,GRD
4613,Gross capital formation (% of GDP),1987,,GRL
4614,Gross capital formation (% of GDP),1987,13.910564370404,GTM
4615,Gross capital formation (% of GDP),1987,,GUM
4616,Gross capital formation (% of GDP),1987,31.1079098961753,GUY
4617,Gross capital formation (% of GDP),1987,25.1402581800953,High income
4618,Gross capital formation (% of GDP),1987,26.0678369683613,HKG
4619,Gross capital formation (% of GDP),1987,15.9599762759331,HND
4620,Gross capital formation (% of GDP),1987,,Heavily indebted poor countries (HIPC)
4621,Gross capital formation (% of GDP),1987,,HRV
4622,Gross capital formation (% of GDP),1987,,HTI
4623,Gross capital formation (% of GDP),1987,,HUN
4624,Gross capital formation (% of GDP),1987,24.4083368215891,IBRD only
4625,Gross capital formation (% of GDP),1987,23.9121164540011,IDA & IBRD total
4626,Gross capital formation (% of GDP),1987,21.2044974694892,IDA total
4627,Gross capital formation (% of GDP),1987,,IDA blend
4628,Gross capital formation (% of GDP),1987,27.2467189939824,IDN
4629,Gross capital formation (% of GDP),1987,,IDA only
4630,Gross capital formation (% of GDP),1987,,IMN
4631,Gross capital formation (% of GDP),1987,25.8271313054029,IND
4632,Gross capital formation (% of GDP),1987,,Not classified
4633,Gross capital formation (% of GDP),1987,16.7377155459976,IRL
4634,Gross capital formation (% of GDP),1987,20.0929777858568,IRN
4635,Gross capital formation (% of GDP),1987,20.0778409090909,IRQ
4636,Gross capital formation (% of GDP),1987,23.046688312351,ISL
4637,Gross capital formation (% of GDP),1987,21.8351598356967,ISR
4638,Gross capital formation (% of GDP),1987,22.7202896505285,ITA
4639,Gross capital formation (% of GDP),1987,20.6490653309257,JAM
4640,Gross capital formation (% of GDP),1987,22.5521493855775,JOR
4641,Gross capital formation (% of GDP),1987,32.0584933815197,JPN
4642,Gross capital formation (% of GDP),1987,,KAZ
4643,Gross capital formation (% of GDP),1987,24.2894328729648,KEN
4644,Gross capital formation (% of GDP),1987,31.2703583061889,KGZ
4645,Gross capital formation (% of GDP),1987,,KHM
4646,Gross capital formation (% of GDP),1987,,KIR
4647,Gross capital formation (% of GDP),1987,,KNA
4648,Gross capital formation (% of GDP),1987,32.5855520806457,KOR
4649,Gross capital formation (% of GDP),1987,17.5442334179569,KWT
4650,Gross capital formation (% of GDP),1987,20.9338469554619,Latin America & Caribbean (
4651,Gross capital formation (% of GDP),1987,10.1890751482395,LAO
4652,Gross capital formation (% of GDP),1987,,LBN
4653,Gross capital formation (% of GDP),1987,,LBR
4654,Gross capital formation (% of GDP),1987,,LBY
4655,Gross capital formation (% of GDP),1987,,LCA
4656,Gross capital formation (% of GDP),1987,20.816843851492,Latin America & Caribbean
4657,Gross capital formation (% of GDP),1987,,Least developed countries: UN classification
4658,Gross capital formation (% of GDP),1987,12.2614737180171,Low income
4659,Gross capital formation (% of GDP),1987,,LIE
4660,Gross capital formation (% of GDP),1987,23.332299731094,LKA
4661,Gross capital formation (% of GDP),1987,23.8195927141558,Lower middle income
4662,Gross capital formation (% of GDP),1987,23.3952767694202,Low & middle income
4663,Gross capital formation (% of GDP),1987,,LSO
4664,Gross capital formation (% of GDP),1987,25.6711787735462,Late-demographic dividend
4665,Gross capital formation (% of GDP),1987,,LTU
4666,Gross capital formation (% of GDP),1987,23.5453081062902,LUX
4667,Gross capital formation (% of GDP),1987,,LVA
4668,Gross capital formation (% of GDP),1987,24.8198456731076,MAC
4669,Gross capital formation (% of GDP),1987,,MAF
4670,Gross capital formation (% of GDP),1987,25.1169980630902,MAR
4671,Gross capital formation (% of GDP),1987,,MCO
4672,Gross capital formation (% of GDP),1987,,MDA
4673,Gross capital formation (% of GDP),1987,25.0007053617865,MDG
4674,Gross capital formation (% of GDP),1987,,MDV
4675,Gross capital formation (% of GDP),1987,21.311993461616,AFG
4676,Gross capital formation (% of GDP),1987,18.3105787376877,MEX
4677,Gross capital formation (% of GDP),1987,,MHL
4678,Gross capital formation (% of GDP),1987,23.7729971249649,Middle income
4679,Gross capital formation (% of GDP),1987,,MKD
4680,Gross capital formation (% of GDP),1987,20.1516243295171,MLI
4681,Gross capital formation (% of GDP),1987,25.2385298695718,MLT
4682,Gross capital formation (% of GDP),1987,,MMR
4683,Gross capital formation (% of GDP),1987,21.1646032020779,AFG
4684,Gross capital formation (% of GDP),1987,,MNE
4685,Gross capital formation (% of GDP),1987,50.8314408909772,MNG
4686,Gross capital formation (% of GDP),1987,,MNP
4687,Gross capital formation (% of GDP),1987,,MOZ
4688,Gross capital formation (% of GDP),1987,19.7889250553624,MRT
4689,Gross capital formation (% of GDP),1987,25.2524346739138,MUS
4690,Gross capital formation (% of GDP),1987,,MWI
4691,Gross capital formation (% of GDP),1987,23.0819510390331,MYS
4692,Gross capital formation (% of GDP),1987,23.5027034946836,North America
4693,Gross capital formation (% of GDP),1987,12.8251078562897,NAM
4694,Gross capital formation (% of GDP),1987,,NCL
4695,Gross capital formation (% of GDP),1987,11.6525114138742,NER
4696,Gross capital formation (% of GDP),1987,,NGA
4697,Gross capital formation (% of GDP),1987,15.7986930251941,NIC
4698,Gross capital formation (% of GDP),1987,22.3073898301142,NLD
4699,Gross capital formation (% of GDP),1987,31.698573260206,NOR
4700,Gross capital formation (% of GDP),1987,21.1887761493173,NPL
4701,Gross capital formation (% of GDP),1987,,NRU
4702,Gross capital formation (% of GDP),1987,22.6313852946587,NZL
4703,Gross capital formation (% of GDP),1987,25.0827053482614,OECD members
4704,Gross capital formation (% of GDP),1987,18.7887067586304,OMN
4705,Gross capital formation (% of GDP),1987,,Other small states
4706,Gross capital formation (% of GDP),1987,19.1343263246337,PAK
4707,Gross capital formation (% of GDP),1987,23.0945166571068,PAN
4708,Gross capital formation (% of GDP),1987,22.5034395344002,PER
4709,Gross capital formation (% of GDP),1987,17.1600296634357,PHL
4710,Gross capital formation (% of GDP),1987,,PLW
4711,Gross capital formation (% of GDP),1987,20.5059040922785,PNG
4712,Gross capital formation (% of GDP),1987,,POL
4713,Gross capital formation (% of GDP),1987,,Pre-demographic dividend
4714,Gross capital formation (% of GDP),1987,13.6303473765702,PRI
4715,Gross capital formation (% of GDP),1987,,PRK
4716,Gross capital formation (% of GDP),1987,27.378501750037,PRT
4717,Gross capital formation (% of GDP),1987,22.4410809866611,PRY
4718,Gross capital formation (% of GDP),1987,,PSE
4719,Gross capital formation (% of GDP),1987,19.6318072997775,Pacific island small states
4720,Gross capital formation (% of GDP),1987,25.165243608002,Post-demographic dividend
4721,Gross capital formation (% of GDP),1987,,PYF
4722,Gross capital formation (% of GDP),1987,,QAT
4723,Gross capital formation (% of GDP),1987,,ROU
4724,Gross capital formation (% of GDP),1987,,RUS
4725,Gross capital formation (% of GDP),1987,15.6646115761112,RWA
4726,Gross capital formation (% of GDP),1987,25.4713870999996,South Asia
4727,Gross capital formation (% of GDP),1987,17.718138789958,SAU
4728,Gross capital formation (% of GDP),1987,12.1003307607497,SDN
4729,Gross capital formation (% of GDP),1987,12.4189043706086,SEN
4730,Gross capital formation (% of GDP),1987,36.5193909922173,SGP
4731,Gross capital formation (% of GDP),1987,11.2624292490977,SLB
4732,Gross capital formation (% of GDP),1987,10.186009255963,SLE
4733,Gross capital formation (% of GDP),1987,12.3614537254723,SLV
4734,Gross capital formation (% of GDP),1987,,SMR
4735,Gross capital formation (% of GDP),1987,33.0009852365454,SOM
4736,Gross capital formation (% of GDP),1987,,SRB
4737,Gross capital formation (% of GDP),1987,21.2727702950551,Sub-Saharan Africa (
4738,Gross capital formation (% of GDP),1987,,SSD
4739,Gross capital formation (% of GDP),1987,,Sub-Saharan Africa
4740,Gross capital formation (% of GDP),1987,,Small states
4741,Gross capital formation (% of GDP),1987,,STP
4742,Gross capital formation (% of GDP),1987,,SUR
4743,Gross capital formation (% of GDP),1987,,SVK
4744,Gross capital formation (% of GDP),1987,,SVN
4745,Gross capital formation (% of GDP),1987,25.7067945939926,SWE
4746,Gross capital formation (% of GDP),1987,,SWZ
4747,Gross capital formation (% of GDP),1987,,SXM
4748,Gross capital formation (% of GDP),1987,19.5936717198583,SYC
4749,Gross capital formation (% of GDP),1987,,SYR
4750,Gross capital formation (% of GDP),1987,,TCA
4751,Gross capital formation (% of GDP),1987,9.12948306784842,TCD
4752,Gross capital formation (% of GDP),1987,30.0868050911163,East Asia & Pacific (IDA & IBRD countries)
4753,Gross capital formation (% of GDP),1987,,Europe & Central Asia (IDA & IBRD countries)
4754,Gross capital formation (% of GDP),1987,24.1076185401994,TGO
4755,Gross capital formation (% of GDP),1987,27.8747119905774,THA
4756,Gross capital formation (% of GDP),1987,,TJK
4757,Gross capital formation (% of GDP),1987,36.0,TKM
4758,Gross capital formation (% of GDP),1987,20.9795058841881,Latin America & the Caribbean (IDA & IBRD countries)
4759,Gross capital formation (% of GDP),1987,,TLS
4760,Gross capital formation (% of GDP),1987,21.022359211305,AFG
4761,Gross capital formation (% of GDP),1987,22.1739242264462,TON
4762,Gross capital formation (% of GDP),1987,25.4713870999996,South Asia (IDA & IBRD)
4763,Gross capital formation (% of GDP),1987,,Sub-Saharan Africa (IDA & IBRD countries)
4764,Gross capital formation (% of GDP),1987,,TTO
4765,Gross capital formation (% of GDP),1987,23.4838773910122,TUN
4766,Gross capital formation (% of GDP),1987,25.6665047328829,TUR
4767,Gross capital formation (% of GDP),1987,,TUV
4768,Gross capital formation (% of GDP),1987,,TZA
4769,Gross capital formation (% of GDP),1987,9.71821588881624,UGA
4770,Gross capital formation (% of GDP),1987,,UKR
4771,Gross capital formation (% of GDP),1987,24.2564837892268,Upper middle income
4772,Gross capital formation (% of GDP),1987,14.2951204069497,URY
4773,Gross capital formation (% of GDP),1987,23.6202310299338,USA
4774,Gross capital formation (% of GDP),1987,,UZB
4775,Gross capital formation (% of GDP),1987,,VCT
4776,Gross capital formation (% of GDP),1987,23.7773990158252,VEN
4777,Gross capital formation (% of GDP),1987,,VGB
4778,Gross capital formation (% of GDP),1987,,VIR
4779,Gross capital formation (% of GDP),1987,,VNM
4780,Gross capital formation (% of GDP),1987,31.0639686684073,VUT
4781,Gross capital formation (% of GDP),1987,25.0308704021119,World
4782,Gross capital formation (% of GDP),1987,,WSM
4783,Gross capital formation (% of GDP),1987,,XKX
4784,Gross capital formation (% of GDP),1987,,YEM
4785,Gross capital formation (% of GDP),1987,16.7239888069194,ZAF
4786,Gross capital formation (% of GDP),1987,,ZMB
4787,Gross capital formation (% of GDP),1987,14.9361648466016,ZWE
4788,Gross capital formation (% of GDP),1988,,ABW
4789,Gross capital formation (% of GDP),1988,,Africa Eastern and Southern
4790,Gross capital formation (% of GDP),1988,,AFG
4791,Gross capital formation (% of GDP),1988,,Africa Western and Central
4792,Gross capital formation (% of GDP),1988,0.0,AGO
4793,Gross capital formation (% of GDP),1988,29.957542067619,ALB
4794,Gross capital formation (% of GDP),1988,,AND
4795,Gross capital formation (% of GDP),1988,22.733898981685,Arab World
4796,Gross capital formation (% of GDP),1988,,ARE
4797,Gross capital formation (% of GDP),1988,18.6400388971926,ARG
4798,Gross capital formation (% of GDP),1988,,ARM
4799,Gross capital formation (% of GDP),1988,,ASM
4800,Gross capital formation (% of GDP),1988,,ATG
4801,Gross capital formation (% of GDP),1988,27.9679711136169,AUS
4802,Gross capital formation (% of GDP),1988,25.930207426435,AUT
4803,Gross capital formation (% of GDP),1988,,AZE
4804,Gross capital formation (% of GDP),1988,15.0351399015556,BDI
4805,Gross capital formation (% of GDP),1988,21.8609744955767,BEL
4806,Gross capital formation (% of GDP),1988,15.6332306177376,BEN
4807,Gross capital formation (% of GDP),1988,18.7889112659956,BFA
4808,Gross capital formation (% of GDP),1988,15.7359830693445,BGD
4809,Gross capital formation (% of GDP),1988,34.4174353437597,BGR
4810,Gross capital formation (% of GDP),1988,17.7648883474967,BHR
4811,Gross capital formation (% of GDP),1988,,BHS
4812,Gross capital formation (% of GDP),1988,,BIH
4813,Gross capital formation (% of GDP),1988,,BLR
4814,Gross capital formation (% of GDP),1988,18.2744345711235,BLZ
4815,Gross capital formation (% of GDP),1988,,BMU
4816,Gross capital formation (% of GDP),1988,13.9807785321096,BOL
4817,Gross capital formation (% of GDP),1988,24.3442266859346,BRA
4818,Gross capital formation (% of GDP),1988,,BRB
4819,Gross capital formation (% of GDP),1988,,BRN
4820,Gross capital formation (% of GDP),1988,40.06760835762,BTN
4821,Gross capital formation (% of GDP),1988,23.5845154886472,BWA
4822,Gross capital formation (% of GDP),1988,10.509412126939,CAF
4823,Gross capital formation (% of GDP),1988,23.5060472743398,CAN
4824,Gross capital formation (% of GDP),1988,,Central Europe and the Baltics
4825,Gross capital formation (% of GDP),1988,32.5498816351321,CHE
4826,Gross capital formation (% of GDP),1988,,Channel Islands
4827,Gross capital formation (% of GDP),1988,23.0306046219956,CHL
4828,Gross capital formation (% of GDP),1988,39.0114582938763,CHN
4829,Gross capital formation (% of GDP),1988,12.6503527480085,CIV
4830,Gross capital formation (% of GDP),1988,20.8973122907833,CMR
4831,Gross capital formation (% of GDP),1988,,COD
4832,Gross capital formation (% of GDP),1988,18.6191198786039,COG
4833,Gross capital formation (% of GDP),1988,21.9897406504351,COL
4834,Gross capital formation (% of GDP),1988,18.0423914750146,COM
4835,Gross capital formation (% of GDP),1988,,CPV
4836,Gross capital formation (% of GDP),1988,24.466264923824,CRI
4837,Gross capital formation (% of GDP),1988,,Caribbean small states
4838,Gross capital formation (% of GDP),1988,24.0240445606368,CUB
4839,Gross capital formation (% of GDP),1988,,CUW
4840,Gross capital formation (% of GDP),1988,,CYM
4841,Gross capital formation (% of GDP),1988,27.4562850124496,CYP
4842,Gross capital formation (% of GDP),1988,,CZE
4843,Gross capital formation (% of GDP),1988,23.6839289330579,DEU
4844,Gross capital formation (% of GDP),1988,,DJI
4845,Gross capital formation (% of GDP),1988,,DMA
4846,Gross capital formation (% of GDP),1988,21.0574986406422,DNK
4847,Gross capital formation (% of GDP),1988,23.2192667721952,DOM
4848,Gross capital formation (% of GDP),1988,27.6394845392376,DZA
4849,Gross capital formation (% of GDP),1988,33.0494586819623,East Asia & Pacific (
4850,Gross capital formation (% of GDP),1988,22.5511167568036,Early-demographic dividend
4851,Gross capital formation (% of GDP),1988,33.3237959399824,East Asia & Pacific
4852,Gross capital formation (% of GDP),1988,,Europe & Central Asia (
4853,Gross capital formation (% of GDP),1988,24.7638319138832,Europe & Central Asia
4854,Gross capital formation (% of GDP),1988,21.1690428135705,ECU
4855,Gross capital formation (% of GDP),1988,33.1168831168831,EGY
4856,Gross capital formation (% of GDP),1988,23.7581555096059,Euro area
4857,Gross capital formation (% of GDP),1988,,ERI
4858,Gross capital formation (% of GDP),1988,25.3490667267879,ESP
4859,Gross capital formation (% of GDP),1988,,EST
4860,Gross capital formation (% of GDP),1988,0.0,ETH
4861,Gross capital formation (% of GDP),1988,23.9468308478897,European Union
4862,Gross capital formation (% of GDP),1988,,Fragile and conflict affected situations
4863,Gross capital formation (% of GDP),1988,29.1100131666428,FIN
4864,Gross capital formation (% of GDP),1988,12.3244648526077,FJI
4865,Gross capital formation (% of GDP),1988,23.3652340051982,FRA
4866,Gross capital formation (% of GDP),1988,,FRO
4867,Gross capital formation (% of GDP),1988,,FSM
4868,Gross capital formation (% of GDP),1988,37.4748271441054,GAB
4869,Gross capital formation (% of GDP),1988,25.4378348587276,GBR
4870,Gross capital formation (% of GDP),1988,30.6706652126499,GEO
4871,Gross capital formation (% of GDP),1988,11.2959904718054,GHA
4872,Gross capital formation (% of GDP),1988,,GIB
4873,Gross capital formation (% of GDP),1988,11.7187573236833,GIN
4874,Gross capital formation (% of GDP),1988,16.355962995053,GMB
4875,Gross capital formation (% of GDP),1988,44.7013023036553,GNB
4876,Gross capital formation (% of GDP),1988,,GNQ
4877,Gross capital formation (% of GDP),1988,24.5436994949277,GRC
4878,Gross capital formation (% of GDP),1988,,GRD
4879,Gross capital formation (% of GDP),1988,,GRL
4880,Gross capital formation (% of GDP),1988,13.6991972849607,GTM
4881,Gross capital formation (% of GDP),1988,,GUM
4882,Gross capital formation (% of GDP),1988,21.1454814196588,GUY
4883,Gross capital formation (% of GDP),1988,26.0313588787515,High income
4884,Gross capital formation (% of GDP),1988,28.3520284245488,HKG
4885,Gross capital formation (% of GDP),1988,19.2426167381519,HND
4886,Gross capital formation (% of GDP),1988,,Heavily indebted poor countries (HIPC)
4887,Gross capital formation (% of GDP),1988,,HRV
4888,Gross capital formation (% of GDP),1988,17.6607011336354,HTI
4889,Gross capital formation (% of GDP),1988,,HUN
4890,Gross capital formation (% of GDP),1988,25.9115173784798,IBRD only
4891,Gross capital formation (% of GDP),1988,25.3256581659032,IDA & IBRD total
4892,Gross capital formation (% of GDP),1988,21.2411953008696,IDA total
4893,Gross capital formation (% of GDP),1988,,IDA blend
4894,Gross capital formation (% of GDP),1988,29.0980220231829,IDN
4895,Gross capital formation (% of GDP),1988,,IDA only
4896,Gross capital formation (% of GDP),1988,,IMN
4897,Gross capital formation (% of GDP),1988,26.2826349945907,IND
4898,Gross capital formation (% of GDP),1988,,Not classified
4899,Gross capital formation (% of GDP),1988,16.3158725575861,IRL
4900,Gross capital formation (% of GDP),1988,17.1339399943284,IRN
4901,Gross capital formation (% of GDP),1988,22.0165498502486,IRQ
4902,Gross capital formation (% of GDP),1988,23.1935724664185,ISL
4903,Gross capital formation (% of GDP),1988,20.7395805609108,ISR
4904,Gross capital formation (% of GDP),1988,23.1829569597943,ITA
4905,Gross capital formation (% of GDP),1988,23.622141340759,JAM
4906,Gross capital formation (% of GDP),1988,22.6634320735444,JOR
4907,Gross capital formation (% of GDP),1988,34.0414297836391,JPN
4908,Gross capital formation (% of GDP),1988,,KAZ
4909,Gross capital formation (% of GDP),1988,25.4490410212095,KEN
4910,Gross capital formation (% of GDP),1988,31.0850439882698,KGZ
4911,Gross capital formation (% of GDP),1988,,KHM
4912,Gross capital formation (% of GDP),1988,,KIR
4913,Gross capital formation (% of GDP),1988,,KNA
4914,Gross capital formation (% of GDP),1988,34.8157159129749,KOR
4915,Gross capital formation (% of GDP),1988,15.6958015605869,KWT
4916,Gross capital formation (% of GDP),1988,22.5008592711315,Latin America & Caribbean (
4917,Gross capital formation (% of GDP),1988,13.5008518362251,LAO
4918,Gross capital formation (% of GDP),1988,,LBN
4919,Gross capital formation (% of GDP),1988,,LBR
4920,Gross capital formation (% of GDP),1988,,LBY
4921,Gross capital formation (% of GDP),1988,,LCA
4922,Gross capital formation (% of GDP),1988,22.3832348947635,Latin America & Caribbean
4923,Gross capital formation (% of GDP),1988,,Least developed countries: UN classification
4924,Gross capital formation (% of GDP),1988,10.8640813619121,Low income
4925,Gross capital formation (% of GDP),1988,,LIE
4926,Gross capital formation (% of GDP),1988,22.7775225018245,LKA
4927,Gross capital formation (% of GDP),1988,25.1393290037669,Lower middle income
4928,Gross capital formation (% of GDP),1988,24.8052911378252,Low & middle income
4929,Gross capital formation (% of GDP),1988,,LSO
4930,Gross capital formation (% of GDP),1988,27.7579171192454,Late-demographic dividend
4931,Gross capital formation (% of GDP),1988,,LTU
4932,Gross capital formation (% of GDP),1988,24.3144748889298,LUX
4933,Gross capital formation (% of GDP),1988,,LVA
4934,Gross capital formation (% of GDP),1988,25.1317719936967,MAC
4935,Gross capital formation (% of GDP),1988,,MAF
4936,Gross capital formation (% of GDP),1988,24.4438164718486,MAR
4937,Gross capital formation (% of GDP),1988,,MCO
4938,Gross capital formation (% of GDP),1988,,MDA
4939,Gross capital formation (% of GDP),1988,17.6010365040269,MDG
4940,Gross capital formation (% of GDP),1988,,MDV
4941,Gross capital formation (% of GDP),1988,21.226229734312,AFG
4942,Gross capital formation (% of GDP),1988,22.7512685293159,MEX
4943,Gross capital formation (% of GDP),1988,,MHL
4944,Gross capital formation (% of GDP),1988,25.258739335164,Middle income
4945,Gross capital formation (% of GDP),1988,,MKD
4946,Gross capital formation (% of GDP),1988,18.5008020168808,MLI
4947,Gross capital formation (% of GDP),1988,26.4066163080034,MLT
4948,Gross capital formation (% of GDP),1988,,MMR
4949,Gross capital formation (% of GDP),1988,20.9387759121822,AFG
4950,Gross capital formation (% of GDP),1988,,MNE
4951,Gross capital formation (% of GDP),1988,46.8027904885571,MNG
4952,Gross capital formation (% of GDP),1988,,MNP
4953,Gross capital formation (% of GDP),1988,,MOZ
4954,Gross capital formation (% of GDP),1988,19.5592164809848,MRT
4955,Gross capital formation (% of GDP),1988,30.6062863660894,MUS
4956,Gross capital formation (% of GDP),1988,,MWI
4957,Gross capital formation (% of GDP),1988,26.3613727400671,MYS
4958,Gross capital formation (% of GDP),1988,22.8885074115514,North America
4959,Gross capital formation (% of GDP),1988,15.0198559006334,NAM
4960,Gross capital formation (% of GDP),1988,,NCL
4961,Gross capital formation (% of GDP),1988,19.0518244038707,NER
4962,Gross capital formation (% of GDP),1988,,NGA
4963,Gross capital formation (% of GDP),1988,26.7510612062569,NIC
4964,Gross capital formation (% of GDP),1988,23.6589124812608,NLD
4965,Gross capital formation (% of GDP),1988,30.6413044132971,NOR
4966,Gross capital formation (% of GDP),1988,22.2921488570463,NPL
4967,Gross capital formation (% of GDP),1988,,NRU
4968,Gross capital formation (% of GDP),1988,21.0901521308297,NZL
4969,Gross capital formation (% of GDP),1988,25.9544283829923,OECD members
4970,Gross capital formation (% of GDP),1988,15.8505256628935,OMN
4971,Gross capital formation (% of GDP),1988,,Other small states
4972,Gross capital formation (% of GDP),1988,18.0142110694726,PAK
4973,Gross capital formation (% of GDP),1988,9.44043279650072,PAN
4974,Gross capital formation (% of GDP),1988,26.4317804192821,PER
4975,Gross capital formation (% of GDP),1988,18.3004943503436,PHL
4976,Gross capital formation (% of GDP),1988,,PLW
4977,Gross capital formation (% of GDP),1988,27.2073436169206,PNG
4978,Gross capital formation (% of GDP),1988,,POL
4979,Gross capital formation (% of GDP),1988,,Pre-demographic dividend
4980,Gross capital formation (% of GDP),1988,15.3540919737131,PRI
4981,Gross capital formation (% of GDP),1988,,PRK
4982,Gross capital formation (% of GDP),1988,30.4707780242322,PRT
4983,Gross capital formation (% of GDP),1988,20.3182366672335,PRY
4984,Gross capital formation (% of GDP),1988,,PSE
4985,Gross capital formation (% of GDP),1988,15.7618803770569,Pacific island small states
4986,Gross capital formation (% of GDP),1988,26.0097102416815,Post-demographic dividend
4987,Gross capital formation (% of GDP),1988,,PYF
4988,Gross capital formation (% of GDP),1988,,QAT
4989,Gross capital formation (% of GDP),1988,,ROU
4990,Gross capital formation (% of GDP),1988,27.2693243496163,RUS
4991,Gross capital formation (% of GDP),1988,14.4924368433876,RWA
4992,Gross capital formation (% of GDP),1988,25.8813882506676,South Asia
4993,Gross capital formation (% of GDP),1988,19.6884294095044,SAU
4994,Gross capital formation (% of GDP),1988,9.19963201471941,SDN
4995,Gross capital formation (% of GDP),1988,13.8761472167194,SEN
4996,Gross capital formation (% of GDP),1988,33.4082568034691,SGP
4997,Gross capital formation (% of GDP),1988,8.97830736465849,SLB
4998,Gross capital formation (% of GDP),1988,5.89418469302389,SLE
4999,Gross capital formation (% of GDP),1988,12.7917482123593,SLV
5000,Gross capital formation (% of GDP),1988,,SMR
5001,Gross capital formation (% of GDP),1988,23.5974316082343,SOM
5002,Gross capital formation (% of GDP),1988,,SRB
5003,Gross capital formation (% of GDP),1988,23.5790939551063,Sub-Saharan Africa (
5004,Gross capital formation (% of GDP),1988,,SSD
5005,Gross capital formation (% of GDP),1988,,Sub-Saharan Africa
5006,Gross capital formation (% of GDP),1988,,Small states
5007,Gross capital formation (% of GDP),1988,,STP
5008,Gross capital formation (% of GDP),1988,,SUR
5009,Gross capital formation (% of GDP),1988,,SVK
5010,Gross capital formation (% of GDP),1988,,SVN
5011,Gross capital formation (% of GDP),1988,26.9396512370542,SWE
5012,Gross capital formation (% of GDP),1988,,SWZ
5013,Gross capital formation (% of GDP),1988,,SXM
5014,Gross capital formation (% of GDP),1988,25.46827015667,SYC
5015,Gross capital formation (% of GDP),1988,,SYR
5016,Gross capital formation (% of GDP),1988,,TCA
5017,Gross capital formation (% of GDP),1988,7.03549730258918,TCD
5018,Gross capital formation (% of GDP),1988,33.0460440047037,East Asia & Pacific (IDA & IBRD countries)
5019,Gross capital formation (% of GDP),1988,,Europe & Central Asia (IDA & IBRD countries)
5020,Gross capital formation (% of GDP),1988,22.4217422954985,TGO
5021,Gross capital formation (% of GDP),1988,32.5908899192024,THA
5022,Gross capital formation (% of GDP),1988,,TJK
5023,Gross capital formation (% of GDP),1988,33.3333333333333,TKM
5024,Gross capital formation (% of GDP),1988,22.552364960829,Latin America & the Caribbean (IDA & IBRD countries)
5025,Gross capital formation (% of GDP),1988,,TLS
5026,Gross capital formation (% of GDP),1988,20.7980496713352,AFG
5027,Gross capital formation (% of GDP),1988,23.1675759687873,TON
5028,Gross capital formation (% of GDP),1988,25.8813882506676,South Asia (IDA & IBRD)
5029,Gross capital formation (% of GDP),1988,,Sub-Saharan Africa (IDA & IBRD countries)
5030,Gross capital formation (% of GDP),1988,,TTO
5031,Gross capital formation (% of GDP),1988,20.7098815324573,TUN
5032,Gross capital formation (% of GDP),1988,25.14260066783,TUR
5033,Gross capital formation (% of GDP),1988,,TUV
5034,Gross capital formation (% of GDP),1988,,TZA
5035,Gross capital formation (% of GDP),1988,10.7923497166665,UGA
5036,Gross capital formation (% of GDP),1988,,UKR
5037,Gross capital formation (% of GDP),1988,25.7586748635683,Upper middle income
5038,Gross capital formation (% of GDP),1988,14.6697475489971,URY
5039,Gross capital formation (% of GDP),1988,22.827807757869,USA
5040,Gross capital formation (% of GDP),1988,,UZB
5041,Gross capital formation (% of GDP),1988,,VCT
5042,Gross capital formation (% of GDP),1988,27.0534637683317,VEN
5043,Gross capital formation (% of GDP),1988,,VGB
5044,Gross capital formation (% of GDP),1988,,VIR
5045,Gross capital formation (% of GDP),1988,,VNM
5046,Gross capital formation (% of GDP),1988,25.0604741170779,VUT
5047,Gross capital formation (% of GDP),1988,26.024084122348,World
5048,Gross capital formation (% of GDP),1988,,WSM
5049,Gross capital formation (% of GDP),1988,,XKX
5050,Gross capital formation (% of GDP),1988,,YEM
5051,Gross capital formation (% of GDP),1988,19.8647985515339,ZAF
5052,Gross capital formation (% of GDP),1988,,ZMB
5053,Gross capital formation (% of GDP),1988,18.7017233144035,ZWE
5054,Gross capital formation (% of GDP),1989,,ABW
5055,Gross capital formation (% of GDP),1989,,Africa Eastern and Southern
5056,Gross capital formation (% of GDP),1989,,AFG
5057,Gross capital formation (% of GDP),1989,,Africa Western and Central
5058,Gross capital formation (% of GDP),1989,0.0,AGO
5059,Gross capital formation (% of GDP),1989,32.8770715994479,ALB
5060,Gross capital formation (% of GDP),1989,,AND
5061,Gross capital formation (% of GDP),1989,17.9894876875622,Arab World
5062,Gross capital formation (% of GDP),1989,,ARE
5063,Gross capital formation (% of GDP),1989,15.5146982752804,ARG
5064,Gross capital formation (% of GDP),1989,,ARM
5065,Gross capital formation (% of GDP),1989,,ASM
5066,Gross capital formation (% of GDP),1989,,ATG
5067,Gross capital formation (% of GDP),1989,29.609807754969,AUS
5068,Gross capital formation (% of GDP),1989,26.8075731157937,AUT
5069,Gross capital formation (% of GDP),1989,,AZE
5070,Gross capital formation (% of GDP),1989,16.4628867904245,BDI
5071,Gross capital formation (% of GDP),1989,23.5258653626574,BEL
5072,Gross capital formation (% of GDP),1989,11.8171441375108,BEN
5073,Gross capital formation (% of GDP),1989,20.4100171651494,BFA
5074,Gross capital formation (% of GDP),1989,16.1209144348967,BGD
5075,Gross capital formation (% of GDP),1989,33.1090572826131,BGR
5076,Gross capital formation (% of GDP),1989,21.6672283860815,BHR
5077,Gross capital formation (% of GDP),1989,31.4996734160679,BHS
5078,Gross capital formation (% of GDP),1989,,BIH
5079,Gross capital formation (% of GDP),1989,,BLR
5080,Gross capital formation (% of GDP),1989,22.2265010181226,BLZ
5081,Gross capital formation (% of GDP),1989,,BMU
5082,Gross capital formation (% of GDP),1989,11.587557434737,BOL
5083,Gross capital formation (% of GDP),1989,26.9027870382664,BRA
5084,Gross capital formation (% of GDP),1989,,BRB
5085,Gross capital formation (% of GDP),1989,11.132431245796,BRN
5086,Gross capital formation (% of GDP),1989,33.8043371019896,BTN
5087,Gross capital formation (% of GDP),1989,36.1081829228058,BWA
5088,Gross capital formation (% of GDP),1989,11.7558442614205,CAF
5089,Gross capital formation (% of GDP),1989,23.6100294976466,CAN
5090,Gross capital formation (% of GDP),1989,,Central Europe and the Baltics
5091,Gross capital formation (% of GDP),1989,33.3168243230154,CHE
5092,Gross capital formation (% of GDP),1989,,Channel Islands
5093,Gross capital formation (% of GDP),1989,25.6592946392905,CHL
5094,Gross capital formation (% of GDP),1989,37.1432672399768,CHN
5095,Gross capital formation (% of GDP),1989,8.90395594998841,CIV
5096,Gross capital formation (% of GDP),1989,17.0960125608687,CMR
5097,Gross capital formation (% of GDP),1989,,COD
5098,Gross capital formation (% of GDP),1989,14.1282961951711,COG
5099,Gross capital formation (% of GDP),1989,19.9757541589656,COL
5100,Gross capital formation (% of GDP),1989,18.0423823249153,COM
5101,Gross capital formation (% of GDP),1989,,CPV
5102,Gross capital formation (% of GDP),1989,26.5859956089387,CRI
5103,Gross capital formation (% of GDP),1989,,Caribbean small states
5104,Gross capital formation (% of GDP),1989,26.326710025583,CUB
5105,Gross capital formation (% of GDP),1989,,CUW
5106,Gross capital formation (% of GDP),1989,,CYM
5107,Gross capital formation (% of GDP),1989,30.8919291059449,CYP
5108,Gross capital formation (% of GDP),1989,,CZE
5109,Gross capital formation (% of GDP),1989,24.6749419871737,DEU
5110,Gross capital formation (% of GDP),1989,,DJI
5111,Gross capital formation (% of GDP),1989,,DMA
5112,Gross capital formation (% of GDP),1989,21.3244929978655,DNK
5113,Gross capital formation (% of GDP),1989,25.7637333451277,DOM
5114,Gross capital formation (% of GDP),1989,30.0732338591257,DZA
5115,Gross capital formation (% of GDP),1989,34.1239572658665,East Asia & Pacific (
5116,Gross capital formation (% of GDP),1989,22.8832533472879,Early-demographic dividend
5117,Gross capital formation (% of GDP),1989,34.0245213689797,East Asia & Pacific
5118,Gross capital formation (% of GDP),1989,,Europe & Central Asia (
5119,Gross capital formation (% of GDP),1989,25.835591747235,Europe & Central Asia
5120,Gross capital formation (% of GDP),1989,22.3836642737737,ECU
5121,Gross capital formation (% of GDP),1989,31.6883103896104,EGY
5122,Gross capital formation (% of GDP),1989,24.5417710764229,Euro area
5123,Gross capital formation (% of GDP),1989,,ERI
5124,Gross capital formation (% of GDP),1989,26.6762987702604,ESP
5125,Gross capital formation (% of GDP),1989,,EST
5126,Gross capital formation (% of GDP),1989,0.0,ETH
5127,Gross capital formation (% of GDP),1989,24.801510372977,European Union
5128,Gross capital formation (% of GDP),1989,,Fragile and conflict affected situations
5129,Gross capital formation (% of GDP),1989,32.0054497181983,FIN
5130,Gross capital formation (% of GDP),1989,12.5457277320198,FJI
5131,Gross capital formation (% of GDP),1989,24.2752053199391,FRA
5132,Gross capital formation (% of GDP),1989,,FRO
5133,Gross capital formation (% of GDP),1989,,FSM
5134,Gross capital formation (% of GDP),1989,26.3047547734931,GAB
5135,Gross capital formation (% of GDP),1989,26.078870880052,GBR
5136,Gross capital formation (% of GDP),1989,27.866796711718,GEO
5137,Gross capital formation (% of GDP),1989,13.2090143055318,GHA
5138,Gross capital formation (% of GDP),1989,,GIB
5139,Gross capital formation (% of GDP),1989,11.7846878662606,GIN
5140,Gross capital formation (% of GDP),1989,20.3652602341327,GMB
5141,Gross capital formation (% of GDP),1989,38.9819331345939,GNB
5142,Gross capital formation (% of GDP),1989,,GNQ
5143,Gross capital formation (% of GDP),1989,24.7896501258346,GRC
5144,Gross capital formation (% of GDP),1989,,GRD
5145,Gross capital formation (% of GDP),1989,,GRL
5146,Gross capital formation (% of GDP),1989,13.5151111989657,GTM
5147,Gross capital formation (% of GDP),1989,,GUM
5148,Gross capital formation (% of GDP),1989,22.2362055509897,GUY
5149,Gross capital formation (% of GDP),1989,26.4883805976142,High income
5150,Gross capital formation (% of GDP),1989,26.523507244324,HKG
5151,Gross capital formation (% of GDP),1989,17.5453249265419,HND
5152,Gross capital formation (% of GDP),1989,,Heavily indebted poor countries (HIPC)
5153,Gross capital formation (% of GDP),1989,,HRV
5154,Gross capital formation (% of GDP),1989,18.829864502571,HTI
5155,Gross capital formation (% of GDP),1989,,HUN
5156,Gross capital formation (% of GDP),1989,27.1752692060904,IBRD only
5157,Gross capital formation (% of GDP),1989,26.5479316682881,IDA & IBRD total
5158,Gross capital formation (% of GDP),1989,21.0452351696217,IDA total
5159,Gross capital formation (% of GDP),1989,,IDA blend
5160,Gross capital formation (% of GDP),1989,30.6830325980787,IDN
5161,Gross capital formation (% of GDP),1989,,IDA only
5162,Gross capital formation (% of GDP),1989,,IMN
5163,Gross capital formation (% of GDP),1989,26.8610369133845,IND
5164,Gross capital formation (% of GDP),1989,,Not classified
5165,Gross capital formation (% of GDP),1989,18.4099637261264,IRL
5166,Gross capital formation (% of GDP),1989,23.0479384291522,IRN
5167,Gross capital formation (% of GDP),1989,-3.74560831834731,IRQ
5168,Gross capital formation (% of GDP),1989,20.9331131653731,ISL
5169,Gross capital formation (% of GDP),1989,20.0284462003222,ISR
5170,Gross capital formation (% of GDP),1989,22.9260234968629,ITA
5171,Gross capital formation (% of GDP),1989,26.6111654508429,JAM
5172,Gross capital formation (% of GDP),1989,23.2364460935889,JOR
5173,Gross capital formation (% of GDP),1989,34.8603861917914,JPN
5174,Gross capital formation (% of GDP),1989,,KAZ
5175,Gross capital formation (% of GDP),1989,24.8620776143297,KEN
5176,Gross capital formation (% of GDP),1989,35.4666666666667,KGZ
5177,Gross capital formation (% of GDP),1989,,KHM
5178,Gross capital formation (% of GDP),1989,,KIR
5179,Gross capital formation (% of GDP),1989,,KNA
5180,Gross capital formation (% of GDP),1989,36.716067014954,KOR
5181,Gross capital formation (% of GDP),1989,12.2989258620749,KWT
5182,Gross capital formation (% of GDP),1989,23.9780417491944,Latin America & Caribbean (
5183,Gross capital formation (% of GDP),1989,,LAO
5184,Gross capital formation (% of GDP),1989,,LBN
5185,Gross capital formation (% of GDP),1989,,LBR
5186,Gross capital formation (% of GDP),1989,,LBY
5187,Gross capital formation (% of GDP),1989,,LCA
5188,Gross capital formation (% of GDP),1989,23.0533054071607,Latin America & Caribbean
5189,Gross capital formation (% of GDP),1989,,Least developed countries: UN classification
5190,Gross capital formation (% of GDP),1989,11.8827074579831,Low income
5191,Gross capital formation (% of GDP),1989,,LIE
5192,Gross capital formation (% of GDP),1989,21.724476063059,LKA
5193,Gross capital formation (% of GDP),1989,26.6337830146217,Lower middle income
5194,Gross capital formation (% of GDP),1989,25.4168217061432,Low & middle income
5195,Gross capital formation (% of GDP),1989,,LSO
5196,Gross capital formation (% of GDP),1989,30.647205125574,Late-demographic dividend
5197,Gross capital formation (% of GDP),1989,,LTU
5198,Gross capital formation (% of GDP),1989,24.0079552872063,LUX
5199,Gross capital formation (% of GDP),1989,,LVA
5200,Gross capital formation (% of GDP),1989,24.57100795878,MAC
5201,Gross capital formation (% of GDP),1989,,MAF
5202,Gross capital formation (% of GDP),1989,30.2708138766024,MAR
5203,Gross capital formation (% of GDP),1989,,MCO
5204,Gross capital formation (% of GDP),1989,,MDA
5205,Gross capital formation (% of GDP),1989,40.7488308955784,MDG
5206,Gross capital formation (% of GDP),1989,,MDV
5207,Gross capital formation (% of GDP),1989,19.6157038433758,AFG
5208,Gross capital formation (% of GDP),1989,23.1062411899557,MEX
5209,Gross capital formation (% of GDP),1989,,MHL
5210,Gross capital formation (% of GDP),1989,25.8680941514122,Middle income
5211,Gross capital formation (% of GDP),1989,,MKD
5212,Gross capital formation (% of GDP),1989,21.3388686281479,MLI
5213,Gross capital formation (% of GDP),1989,27.1532317474863,MLT
5214,Gross capital formation (% of GDP),1989,,MMR
5215,Gross capital formation (% of GDP),1989,19.2936227610394,AFG
5216,Gross capital formation (% of GDP),1989,,MNE
5217,Gross capital formation (% of GDP),1989,47.8010959825887,MNG
5218,Gross capital formation (% of GDP),1989,,MNP
5219,Gross capital formation (% of GDP),1989,,MOZ
5220,Gross capital formation (% of GDP),1989,12.9862448746265,MRT
5221,Gross capital formation (% of GDP),1989,30.7039866175256,MUS
5222,Gross capital formation (% of GDP),1989,,MWI
5223,Gross capital formation (% of GDP),1989,29.8708580008172,MYS
5224,Gross capital formation (% of GDP),1989,22.6146127039243,North America
5225,Gross capital formation (% of GDP),1989,14.8250857128008,NAM
5226,Gross capital formation (% of GDP),1989,,NCL
5227,Gross capital formation (% of GDP),1989,13.6775489737644,NER
5228,Gross capital formation (% of GDP),1989,,NGA
5229,Gross capital formation (% of GDP),1989,27.4616817543057,NIC
5230,Gross capital formation (% of GDP),1989,24.4111102377561,NLD
5231,Gross capital formation (% of GDP),1989,27.6462104663043,NOR
5232,Gross capital formation (% of GDP),1989,21.5069060928206,NPL
5233,Gross capital formation (% of GDP),1989,,NRU
5234,Gross capital formation (% of GDP),1989,23.3708834150811,NZL
5235,Gross capital formation (% of GDP),1989,26.2627006255451,OECD members
5236,Gross capital formation (% of GDP),1989,12.3265595515596,OMN
5237,Gross capital formation (% of GDP),1989,,Other small states
5238,Gross capital formation (% of GDP),1989,18.9114576905339,PAK
5239,Gross capital formation (% of GDP),1989,7.73179243053669,PAN
5240,Gross capital formation (% of GDP),1989,23.1737672132763,PER
5241,Gross capital formation (% of GDP),1989,21.0095892110108,PHL
5242,Gross capital formation (% of GDP),1989,,PLW
5243,Gross capital formation (% of GDP),1989,23.2229044226286,PNG
5244,Gross capital formation (% of GDP),1989,,POL
5245,Gross capital formation (% of GDP),1989,,Pre-demographic dividend
5246,Gross capital formation (% of GDP),1989,16.9978552050339,PRI
5247,Gross capital formation (% of GDP),1989,,PRK
5248,Gross capital formation (% of GDP),1989,28.2934760225759,PRT
5249,Gross capital formation (% of GDP),1989,18.8409093238553,PRY
5250,Gross capital formation (% of GDP),1989,,PSE
5251,Gross capital formation (% of GDP),1989,16.54865420987,Pacific island small states
5252,Gross capital formation (% of GDP),1989,26.3230037369675,Post-demographic dividend
5253,Gross capital formation (% of GDP),1989,,PYF
5254,Gross capital formation (% of GDP),1989,,QAT
5255,Gross capital formation (% of GDP),1989,,ROU
5256,Gross capital formation (% of GDP),1989,33.8394415357766,RUS
5257,Gross capital formation (% of GDP),1989,13.4260150885196,RWA
5258,Gross capital formation (% of GDP),1989,26.3320841859287,South Asia
5259,Gross capital formation (% of GDP),1989,19.4449189923403,SAU
5260,Gross capital formation (% of GDP),1989,8.04471825320621,SDN
5261,Gross capital formation (% of GDP),1989,13.635120100554,SEN
5262,Gross capital formation (% of GDP),1989,34.06069305235,SGP
5263,Gross capital formation (% of GDP),1989,11.3504169972949,SLB
5264,Gross capital formation (% of GDP),1989,8.32556820883034,SLE
5265,Gross capital formation (% of GDP),1989,15.3275571767932,SLV
5266,Gross capital formation (% of GDP),1989,,SMR
5267,Gross capital formation (% of GDP),1989,28.0180463070803,SOM
5268,Gross capital formation (% of GDP),1989,,SRB
5269,Gross capital formation (% of GDP),1989,24.3960688830744,Sub-Saharan Africa (
5270,Gross capital formation (% of GDP),1989,,SSD
5271,Gross capital formation (% of GDP),1989,,Sub-Saharan Africa
5272,Gross capital formation (% of GDP),1989,,Small states
5273,Gross capital formation (% of GDP),1989,,STP
5274,Gross capital formation (% of GDP),1989,,SUR
5275,Gross capital formation (% of GDP),1989,,SVK
5276,Gross capital formation (% of GDP),1989,,SVN
5277,Gross capital formation (% of GDP),1989,29.6794411631796,SWE
5278,Gross capital formation (% of GDP),1989,,SWZ
5279,Gross capital formation (% of GDP),1989,,SXM
5280,Gross capital formation (% of GDP),1989,27.2548147559979,SYC
5281,Gross capital formation (% of GDP),1989,,SYR
5282,Gross capital formation (% of GDP),1989,,TCA
5283,Gross capital formation (% of GDP),1989,8.03107436981493,TCD
5284,Gross capital formation (% of GDP),1989,34.1199694708667,East Asia & Pacific (IDA & IBRD countries)
5285,Gross capital formation (% of GDP),1989,,Europe & Central Asia (IDA & IBRD countries)
5286,Gross capital formation (% of GDP),1989,16.9601482853707,TGO
5287,Gross capital formation (% of GDP),1989,35.0661167116578,THA
5288,Gross capital formation (% of GDP),1989,,TJK
5289,Gross capital formation (% of GDP),1989,35.7142857142857,TKM
5290,Gross capital formation (% of GDP),1989,23.1432553968292,Latin America & the Caribbean (IDA & IBRD countries)
5291,Gross capital formation (% of GDP),1989,,TLS
5292,Gross capital formation (% of GDP),1989,19.1639533374365,AFG
5293,Gross capital formation (% of GDP),1989,20.4453244666941,TON
5294,Gross capital formation (% of GDP),1989,26.3320841859287,South Asia (IDA & IBRD)
5295,Gross capital formation (% of GDP),1989,,Sub-Saharan Africa (IDA & IBRD countries)
5296,Gross capital formation (% of GDP),1989,,TTO
5297,Gross capital formation (% of GDP),1989,23.9116153453112,TUN
5298,Gross capital formation (% of GDP),1989,23.4725869123308,TUR
5299,Gross capital formation (% of GDP),1989,,TUV
5300,Gross capital formation (% of GDP),1989,,TZA
5301,Gross capital formation (% of GDP),1989,11.1362280233226,UGA
5302,Gross capital formation (% of GDP),1989,,UKR
5303,Gross capital formation (% of GDP),1989,25.9621543724,Upper middle income
5304,Gross capital formation (% of GDP),1989,12.0664635543336,URY
5305,Gross capital formation (% of GDP),1989,22.5137993257208,USA
5306,Gross capital formation (% of GDP),1989,,UZB
5307,Gross capital formation (% of GDP),1989,,VCT
5308,Gross capital formation (% of GDP),1989,12.2902868916769,VEN
5309,Gross capital formation (% of GDP),1989,,VGB
5310,Gross capital formation (% of GDP),1989,,VIR
5311,Gross capital formation (% of GDP),1989,,VNM
5312,Gross capital formation (% of GDP),1989,30.9758281110116,VUT
5313,Gross capital formation (% of GDP),1989,26.4583912952992,World
5314,Gross capital formation (% of GDP),1989,,WSM
5315,Gross capital formation (% of GDP),1989,,XKX
5316,Gross capital formation (% of GDP),1989,,YEM
5317,Gross capital formation (% of GDP),1989,21.3094797014767,ZAF
5318,Gross capital formation (% of GDP),1989,,ZMB
5319,Gross capital formation (% of GDP),1989,15.0379805990418,ZWE
5320,Gross capital formation (% of GDP),1990,,ABW
5321,Gross capital formation (% of GDP),1990,,Africa Eastern and Southern
5322,Gross capital formation (% of GDP),1990,,AFG
5323,Gross capital formation (% of GDP),1990,,Africa Western and Central
5324,Gross capital formation (% of GDP),1990,0.0,AGO
5325,Gross capital formation (% of GDP),1990,30.360946807547,ALB
5326,Gross capital formation (% of GDP),1990,,AND
5327,Gross capital formation (% of GDP),1990,30.3492017783293,Arab World
5328,Gross capital formation (% of GDP),1990,,ARE
5329,Gross capital formation (% of GDP),1990,13.9969815756662,ARG
5330,Gross capital formation (% of GDP),1990,47.1476843569867,ARM
5331,Gross capital formation (% of GDP),1990,,ASM
5332,Gross capital formation (% of GDP),1990,,ATG
5333,Gross capital formation (% of GDP),1990,28.9419648482962,AUS
5334,Gross capital formation (% of GDP),1990,27.0291365800716,AUT
5335,Gross capital formation (% of GDP),1990,26.5347885402456,AZE
5336,Gross capital formation (% of GDP),1990,14.5369768617378,BDI
5337,Gross capital formation (% of GDP),1990,24.3463734360231,BEL
5338,Gross capital formation (% of GDP),1990,14.060356419347,BEN
5339,Gross capital formation (% of GDP),1990,18.9133966293571,BFA
5340,Gross capital formation (% of GDP),1990,16.4586755151535,BGD
5341,Gross capital formation (% of GDP),1990,25.588778293303,BGR
5342,Gross capital formation (% of GDP),1990,14.4494275559834,BHR
5343,Gross capital formation (% of GDP),1990,29.414718888187,BHS
5344,Gross capital formation (% of GDP),1990,,BIH
5345,Gross capital formation (% of GDP),1990,26.5588914549654,BLR
5346,Gross capital formation (% of GDP),1990,22.2059764232843,BLZ
5347,Gross capital formation (% of GDP),1990,,BMU
5348,Gross capital formation (% of GDP),1990,12.5319367065277,BOL
5349,Gross capital formation (% of GDP),1990,20.1677066020429,BRA
5350,Gross capital formation (% of GDP),1990,,BRB
5351,Gross capital formation (% of GDP),1990,10.8883467958047,BRN
5352,Gross capital formation (% of GDP),1990,27.8570301973124,BTN
5353,Gross capital formation (% of GDP),1990,37.3669769651251,BWA
5354,Gross capital formation (% of GDP),1990,12.708059808033,CAF
5355,Gross capital formation (% of GDP),1990,21.3042109213358,CAN
5356,Gross capital formation (% of GDP),1990,,Central Europe and the Baltics
5357,Gross capital formation (% of GDP),1990,34.9196340875005,CHE
5358,Gross capital formation (% of GDP),1990,,Channel Islands
5359,Gross capital formation (% of GDP),1990,25.7232653777983,CHL
5360,Gross capital formation (% of GDP),1990,34.0914985430681,CHN
5361,Gross capital formation (% of GDP),1990,6.68880333930737,CIV
5362,Gross capital formation (% of GDP),1990,17.8119783746051,CMR
5363,Gross capital formation (% of GDP),1990,,COD
5364,Gross capital formation (% of GDP),1990,15.9055118110236,COG
5365,Gross capital formation (% of GDP),1990,20.606730546634,COL
5366,Gross capital formation (% of GDP),1990,18.0422800196632,COM
5367,Gross capital formation (% of GDP),1990,,CPV
5368,Gross capital formation (% of GDP),1990,27.3228217996094,CRI
5369,Gross capital formation (% of GDP),1990,,Caribbean small states
5370,Gross capital formation (% of GDP),1990,24.8024922353702,CUB
5371,Gross capital formation (% of GDP),1990,,CUW
5372,Gross capital formation (% of GDP),1990,,CYM
5373,Gross capital formation (% of GDP),1990,27.0454275173864,CYP
5374,Gross capital formation (% of GDP),1990,24.3277286034708,CZE
5375,Gross capital formation (% of GDP),1990,25.2643366002088,DEU
5376,Gross capital formation (% of GDP),1990,,DJI
5377,Gross capital formation (% of GDP),1990,,DMA
5378,Gross capital formation (% of GDP),1990,20.7926471394728,DNK
5379,Gross capital formation (% of GDP),1990,23.3496591496817,DOM
5380,Gross capital formation (% of GDP),1990,28.5894206651089,DZA
5381,Gross capital formation (% of GDP),1990,33.806524410979,East Asia & Pacific (
5382,Gross capital formation (% of GDP),1990,23.0054105533407,Early-demographic dividend
5383,Gross capital formation (% of GDP),1990,34.4688119494276,East Asia & Pacific
5384,Gross capital formation (% of GDP),1990,25.3909522467631,Europe & Central Asia (
5385,Gross capital formation (% of GDP),1990,25.3780365077578,Europe & Central Asia
5386,Gross capital formation (% of GDP),1990,20.1520380846263,ECU
5387,Gross capital formation (% of GDP),1990,28.9144058455115,EGY
5388,Gross capital formation (% of GDP),1990,24.7983811388292,Euro area
5389,Gross capital formation (% of GDP),1990,,ERI
5390,Gross capital formation (% of GDP),1990,26.8366821808878,ESP
5391,Gross capital formation (% of GDP),1990,,EST
5392,Gross capital formation (% of GDP),1990,0.0,ETH
5393,Gross capital formation (% of GDP),1990,25.0325239765836,European Union
5394,Gross capital formation (% of GDP),1990,,Fragile and conflict affected situations
5395,Gross capital formation (% of GDP),1990,30.1371971329317,FIN
5396,Gross capital formation (% of GDP),1990,14.3128030808081,FJI
5397,Gross capital formation (% of GDP),1990,24.4166717434176,FRA
5398,Gross capital formation (% of GDP),1990,,FRO
5399,Gross capital formation (% of GDP),1990,,FSM
5400,Gross capital formation (% of GDP),1990,21.6771566086635,GAB
5401,Gross capital formation (% of GDP),1990,23.1807529321572,GBR
5402,Gross capital formation (% of GDP),1990,30.7363356942403,GEO
5403,Gross capital formation (% of GDP),1990,14.4439972906995,GHA
5404,Gross capital formation (% of GDP),1990,,GIB
5405,Gross capital formation (% of GDP),1990,13.7904295464944,GIN
5406,Gross capital formation (% of GDP),1990,22.3431942658285,GMB
5407,Gross capital formation (% of GDP),1990,29.925818675468,GNB
5408,Gross capital formation (% of GDP),1990,,GNQ
5409,Gross capital formation (% of GDP),1990,25.4339840826852,GRC
5410,Gross capital formation (% of GDP),1990,,GRD
5411,Gross capital formation (% of GDP),1990,,GRL
5412,Gross capital formation (% of GDP),1990,13.6026147116177,GTM
5413,Gross capital formation (% of GDP),1990,,GUM
5414,Gross capital formation (% of GDP),1990,31.1330985432403,GUY
5415,Gross capital formation (% of GDP),1990,25.9100638370234,High income
5416,Gross capital formation (% of GDP),1990,27.1705247840656,HKG
5417,Gross capital formation (% of GDP),1990,21.0646000581508,HND
5418,Gross capital formation (% of GDP),1990,15.111581856377,Heavily indebted poor countries (HIPC)
5419,Gross capital formation (% of GDP),1990,,HRV
5420,Gross capital formation (% of GDP),1990,19.9200669136332,HTI
5421,Gross capital formation (% of GDP),1990,,HUN
5422,Gross capital formation (% of GDP),1990,27.2871024644708,IBRD only
5423,Gross capital formation (% of GDP),1990,26.6523525411132,IDA & IBRD total
5424,Gross capital formation (% of GDP),1990,21.1755889197102,IDA total
5425,Gross capital formation (% of GDP),1990,,IDA blend
5426,Gross capital formation (% of GDP),1990,32.7076900896332,IDN
5427,Gross capital formation (% of GDP),1990,16.5240166832563,IDA only
5428,Gross capital formation (% of GDP),1990,,IMN
5429,Gross capital formation (% of GDP),1990,27.3361977013687,IND
5430,Gross capital formation (% of GDP),1990,,Not classified
5431,Gross capital formation (% of GDP),1990,21.5271166857683,IRL
5432,Gross capital formation (% of GDP),1990,33.0218426264164,IRN
5433,Gross capital formation (% of GDP),1990,44.3203132683075,IRQ
5434,Gross capital formation (% of GDP),1990,21.1246101744963,ISL
5435,Gross capital formation (% of GDP),1990,22.4076159629045,ISR
5436,Gross capital formation (% of GDP),1990,23.1619903483889,ITA
5437,Gross capital formation (% of GDP),1990,25.8843922995532,JAM
5438,Gross capital formation (% of GDP),1990,30.7956973669914,JOR
5439,Gross capital formation (% of GDP),1990,35.4515796937795,JPN
5440,Gross capital formation (% of GDP),1990,,KAZ
5441,Gross capital formation (% of GDP),1990,24.1640928963226,KEN
5442,Gross capital formation (% of GDP),1990,24.0654205607477,KGZ
5443,Gross capital formation (% of GDP),1990,,KHM
5444,Gross capital formation (% of GDP),1990,,KIR
5445,Gross capital formation (% of GDP),1990,,KNA
5446,Gross capital formation (% of GDP),1990,39.553052959719,KOR
5447,Gross capital formation (% of GDP),1990,17.6251130539644,KWT
5448,Gross capital formation (% of GDP),1990,20.0742085509524,Latin America & Caribbean (
5449,Gross capital formation (% of GDP),1990,,LAO
5450,Gross capital formation (% of GDP),1990,31.312690963823,LBN
5451,Gross capital formation (% of GDP),1990,,LBR
5452,Gross capital formation (% of GDP),1990,18.6157605375687,LBY
5453,Gross capital formation (% of GDP),1990,,LCA
5454,Gross capital formation (% of GDP),1990,19.6321099533564,Latin America & Caribbean
5455,Gross capital formation (% of GDP),1990,,Least developed countries: UN classification
5456,Gross capital formation (% of GDP),1990,12.9327869182979,Low income
5457,Gross capital formation (% of GDP),1990,,LIE
5458,Gross capital formation (% of GDP),1990,22.205889665117,LKA
5459,Gross capital formation (% of GDP),1990,27.0506139841996,Lower middle income
5460,Gross capital formation (% of GDP),1990,26.3664863276965,Low & middle income
5461,Gross capital formation (% of GDP),1990,,LSO
5462,Gross capital formation (% of GDP),1990,27.7660147759037,Late-demographic dividend
5463,Gross capital formation (% of GDP),1990,,LTU
5464,Gross capital formation (% of GDP),1990,24.7126947108772,LUX
5465,Gross capital formation (% of GDP),1990,,LVA
5466,Gross capital formation (% of GDP),1990,22.8110599078341,MAC
5467,Gross capital formation (% of GDP),1990,,MAF
5468,Gross capital formation (% of GDP),1990,31.0602945352303,MAR
5469,Gross capital formation (% of GDP),1990,,MCO
5470,Gross capital formation (% of GDP),1990,,MDA
5471,Gross capital formation (% of GDP),1990,35.9623142146368,MDG
5472,Gross capital formation (% of GDP),1990,,MDV
5473,Gross capital formation (% of GDP),1990,29.7899003143349,AFG
5474,Gross capital formation (% of GDP),1990,23.270603544648,MEX
5475,Gross capital formation (% of GDP),1990,,MHL
5476,Gross capital formation (% of GDP),1990,26.8595831014394,Middle income
5477,Gross capital formation (% of GDP),1990,17.7631578947368,MKD
5478,Gross capital formation (% of GDP),1990,19.0912710643225,MLI
5479,Gross capital formation (% of GDP),1990,30.6266775247271,MLT
5480,Gross capital formation (% of GDP),1990,,MMR
5481,Gross capital formation (% of GDP),1990,33.5449510657338,AFG
5482,Gross capital formation (% of GDP),1990,,MNE
5483,Gross capital formation (% of GDP),1990,29.0673253770095,MNG
5484,Gross capital formation (% of GDP),1990,,MNP
5485,Gross capital formation (% of GDP),1990,,MOZ
5486,Gross capital formation (% of GDP),1990,13.9512795840132,MRT
5487,Gross capital formation (% of GDP),1990,29.8090928744593,MUS
5488,Gross capital formation (% of GDP),1990,,MWI
5489,Gross capital formation (% of GDP),1990,32.3603261645435,MYS
5490,Gross capital formation (% of GDP),1990,21.5093945395783,North America
5491,Gross capital formation (% of GDP),1990,27.0575365252196,NAM
5492,Gross capital formation (% of GDP),1990,31.3999986004225,NCL
5493,Gross capital formation (% of GDP),1990,11.2847868096636,NER
5494,Gross capital formation (% of GDP),1990,,NGA
5495,Gross capital formation (% of GDP),1990,19.2758024767105,NIC
5496,Gross capital formation (% of GDP),1990,23.9012711605125,NLD
5497,Gross capital formation (% of GDP),1990,24.7645897039585,NOR
5498,Gross capital formation (% of GDP),1990,18.1258219231067,NPL
5499,Gross capital formation (% of GDP),1990,,NRU
5500,Gross capital formation (% of GDP),1990,20.4710549476533,NZL
5501,Gross capital formation (% of GDP),1990,25.8107322731871,OECD members
5502,Gross capital formation (% of GDP),1990,10.8405955684083,OMN
5503,Gross capital formation (% of GDP),1990,,Other small states
5504,Gross capital formation (% of GDP),1990,18.9353730330174,PAK
5505,Gross capital formation (% of GDP),1990,21.1406866090547,PAN
5506,Gross capital formation (% of GDP),1990,16.1644055092045,PER
5507,Gross capital formation (% of GDP),1990,23.3317105849887,PHL
5508,Gross capital formation (% of GDP),1990,,PLW
5509,Gross capital formation (% of GDP),1990,24.4424972368507,PNG
5510,Gross capital formation (% of GDP),1990,,POL
5511,Gross capital formation (% of GDP),1990,,Pre-demographic dividend
5512,Gross capital formation (% of GDP),1990,16.9543645701062,PRI
5513,Gross capital formation (% of GDP),1990,,PRK
5514,Gross capital formation (% of GDP),1990,27.721131452629,PRT
5515,Gross capital formation (% of GDP),1990,17.8089132669601,PRY
5516,Gross capital formation (% of GDP),1990,,PSE
5517,Gross capital formation (% of GDP),1990,17.5223259242597,Pacific island small states
5518,Gross capital formation (% of GDP),1990,25.8537577796666,Post-demographic dividend
5519,Gross capital formation (% of GDP),1990,,PYF
5520,Gross capital formation (% of GDP),1990,,QAT
5521,Gross capital formation (% of GDP),1990,30.2482806853946,ROU
5522,Gross capital formation (% of GDP),1990,30.1303942874884,RUS
5523,Gross capital formation (% of GDP),1990,14.6499832156687,RWA
5524,Gross capital formation (% of GDP),1990,26.7468455295793,South Asia
5525,Gross capital formation (% of GDP),1990,15.6840133931105,SAU
5526,Gross capital formation (% of GDP),1990,10.4369308817555,SDN
5527,Gross capital formation (% of GDP),1990,14.5972584845911,SEN
5528,Gross capital formation (% of GDP),1990,35.6531138861975,SGP
5529,Gross capital formation (% of GDP),1990,7.54537821282825,SLB
5530,Gross capital formation (% of GDP),1990,13.0059154757791,SLE
5531,Gross capital formation (% of GDP),1990,13.8129021152629,SLV
5532,Gross capital formation (% of GDP),1990,,SMR
5533,Gross capital formation (% of GDP),1990,13.783028588497,SOM
5534,Gross capital formation (% of GDP),1990,,SRB
5535,Gross capital formation (% of GDP),1990,23.0278105733945,Sub-Saharan Africa (
5536,Gross capital formation (% of GDP),1990,,SSD
5537,Gross capital formation (% of GDP),1990,22.7687735423072,Sub-Saharan Africa
5538,Gross capital formation (% of GDP),1990,,Small states
5539,Gross capital formation (% of GDP),1990,,STP
5540,Gross capital formation (% of GDP),1990,,SUR
5541,Gross capital formation (% of GDP),1990,29.8754184448103,SVK
5542,Gross capital formation (% of GDP),1990,17.4529352051393,SVN
5543,Gross capital formation (% of GDP),1990,29.1099089591098,SWE
5544,Gross capital formation (% of GDP),1990,,SWZ
5545,Gross capital formation (% of GDP),1990,,SXM
5546,Gross capital formation (% of GDP),1990,24.2633008167867,SYC
5547,Gross capital formation (% of GDP),1990,,SYR
5548,Gross capital formation (% of GDP),1990,,TCA
5549,Gross capital formation (% of GDP),1990,6.75350745613147,TCD
5550,Gross capital formation (% of GDP),1990,33.80238349417,East Asia & Pacific (IDA & IBRD countries)
5551,Gross capital formation (% of GDP),1990,29.7932428656958,Europe & Central Asia (IDA & IBRD countries)
5552,Gross capital formation (% of GDP),1990,36.1405141327804,TGO
5553,Gross capital formation (% of GDP),1990,41.3537625860488,THA
5554,Gross capital formation (% of GDP),1990,,TJK
5555,Gross capital formation (% of GDP),1990,40.0,TKM
5556,Gross capital formation (% of GDP),1990,19.5626813783446,Latin America & the Caribbean (IDA & IBRD countries)
5557,Gross capital formation (% of GDP),1990,,TLS
5558,Gross capital formation (% of GDP),1990,33.3195006916204,AFG
5559,Gross capital formation (% of GDP),1990,18.4932996276061,TON
5560,Gross capital formation (% of GDP),1990,26.7468455295793,South Asia (IDA & IBRD)
5561,Gross capital formation (% of GDP),1990,22.7687735423072,Sub-Saharan Africa (IDA & IBRD countries)
5562,Gross capital formation (% of GDP),1990,,TTO
5563,Gross capital formation (% of GDP),1990,27.0680584705567,TUN
5564,Gross capital formation (% of GDP),1990,24.5492675167824,TUR
5565,Gross capital formation (% of GDP),1990,,TUV
5566,Gross capital formation (% of GDP),1990,17.9814198491277,TZA
5567,Gross capital formation (% of GDP),1990,12.7040800379721,UGA
5568,Gross capital formation (% of GDP),1990,,UKR
5569,Gross capital formation (% of GDP),1990,27.0383655265035,Upper middle income
5570,Gross capital formation (% of GDP),1990,12.2008510128042,URY
5571,Gross capital formation (% of GDP),1990,21.5292302181534,USA
5572,Gross capital formation (% of GDP),1990,,UZB
5573,Gross capital formation (% of GDP),1990,,VCT
5574,Gross capital formation (% of GDP),1990,9.88970986648743,VEN
5575,Gross capital formation (% of GDP),1990,,VGB
5576,Gross capital formation (% of GDP),1990,,VIR
5577,Gross capital formation (% of GDP),1990,,VNM
5578,Gross capital formation (% of GDP),1990,31.1649552329405,VUT
5579,Gross capital formation (% of GDP),1990,26.0678949217539,World
5580,Gross capital formation (% of GDP),1990,,WSM
5581,Gross capital formation (% of GDP),1990,,XKX
5582,Gross capital formation (% of GDP),1990,,YEM
5583,Gross capital formation (% of GDP),1990,18.2312412035802,ZAF
5584,Gross capital formation (% of GDP),1990,,ZMB
5585,Gross capital formation (% of GDP),1990,17.3769427588351,ZWE
5586,Gross capital formation (% of GDP),1991,,ABW
5587,Gross capital formation (% of GDP),1991,,Africa Eastern and Southern
5588,Gross capital formation (% of GDP),1991,,AFG
5589,Gross capital formation (% of GDP),1991,,Africa Western and Central
5590,Gross capital formation (% of GDP),1991,,AGO
5591,Gross capital formation (% of GDP),1991,7.60311109567282,ALB
5592,Gross capital formation (% of GDP),1991,,AND
5593,Gross capital formation (% of GDP),1991,21.4240916984149,Arab World
5594,Gross capital formation (% of GDP),1991,,ARE
5595,Gross capital formation (% of GDP),1991,14.6369773950796,ARG
5596,Gross capital formation (% of GDP),1991,39.7791441837119,ARM
5597,Gross capital formation (% of GDP),1991,,ASM
5598,Gross capital formation (% of GDP),1991,,ATG
5599,Gross capital formation (% of GDP),1991,24.2196604162453,AUS
5600,Gross capital formation (% of GDP),1991,27.2400245299165,AUT
5601,Gross capital formation (% of GDP),1991,3.1062874251497,AZE
5602,Gross capital formation (% of GDP),1991,14.4097631879489,BDI
5603,Gross capital formation (% of GDP),1991,22.8402761359904,BEL
5604,Gross capital formation (% of GDP),1991,14.4780446923295,BEN
5605,Gross capital formation (% of GDP),1991,21.2456099038687,BFA
5606,Gross capital formation (% of GDP),1991,16.8959474633294,BGD
5607,Gross capital formation (% of GDP),1991,22.5976418570376,BGR
5608,Gross capital formation (% of GDP),1991,25.1521262819148,BHR
5609,Gross capital formation (% of GDP),1991,29.3568958202085,BHS
5610,Gross capital formation (% of GDP),1991,,BIH
5611,Gross capital formation (% of GDP),1991,33.3333333333333,BLR
5612,Gross capital formation (% of GDP),1991,24.3677775916932,BLZ
5613,Gross capital formation (% of GDP),1991,,BMU
5614,Gross capital formation (% of GDP),1991,15.5777692542444,BOL
5615,Gross capital formation (% of GDP),1991,19.768768868394,BRA
5616,Gross capital formation (% of GDP),1991,,BRB
5617,Gross capital formation (% of GDP),1991,12.1490865404837,BRN
5618,Gross capital formation (% of GDP),1991,32.4271872410223,BTN
5619,Gross capital formation (% of GDP),1991,33.2101747012514,BWA
5620,Gross capital formation (% of GDP),1991,12.6480117971933,CAF
5621,Gross capital formation (% of GDP),1991,19.3412969720978,CAN
5622,Gross capital formation (% of GDP),1991,,Central Europe and the Baltics
5623,Gross capital formation (% of GDP),1991,31.7129837017764,CHE
5624,Gross capital formation (% of GDP),1991,,Channel Islands
5625,Gross capital formation (% of GDP),1991,23.341676276014,CHL
5626,Gross capital formation (% of GDP),1991,35.5377442696039,CHN
5627,Gross capital formation (% of GDP),1991,7.35800116106434,CIV
5628,Gross capital formation (% of GDP),1991,16.6726548065075,CMR
5629,Gross capital formation (% of GDP),1991,0.0,COD
5630,Gross capital formation (% of GDP),1991,20.5281644334591,COG
5631,Gross capital formation (% of GDP),1991,19.1054638472664,COL
5632,Gross capital formation (% of GDP),1991,18.0423764867146,COM
5633,Gross capital formation (% of GDP),1991,,CPV
5634,Gross capital formation (% of GDP),1991,18.4018684180591,CRI
5635,Gross capital formation (% of GDP),1991,,Caribbean small states
5636,Gross capital formation (% of GDP),1991,13.9954824284752,CUB
5637,Gross capital formation (% of GDP),1991,,CUW
5638,Gross capital formation (% of GDP),1991,,CYM
5639,Gross capital formation (% of GDP),1991,25.8421500253731,CYP
5640,Gross capital formation (% of GDP),1991,22.2724066655312,CZE
5641,Gross capital formation (% of GDP),1991,26.2249546057137,DEU
5642,Gross capital formation (% of GDP),1991,,DJI
5643,Gross capital formation (% of GDP),1991,,DMA
5644,Gross capital formation (% of GDP),1991,19.6001118620312,DNK
5645,Gross capital formation (% of GDP),1991,16.6480690176188,DOM
5646,Gross capital formation (% of GDP),1991,31.8413271022186,DZA
5647,Gross capital formation (% of GDP),1991,34.7472788997154,East Asia & Pacific (
5648,Gross capital formation (% of GDP),1991,23.2758765041044,Early-demographic dividend
5649,Gross capital formation (% of GDP),1991,34.3067721076273,East Asia & Pacific
5650,Gross capital formation (% of GDP),1991,23.8808066125861,Europe & Central Asia (
5651,Gross capital formation (% of GDP),1991,24.7436572216118,Europe & Central Asia
5652,Gross capital formation (% of GDP),1991,17.8993560734041,ECU
5653,Gross capital formation (% of GDP),1991,23.7333333333333,EGY
5654,Gross capital formation (% of GDP),1991,24.5495043026319,Euro area
5655,Gross capital formation (% of GDP),1991,,ERI
5656,Gross capital formation (% of GDP),1991,26.0175021899712,ESP
5657,Gross capital formation (% of GDP),1991,,EST
5658,Gross capital formation (% of GDP),1991,0.0,ETH
5659,Gross capital formation (% of GDP),1991,24.5001905502389,European Union
5660,Gross capital formation (% of GDP),1991,,Fragile and conflict affected situations
5661,Gross capital formation (% of GDP),1991,24.0884562723643,FIN
5662,Gross capital formation (% of GDP),1991,15.3188442703232,FJI
5663,Gross capital formation (% of GDP),1991,23.5809030570734,FRA
5664,Gross capital formation (% of GDP),1991,,FRO
5665,Gross capital formation (% of GDP),1991,,FSM
5666,Gross capital formation (% of GDP),1991,26.4680317687759,GAB
5667,Gross capital formation (% of GDP),1991,19.7745397135035,GBR
5668,Gross capital formation (% of GDP),1991,28.2722513089005,GEO
5669,Gross capital formation (% of GDP),1991,15.8789864096371,GHA
5670,Gross capital formation (% of GDP),1991,,GIB
5671,Gross capital formation (% of GDP),1991,12.4840120639989,GIN
5672,Gross capital formation (% of GDP),1991,20.33774597816,GMB
5673,Gross capital formation (% of GDP),1991,30.9893744027146,GNB
5674,Gross capital formation (% of GDP),1991,,GNQ
5675,Gross capital formation (% of GDP),1991,26.2169148198303,GRC
5676,Gross capital formation (% of GDP),1991,,GRD
5677,Gross capital formation (% of GDP),1991,,GRL
5678,Gross capital formation (% of GDP),1991,14.2952804419133,GTM
5679,Gross capital formation (% of GDP),1991,,GUM
5680,Gross capital formation (% of GDP),1991,39.7631504388441,GUY
5681,Gross capital formation (% of GDP),1991,25.3197487109334,High income
5682,Gross capital formation (% of GDP),1991,26.9214245728842,HKG
5683,Gross capital formation (% of GDP),1991,22.5987902033777,HND
5684,Gross capital formation (% of GDP),1991,15.2159721209042,Heavily indebted poor countries (HIPC)
5685,Gross capital formation (% of GDP),1991,,HRV
5686,Gross capital formation (% of GDP),1991,24.3679814128451,HTI
5687,Gross capital formation (% of GDP),1991,21.1958705871222,HUN
5688,Gross capital formation (% of GDP),1991,27.2480540094488,IBRD only
5689,Gross capital formation (% of GDP),1991,26.4583250798967,IDA & IBRD total
5690,Gross capital formation (% of GDP),1991,21.0488679729279,IDA total
5691,Gross capital formation (% of GDP),1991,,IDA blend
5692,Gross capital formation (% of GDP),1991,31.8694254830288,IDN
5693,Gross capital formation (% of GDP),1991,16.3691567154832,IDA only
5694,Gross capital formation (% of GDP),1991,,IMN
5695,Gross capital formation (% of GDP),1991,25.1405052782292,IND
5696,Gross capital formation (% of GDP),1991,,Not classified
5697,Gross capital formation (% of GDP),1991,19.6727219020647,IRL
5698,Gross capital formation (% of GDP),1991,42.1745793943178,IRN
5699,Gross capital formation (% of GDP),1991,-12.8800799027598,IRQ
5700,Gross capital formation (% of GDP),1991,22.2981044496418,ISL
5701,Gross capital formation (% of GDP),1991,29.0190768445117,ISR
5702,Gross capital formation (% of GDP),1991,22.7927997758163,ITA
5703,Gross capital formation (% of GDP),1991,24.3642758759241,JAM
5704,Gross capital formation (% of GDP),1991,24.9661933739013,JOR
5705,Gross capital formation (% of GDP),1991,35.2116697180349,JPN
5706,Gross capital formation (% of GDP),1991,,KAZ
5707,Gross capital formation (% of GDP),1991,20.9705148585975,KEN
5708,Gross capital formation (% of GDP),1991,15.3513513513514,KGZ
5709,Gross capital formation (% of GDP),1991,,KHM
5710,Gross capital formation (% of GDP),1991,,KIR
5711,Gross capital formation (% of GDP),1991,,KNA
5712,Gross capital formation (% of GDP),1991,41.234017826544,KOR
5713,Gross capital formation (% of GDP),1991,41.8557109673369,KWT
5714,Gross capital formation (% of GDP),1991,19.5823407182073,Latin America & Caribbean (
5715,Gross capital formation (% of GDP),1991,,LAO
5716,Gross capital formation (% of GDP),1991,29.2733383817258,LBN
5717,Gross capital formation (% of GDP),1991,,LBR
5718,Gross capital formation (% of GDP),1991,13.1121255984857,LBY
5719,Gross capital formation (% of GDP),1991,,LCA
5720,Gross capital formation (% of GDP),1991,19.4606433669674,Latin America & Caribbean
5721,Gross capital formation (% of GDP),1991,,Least developed countries: UN classification
5722,Gross capital formation (% of GDP),1991,12.4850228408511,Low income
5723,Gross capital formation (% of GDP),1991,,LIE
5724,Gross capital formation (% of GDP),1991,22.8701875948381,LKA
5725,Gross capital formation (% of GDP),1991,24.1120368214131,Lower middle income
5726,Gross capital formation (% of GDP),1991,25.0243356030809,Low & middle income
5727,Gross capital formation (% of GDP),1991,,LSO
5728,Gross capital formation (% of GDP),1991,29.7965498358064,Late-demographic dividend
5729,Gross capital formation (% of GDP),1991,,LTU
5730,Gross capital formation (% of GDP),1991,26.4145586242013,LUX
5731,Gross capital formation (% of GDP),1991,,LVA
5732,Gross capital formation (% of GDP),1991,27.6162983608733,MAC
5733,Gross capital formation (% of GDP),1991,,MAF
5734,Gross capital formation (% of GDP),1991,27.3221610641672,MAR
5735,Gross capital formation (% of GDP),1991,,MCO
5736,Gross capital formation (% of GDP),1991,,MDA
5737,Gross capital formation (% of GDP),1991,30.6747092543918,MDG
5738,Gross capital formation (% of GDP),1991,,MDV
5739,Gross capital formation (% of GDP),1991,27.5130518184398,AFG
5740,Gross capital formation (% of GDP),1991,23.4262767281749,MEX
5741,Gross capital formation (% of GDP),1991,,MHL
5742,Gross capital formation (% of GDP),1991,25.5644645371194,Middle income
5743,Gross capital formation (% of GDP),1991,16.8078512396694,MKD
5744,Gross capital formation (% of GDP),1991,17.1145319471044,MLI
5745,Gross capital formation (% of GDP),1991,28.960017601087,MLT
5746,Gross capital formation (% of GDP),1991,,MMR
5747,Gross capital formation (% of GDP),1991,29.4073446217935,AFG
5748,Gross capital formation (% of GDP),1991,,MNE
5749,Gross capital formation (% of GDP),1991,30.9643591559953,MNG
5750,Gross capital formation (% of GDP),1991,,MNP
5751,Gross capital formation (% of GDP),1991,31.6011365745236,MOZ
5752,Gross capital formation (% of GDP),1991,14.6338512824731,MRT
5753,Gross capital formation (% of GDP),1991,27.8468258956405,MUS
5754,Gross capital formation (% of GDP),1991,,MWI
5755,Gross capital formation (% of GDP),1991,37.7904739350522,MYS
5756,Gross capital formation (% of GDP),1991,20.0416195036305,North America
5757,Gross capital formation (% of GDP),1991,15.4214866479585,NAM
5758,Gross capital formation (% of GDP),1991,,NCL
5759,Gross capital formation (% of GDP),1991,12.0903747791133,NER
5760,Gross capital formation (% of GDP),1991,,NGA
5761,Gross capital formation (% of GDP),1991,20.7763790214245,NIC
5762,Gross capital formation (% of GDP),1991,23.0045923528186,NLD
5763,Gross capital formation (% of GDP),1991,22.3126060800899,NOR
5764,Gross capital formation (% of GDP),1991,20.2534712966777,NPL
5765,Gross capital formation (% of GDP),1991,,NRU
5766,Gross capital formation (% of GDP),1991,17.5444600945147,NZL
5767,Gross capital formation (% of GDP),1991,24.9712728689627,OECD members
5768,Gross capital formation (% of GDP),1991,13.1867689396227,OMN
5769,Gross capital formation (% of GDP),1991,,Other small states
5770,Gross capital formation (% of GDP),1991,18.8964334705075,PAK
5771,Gross capital formation (% of GDP),1991,24.1073587050035,PAN
5772,Gross capital formation (% of GDP),1991,17.3980924261389,PER
5773,Gross capital formation (% of GDP),1991,19.7170925076743,PHL
5774,Gross capital formation (% of GDP),1991,,PLW
5775,Gross capital formation (% of GDP),1991,27.404592855558,PNG
5776,Gross capital formation (% of GDP),1991,,POL
5777,Gross capital formation (% of GDP),1991,,Pre-demographic dividend
5778,Gross capital formation (% of GDP),1991,15.5975939689221,PRI
5779,Gross capital formation (% of GDP),1991,,PRK
5780,Gross capital formation (% of GDP),1991,25.738680472155,PRT
5781,Gross capital formation (% of GDP),1991,19.1088821478828,PRY
5782,Gross capital formation (% of GDP),1991,,PSE
5783,Gross capital formation (% of GDP),1991,17.9239311920567,Pacific island small states
5784,Gross capital formation (% of GDP),1991,25.0402443727588,Post-demographic dividend
5785,Gross capital formation (% of GDP),1991,,PYF
5786,Gross capital formation (% of GDP),1991,,QAT
5787,Gross capital formation (% of GDP),1991,28.0457371024094,ROU
5788,Gross capital formation (% of GDP),1991,36.2674293886307,RUS
5789,Gross capital formation (% of GDP),1991,14.0217499685173,RWA
5790,Gross capital formation (% of GDP),1991,24.7188081221266,South Asia
5791,Gross capital formation (% of GDP),1991,19.9856212740521,SAU
5792,Gross capital formation (% of GDP),1991,10.512988259954,SDN
5793,Gross capital formation (% of GDP),1991,14.6927405145281,SEN
5794,Gross capital formation (% of GDP),1991,33.9799446925753,SGP
5795,Gross capital formation (% of GDP),1991,9.55132257487468,SLB
5796,Gross capital formation (% of GDP),1991,10.9088699140053,SLE
5797,Gross capital formation (% of GDP),1991,15.4554851564894,SLV
5798,Gross capital formation (% of GDP),1991,,SMR
5799,Gross capital formation (% of GDP),1991,,SOM
5800,Gross capital formation (% of GDP),1991,,SRB
5801,Gross capital formation (% of GDP),1991,22.3597244531561,Sub-Saharan Africa (
5802,Gross capital formation (% of GDP),1991,,SSD
5803,Gross capital formation (% of GDP),1991,22.0788094364584,Sub-Saharan Africa
5804,Gross capital formation (% of GDP),1991,,Small states
5805,Gross capital formation (% of GDP),1991,,STP
5806,Gross capital formation (% of GDP),1991,,SUR
5807,Gross capital formation (% of GDP),1991,28.1067038693956,SVK
5808,Gross capital formation (% of GDP),1991,17.1814162058285,SVN
5809,Gross capital formation (% of GDP),1991,24.6550093013903,SWE
5810,Gross capital formation (% of GDP),1991,,SWZ
5811,Gross capital formation (% of GDP),1991,,SXM
5812,Gross capital formation (% of GDP),1991,22.0366510941658,SYC
5813,Gross capital formation (% of GDP),1991,,SYR
5814,Gross capital formation (% of GDP),1991,,TCA
5815,Gross capital formation (% of GDP),1991,6.54307025873686,TCD
5816,Gross capital formation (% of GDP),1991,34.7433746507125,East Asia & Pacific (IDA & IBRD countries)
5817,Gross capital formation (% of GDP),1991,33.1964389248001,Europe & Central Asia (IDA & IBRD countries)
5818,Gross capital formation (% of GDP),1991,37.4254388530191,TGO
5819,Gross capital formation (% of GDP),1991,42.8413775479448,THA
5820,Gross capital formation (% of GDP),1991,,TJK
5821,Gross capital formation (% of GDP),1991,45.7627118644068,TKM
5822,Gross capital formation (% of GDP),1991,19.6898402999538,Latin America & the Caribbean (IDA & IBRD countries)
5823,Gross capital formation (% of GDP),1991,,TLS
5824,Gross capital formation (% of GDP),1991,29.2097024540147,AFG
5825,Gross capital formation (% of GDP),1991,16.7380346766854,TON
5826,Gross capital formation (% of GDP),1991,24.7188081221266,South Asia (IDA & IBRD)
5827,Gross capital formation (% of GDP),1991,22.0788094364584,Sub-Saharan Africa (IDA & IBRD countries)
5828,Gross capital formation (% of GDP),1991,,TTO
5829,Gross capital formation (% of GDP),1991,25.9884610268688,TUN
5830,Gross capital formation (% of GDP),1991,22.7120396231239,TUR
5831,Gross capital formation (% of GDP),1991,,TUV
5832,Gross capital formation (% of GDP),1991,18.1352206240194,TZA
5833,Gross capital formation (% of GDP),1991,15.1712651209099,UGA
5834,Gross capital formation (% of GDP),1991,26.3879598662207,UKR
5835,Gross capital formation (% of GDP),1991,26.1306889275226,Upper middle income
5836,Gross capital formation (% of GDP),1991,15.1253447103372,URY
5837,Gross capital formation (% of GDP),1991,20.1106212617501,USA
5838,Gross capital formation (% of GDP),1991,,UZB
5839,Gross capital formation (% of GDP),1991,,VCT
5840,Gross capital formation (% of GDP),1991,18.0744838175705,VEN
5841,Gross capital formation (% of GDP),1991,,VGB
5842,Gross capital formation (% of GDP),1991,,VIR
5843,Gross capital formation (% of GDP),1991,,VNM
5844,Gross capital formation (% of GDP),1991,24.4563042028019,VUT
5845,Gross capital formation (% of GDP),1991,25.4110499212401,World
5846,Gross capital formation (% of GDP),1991,,WSM
5847,Gross capital formation (% of GDP),1991,,XKX
5848,Gross capital formation (% of GDP),1991,,YEM
5849,Gross capital formation (% of GDP),1991,17.8354850806236,ZAF
5850,Gross capital formation (% of GDP),1991,,ZMB
5851,Gross capital formation (% of GDP),1991,19.1033998255183,ZWE
5852,Gross capital formation (% of GDP),1992,,ABW
5853,Gross capital formation (% of GDP),1992,,Africa Eastern and Southern
5854,Gross capital formation (% of GDP),1992,,AFG
5855,Gross capital formation (% of GDP),1992,,Africa Western and Central
5856,Gross capital formation (% of GDP),1992,,AGO
5857,Gross capital formation (% of GDP),1992,5.65668410228241,ALB
5858,Gross capital formation (% of GDP),1992,,AND
5859,Gross capital formation (% of GDP),1992,22.4453283572797,Arab World
5860,Gross capital formation (% of GDP),1992,,ARE
5861,Gross capital formation (% of GDP),1992,16.7024057741857,ARG
5862,Gross capital formation (% of GDP),1992,1.6312582610658,ARM
5863,Gross capital formation (% of GDP),1992,,ASM
5864,Gross capital formation (% of GDP),1992,,ATG
5865,Gross capital formation (% of GDP),1992,22.3457285957286,AUS
5866,Gross capital formation (% of GDP),1992,26.5363693813937,AUT
5867,Gross capital formation (% of GDP),1992,-0.692931681915313,AZE
5868,Gross capital formation (% of GDP),1992,10.6382980656783,BDI
5869,Gross capital formation (% of GDP),1992,22.5925252624135,BEL
5870,Gross capital formation (% of GDP),1992,13.6211087439991,BEN
5871,Gross capital formation (% of GDP),1992,19.3024334654199,BFA
5872,Gross capital formation (% of GDP),1992,17.3050292766937,BGD
5873,Gross capital formation (% of GDP),1992,19.8889442231076,BGR
5874,Gross capital formation (% of GDP),1992,25.870904237088,BHR
5875,Gross capital formation (% of GDP),1992,27.8613702155034,BHS
5876,Gross capital formation (% of GDP),1992,,BIH
5877,Gross capital formation (% of GDP),1992,31.5217391304348,BLR
5878,Gross capital formation (% of GDP),1992,23.1238779174147,BLZ
5879,Gross capital formation (% of GDP),1992,,BMU
5880,Gross capital formation (% of GDP),1992,16.7043358669022,BOL
5881,Gross capital formation (% of GDP),1992,18.9345399423489,BRA
5882,Gross capital formation (% of GDP),1992,,BRB
5883,Gross capital formation (% of GDP),1992,15.3763343039105,BRN
5884,Gross capital formation (% of GDP),1992,39.9853761229255,BTN
5885,Gross capital formation (% of GDP),1992,30.4193006321517,BWA
5886,Gross capital formation (% of GDP),1992,12.402501317821,CAF
5887,Gross capital formation (% of GDP),1992,18.377419839763,CAN
5888,Gross capital formation (% of GDP),1992,,Central Europe and the Baltics
5889,Gross capital formation (% of GDP),1992,28.9646035109986,CHE
5890,Gross capital formation (% of GDP),1992,,Channel Islands
5891,Gross capital formation (% of GDP),1992,24.8635574680026,CHL
5892,Gross capital formation (% of GDP),1992,39.3081668840399,CHN
5893,Gross capital formation (% of GDP),1992,6.92388460182044,CIV
5894,Gross capital formation (% of GDP),1992,14.3053862792332,CMR
5895,Gross capital formation (% of GDP),1992,,COD
5896,Gross capital formation (% of GDP),1992,21.5996908809892,COG
5897,Gross capital formation (% of GDP),1992,20.5545014602291,COL
5898,Gross capital formation (% of GDP),1992,18.0423355855484,COM
5899,Gross capital formation (% of GDP),1992,,CPV
5900,Gross capital formation (% of GDP),1992,20.4335201018738,CRI
5901,Gross capital formation (% of GDP),1992,,Caribbean small states
5902,Gross capital formation (% of GDP),1992,6.54495917471368,CUB
5903,Gross capital formation (% of GDP),1992,,CUW
5904,Gross capital formation (% of GDP),1992,,CYM
5905,Gross capital formation (% of GDP),1992,28.6989594160607,CYP
5906,Gross capital formation (% of GDP),1992,25.3890238994575,CZE
5907,Gross capital formation (% of GDP),1992,25.6374386656452,DEU
5908,Gross capital formation (% of GDP),1992,,DJI
5909,Gross capital formation (% of GDP),1992,,DMA
5910,Gross capital formation (% of GDP),1992,18.923380103226,DNK
5911,Gross capital formation (% of GDP),1992,18.7912677867218,DOM
5912,Gross capital formation (% of GDP),1992,30.7574894245852,DZA
5913,Gross capital formation (% of GDP),1992,35.9871883782207,East Asia & Pacific (
5914,Gross capital formation (% of GDP),1992,23.7136759653019,Early-demographic dividend
5915,Gross capital formation (% of GDP),1992,33.2467628565937,East Asia & Pacific
5916,Gross capital formation (% of GDP),1992,26.6297704599683,Europe & Central Asia (
5917,Gross capital formation (% of GDP),1992,23.7067473222826,Europe & Central Asia
5918,Gross capital formation (% of GDP),1992,18.5671580687204,ECU
5919,Gross capital formation (% of GDP),1992,19.4823867721064,EGY
5920,Gross capital formation (% of GDP),1992,23.5819075099531,Euro area
5921,Gross capital formation (% of GDP),1992,7.81085654182101,ERI
5922,Gross capital formation (% of GDP),1992,24.0663837338676,ESP
5923,Gross capital formation (% of GDP),1992,,EST
5924,Gross capital formation (% of GDP),1992,0.0,ETH
5925,Gross capital formation (% of GDP),1992,23.5038875604393,European Union
5926,Gross capital formation (% of GDP),1992,,Fragile and conflict affected situations
5927,Gross capital formation (% of GDP),1992,21.071875073715,FIN
5928,Gross capital formation (% of GDP),1992,13.3391194859326,FJI
5929,Gross capital formation (% of GDP),1992,21.8057009887396,FRA
5930,Gross capital formation (% of GDP),1992,,FRO
5931,Gross capital formation (% of GDP),1992,,FSM
5932,Gross capital formation (% of GDP),1992,22.4251144731331,GAB
5933,Gross capital formation (% of GDP),1992,19.0075120877159,GBR
5934,Gross capital formation (% of GDP),1992,23.3914209115282,GEO
5935,Gross capital formation (% of GDP),1992,12.8,GHA
5936,Gross capital formation (% of GDP),1992,,GIB
5937,Gross capital formation (% of GDP),1992,12.0355105900094,GIN
5938,Gross capital formation (% of GDP),1992,24.7893296900346,GMB
5939,Gross capital formation (% of GDP),1992,48.1099242666037,GNB
5940,Gross capital formation (% of GDP),1992,,GNQ
5941,Gross capital formation (% of GDP),1992,23.4523761337906,GRC
5942,Gross capital formation (% of GDP),1992,,GRD
5943,Gross capital formation (% of GDP),1992,,GRL
5944,Gross capital formation (% of GDP),1992,18.3253187154602,GTM
5945,Gross capital formation (% of GDP),1992,,GUM
5946,Gross capital formation (% of GDP),1992,51.7513262292977,GUY
5947,Gross capital formation (% of GDP),1992,24.541491982455,High income
5948,Gross capital formation (% of GDP),1992,28.176873613916,HKG
5949,Gross capital formation (% of GDP),1992,23.7987718794663,HND
5950,Gross capital formation (% of GDP),1992,16.4507371158551,Heavily indebted poor countries (HIPC)
5951,Gross capital formation (% of GDP),1992,,HRV
5952,Gross capital formation (% of GDP),1992,22.1202164669501,HTI
5953,Gross capital formation (% of GDP),1992,16.6599937556592,HUN
5954,Gross capital formation (% of GDP),1992,27.5832402844652,IBRD only
5955,Gross capital formation (% of GDP),1992,27.0479057914702,IDA & IBRD total
5956,Gross capital formation (% of GDP),1992,22.0397361164179,IDA total
5957,Gross capital formation (% of GDP),1992,,IDA blend
5958,Gross capital formation (% of GDP),1992,30.1758273386831,IDN
5959,Gross capital formation (% of GDP),1992,17.2301170404499,IDA only
5960,Gross capital formation (% of GDP),1992,,IMN
5961,Gross capital formation (% of GDP),1992,27.44020415513,IND
5962,Gross capital formation (% of GDP),1992,,Not classified
5963,Gross capital formation (% of GDP),1992,16.6369288990548,IRL
5964,Gross capital formation (% of GDP),1992,42.1998932886672,IRN
5965,Gross capital formation (% of GDP),1992,31.790990058067,IRQ
5966,Gross capital formation (% of GDP),1992,20.1530390092563,ISL
5967,Gross capital formation (% of GDP),1992,28.7580516252425,ISR
5968,Gross capital formation (% of GDP),1992,22.1446366084139,ITA
5969,Gross capital formation (% of GDP),1992,29.8285589091991,JAM
5970,Gross capital formation (% of GDP),1992,33.4810547307778,JOR
5971,Gross capital formation (% of GDP),1992,33.5372495939791,JPN
5972,Gross capital formation (% of GDP),1992,31.5091210613599,KAZ
5973,Gross capital formation (% of GDP),1992,16.9208390832406,KEN
5974,Gross capital formation (% of GDP),1992,19.9244570349386,KGZ
5975,Gross capital formation (% of GDP),1992,,KHM
5976,Gross capital formation (% of GDP),1992,,KIR
5977,Gross capital formation (% of GDP),1992,,KNA
5978,Gross capital formation (% of GDP),1992,38.7383404530073,KOR
5979,Gross capital formation (% of GDP),1992,22.3633412449439,KWT
5980,Gross capital formation (% of GDP),1992,19.7581544568909,Latin America & Caribbean (
5981,Gross capital formation (% of GDP),1992,,LAO
5982,Gross capital formation (% of GDP),1992,29.2733383826505,LBN
5983,Gross capital formation (% of GDP),1992,,LBR
5984,Gross capital formation (% of GDP),1992,12.1507179540929,LBY
5985,Gross capital formation (% of GDP),1992,,LCA
5986,Gross capital formation (% of GDP),1992,19.9626906115498,Latin America & Caribbean
5987,Gross capital formation (% of GDP),1992,,Least developed countries: UN classification
5988,Gross capital formation (% of GDP),1992,12.1709477610812,Low income
5989,Gross capital formation (% of GDP),1992,,LIE
5990,Gross capital formation (% of GDP),1992,24.2753648746834,LKA
5991,Gross capital formation (% of GDP),1992,25.9019475510151,Lower middle income
5992,Gross capital formation (% of GDP),1992,26.0435644512692,Low & middle income
5993,Gross capital formation (% of GDP),1992,,LSO
5994,Gross capital formation (% of GDP),1992,29.6848324359986,Late-demographic dividend
5995,Gross capital formation (% of GDP),1992,,LTU
5996,Gross capital formation (% of GDP),1992,22.9760003027068,LUX
5997,Gross capital formation (% of GDP),1992,,LVA
5998,Gross capital formation (% of GDP),1992,32.0299139845325,MAC
5999,Gross capital formation (% of GDP),1992,,MAF
6000,Gross capital formation (% of GDP),1992,27.7103685909534,MAR
6001,Gross capital formation (% of GDP),1992,,MCO
6002,Gross capital formation (% of GDP),1992,,MDA
6003,Gross capital formation (% of GDP),1992,36.093866863912,MDG
6004,Gross capital formation (% of GDP),1992,,MDV
6005,Gross capital formation (% of GDP),1992,27.0477650100408,AFG
6006,Gross capital formation (% of GDP),1992,23.3205990261669,MEX
6007,Gross capital formation (% of GDP),1992,,MHL
6008,Gross capital formation (% of GDP),1992,26.4097851584781,Middle income
6009,Gross capital formation (% of GDP),1992,14.7211026922457,MKD
6010,Gross capital formation (% of GDP),1992,20.8183329219486,MLI
6011,Gross capital formation (% of GDP),1992,25.2780440388457,MLT
6012,Gross capital formation (% of GDP),1992,,MMR
6013,Gross capital formation (% of GDP),1992,28.2766762414995,AFG
6014,Gross capital formation (% of GDP),1992,,MNE
6015,Gross capital formation (% of GDP),1992,25.6548697879487,MNG
6016,Gross capital formation (% of GDP),1992,,MNP
6017,Gross capital formation (% of GDP),1992,34.8577791542607,MOZ
6018,Gross capital formation (% of GDP),1992,14.4443502118254,MRT
6019,Gross capital formation (% of GDP),1992,28.6807204786962,MUS
6020,Gross capital formation (% of GDP),1992,,MWI
6021,Gross capital formation (% of GDP),1992,35.3625515987311,MYS
6022,Gross capital formation (% of GDP),1992,19.9362316285899,North America
6023,Gross capital formation (% of GDP),1992,18.4509600248293,NAM
6024,Gross capital formation (% of GDP),1992,,NCL
6025,Gross capital formation (% of GDP),1992,8.50126215541979,NER
6026,Gross capital formation (% of GDP),1992,,NGA
6027,Gross capital formation (% of GDP),1992,20.9248103525212,NIC
6028,Gross capital formation (% of GDP),1992,22.9958118547438,NLD
6029,Gross capital formation (% of GDP),1992,21.6355324667658,NOR
6030,Gross capital formation (% of GDP),1992,20.7046617738733,NPL
6031,Gross capital formation (% of GDP),1992,,NRU
6032,Gross capital formation (% of GDP),1992,18.6659858300887,NZL
6033,Gross capital formation (% of GDP),1992,24.1994093053908,OECD members
6034,Gross capital formation (% of GDP),1992,14.3574886313628,OMN
6035,Gross capital formation (% of GDP),1992,,Other small states
6036,Gross capital formation (% of GDP),1992,20.1334835745861,PAK
6037,Gross capital formation (% of GDP),1992,29.7586645733615,PAN
6038,Gross capital formation (% of GDP),1992,17.784731115296,PER
6039,Gross capital formation (% of GDP),1992,20.7483312409355,PHL
6040,Gross capital formation (% of GDP),1992,,PLW
6041,Gross capital formation (% of GDP),1992,23.3033388586313,PNG
6042,Gross capital formation (% of GDP),1992,,POL
6043,Gross capital formation (% of GDP),1992,,Pre-demographic dividend
6044,Gross capital formation (% of GDP),1992,15.4534610167994,PRI
6045,Gross capital formation (% of GDP),1992,,PRK
6046,Gross capital formation (% of GDP),1992,24.9460022225038,PRT
6047,Gross capital formation (% of GDP),1992,18.4930645370958,PRY
6048,Gross capital formation (% of GDP),1992,,PSE
6049,Gross capital formation (% of GDP),1992,15.5857419137686,Pacific island small states
6050,Gross capital formation (% of GDP),1992,24.3016560390137,Post-demographic dividend
6051,Gross capital formation (% of GDP),1992,,PYF
6052,Gross capital formation (% of GDP),1992,,QAT
6053,Gross capital formation (% of GDP),1992,31.405493266105,ROU
6054,Gross capital formation (% of GDP),1992,34.6133613887428,RUS
6055,Gross capital formation (% of GDP),1992,15.6340960424373,RWA
6056,Gross capital formation (% of GDP),1992,26.8776334267627,South Asia
6057,Gross capital formation (% of GDP),1992,22.963649750484,SAU
6058,Gross capital formation (% of GDP),1992,12.3698610342809,SDN
6059,Gross capital formation (% of GDP),1992,15.3394151148933,SEN
6060,Gross capital formation (% of GDP),1992,35.5156959121622,SGP
6061,Gross capital formation (% of GDP),1992,7.87041538782995,SLB
6062,Gross capital formation (% of GDP),1992,8.36977422841006,SLE
6063,Gross capital formation (% of GDP),1992,18.8329726464859,SLV
6064,Gross capital formation (% of GDP),1992,,SMR
6065,Gross capital formation (% of GDP),1992,,SOM
6066,Gross capital formation (% of GDP),1992,,SRB
6067,Gross capital formation (% of GDP),1992,22.0458758054258,Sub-Saharan Africa (
6068,Gross capital formation (% of GDP),1992,,SSD
6069,Gross capital formation (% of GDP),1992,21.8759951957983,Sub-Saharan Africa
6070,Gross capital formation (% of GDP),1992,,Small states
6071,Gross capital formation (% of GDP),1992,,STP
6072,Gross capital formation (% of GDP),1992,,SUR
6073,Gross capital formation (% of GDP),1992,25.9816664070658,SVK
6074,Gross capital formation (% of GDP),1992,17.8660812435688,SVN
6075,Gross capital formation (% of GDP),1992,22.6705414477886,SWE
6076,Gross capital formation (% of GDP),1992,,SWZ
6077,Gross capital formation (% of GDP),1992,,SXM
6078,Gross capital formation (% of GDP),1992,21.2917079085588,SYC
6079,Gross capital formation (% of GDP),1992,,SYR
6080,Gross capital formation (% of GDP),1992,,TCA
6081,Gross capital formation (% of GDP),1992,7.46811391470718,TCD
6082,Gross capital formation (% of GDP),1992,35.9841452025828,East Asia & Pacific (IDA & IBRD countries)
6083,Gross capital formation (% of GDP),1992,32.5455946933141,Europe & Central Asia (IDA & IBRD countries)
6084,Gross capital formation (% of GDP),1992,36.6292329480502,TGO
6085,Gross capital formation (% of GDP),1992,39.9639476511796,THA
6086,Gross capital formation (% of GDP),1992,,TJK
6087,Gross capital formation (% of GDP),1992,,TKM
6088,Gross capital formation (% of GDP),1992,20.33934769156,Latin America & the Caribbean (IDA & IBRD countries)
6089,Gross capital formation (% of GDP),1992,,TLS
6090,Gross capital formation (% of GDP),1992,28.0866331192174,AFG
6091,Gross capital formation (% of GDP),1992,17.727819239393,TON
6092,Gross capital formation (% of GDP),1992,26.8776334267627,South Asia (IDA & IBRD)
6093,Gross capital formation (% of GDP),1992,21.8759951957983,Sub-Saharan Africa (IDA & IBRD countries)
6094,Gross capital formation (% of GDP),1992,,TTO
6095,Gross capital formation (% of GDP),1992,29.1942097506165,TUN
6096,Gross capital formation (% of GDP),1992,23.3622714401738,TUR
6097,Gross capital formation (% of GDP),1992,,TUV
6098,Gross capital formation (% of GDP),1992,18.7525701085471,TZA
6099,Gross capital formation (% of GDP),1992,15.9389277365969,UGA
6100,Gross capital formation (% of GDP),1992,34.4506258692629,UKR
6101,Gross capital formation (% of GDP),1992,26.7202881798839,Upper middle income
6102,Gross capital formation (% of GDP),1992,15.3848955969299,URY
6103,Gross capital formation (% of GDP),1992,20.0775666619174,USA
6104,Gross capital formation (% of GDP),1992,43.9301488105631,UZB
6105,Gross capital formation (% of GDP),1992,,VCT
6106,Gross capital formation (% of GDP),1992,22.9548082371391,VEN
6107,Gross capital formation (% of GDP),1992,,VGB
6108,Gross capital formation (% of GDP),1992,,VIR
6109,Gross capital formation (% of GDP),1992,,VNM
6110,Gross capital formation (% of GDP),1992,19.7730819520014,VUT
6111,Gross capital formation (% of GDP),1992,24.873503938955,World
6112,Gross capital formation (% of GDP),1992,,WSM
6113,Gross capital formation (% of GDP),1992,,XKX
6114,Gross capital formation (% of GDP),1992,,YEM
6115,Gross capital formation (% of GDP),1992,15.7145549853145,ZAF
6116,Gross capital formation (% of GDP),1992,,ZMB
6117,Gross capital formation (% of GDP),1992,20.2372646961355,ZWE
6118,Gross capital formation (% of GDP),1993,,ABW
6119,Gross capital formation (% of GDP),1993,,Africa Eastern and Southern
6120,Gross capital formation (% of GDP),1993,,AFG
6121,Gross capital formation (% of GDP),1993,,Africa Western and Central
6122,Gross capital formation (% of GDP),1993,,AGO
6123,Gross capital formation (% of GDP),1993,13.6761374504386,ALB
6124,Gross capital formation (% of GDP),1993,,AND
6125,Gross capital formation (% of GDP),1993,22.8372582865617,Arab World
6126,Gross capital formation (% of GDP),1993,,ARE
6127,Gross capital formation (% of GDP),1993,19.6881104233422,ARG
6128,Gross capital formation (% of GDP),1993,9.8722030338445,ARM
6129,Gross capital formation (% of GDP),1993,,ASM
6130,Gross capital formation (% of GDP),1993,,ATG
6131,Gross capital formation (% of GDP),1993,23.6020160772935,AUS
6132,Gross capital formation (% of GDP),1993,25.5676488572243,AUT
6133,Gross capital formation (% of GDP),1993,21.7974522292994,AZE
6134,Gross capital formation (% of GDP),1993,11.5401492793869,BDI
6135,Gross capital formation (% of GDP),1993,21.9318894363435,BEL
6136,Gross capital formation (% of GDP),1993,16.0581365080412,BEN
6137,Gross capital formation (% of GDP),1993,19.459397383889,BFA
6138,Gross capital formation (% of GDP),1993,17.9468320109013,BGD
6139,Gross capital formation (% of GDP),1993,15.2820341251255,BGR
6140,Gross capital formation (% of GDP),1993,16.0977766087387,BHR
6141,Gross capital formation (% of GDP),1993,23.3395860284605,BHS
6142,Gross capital formation (% of GDP),1993,,BIH
6143,Gross capital formation (% of GDP),1993,41.0152284263959,BLR
6144,Gross capital formation (% of GDP),1993,25.1046025104602,BLZ
6145,Gross capital formation (% of GDP),1993,,BMU
6146,Gross capital formation (% of GDP),1993,16.5637752364324,BOL
6147,Gross capital formation (% of GDP),1993,20.8463552065145,BRA
6148,Gross capital formation (% of GDP),1993,,BRB
6149,Gross capital formation (% of GDP),1993,19.6242738311305,BRN
6150,Gross capital formation (% of GDP),1993,41.0868079846613,BTN
6151,Gross capital formation (% of GDP),1993,28.7795309764933,BWA
6152,Gross capital formation (% of GDP),1993,10.5784818131858,CAF
6153,Gross capital formation (% of GDP),1993,18.4749885213182,CAN
6154,Gross capital formation (% of GDP),1993,,Central Europe and the Baltics
6155,Gross capital formation (% of GDP),1993,27.5820508505769,CHE
6156,Gross capital formation (% of GDP),1993,,Channel Islands
6157,Gross capital formation (% of GDP),1993,27.7812912604082,CHL
6158,Gross capital formation (% of GDP),1993,43.4763551900211,CHN
6159,Gross capital formation (% of GDP),1993,9.79307108436347,CIV
6160,Gross capital formation (% of GDP),1993,13.7616244323822,CMR
6161,Gross capital formation (% of GDP),1993,,COD
6162,Gross capital formation (% of GDP),1993,29.4961189317195,COG
6163,Gross capital formation (% of GDP),1993,24.9421331103752,COL
6164,Gross capital formation (% of GDP),1993,18.0423449367582,COM
6165,Gross capital formation (% of GDP),1993,,CPV
6166,Gross capital formation (% of GDP),1993,21.0288008483041,CRI
6167,Gross capital formation (% of GDP),1993,,Caribbean small states
6168,Gross capital formation (% of GDP),1993,6.39438192725822,CUB
6169,Gross capital formation (% of GDP),1993,,CUW
6170,Gross capital formation (% of GDP),1993,,CYM
6171,Gross capital formation (% of GDP),1993,24.0877025597726,CYP
6172,Gross capital formation (% of GDP),1993,26.4647230849772,CZE
6173,Gross capital formation (% of GDP),1993,24.1533795395313,DEU
6174,Gross capital formation (% of GDP),1993,,DJI
6175,Gross capital formation (% of GDP),1993,,DMA
6176,Gross capital formation (% of GDP),1993,17.3548958584816,DNK
6177,Gross capital formation (% of GDP),1993,19.758137929436,DOM
6178,Gross capital formation (% of GDP),1993,29.0909081133635,DZA
6179,Gross capital formation (% of GDP),1993,37.9559849464543,East Asia & Pacific (
6180,Gross capital formation (% of GDP),1993,22.5595578452789,Early-demographic dividend
6181,Gross capital formation (% of GDP),1993,32.4167952482405,East Asia & Pacific
6182,Gross capital formation (% of GDP),1993,26.8022358909265,Europe & Central Asia (
6183,Gross capital formation (% of GDP),1993,21.8185462535986,Europe & Central Asia
6184,Gross capital formation (% of GDP),1993,17.0310040842616,ECU
6185,Gross capital formation (% of GDP),1993,19.8453608247423,EGY
6186,Gross capital formation (% of GDP),1993,21.6494143958277,Euro area
6187,Gross capital formation (% of GDP),1993,16.9950134881059,ERI
6188,Gross capital formation (% of GDP),1993,21.4639090625489,ESP
6189,Gross capital formation (% of GDP),1993,25.9798021372351,EST
6190,Gross capital formation (% of GDP),1993,0.0,ETH
6191,Gross capital formation (% of GDP),1993,21.5294562218682,European Union
6192,Gross capital formation (% of GDP),1993,,Fragile and conflict affected situations
6193,Gross capital formation (% of GDP),1993,18.6053031187945,FIN
6194,Gross capital formation (% of GDP),1993,17.5662675916749,FJI
6195,Gross capital formation (% of GDP),1993,19.2950345538123,FRA
6196,Gross capital formation (% of GDP),1993,,FRO
6197,Gross capital formation (% of GDP),1993,,FSM
6198,Gross capital formation (% of GDP),1993,22.448524189334,GAB
6199,Gross capital formation (% of GDP),1993,18.5480091390268,GBR
6200,Gross capital formation (% of GDP),1993,5.99991461800706,GEO
6201,Gross capital formation (% of GDP),1993,22.2101701918855,GHA
6202,Gross capital formation (% of GDP),1993,,GIB
6203,Gross capital formation (% of GDP),1993,12.1794307586093,GIN
6204,Gross capital formation (% of GDP),1993,5.27775613441201,GMB
6205,Gross capital formation (% of GDP),1993,30.8574690279429,GNB
6206,Gross capital formation (% of GDP),1993,,GNQ
6207,Gross capital formation (% of GDP),1993,22.3191586477357,GRC
6208,Gross capital formation (% of GDP),1993,,GRD
6209,Gross capital formation (% of GDP),1993,,GRL
6210,Gross capital formation (% of GDP),1993,17.2462854326623,GTM
6211,Gross capital formation (% of GDP),1993,,GUM
6212,Gross capital formation (% of GDP),1993,40.4281413639131,GUY
6213,Gross capital formation (% of GDP),1993,23.7794347478658,High income
6214,Gross capital formation (% of GDP),1993,27.2498684224659,HKG
6215,Gross capital formation (% of GDP),1993,30.7610464303924,HND
6216,Gross capital formation (% of GDP),1993,16.5083525809006,Heavily indebted poor countries (HIPC)
6217,Gross capital formation (% of GDP),1993,,HRV
6218,Gross capital formation (% of GDP),1993,13.8373197478629,HTI
6219,Gross capital formation (% of GDP),1993,20.679039803699,HUN
6220,Gross capital formation (% of GDP),1993,26.6282575446257,IBRD only
6221,Gross capital formation (% of GDP),1993,26.0653914484111,IDA & IBRD total
6222,Gross capital formation (% of GDP),1993,20.1595893430312,IDA total
6223,Gross capital formation (% of GDP),1993,,IDA blend
6224,Gross capital formation (% of GDP),1993,28.2806731118536,IDN
6225,Gross capital formation (% of GDP),1993,16.8175934628744,IDA only
6226,Gross capital formation (% of GDP),1993,,IMN
6227,Gross capital formation (% of GDP),1993,22.716410511618,IND
6228,Gross capital formation (% of GDP),1993,,Not classified
6229,Gross capital formation (% of GDP),1993,15.4691943027022,IRL
6230,Gross capital formation (% of GDP),1993,30.3952910249667,IRN
6231,Gross capital formation (% of GDP),1993,59.3409418837862,IRQ
6232,Gross capital formation (% of GDP),1993,18.8254597877238,ISL
6233,Gross capital formation (% of GDP),1993,29.472681957864,ISR
6234,Gross capital formation (% of GDP),1993,19.5826008577128,ITA
6235,Gross capital formation (% of GDP),1993,25.2619324796275,JAM
6236,Gross capital formation (% of GDP),1993,36.6285655442282,JOR
6237,Gross capital formation (% of GDP),1993,31.7683446786091,JPN
6238,Gross capital formation (% of GDP),1993,20.0250823332688,KAZ
6239,Gross capital formation (% of GDP),1993,17.6104350597216,KEN
6240,Gross capital formation (% of GDP),1993,11.6663865389284,KGZ
6241,Gross capital formation (% of GDP),1993,11.8804071012224,KHM
6242,Gross capital formation (% of GDP),1993,,KIR
6243,Gross capital formation (% of GDP),1993,,KNA
6244,Gross capital formation (% of GDP),1993,37.6542961146489,KOR
6245,Gross capital formation (% of GDP),1993,17.1915420607294,KWT
6246,Gross capital formation (% of GDP),1993,21.1886723365407,Latin America & Caribbean (
6247,Gross capital formation (% of GDP),1993,,LAO
6248,Gross capital formation (% of GDP),1993,31.0363960022752,LBN
6249,Gross capital formation (% of GDP),1993,,LBR
6250,Gross capital formation (% of GDP),1993,16.2805400771539,LBY
6251,Gross capital formation (% of GDP),1993,,LCA
6252,Gross capital formation (% of GDP),1993,21.1296372297301,Latin America & Caribbean
6253,Gross capital formation (% of GDP),1993,,Least developed countries: UN classification
6254,Gross capital formation (% of GDP),1993,10.2553060647175,Low income
6255,Gross capital formation (% of GDP),1993,,LIE
6256,Gross capital formation (% of GDP),1993,25.557234794271,LKA
6257,Gross capital formation (% of GDP),1993,23.2562749893837,Lower middle income
6258,Gross capital formation (% of GDP),1993,26.0266216069705,Low & middle income
6259,Gross capital formation (% of GDP),1993,,LSO
6260,Gross capital formation (% of GDP),1993,29.1778424073606,Late-demographic dividend
6261,Gross capital formation (% of GDP),1993,,LTU
6262,Gross capital formation (% of GDP),1993,23.148090454583,LUX
6263,Gross capital formation (% of GDP),1993,,LVA
6264,Gross capital formation (% of GDP),1993,31.9842271992202,MAC
6265,Gross capital formation (% of GDP),1993,,MAF
6266,Gross capital formation (% of GDP),1993,26.474195560737,MAR
6267,Gross capital formation (% of GDP),1993,,MCO
6268,Gross capital formation (% of GDP),1993,,MDA
6269,Gross capital formation (% of GDP),1993,37.8751249459515,MDG
6270,Gross capital formation (% of GDP),1993,,MDV
6271,Gross capital formation (% of GDP),1993,24.3063007286861,AFG
6272,Gross capital formation (% of GDP),1993,22.6240306711262,MEX
6273,Gross capital formation (% of GDP),1993,,MHL
6274,Gross capital formation (% of GDP),1993,26.4396350180157,Middle income
6275,Gross capital formation (% of GDP),1993,15.2046341972908,MKD
6276,Gross capital formation (% of GDP),1993,15.4644452159437,MLI
6277,Gross capital formation (% of GDP),1993,27.3768837797339,MLT
6278,Gross capital formation (% of GDP),1993,,MMR
6279,Gross capital formation (% of GDP),1993,23.417804378347,AFG
6280,Gross capital formation (% of GDP),1993,,MNE
6281,Gross capital formation (% of GDP),1993,21.0659575413413,MNG
6282,Gross capital formation (% of GDP),1993,,MNP
6283,Gross capital formation (% of GDP),1993,34.0763948960849,MOZ
6284,Gross capital formation (% of GDP),1993,10.0105901734436,MRT
6285,Gross capital formation (% of GDP),1993,30.1338286202766,MUS
6286,Gross capital formation (% of GDP),1993,,MWI
6287,Gross capital formation (% of GDP),1993,39.1837113952867,MYS
6288,Gross capital formation (% of GDP),1993,20.2447763110997,North America
6289,Gross capital formation (% of GDP),1993,15.2887662020072,NAM
6290,Gross capital formation (% of GDP),1993,,NCL
6291,Gross capital formation (% of GDP),1993,6.5313439333274,NER
6292,Gross capital formation (% of GDP),1993,,NGA
6293,Gross capital formation (% of GDP),1993,19.4660216754268,NIC
6294,Gross capital formation (% of GDP),1993,20.9693925297175,NLD
6295,Gross capital formation (% of GDP),1993,22.1558076270661,NOR
6296,Gross capital formation (% of GDP),1993,22.5708951400827,NPL
6297,Gross capital formation (% of GDP),1993,,NRU
6298,Gross capital formation (% of GDP),1993,21.2249482707656,NZL
6299,Gross capital formation (% of GDP),1993,23.5933591922779,OECD members
6300,Gross capital formation (% of GDP),1993,15.3940346516558,OMN
6301,Gross capital formation (% of GDP),1993,24.2409351080204,Other small states
6302,Gross capital formation (% of GDP),1993,20.6850030820741,PAK
6303,Gross capital formation (% of GDP),1993,31.0611952603387,PAN
6304,Gross capital formation (% of GDP),1993,19.0714045693532,PER
6305,Gross capital formation (% of GDP),1993,23.1855368033691,PHL
6306,Gross capital formation (% of GDP),1993,,PLW
6307,Gross capital formation (% of GDP),1993,17.6347311540753,PNG
6308,Gross capital formation (% of GDP),1993,,POL
6309,Gross capital formation (% of GDP),1993,,Pre-demographic dividend
6310,Gross capital formation (% of GDP),1993,16.0490407247015,PRI
6311,Gross capital formation (% of GDP),1993,,PRK
6312,Gross capital formation (% of GDP),1993,22.1454534250659,PRT
6313,Gross capital formation (% of GDP),1993,19.6686179608213,PRY
6314,Gross capital formation (% of GDP),1993,,PSE
6315,Gross capital formation (% of GDP),1993,19.3508117669791,Pacific island small states
6316,Gross capital formation (% of GDP),1993,23.6676884746053,Post-demographic dividend
6317,Gross capital formation (% of GDP),1993,,PYF
6318,Gross capital formation (% of GDP),1993,,QAT
6319,Gross capital formation (% of GDP),1993,28.9277193823057,ROU
6320,Gross capital formation (% of GDP),1993,27.0071715934931,RUS
6321,Gross capital formation (% of GDP),1993,16.747020875705,RWA
6322,Gross capital formation (% of GDP),1993,22.7998317135381,South Asia
6323,Gross capital formation (% of GDP),1993,25.0549737431346,SAU
6324,Gross capital formation (% of GDP),1993,15.1992923724007,SDN
6325,Gross capital formation (% of GDP),1993,14.6596389049948,SEN
6326,Gross capital formation (% of GDP),1993,37.2020493632248,SGP
6327,Gross capital formation (% of GDP),1993,9.07479729562696,SLB
6328,Gross capital formation (% of GDP),1993,7.74811426056782,SLE
6329,Gross capital formation (% of GDP),1993,18.9576297314485,SLV
6330,Gross capital formation (% of GDP),1993,,SMR
6331,Gross capital formation (% of GDP),1993,,SOM
6332,Gross capital formation (% of GDP),1993,,SRB
6333,Gross capital formation (% of GDP),1993,20.6232983250897,Sub-Saharan Africa (
6334,Gross capital formation (% of GDP),1993,,SSD
6335,Gross capital formation (% of GDP),1993,20.590850674457,Sub-Saharan Africa
6336,Gross capital formation (% of GDP),1993,22.799267150378,Small states
6337,Gross capital formation (% of GDP),1993,,STP
6338,Gross capital formation (% of GDP),1993,,SUR
6339,Gross capital formation (% of GDP),1993,23.8741457665104,SVK
6340,Gross capital formation (% of GDP),1993,19.6537032397846,SVN
6341,Gross capital formation (% of GDP),1993,18.7230872500252,SWE
6342,Gross capital formation (% of GDP),1993,,SWZ
6343,Gross capital formation (% of GDP),1993,,SXM
6344,Gross capital formation (% of GDP),1993,28.0941242267158,SYC
6345,Gross capital formation (% of GDP),1993,,SYR
6346,Gross capital formation (% of GDP),1993,,TCA
6347,Gross capital formation (% of GDP),1993,9.75930185156408,TCD
6348,Gross capital formation (% of GDP),1993,37.9541011363524,East Asia & Pacific (IDA & IBRD countries)
6349,Gross capital formation (% of GDP),1993,27.8131425019277,Europe & Central Asia (IDA & IBRD countries)
6350,Gross capital formation (% of GDP),1993,7.83623038965214,TGO
6351,Gross capital formation (% of GDP),1993,39.6561466385326,THA
6352,Gross capital formation (% of GDP),1993,39.1579215342404,TJK
6353,Gross capital formation (% of GDP),1993,36.9261477045908,TKM
6354,Gross capital formation (% of GDP),1993,21.5085286010825,Latin America & the Caribbean (IDA & IBRD countries)
6355,Gross capital formation (% of GDP),1993,,TLS
6356,Gross capital formation (% of GDP),1993,23.2604169745715,AFG
6357,Gross capital formation (% of GDP),1993,18.0935983722022,TON
6358,Gross capital formation (% of GDP),1993,22.7998317135381,South Asia (IDA & IBRD)
6359,Gross capital formation (% of GDP),1993,20.590850674457,Sub-Saharan Africa (IDA & IBRD countries)
6360,Gross capital formation (% of GDP),1993,,TTO
6361,Gross capital formation (% of GDP),1993,29.2395826229285,TUN
6362,Gross capital formation (% of GDP),1993,26.6156090890252,TUR
6363,Gross capital formation (% of GDP),1993,,TUV
6364,Gross capital formation (% of GDP),1993,17.3020323198502,TZA
6365,Gross capital formation (% of GDP),1993,15.2457864755434,UGA
6366,Gross capital formation (% of GDP),1993,36.2925144834191,UKR
6367,Gross capital formation (% of GDP),1993,27.2468365517424,Upper middle income
6368,Gross capital formation (% of GDP),1993,15.6412955091165,URY
6369,Gross capital formation (% of GDP),1993,20.3936132939878,USA
6370,Gross capital formation (% of GDP),1993,14.6502375108632,UZB
6371,Gross capital formation (% of GDP),1993,,VCT
6372,Gross capital formation (% of GDP),1993,18.1451118584251,VEN
6373,Gross capital formation (% of GDP),1993,,VGB
6374,Gross capital formation (% of GDP),1993,,VIR
6375,Gross capital formation (% of GDP),1993,,VNM
6376,Gross capital formation (% of GDP),1993,19.9253363964555,VUT
6377,Gross capital formation (% of GDP),1993,24.206509155192,World
6378,Gross capital formation (% of GDP),1993,,WSM
6379,Gross capital formation (% of GDP),1993,,XKX
6380,Gross capital formation (% of GDP),1993,,YEM
6381,Gross capital formation (% of GDP),1993,14.161207817224,ZAF
6382,Gross capital formation (% of GDP),1993,,ZMB
6383,Gross capital formation (% of GDP),1993,22.7748875794502,ZWE
6384,Gross capital formation (% of GDP),1994,,ABW
6385,Gross capital formation (% of GDP),1994,19.3596925003965,Africa Eastern and Southern
6386,Gross capital formation (% of GDP),1994,,AFG
6387,Gross capital formation (% of GDP),1994,,Africa Western and Central
6388,Gross capital formation (% of GDP),1994,,AGO
6389,Gross capital formation (% of GDP),1994,18.8965848987739,ALB
6390,Gross capital formation (% of GDP),1994,,AND
6391,Gross capital formation (% of GDP),1994,21.1630673741734,Arab World
6392,Gross capital formation (% of GDP),1994,,ARE
6393,Gross capital formation (% of GDP),1994,19.9656232520199,ARG
6394,Gross capital formation (% of GDP),1994,27.9421579326358,ARM
6395,Gross capital formation (% of GDP),1994,,ASM
6396,Gross capital formation (% of GDP),1994,,ATG
6397,Gross capital formation (% of GDP),1994,24.2712974452281,AUS
6398,Gross capital formation (% of GDP),1994,26.4142187207699,AUT
6399,Gross capital formation (% of GDP),1994,15.3130504403523,AZE
6400,Gross capital formation (% of GDP),1994,6.97412715204663,BDI
6401,Gross capital formation (% of GDP),1994,22.0127684782659,BEL
6402,Gross capital formation (% of GDP),1994,17.8022147065571,BEN
6403,Gross capital formation (% of GDP),1994,27.1661616484543,BFA
6404,Gross capital formation (% of GDP),1994,18.402556188374,BGD
6405,Gross capital formation (% of GDP),1994,9.39117199391172,BGR
6406,Gross capital formation (% of GDP),1994,17.2666142954711,BHR
6407,Gross capital formation (% of GDP),1994,25.8606934642528,BHS
6408,Gross capital formation (% of GDP),1994,,BIH
6409,Gross capital formation (% of GDP),1994,32.9343000056202,BLR
6410,Gross capital formation (% of GDP),1994,18.3866373171047,BLZ
6411,Gross capital formation (% of GDP),1994,,BMU
6412,Gross capital formation (% of GDP),1994,14.371195053134,BOL
6413,Gross capital formation (% of GDP),1994,22.1455629464805,BRA
6414,Gross capital formation (% of GDP),1994,,BRB
6415,Gross capital formation (% of GDP),1994,18.1087984609364,BRN
6416,Gross capital formation (% of GDP),1994,48.9149717328521,BTN
6417,Gross capital formation (% of GDP),1994,25.9825442079303,BWA
6418,Gross capital formation (% of GDP),1994,11.7060536294691,CAF
6419,Gross capital formation (% of GDP),1994,19.5160940033233,CAN
6420,Gross capital formation (% of GDP),1994,,Central Europe and the Baltics
6421,Gross capital formation (% of GDP),1994,28.3186953218297,CHE
6422,Gross capital formation (% of GDP),1994,,Channel Islands
6423,Gross capital formation (% of GDP),1994,25.5343368834102,CHL
6424,Gross capital formation (% of GDP),1994,40.2783746945492,CHN
6425,Gross capital formation (% of GDP),1994,13.7157180662276,CIV
6426,Gross capital formation (% of GDP),1994,16.611616276948,CMR
6427,Gross capital formation (% of GDP),1994,7.54464240751745,COD
6428,Gross capital formation (% of GDP),1994,54.486135428967,COG
6429,Gross capital formation (% of GDP),1994,25.5384467490805,COL
6430,Gross capital formation (% of GDP),1994,18.0423421112031,COM
6431,Gross capital formation (% of GDP),1994,,CPV
6432,Gross capital formation (% of GDP),1994,20.7707559088756,CRI
6433,Gross capital formation (% of GDP),1994,,Caribbean small states
6434,Gross capital formation (% of GDP),1994,5.24213085101504,CUB
6435,Gross capital formation (% of GDP),1994,,CUW
6436,Gross capital formation (% of GDP),1994,,CYM
6437,Gross capital formation (% of GDP),1994,25.5156537748794,CYP
6438,Gross capital formation (% of GDP),1994,29.7817050664405,CZE
6439,Gross capital formation (% of GDP),1994,24.5513106495033,DEU
6440,Gross capital formation (% of GDP),1994,,DJI
6441,Gross capital formation (% of GDP),1994,,DMA
6442,Gross capital formation (% of GDP),1994,18.7158365815896,DNK
6443,Gross capital formation (% of GDP),1994,21.0043956056779,DOM
6444,Gross capital formation (% of GDP),1994,30.0801428611511,DZA
6445,Gross capital formation (% of GDP),1994,37.0502136944708,East Asia & Pacific (
6446,Gross capital formation (% of GDP),1994,22.8669553936727,Early-demographic dividend
6447,Gross capital formation (% of GDP),1994,31.7404757578719,East Asia & Pacific
6448,Gross capital formation (% of GDP),1994,24.3000968689039,Europe & Central Asia (
6449,Gross capital formation (% of GDP),1994,22.0484069878553,Europe & Central Asia
6450,Gross capital formation (% of GDP),1994,17.4256704062713,ECU
6451,Gross capital formation (% of GDP),1994,20.6285714285714,EGY
6452,Gross capital formation (% of GDP),1994,22.0011841444566,Euro area
6453,Gross capital formation (% of GDP),1994,25.1373961895457,ERI
6454,Gross capital formation (% of GDP),1994,21.6518714365569,ESP
6455,Gross capital formation (% of GDP),1994,26.8127267793607,EST
6456,Gross capital formation (% of GDP),1994,0.0,ETH
6457,Gross capital formation (% of GDP),1994,21.914459514242,European Union
6458,Gross capital formation (% of GDP),1994,,Fragile and conflict affected situations
6459,Gross capital formation (% of GDP),1994,19.7835536041304,FIN
6460,Gross capital formation (% of GDP),1994,15.2022670307882,FJI
6461,Gross capital formation (% of GDP),1994,20.0277093753549,FRA
6462,Gross capital formation (% of GDP),1994,,FRO
6463,Gross capital formation (% of GDP),1994,,FSM
6464,Gross capital formation (% of GDP),1994,21.8675948708097,GAB
6465,Gross capital formation (% of GDP),1994,19.557850015298,GBR
6466,Gross capital formation (% of GDP),1994,2.64656987698105,GEO
6467,Gross capital formation (% of GDP),1994,23.9577329490874,GHA
6468,Gross capital formation (% of GDP),1994,,GIB
6469,Gross capital formation (% of GDP),1994,12.7907272013291,GIN
6470,Gross capital formation (% of GDP),1994,4.68549362124338,GMB
6471,Gross capital formation (% of GDP),1994,21.7707041676943,GNB
6472,Gross capital formation (% of GDP),1994,,GNQ
6473,Gross capital formation (% of GDP),1994,21.0336354720997,GRC
6474,Gross capital formation (% of GDP),1994,,GRD
6475,Gross capital formation (% of GDP),1994,,GRL
6476,Gross capital formation (% of GDP),1994,15.6812995803929,GTM
6477,Gross capital formation (% of GDP),1994,,GUM
6478,Gross capital formation (% of GDP),1994,27.222877791562,GUY
6479,Gross capital formation (% of GDP),1994,24.0891970667263,High income
6480,Gross capital formation (% of GDP),1994,31.3792742066101,HKG
6481,Gross capital formation (% of GDP),1994,34.4942714918572,HND
6482,Gross capital formation (% of GDP),1994,18.8884887421144,Heavily indebted poor countries (HIPC)
6483,Gross capital formation (% of GDP),1994,,HRV
6484,Gross capital formation (% of GDP),1994,10.2005694796458,HTI
6485,Gross capital formation (% of GDP),1994,22.9964145435708,HUN
6486,Gross capital formation (% of GDP),1994,26.7635396445535,IBRD only
6487,Gross capital formation (% of GDP),1994,26.2523950934347,IDA & IBRD total
6488,Gross capital formation (% of GDP),1994,19.9185884411588,IDA total
6489,Gross capital formation (% of GDP),1994,,IDA blend
6490,Gross capital formation (% of GDP),1994,29.5706877484337,IDN
6491,Gross capital formation (% of GDP),1994,17.6887483271881,IDA only
6492,Gross capital formation (% of GDP),1994,,IMN
6493,Gross capital formation (% of GDP),1994,26.3101665553988,IND
6494,Gross capital formation (% of GDP),1994,,Not classified
6495,Gross capital formation (% of GDP),1994,16.5139818932744,IRL
6496,Gross capital formation (% of GDP),1994,23.2945876952186,IRN
6497,Gross capital formation (% of GDP),1994,58.1720491835802,IRQ
6498,Gross capital formation (% of GDP),1994,17.8169767636428,ISL
6499,Gross capital formation (% of GDP),1994,28.7778478864925,ISR
6500,Gross capital formation (% of GDP),1994,19.5160307409463,ITA
6501,Gross capital formation (% of GDP),1994,24.2318586719733,JAM
6502,Gross capital formation (% of GDP),1994,33.3050283432401,JOR
6503,Gross capital formation (% of GDP),1994,30.6525083081156,JPN
6504,Gross capital formation (% of GDP),1994,28.7040745386673,KAZ
6505,Gross capital formation (% of GDP),1994,19.2932429676681,KEN
6506,Gross capital formation (% of GDP),1994,9.01307907348243,KGZ
6507,Gross capital formation (% of GDP),1994,11.9385508104385,KHM
6508,Gross capital formation (% of GDP),1994,,KIR
6509,Gross capital formation (% of GDP),1994,,KNA
6510,Gross capital formation (% of GDP),1994,38.5126018340191,KOR
6511,Gross capital formation (% of GDP),1994,16.1517621741909,KWT
6512,Gross capital formation (% of GDP),1994,22.3012446083441,Latin America & Caribbean (
6513,Gross capital formation (% of GDP),1994,,LAO
6514,Gross capital formation (% of GDP),1994,36.6527933811506,LBN
6515,Gross capital formation (% of GDP),1994,,LBR
6516,Gross capital formation (% of GDP),1994,16.3308919434133,LBY
6517,Gross capital formation (% of GDP),1994,,LCA
6518,Gross capital formation (% of GDP),1994,21.9513908071469,Latin America & Caribbean
6519,Gross capital formation (% of GDP),1994,16.3758315414682,Least developed countries: UN classification
6520,Gross capital formation (% of GDP),1994,10.2006804284985,Low income
6521,Gross capital formation (% of GDP),1994,,LIE
6522,Gross capital formation (% of GDP),1994,27.0271670431233,LKA
6523,Gross capital formation (% of GDP),1994,24.9827962012961,Lower middle income
6524,Gross capital formation (% of GDP),1994,26.5630267725364,Low & middle income
6525,Gross capital formation (% of GDP),1994,,LSO
6526,Gross capital formation (% of GDP),1994,28.7596723165395,Late-demographic dividend
6527,Gross capital formation (% of GDP),1994,,LTU
6528,Gross capital formation (% of GDP),1994,21.8974256143903,LUX
6529,Gross capital formation (% of GDP),1994,,LVA
6530,Gross capital formation (% of GDP),1994,31.985111168614,MAC
6531,Gross capital formation (% of GDP),1994,,MAF
6532,Gross capital formation (% of GDP),1994,25.6674729824651,MAR
6533,Gross capital formation (% of GDP),1994,,MCO
6534,Gross capital formation (% of GDP),1994,,MDA
6535,Gross capital formation (% of GDP),1994,32.8728710665706,MDG
6536,Gross capital formation (% of GDP),1994,,MDV
6537,Gross capital formation (% of GDP),1994,22.3989753955121,AFG
6538,Gross capital formation (% of GDP),1994,24.3372579448117,MEX
6539,Gross capital formation (% of GDP),1994,,MHL
6540,Gross capital formation (% of GDP),1994,26.9165992709711,Middle income
6541,Gross capital formation (% of GDP),1994,14.7032467532468,MKD
6542,Gross capital formation (% of GDP),1994,20.6747527790828,MLI
6543,Gross capital formation (% of GDP),1994,28.0976320532642,MLT
6544,Gross capital formation (% of GDP),1994,,MMR
6545,Gross capital formation (% of GDP),1994,22.0790515662298,AFG
6546,Gross capital formation (% of GDP),1994,,MNE
6547,Gross capital formation (% of GDP),1994,19.0665976685934,MNG
6548,Gross capital formation (% of GDP),1994,,MNP
6549,Gross capital formation (% of GDP),1994,30.1617062031693,MOZ
6550,Gross capital formation (% of GDP),1994,34.3077171540955,MRT
6551,Gross capital formation (% of GDP),1994,31.3570890735194,MUS
6552,Gross capital formation (% of GDP),1994,,MWI
6553,Gross capital formation (% of GDP),1994,41.2020812335965,MYS
6554,Gross capital formation (% of GDP),1994,21.1498388045681,North America
6555,Gross capital formation (% of GDP),1994,19.0676453255667,NAM
6556,Gross capital formation (% of GDP),1994,,NCL
6557,Gross capital formation (% of GDP),1994,12.9826219518429,NER
6558,Gross capital formation (% of GDP),1994,,NGA
6559,Gross capital formation (% of GDP),1994,17.531319764363,NIC
6560,Gross capital formation (% of GDP),1994,21.2124676655347,NLD
6561,Gross capital formation (% of GDP),1994,23.0188733920169,NOR
6562,Gross capital formation (% of GDP),1994,22.4035489180617,NPL
6563,Gross capital formation (% of GDP),1994,,NRU
6564,Gross capital formation (% of GDP),1994,22.5816777041943,NZL
6565,Gross capital formation (% of GDP),1994,23.9764168372849,OECD members
6566,Gross capital formation (% of GDP),1994,13.8211382113821,OMN
6567,Gross capital formation (% of GDP),1994,24.6280971670496,Other small states
6568,Gross capital formation (% of GDP),1994,19.3974052458304,PAK
6569,Gross capital formation (% of GDP),1994,33.6833730441529,PAN
6570,Gross capital formation (% of GDP),1994,22.2471317420546,PER
6571,Gross capital formation (% of GDP),1994,23.3114526483211,PHL
6572,Gross capital formation (% of GDP),1994,,PLW
6573,Gross capital formation (% of GDP),1994,21.3665642008571,PNG
6574,Gross capital formation (% of GDP),1994,,POL
6575,Gross capital formation (% of GDP),1994,,Pre-demographic dividend
6576,Gross capital formation (% of GDP),1994,16.3290429000497,PRI
6577,Gross capital formation (% of GDP),1994,,PRK
6578,Gross capital formation (% of GDP),1994,22.950768391851,PRT
6579,Gross capital formation (% of GDP),1994,24.4135653897535,PRY
6580,Gross capital formation (% of GDP),1994,40.2630745964196,PSE
6581,Gross capital formation (% of GDP),1994,17.2356188687125,Pacific island small states
6582,Gross capital formation (% of GDP),1994,24.0631106280549,Post-demographic dividend
6583,Gross capital formation (% of GDP),1994,,PYF
6584,Gross capital formation (% of GDP),1994,24.5240841329484,QAT
6585,Gross capital formation (% of GDP),1994,24.809134731324,ROU
6586,Gross capital formation (% of GDP),1994,25.5374539500614,RUS
6587,Gross capital formation (% of GDP),1994,9.98250901704606,RWA
6588,Gross capital formation (% of GDP),1994,26.1336997285472,South Asia
6589,Gross capital formation (% of GDP),1994,20.3571499120953,SAU
6590,Gross capital formation (% of GDP),1994,10.6553007246765,SDN
6591,Gross capital formation (% of GDP),1994,17.1399920981717,SEN
6592,Gross capital formation (% of GDP),1994,32.9120593059062,SGP
6593,Gross capital formation (% of GDP),1994,6.86336207598753,SLB
6594,Gross capital formation (% of GDP),1994,8.66377045690347,SLE
6595,Gross capital formation (% of GDP),1994,20.3581224744068,SLV
6596,Gross capital formation (% of GDP),1994,,SMR
6597,Gross capital formation (% of GDP),1994,,SOM
6598,Gross capital formation (% of GDP),1994,,SRB
6599,Gross capital formation (% of GDP),1994,22.1374546276841,Sub-Saharan Africa (
6600,Gross capital formation (% of GDP),1994,,SSD
6601,Gross capital formation (% of GDP),1994,22.2257968168912,Sub-Saharan Africa
6602,Gross capital formation (% of GDP),1994,22.8077179129188,Small states
6603,Gross capital formation (% of GDP),1994,,STP
6604,Gross capital formation (% of GDP),1994,,SUR
6605,Gross capital formation (% of GDP),1994,20.3090050171094,SVK
6606,Gross capital formation (% of GDP),1994,21.2722098093561,SVN
6607,Gross capital formation (% of GDP),1994,20.0208878527446,SWE
6608,Gross capital formation (% of GDP),1994,,SWZ
6609,Gross capital formation (% of GDP),1994,,SXM
6610,Gross capital formation (% of GDP),1994,26.9424629748869,SYC
6611,Gross capital formation (% of GDP),1994,,SYR
6612,Gross capital formation (% of GDP),1994,,TCA
6613,Gross capital formation (% of GDP),1994,16.6399110712347,TCD
6614,Gross capital formation (% of GDP),1994,37.0491574725669,East Asia & Pacific (IDA & IBRD countries)
6615,Gross capital formation (% of GDP),1994,24.6735533736421,Europe & Central Asia (IDA & IBRD countries)
6616,Gross capital formation (% of GDP),1994,33.2638322628292,TGO
6617,Gross capital formation (% of GDP),1994,40.9077848466695,THA
6618,Gross capital formation (% of GDP),1994,32.3193069306931,TJK
6619,Gross capital formation (% of GDP),1994,,TKM
6620,Gross capital formation (% of GDP),1994,22.3835420911425,Latin America & the Caribbean (IDA & IBRD countries)
6621,Gross capital formation (% of GDP),1994,,TLS
6622,Gross capital formation (% of GDP),1994,21.9306617109004,AFG
6623,Gross capital formation (% of GDP),1994,20.3685217198402,TON
6624,Gross capital formation (% of GDP),1994,26.1336997285472,South Asia (IDA & IBRD)
6625,Gross capital formation (% of GDP),1994,22.2257968168912,Sub-Saharan Africa (IDA & IBRD countries)
6626,Gross capital formation (% of GDP),1994,,TTO
6627,Gross capital formation (% of GDP),1994,24.6442980181866,TUN
6628,Gross capital formation (% of GDP),1994,21.3205329264016,TUR
6629,Gross capital formation (% of GDP),1994,,TUV
6630,Gross capital formation (% of GDP),1994,16.9743701832328,TZA
6631,Gross capital formation (% of GDP),1994,14.6818263424744,UGA
6632,Gross capital formation (% of GDP),1994,35.3314464818416,UKR
6633,Gross capital formation (% of GDP),1994,27.4408993574772,Upper middle income
6634,Gross capital formation (% of GDP),1994,15.8716341305374,URY
6635,Gross capital formation (% of GDP),1994,21.2790830432828,USA
6636,Gross capital formation (% of GDP),1994,18.2004266495678,UZB
6637,Gross capital formation (% of GDP),1994,,VCT
6638,Gross capital formation (% of GDP),1994,13.6989226265485,VEN
6639,Gross capital formation (% of GDP),1994,,VGB
6640,Gross capital formation (% of GDP),1994,,VIR
6641,Gross capital formation (% of GDP),1994,,VNM
6642,Gross capital formation (% of GDP),1994,21.7725334509631,VUT
6643,Gross capital formation (% of GDP),1994,24.5522033710155,World
6644,Gross capital formation (% of GDP),1994,,WSM
6645,Gross capital formation (% of GDP),1994,,XKX
6646,Gross capital formation (% of GDP),1994,,YEM
6647,Gross capital formation (% of GDP),1994,16.4704957860317,ZAF
6648,Gross capital formation (% of GDP),1994,,ZMB
6649,Gross capital formation (% of GDP),1994,23.7290555714789,ZWE
6650,Gross capital formation (% of GDP),1995,31.1336717428088,ABW
6651,Gross capital formation (% of GDP),1995,19.4619580093711,Africa Eastern and Southern
6652,Gross capital formation (% of GDP),1995,,AFG
6653,Gross capital formation (% of GDP),1995,,Africa Western and Central
6654,Gross capital formation (% of GDP),1995,,AGO
6655,Gross capital formation (% of GDP),1995,16.4271239839877,ALB
6656,Gross capital formation (% of GDP),1995,,AND
6657,Gross capital formation (% of GDP),1995,21.8426265170238,Arab World
6658,Gross capital formation (% of GDP),1995,,ARE
6659,Gross capital formation (% of GDP),1995,18.5004105114971,ARG
6660,Gross capital formation (% of GDP),1995,20.8085693442274,ARM
6661,Gross capital formation (% of GDP),1995,,ASM
6662,Gross capital formation (% of GDP),1995,,ATG
6663,Gross capital formation (% of GDP),1995,25.9939578014141,AUS
6664,Gross capital formation (% of GDP),1995,27.1040016269491,AUT
6665,Gross capital formation (% of GDP),1995,23.7791733058393,AZE
6666,Gross capital formation (% of GDP),1995,6.363436388009,BDI
6667,Gross capital formation (% of GDP),1995,21.7907720637316,BEL
6668,Gross capital formation (% of GDP),1995,21.4197671425652,BEN
6669,Gross capital formation (% of GDP),1995,23.9253428809499,BFA
6670,Gross capital formation (% of GDP),1995,19.1197958221399,BGD
6671,Gross capital formation (% of GDP),1995,17.7287824425775,BGR
6672,Gross capital formation (% of GDP),1995,12.8476626290964,BHR
6673,Gross capital formation (% of GDP),1995,27.6550014581511,BHS
6674,Gross capital formation (% of GDP),1995,19.9831460781267,BIH
6675,Gross capital formation (% of GDP),1995,24.7498002520531,BLR
6676,Gross capital formation (% of GDP),1995,19.5958732678103,BLZ
6677,Gross capital formation (% of GDP),1995,,BMU
6678,Gross capital formation (% of GDP),1995,15.244003062267,BOL
6679,Gross capital formation (% of GDP),1995,17.2923463458623,BRA
6680,Gross capital formation (% of GDP),1995,,BRB
6681,Gross capital formation (% of GDP),1995,22.5398742419762,BRN
6682,Gross capital formation (% of GDP),1995,44.7169159640622,BTN
6683,Gross capital formation (% of GDP),1995,27.1301337481509,BWA
6684,Gross capital formation (% of GDP),1995,14.1190311542986,CAF
6685,Gross capital formation (% of GDP),1995,19.380342728238,CAN
6686,Gross capital formation (% of GDP),1995,23.0864086654752,Central Europe and the Baltics
6687,Gross capital formation (% of GDP),1995,28.0636964208527,CHE
6688,Gross capital formation (% of GDP),1995,,Channel Islands
6689,Gross capital formation (% of GDP),1995,27.5292622461532,CHL
6690,Gross capital formation (% of GDP),1995,39.092189056179,CHN
6691,Gross capital formation (% of GDP),1995,15.5984458141094,CIV
6692,Gross capital formation (% of GDP),1995,17.5396063138349,CMR
6693,Gross capital formation (% of GDP),1995,9.37360155268959,COD
6694,Gross capital formation (% of GDP),1995,36.5726424919523,COG
6695,Gross capital formation (% of GDP),1995,25.7987433287578,COL
6696,Gross capital formation (% of GDP),1995,18.0422894473979,COM
6697,Gross capital formation (% of GDP),1995,,CPV
6698,Gross capital formation (% of GDP),1995,19.5418396212549,CRI
6699,Gross capital formation (% of GDP),1995,,Caribbean small states
6700,Gross capital formation (% of GDP),1995,7.01427497815333,CUB
6701,Gross capital formation (% of GDP),1995,,CUW
6702,Gross capital formation (% of GDP),1995,,CYM
6703,Gross capital formation (% of GDP),1995,26.5338684333737,CYP
6704,Gross capital formation (% of GDP),1995,33.8561860572745,CZE
6705,Gross capital formation (% of GDP),1995,24.4770596811461,DEU
6706,Gross capital formation (% of GDP),1995,,DJI
6707,Gross capital formation (% of GDP),1995,,DMA
6708,Gross capital formation (% of GDP),1995,20.6446400534927,DNK
6709,Gross capital formation (% of GDP),1995,20.0495370317422,DOM
6710,Gross capital formation (% of GDP),1995,30.9085562401555,DZA
6711,Gross capital formation (% of GDP),1995,37.076622056549,East Asia & Pacific (
6712,Gross capital formation (% of GDP),1995,23.118518773168,Early-demographic dividend
6713,Gross capital formation (% of GDP),1995,32.2172350511961,East Asia & Pacific
6714,Gross capital formation (% of GDP),1995,24.1168815883193,Europe & Central Asia (
6715,Gross capital formation (% of GDP),1995,22.2116225687189,Europe & Central Asia
6716,Gross capital formation (% of GDP),1995,16.0884542552235,ECU
6717,Gross capital formation (% of GDP),1995,20.1470588235294,EGY
6718,Gross capital formation (% of GDP),1995,22.3642903532069,Euro area
6719,Gross capital formation (% of GDP),1995,22.5366961317006,ERI
6720,Gross capital formation (% of GDP),1995,22.5192771895824,ESP
6721,Gross capital formation (% of GDP),1995,26.4111323654494,EST
6722,Gross capital formation (% of GDP),1995,0.0,ETH
6723,Gross capital formation (% of GDP),1995,22.3050909655635,European Union
6724,Gross capital formation (% of GDP),1995,,Fragile and conflict affected situations
6725,Gross capital formation (% of GDP),1995,20.3668718386251,FIN
6726,Gross capital formation (% of GDP),1995,15.4080082283735,FJI
6727,Gross capital formation (% of GDP),1995,20.1870996465323,FRA
6728,Gross capital formation (% of GDP),1995,,FRO
6729,Gross capital formation (% of GDP),1995,,FSM
6730,Gross capital formation (% of GDP),1995,23.3031666249192,GAB
6731,Gross capital formation (% of GDP),1995,18.6863807382799,GBR
6732,Gross capital formation (% of GDP),1995,4.03290267446782,GEO
6733,Gross capital formation (% of GDP),1995,20.02141465743,GHA
6734,Gross capital formation (% of GDP),1995,,GIB
6735,Gross capital formation (% of GDP),1995,14.9449539080799,GIN
6736,Gross capital formation (% of GDP),1995,6.90370339562912,GMB
6737,Gross capital formation (% of GDP),1995,22.301054752872,GNB
6738,Gross capital formation (% of GDP),1995,,GNQ
6739,Gross capital formation (% of GDP),1995,20.7405368073224,GRC
6740,Gross capital formation (% of GDP),1995,,GRD
6741,Gross capital formation (% of GDP),1995,,GRL
6742,Gross capital formation (% of GDP),1995,15.0551087041391,GTM
6743,Gross capital formation (% of GDP),1995,,GUM
6744,Gross capital formation (% of GDP),1995,33.2286832637757,GUY
6745,Gross capital formation (% of GDP),1995,24.3235238482032,High income
6746,Gross capital formation (% of GDP),1995,34.2907008541509,HKG
6747,Gross capital formation (% of GDP),1995,28.9265215752828,HND
6748,Gross capital formation (% of GDP),1995,17.3735919354052,Heavily indebted poor countries (HIPC)
6749,Gross capital formation (% of GDP),1995,16.1897993178672,HRV
6750,Gross capital formation (% of GDP),1995,26.0895832219771,HTI
6751,Gross capital formation (% of GDP),1995,23.420550366966,HUN
6752,Gross capital formation (% of GDP),1995,26.0567475077975,IBRD only
6753,Gross capital formation (% of GDP),1995,25.4124224265285,IDA & IBRD total
6754,Gross capital formation (% of GDP),1995,18.1471961748232,IDA total
6755,Gross capital formation (% of GDP),1995,,IDA blend
6756,Gross capital formation (% of GDP),1995,30.4298110883689,IDN
6757,Gross capital formation (% of GDP),1995,18.3468264049936,IDA only
6758,Gross capital formation (% of GDP),1995,,IMN
6759,Gross capital formation (% of GDP),1995,29.1523371515588,IND
6760,Gross capital formation (% of GDP),1995,,Not classified
6761,Gross capital formation (% of GDP),1995,18.8729999996348,IRL
6762,Gross capital formation (% of GDP),1995,30.1801718642922,IRN
6763,Gross capital formation (% of GDP),1995,51.4444088864748,IRQ
6764,Gross capital formation (% of GDP),1995,18.1915081165401,ISL
6765,Gross capital formation (% of GDP),1995,28.9059485534975,ISR
6766,Gross capital formation (% of GDP),1995,20.5784047565276,ITA
6767,Gross capital formation (% of GDP),1995,25.2595739526191,JAM
6768,Gross capital formation (% of GDP),1995,32.962860839502,JOR
6769,Gross capital formation (% of GDP),1995,30.9336318941132,JPN
6770,Gross capital formation (% of GDP),1995,23.319259704789,KAZ
6771,Gross capital formation (% of GDP),1995,21.8197611034428,KEN
6772,Gross capital formation (% of GDP),1995,18.3405491449418,KGZ
6773,Gross capital formation (% of GDP),1995,14.5523168445019,KHM
6774,Gross capital formation (% of GDP),1995,,KIR
6775,Gross capital formation (% of GDP),1995,,KNA
6776,Gross capital formation (% of GDP),1995,38.9494879502633,KOR
6777,Gross capital formation (% of GDP),1995,14.7586240895254,KWT
6778,Gross capital formation (% of GDP),1995,18.5760645080951,Latin America & Caribbean (
6779,Gross capital formation (% of GDP),1995,,LAO
6780,Gross capital formation (% of GDP),1995,36.4550836421911,LBN
6781,Gross capital formation (% of GDP),1995,,LBR
6782,Gross capital formation (% of GDP),1995,12.1610486891386,LBY
6783,Gross capital formation (% of GDP),1995,,LCA
6784,Gross capital formation (% of GDP),1995,18.9056045140854,Latin America & Caribbean
6785,Gross capital formation (% of GDP),1995,17.425422609623,Least developed countries: UN classification
6786,Gross capital formation (% of GDP),1995,10.7161741950769,Low income
6787,Gross capital formation (% of GDP),1995,,LIE
6788,Gross capital formation (% of GDP),1995,25.7310878563342,LKA
6789,Gross capital formation (% of GDP),1995,24.6029186535229,Lower middle income
6790,Gross capital formation (% of GDP),1995,25.67954890446,Low & middle income
6791,Gross capital formation (% of GDP),1995,,LSO
6792,Gross capital formation (% of GDP),1995,27.4679321165001,Late-demographic dividend
6793,Gross capital formation (% of GDP),1995,22.4997485371002,LTU
6794,Gross capital formation (% of GDP),1995,20.448335342484,LUX
6795,Gross capital formation (% of GDP),1995,16.0813441709498,LVA
6796,Gross capital formation (% of GDP),1995,26.3243204730861,MAC
6797,Gross capital formation (% of GDP),1995,,MAF
6798,Gross capital formation (% of GDP),1995,25.3939420349467,MAR
6799,Gross capital formation (% of GDP),1995,,MCO
6800,Gross capital formation (% of GDP),1995,24.8766959657948,MDA
6801,Gross capital formation (% of GDP),1995,8.87091919130073,MDG
6802,Gross capital formation (% of GDP),1995,,MDV
6803,Gross capital formation (% of GDP),1995,24.1092722437119,AFG
6804,Gross capital formation (% of GDP),1995,19.311543363515,MEX
6805,Gross capital formation (% of GDP),1995,,MHL
6806,Gross capital formation (% of GDP),1995,25.932475449156,Middle income
6807,Gross capital formation (% of GDP),1995,19.7346209712244,MKD
6808,Gross capital formation (% of GDP),1995,21.1720845010461,MLI
6809,Gross capital formation (% of GDP),1995,27.0209139185734,MLT
6810,Gross capital formation (% of GDP),1995,,MMR
6811,Gross capital formation (% of GDP),1995,24.9787536861698,AFG
6812,Gross capital formation (% of GDP),1995,,MNE
6813,Gross capital formation (% of GDP),1995,26.784995815134,MNG
6814,Gross capital formation (% of GDP),1995,,MNP
6815,Gross capital formation (% of GDP),1995,39.0848425172299,MOZ
6816,Gross capital formation (% of GDP),1995,14.2385720785393,MRT
6817,Gross capital formation (% of GDP),1995,25.2406484626794,MUS
6818,Gross capital formation (% of GDP),1995,,MWI
6819,Gross capital formation (% of GDP),1995,43.6399023701753,MYS
6820,Gross capital formation (% of GDP),1995,21.1341277575906,North America
6821,Gross capital formation (% of GDP),1995,19.3480050447911,NAM
6822,Gross capital formation (% of GDP),1995,,NCL
6823,Gross capital formation (% of GDP),1995,12.033346265753,NER
6824,Gross capital formation (% of GDP),1995,,NGA
6825,Gross capital formation (% of GDP),1995,18.9290842452396,NIC
6826,Gross capital formation (% of GDP),1995,21.422165123382,NLD
6827,Gross capital formation (% of GDP),1995,24.2056693848649,NOR
6828,Gross capital formation (% of GDP),1995,25.1994981179423,NPL
6829,Gross capital formation (% of GDP),1995,,NRU
6830,Gross capital formation (% of GDP),1995,23.6533106114136,NZL
6831,Gross capital formation (% of GDP),1995,24.1502686701865,OECD members
6832,Gross capital formation (% of GDP),1995,13.1509296632039,OMN
6833,Gross capital formation (% of GDP),1995,25.2355053796465,Other small states
6834,Gross capital formation (% of GDP),1995,18.5455233391321,PAK
6835,Gross capital formation (% of GDP),1995,38.044095217771,PAN
6836,Gross capital formation (% of GDP),1995,24.7391134430373,PER
6837,Gross capital formation (% of GDP),1995,21.7942950820214,PHL
6838,Gross capital formation (% of GDP),1995,,PLW
6839,Gross capital formation (% of GDP),1995,21.939185109852,PNG
6840,Gross capital formation (% of GDP),1995,19.862521327671,POL
6841,Gross capital formation (% of GDP),1995,,Pre-demographic dividend
6842,Gross capital formation (% of GDP),1995,16.8692854425052,PRI
6843,Gross capital formation (% of GDP),1995,,PRK
6844,Gross capital formation (% of GDP),1995,24.1933776372451,PRT
6845,Gross capital formation (% of GDP),1995,22.0208311357834,PRY
6846,Gross capital formation (% of GDP),1995,38.0589740465456,PSE
6847,Gross capital formation (% of GDP),1995,17.4616406472239,Pacific island small states
6848,Gross capital formation (% of GDP),1995,24.2893244111426,Post-demographic dividend
6849,Gross capital formation (% of GDP),1995,,PYF
6850,Gross capital formation (% of GDP),1995,35.0854096291325,QAT
6851,Gross capital formation (% of GDP),1995,23.3161642971645,ROU
6852,Gross capital formation (% of GDP),1995,25.4388784044713,RUS
6853,Gross capital formation (% of GDP),1995,13.4091329900849,RWA
6854,Gross capital formation (% of GDP),1995,28.6870464444794,South Asia
6855,Gross capital formation (% of GDP),1995,20.2861294288588,SAU
6856,Gross capital formation (% of GDP),1995,5.5391670895105,SDN
6857,Gross capital formation (% of GDP),1995,15.2995419739429,SEN
6858,Gross capital formation (% of GDP),1995,33.8813128046581,SGP
6859,Gross capital formation (% of GDP),1995,5.25368874621093,SLB
6860,Gross capital formation (% of GDP),1995,5.57286605626242,SLE
6861,Gross capital formation (% of GDP),1995,20.9442219176574,SLV
6862,Gross capital formation (% of GDP),1995,,SMR
6863,Gross capital formation (% of GDP),1995,,SOM
6864,Gross capital formation (% of GDP),1995,13.17077399576,SRB
6865,Gross capital formation (% of GDP),1995,19.6898954793385,Sub-Saharan Africa (
6866,Gross capital formation (% of GDP),1995,,SSD
6867,Gross capital formation (% of GDP),1995,19.825043827578,Sub-Saharan Africa
6868,Gross capital formation (% of GDP),1995,23.9661738862671,Small states
6869,Gross capital formation (% of GDP),1995,,STP
6870,Gross capital formation (% of GDP),1995,,SUR
6871,Gross capital formation (% of GDP),1995,24.0544141900947,SVK
6872,Gross capital formation (% of GDP),1995,25.258028068208,SVN
6873,Gross capital formation (% of GDP),1995,20.4586113782489,SWE
6874,Gross capital formation (% of GDP),1995,,SWZ
6875,Gross capital formation (% of GDP),1995,,SXM
6876,Gross capital formation (% of GDP),1995,30.0161166378703,SYC
6877,Gross capital formation (% of GDP),1995,,SYR
6878,Gross capital formation (% of GDP),1995,,TCA
6879,Gross capital formation (% of GDP),1995,13.1924876039231,TCD
6880,Gross capital formation (% of GDP),1995,37.0760972058099,East Asia & Pacific (IDA & IBRD countries)
6881,Gross capital formation (% of GDP),1995,23.671338034921,Europe & Central Asia (IDA & IBRD countries)
6882,Gross capital formation (% of GDP),1995,37.7241690516579,TGO
6883,Gross capital formation (% of GDP),1995,42.8626944049408,THA
6884,Gross capital formation (% of GDP),1995,28.6683381088825,TJK
6885,Gross capital formation (% of GDP),1995,,TKM
6886,Gross capital formation (% of GDP),1995,19.1580879151256,Latin America & the Caribbean (IDA & IBRD countries)
6887,Gross capital formation (% of GDP),1995,,TLS
6888,Gross capital formation (% of GDP),1995,24.8682591518768,AFG
6889,Gross capital formation (% of GDP),1995,25.9729521011094,TON
6890,Gross capital formation (% of GDP),1995,28.6870464444794,South Asia (IDA & IBRD)
6891,Gross capital formation (% of GDP),1995,19.825043827578,Sub-Saharan Africa (IDA & IBRD countries)
6892,Gross capital formation (% of GDP),1995,,TTO
6893,Gross capital formation (% of GDP),1995,24.7006181165625,TUN
6894,Gross capital formation (% of GDP),1995,25.4735572675252,TUR
6895,Gross capital formation (% of GDP),1995,,TUV
6896,Gross capital formation (% of GDP),1995,13.6278212738224,TZA
6897,Gross capital formation (% of GDP),1995,12.4120253617356,UGA
6898,Gross capital formation (% of GDP),1995,26.6832084718696,UKR
6899,Gross capital formation (% of GDP),1995,26.3731010329894,Upper middle income
6900,Gross capital formation (% of GDP),1995,15.4077114197278,URY
6901,Gross capital formation (% of GDP),1995,21.2726622301335,USA
6902,Gross capital formation (% of GDP),1995,24.1998260825338,UZB
6903,Gross capital formation (% of GDP),1995,,VCT
6904,Gross capital formation (% of GDP),1995,17.5285944745481,VEN
6905,Gross capital formation (% of GDP),1995,,VGB
6906,Gross capital formation (% of GDP),1995,,VIR
6907,Gross capital formation (% of GDP),1995,27.1442426996138,VNM
6908,Gross capital formation (% of GDP),1995,21.2356455478839,VUT
6909,Gross capital formation (% of GDP),1995,24.6374273521106,World
6910,Gross capital formation (% of GDP),1995,,WSM
6911,Gross capital formation (% of GDP),1995,,XKX
6912,Gross capital formation (% of GDP),1995,,YEM
6913,Gross capital formation (% of GDP),1995,17.7000132325077,ZAF
6914,Gross capital formation (% of GDP),1995,,ZMB
6915,Gross capital formation (% of GDP),1995,19.6601867511527,ZWE
6916,Gross capital formation (% of GDP),1996,28.4615384615385,ABW
6917,Gross capital formation (% of GDP),1996,18.8394999248528,Africa Eastern and Southern
6918,Gross capital formation (% of GDP),1996,,AFG
6919,Gross capital formation (% of GDP),1996,,Africa Western and Central
6920,Gross capital formation (% of GDP),1996,,AGO
6921,Gross capital formation (% of GDP),1996,21.1475152669262,ALB
6922,Gross capital formation (% of GDP),1996,,AND
6923,Gross capital formation (% of GDP),1996,20.8975908882868,Arab World
6924,Gross capital formation (% of GDP),1996,,ARE
6925,Gross capital formation (% of GDP),1996,19.6238724452255,ARG
6926,Gross capital formation (% of GDP),1996,21.0954471662552,ARM
6927,Gross capital formation (% of GDP),1996,,ASM
6928,Gross capital formation (% of GDP),1996,,ATG
6929,Gross capital formation (% of GDP),1996,24.7885981976259,AUS
6930,Gross capital formation (% of GDP),1996,26.4922454602716,AUT
6931,Gross capital formation (% of GDP),1996,29.0016833784674,AZE
6932,Gross capital formation (% of GDP),1996,8.20980615735462,BDI
6933,Gross capital formation (% of GDP),1996,21.6307467878374,BEL
6934,Gross capital formation (% of GDP),1996,17.5511679710447,BEN
6935,Gross capital formation (% of GDP),1996,24.944707127053,BFA
6936,Gross capital formation (% of GDP),1996,20.7299506037379,BGD
6937,Gross capital formation (% of GDP),1996,1.15731098937928,BGR
6938,Gross capital formation (% of GDP),1996,12.6688993317759,BHR
6939,Gross capital formation (% of GDP),1996,30.4937655860349,BHS
6940,Gross capital formation (% of GDP),1996,41.2139014001628,BIH
6941,Gross capital formation (% of GDP),1996,23.5192009966691,BLR
6942,Gross capital formation (% of GDP),1996,18.2170770406065,BLZ
6943,Gross capital formation (% of GDP),1996,,BMU
6944,Gross capital formation (% of GDP),1996,16.2372212746505,BOL
6945,Gross capital formation (% of GDP),1996,17.2669463759545,BRA
6946,Gross capital formation (% of GDP),1996,,BRB
6947,Gross capital formation (% of GDP),1996,27.5780983636644,BRN
6948,Gross capital formation (% of GDP),1996,37.4597045608218,BTN
6949,Gross capital formation (% of GDP),1996,23.4435212132871,BWA
6950,Gross capital formation (% of GDP),1996,7.27502143391952,CAF
6951,Gross capital formation (% of GDP),1996,18.9277232582103,CAN
6952,Gross capital formation (% of GDP),1996,24.8837259769429,Central Europe and the Baltics
6953,Gross capital formation (% of GDP),1996,27.6082607656129,CHE
6954,Gross capital formation (% of GDP),1996,,Channel Islands
6955,Gross capital formation (% of GDP),1996,29.8812112607094,CHL
6956,Gross capital formation (% of GDP),1996,37.7768637845413,CHN
6957,Gross capital formation (% of GDP),1996,13.0192531132058,CIV
6958,Gross capital formation (% of GDP),1996,17.3666475143596,CMR
6959,Gross capital formation (% of GDP),1996,27.8518170091084,COD
6960,Gross capital formation (% of GDP),1996,32.7904131722705,COG
6961,Gross capital formation (% of GDP),1996,22.1509386589832,COL
6962,Gross capital formation (% of GDP),1996,18.0423615663047,COM
6963,Gross capital formation (% of GDP),1996,,CPV
6964,Gross capital formation (% of GDP),1996,17.7504799592427,CRI
6965,Gross capital formation (% of GDP),1996,,Caribbean small states
6966,Gross capital formation (% of GDP),1996,15.8969556218756,CUB
6967,Gross capital formation (% of GDP),1996,,CUW
6968,Gross capital formation (% of GDP),1996,,CYM
6969,Gross capital formation (% of GDP),1996,24.2025436192963,CYP
6970,Gross capital formation (% of GDP),1996,35.8320529231384,CZE
6971,Gross capital formation (% of GDP),1996,23.460405691293,DEU
6972,Gross capital formation (% of GDP),1996,,DJI
6973,Gross capital formation (% of GDP),1996,,DMA
6974,Gross capital formation (% of GDP),1996,20.0192738426291,DNK
6975,Gross capital formation (% of GDP),1996,20.0542675368915,DOM
6976,Gross capital formation (% of GDP),1996,25.6784142626908,DZA
6977,Gross capital formation (% of GDP),1996,36.4661030201628,East Asia & Pacific (
6978,Gross capital formation (% of GDP),1996,22.5691384078713,Early-demographic dividend
6979,Gross capital formation (% of GDP),1996,32.8211352612591,East Asia & Pacific
6980,Gross capital formation (% of GDP),1996,22.7181566338085,Europe & Central Asia (
6981,Gross capital formation (% of GDP),1996,21.6442502913364,Europe & Central Asia
6982,Gross capital formation (% of GDP),1996,14.9386605261091,ECU
6983,Gross capital formation (% of GDP),1996,18.1342632955536,EGY
6984,Gross capital formation (% of GDP),1996,21.7187142440737,Euro area
6985,Gross capital formation (% of GDP),1996,27.5892573606133,ERI
6986,Gross capital formation (% of GDP),1996,22.2359933407779,ESP
6987,Gross capital formation (% of GDP),1996,27.4830229594263,EST
6988,Gross capital formation (% of GDP),1996,0.0,ETH
6989,Gross capital formation (% of GDP),1996,21.739208638203,European Union
6990,Gross capital formation (% of GDP),1996,,Fragile and conflict affected situations
6991,Gross capital formation (% of GDP),1996,20.2614314992596,FIN
6992,Gross capital formation (% of GDP),1996,17.7538999732191,FJI
6993,Gross capital formation (% of GDP),1996,19.2219851950366,FRA
6994,Gross capital formation (% of GDP),1996,,FRO
6995,Gross capital formation (% of GDP),1996,,FSM
6996,Gross capital formation (% of GDP),1996,24.8489415957155,GAB
6997,Gross capital formation (% of GDP),1996,18.8769583941855,GBR
6998,Gross capital formation (% of GDP),1996,19.5957321959416,GEO
6999,Gross capital formation (% of GDP),1996,21.1999964722587,GHA
7000,Gross capital formation (% of GDP),1996,,GIB
7001,Gross capital formation (% of GDP),1996,14.2533946003059,GIN
7002,Gross capital formation (% of GDP),1996,6.77920057408904,GMB
7003,Gross capital formation (% of GDP),1996,23.0520754974251,GNB
7004,Gross capital formation (% of GDP),1996,,GNQ
7005,Gross capital formation (% of GDP),1996,21.7600388412521,GRC
7006,Gross capital formation (% of GDP),1996,,GRD
7007,Gross capital formation (% of GDP),1996,,GRL
7008,Gross capital formation (% of GDP),1996,12.6867821057714,GTM
7009,Gross capital formation (% of GDP),1996,,GUM
7010,Gross capital formation (% of GDP),1996,31.8572069303129,GUY
7011,Gross capital formation (% of GDP),1996,24.1709504075705,High income
7012,Gross capital formation (% of GDP),1996,31.800346636164,HKG
7013,Gross capital formation (% of GDP),1996,28.5341238418397,HND
7014,Gross capital formation (% of GDP),1996,18.6236172756775,Heavily indebted poor countries (HIPC)
7015,Gross capital formation (% of GDP),1996,19.4836956633161,HRV
7016,Gross capital formation (% of GDP),1996,28.1304263939803,HTI
7017,Gross capital formation (% of GDP),1996,25.1079029013767,HUN
7018,Gross capital formation (% of GDP),1996,25.483711351012,IBRD only
7019,Gross capital formation (% of GDP),1996,24.7910335516964,IDA & IBRD total
7020,Gross capital formation (% of GDP),1996,17.8157908995695,IDA total
7021,Gross capital formation (% of GDP),1996,,IDA blend
7022,Gross capital formation (% of GDP),1996,31.6023606375148,IDN
7023,Gross capital formation (% of GDP),1996,20.5892811740178,IDA only
7024,Gross capital formation (% of GDP),1996,,IMN
7025,Gross capital formation (% of GDP),1996,22.7592531809279,IND
7026,Gross capital formation (% of GDP),1996,,Not classified
7027,Gross capital formation (% of GDP),1996,20.5306176391141,IRL
7028,Gross capital formation (% of GDP),1996,37.7860855943984,IRN
7029,Gross capital formation (% of GDP),1996,58.0119326410892,IRQ
7030,Gross capital formation (% of GDP),1996,20.7585152556108,ISL
7031,Gross capital formation (% of GDP),1996,29.2288510112299,ISR
7032,Gross capital formation (% of GDP),1996,19.8311918143473,ITA
7033,Gross capital formation (% of GDP),1996,25.55400097647,JAM
7034,Gross capital formation (% of GDP),1996,30.5256942747781,JOR
7035,Gross capital formation (% of GDP),1996,32.0269488823051,JPN
7036,Gross capital formation (% of GDP),1996,16.1466394801284,KAZ
7037,Gross capital formation (% of GDP),1996,15.0038226855311,KEN
7038,Gross capital formation (% of GDP),1996,25.1973349630117,KGZ
7039,Gross capital formation (% of GDP),1996,14.7200558132128,KHM
7040,Gross capital formation (% of GDP),1996,,KIR
7041,Gross capital formation (% of GDP),1996,,KNA
7042,Gross capital formation (% of GDP),1996,39.4235194434807,KOR
7043,Gross capital formation (% of GDP),1996,15.1043047586726,KWT
7044,Gross capital formation (% of GDP),1996,18.6688981188347,Latin America & Caribbean (
7045,Gross capital formation (% of GDP),1996,,LAO
7046,Gross capital formation (% of GDP),1996,34.7924986761368,LBN
7047,Gross capital formation (% of GDP),1996,,LBR
7048,Gross capital formation (% of GDP),1996,15.5016420361248,LBY
7049,Gross capital formation (% of GDP),1996,,LCA
7050,Gross capital formation (% of GDP),1996,18.9696237043355,Latin America & Caribbean
7051,Gross capital formation (% of GDP),1996,20.4685027325587,Least developed countries: UN classification
7052,Gross capital formation (% of GDP),1996,14.7782550092083,Low income
7053,Gross capital formation (% of GDP),1996,,LIE
7054,Gross capital formation (% of GDP),1996,24.2490834860857,LKA
7055,Gross capital formation (% of GDP),1996,21.1682034136492,Lower middle income
7056,Gross capital formation (% of GDP),1996,25.1198043235577,Low & middle income
7057,Gross capital formation (% of GDP),1996,,LSO
7058,Gross capital formation (% of GDP),1996,27.1841976943507,Late-demographic dividend
7059,Gross capital formation (% of GDP),1996,20.8827003208451,LTU
7060,Gross capital formation (% of GDP),1996,19.6570289217152,LUX
7061,Gross capital formation (% of GDP),1996,19.5401610884107,LVA
7062,Gross capital formation (% of GDP),1996,19.6173085668311,MAC
7063,Gross capital formation (% of GDP),1996,,MAF
7064,Gross capital formation (% of GDP),1996,24.4714406112807,MAR
7065,Gross capital formation (% of GDP),1996,,MCO
7066,Gross capital formation (% of GDP),1996,24.2453602805595,MDA
7067,Gross capital formation (% of GDP),1996,9.52611618731957,MDG
7068,Gross capital formation (% of GDP),1996,,MDV
7069,Gross capital formation (% of GDP),1996,24.8056384592805,AFG
7070,Gross capital formation (% of GDP),1996,19.7376269610509,MEX
7071,Gross capital formation (% of GDP),1996,,MHL
7072,Gross capital formation (% of GDP),1996,25.2746562017891,Middle income
7073,Gross capital formation (% of GDP),1996,19.0979185637389,MKD
7074,Gross capital formation (% of GDP),1996,19.3917498000322,MLI
7075,Gross capital formation (% of GDP),1996,27.2067300202524,MLT
7076,Gross capital formation (% of GDP),1996,,MMR
7077,Gross capital formation (% of GDP),1996,26.8547339006992,AFG
7078,Gross capital formation (% of GDP),1996,,MNE
7079,Gross capital formation (% of GDP),1996,26.2010287581871,MNG
7080,Gross capital formation (% of GDP),1996,,MNP
7081,Gross capital formation (% of GDP),1996,25.5217857542613,MOZ
7082,Gross capital formation (% of GDP),1996,12.3153931724853,MRT
7083,Gross capital formation (% of GDP),1996,24.3508308483947,MUS
7084,Gross capital formation (% of GDP),1996,,MWI
7085,Gross capital formation (% of GDP),1996,41.4791985244273,MYS
7086,Gross capital formation (% of GDP),1996,21.4999880420582,North America
7087,Gross capital formation (% of GDP),1996,20.4759778969673,NAM
7088,Gross capital formation (% of GDP),1996,,NCL
7089,Gross capital formation (% of GDP),1996,14.6672771049093,NER
7090,Gross capital formation (% of GDP),1996,,NGA
7091,Gross capital formation (% of GDP),1996,22.1768029647152,NIC
7092,Gross capital formation (% of GDP),1996,22.2339994207935,NLD
7093,Gross capital formation (% of GDP),1996,22.9008639652897,NOR
7094,Gross capital formation (% of GDP),1996,27.2050877214127,NPL
7095,Gross capital formation (% of GDP),1996,,NRU
7096,Gross capital formation (% of GDP),1996,23.1451716600231,NZL
7097,Gross capital formation (% of GDP),1996,24.0616713796771,OECD members
7098,Gross capital formation (% of GDP),1996,12.0234341139723,OMN
7099,Gross capital formation (% of GDP),1996,26.3020019121548,Other small states
7100,Gross capital formation (% of GDP),1996,18.9966573482447,PAK
7101,Gross capital formation (% of GDP),1996,26.7353924189405,PAN
7102,Gross capital formation (% of GDP),1996,22.5867586979927,PER
7103,Gross capital formation (% of GDP),1996,23.2823367017063,PHL
7104,Gross capital formation (% of GDP),1996,,PLW
7105,Gross capital formation (% of GDP),1996,22.7455163583381,PNG
7106,Gross capital formation (% of GDP),1996,21.8581629640564,POL
7107,Gross capital formation (% of GDP),1996,,Pre-demographic dividend
7108,Gross capital formation (% of GDP),1996,17.4552188992549,PRI
7109,Gross capital formation (% of GDP),1996,,PRK
7110,Gross capital formation (% of GDP),1996,24.4083515242472,PRT
7111,Gross capital formation (% of GDP),1996,22.1294363736811,PRY
7112,Gross capital formation (% of GDP),1996,36.46175504458,PSE
7113,Gross capital formation (% of GDP),1996,19.1939010388238,Pacific island small states
7114,Gross capital formation (% of GDP),1996,24.1813787726255,Post-demographic dividend
7115,Gross capital formation (% of GDP),1996,,PYF
7116,Gross capital formation (% of GDP),1996,35.7654059244725,QAT
7117,Gross capital formation (% of GDP),1996,23.0950938293071,ROU
7118,Gross capital formation (% of GDP),1996,23.6674001136852,RUS
7119,Gross capital formation (% of GDP),1996,14.3704263730672,RWA
7120,Gross capital formation (% of GDP),1996,23.1257668445364,South Asia
7121,Gross capital formation (% of GDP),1996,18.5713011472742,SAU
7122,Gross capital formation (% of GDP),1996,12.006718003226,SDN
7123,Gross capital formation (% of GDP),1996,16.3904751259118,SEN
7124,Gross capital formation (% of GDP),1996,35.0401245569948,SGP
7125,Gross capital formation (% of GDP),1996,5.71135472235677,SLB
7126,Gross capital formation (% of GDP),1996,11.03600434571,SLE
7127,Gross capital formation (% of GDP),1996,15.3549641813834,SLV
7128,Gross capital formation (% of GDP),1996,,SMR
7129,Gross capital formation (% of GDP),1996,,SOM
7130,Gross capital formation (% of GDP),1996,13.265301224482,SRB
7131,Gross capital formation (% of GDP),1996,17.5960844725062,Sub-Saharan Africa (
7132,Gross capital formation (% of GDP),1996,,SSD
7133,Gross capital formation (% of GDP),1996,17.7350592367862,Sub-Saharan Africa
7134,Gross capital formation (% of GDP),1996,24.8599460719919,Small states
7135,Gross capital formation (% of GDP),1996,,STP
7136,Gross capital formation (% of GDP),1996,,SUR
7137,Gross capital formation (% of GDP),1996,34.5070223435691,SVK
7138,Gross capital formation (% of GDP),1996,25.0155793219414,SVN
7139,Gross capital formation (% of GDP),1996,20.1955938019228,SWE
7140,Gross capital formation (% of GDP),1996,,SWZ
7141,Gross capital formation (% of GDP),1996,,SXM
7142,Gross capital formation (% of GDP),1996,39.0761097711862,SYC
7143,Gross capital formation (% of GDP),1996,,SYR
7144,Gross capital formation (% of GDP),1996,,TCA
7145,Gross capital formation (% of GDP),1996,20.2501604910022,TCD
7146,Gross capital formation (% of GDP),1996,36.4658265427688,East Asia & Pacific (IDA & IBRD countries)
7147,Gross capital formation (% of GDP),1996,22.6222094946445,Europe & Central Asia (IDA & IBRD countries)
7148,Gross capital formation (% of GDP),1996,27.3625391935796,TGO
7149,Gross capital formation (% of GDP),1996,42.5326887141045,THA
7150,Gross capital formation (% of GDP),1996,22.3203307392996,TJK
7151,Gross capital formation (% of GDP),1996,49.4207741935484,TKM
7152,Gross capital formation (% of GDP),1996,19.0497409151938,Latin America & the Caribbean (IDA & IBRD countries)
7153,Gross capital formation (% of GDP),1996,,TLS
7154,Gross capital formation (% of GDP),1996,26.7794160448687,AFG
7155,Gross capital formation (% of GDP),1996,25.903042224632,TON
7156,Gross capital formation (% of GDP),1996,23.1257668445364,South Asia (IDA & IBRD)
7157,Gross capital formation (% of GDP),1996,17.7350592367861,Sub-Saharan Africa (IDA & IBRD countries)
7158,Gross capital formation (% of GDP),1996,,TTO
7159,Gross capital formation (% of GDP),1996,25.0137677472819,TUN
7160,Gross capital formation (% of GDP),1996,24.55131495025,TUR
7161,Gross capital formation (% of GDP),1996,,TUV
7162,Gross capital formation (% of GDP),1996,11.4571208610568,TZA
7163,Gross capital formation (% of GDP),1996,20.1726894202289,UGA
7164,Gross capital formation (% of GDP),1996,22.6707881598155,UKR
7165,Gross capital formation (% of GDP),1996,26.4391212967974,Upper middle income
7166,Gross capital formation (% of GDP),1996,15.2402122742298,URY
7167,Gross capital formation (% of GDP),1996,21.7018025987964,USA
7168,Gross capital formation (% of GDP),1996,23.000095157758,UZB
7169,Gross capital formation (% of GDP),1996,,VCT
7170,Gross capital formation (% of GDP),1996,16.0198316565822,VEN
7171,Gross capital formation (% of GDP),1996,,VGB
7172,Gross capital formation (% of GDP),1996,,VIR
7173,Gross capital formation (% of GDP),1996,28.1028981458336,VNM
7174,Gross capital formation (% of GDP),1996,18.4931506849315,VUT
7175,Gross capital formation (% of GDP),1996,24.4261274305971,World
7176,Gross capital formation (% of GDP),1996,,WSM
7177,Gross capital formation (% of GDP),1996,,XKX
7178,Gross capital formation (% of GDP),1996,,YEM
7179,Gross capital formation (% of GDP),1996,16.5683988950434,ZAF
7180,Gross capital formation (% of GDP),1996,,ZMB
7181,Gross capital formation (% of GDP),1996,18.5419398750864,ZWE
7182,Gross capital formation (% of GDP),1997,30.2334062727936,ABW
7183,Gross capital formation (% of GDP),1997,17.6303680862548,Africa Eastern and Southern
7184,Gross capital formation (% of GDP),1997,,AFG
7185,Gross capital formation (% of GDP),1997,,Africa Western and Central
7186,Gross capital formation (% of GDP),1997,,AGO
7187,Gross capital formation (% of GDP),1997,19.7587807672594,ALB
7188,Gross capital formation (% of GDP),1997,,AND
7189,Gross capital formation (% of GDP),1997,18.6924362391861,Arab World
7190,Gross capital formation (% of GDP),1997,,ARE
7191,Gross capital formation (% of GDP),1997,20.8260515469902,ARG
7192,Gross capital formation (% of GDP),1997,23.2656792922768,ARM
7193,Gross capital formation (% of GDP),1997,,ASM
7194,Gross capital formation (% of GDP),1997,,ATG
7195,Gross capital formation (% of GDP),1997,24.8558828020443,AUS
7196,Gross capital formation (% of GDP),1997,26.3834218161954,AUT
7197,Gross capital formation (% of GDP),1997,34.2367729474717,AZE
7198,Gross capital formation (% of GDP),1997,6.09684947491249,BDI
7199,Gross capital formation (% of GDP),1997,22.3003415862901,BEL
7200,Gross capital formation (% of GDP),1997,18.5448564263514,BEN
7201,Gross capital formation (% of GDP),1997,27.3917783789695,BFA
7202,Gross capital formation (% of GDP),1997,21.8162145054057,BGD
7203,Gross capital formation (% of GDP),1997,9.7273816374924,BGR
7204,Gross capital formation (% of GDP),1997,15.3435407727243,BHR
7205,Gross capital formation (% of GDP),1997,29.0792058569001,BHS
7206,Gross capital formation (% of GDP),1997,41.9999993717899,BIH
7207,Gross capital formation (% of GDP),1997,26.8369544475643,BLR
7208,Gross capital formation (% of GDP),1997,17.9184795053813,BLZ
7209,Gross capital formation (% of GDP),1997,,BMU
7210,Gross capital formation (% of GDP),1997,19.6319690404537,BOL
7211,Gross capital formation (% of GDP),1997,17.7639856110956,BRA
7212,Gross capital formation (% of GDP),1997,,BRB
7213,Gross capital formation (% of GDP),1997,23.6709520501879,BRN
7214,Gross capital formation (% of GDP),1997,27.2132660409736,BTN
7215,Gross capital formation (% of GDP),1997,24.0519865995919,BWA
7216,Gross capital formation (% of GDP),1997,10.0801891360073,CAF
7217,Gross capital formation (% of GDP),1997,21.218002084034,CAN
7218,Gross capital formation (% of GDP),1997,25.8645059788026,Central Europe and the Baltics
7219,Gross capital formation (% of GDP),1997,26.0901916943064,CHE
7220,Gross capital formation (% of GDP),1997,,Channel Islands
7221,Gross capital formation (% of GDP),1997,29.8592656479706,CHL
7222,Gross capital formation (% of GDP),1997,35.7413524462449,CHN
7223,Gross capital formation (% of GDP),1997,16.5285766916775,CIV
7224,Gross capital formation (% of GDP),1997,17.6839404673153,CMR
7225,Gross capital formation (% of GDP),1997,2.50000003125,COD
7226,Gross capital formation (% of GDP),1997,22.2333849671756,COG
7227,Gross capital formation (% of GDP),1997,20.9237506240474,COL
7228,Gross capital formation (% of GDP),1997,18.0422983671295,COM
7229,Gross capital formation (% of GDP),1997,,CPV
7230,Gross capital formation (% of GDP),1997,20.0544180745753,CRI
7231,Gross capital formation (% of GDP),1997,,Caribbean small states
7232,Gross capital formation (% of GDP),1997,14.9539294435905,CUB
7233,Gross capital formation (% of GDP),1997,,CUW
7234,Gross capital formation (% of GDP),1997,,CYM
7235,Gross capital formation (% of GDP),1997,24.0288125482553,CYP
7236,Gross capital formation (% of GDP),1997,32.6953430221502,CZE
7237,Gross capital formation (% of GDP),1997,23.4050264846125,DEU
7238,Gross capital formation (% of GDP),1997,,DJI
7239,Gross capital formation (% of GDP),1997,,DMA
7240,Gross capital formation (% of GDP),1997,22.0150354063714,DNK
7241,Gross capital formation (% of GDP),1997,22.1014052569614,DOM
7242,Gross capital formation (% of GDP),1997,22.4469725267253,DZA
7243,Gross capital formation (% of GDP),1997,34.4059707084888,East Asia & Pacific (
7244,Gross capital formation (% of GDP),1997,23.2361862723406,Early-demographic dividend
7245,Gross capital formation (% of GDP),1997,31.8307093515908,East Asia & Pacific
7246,Gross capital formation (% of GDP),1997,22.7430348098685,Europe & Central Asia (
7247,Gross capital formation (% of GDP),1997,21.4588055757848,Europe & Central Asia
7248,Gross capital formation (% of GDP),1997,16.6179432038656,ECU
7249,Gross capital formation (% of GDP),1997,17.562993606619,EGY
7250,Gross capital formation (% of GDP),1997,21.8204512102523,Euro area
7251,Gross capital formation (% of GDP),1997,31.2807273816123,ERI
7252,Gross capital formation (% of GDP),1997,22.6184122041501,ESP
7253,Gross capital formation (% of GDP),1997,30.7232535651635,EST
7254,Gross capital formation (% of GDP),1997,0.0,ETH
7255,Gross capital formation (% of GDP),1997,21.8976406881538,European Union
7256,Gross capital formation (% of GDP),1997,,Fragile and conflict affected situations
7257,Gross capital formation (% of GDP),1997,21.7633888266946,FIN
7258,Gross capital formation (% of GDP),1997,19.1451053817603,FJI
7259,Gross capital formation (% of GDP),1997,18.8941086598021,FRA
7260,Gross capital formation (% of GDP),1997,,FRO
7261,Gross capital formation (% of GDP),1997,,FSM
7262,Gross capital formation (% of GDP),1997,30.7613138432344,GAB
7263,Gross capital formation (% of GDP),1997,17.7365337920401,GBR
7264,Gross capital formation (% of GDP),1997,17.83745856111,GEO
7265,Gross capital formation (% of GDP),1997,24.8062125356045,GHA
7266,Gross capital formation (% of GDP),1997,,GIB
7267,Gross capital formation (% of GDP),1997,14.4085318460251,GIN
7268,Gross capital formation (% of GDP),1997,5.17516950891356,GMB
7269,Gross capital formation (% of GDP),1997,53.9278362124338,GNB
7270,Gross capital formation (% of GDP),1997,,GNQ
7271,Gross capital formation (% of GDP),1997,21.1326433933714,GRC
7272,Gross capital formation (% of GDP),1997,,GRD
7273,Gross capital formation (% of GDP),1997,,GRL
7274,Gross capital formation (% of GDP),1997,13.6845417528487,GTM
7275,Gross capital formation (% of GDP),1997,,GUM
7276,Gross capital formation (% of GDP),1997,31.8879419916993,GUY
7277,Gross capital formation (% of GDP),1997,24.0736504570902,High income
7278,Gross capital formation (% of GDP),1997,34.2001903745076,HKG
7279,Gross capital formation (% of GDP),1997,29.4868652673726,HND
7280,Gross capital formation (% of GDP),1997,17.730676749257,Heavily indebted poor countries (HIPC)
7281,Gross capital formation (% of GDP),1997,24.6498558571334,HRV
7282,Gross capital formation (% of GDP),1997,24.528756064141,HTI
7283,Gross capital formation (% of GDP),1997,26.4418752273102,HUN
7284,Gross capital formation (% of GDP),1997,25.1548772921369,IBRD only
7285,Gross capital formation (% of GDP),1997,24.4450374410592,IDA & IBRD total
7286,Gross capital formation (% of GDP),1997,16.8419930119592,IDA total
7287,Gross capital formation (% of GDP),1997,,IDA blend
7288,Gross capital formation (% of GDP),1997,30.3076757881764,IDN
7289,Gross capital formation (% of GDP),1997,19.8767144087631,IDA only
7290,Gross capital formation (% of GDP),1997,,IMN
7291,Gross capital formation (% of GDP),1997,25.6927329065132,IND
7292,Gross capital formation (% of GDP),1997,,Not classified
7293,Gross capital formation (% of GDP),1997,22.2290100151542,IRL
7294,Gross capital formation (% of GDP),1997,35.5428395126363,IRN
7295,Gross capital formation (% of GDP),1997,4.20360065470786,IRQ
7296,Gross capital formation (% of GDP),1997,21.7744669702227,ISL
7297,Gross capital formation (% of GDP),1997,27.9980908339097,ISR
7298,Gross capital formation (% of GDP),1997,20.0130655736926,ITA
7299,Gross capital formation (% of GDP),1997,25.6947736878739,JAM
7300,Gross capital formation (% of GDP),1997,25.7294687871061,JOR
7301,Gross capital formation (% of GDP),1997,31.1103727489921,JPN
7302,Gross capital formation (% of GDP),1997,15.5982639039436,KAZ
7303,Gross capital formation (% of GDP),1997,15.1409881437805,KEN
7304,Gross capital formation (% of GDP),1997,21.6801311360015,KGZ
7305,Gross capital formation (% of GDP),1997,15.0204998406386,KHM
7306,Gross capital formation (% of GDP),1997,,KIR
7307,Gross capital formation (% of GDP),1997,,KNA
7308,Gross capital formation (% of GDP),1997,37.1886218828056,KOR
7309,Gross capital formation (% of GDP),1997,13.6389803078193,KWT
7310,Gross capital formation (% of GDP),1997,19.5190957704838,Latin America & Caribbean (
7311,Gross capital formation (% of GDP),1997,,LAO
7312,Gross capital formation (% of GDP),1997,29.2164948453608,LBN
7313,Gross capital formation (% of GDP),1997,,LBR
7314,Gross capital formation (% of GDP),1997,12.3612976182062,LBY
7315,Gross capital formation (% of GDP),1997,,LCA
7316,Gross capital formation (% of GDP),1997,20.2094701152077,Latin America & Caribbean
7317,Gross capital formation (% of GDP),1997,19.2302313923948,Least developed countries: UN classification
7318,Gross capital formation (% of GDP),1997,11.720883016906,Low income
7319,Gross capital formation (% of GDP),1997,,LIE
7320,Gross capital formation (% of GDP),1997,24.3861426620179,LKA
7321,Gross capital formation (% of GDP),1997,22.1635948320539,Lower middle income
7322,Gross capital formation (% of GDP),1997,24.5544975446415,Low & middle income
7323,Gross capital formation (% of GDP),1997,,LSO
7324,Gross capital formation (% of GDP),1997,26.3194441872465,Late-demographic dividend
7325,Gross capital formation (% of GDP),1997,24.4102794045778,LTU
7326,Gross capital formation (% of GDP),1997,21.3391964245058,LUX
7327,Gross capital formation (% of GDP),1997,21.3379833136483,LVA
7328,Gross capital formation (% of GDP),1997,18.6832525318749,MAC
7329,Gross capital formation (% of GDP),1997,,MAF
7330,Gross capital formation (% of GDP),1997,24.9216637673309,MAR
7331,Gross capital formation (% of GDP),1997,,MCO
7332,Gross capital formation (% of GDP),1997,23.8135466343687,MDA
7333,Gross capital formation (% of GDP),1997,10.1519133023369,MDG
7334,Gross capital formation (% of GDP),1997,,MDV
7335,Gross capital formation (% of GDP),1997,22.5497689790896,AFG
7336,Gross capital formation (% of GDP),1997,21.1460171251619,MEX
7337,Gross capital formation (% of GDP),1997,,MHL
7338,Gross capital formation (% of GDP),1997,24.7416115460575,Middle income
7339,Gross capital formation (% of GDP),1997,19.9395889871872,MKD
7340,Gross capital formation (% of GDP),1997,20.6644626758622,MLI
7341,Gross capital formation (% of GDP),1997,25.093984962406,MLT
7342,Gross capital formation (% of GDP),1997,,MMR
7343,Gross capital formation (% of GDP),1997,23.040610899696,AFG
7344,Gross capital formation (% of GDP),1997,,MNE
7345,Gross capital formation (% of GDP),1997,25.0346861382196,MNG
7346,Gross capital formation (% of GDP),1997,,MNP
7347,Gross capital formation (% of GDP),1997,25.1781264491375,MOZ
7348,Gross capital formation (% of GDP),1997,10.5788353809704,MRT
7349,Gross capital formation (% of GDP),1997,28.9983460324586,MUS
7350,Gross capital formation (% of GDP),1997,,MWI
7351,Gross capital formation (% of GDP),1997,42.9730832697528,MYS
7352,Gross capital formation (% of GDP),1997,22.324136404361,North America
7353,Gross capital formation (% of GDP),1997,17.7196320713032,NAM
7354,Gross capital formation (% of GDP),1997,,NCL
7355,Gross capital formation (% of GDP),1997,13.6301846813521,NER
7356,Gross capital formation (% of GDP),1997,,NGA
7357,Gross capital formation (% of GDP),1997,26.2856001166473,NIC
7358,Gross capital formation (% of GDP),1997,22.5539685116053,NLD
7359,Gross capital formation (% of GDP),1997,25.1989766414916,NOR
7360,Gross capital formation (% of GDP),1997,25.3407150470745,NPL
7361,Gross capital formation (% of GDP),1997,,NRU
7362,Gross capital formation (% of GDP),1997,22.9289700901589,NZL
7363,Gross capital formation (% of GDP),1997,23.9453352188342,OECD members
7364,Gross capital formation (% of GDP),1997,15.4909678070441,OMN
7365,Gross capital formation (% of GDP),1997,26.1796683416218,Other small states
7366,Gross capital formation (% of GDP),1997,17.9191965447603,PAK
7367,Gross capital formation (% of GDP),1997,27.0385979540573,PAN
7368,Gross capital formation (% of GDP),1997,23.7894193215196,PER
7369,Gross capital formation (% of GDP),1997,24.0644880296074,PHL
7370,Gross capital formation (% of GDP),1997,,PLW
7371,Gross capital formation (% of GDP),1997,21.0575795242669,PNG
7372,Gross capital formation (% of GDP),1997,23.7783189882881,POL
7373,Gross capital formation (% of GDP),1997,,Pre-demographic dividend
7374,Gross capital formation (% of GDP),1997,18.5658388347954,PRI
7375,Gross capital formation (% of GDP),1997,,PRK
7376,Gross capital formation (% of GDP),1997,26.5243441476558,PRT
7377,Gross capital formation (% of GDP),1997,22.9182364662212,PRY
7378,Gross capital formation (% of GDP),1997,35.0417575402947,PSE
7379,Gross capital formation (% of GDP),1997,19.4237846746793,Pacific island small states
7380,Gross capital formation (% of GDP),1997,24.0788797842055,Post-demographic dividend
7381,Gross capital formation (% of GDP),1997,,PYF
7382,Gross capital formation (% of GDP),1997,35.4318648630863,QAT
7383,Gross capital formation (% of GDP),1997,21.2987400049412,ROU
7384,Gross capital formation (% of GDP),1997,21.9763894687502,RUS
7385,Gross capital formation (% of GDP),1997,13.8097794362117,RWA
7386,Gross capital formation (% of GDP),1997,25.789835835099,South Asia
7387,Gross capital formation (% of GDP),1997,18.7775729083204,SAU
7388,Gross capital formation (% of GDP),1997,8.97458620000376,SDN
7389,Gross capital formation (% of GDP),1997,15.8480598951591,SEN
7390,Gross capital formation (% of GDP),1997,38.1697972076704,SGP
7391,Gross capital formation (% of GDP),1997,6.59114710842544,SLB
7392,Gross capital formation (% of GDP),1997,-2.42435790046364,SLE
7393,Gross capital formation (% of GDP),1997,15.0832034797636,SLV
7394,Gross capital formation (% of GDP),1997,,SMR
7395,Gross capital formation (% of GDP),1997,,SOM
7396,Gross capital formation (% of GDP),1997,13.7460593712061,SRB
7397,Gross capital formation (% of GDP),1997,16.7528258250097,Sub-Saharan Africa (
7398,Gross capital formation (% of GDP),1997,,SSD
7399,Gross capital formation (% of GDP),1997,16.8900807794053,Sub-Saharan Africa
7400,Gross capital formation (% of GDP),1997,25.1314086665989,Small states
7401,Gross capital formation (% of GDP),1997,,STP
7402,Gross capital formation (% of GDP),1997,,SUR
7403,Gross capital formation (% of GDP),1997,35.4088096834732,SVK
7404,Gross capital formation (% of GDP),1997,26.1603855436481,SVN
7405,Gross capital formation (% of GDP),1997,19.9811823481246,SWE
7406,Gross capital formation (% of GDP),1997,,SWZ
7407,Gross capital formation (% of GDP),1997,,SXM
7408,Gross capital formation (% of GDP),1997,31.3988822674612,SYC
7409,Gross capital formation (% of GDP),1997,,SYR
7410,Gross capital formation (% of GDP),1997,,TCA
7411,Gross capital formation (% of GDP),1997,19.4847788586122,TCD
7412,Gross capital formation (% of GDP),1997,34.4057082023097,East Asia & Pacific (IDA & IBRD countries)
7413,Gross capital formation (% of GDP),1997,22.4480715147324,Europe & Central Asia (IDA & IBRD countries)
7414,Gross capital formation (% of GDP),1997,26.1903864591866,TGO
7415,Gross capital formation (% of GDP),1997,34.2747292641036,THA
7416,Gross capital formation (% of GDP),1997,19.6888653029718,TJK
7417,Gross capital formation (% of GDP),1997,38.6768676867687,TKM
7418,Gross capital formation (% of GDP),1997,20.3107141775454,Latin America & the Caribbean (IDA & IBRD countries)
7419,Gross capital formation (% of GDP),1997,,TLS
7420,Gross capital formation (% of GDP),1997,22.9401239510198,AFG
7421,Gross capital formation (% of GDP),1997,17.3515332881513,TON
7422,Gross capital formation (% of GDP),1997,25.789835835099,South Asia (IDA & IBRD)
7423,Gross capital formation (% of GDP),1997,16.8900807794053,Sub-Saharan Africa (IDA & IBRD countries)
7424,Gross capital formation (% of GDP),1997,,TTO
7425,Gross capital formation (% of GDP),1997,24.4588857797885,TUN
7426,Gross capital formation (% of GDP),1997,25.1107862720154,TUR
7427,Gross capital formation (% of GDP),1997,,TUV
7428,Gross capital formation (% of GDP),1997,10.2603824139834,TZA
7429,Gross capital formation (% of GDP),1997,18.1785564881152,UGA
7430,Gross capital formation (% of GDP),1997,21.4459381995394,UKR
7431,Gross capital formation (% of GDP),1997,25.4999015499905,Upper middle income
7432,Gross capital formation (% of GDP),1997,16.8452933890758,URY
7433,Gross capital formation (% of GDP),1997,22.4097154992473,USA
7434,Gross capital formation (% of GDP),1997,18.8993990766049,UZB
7435,Gross capital formation (% of GDP),1997,,VCT
7436,Gross capital formation (% of GDP),1997,27.6725251281192,VEN
7437,Gross capital formation (% of GDP),1997,,VGB
7438,Gross capital formation (% of GDP),1997,,VIR
7439,Gross capital formation (% of GDP),1997,28.2995826198971,VNM
7440,Gross capital formation (% of GDP),1997,17.6706954375751,VUT
7441,Gross capital formation (% of GDP),1997,24.2806564768881,World
7442,Gross capital formation (% of GDP),1997,,WSM
7443,Gross capital formation (% of GDP),1997,,XKX
7444,Gross capital formation (% of GDP),1997,,YEM
7445,Gross capital formation (% of GDP),1997,16.2941004369842,ZAF
7446,Gross capital formation (% of GDP),1997,,ZMB
7447,Gross capital formation (% of GDP),1997,18.1339025280004,ZWE
7448,Gross capital formation (% of GDP),1998,31.7007715531701,ABW
7449,Gross capital formation (% of GDP),1998,19.0478328734968,Africa Eastern and Southern
7450,Gross capital formation (% of GDP),1998,,AFG
7451,Gross capital formation (% of GDP),1998,,Africa Western and Central
7452,Gross capital formation (% of GDP),1998,,AGO
7453,Gross capital formation (% of GDP),1998,22.7895725962923,ALB
7454,Gross capital formation (% of GDP),1998,,AND
7455,Gross capital formation (% of GDP),1998,22.2476997061358,Arab World
7456,Gross capital formation (% of GDP),1998,,ARE
7457,Gross capital formation (% of GDP),1998,20.9707691548621,ARG
7458,Gross capital formation (% of GDP),1998,22.6863518699904,ARM
7459,Gross capital formation (% of GDP),1998,,ASM
7460,Gross capital formation (% of GDP),1998,,ATG
7461,Gross capital formation (% of GDP),1998,25.6440499626638,AUS
7462,Gross capital formation (% of GDP),1998,26.2499845729946,AUT
7463,Gross capital formation (% of GDP),1998,33.3662733244202,AZE
7464,Gross capital formation (% of GDP),1998,6.77161419290355,BDI
7465,Gross capital formation (% of GDP),1998,22.3486590795955,BEL
7466,Gross capital formation (% of GDP),1998,18.1551570848512,BEN
7467,Gross capital formation (% of GDP),1998,24.1745628345865,BFA
7468,Gross capital formation (% of GDP),1998,22.1214128239602,BGD
7469,Gross capital formation (% of GDP),1998,18.7086050292142,BGR
7470,Gross capital formation (% of GDP),1998,18.8405037317512,BHR
7471,Gross capital formation (% of GDP),1998,32.1122399103205,BHS
7472,Gross capital formation (% of GDP),1998,38.0000002760846,BIH
7473,Gross capital formation (% of GDP),1998,26.7119649197264,BLR
7474,Gross capital formation (% of GDP),1998,16.7294244217321,BLZ
7475,Gross capital formation (% of GDP),1998,,BMU
7476,Gross capital formation (% of GDP),1998,23.6065117115701,BOL
7477,Gross capital formation (% of GDP),1998,18.1647519194741,BRA
7478,Gross capital formation (% of GDP),1998,,BRB
7479,Gross capital formation (% of GDP),1998,24.6719369500098,BRN
7480,Gross capital formation (% of GDP),1998,31.3105533972852,BTN
7481,Gross capital formation (% of GDP),1998,37.9366725943489,BWA
7482,Gross capital formation (% of GDP),1998,11.0127689102356,CAF
7483,Gross capital formation (% of GDP),1998,21.0452729764529,CAN
7484,Gross capital formation (% of GDP),1998,26.1570541513133,Central Europe and the Baltics
7485,Gross capital formation (% of GDP),1998,27.4131052425492,CHE
7486,Gross capital formation (% of GDP),1998,,Channel Islands
7487,Gross capital formation (% of GDP),1998,28.6186862846601,CHL
7488,Gross capital formation (% of GDP),1998,34.9859486932226,CHN
7489,Gross capital formation (% of GDP),1998,20.2721403299213,CIV
7490,Gross capital formation (% of GDP),1998,18.4534049673478,CMR
7491,Gross capital formation (% of GDP),1998,2.10000002102123,COD
7492,Gross capital formation (% of GDP),1998,26.6843752717155,COG
7493,Gross capital formation (% of GDP),1998,19.7280791808155,COL
7494,Gross capital formation (% of GDP),1998,18.0422766049696,COM
7495,Gross capital formation (% of GDP),1998,,CPV
7496,Gross capital formation (% of GDP),1998,22.6617794576162,CRI
7497,Gross capital formation (% of GDP),1998,,Caribbean small states
7498,Gross capital formation (% of GDP),1998,13.2031250825681,CUB
7499,Gross capital formation (% of GDP),1998,,CUW
7500,Gross capital formation (% of GDP),1998,,CYM
7501,Gross capital formation (% of GDP),1998,19.0397138826455,CYP
7502,Gross capital formation (% of GDP),1998,30.7431840522591,CZE
7503,Gross capital formation (% of GDP),1998,24.0608017564073,DEU
7504,Gross capital formation (% of GDP),1998,,DJI
7505,Gross capital formation (% of GDP),1998,,DMA
7506,Gross capital formation (% of GDP),1998,22.5996961616985,DNK
7507,Gross capital formation (% of GDP),1998,28.0693783386682,DOM
7508,Gross capital formation (% of GDP),1998,27.1484816562939,DZA
7509,Gross capital formation (% of GDP),1998,31.8727537502361,East Asia & Pacific (
7510,Gross capital formation (% of GDP),1998,23.4686239537704,Early-demographic dividend
7511,Gross capital formation (% of GDP),1998,29.6179936932815,East Asia & Pacific
7512,Gross capital formation (% of GDP),1998,22.4135777955669,Europe & Central Asia (
7513,Gross capital formation (% of GDP),1998,21.9712329176815,Europe & Central Asia
7514,Gross capital formation (% of GDP),1998,19.9849105614128,ECU
7515,Gross capital formation (% of GDP),1998,21.5031315240083,EGY
7516,Gross capital formation (% of GDP),1998,22.5637717274777,Euro area
7517,Gross capital formation (% of GDP),1998,32.2868589150857,ERI
7518,Gross capital formation (% of GDP),1998,23.934271607516,ESP
7519,Gross capital formation (% of GDP),1998,31.6245038899654,EST
7520,Gross capital formation (% of GDP),1998,0.0,ETH
7521,Gross capital formation (% of GDP),1998,22.6514009180908,European Union
7522,Gross capital formation (% of GDP),1998,,Fragile and conflict affected situations
7523,Gross capital formation (% of GDP),1998,23.0231418820736,FIN
7524,Gross capital formation (% of GDP),1998,27.4664789161212,FJI
7525,Gross capital formation (% of GDP),1998,20.1267071009099,FRA
7526,Gross capital formation (% of GDP),1998,22.1189565969173,FRO
7527,Gross capital formation (% of GDP),1998,,FSM
7528,Gross capital formation (% of GDP),1998,39.5576567296786,GAB
7529,Gross capital formation (% of GDP),1998,18.258269145449,GBR
7530,Gross capital formation (% of GDP),1998,27.1704525995102,GEO
7531,Gross capital formation (% of GDP),1998,23.1093894542091,GHA
7532,Gross capital formation (% of GDP),1998,,GIB
7533,Gross capital formation (% of GDP),1998,13.1736985505463,GIN
7534,Gross capital formation (% of GDP),1998,4.88440201890588,GMB
7535,Gross capital formation (% of GDP),1998,30.6089755651661,GNB
7536,Gross capital formation (% of GDP),1998,,GNQ
7537,Gross capital formation (% of GDP),1998,23.7367131010281,GRC
7538,Gross capital formation (% of GDP),1998,,GRD
7539,Gross capital formation (% of GDP),1998,,GRL
7540,Gross capital formation (% of GDP),1998,17.3955162051438,GTM
7541,Gross capital formation (% of GDP),1998,,GUM
7542,Gross capital formation (% of GDP),1998,28.9207551153805,GUY
7543,Gross capital formation (% of GDP),1998,23.8297752165188,High income
7544,Gross capital formation (% of GDP),1998,29.0038636957848,HKG
7545,Gross capital formation (% of GDP),1998,28.3487684708171,HND
7546,Gross capital formation (% of GDP),1998,19.9754145697024,Heavily indebted poor countries (HIPC)
7547,Gross capital formation (% of GDP),1998,20.9269069316169,HRV
7548,Gross capital formation (% of GDP),1998,26.0044129085512,HTI
7549,Gross capital formation (% of GDP),1998,28.8224890364809,HUN
7550,Gross capital formation (% of GDP),1998,24.3378835303119,IBRD only
7551,Gross capital formation (% of GDP),1998,23.6258356798458,IDA & IBRD total
7552,Gross capital formation (% of GDP),1998,17.2876954911138,IDA total
7553,Gross capital formation (% of GDP),1998,,IDA blend
7554,Gross capital formation (% of GDP),1998,27.4295066667294,IDN
7555,Gross capital formation (% of GDP),1998,20.9212521230081,IDA only
7556,Gross capital formation (% of GDP),1998,,IMN
7557,Gross capital formation (% of GDP),1998,24.9753699423901,IND
7558,Gross capital formation (% of GDP),1998,,Not classified
7559,Gross capital formation (% of GDP),1998,24.0979632507511,IRL
7560,Gross capital formation (% of GDP),1998,33.8589348077313,IRN
7561,Gross capital formation (% of GDP),1998,7.39214687039576,IRQ
7562,Gross capital formation (% of GDP),1998,25.8634206795628,ISL
7563,Gross capital formation (% of GDP),1998,26.3098951191508,ISR
7564,Gross capital formation (% of GDP),1998,20.2331937912659,ITA
7565,Gross capital formation (% of GDP),1998,22.6006625733252,JAM
7566,Gross capital formation (% of GDP),1998,21.8189596777069,JOR
7567,Gross capital formation (% of GDP),1998,29.5908237393136,JPN
7568,Gross capital formation (% of GDP),1998,15.8045617414779,KAZ
7569,Gross capital formation (% of GDP),1998,16.6927164077638,KEN
7570,Gross capital formation (% of GDP),1998,15.4440719221565,KGZ
7571,Gross capital formation (% of GDP),1998,11.8337696618173,KHM
7572,Gross capital formation (% of GDP),1998,,KIR
7573,Gross capital formation (% of GDP),1998,,KNA
7574,Gross capital formation (% of GDP),1998,27.7790487352091,KOR
7575,Gross capital formation (% of GDP),1998,18.451906659078,KWT
7576,Gross capital formation (% of GDP),1998,20.2599464207318,Latin America & Caribbean (
7577,Gross capital formation (% of GDP),1998,,LAO
7578,Gross capital formation (% of GDP),1998,28.4026157788061,LBN
7579,Gross capital formation (% of GDP),1998,,LBR
7580,Gross capital formation (% of GDP),1998,11.9604457698948,LBY
7581,Gross capital formation (% of GDP),1998,,LCA
7582,Gross capital formation (% of GDP),1998,20.9268050773432,Latin America & Caribbean
7583,Gross capital formation (% of GDP),1998,20.8997007845427,Least developed countries: UN classification
7584,Gross capital formation (% of GDP),1998,12.0838569150354,Low income
7585,Gross capital formation (% of GDP),1998,,LIE
7586,Gross capital formation (% of GDP),1998,25.1367897004477,LKA
7587,Gross capital formation (% of GDP),1998,21.8980481238315,Lower middle income
7588,Gross capital formation (% of GDP),1998,23.8666920975945,Low & middle income
7589,Gross capital formation (% of GDP),1998,,LSO
7590,Gross capital formation (% of GDP),1998,25.0928618857354,Late-demographic dividend
7591,Gross capital formation (% of GDP),1998,24.1915315326061,LTU
7592,Gross capital formation (% of GDP),1998,22.3255803948791,LUX
7593,Gross capital formation (% of GDP),1998,26.0984734784542,LVA
7594,Gross capital formation (% of GDP),1998,16.0053836793392,MAC
7595,Gross capital formation (% of GDP),1998,,MAF
7596,Gross capital formation (% of GDP),1998,24.999620047703,MAR
7597,Gross capital formation (% of GDP),1998,,MCO
7598,Gross capital formation (% of GDP),1998,25.8731282982353,MDA
7599,Gross capital formation (% of GDP),1998,12.2465309420613,MDG
7600,Gross capital formation (% of GDP),1998,,MDV
7601,Gross capital formation (% of GDP),1998,24.3438584878083,AFG
7602,Gross capital formation (% of GDP),1998,22.8039516150861,MEX
7603,Gross capital formation (% of GDP),1998,,MHL
7604,Gross capital formation (% of GDP),1998,24.0454754532234,Middle income
7605,Gross capital formation (% of GDP),1998,21.1653905377665,MKD
7606,Gross capital formation (% of GDP),1998,19.8043163845826,MLI
7607,Gross capital formation (% of GDP),1998,26.0348343713829,MLT
7608,Gross capital formation (% of GDP),1998,,MMR
7609,Gross capital formation (% of GDP),1998,23.8594262647791,AFG
7610,Gross capital formation (% of GDP),1998,,MNE
7611,Gross capital formation (% of GDP),1998,30.4655243154493,MNG
7612,Gross capital formation (% of GDP),1998,,MNP
7613,Gross capital formation (% of GDP),1998,27.6954548193794,MOZ
7614,Gross capital formation (% of GDP),1998,9.76230646855597,MRT
7615,Gross capital formation (% of GDP),1998,25.4361341581941,MUS
7616,Gross capital formation (% of GDP),1998,,MWI
7617,Gross capital formation (% of GDP),1998,26.6749751979749,MYS
7618,Gross capital formation (% of GDP),1998,22.8320785447488,North America
7619,Gross capital formation (% of GDP),1998,22.349702659318,NAM
7620,Gross capital formation (% of GDP),1998,21.2664855722331,NCL
7621,Gross capital formation (% of GDP),1998,14.6266294101088,NER
7622,Gross capital formation (% of GDP),1998,,NGA
7623,Gross capital formation (% of GDP),1998,25.8244333825796,NIC
7624,Gross capital formation (% of GDP),1998,22.7426875258017,NLD
7625,Gross capital formation (% of GDP),1998,28.2518520937403,NOR
7626,Gross capital formation (% of GDP),1998,24.8393691103392,NPL
7627,Gross capital formation (% of GDP),1998,,NRU
7628,Gross capital formation (% of GDP),1998,20.8114129519031,NZL
7629,Gross capital formation (% of GDP),1998,23.8038537003727,OECD members
7630,Gross capital formation (% of GDP),1998,38.1439455341222,OMN
7631,Gross capital formation (% of GDP),1998,25.898718236687,Other small states
7632,Gross capital formation (% of GDP),1998,17.7111996462578,PAK
7633,Gross capital formation (% of GDP),1998,29.8237024522318,PAN
7634,Gross capital formation (% of GDP),1998,23.2049499956946,PER
7635,Gross capital formation (% of GDP),1998,19.9889156434332,PHL
7636,Gross capital formation (% of GDP),1998,,PLW
7637,Gross capital formation (% of GDP),1998,17.9066853759803,PNG
7638,Gross capital formation (% of GDP),1998,25.2181635520769,POL
7639,Gross capital formation (% of GDP),1998,,Pre-demographic dividend
7640,Gross capital formation (% of GDP),1998,16.9175615311797,PRI
7641,Gross capital formation (% of GDP),1998,,PRK
7642,Gross capital formation (% of GDP),1998,28.3167621107077,PRT
7643,Gross capital formation (% of GDP),1998,20.1120681390739,PRY
7644,Gross capital formation (% of GDP),1998,34.4682629431142,PSE
7645,Gross capital formation (% of GDP),1998,24.733309881059,Pacific island small states
7646,Gross capital formation (% of GDP),1998,23.8281371331125,Post-demographic dividend
7647,Gross capital formation (% of GDP),1998,,PYF
7648,Gross capital formation (% of GDP),1998,31.9742817907545,QAT
7649,Gross capital formation (% of GDP),1998,18.3829311197399,ROU
7650,Gross capital formation (% of GDP),1998,14.9641222334913,RUS
7651,Gross capital formation (% of GDP),1998,14.8076611218115,RWA
7652,Gross capital formation (% of GDP),1998,25.207373335936,South Asia
7653,Gross capital formation (% of GDP),1998,22.9493393991366,SAU
7654,Gross capital formation (% of GDP),1998,10.2263950817264,SDN
7655,Gross capital formation (% of GDP),1998,18.7449802067005,SEN
7656,Gross capital formation (% of GDP),1998,31.4900376302754,SGP
7657,Gross capital formation (% of GDP),1998,7.21564930020228,SLB
7658,Gross capital formation (% of GDP),1998,5.31347525555798,SLE
7659,Gross capital formation (% of GDP),1998,18.651055747783,SLV
7660,Gross capital formation (% of GDP),1998,,SMR
7661,Gross capital formation (% of GDP),1998,,SOM
7662,Gross capital formation (% of GDP),1998,8.67046343948887,SRB
7663,Gross capital formation (% of GDP),1998,17.1951641405989,Sub-Saharan Africa (
7664,Gross capital formation (% of GDP),1998,,SSD
7665,Gross capital formation (% of GDP),1998,17.3691591298119,Sub-Saharan Africa
7666,Gross capital formation (% of GDP),1998,25.2962036080498,Small states
7667,Gross capital formation (% of GDP),1998,,STP
7668,Gross capital formation (% of GDP),1998,,SUR
7669,Gross capital formation (% of GDP),1998,35.0370947134417,SVK
7670,Gross capital formation (% of GDP),1998,27.2139263723358,SVN
7671,Gross capital formation (% of GDP),1998,21.1026005957619,SWE
7672,Gross capital formation (% of GDP),1998,,SWZ
7673,Gross capital formation (% of GDP),1998,,SXM
7674,Gross capital formation (% of GDP),1998,34.433684667664,SYC
7675,Gross capital formation (% of GDP),1998,,SYR
7676,Gross capital formation (% of GDP),1998,,TCA
7677,Gross capital formation (% of GDP),1998,16.9342205128578,TCD
7678,Gross capital formation (% of GDP),1998,31.8722201003154,East Asia & Pacific (IDA & IBRD countries)
7679,Gross capital formation (% of GDP),1998,20.5622642339884,Europe & Central Asia (IDA & IBRD countries)
7680,Gross capital formation (% of GDP),1998,20.9660389265605,TGO
7681,Gross capital formation (% of GDP),1998,20.0714955249893,THA
7682,Gross capital formation (% of GDP),1998,15.4240612503657,TJK
7683,Gross capital formation (% of GDP),1998,45.4948195784209,TKM
7684,Gross capital formation (% of GDP),1998,21.1097179731641,Latin America & the Caribbean (IDA & IBRD countries)
7685,Gross capital formation (% of GDP),1998,,TLS
7686,Gross capital formation (% of GDP),1998,23.765030439173,AFG
7687,Gross capital formation (% of GDP),1998,20.4553114477437,TON
7688,Gross capital formation (% of GDP),1998,25.207373335936,South Asia (IDA & IBRD)
7689,Gross capital formation (% of GDP),1998,17.3691591298118,Sub-Saharan Africa (IDA & IBRD countries)
7690,Gross capital formation (% of GDP),1998,,TTO
7691,Gross capital formation (% of GDP),1998,24.9171281844729,TUN
7692,Gross capital formation (% of GDP),1998,23.8808516756945,TUR
7693,Gross capital formation (% of GDP),1998,,TUV
7694,Gross capital formation (% of GDP),1998,21.0338676209662,TZA
7695,Gross capital formation (% of GDP),1998,16.4471450744691,UGA
7696,Gross capital formation (% of GDP),1998,20.8172104334604,UKR
7697,Gross capital formation (% of GDP),1998,24.7405257580664,Upper middle income
7698,Gross capital formation (% of GDP),1998,17.3375780810385,URY
7699,Gross capital formation (% of GDP),1998,22.9583362435764,USA
7700,Gross capital formation (% of GDP),1998,20.9006339688086,UZB
7701,Gross capital formation (% of GDP),1998,,VCT
7702,Gross capital formation (% of GDP),1998,30.6604025312076,VEN
7703,Gross capital formation (% of GDP),1998,,VGB
7704,Gross capital formation (% of GDP),1998,,VIR
7705,Gross capital formation (% of GDP),1998,29.0498785375758,VNM
7706,Gross capital formation (% of GDP),1998,17.1465303315693,VUT
7707,Gross capital formation (% of GDP),1998,23.97209157012,World
7708,Gross capital formation (% of GDP),1998,,WSM
7709,Gross capital formation (% of GDP),1998,,XKX
7710,Gross capital formation (% of GDP),1998,,YEM
7711,Gross capital formation (% of GDP),1998,16.4278913701127,ZAF
7712,Gross capital formation (% of GDP),1998,,ZMB
7713,Gross capital formation (% of GDP),1998,20.7504607723606,ZWE
7714,Gross capital formation (% of GDP),1999,30.8690012970169,ABW
7715,Gross capital formation (% of GDP),1999,18.6390507765675,Africa Eastern and Southern
7716,Gross capital formation (% of GDP),1999,,AFG
7717,Gross capital formation (% of GDP),1999,,Africa Western and Central
7718,Gross capital formation (% of GDP),1999,,AGO
7719,Gross capital formation (% of GDP),1999,24.2715109633495,ALB
7720,Gross capital formation (% of GDP),1999,,AND
7721,Gross capital formation (% of GDP),1999,21.8956979214247,Arab World
7722,Gross capital formation (% of GDP),1999,,ARE
7723,Gross capital formation (% of GDP),1999,17.8629278753399,ARG
7724,Gross capital formation (% of GDP),1999,20.7688804703858,ARM
7725,Gross capital formation (% of GDP),1999,,ASM
7726,Gross capital formation (% of GDP),1999,,ATG
7727,Gross capital formation (% of GDP),1999,26.1458941440029,AUS
7728,Gross capital formation (% of GDP),1999,26.2733169274141,AUT
7729,Gross capital formation (% of GDP),1999,26.4946623930492,AZE
7730,Gross capital formation (% of GDP),1999,5.88493631971893,BDI
7731,Gross capital formation (% of GDP),1999,22.6890118180362,BEL
7732,Gross capital formation (% of GDP),1999,18.227093726169,BEN
7733,Gross capital formation (% of GDP),1999,17.2965015904257,BFA
7734,Gross capital formation (% of GDP),1999,22.7213703034657,BGD
7735,Gross capital formation (% of GDP),1999,19.8436996364963,BGR
7736,Gross capital formation (% of GDP),1999,6.95233313658607,BHR
7737,Gross capital formation (% of GDP),1999,28.7524385498453,BHS
7738,Gross capital formation (% of GDP),1999,27.9999793095576,BIH
7739,Gross capital formation (% of GDP),1999,23.7067689249137,BLR
7740,Gross capital formation (% of GDP),1999,21.4446388402899,BLZ
7741,Gross capital formation (% of GDP),1999,,BMU
7742,Gross capital formation (% of GDP),1999,18.771852078251,BOL
7743,Gross capital formation (% of GDP),1999,17.3895597435179,BRA
7744,Gross capital formation (% of GDP),1999,,BRB
7745,Gross capital formation (% of GDP),1999,15.5887590060006,BRN
7746,Gross capital formation (% of GDP),1999,35.2474105213207,BTN
7747,Gross capital formation (% of GDP),1999,25.6259512487481,BWA
7748,Gross capital formation (% of GDP),1999,12.9619643989924,CAF
7749,Gross capital formation (% of GDP),1999,20.6842428493616,CAN
7750,Gross capital formation (% of GDP),1999,25.424503535867,Central Europe and the Baltics
7751,Gross capital formation (% of GDP),1999,27.0802719493725,CHE
7752,Gross capital formation (% of GDP),1999,,Channel Islands
7753,Gross capital formation (% of GDP),1999,22.5504746913607,CHL
7754,Gross capital formation (% of GDP),1999,34.2336141056633,CHN
7755,Gross capital formation (% of GDP),1999,14.6266918422589,CIV
7756,Gross capital formation (% of GDP),1999,17.6692974002941,CMR
7757,Gross capital formation (% of GDP),1999,3.06901067065956,COD
7758,Gross capital formation (% of GDP),1999,27.7720278755261,COG
7759,Gross capital formation (% of GDP),1999,12.8801341708134,COL
7760,Gross capital formation (% of GDP),1999,18.0422763408226,COM
7761,Gross capital formation (% of GDP),1999,,CPV
7762,Gross capital formation (% of GDP),1999,21.0797980565977,CRI
7763,Gross capital formation (% of GDP),1999,,Caribbean small states
7764,Gross capital formation (% of GDP),1999,11.8570267084039,CUB
7765,Gross capital formation (% of GDP),1999,,CUW
7766,Gross capital formation (% of GDP),1999,,CYM
7767,Gross capital formation (% of GDP),1999,19.8134523139147,CYP
7768,Gross capital formation (% of GDP),1999,29.7451345778523,CZE
7769,Gross capital formation (% of GDP),1999,23.7583524291849,DEU
7770,Gross capital formation (% of GDP),1999,,DJI
7771,Gross capital formation (% of GDP),1999,,DMA
7772,Gross capital formation (% of GDP),1999,20.8350374028012,DNK
7773,Gross capital formation (% of GDP),1999,27.1127710844376,DOM
7774,Gross capital formation (% of GDP),1999,26.2476846690659,DZA
7775,Gross capital formation (% of GDP),1999,30.2162758574017,East Asia & Pacific (
7776,Gross capital formation (% of GDP),1999,22.9033168953605,Early-demographic dividend
7777,Gross capital formation (% of GDP),1999,28.5981872990383,East Asia & Pacific
7778,Gross capital formation (% of GDP),1999,20.0287922161829,Europe & Central Asia (
7779,Gross capital formation (% of GDP),1999,21.9581797087083,Europe & Central Asia
7780,Gross capital formation (% of GDP),1999,15.7601582851424,ECU
7781,Gross capital formation (% of GDP),1999,21.6189856957087,EGY
7782,Gross capital formation (% of GDP),1999,22.833192049566,Euro area
7783,Gross capital formation (% of GDP),1999,45.5141796492478,ERI
7784,Gross capital formation (% of GDP),1999,25.5474244088959,ESP
7785,Gross capital formation (% of GDP),1999,25.9038094343294,EST
7786,Gross capital formation (% of GDP),1999,0.0,ETH
7787,Gross capital formation (% of GDP),1999,22.8372302269688,European Union
7788,Gross capital formation (% of GDP),1999,,Fragile and conflict affected situations
7789,Gross capital formation (% of GDP),1999,22.4103146081584,FIN
7790,Gross capital formation (% of GDP),1999,26.4821163577253,FJI
7791,Gross capital formation (% of GDP),1999,20.7309977149378,FRA
7792,Gross capital formation (% of GDP),1999,23.6621329604678,FRO
7793,Gross capital formation (% of GDP),1999,,FSM
7794,Gross capital formation (% of GDP),1999,26.1685818669453,GAB
7795,Gross capital formation (% of GDP),1999,18.0700082818275,GBR
7796,Gross capital formation (% of GDP),1999,26.4529962778062,GEO
7797,Gross capital formation (% of GDP),1999,21.0005345047085,GHA
7798,Gross capital formation (% of GDP),1999,,GIB
7799,Gross capital formation (% of GDP),1999,13.6120568956807,GIN
7800,Gross capital formation (% of GDP),1999,4.75504718389999,GMB
7801,Gross capital formation (% of GDP),1999,21.9445482040627,GNB
7802,Gross capital formation (% of GDP),1999,,GNQ
7803,Gross capital formation (% of GDP),1999,23.2372482227425,GRC
7804,Gross capital formation (% of GDP),1999,,GRD
7805,Gross capital formation (% of GDP),1999,,GRL
7806,Gross capital formation (% of GDP),1999,17.353993219007,GTM
7807,Gross capital formation (% of GDP),1999,,GUM
7808,Gross capital formation (% of GDP),1999,24.9979547163444,GUY
7809,Gross capital formation (% of GDP),1999,23.8844061769207,High income
7810,Gross capital formation (% of GDP),1999,24.9795092484443,HKG
7811,Gross capital formation (% of GDP),1999,31.7836077131343,HND
7812,Gross capital formation (% of GDP),1999,20.0984002743417,Heavily indebted poor countries (HIPC)
7813,Gross capital formation (% of GDP),1999,20.4043566887093,HRV
7814,Gross capital formation (% of GDP),1999,27.6980391024345,HTI
7815,Gross capital formation (% of GDP),1999,27.2873039051869,HUN
7816,Gross capital formation (% of GDP),1999,24.2196167620894,IBRD only
7817,Gross capital formation (% of GDP),1999,24.0819206326396,IDA & IBRD total
7818,Gross capital formation (% of GDP),1999,23.0300304148201,IDA total
7819,Gross capital formation (% of GDP),1999,,IDA blend
7820,Gross capital formation (% of GDP),1999,22.1387593118175,IDN
7821,Gross capital formation (% of GDP),1999,21.9355999420839,IDA only
7822,Gross capital formation (% of GDP),1999,,IMN
7823,Gross capital formation (% of GDP),1999,30.9580879683861,IND
7824,Gross capital formation (% of GDP),1999,,Not classified
7825,Gross capital formation (% of GDP),1999,24.6355061654085,IRL
7826,Gross capital formation (% of GDP),1999,32.5416653821826,IRN
7827,Gross capital formation (% of GDP),1999,38.3922988120077,IRQ
7828,Gross capital formation (% of GDP),1999,23.5701208953364,ISL
7829,Gross capital formation (% of GDP),1999,26.6308190899458,ISR
7830,Gross capital formation (% of GDP),1999,20.7048925408414,ITA
7831,Gross capital formation (% of GDP),1999,21.2633508366428,JAM
7832,Gross capital formation (% of GDP),1999,21.5686274509804,JOR
7833,Gross capital formation (% of GDP),1999,28.2004333138473,JPN
7834,Gross capital formation (% of GDP),1999,17.7761650475639,KAZ
7835,Gross capital formation (% of GDP),1999,15.5214148674685,KEN
7836,Gross capital formation (% of GDP),1999,18.0262186115214,KGZ
7837,Gross capital formation (% of GDP),1999,16.9837280190751,KHM
7838,Gross capital formation (% of GDP),1999,,KIR
7839,Gross capital formation (% of GDP),1999,,KNA
7840,Gross capital formation (% of GDP),1999,31.0128277310285,KOR
7841,Gross capital formation (% of GDP),1999,14.5555470735139,KWT
7842,Gross capital formation (% of GDP),1999,19.2208024518943,Latin America & Caribbean (
7843,Gross capital formation (% of GDP),1999,,LAO
7844,Gross capital formation (% of GDP),1999,22.8311024672997,LBN
7845,Gross capital formation (% of GDP),1999,,LBR
7846,Gross capital formation (% of GDP),1999,9.48100203763634,LBY
7847,Gross capital formation (% of GDP),1999,,LCA
7848,Gross capital formation (% of GDP),1999,19.7397113194018,Latin America & Caribbean
7849,Gross capital formation (% of GDP),1999,21.8324927791289,Least developed countries: UN classification
7850,Gross capital formation (% of GDP),1999,13.4607837909237,Low income
7851,Gross capital formation (% of GDP),1999,,LIE
7852,Gross capital formation (% of GDP),1999,27.2905151438158,LKA
7853,Gross capital formation (% of GDP),1999,27.3019307056336,Lower middle income
7854,Gross capital formation (% of GDP),1999,24.4619739999216,Low & middle income
7855,Gross capital formation (% of GDP),1999,,LSO
7856,Gross capital formation (% of GDP),1999,24.8809348787678,Late-demographic dividend
7857,Gross capital formation (% of GDP),1999,21.2148735956134,LTU
7858,Gross capital formation (% of GDP),1999,23.6884713315939,LUX
7859,Gross capital formation (% of GDP),1999,22.5687313948899,LVA
7860,Gross capital formation (% of GDP),1999,15.8347347500382,MAC
7861,Gross capital formation (% of GDP),1999,,MAF
7862,Gross capital formation (% of GDP),1999,23.2448568962671,MAR
7863,Gross capital formation (% of GDP),1999,,MCO
7864,Gross capital formation (% of GDP),1999,22.8835502404973,MDA
7865,Gross capital formation (% of GDP),1999,12.2933453010977,MDG
7866,Gross capital formation (% of GDP),1999,,MDV
7867,Gross capital formation (% of GDP),1999,23.6099980169265,AFG
7868,Gross capital formation (% of GDP),1999,22.2434377526015,MEX
7869,Gross capital formation (% of GDP),1999,,MHL
7870,Gross capital formation (% of GDP),1999,24.6420919229906,Middle income
7871,Gross capital formation (% of GDP),1999,18.7271147661783,MKD
7872,Gross capital formation (% of GDP),1999,17.8932137611564,MLI
7873,Gross capital formation (% of GDP),1999,23.5977700421389,MLT
7874,Gross capital formation (% of GDP),1999,,MMR
7875,Gross capital formation (% of GDP),1999,24.2900933697841,AFG
7876,Gross capital formation (% of GDP),1999,,MNE
7877,Gross capital formation (% of GDP),1999,31.6881228223749,MNG
7878,Gross capital formation (% of GDP),1999,,MNP
7879,Gross capital formation (% of GDP),1999,44.3028710892868,MOZ
7880,Gross capital formation (% of GDP),1999,11.1407459240874,MRT
7881,Gross capital formation (% of GDP),1999,26.3498149680411,MUS
7882,Gross capital formation (% of GDP),1999,,MWI
7883,Gross capital formation (% of GDP),1999,22.3820005053796,MYS
7884,Gross capital formation (% of GDP),1999,23.2379775697673,North America
7885,Gross capital formation (% of GDP),1999,20.5107182612744,NAM
7886,Gross capital formation (% of GDP),1999,22.3639043976261,NCL
7887,Gross capital formation (% of GDP),1999,11.1995269286568,NER
7888,Gross capital formation (% of GDP),1999,,NGA
7889,Gross capital formation (% of GDP),1999,33.0026827089006,NIC
7890,Gross capital formation (% of GDP),1999,22.9712264633708,NLD
7891,Gross capital formation (% of GDP),1999,24.579083636869,NOR
7892,Gross capital formation (% of GDP),1999,20.4835163550036,NPL
7893,Gross capital formation (% of GDP),1999,,NRU
7894,Gross capital formation (% of GDP),1999,23.2325640957705,NZL
7895,Gross capital formation (% of GDP),1999,23.8370139651791,OECD members
7896,Gross capital formation (% of GDP),1999,27.6430352793618,OMN
7897,Gross capital formation (% of GDP),1999,23.4530205888139,Other small states
7898,Gross capital formation (% of GDP),1999,15.5649424393518,PAK
7899,Gross capital formation (% of GDP),1999,29.0771343426857,PAN
7900,Gross capital formation (% of GDP),1999,20.6612543344774,PER
7901,Gross capital formation (% of GDP),1999,16.2006540383433,PHL
7902,Gross capital formation (% of GDP),1999,,PLW
7903,Gross capital formation (% of GDP),1999,16.3683366937768,PNG
7904,Gross capital formation (% of GDP),1999,25.5001823677686,POL
7905,Gross capital formation (% of GDP),1999,,Pre-demographic dividend
7906,Gross capital formation (% of GDP),1999,20.7001953631507,PRI
7907,Gross capital formation (% of GDP),1999,,PRK
7908,Gross capital formation (% of GDP),1999,29.0278207613076,PRT
7909,Gross capital formation (% of GDP),1999,18.9705834507195,PRY
7910,Gross capital formation (% of GDP),1999,42.875538490354,PSE
7911,Gross capital formation (% of GDP),1999,25.2387773265058,Pacific island small states
7912,Gross capital formation (% of GDP),1999,23.9166232267507,Post-demographic dividend
7913,Gross capital formation (% of GDP),1999,,PYF
7914,Gross capital formation (% of GDP),1999,18.8823125180111,QAT
7915,Gross capital formation (% of GDP),1999,15.6493077726824,ROU
7916,Gross capital formation (% of GDP),1999,14.8303000466388,RUS
7917,Gross capital formation (% of GDP),1999,11.9734139200974,RWA
7918,Gross capital formation (% of GDP),1999,30.5812024434982,South Asia
7919,Gross capital formation (% of GDP),1999,21.513622969499,SAU
7920,Gross capital formation (% of GDP),1999,10.3437659226407,SDN
7921,Gross capital formation (% of GDP),1999,22.0105963596568,SEN
7922,Gross capital formation (% of GDP),1999,32.6914753593956,SGP
7923,Gross capital formation (% of GDP),1999,6.90346862875386,SLB
7924,Gross capital formation (% of GDP),1999,0.292869776037837,SLE
7925,Gross capital formation (% of GDP),1999,17.3014845451564,SLV
7926,Gross capital formation (% of GDP),1999,,SMR
7927,Gross capital formation (% of GDP),1999,,SOM
7928,Gross capital formation (% of GDP),1999,7.70935558979106,SRB
7929,Gross capital formation (% of GDP),1999,22.894563225076,Sub-Saharan Africa (
7930,Gross capital formation (% of GDP),1999,,SSD
7931,Gross capital formation (% of GDP),1999,23.0188679347229,Sub-Saharan Africa
7932,Gross capital formation (% of GDP),1999,23.1186664040168,Small states
7933,Gross capital formation (% of GDP),1999,,STP
7934,Gross capital formation (% of GDP),1999,,SUR
7935,Gross capital formation (% of GDP),1999,29.9860460577947,SVK
7936,Gross capital formation (% of GDP),1999,29.1616388039395,SVN
7937,Gross capital formation (% of GDP),1999,21.2255216640305,SWE
7938,Gross capital formation (% of GDP),1999,,SWZ
7939,Gross capital formation (% of GDP),1999,,SXM
7940,Gross capital formation (% of GDP),1999,42.906222053203,SYC
7941,Gross capital formation (% of GDP),1999,,SYR
7942,Gross capital formation (% of GDP),1999,,TCA
7943,Gross capital formation (% of GDP),1999,13.6915005957516,TCD
7944,Gross capital formation (% of GDP),1999,30.2162533965182,East Asia & Pacific (IDA & IBRD countries)
7945,Gross capital formation (% of GDP),1999,19.7737191800759,Europe & Central Asia (IDA & IBRD countries)
7946,Gross capital formation (% of GDP),1999,20.4000271297644,TGO
7947,Gross capital formation (% of GDP),1999,20.1734050464464,THA
7948,Gross capital formation (% of GDP),1999,17.3349814126394,TJK
7949,Gross capital formation (% of GDP),1999,39.6709050112191,TKM
7950,Gross capital formation (% of GDP),1999,19.8150237812663,Latin America & the Caribbean (IDA & IBRD countries)
7951,Gross capital formation (% of GDP),1999,,TLS
7952,Gross capital formation (% of GDP),1999,24.1296766501078,AFG
7953,Gross capital formation (% of GDP),1999,19.3034503975617,TON
7954,Gross capital formation (% of GDP),1999,30.5812024434982,South Asia (IDA & IBRD)
7955,Gross capital formation (% of GDP),1999,23.0188679347229,Sub-Saharan Africa (IDA & IBRD countries)
7956,Gross capital formation (% of GDP),1999,,TTO
7957,Gross capital formation (% of GDP),1999,24.6202573505096,TUN
7958,Gross capital formation (% of GDP),1999,21.3389083641806,TUR
7959,Gross capital formation (% of GDP),1999,,TUV
7960,Gross capital formation (% of GDP),1999,18.2183314204882,TZA
7961,Gross capital formation (% of GDP),1999,19.5491206383786,UGA
7962,Gross capital formation (% of GDP),1999,17.5129546465096,UKR
7963,Gross capital formation (% of GDP),1999,24.1099134471469,Upper middle income
7964,Gross capital formation (% of GDP),1999,15.0753309600382,URY
7965,Gross capital formation (% of GDP),1999,23.4191332062183,USA
7966,Gross capital formation (% of GDP),1999,17.1003354222844,UZB
7967,Gross capital formation (% of GDP),1999,,VCT
7968,Gross capital formation (% of GDP),1999,26.5167782746872,VEN
7969,Gross capital formation (% of GDP),1999,,VGB
7970,Gross capital formation (% of GDP),1999,,VIR
7971,Gross capital formation (% of GDP),1999,27.6297563146656,VNM
7972,Gross capital formation (% of GDP),1999,18.9922816754835,VUT
7973,Gross capital formation (% of GDP),1999,24.1069894622739,World
7974,Gross capital formation (% of GDP),1999,,WSM
7975,Gross capital formation (% of GDP),1999,,XKX
7976,Gross capital formation (% of GDP),1999,,YEM
7977,Gross capital formation (% of GDP),1999,15.6550464913797,ZAF
7978,Gross capital formation (% of GDP),1999,,ZMB
7979,Gross capital formation (% of GDP),1999,14.3962804620481,ZWE
7980,Gross capital formation (% of GDP),2000,25.4941135775374,ABW
7981,Gross capital formation (% of GDP),2000,18.7582831669045,Africa Eastern and Southern
7982,Gross capital formation (% of GDP),2000,,AFG
7983,Gross capital formation (% of GDP),2000,,Africa Western and Central
7984,Gross capital formation (% of GDP),2000,,AGO
7985,Gross capital formation (% of GDP),2000,34.0401392244169,ALB
7986,Gross capital formation (% of GDP),2000,,AND
7987,Gross capital formation (% of GDP),2000,19.930416171468,Arab World
7988,Gross capital formation (% of GDP),2000,,ARE
7989,Gross capital formation (% of GDP),2000,17.5334874363903,ARG
7990,Gross capital formation (% of GDP),2000,21.92233140183,ARM
7991,Gross capital formation (% of GDP),2000,,ASM
7992,Gross capital formation (% of GDP),2000,,ATG
7993,Gross capital formation (% of GDP),2000,26.2504640290701,AUS
7994,Gross capital formation (% of GDP),2000,25.9400787116929,AUT
7995,Gross capital formation (% of GDP),2000,20.6735762277188,AZE
7996,Gross capital formation (% of GDP),2000,2.78113770989619,BDI
7997,Gross capital formation (% of GDP),2000,23.7829613022103,BEL
7998,Gross capital formation (% of GDP),2000,16.0084024487125,BEN
7999,Gross capital formation (% of GDP),2000,14.5706990626075,BFA
8000,Gross capital formation (% of GDP),2000,23.8085625731369,BGD
8001,Gross capital formation (% of GDP),2000,19.0461434857678,BGR
8002,Gross capital formation (% of GDP),2000,16.5750590582953,BHR
8003,Gross capital formation (% of GDP),2000,30.1852170564615,BHS
8004,Gross capital formation (% of GDP),2000,29.7272486017105,BIH
8005,Gross capital formation (% of GDP),2000,25.3986730605006,BLR
8006,Gross capital formation (% of GDP),2000,26.3412064272544,BLZ
8007,Gross capital formation (% of GDP),2000,,BMU
8008,Gross capital formation (% of GDP),2000,18.1434786934628,BOL
8009,Gross capital formation (% of GDP),2000,18.9031192683871,BRA
8010,Gross capital formation (% of GDP),2000,,BRB
8011,Gross capital formation (% of GDP),2000,18.7374705173865,BRN
8012,Gross capital formation (% of GDP),2000,54.0420474077414,BTN
8013,Gross capital formation (% of GDP),2000,29.551080393757,BWA
8014,Gross capital formation (% of GDP),2000,11.0722959362908,CAF
8015,Gross capital formation (% of GDP),2000,20.6144677111521,CAN
8016,Gross capital formation (% of GDP),2000,25.5518988588474,Central Europe and the Baltics
8017,Gross capital formation (% of GDP),2000,27.2341910868659,CHE
8018,Gross capital formation (% of GDP),2000,,Channel Islands
8019,Gross capital formation (% of GDP),2000,23.7507555521354,CHL
8020,Gross capital formation (% of GDP),2000,33.6326827140045,CHN
8021,Gross capital formation (% of GDP),2000,15.8924072733403,CIV
8022,Gross capital formation (% of GDP),2000,17.1923305666251,CMR
8023,Gross capital formation (% of GDP),2000,14.4334963339406,COD
8024,Gross capital formation (% of GDP),2000,22.6259541984733,COG
8025,Gross capital formation (% of GDP),2000,14.8956270290748,COL
8026,Gross capital formation (% of GDP),2000,18.0422951853931,COM
8027,Gross capital formation (% of GDP),2000,,CPV
8028,Gross capital formation (% of GDP),2000,20.6866903035723,CRI
8029,Gross capital formation (% of GDP),2000,,Caribbean small states
8030,Gross capital formation (% of GDP),2000,12.5033534650291,CUB
8031,Gross capital formation (% of GDP),2000,,CUW
8032,Gross capital formation (% of GDP),2000,,CYM
8033,Gross capital formation (% of GDP),2000,20.4291577976899,CYP
8034,Gross capital formation (% of GDP),2000,31.8350210442972,CZE
8035,Gross capital formation (% of GDP),2000,23.9639660790924,DEU
8036,Gross capital formation (% of GDP),2000,,DJI
8037,Gross capital formation (% of GDP),2000,,DMA
8038,Gross capital formation (% of GDP),2000,22.2944061771116,DNK
8039,Gross capital formation (% of GDP),2000,27.8926622004107,DOM
8040,Gross capital formation (% of GDP),2000,23.5639069007647,DZA
8041,Gross capital formation (% of GDP),2000,30.3323375197107,East Asia & Pacific (
8042,Gross capital formation (% of GDP),2000,21.9866815933163,Early-demographic dividend
8043,Gross capital formation (% of GDP),2000,29.0221014925806,East Asia & Pacific
8044,Gross capital formation (% of GDP),2000,22.6403647552773,Europe & Central Asia (
8045,Gross capital formation (% of GDP),2000,22.5139323251443,Europe & Central Asia
8046,Gross capital formation (% of GDP),2000,17.1669504072431,ECU
8047,Gross capital formation (% of GDP),2000,19.5530726256983,EGY
8048,Gross capital formation (% of GDP),2000,23.4059935481997,Euro area
8049,Gross capital formation (% of GDP),2000,21.9967567603027,ERI
8050,Gross capital formation (% of GDP),2000,26.6723700485971,ESP
8051,Gross capital formation (% of GDP),2000,28.4761032107323,EST
8052,Gross capital formation (% of GDP),2000,0.0,ETH
8053,Gross capital formation (% of GDP),2000,23.4452532769398,European Union
8054,Gross capital formation (% of GDP),2000,,Fragile and conflict affected situations
8055,Gross capital formation (% of GDP),2000,23.8741513058525,FIN
8056,Gross capital formation (% of GDP),2000,20.4277020407021,FJI
8057,Gross capital formation (% of GDP),2000,21.8578770673408,FRA
8058,Gross capital formation (% of GDP),2000,30.8175663142274,FRO
8059,Gross capital formation (% of GDP),2000,,FSM
8060,Gross capital formation (% of GDP),2000,21.9020564270273,GAB
8061,Gross capital formation (% of GDP),2000,18.4186810471387,GBR
8062,Gross capital formation (% of GDP),2000,26.581315880922,GEO
8063,Gross capital formation (% of GDP),2000,23.9986004971918,GHA
8064,Gross capital formation (% of GDP),2000,,GIB
8065,Gross capital formation (% of GDP),2000,14.0409789124706,GIN
8066,Gross capital formation (% of GDP),2000,4.56249739677209,GMB
8067,Gross capital formation (% of GDP),2000,20.0607519051822,GNB
8068,Gross capital formation (% of GDP),2000,,GNQ
8069,Gross capital formation (% of GDP),2000,26.1132103512829,GRC
8070,Gross capital formation (% of GDP),2000,,GRD
8071,Gross capital formation (% of GDP),2000,,GRL
8072,Gross capital formation (% of GDP),2000,17.8353874290357,GTM
8073,Gross capital formation (% of GDP),2000,,GUM
8074,Gross capital formation (% of GDP),2000,23.7759824891985,GUY
8075,Gross capital formation (% of GDP),2000,24.3103035279044,High income
8076,Gross capital formation (% of GDP),2000,27.58240928418,HKG
8077,Gross capital formation (% of GDP),2000,28.2884312103977,HND
8078,Gross capital formation (% of GDP),2000,20.0537074762971,Heavily indebted poor countries (HIPC)
8079,Gross capital formation (% of GDP),2000,19.3210721914251,HRV
8080,Gross capital formation (% of GDP),2000,8.32239600531104,HTI
8081,Gross capital formation (% of GDP),2000,28.1973908964954,HUN
8082,Gross capital formation (% of GDP),2000,24.1773058769934,IBRD only
8083,Gross capital formation (% of GDP),2000,24.024633024014,IDA & IBRD total
8084,Gross capital formation (% of GDP),2000,23.4958276702152,IDA total
8085,Gross capital formation (% of GDP),2000,,IDA blend
8086,Gross capital formation (% of GDP),2000,22.2456969315568,IDN
8087,Gross capital formation (% of GDP),2000,22.098929814042,IDA only
8088,Gross capital formation (% of GDP),2000,,IMN
8089,Gross capital formation (% of GDP),2000,25.677316683955,IND
8090,Gross capital formation (% of GDP),2000,,Not classified
8091,Gross capital formation (% of GDP),2000,24.5079507553549,IRL
8092,Gross capital formation (% of GDP),2000,35.100533489687,IRN
8093,Gross capital formation (% of GDP),2000,29.1473474951006,IRQ
8094,Gross capital formation (% of GDP),2000,24.9318139617011,ISL
8095,Gross capital formation (% of GDP),2000,25.7054135720842,ISR
8096,Gross capital formation (% of GDP),2000,21.3236101039876,ITA
8097,Gross capital formation (% of GDP),2000,23.4633378887026,JAM
8098,Gross capital formation (% of GDP),2000,22.3615116608599,JOR
8099,Gross capital formation (% of GDP),2000,28.417439318872,JPN
8100,Gross capital formation (% of GDP),2000,18.139048031664,KAZ
8101,Gross capital formation (% of GDP),2000,17.4140906154511,KEN
8102,Gross capital formation (% of GDP),2000,20.010037072908,KGZ
8103,Gross capital formation (% of GDP),2000,20.3442509411501,KHM
8104,Gross capital formation (% of GDP),2000,,KIR
8105,Gross capital formation (% of GDP),2000,,KNA
8106,Gross capital formation (% of GDP),2000,32.8936286973186,KOR
8107,Gross capital formation (% of GDP),2000,10.665237720716,KWT
8108,Gross capital formation (% of GDP),2000,19.8004780393963,Latin America & Caribbean (
8109,Gross capital formation (% of GDP),2000,13.41565795568,LAO
8110,Gross capital formation (% of GDP),2000,20.4112221368178,LBN
8111,Gross capital formation (% of GDP),2000,,LBR
8112,Gross capital formation (% of GDP),2000,11.8406285072952,LBY
8113,Gross capital formation (% of GDP),2000,,LCA
8114,Gross capital formation (% of GDP),2000,20.1377987072723,Latin America & Caribbean
8115,Gross capital formation (% of GDP),2000,22.3514801188218,Least developed countries: UN classification
8116,Gross capital formation (% of GDP),2000,15.7377247012249,Low income
8117,Gross capital formation (% of GDP),2000,,LIE
8118,Gross capital formation (% of GDP),2000,28.0392736849136,LKA
8119,Gross capital formation (% of GDP),2000,24.2504218059015,Lower middle income
8120,Gross capital formation (% of GDP),2000,24.314456790748,Low & middle income
8121,Gross capital formation (% of GDP),2000,,LSO
8122,Gross capital formation (% of GDP),2000,25.3945852824802,Late-demographic dividend
8123,Gross capital formation (% of GDP),2000,19.1446223329092,LTU
8124,Gross capital formation (% of GDP),2000,22.5591443010138,LUX
8125,Gross capital formation (% of GDP),2000,24.9631641629445,LVA
8126,Gross capital formation (% of GDP),2000,10.3790763118689,MAC
8127,Gross capital formation (% of GDP),2000,,MAF
8128,Gross capital formation (% of GDP),2000,23.8068463049384,MAR
8129,Gross capital formation (% of GDP),2000,,MCO
8130,Gross capital formation (% of GDP),2000,23.9469590858874,MDA
8131,Gross capital formation (% of GDP),2000,11.9305464071932,MDG
8132,Gross capital formation (% of GDP),2000,,MDV
8133,Gross capital formation (% of GDP),2000,21.9672476841445,AFG
8134,Gross capital formation (% of GDP),2000,22.2649246086997,MEX
8135,Gross capital formation (% of GDP),2000,,MHL
8136,Gross capital formation (% of GDP),2000,24.4892172298901,Middle income
8137,Gross capital formation (% of GDP),2000,21.8801026358759,MKD
8138,Gross capital formation (% of GDP),2000,17.175657558085,MLI
8139,Gross capital formation (% of GDP),2000,27.3201980364845,MLT
8140,Gross capital formation (% of GDP),2000,,MMR
8141,Gross capital formation (% of GDP),2000,23.0277754852742,AFG
8142,Gross capital formation (% of GDP),2000,22.3884042304628,MNE
8143,Gross capital formation (% of GDP),2000,29.0107404848956,MNG
8144,Gross capital formation (% of GDP),2000,,MNP
8145,Gross capital formation (% of GDP),2000,41.1306699228634,MOZ
8146,Gross capital formation (% of GDP),2000,11.2958011224599,MRT
8147,Gross capital formation (% of GDP),2000,25.6366228937284,MUS
8148,Gross capital formation (% of GDP),2000,,MWI
8149,Gross capital formation (% of GDP),2000,26.8674891484592,MYS
8150,Gross capital formation (% of GDP),2000,23.4697695199873,North America
8151,Gross capital formation (% of GDP),2000,17.0414659698036,NAM
8152,Gross capital formation (% of GDP),2000,22.9397967696956,NCL
8153,Gross capital formation (% of GDP),2000,13.1422096449305,NER
8154,Gross capital formation (% of GDP),2000,,NGA
8155,Gross capital formation (% of GDP),2000,26.6547531947905,NIC
8156,Gross capital formation (% of GDP),2000,22.4588724676077,NLD
8157,Gross capital formation (% of GDP),2000,21.8180384485916,NOR
8158,Gross capital formation (% of GDP),2000,24.3148663462349,NPL
8159,Gross capital formation (% of GDP),2000,,NRU
8160,Gross capital formation (% of GDP),2000,22.0345630387436,NZL
8161,Gross capital formation (% of GDP),2000,24.2718951128636,OECD members
8162,Gross capital formation (% of GDP),2000,22.5837734261812,OMN
8163,Gross capital formation (% of GDP),2000,24.8554062076255,Other small states
8164,Gross capital formation (% of GDP),2000,16.3106779174234,PAK
8165,Gross capital formation (% of GDP),2000,28.4060431386061,PAN
8166,Gross capital formation (% of GDP),2000,19.6279847605546,PER
8167,Gross capital formation (% of GDP),2000,15.684364157955,PHL
8168,Gross capital formation (% of GDP),2000,,PLW
8169,Gross capital formation (% of GDP),2000,21.892017091559,PNG
8170,Gross capital formation (% of GDP),2000,24.6999676719407,POL
8171,Gross capital formation (% of GDP),2000,,Pre-demographic dividend
8172,Gross capital formation (% of GDP),2000,19.7145610014619,PRI
8173,Gross capital formation (% of GDP),2000,,PRK
8174,Gross capital formation (% of GDP),2000,28.7766387963597,PRT
8175,Gross capital formation (% of GDP),2000,17.3392448147808,PRY
8176,Gross capital formation (% of GDP),2000,31.5026891691395,PSE
8177,Gross capital formation (% of GDP),2000,20.2798289100814,Pacific island small states
8178,Gross capital formation (% of GDP),2000,24.3899566547161,Post-demographic dividend
8179,Gross capital formation (% of GDP),2000,,PYF
8180,Gross capital formation (% of GDP),2000,20.1512854623643,QAT
8181,Gross capital formation (% of GDP),2000,19.6695811091698,ROU
8182,Gross capital formation (% of GDP),2000,18.6937601947688,RUS
8183,Gross capital formation (% of GDP),2000,12.2911723538114,RWA
8184,Gross capital formation (% of GDP),2000,26.1053793925815,South Asia
8185,Gross capital formation (% of GDP),2000,19.3169649955465,SAU
8186,Gross capital formation (% of GDP),2000,24.8880308630392,SDN
8187,Gross capital formation (% of GDP),2000,22.3732272873417,SEN
8188,Gross capital formation (% of GDP),2000,35.1740359977879,SGP
8189,Gross capital formation (% of GDP),2000,7.62912028660779,SLB
8190,Gross capital formation (% of GDP),2000,1.09681037230364,SLE
8191,Gross capital formation (% of GDP),2000,17.6690604559246,SLV
8192,Gross capital formation (% of GDP),2000,,SMR
8193,Gross capital formation (% of GDP),2000,,SOM
8194,Gross capital formation (% of GDP),2000,9.06363107933195,SRB
8195,Gross capital formation (% of GDP),2000,22.5890906399861,Sub-Saharan Africa (
8196,Gross capital formation (% of GDP),2000,,SSD
8197,Gross capital formation (% of GDP),2000,22.665957761986,Sub-Saharan Africa
8198,Gross capital formation (% of GDP),2000,23.8138709036362,Small states
8199,Gross capital formation (% of GDP),2000,,STP
8200,Gross capital formation (% of GDP),2000,,SUR
8201,Gross capital formation (% of GDP),2000,27.8153225458448,SVK
8202,Gross capital formation (% of GDP),2000,29.0574911701523,SVN
8203,Gross capital formation (% of GDP),2000,22.2308295866389,SWE
8204,Gross capital formation (% of GDP),2000,,SWZ
8205,Gross capital formation (% of GDP),2000,,SXM
8206,Gross capital formation (% of GDP),2000,24.9183939465335,SYC
8207,Gross capital formation (% of GDP),2000,,SYR
8208,Gross capital formation (% of GDP),2000,,TCA
8209,Gross capital formation (% of GDP),2000,23.2739022193722,TCD
8210,Gross capital formation (% of GDP),2000,30.3325311163211,East Asia & Pacific (IDA & IBRD countries)
8211,Gross capital formation (% of GDP),2000,21.6641932535807,Europe & Central Asia (IDA & IBRD countries)
8212,Gross capital formation (% of GDP),2000,29.4974703074911,TGO
8213,Gross capital formation (% of GDP),2000,22.2826056940878,THA
8214,Gross capital formation (% of GDP),2000,9.41400347008451,TJK
8215,Gross capital formation (% of GDP),2000,34.7386559448593,TKM
8216,Gross capital formation (% of GDP),2000,20.2504350931225,Latin America & the Caribbean (IDA & IBRD countries)
8217,Gross capital formation (% of GDP),2000,33.5311943090169,TLS
8218,Gross capital formation (% of GDP),2000,22.9628506567832,AFG
8219,Gross capital formation (% of GDP),2000,20.2585110596869,TON
8220,Gross capital formation (% of GDP),2000,26.1053793925815,South Asia (IDA & IBRD)
8221,Gross capital formation (% of GDP),2000,22.6659577619859,Sub-Saharan Africa (IDA & IBRD countries)
8222,Gross capital formation (% of GDP),2000,16.7852491790067,TTO
8223,Gross capital formation (% of GDP),2000,25.8988088362201,TUN
8224,Gross capital formation (% of GDP),2000,23.7182041889344,TUR
8225,Gross capital formation (% of GDP),2000,,TUV
8226,Gross capital formation (% of GDP),2000,17.462796824131,TZA
8227,Gross capital formation (% of GDP),2000,19.483821715744,UGA
8228,Gross capital formation (% of GDP),2000,19.8037790697674,UKR
8229,Gross capital formation (% of GDP),2000,24.6234170043524,Upper middle income
8230,Gross capital formation (% of GDP),2000,14.4570209010912,URY
8231,Gross capital formation (% of GDP),2000,23.678356897974,USA
8232,Gross capital formation (% of GDP),2000,19.6000122865217,UZB
8233,Gross capital formation (% of GDP),2000,,VCT
8234,Gross capital formation (% of GDP),2000,24.1703919915729,VEN
8235,Gross capital formation (% of GDP),2000,,VGB
8236,Gross capital formation (% of GDP),2000,,VIR
8237,Gross capital formation (% of GDP),2000,29.6099138223826,VNM
8238,Gross capital formation (% of GDP),2000,19.9139980235571,VUT
8239,Gross capital formation (% of GDP),2000,24.4315593895264,World
8240,Gross capital formation (% of GDP),2000,,WSM
8241,Gross capital formation (% of GDP),2000,,XKX
8242,Gross capital formation (% of GDP),2000,,YEM
8243,Gross capital formation (% of GDP),2000,15.0602810875446,ZAF
8244,Gross capital formation (% of GDP),2000,,ZMB
8245,Gross capital formation (% of GDP),2000,13.5694238181719,ZWE
8246,Gross capital formation (% of GDP),2001,23.9991775312859,ABW
8247,Gross capital formation (% of GDP),2001,18.0272010343955,Africa Eastern and Southern
8248,Gross capital formation (% of GDP),2001,,AFG
8249,Gross capital formation (% of GDP),2001,,Africa Western and Central
8250,Gross capital formation (% of GDP),2001,,AGO
8251,Gross capital formation (% of GDP),2001,38.2280453184166,ALB
8252,Gross capital formation (% of GDP),2001,,AND
8253,Gross capital formation (% of GDP),2001,21.5628680829114,Arab World
8254,Gross capital formation (% of GDP),2001,22.5025971503274,ARE
8255,Gross capital formation (% of GDP),2001,15.6259653308051,ARG
8256,Gross capital formation (% of GDP),2001,22.9043552862001,ARM
8257,Gross capital formation (% of GDP),2001,,ASM
8258,Gross capital formation (% of GDP),2001,,ATG
8259,Gross capital formation (% of GDP),2001,23.3930636328424,AUS
8260,Gross capital formation (% of GDP),2001,25.4261245518381,AUT
8261,Gross capital formation (% of GDP),2001,20.6768756114079,AZE
8262,Gross capital formation (% of GDP),2001,4.46825856260011,BDI
8263,Gross capital formation (% of GDP),2001,22.6338254993949,BEL
8264,Gross capital formation (% of GDP),2001,17.7527202451424,BEN
8265,Gross capital formation (% of GDP),2001,13.5458978685006,BFA
8266,Gross capital formation (% of GDP),2001,24.1743067306933,BGD
8267,Gross capital formation (% of GDP),2001,21.3510717892793,BGR
8268,Gross capital formation (% of GDP),2001,15.7093968978237,BHR
8269,Gross capital formation (% of GDP),2001,26.8735956373237,BHS
8270,Gross capital formation (% of GDP),2001,30.9796327754853,BIH
8271,Gross capital formation (% of GDP),2001,23.7608599445648,BLR
8272,Gross capital formation (% of GDP),2001,22.0839017735334,BLZ
8273,Gross capital formation (% of GDP),2001,,BMU
8274,Gross capital formation (% of GDP),2001,14.2684344660588,BOL
8275,Gross capital formation (% of GDP),2001,18.7418602950836,BRA
8276,Gross capital formation (% of GDP),2001,,BRB
8277,Gross capital formation (% of GDP),2001,20.8703203595228,BRN
8278,Gross capital formation (% of GDP),2001,61.3891806428222,BTN
8279,Gross capital formation (% of GDP),2001,29.888136618651,BWA
8280,Gross capital formation (% of GDP),2001,10.2408292129649,CAF
8281,Gross capital formation (% of GDP),2001,19.6713949333135,CAN
8282,Gross capital formation (% of GDP),2001,24.3441507764168,Central Europe and the Baltics
8283,Gross capital formation (% of GDP),2001,27.695136995311,CHE
8284,Gross capital formation (% of GDP),2001,,Channel Islands
8285,Gross capital formation (% of GDP),2001,24.0912139068772,CHL
8286,Gross capital formation (% of GDP),2001,35.523858010134,CHN
8287,Gross capital formation (% of GDP),2001,14.2203409229788,CIV
8288,Gross capital formation (% of GDP),2001,18.7740622006083,CMR
8289,Gross capital formation (% of GDP),2001,6.70414075173646,COD
8290,Gross capital formation (% of GDP),2001,26.356637211346,COG
8291,Gross capital formation (% of GDP),2001,16.0322513515548,COL
8292,Gross capital formation (% of GDP),2001,18.0423401277439,COM
8293,Gross capital formation (% of GDP),2001,,CPV
8294,Gross capital formation (% of GDP),2001,20.1154891211379,CRI
8295,Gross capital formation (% of GDP),2001,,Caribbean small states
8296,Gross capital formation (% of GDP),2001,11.4647248945787,CUB
8297,Gross capital formation (% of GDP),2001,,CUW
8298,Gross capital formation (% of GDP),2001,,CYM
8299,Gross capital formation (% of GDP),2001,17.7345535252016,CYP
8300,Gross capital formation (% of GDP),2001,32.0060318555442,CZE
8301,Gross capital formation (% of GDP),2001,22.7645716524028,DEU
8302,Gross capital formation (% of GDP),2001,,DJI
8303,Gross capital formation (% of GDP),2001,,DMA
8304,Gross capital formation (% of GDP),2001,21.7493884508849,DNK
8305,Gross capital formation (% of GDP),2001,26.7706440741139,DOM
8306,Gross capital formation (% of GDP),2001,29.4025185679593,DZA
8307,Gross capital formation (% of GDP),2001,32.2079416910293,East Asia & Pacific (
8308,Gross capital formation (% of GDP),2001,21.9906954576153,Early-demographic dividend
8309,Gross capital formation (% of GDP),2001,28.5730763427567,East Asia & Pacific
8310,Gross capital formation (% of GDP),2001,19.8234390219269,Europe & Central Asia (
8311,Gross capital formation (% of GDP),2001,22.0848754351866,Europe & Central Asia
8312,Gross capital formation (% of GDP),2001,18.4913081237538,ECU
8313,Gross capital formation (% of GDP),2001,18.2603847226094,EGY
8314,Gross capital formation (% of GDP),2001,22.8845872281485,Euro area
8315,Gross capital formation (% of GDP),2001,35.2606217610795,ERI
8316,Gross capital formation (% of GDP),2001,26.4824711323646,ESP
8317,Gross capital formation (% of GDP),2001,29.6026320949271,EST
8318,Gross capital formation (% of GDP),2001,0.0,ETH
8319,Gross capital formation (% of GDP),2001,22.8876835912937,European Union
8320,Gross capital formation (% of GDP),2001,,Fragile and conflict affected situations
8321,Gross capital formation (% of GDP),2001,23.1797971136758,FIN
8322,Gross capital formation (% of GDP),2001,20.4041892610314,FJI
8323,Gross capital formation (% of GDP),2001,21.5146500727515,FRA
8324,Gross capital formation (% of GDP),2001,26.1207244710926,FRO
8325,Gross capital formation (% of GDP),2001,,FSM
8326,Gross capital formation (% of GDP),2001,22.7454690749839,GAB
8327,Gross capital formation (% of GDP),2001,18.2973209962177,GBR
8328,Gross capital formation (% of GDP),2001,30.3277464788732,GEO
8329,Gross capital formation (% of GDP),2001,26.5994216024397,GHA
8330,Gross capital formation (% of GDP),2001,,GIB
8331,Gross capital formation (% of GDP),2001,11.3011270031639,GIN
8332,Gross capital formation (% of GDP),2001,11.1727401352846,GMB
8333,Gross capital formation (% of GDP),2001,18.8821713857088,GNB
8334,Gross capital formation (% of GDP),2001,,GNQ
8335,Gross capital formation (% of GDP),2001,25.1433571820657,GRC
8336,Gross capital formation (% of GDP),2001,,GRD
8337,Gross capital formation (% of GDP),2001,,GRL
8338,Gross capital formation (% of GDP),2001,19.9770448018788,GTM
8339,Gross capital formation (% of GDP),2001,,GUM
8340,Gross capital formation (% of GDP),2001,21.5703446978272,GUY
8341,Gross capital formation (% of GDP),2001,23.2072371540338,High income
8342,Gross capital formation (% of GDP),2001,25.4912038221478,HKG
8343,Gross capital formation (% of GDP),2001,26.0009441315636,HND
8344,Gross capital formation (% of GDP),2001,19.7741755684719,Heavily indebted poor countries (HIPC)
8345,Gross capital formation (% of GDP),2001,20.4985593433834,HRV
8346,Gross capital formation (% of GDP),2001,8.04811181920893,HTI
8347,Gross capital formation (% of GDP),2001,26.3575592807833,HUN
8348,Gross capital formation (% of GDP),2001,25.0701472917698,IBRD only
8349,Gross capital formation (% of GDP),2001,24.8606016860389,IDA & IBRD total
8350,Gross capital formation (% of GDP),2001,22.8983832896232,IDA total
8351,Gross capital formation (% of GDP),2001,,IDA blend
8352,Gross capital formation (% of GDP),2001,22.539266316067,IDN
8353,Gross capital formation (% of GDP),2001,21.7375439064847,IDA only
8354,Gross capital formation (% of GDP),2001,,IMN
8355,Gross capital formation (% of GDP),2001,29.9078889827325,IND
8356,Gross capital formation (% of GDP),2001,,Not classified
8357,Gross capital formation (% of GDP),2001,24.2562415894467,IRL
8358,Gross capital formation (% of GDP),2001,35.2518166917606,IRN
8359,Gross capital formation (% of GDP),2001,43.4222872253888,IRQ
8360,Gross capital formation (% of GDP),2001,22.9005708474708,ISL
8361,Gross capital formation (% of GDP),2001,25.5112065105127,ISR
8362,Gross capital formation (% of GDP),2001,21.3054469235642,ITA
8363,Gross capital formation (% of GDP),2001,25.8803612005022,JAM
8364,Gross capital formation (% of GDP),2001,21.05693228782,JOR
8365,Gross capital formation (% of GDP),2001,27.7549548681953,JPN
8366,Gross capital formation (% of GDP),2001,26.8764228364096,KAZ
8367,Gross capital formation (% of GDP),2001,18.790340524259,KEN
8368,Gross capital formation (% of GDP),2001,17.9992826544492,KGZ
8369,Gross capital formation (% of GDP),2001,20.2055208570396,KHM
8370,Gross capital formation (% of GDP),2001,,KIR
8371,Gross capital formation (% of GDP),2001,,KNA
8372,Gross capital formation (% of GDP),2001,31.6029375635501,KOR
8373,Gross capital formation (% of GDP),2001,14.3046728971963,KWT
8374,Gross capital formation (% of GDP),2001,18.8058441798262,Latin America & Caribbean (
8375,Gross capital formation (% of GDP),2001,13.5436071724261,LAO
8376,Gross capital formation (% of GDP),2001,22.8135453076258,LBN
8377,Gross capital formation (% of GDP),2001,,LBR
8378,Gross capital formation (% of GDP),2001,10.7461240310078,LBY
8379,Gross capital formation (% of GDP),2001,,LCA
8380,Gross capital formation (% of GDP),2001,19.4165153110967,Latin America & Caribbean
8381,Gross capital formation (% of GDP),2001,22.7118177569019,Least developed countries: UN classification
8382,Gross capital formation (% of GDP),2001,14.7335933218323,Low income
8383,Gross capital formation (% of GDP),2001,,LIE
8384,Gross capital formation (% of GDP),2001,22.0040128023487,LKA
8385,Gross capital formation (% of GDP),2001,26.5221504401982,Lower middle income
8386,Gross capital formation (% of GDP),2001,25.1409895886029,Low & middle income
8387,Gross capital formation (% of GDP),2001,,LSO
8388,Gross capital formation (% of GDP),2001,26.802050231878,Late-demographic dividend
8389,Gross capital formation (% of GDP),2001,19.3746140196783,LTU
8390,Gross capital formation (% of GDP),2001,22.2118034133241,LUX
8391,Gross capital formation (% of GDP),2001,28.3001992418424,LVA
8392,Gross capital formation (% of GDP),2001,9.24118159384526,MAC
8393,Gross capital formation (% of GDP),2001,,MAF
8394,Gross capital formation (% of GDP),2001,24.8603718465594,MAR
8395,Gross capital formation (% of GDP),2001,,MCO
8396,Gross capital formation (% of GDP),2001,23.2823598271446,MDA
8397,Gross capital formation (% of GDP),2001,14.5092173370671,MDG
8398,Gross capital formation (% of GDP),2001,,MDV
8399,Gross capital formation (% of GDP),2001,23.3209097764342,AFG
8400,Gross capital formation (% of GDP),2001,20.2738215598554,MEX
8401,Gross capital formation (% of GDP),2001,,MHL
8402,Gross capital formation (% of GDP),2001,25.3293793258048,Middle income
8403,Gross capital formation (% of GDP),2001,17.3554734085335,MKD
8404,Gross capital formation (% of GDP),2001,20.4895164611582,MLI
8405,Gross capital formation (% of GDP),2001,21.0589159670519,MLT
8406,Gross capital formation (% of GDP),2001,,MMR
8407,Gross capital formation (% of GDP),2001,24.7372450552305,AFG
8408,Gross capital formation (% of GDP),2001,23.4356927210816,MNE
8409,Gross capital formation (% of GDP),2001,25.173949785278,MNG
8410,Gross capital formation (% of GDP),2001,,MNP
8411,Gross capital formation (% of GDP),2001,33.5003655629406,MOZ
8412,Gross capital formation (% of GDP),2001,12.5085469242344,MRT
8413,Gross capital formation (% of GDP),2001,20.4553975656282,MUS
8414,Gross capital formation (% of GDP),2001,,MWI
8415,Gross capital formation (% of GDP),2001,24.398219973396,MYS
8416,Gross capital formation (% of GDP),2001,22.012000615009,North America
8417,Gross capital formation (% of GDP),2001,22.2525424516009,NAM
8418,Gross capital formation (% of GDP),2001,22.9193844603045,NCL
8419,Gross capital formation (% of GDP),2001,13.7924282479468,NER
8420,Gross capital formation (% of GDP),2001,,NGA
8421,Gross capital formation (% of GDP),2001,24.3069078331637,NIC
8422,Gross capital formation (% of GDP),2001,22.6044175168395,NLD
8423,Gross capital formation (% of GDP),2001,20.55022378133,NOR
8424,Gross capital formation (% of GDP),2001,22.3430462169922,NPL
8425,Gross capital formation (% of GDP),2001,,NRU
8426,Gross capital formation (% of GDP),2001,22.9520169059606,NZL
8427,Gross capital formation (% of GDP),2001,23.126935899113,OECD members
8428,Gross capital formation (% of GDP),2001,24.0557032595074,OMN
8429,Gross capital formation (% of GDP),2001,23.4233205912172,Other small states
8430,Gross capital formation (% of GDP),2001,15.9969087410437,PAK
8431,Gross capital formation (% of GDP),2001,22.3776158314375,PAN
8432,Gross capital formation (% of GDP),2001,18.1595051690983,PER
8433,Gross capital formation (% of GDP),2001,18.9451758766766,PHL
8434,Gross capital formation (% of GDP),2001,,PLW
8435,Gross capital formation (% of GDP),2001,22.9518867289324,PNG
8436,Gross capital formation (% of GDP),2001,20.6408974856903,POL
8437,Gross capital formation (% of GDP),2001,,Pre-demographic dividend
8438,Gross capital formation (% of GDP),2001,17.5690537564804,PRI
8439,Gross capital formation (% of GDP),2001,,PRK
8440,Gross capital formation (% of GDP),2001,28.1574917811274,PRT
8441,Gross capital formation (% of GDP),2001,17.9677838077187,PRY
8442,Gross capital formation (% of GDP),2001,29.5776406823688,PSE
8443,Gross capital formation (% of GDP),2001,20.1315283825913,Pacific island small states
8444,Gross capital formation (% of GDP),2001,23.2760377090502,Post-demographic dividend
8445,Gross capital formation (% of GDP),2001,,PYF
8446,Gross capital formation (% of GDP),2001,29.1196741854637,QAT
8447,Gross capital formation (% of GDP),2001,22.7560110876947,ROU
8448,Gross capital formation (% of GDP),2001,21.9498173349418,RUS
8449,Gross capital formation (% of GDP),2001,12.7844289211049,RWA
8450,Gross capital formation (% of GDP),2001,29.6730585034684,South Asia
8451,Gross capital formation (% of GDP),2001,19.6231513824444,SAU
8452,Gross capital formation (% of GDP),2001,20.5310077647122,SDN
8453,Gross capital formation (% of GDP),2001,25.5702135059709,SEN
8454,Gross capital formation (% of GDP),2001,27.6094317950146,SGP
8455,Gross capital formation (% of GDP),2001,7.91161202565028,SLB
8456,Gross capital formation (% of GDP),2001,10.9930815982593,SLE
8457,Gross capital formation (% of GDP),2001,17.7140700026255,SLV
8458,Gross capital formation (% of GDP),2001,,SMR
8459,Gross capital formation (% of GDP),2001,,SOM
8460,Gross capital formation (% of GDP),2001,14.7411020982562,SRB
8461,Gross capital formation (% of GDP),2001,21.8175146382911,Sub-Saharan Africa (
8462,Gross capital formation (% of GDP),2001,,SSD
8463,Gross capital formation (% of GDP),2001,21.9214190256672,Sub-Saharan Africa
8464,Gross capital formation (% of GDP),2001,23.7608890311196,Small states
8465,Gross capital formation (% of GDP),2001,,STP
8466,Gross capital formation (% of GDP),2001,,SUR
8467,Gross capital formation (% of GDP),2001,31.4531074581958,SVK
8468,Gross capital formation (% of GDP),2001,26.8861602046924,SVN
8469,Gross capital formation (% of GDP),2001,22.3035860362448,SWE
8470,Gross capital formation (% of GDP),2001,,SWZ
8471,Gross capital formation (% of GDP),2001,,SXM
8472,Gross capital formation (% of GDP),2001,40.395100282651,SYC
8473,Gross capital formation (% of GDP),2001,,SYR
8474,Gross capital formation (% of GDP),2001,,TCA
8475,Gross capital formation (% of GDP),2001,40.2503769127795,TCD
8476,Gross capital formation (% of GDP),2001,32.2082500108264,East Asia & Pacific (IDA & IBRD countries)
8477,Gross capital formation (% of GDP),2001,20.8836010485689,Europe & Central Asia (IDA & IBRD countries)
8478,Gross capital formation (% of GDP),2001,29.3205669194724,TGO
8479,Gross capital formation (% of GDP),2001,23.1124372100211,THA
8480,Gross capital formation (% of GDP),2001,16.3827950698182,TJK
8481,Gross capital formation (% of GDP),2001,31.7126612120372,TKM
8482,Gross capital formation (% of GDP),2001,19.5955036178511,Latin America & the Caribbean (IDA & IBRD countries)
8483,Gross capital formation (% of GDP),2001,30.2047257947799,TLS
8484,Gross capital formation (% of GDP),2001,24.704188336282,AFG
8485,Gross capital formation (% of GDP),2001,23.4882946134657,TON
8486,Gross capital formation (% of GDP),2001,29.6730585034684,South Asia (IDA & IBRD)
8487,Gross capital formation (% of GDP),2001,21.9214190256672,Sub-Saharan Africa (IDA & IBRD countries)
8488,Gross capital formation (% of GDP),2001,26.7132302680376,TTO
8489,Gross capital formation (% of GDP),2001,26.1793463195827,TUN
8490,Gross capital formation (% of GDP),2001,18.0254338636225,TUR
8491,Gross capital formation (% of GDP),2001,,TUV
8492,Gross capital formation (% of GDP),2001,18.3167930926191,TZA
8493,Gross capital formation (% of GDP),2001,19.3020594186146,UGA
8494,Gross capital formation (% of GDP),2001,21.8131881141234,UKR
8495,Gross capital formation (% of GDP),2001,25.1382678580138,Upper middle income
8496,Gross capital formation (% of GDP),2001,14.3279397868346,URY
8497,Gross capital formation (% of GDP),2001,22.17672222144,USA
8498,Gross capital formation (% of GDP),2001,21.0999939090005,UZB
8499,Gross capital formation (% of GDP),2001,,VCT
8500,Gross capital formation (% of GDP),2001,27.5241676945984,VEN
8501,Gross capital formation (% of GDP),2001,,VGB
8502,Gross capital formation (% of GDP),2001,,VIR
8503,Gross capital formation (% of GDP),2001,31.1727734549497,VNM
8504,Gross capital formation (% of GDP),2001,18.3537886872999,VUT
8505,Gross capital formation (% of GDP),2001,23.6579161958629,World
8506,Gross capital formation (% of GDP),2001,,WSM
8507,Gross capital formation (% of GDP),2001,,XKX
8508,Gross capital formation (% of GDP),2001,,YEM
8509,Gross capital formation (% of GDP),2001,14.5737803066035,ZAF
8510,Gross capital formation (% of GDP),2001,,ZMB
8511,Gross capital formation (% of GDP),2001,10.2664734377554,ZWE
8512,Gross capital formation (% of GDP),2002,26.629979781872,ABW
8513,Gross capital formation (% of GDP),2002,17.5786949909469,Africa Eastern and Southern
8514,Gross capital formation (% of GDP),2002,,AFG
8515,Gross capital formation (% of GDP),2002,,Africa Western and Central
8516,Gross capital formation (% of GDP),2002,30.4931731253335,AGO
8517,Gross capital formation (% of GDP),2002,38.5753358181086,ALB
8518,Gross capital formation (% of GDP),2002,,AND
8519,Gross capital formation (% of GDP),2002,21.0733834878349,Arab World
8520,Gross capital formation (% of GDP),2002,22.5456815521944,ARE
8521,Gross capital formation (% of GDP),2002,10.8539052402585,ARG
8522,Gross capital formation (% of GDP),2002,25.4182967616869,ARM
8523,Gross capital formation (% of GDP),2002,,ASM
8524,Gross capital formation (% of GDP),2002,,ATG
8525,Gross capital formation (% of GDP),2002,24.4074263067027,AUS
8526,Gross capital formation (% of GDP),2002,23.7779667439374,AUT
8527,Gross capital formation (% of GDP),2002,34.5764948453608,AZE
8528,Gross capital formation (% of GDP),2002,3.94866019879363,BDI
8529,Gross capital formation (% of GDP),2002,20.7474019774138,BEL
8530,Gross capital formation (% of GDP),2002,14.8337225342659,BEN
8531,Gross capital formation (% of GDP),2002,13.4516848777294,BFA
8532,Gross capital formation (% of GDP),2002,24.3414161366729,BGD
8533,Gross capital formation (% of GDP),2002,20.5290208799206,BGR
8534,Gross capital formation (% of GDP),2002,23.3477306246465,BHR
8535,Gross capital formation (% of GDP),2002,24.2085493336456,BHS
8536,Gross capital formation (% of GDP),2002,30.8221182952827,BIH
8537,Gross capital formation (% of GDP),2002,22.1768515932559,BLR
8538,Gross capital formation (% of GDP),2002,20.7688908528502,BLZ
8539,Gross capital formation (% of GDP),2002,,BMU
8540,Gross capital formation (% of GDP),2002,16.294673391902,BOL
8541,Gross capital formation (% of GDP),2002,17.4490794834956,BRA
8542,Gross capital formation (% of GDP),2002,,BRB
8543,Gross capital formation (% of GDP),2002,33.8596055448345,BRN
8544,Gross capital formation (% of GDP),2002,68.5694487644125,BTN
8545,Gross capital formation (% of GDP),2002,30.1938052068805,BWA
8546,Gross capital formation (% of GDP),2002,9.62494666555282,CAF
8547,Gross capital formation (% of GDP),2002,19.7393454062916,CAN
8548,Gross capital formation (% of GDP),2002,23.5555132227414,Central Europe and the Baltics
8549,Gross capital formation (% of GDP),2002,26.2149402183817,CHE
8550,Gross capital formation (% of GDP),2002,,Channel Islands
8551,Gross capital formation (% of GDP),2002,24.1083878093603,CHL
8552,Gross capital formation (% of GDP),2002,36.0687816828708,CHN
8553,Gross capital formation (% of GDP),2002,12.0234754844887,CIV
8554,Gross capital formation (% of GDP),2002,19.4413944162664,CMR
8555,Gross capital formation (% of GDP),2002,7.43579108293426,COD
8556,Gross capital formation (% of GDP),2002,23.4075965604067,COG
8557,Gross capital formation (% of GDP),2002,17.2515418448331,COL
8558,Gross capital formation (% of GDP),2002,18.0423117185491,COM
8559,Gross capital formation (% of GDP),2002,,CPV
8560,Gross capital formation (% of GDP),2002,19.8863193754647,CRI
8561,Gross capital formation (% of GDP),2002,,Caribbean small states
8562,Gross capital formation (% of GDP),2002,9.19635015852696,CUB
8563,Gross capital formation (% of GDP),2002,,CUW
8564,Gross capital formation (% of GDP),2002,,CYM
8565,Gross capital formation (% of GDP),2002,20.2817486986233,CYP
8566,Gross capital formation (% of GDP),2002,30.4816181826653,CZE
8567,Gross capital formation (% of GDP),2002,20.151752302821,DEU
8568,Gross capital formation (% of GDP),2002,,DJI
8569,Gross capital formation (% of GDP),2002,,DMA
8570,Gross capital formation (% of GDP),2002,21.256815503883,DNK
8571,Gross capital formation (% of GDP),2002,26.9567556785451,DOM
8572,Gross capital formation (% of GDP),2002,32.422149775997,DZA
8573,Gross capital formation (% of GDP),2002,32.5413250821246,East Asia & Pacific (
8574,Gross capital formation (% of GDP),2002,22.4746833899661,Early-demographic dividend
8575,Gross capital formation (% of GDP),2002,27.7123452662515,East Asia & Pacific
8576,Gross capital formation (% of GDP),2002,21.6766996381326,Europe & Central Asia (
8577,Gross capital formation (% of GDP),2002,21.2910689630905,Europe & Central Asia
8578,Gross capital formation (% of GDP),2002,19.6562625754518,ECU
8579,Gross capital formation (% of GDP),2002,17.9994721562418,EGY
8580,Gross capital formation (% of GDP),2002,21.819373806623,Euro area
8581,Gross capital formation (% of GDP),2002,29.5489323270544,ERI
8582,Gross capital formation (% of GDP),2002,26.705648861478,ESP
8583,Gross capital formation (% of GDP),2002,32.9307657546669,EST
8584,Gross capital formation (% of GDP),2002,0.0,ETH
8585,Gross capital formation (% of GDP),2002,21.8396540336461,European Union
8586,Gross capital formation (% of GDP),2002,,Fragile and conflict affected situations
8587,Gross capital formation (% of GDP),2002,22.0594179466451,FIN
8588,Gross capital formation (% of GDP),2002,23.2825451461638,FJI
8589,Gross capital formation (% of GDP),2002,20.7001905304491,FRA
8590,Gross capital formation (% of GDP),2002,23.2931008791536,FRO
8591,Gross capital formation (% of GDP),2002,,FSM
8592,Gross capital formation (% of GDP),2002,25.1070976391096,GAB
8593,Gross capital formation (% of GDP),2002,18.3525971535261,GBR
8594,Gross capital formation (% of GDP),2002,28.5011829399142,GEO
8595,Gross capital formation (% of GDP),2002,19.7,GHA
8596,Gross capital formation (% of GDP),2002,,GIB
8597,Gross capital formation (% of GDP),2002,9.97077078957571,GIN
8598,Gross capital formation (% of GDP),2002,7.27832762883119,GMB
8599,Gross capital formation (% of GDP),2002,23.5961232443338,GNB
8600,Gross capital formation (% of GDP),2002,,GNQ
8601,Gross capital formation (% of GDP),2002,23.6770908566951,GRC
8602,Gross capital formation (% of GDP),2002,,GRD
8603,Gross capital formation (% of GDP),2002,,GRL
8604,Gross capital formation (% of GDP),2002,20.887908572384,GTM
8605,Gross capital formation (% of GDP),2002,,GUM
8606,Gross capital formation (% of GDP),2002,20.8604990254453,GUY
8607,Gross capital formation (% of GDP),2002,22.3633361924148,High income
8608,Gross capital formation (% of GDP),2002,23.1809524249985,HKG
8609,Gross capital formation (% of GDP),2002,24.2583609075411,HND
8610,Gross capital formation (% of GDP),2002,19.339108028313,Heavily indebted poor countries (HIPC)
8611,Gross capital formation (% of GDP),2002,23.7617444126118,HRV
8612,Gross capital formation (% of GDP),2002,9.49595832222187,HTI
8613,Gross capital formation (% of GDP),2002,25.7468753302212,HUN
8614,Gross capital formation (% of GDP),2002,25.3754874192618,IBRD only
8615,Gross capital formation (% of GDP),2002,25.0217220232543,IDA & IBRD total
8616,Gross capital formation (% of GDP),2002,21.4246514252141,IDA total
8617,Gross capital formation (% of GDP),2002,,IDA blend
8618,Gross capital formation (% of GDP),2002,21.4040702075173,IDN
8619,Gross capital formation (% of GDP),2002,21.7436158326209,IDA only
8620,Gross capital formation (% of GDP),2002,,IMN
8621,Gross capital formation (% of GDP),2002,30.2513001207186,IND
8622,Gross capital formation (% of GDP),2002,,Not classified
8623,Gross capital formation (% of GDP),2002,24.0825971908065,IRL
8624,Gross capital formation (% of GDP),2002,39.0541109970135,IRN
8625,Gross capital formation (% of GDP),2002,18.2268757348604,IRQ
8626,Gross capital formation (% of GDP),2002,19.810391208826,ISL
8627,Gross capital formation (% of GDP),2002,24.1887720819014,ISR
8628,Gross capital formation (% of GDP),2002,22.0519500121835,ITA
8629,Gross capital formation (% of GDP),2002,27.3377182263497,JAM
8630,Gross capital formation (% of GDP),2002,20.0956726523403,JOR
8631,Gross capital formation (% of GDP),2002,25.8988591910406,JPN
8632,Gross capital formation (% of GDP),2002,27.2877232823977,KAZ
8633,Gross capital formation (% of GDP),2002,15.1382158893462,KEN
8634,Gross capital formation (% of GDP),2002,17.6066915405722,KGZ
8635,Gross capital formation (% of GDP),2002,23.868414318253,KHM
8636,Gross capital formation (% of GDP),2002,,KIR
8637,Gross capital formation (% of GDP),2002,,KNA
8638,Gross capital formation (% of GDP),2002,31.0928327590252,KOR
8639,Gross capital formation (% of GDP),2002,17.1276962899051,KWT
8640,Gross capital formation (% of GDP),2002,18.5984694726634,Latin America & Caribbean (
8641,Gross capital formation (% of GDP),2002,29.0404231808259,LAO
8642,Gross capital formation (% of GDP),2002,18.748268218343,LBN
8643,Gross capital formation (% of GDP),2002,,LBR
8644,Gross capital formation (% of GDP),2002,13.5168383822851,LBY
8645,Gross capital formation (% of GDP),2002,,LCA
8646,Gross capital formation (% of GDP),2002,18.810758485162,Latin America & Caribbean
8647,Gross capital formation (% of GDP),2002,22.3754278038085,Least developed countries: UN classification
8648,Gross capital formation (% of GDP),2002,15.5040687070692,Low income
8649,Gross capital formation (% of GDP),2002,,LIE
8650,Gross capital formation (% of GDP),2002,23.2890507211333,LKA
8651,Gross capital formation (% of GDP),2002,26.0945746642435,Lower middle income
8652,Gross capital formation (% of GDP),2002,25.6351767882313,Low & middle income
8653,Gross capital formation (% of GDP),2002,,LSO
8654,Gross capital formation (% of GDP),2002,26.9426110427621,Late-demographic dividend
8655,Gross capital formation (% of GDP),2002,21.064433775953,LTU
8656,Gross capital formation (% of GDP),2002,20.4278629315455,LUX
8657,Gross capital formation (% of GDP),2002,28.6201729296497,LVA
8658,Gross capital formation (% of GDP),2002,9.88855116514691,MAC
8659,Gross capital formation (% of GDP),2002,,MAF
8660,Gross capital formation (% of GDP),2002,24.4137992922944,MAR
8661,Gross capital formation (% of GDP),2002,,MCO
8662,Gross capital formation (% of GDP),2002,21.6601824678981,MDA
8663,Gross capital formation (% of GDP),2002,10.9702431408945,MDG
8664,Gross capital formation (% of GDP),2002,,MDV
8665,Gross capital formation (% of GDP),2002,23.1352468545035,AFG
8666,Gross capital formation (% of GDP),2002,20.4084256272915,MEX
8667,Gross capital formation (% of GDP),2002,,MHL
8668,Gross capital formation (% of GDP),2002,25.8420129063218,Middle income
8669,Gross capital formation (% of GDP),2002,20.8302234116196,MKD
8670,Gross capital formation (% of GDP),2002,15.7457655829161,MLI
8671,Gross capital formation (% of GDP),2002,17.5134742195037,MLT
8672,Gross capital formation (% of GDP),2002,,MMR
8673,Gross capital formation (% of GDP),2002,24.2855047617532,AFG
8674,Gross capital formation (% of GDP),2002,18.7610862768708,MNE
8675,Gross capital formation (% of GDP),2002,24.6417075952243,MNG
8676,Gross capital formation (% of GDP),2002,,MNP
8677,Gross capital formation (% of GDP),2002,40.5930874570462,MOZ
8678,Gross capital formation (% of GDP),2002,9.54380012885794,MRT
8679,Gross capital formation (% of GDP),2002,21.7589512568517,MUS
8680,Gross capital formation (% of GDP),2002,,MWI
8681,Gross capital formation (% of GDP),2002,24.7773431485884,MYS
8682,Gross capital formation (% of GDP),2002,21.5922006659608,North America
8683,Gross capital formation (% of GDP),2002,18.5884486772501,NAM
8684,Gross capital formation (% of GDP),2002,24.4979751984607,NCL
8685,Gross capital formation (% of GDP),2002,14.6260219197075,NER
8686,Gross capital formation (% of GDP),2002,,NGA
8687,Gross capital formation (% of GDP),2002,22.4323122258435,NIC
8688,Gross capital formation (% of GDP),2002,20.9657566797441,NLD
8689,Gross capital formation (% of GDP),2002,20.3302123524354,NOR
8690,Gross capital formation (% of GDP),2002,20.2462111730944,NPL
8691,Gross capital formation (% of GDP),2002,,NRU
8692,Gross capital formation (% of GDP),2002,22.7465398243836,NZL
8693,Gross capital formation (% of GDP),2002,22.343624373341,OECD members
8694,Gross capital formation (% of GDP),2002,25.9564535952282,OMN
8695,Gross capital formation (% of GDP),2002,25.5846990852222,Other small states
8696,Gross capital formation (% of GDP),2002,14.9624104307448,PAK
8697,Gross capital formation (% of GDP),2002,21.2012571382655,PAN
8698,Gross capital formation (% of GDP),2002,17.9681458916088,PER
8699,Gross capital formation (% of GDP),2002,20.4591371369749,PHL
8700,Gross capital formation (% of GDP),2002,,PLW
8701,Gross capital formation (% of GDP),2002,21.1919831839046,PNG
8702,Gross capital formation (% of GDP),2002,18.5444793558839,POL
8703,Gross capital formation (% of GDP),2002,,Pre-demographic dividend
8704,Gross capital formation (% of GDP),2002,16.193840010611,PRI
8705,Gross capital formation (% of GDP),2002,,PRK
8706,Gross capital formation (% of GDP),2002,25.9043294973227,PRT
8707,Gross capital formation (% of GDP),2002,18.0997007043384,PRY
8708,Gross capital formation (% of GDP),2002,26.1685134147027,PSE
8709,Gross capital formation (% of GDP),2002,22.6965086863011,Pacific island small states
8710,Gross capital formation (% of GDP),2002,22.4155349249176,Post-demographic dividend
8711,Gross capital formation (% of GDP),2002,,PYF
8712,Gross capital formation (% of GDP),2002,32.6471255887861,QAT
8713,Gross capital formation (% of GDP),2002,22.1726981083131,ROU
8714,Gross capital formation (% of GDP),2002,20.0295461890033,RUS
8715,Gross capital formation (% of GDP),2002,12.6161021461481,RWA
8716,Gross capital formation (% of GDP),2002,30.0450492519964,South Asia
8717,Gross capital formation (% of GDP),2002,19.6933428220224,SAU
8718,Gross capital formation (% of GDP),2002,21.5663517910828,SDN
8719,Gross capital formation (% of GDP),2002,23.1150021289388,SEN
8720,Gross capital formation (% of GDP),2002,25.0736127933875,SGP
8721,Gross capital formation (% of GDP),2002,5.94570985166908,SLB
8722,Gross capital formation (% of GDP),2002,11.8061520281253,SLE
8723,Gross capital formation (% of GDP),2002,17.0646701352869,SLV
8724,Gross capital formation (% of GDP),2002,,SMR
8725,Gross capital formation (% of GDP),2002,,SOM
8726,Gross capital formation (% of GDP),2002,17.3776527581948,SRB
8727,Gross capital formation (% of GDP),2002,20.2804941897021,Sub-Saharan Africa (
8728,Gross capital formation (% of GDP),2002,,SSD
8729,Gross capital formation (% of GDP),2002,20.4022531652686,Sub-Saharan Africa
8730,Gross capital formation (% of GDP),2002,24.3722572010847,Small states
8731,Gross capital formation (% of GDP),2002,,STP
8732,Gross capital formation (% of GDP),2002,,SUR
8733,Gross capital formation (% of GDP),2002,30.8750199344027,SVK
8734,Gross capital formation (% of GDP),2002,25.70100156278,SVN
8735,Gross capital formation (% of GDP),2002,21.6043689870445,SWE
8736,Gross capital formation (% of GDP),2002,,SWZ
8737,Gross capital formation (% of GDP),2002,,SXM
8738,Gross capital formation (% of GDP),2002,27.588134558915,SYC
8739,Gross capital formation (% of GDP),2002,,SYR
8740,Gross capital formation (% of GDP),2002,,TCA
8741,Gross capital formation (% of GDP),2002,60.1561730301281,TCD
8742,Gross capital formation (% of GDP),2002,32.541921065741,East Asia & Pacific (IDA & IBRD countries)
8743,Gross capital formation (% of GDP),2002,20.5816357227069,Europe & Central Asia (IDA & IBRD countries)
8744,Gross capital formation (% of GDP),2002,30.669067157494,TGO
8745,Gross capital formation (% of GDP),2002,22.7441937694577,THA
8746,Gross capital formation (% of GDP),2002,9.29571889906082,TJK
8747,Gross capital formation (% of GDP),2002,27.5596816976127,TKM
8748,Gross capital formation (% of GDP),2002,19.0803997949502,Latin America & the Caribbean (IDA & IBRD countries)
8749,Gross capital formation (% of GDP),2002,27.9094610671299,TLS
8750,Gross capital formation (% of GDP),2002,24.2754453183277,AFG
8751,Gross capital formation (% of GDP),2002,24.2790513677234,TON
8752,Gross capital formation (% of GDP),2002,30.0450492519964,South Asia (IDA & IBRD)
8753,Gross capital formation (% of GDP),2002,20.4022531652686,Sub-Saharan Africa (IDA & IBRD countries)
8754,Gross capital formation (% of GDP),2002,22.6251554450169,TTO
8755,Gross capital formation (% of GDP),2002,23.8112895578277,TUN
8756,Gross capital formation (% of GDP),2002,21.107589539959,TUR
8757,Gross capital formation (% of GDP),2002,,TUV
8758,Gross capital formation (% of GDP),2002,18.0880950947047,TZA
8759,Gross capital formation (% of GDP),2002,20.2174228036338,UGA
8760,Gross capital formation (% of GDP),2002,20.1906567921482,UKR
8761,Gross capital formation (% of GDP),2002,25.9091785220498,Upper middle income
8762,Gross capital formation (% of GDP),2002,13.0729059521491,URY
8763,Gross capital formation (% of GDP),2002,21.722669407238,USA
8764,Gross capital formation (% of GDP),2002,21.1999946310166,UZB
8765,Gross capital formation (% of GDP),2002,,VCT
8766,Gross capital formation (% of GDP),2002,21.1588880528986,VEN
8767,Gross capital formation (% of GDP),2002,,VGB
8768,Gross capital formation (% of GDP),2002,,VIR
8769,Gross capital formation (% of GDP),2002,33.2205344910613,VNM
8770,Gross capital formation (% of GDP),2002,19.5414877027877,VUT
8771,Gross capital formation (% of GDP),2002,23.0042251599834,World
8772,Gross capital formation (% of GDP),2002,,WSM
8773,Gross capital formation (% of GDP),2002,,XKX
8774,Gross capital formation (% of GDP),2002,,YEM
8775,Gross capital formation (% of GDP),2002,15.036119660525,ZAF
8776,Gross capital formation (% of GDP),2002,,ZMB
8777,Gross capital formation (% of GDP),2002,4.99999968464784,ZWE
8778,Gross capital formation (% of GDP),2003,28.8817040907799,ABW
8779,Gross capital formation (% of GDP),2003,18.248210250215,Africa Eastern and Southern
8780,Gross capital formation (% of GDP),2003,,AFG
8781,Gross capital formation (% of GDP),2003,,Africa Western and Central
8782,Gross capital formation (% of GDP),2003,30.4511114121029,AGO
8783,Gross capital formation (% of GDP),2003,36.7221284326025,ALB
8784,Gross capital formation (% of GDP),2003,,AND
8785,Gross capital formation (% of GDP),2003,21.313234726128,Arab World
8786,Gross capital formation (% of GDP),2003,22.1297618369823,ARE
8787,Gross capital formation (% of GDP),2003,14.1469621012504,ARG
8788,Gross capital formation (% of GDP),2003,28.3479499830947,ARM
8789,Gross capital formation (% of GDP),2003,,ASM
8790,Gross capital formation (% of GDP),2003,,ATG
8791,Gross capital formation (% of GDP),2003,25.9369848139976,AUS
8792,Gross capital formation (% of GDP),2003,24.4562050749722,AUT
8793,Gross capital formation (% of GDP),2003,53.1714825439026,AZE
8794,Gross capital formation (% of GDP),2003,7.86879003706402,BDI
8795,Gross capital formation (% of GDP),2003,20.9647077064668,BEL
8796,Gross capital formation (% of GDP),2003,15.1637900420403,BEN
8797,Gross capital formation (% of GDP),2003,15.4592813585183,BFA
8798,Gross capital formation (% of GDP),2003,24.6791888612834,BGD
8799,Gross capital formation (% of GDP),2003,22.0741733883245,BGR
8800,Gross capital formation (% of GDP),2003,23.735810361348,BHR
8801,Gross capital formation (% of GDP),2003,24.2737108642641,BHS
8802,Gross capital formation (% of GDP),2003,29.689360528506,BIH
8803,Gross capital formation (% of GDP),2003,24.9543276593883,BLR
8804,Gross capital formation (% of GDP),2003,17.8012071204828,BLZ
8805,Gross capital formation (% of GDP),2003,,BMU
8806,Gross capital formation (% of GDP),2003,13.2320723069973,BOL
8807,Gross capital formation (% of GDP),2003,16.8566884007152,BRA
8808,Gross capital formation (% of GDP),2003,,BRB
8809,Gross capital formation (% of GDP),2003,21.9878806454224,BRN
8810,Gross capital formation (% of GDP),2003,66.860297997122,BTN
8811,Gross capital formation (% of GDP),2003,30.1430074223364,BWA
8812,Gross capital formation (% of GDP),2003,6.4047925068294,CAF
8813,Gross capital formation (% of GDP),2003,20.4666776118118,CAN
8814,Gross capital formation (% of GDP),2003,23.8237917998345,Central Europe and the Baltics
8815,Gross capital formation (% of GDP),2003,25.9844181861728,CHE
8816,Gross capital formation (% of GDP),2003,,Channel Islands
8817,Gross capital formation (% of GDP),2003,23.3991354342023,CHL
8818,Gross capital formation (% of GDP),2003,39.4280130265115,CHN
8819,Gross capital formation (% of GDP),2003,13.9684419032966,CIV
8820,Gross capital formation (% of GDP),2003,18.0947361657846,CMR
8821,Gross capital formation (% of GDP),2003,9.52455484338981,COD
8822,Gross capital formation (% of GDP),2003,26.0903241706861,COG
8823,Gross capital formation (% of GDP),2003,18.6818190163212,COL
8824,Gross capital formation (% of GDP),2003,18.0423216019979,COM
8825,Gross capital formation (% of GDP),2003,,CPV
8826,Gross capital formation (% of GDP),2003,18.9650510388737,CRI
8827,Gross capital formation (% of GDP),2003,,Caribbean small states
8828,Gross capital formation (% of GDP),2003,8.50361547803416,CUB
8829,Gross capital formation (% of GDP),2003,,CUW
8830,Gross capital formation (% of GDP),2003,,CYM
8831,Gross capital formation (% of GDP),2003,19.49832670211,CYP
8832,Gross capital formation (% of GDP),2003,29.5495865624593,CZE
8833,Gross capital formation (% of GDP),2003,19.5766263092364,DEU
8834,Gross capital formation (% of GDP),2003,,DJI
8835,Gross capital formation (% of GDP),2003,,DMA
8836,Gross capital formation (% of GDP),2003,20.885998901756,DNK
8837,Gross capital formation (% of GDP),2003,19.4091627404806,DOM
8838,Gross capital formation (% of GDP),2003,32.0808213874135,DZA
8839,Gross capital formation (% of GDP),2003,35.3337349421718,East Asia & Pacific (
8840,Gross capital formation (% of GDP),2003,23.1101942732576,Early-demographic dividend
8841,Gross capital formation (% of GDP),2003,28.5109024967789,East Asia & Pacific
8842,Gross capital formation (% of GDP),2003,22.7918227138992,Europe & Central Asia (
8843,Gross capital formation (% of GDP),2003,21.2266660026209,Europe & Central Asia
8844,Gross capital formation (% of GDP),2003,15.7730766736655,ECU
8845,Gross capital formation (% of GDP),2003,16.8862275449102,EGY
8846,Gross capital formation (% of GDP),2003,21.7209111120799,Euro area
8847,Gross capital formation (% of GDP),2003,26.5439604075464,ERI
8848,Gross capital formation (% of GDP),2003,27.5285511216757,ESP
8849,Gross capital formation (% of GDP),2003,35.1880300634078,EST
8850,Gross capital formation (% of GDP),2003,0.0,ETH
8851,Gross capital formation (% of GDP),2003,21.7388144150923,European Union
8852,Gross capital formation (% of GDP),2003,,Fragile and conflict affected situations
8853,Gross capital formation (% of GDP),2003,22.231962772058,FIN
8854,Gross capital formation (% of GDP),2003,27.5941415206824,FJI
8855,Gross capital formation (% of GDP),2003,20.6506168230936,FRA
8856,Gross capital formation (% of GDP),2003,31.4079823736899,FRO
8857,Gross capital formation (% of GDP),2003,,FSM
8858,Gross capital formation (% of GDP),2003,22.6391014756493,GAB
8859,Gross capital formation (% of GDP),2003,17.9387189728641,GBR
8860,Gross capital formation (% of GDP),2003,29.0958769748135,GEO
8861,Gross capital formation (% of GDP),2003,22.9369279766376,GHA
8862,Gross capital formation (% of GDP),2003,,GIB
8863,Gross capital formation (% of GDP),2003,14.8250363931269,GIN
8864,Gross capital formation (% of GDP),2003,10.0388860071725,GMB
8865,Gross capital formation (% of GDP),2003,27.64774494114,GNB
8866,Gross capital formation (% of GDP),2003,,GNQ
8867,Gross capital formation (% of GDP),2003,26.1381770101347,GRC
8868,Gross capital formation (% of GDP),2003,,GRD
8869,Gross capital formation (% of GDP),2003,19.3560952807588,GRL
8870,Gross capital formation (% of GDP),2003,20.6215067836553,GTM
8871,Gross capital formation (% of GDP),2003,,GUM
8872,Gross capital formation (% of GDP),2003,20.952115865171,GUY
8873,Gross capital formation (% of GDP),2003,22.3023030500702,High income
8874,Gross capital formation (% of GDP),2003,22.3796401439042,HKG
8875,Gross capital formation (% of GDP),2003,25.2808823550006,HND
8876,Gross capital formation (% of GDP),2003,20.7396643233499,Heavily indebted poor countries (HIPC)
8877,Gross capital formation (% of GDP),2003,27.230932378267,HRV
8878,Gross capital formation (% of GDP),2003,16.6792585587853,HTI
8879,Gross capital formation (% of GDP),2003,24.7088343047099,HUN
8880,Gross capital formation (% of GDP),2003,26.6977141477556,IBRD only
8881,Gross capital formation (% of GDP),2003,26.3112181820896,IDA & IBRD total
8882,Gross capital formation (% of GDP),2003,22.346619077094,IDA total
8883,Gross capital formation (% of GDP),2003,,IDA blend
8884,Gross capital formation (% of GDP),2003,25.5984983869787,IDN
8885,Gross capital formation (% of GDP),2003,22.5922592479169,IDA only
8886,Gross capital formation (% of GDP),2003,,IMN
8887,Gross capital formation (% of GDP),2003,30.8396999424416,IND
8888,Gross capital formation (% of GDP),2003,,Not classified
8889,Gross capital formation (% of GDP),2003,25.7442230479854,IRL
8890,Gross capital formation (% of GDP),2003,42.1052670449541,IRN
8891,Gross capital formation (% of GDP),2003,10.6509542219875,IRQ
8892,Gross capital formation (% of GDP),2003,21.2919615404607,ISL
8893,Gross capital formation (% of GDP),2003,22.8189221878312,ISR
8894,Gross capital formation (% of GDP),2003,21.5802501954429,ITA
8895,Gross capital formation (% of GDP),2003,26.2476354887881,JAM
8896,Gross capital formation (% of GDP),2003,20.8405384093959,JOR
8897,Gross capital formation (% of GDP),2003,25.6609651799745,JPN
8898,Gross capital formation (% of GDP),2003,25.703912594675,KAZ
8899,Gross capital formation (% of GDP),2003,16.4821493891933,KEN
8900,Gross capital formation (% of GDP),2003,11.8300159529947,KGZ
8901,Gross capital formation (% of GDP),2003,24.0058224692333,KHM
8902,Gross capital formation (% of GDP),2003,,KIR
8903,Gross capital formation (% of GDP),2003,,KNA
8904,Gross capital formation (% of GDP),2003,32.2796152215581,KOR
8905,Gross capital formation (% of GDP),2003,16.6325557923068,KWT
8906,Gross capital formation (% of GDP),2003,18.5217783617157,Latin America & Caribbean (
8907,Gross capital formation (% of GDP),2003,27.7715216255189,LAO
8908,Gross capital formation (% of GDP),2003,19.1610239471511,LBN
8909,Gross capital formation (% of GDP),2003,,LBR
8910,Gross capital formation (% of GDP),2003,19.358996133254,LBY
8911,Gross capital formation (% of GDP),2003,,LCA
8912,Gross capital formation (% of GDP),2003,18.5104834887718,Latin America & Caribbean
8913,Gross capital formation (% of GDP),2003,23.2877512869482,Least developed countries: UN classification
8914,Gross capital formation (% of GDP),2003,16.4445148779893,Low income
8915,Gross capital formation (% of GDP),2003,,LIE
8916,Gross capital formation (% of GDP),2003,22.0204689465055,LKA
8917,Gross capital formation (% of GDP),2003,26.8251065712873,Lower middle income
8918,Gross capital formation (% of GDP),2003,27.0994962513233,Low & middle income
8919,Gross capital formation (% of GDP),2003,,LSO
8920,Gross capital formation (% of GDP),2003,28.4245517450028,Late-demographic dividend
8921,Gross capital formation (% of GDP),2003,22.2317698184889,LTU
8922,Gross capital formation (% of GDP),2003,21.3095582474848,LUX
8923,Gross capital formation (% of GDP),2003,31.0011374013415,LVA
8924,Gross capital formation (% of GDP),2003,13.6347831345337,MAC
8925,Gross capital formation (% of GDP),2003,,MAF
8926,Gross capital formation (% of GDP),2003,26.0506060390894,MAR
8927,Gross capital formation (% of GDP),2003,,MCO
8928,Gross capital formation (% of GDP),2003,23.1775987544806,MDA
8929,Gross capital formation (% of GDP),2003,13.7245656856915,MDG
8930,Gross capital formation (% of GDP),2003,,MDV
8931,Gross capital formation (% of GDP),2003,23.6596128935528,AFG
8932,Gross capital formation (% of GDP),2003,20.8808458648635,MEX
8933,Gross capital formation (% of GDP),2003,,MHL
8934,Gross capital formation (% of GDP),2003,27.3169223589453,Middle income
8935,Gross capital formation (% of GDP),2003,17.9293173647346,MKD
8936,Gross capital formation (% of GDP),2003,20.8118359740796,MLI
8937,Gross capital formation (% of GDP),2003,23.0006697729508,MLT
8938,Gross capital formation (% of GDP),2003,,MMR
8939,Gross capital formation (% of GDP),2003,25.6071872074575,AFG
8940,Gross capital formation (% of GDP),2003,15.4139251772035,MNE
8941,Gross capital formation (% of GDP),2003,32.2627884248842,MNG
8942,Gross capital formation (% of GDP),2003,,MNP
8943,Gross capital formation (% of GDP),2003,33.4266191606781,MOZ
8944,Gross capital formation (% of GDP),2003,21.4753295588021,MRT
8945,Gross capital formation (% of GDP),2003,23.3646604962179,MUS
8946,Gross capital formation (% of GDP),2003,,MWI
8947,Gross capital formation (% of GDP),2003,22.7633850643195,MYS
8948,Gross capital formation (% of GDP),2003,21.6514295333364,North America
8949,Gross capital formation (% of GDP),2003,19.3882824399724,NAM
8950,Gross capital formation (% of GDP),2003,29.4288037375607,NCL
8951,Gross capital formation (% of GDP),2003,13.930300225432,NER
8952,Gross capital formation (% of GDP),2003,,NGA
8953,Gross capital formation (% of GDP),2003,22.2505089888938,NIC
8954,Gross capital formation (% of GDP),2003,20.4311120001709,NLD
8955,Gross capital formation (% of GDP),2003,19.4284817082745,NOR
8956,Gross capital formation (% of GDP),2003,21.4093789298114,NPL
8957,Gross capital formation (% of GDP),2003,,NRU
8958,Gross capital formation (% of GDP),2003,24.128385766287,NZL
8959,Gross capital formation (% of GDP),2003,22.3210351016309,OECD members
8960,Gross capital formation (% of GDP),2003,29.3792914901,OMN
8961,Gross capital formation (% of GDP),2003,24.6775404454463,Other small states
8962,Gross capital formation (% of GDP),2003,15.3148655930302,PAK
8963,Gross capital formation (% of GDP),2003,25.4834955176096,PAN
8964,Gross capital formation (% of GDP),2003,17.5102893749052,PER
8965,Gross capital formation (% of GDP),2003,19.5287356084063,PHL
8966,Gross capital formation (% of GDP),2003,,PLW
8967,Gross capital formation (% of GDP),2003,19.9214691833082,PNG
8968,Gross capital formation (% of GDP),2003,18.9111542221715,POL
8969,Gross capital formation (% of GDP),2003,,Pre-demographic dividend
8970,Gross capital formation (% of GDP),2003,15.5278186867377,PRI
8971,Gross capital formation (% of GDP),2003,,PRK
8972,Gross capital formation (% of GDP),2003,23.1147053583821,PRT
8973,Gross capital formation (% of GDP),2003,20.6270244034487,PRY
8974,Gross capital formation (% of GDP),2003,28.8054435483871,PSE
8975,Gross capital formation (% of GDP),2003,26.8800662372373,Pacific island small states
8976,Gross capital formation (% of GDP),2003,22.3318398779374,Post-demographic dividend
8977,Gross capital formation (% of GDP),2003,,PYF
8978,Gross capital formation (% of GDP),2003,34.8656946406266,QAT
8979,Gross capital formation (% of GDP),2003,23.1953192411743,ROU
8980,Gross capital formation (% of GDP),2003,20.8589584807348,RUS
8981,Gross capital formation (% of GDP),2003,13.1689898461308,RWA
8982,Gross capital formation (% of GDP),2003,30.6241629908476,South Asia
8983,Gross capital formation (% of GDP),2003,19.4924123818856,SAU
8984,Gross capital formation (% of GDP),2003,22.074814442888,SDN
8985,Gross capital formation (% of GDP),2003,23.9262712508604,SEN
8986,Gross capital formation (% of GDP),2003,17.2245248736318,SGP
8987,Gross capital formation (% of GDP),2003,9.03525039872408,SLB
8988,Gross capital formation (% of GDP),2003,11.3298828300381,SLE
8989,Gross capital formation (% of GDP),2003,18.4292273233695,SLV
8990,Gross capital formation (% of GDP),2003,,SMR
8991,Gross capital formation (% of GDP),2003,,SOM
8992,Gross capital formation (% of GDP),2003,18.3879552623779,SRB
8993,Gross capital formation (% of GDP),2003,21.930114198444,Sub-Saharan Africa (
8994,Gross capital formation (% of GDP),2003,,SSD
8995,Gross capital formation (% of GDP),2003,22.0636586240163,Sub-Saharan Africa
8996,Gross capital formation (% of GDP),2003,24.4614708488072,Small states
8997,Gross capital formation (% of GDP),2003,,STP
8998,Gross capital formation (% of GDP),2003,,SUR
8999,Gross capital formation (% of GDP),2003,26.5046804353507,SVK
9000,Gross capital formation (% of GDP),2003,26.8382582282831,SVN
9001,Gross capital formation (% of GDP),2003,21.2455805699441,SWE
9002,Gross capital formation (% of GDP),2003,,SWZ
9003,Gross capital formation (% of GDP),2003,,SXM
9004,Gross capital formation (% of GDP),2003,10.9629831806923,SYC
9005,Gross capital formation (% of GDP),2003,,SYR
9006,Gross capital formation (% of GDP),2003,,TCA
9007,Gross capital formation (% of GDP),2003,52.1217743230429,TCD
9008,Gross capital formation (% of GDP),2003,35.3348168596014,East Asia & Pacific (IDA & IBRD countries)
9009,Gross capital formation (% of GDP),2003,21.6069534283845,Europe & Central Asia (IDA & IBRD countries)
9010,Gross capital formation (% of GDP),2003,32.0951600439821,TGO
9011,Gross capital formation (% of GDP),2003,23.829298673817,THA
9012,Gross capital formation (% of GDP),2003,9.13672029235099,TJK
9013,Gross capital formation (% of GDP),2003,25.4187357966501,TKM
9014,Gross capital formation (% of GDP),2003,18.8092681353718,Latin America & the Caribbean (IDA & IBRD countries)
9015,Gross capital formation (% of GDP),2003,22.3030749383563,TLS
9016,Gross capital formation (% of GDP),2003,25.5883701681451,AFG
9017,Gross capital formation (% of GDP),2003,20.4410390934732,TON
9018,Gross capital formation (% of GDP),2003,30.6241629908476,South Asia (IDA & IBRD)
9019,Gross capital formation (% of GDP),2003,22.0636586240163,Sub-Saharan Africa (IDA & IBRD countries)
9020,Gross capital formation (% of GDP),2003,25.188354480181,TTO
9021,Gross capital formation (% of GDP),2003,23.3233069103163,TUN
9022,Gross capital formation (% of GDP),2003,22.3086235794323,TUR
9023,Gross capital formation (% of GDP),2003,,TUV
9024,Gross capital formation (% of GDP),2003,20.6843865054193,TZA
9025,Gross capital formation (% of GDP),2003,20.9841415782684,UGA
9026,Gross capital formation (% of GDP),2003,21.9426366930468,UKR
9027,Gross capital formation (% of GDP),2003,27.594695545226,Upper middle income
9028,Gross capital formation (% of GDP),2003,15.2063088501279,URY
9029,Gross capital formation (% of GDP),2003,21.7456192799689,USA
9030,Gross capital formation (% of GDP),2003,20.8,UZB
9031,Gross capital formation (% of GDP),2003,,VCT
9032,Gross capital formation (% of GDP),2003,15.2174422722,VEN
9033,Gross capital formation (% of GDP),2003,,VGB
9034,Gross capital formation (% of GDP),2003,,VIR
9035,Gross capital formation (% of GDP),2003,35.444857957463,VNM
9036,Gross capital formation (% of GDP),2003,16.8458035133377,VUT
9037,Gross capital formation (% of GDP),2003,23.1775631084999,World
9038,Gross capital formation (% of GDP),2003,,WSM
9039,Gross capital formation (% of GDP),2003,,XKX
9040,Gross capital formation (% of GDP),2003,,YEM
9041,Gross capital formation (% of GDP),2003,15.6571145272722,ZAF
9042,Gross capital formation (% of GDP),2003,,ZMB
9043,Gross capital formation (% of GDP),2003,7.99999923178881,ZWE
9044,Gross capital formation (% of GDP),2004,28.4513918843887,ABW
9045,Gross capital formation (% of GDP),2004,19.5215161875093,Africa Eastern and Southern
9046,Gross capital formation (% of GDP),2004,,AFG
9047,Gross capital formation (% of GDP),2004,,Africa Western and Central
9048,Gross capital formation (% of GDP),2004,30.8936755014177,AGO
9049,Gross capital formation (% of GDP),2004,36.3319472329288,ALB
9050,Gross capital formation (% of GDP),2004,,AND
9051,Gross capital formation (% of GDP),2004,21.5842055293081,Arab World
9052,Gross capital formation (% of GDP),2004,19.9785190602061,ARE
9053,Gross capital formation (% of GDP),2004,17.5512703642799,ARG
9054,Gross capital formation (% of GDP),2004,29.1225577000264,ARM
9055,Gross capital formation (% of GDP),2004,,ASM
9056,Gross capital formation (% of GDP),2004,,ATG
9057,Gross capital formation (% of GDP),2004,27.0636473789158,AUS
9058,Gross capital formation (% of GDP),2004,24.2036725711211,AUT
9059,Gross capital formation (% of GDP),2004,57.9904339874798,AZE
9060,Gross capital formation (% of GDP),2004,10.3470971301176,BDI
9061,Gross capital formation (% of GDP),2004,22.6670601715452,BEL
9062,Gross capital formation (% of GDP),2004,15.218605125346,BEN
9063,Gross capital formation (% of GDP),2004,15.5181038099984,BFA
9064,Gross capital formation (% of GDP),2004,24.9918339447004,BGD
9065,Gross capital formation (% of GDP),2004,23.4333521102503,BGR
9066,Gross capital formation (% of GDP),2004,20.5199354428997,BHR
9067,Gross capital formation (% of GDP),2004,23.1908641247271,BHS
9068,Gross capital formation (% of GDP),2004,29.8957101126865,BIH
9069,Gross capital formation (% of GDP),2004,28.6673014374357,BLR
9070,Gross capital formation (% of GDP),2004,16.7755291430203,BLZ
9071,Gross capital formation (% of GDP),2004,,BMU
9072,Gross capital formation (% of GDP),2004,11.0217031489009,BOL
9073,Gross capital formation (% of GDP),2004,17.9125683422575,BRA
9074,Gross capital formation (% of GDP),2004,,BRB
9075,Gross capital formation (% of GDP),2004,19.587965994034,BRN
9076,Gross capital formation (% of GDP),2004,67.7331934324244,BTN
9077,Gross capital formation (% of GDP),2004,31.3514430014324,BWA
9078,Gross capital formation (% of GDP),2004,6.81213802638146,CAF
9079,Gross capital formation (% of GDP),2004,21.3828605310678,CAN
9080,Gross capital formation (% of GDP),2004,25.1638162637621,Central Europe and the Baltics
9081,Gross capital formation (% of GDP),2004,24.548464470039,CHE
9082,Gross capital formation (% of GDP),2004,,Channel Islands
9083,Gross capital formation (% of GDP),2004,21.243227279331,CHL
9084,Gross capital formation (% of GDP),2004,41.6343741627493,CHN
9085,Gross capital formation (% of GDP),2004,14.7182926366705,CIV
9086,Gross capital formation (% of GDP),2004,18.8678143226466,CMR
9087,Gross capital formation (% of GDP),2004,12.2569205489908,COD
9088,Gross capital formation (% of GDP),2004,22.5203408420881,COG
9089,Gross capital formation (% of GDP),2004,19.4409966142669,COL
9090,Gross capital formation (% of GDP),2004,18.042334010286,COM
9091,Gross capital formation (% of GDP),2004,,CPV
9092,Gross capital formation (% of GDP),2004,18.9299706136343,CRI
9093,Gross capital formation (% of GDP),2004,,Caribbean small states
9094,Gross capital formation (% of GDP),2004,8.80061775253252,CUB
9095,Gross capital formation (% of GDP),2004,,CUW
9096,Gross capital formation (% of GDP),2004,,CYM
9097,Gross capital formation (% of GDP),2004,21.8649074462916,CYP
9098,Gross capital formation (% of GDP),2004,29.8242716361965,CZE
9099,Gross capital formation (% of GDP),2004,19.0213864564072,DEU
9100,Gross capital formation (% of GDP),2004,,DJI
9101,Gross capital formation (% of GDP),2004,,DMA
9102,Gross capital formation (% of GDP),2004,21.6460819600503,DNK
9103,Gross capital formation (% of GDP),2004,20.6273486504175,DOM
9104,Gross capital formation (% of GDP),2004,32.8514476424712,DZA
9105,Gross capital formation (% of GDP),2004,37.1816342536631,East Asia & Pacific (
9106,Gross capital formation (% of GDP),2004,24.8721319576351,Early-demographic dividend
9107,Gross capital formation (% of GDP),2004,29.4082209568789,East Asia & Pacific
9108,Gross capital formation (% of GDP),2004,25.0302817929879,Europe & Central Asia (
9109,Gross capital formation (% of GDP),2004,21.4889632551235,Europe & Central Asia
9110,Gross capital formation (% of GDP),2004,16.2503185471483,ECU
9111,Gross capital formation (% of GDP),2004,16.9379765093756,EGY
9112,Gross capital formation (% of GDP),2004,21.9359446610679,Euro area
9113,Gross capital formation (% of GDP),2004,20.2629217457409,ERI
9114,Gross capital formation (% of GDP),2004,28.3028257363739,ESP
9115,Gross capital formation (% of GDP),2004,34.6488549298291,EST
9116,Gross capital formation (% of GDP),2004,0.0,ETH
9117,Gross capital formation (% of GDP),2004,22.0229071223481,European Union
9118,Gross capital formation (% of GDP),2004,,Fragile and conflict affected situations
9119,Gross capital formation (% of GDP),2004,22.8724778097656,FIN
9120,Gross capital formation (% of GDP),2004,28.3288295582877,FJI
9121,Gross capital formation (% of GDP),2004,21.3643685480586,FRA
9122,Gross capital formation (% of GDP),2004,20.2347772229319,FRO
9123,Gross capital formation (% of GDP),2004,,FSM
9124,Gross capital formation (% of GDP),2004,21.4960517696994,GAB
9125,Gross capital formation (% of GDP),2004,17.7742645941403,GBR
9126,Gross capital formation (% of GDP),2004,30.9874494874953,GEO
9127,Gross capital formation (% of GDP),2004,28.3775066840527,GHA
9128,Gross capital formation (% of GDP),2004,,GIB
9129,Gross capital formation (% of GDP),2004,14.2157436663636,GIN
9130,Gross capital formation (% of GDP),2004,14.3183765243099,GMB
9131,Gross capital formation (% of GDP),2004,20.9616308959262,GNB
9132,Gross capital formation (% of GDP),2004,,GNQ
9133,Gross capital formation (% of GDP),2004,25.179542966525,GRC
9134,Gross capital formation (% of GDP),2004,,GRD
9135,Gross capital formation (% of GDP),2004,16.3169608103529,GRL
9136,Gross capital formation (% of GDP),2004,21.1896060622906,GTM
9137,Gross capital formation (% of GDP),2004,,GUM
9138,Gross capital formation (% of GDP),2004,23.5456808733306,GUY
9139,Gross capital formation (% of GDP),2004,22.7561308520729,High income
9140,Gross capital formation (% of GDP),2004,22.3574337350953,HKG
9141,Gross capital formation (% of GDP),2004,29.6655573270591,HND
9142,Gross capital formation (% of GDP),2004,21.4963662801566,Heavily indebted poor countries (HIPC)
9143,Gross capital formation (% of GDP),2004,26.0246826364727,HRV
9144,Gross capital formation (% of GDP),2004,11.4076572923675,HTI
9145,Gross capital formation (% of GDP),2004,27.5022265501896,HUN
9146,Gross capital formation (% of GDP),2004,28.2829109445406,IBRD only
9147,Gross capital formation (% of GDP),2004,27.8418155002892,IDA & IBRD total
9148,Gross capital formation (% of GDP),2004,22.6966750469445,IDA total
9149,Gross capital formation (% of GDP),2004,,IDA blend
9150,Gross capital formation (% of GDP),2004,24.0563663747717,IDN
9151,Gross capital formation (% of GDP),2004,23.5866179004901,IDA only
9152,Gross capital formation (% of GDP),2004,,IMN
9153,Gross capital formation (% of GDP),2004,35.0964917017773,IND
9154,Gross capital formation (% of GDP),2004,,Not classified
9155,Gross capital formation (% of GDP),2004,27.2182633667919,IRL
9156,Gross capital formation (% of GDP),2004,45.9987878391683,IRN
9157,Gross capital formation (% of GDP),2004,16.916898692748,IRQ
9158,Gross capital formation (% of GDP),2004,24.8448359791472,ISL
9159,Gross capital formation (% of GDP),2004,22.7469810591964,ISR
9160,Gross capital formation (% of GDP),2004,21.6420048852847,ITA
9161,Gross capital formation (% of GDP),2004,26.4672108900349,JAM
9162,Gross capital formation (% of GDP),2004,27.383850993091,JOR
9163,Gross capital formation (% of GDP),2004,25.638207264098,JPN
9164,Gross capital formation (% of GDP),2004,26.3110896798392,KAZ
9165,Gross capital formation (% of GDP),2004,16.962495556485,KEN
9166,Gross capital formation (% of GDP),2004,14.4883927729206,KGZ
9167,Gross capital formation (% of GDP),2004,23.9729963521885,KHM
9168,Gross capital formation (% of GDP),2004,,KIR
9169,Gross capital formation (% of GDP),2004,,KNA
9170,Gross capital formation (% of GDP),2004,32.5495531236433,KOR
9171,Gross capital formation (% of GDP),2004,18.1855029771589,KWT
9172,Gross capital formation (% of GDP),2004,19.5530601362565,Latin America & Caribbean (
9173,Gross capital formation (% of GDP),2004,31.754243509919,LAO
9174,Gross capital formation (% of GDP),2004,23.0676139622754,LBN
9175,Gross capital formation (% of GDP),2004,,LBR
9176,Gross capital formation (% of GDP),2004,11.6389465616944,LBY
9177,Gross capital formation (% of GDP),2004,,LCA
9178,Gross capital formation (% of GDP),2004,19.5764057980599,Latin America & Caribbean
9179,Gross capital formation (% of GDP),2004,23.893366911033,Least developed countries: UN classification
9180,Gross capital formation (% of GDP),2004,16.6597683826103,Low income
9181,Gross capital formation (% of GDP),2004,,LIE
9182,Gross capital formation (% of GDP),2004,25.2537615246688,LKA
9183,Gross capital formation (% of GDP),2004,29.3611728508159,Lower middle income
9184,Gross capital formation (% of GDP),2004,28.8361916723104,Low & middle income
9185,Gross capital formation (% of GDP),2004,,LSO
9186,Gross capital formation (% of GDP),2004,29.5674838668029,Late-demographic dividend
9187,Gross capital formation (% of GDP),2004,23.4409316851452,LTU
9188,Gross capital formation (% of GDP),2004,21.3053196225941,LUX
9189,Gross capital formation (% of GDP),2004,34.368915450929,LVA
9190,Gross capital formation (% of GDP),2004,16.0689606708674,MAC
9191,Gross capital formation (% of GDP),2004,,MAF
9192,Gross capital formation (% of GDP),2004,27.8984050253427,MAR
9193,Gross capital formation (% of GDP),2004,,MCO
9194,Gross capital formation (% of GDP),2004,26.3591502247752,MDA
9195,Gross capital formation (% of GDP),2004,21.1510251154033,MDG
9196,Gross capital formation (% of GDP),2004,,MDV
9197,Gross capital formation (% of GDP),2004,24.4636363924663,AFG
9198,Gross capital formation (% of GDP),2004,22.0461782270566,MEX
9199,Gross capital formation (% of GDP),2004,17.6978179082017,MHL
9200,Gross capital formation (% of GDP),2004,29.0826408735213,Middle income
9201,Gross capital formation (% of GDP),2004,21.045921092932,MKD
9202,Gross capital formation (% of GDP),2004,21.5025039074206,MLI
9203,Gross capital formation (% of GDP),2004,23.5802860891065,MLT
9204,Gross capital formation (% of GDP),2004,,MMR
9205,Gross capital formation (% of GDP),2004,27.3918240700874,AFG
9206,Gross capital formation (% of GDP),2004,16.6311430886528,MNE
9207,Gross capital formation (% of GDP),2004,31.1831570262103,MNG
9208,Gross capital formation (% of GDP),2004,,MNP
9209,Gross capital formation (% of GDP),2004,28.5978286726962,MOZ
9210,Gross capital formation (% of GDP),2004,35.2538232287992,MRT
9211,Gross capital formation (% of GDP),2004,24.0688056418522,MUS
9212,Gross capital formation (% of GDP),2004,,MWI
9213,Gross capital formation (% of GDP),2004,23.0495646010531,MYS
9214,Gross capital formation (% of GDP),2004,22.5522299272195,North America
9215,Gross capital formation (% of GDP),2004,19.0604614572453,NAM
9216,Gross capital formation (% of GDP),2004,26.6026771710216,NCL
9217,Gross capital formation (% of GDP),2004,12.4971525069023,NER
9218,Gross capital formation (% of GDP),2004,,NGA
9219,Gross capital formation (% of GDP),2004,24.1110027775569,NIC
9220,Gross capital formation (% of GDP),2004,20.2354145150337,NLD
9221,Gross capital formation (% of GDP),2004,21.5094822895293,NOR
9222,Gross capital formation (% of GDP),2004,24.5311495689792,NPL
9223,Gross capital formation (% of GDP),2004,,NRU
9224,Gross capital formation (% of GDP),2004,25.2816076708571,NZL
9225,Gross capital formation (% of GDP),2004,22.7989969809209,OECD members
9226,Gross capital formation (% of GDP),2004,33.6840272368192,OMN
9227,Gross capital formation (% of GDP),2004,25.8741919578285,Other small states
9228,Gross capital formation (% of GDP),2004,15.6507707141677,PAK
9229,Gross capital formation (% of GDP),2004,27.1054924995249,PAN
9230,Gross capital formation (% of GDP),2004,16.8556825410753,PER
9231,Gross capital formation (% of GDP),2004,20.731007446127,PHL
9232,Gross capital formation (% of GDP),2004,,PLW
9233,Gross capital formation (% of GDP),2004,20.0013064999479,PNG
9234,Gross capital formation (% of GDP),2004,20.4890653221513,POL
9235,Gross capital formation (% of GDP),2004,,Pre-demographic dividend
9236,Gross capital formation (% of GDP),2004,15.3173676659436,PRI
9237,Gross capital formation (% of GDP),2004,,PRK
9238,Gross capital formation (% of GDP),2004,23.8243238411168,PRT
9239,Gross capital formation (% of GDP),2004,20.0681902485099,PRY
9240,Gross capital formation (% of GDP),2004,25.0157502552628,PSE
9241,Gross capital formation (% of GDP),2004,28.787427937343,Pacific island small states
9242,Gross capital formation (% of GDP),2004,22.7710348914985,Post-demographic dividend
9243,Gross capital formation (% of GDP),2004,,PYF
9244,Gross capital formation (% of GDP),2004,31.5110118429254,QAT
9245,Gross capital formation (% of GDP),2004,24.2165645026754,ROU
9246,Gross capital formation (% of GDP),2004,20.9012750797344,RUS
9247,Gross capital formation (% of GDP),2004,14.3572006203523,RWA
9248,Gross capital formation (% of GDP),2004,34.6488556333598,South Asia
9249,Gross capital formation (% of GDP),2004,19.8646168179799,SAU
9250,Gross capital formation (% of GDP),2004,23.6117319230397,SDN
9251,Gross capital formation (% of GDP),2004,23.6336696840746,SEN
9252,Gross capital formation (% of GDP),2004,22.8924616706012,SGP
9253,Gross capital formation (% of GDP),2004,9.91922407148363,SLB
9254,Gross capital formation (% of GDP),2004,10.4298354276831,SLE
9255,Gross capital formation (% of GDP),2004,18.1407410137797,SLV
9256,Gross capital formation (% of GDP),2004,,SMR
9257,Gross capital formation (% of GDP),2004,,SOM
9258,Gross capital formation (% of GDP),2004,24.8595661186449,SRB
9259,Gross capital formation (% of GDP),2004,22.7978680500164,Sub-Saharan Africa (
9260,Gross capital formation (% of GDP),2004,,SSD
9261,Gross capital formation (% of GDP),2004,22.969641372465,Sub-Saharan Africa
9262,Gross capital formation (% of GDP),2004,24.19571880426,Small states
9263,Gross capital formation (% of GDP),2004,,STP
9264,Gross capital formation (% of GDP),2004,,SUR
9265,Gross capital formation (% of GDP),2004,27.5953334016425,SVK
9266,Gross capital formation (% of GDP),2004,29.0471155904874,SVN
9267,Gross capital formation (% of GDP),2004,21.1624986420731,SWE
9268,Gross capital formation (% of GDP),2004,,SWZ
9269,Gross capital formation (% of GDP),2004,,SXM
9270,Gross capital formation (% of GDP),2004,17.4160642655973,SYC
9271,Gross capital formation (% of GDP),2004,,SYR
9272,Gross capital formation (% of GDP),2004,,TCA
9273,Gross capital formation (% of GDP),2004,24.2838719183309,TCD
9274,Gross capital formation (% of GDP),2004,37.1829248752421,East Asia & Pacific (IDA & IBRD countries)
9275,Gross capital formation (% of GDP),2004,22.8033976676004,Europe & Central Asia (IDA & IBRD countries)
9276,Gross capital formation (% of GDP),2004,35.5641648807502,TGO
9277,Gross capital formation (% of GDP),2004,25.6814147024811,THA
9278,Gross capital formation (% of GDP),2004,11.7772898999562,TJK
9279,Gross capital formation (% of GDP),2004,23.0536196152804,TKM
9280,Gross capital formation (% of GDP),2004,19.9231124555047,Latin America & the Caribbean (IDA & IBRD countries)
9281,Gross capital formation (% of GDP),2004,17.0930776002105,TLS
9282,Gross capital formation (% of GDP),2004,27.4099214329474,AFG
9283,Gross capital formation (% of GDP),2004,20.0226658814699,TON
9284,Gross capital formation (% of GDP),2004,34.6488556333598,South Asia (IDA & IBRD)
9285,Gross capital formation (% of GDP),2004,22.969641372465,Sub-Saharan Africa (IDA & IBRD countries)
9286,Gross capital formation (% of GDP),2004,16.624019381715,TTO
9287,Gross capital formation (% of GDP),2004,23.3018782908712,TUN
9288,Gross capital formation (% of GDP),2004,24.9817147828372,TUR
9289,Gross capital formation (% of GDP),2004,,TUV
9290,Gross capital formation (% of GDP),2004,24.4935805724156,TZA
9291,Gross capital formation (% of GDP),2004,20.1456899167115,UGA
9292,Gross capital formation (% of GDP),2004,21.0958651242924,UKR
9293,Gross capital formation (% of GDP),2004,29.154097641253,Upper middle income
9294,Gross capital formation (% of GDP),2004,17.468462801397,URY
9295,Gross capital formation (% of GDP),2004,22.6521453858971,USA
9296,Gross capital formation (% of GDP),2004,24.5,UZB
9297,Gross capital formation (% of GDP),2004,,VCT
9298,Gross capital formation (% of GDP),2004,21.798464440157,VEN
9299,Gross capital formation (% of GDP),2004,,VGB
9300,Gross capital formation (% of GDP),2004,,VIR
9301,Gross capital formation (% of GDP),2004,35.46533166878,VNM
9302,Gross capital formation (% of GDP),2004,23.238487366125,VUT
9303,Gross capital formation (% of GDP),2004,23.8906957214145,World
9304,Gross capital formation (% of GDP),2004,,WSM
9305,Gross capital formation (% of GDP),2004,,XKX
9306,Gross capital formation (% of GDP),2004,,YEM
9307,Gross capital formation (% of GDP),2004,16.9603513170499,ZAF
9308,Gross capital formation (% of GDP),2004,,ZMB
9309,Gross capital formation (% of GDP),2004,4.50911485713516,ZWE
9310,Gross capital formation (% of GDP),2005,33.160442199198,ABW
9311,Gross capital formation (% of GDP),2005,19.2005366321665,Africa Eastern and Southern
9312,Gross capital formation (% of GDP),2005,,AFG
9313,Gross capital formation (% of GDP),2005,,Africa Western and Central
9314,Gross capital formation (% of GDP),2005,27.5565797901657,AGO
9315,Gross capital formation (% of GDP),2005,38.3843892451909,ALB
9316,Gross capital formation (% of GDP),2005,,AND
9317,Gross capital formation (% of GDP),2005,21.5035964616593,Arab World
9318,Gross capital formation (% of GDP),2005,20.1668488058722,ARE
9319,Gross capital formation (% of GDP),2005,18.8882641376513,ARG
9320,Gross capital formation (% of GDP),2005,35.765438994108,ARM
9321,Gross capital formation (% of GDP),2005,,ASM
9322,Gross capital formation (% of GDP),2005,,ATG
9323,Gross capital formation (% of GDP),2005,27.4568260355592,AUS
9324,Gross capital formation (% of GDP),2005,23.9653234755669,AUT
9325,Gross capital formation (% of GDP),2005,41.5348372928728,AZE
9326,Gross capital formation (% of GDP),2005,18.2,BDI
9327,Gross capital formation (% of GDP),2005,23.6810632000764,BEL
9328,Gross capital formation (% of GDP),2005,12.0860448919113,BEN
9329,Gross capital formation (% of GDP),2005,17.5635935306702,BFA
9330,Gross capital formation (% of GDP),2005,25.8304355145863,BGD
9331,Gross capital formation (% of GDP),2005,27.7396716608631,BGR
9332,Gross capital formation (% of GDP),2005,26.7352737398905,BHR
9333,Gross capital formation (% of GDP),2005,27.3367763973892,BHS
9334,Gross capital formation (% of GDP),2005,28.7397822003268,BIH
9335,Gross capital formation (% of GDP),2005,28.4604661956657,BLR
9336,Gross capital formation (% of GDP),2005,17.8650123733008,BLZ
9337,Gross capital formation (% of GDP),2005,,BMU
9338,Gross capital formation (% of GDP),2005,14.2536216336637,BOL
9339,Gross capital formation (% of GDP),2005,17.2048834494962,BRA
9340,Gross capital formation (% of GDP),2005,,BRB
9341,Gross capital formation (% of GDP),2005,16.115269875446,BRN
9342,Gross capital formation (% of GDP),2005,61.2151499544783,BTN
9343,Gross capital formation (% of GDP),2005,25.374133887578,BWA
9344,Gross capital formation (% of GDP),2005,9.86481735599986,CAF
9345,Gross capital formation (% of GDP),2005,22.6320421110981,CAN
9346,Gross capital formation (% of GDP),2005,24.9032692029241,Central Europe and the Baltics
9347,Gross capital formation (% of GDP),2005,27.1892191875479,CHE
9348,Gross capital formation (% of GDP),2005,,Channel Islands
9349,Gross capital formation (% of GDP),2005,23.2677008692697,CHL
9350,Gross capital formation (% of GDP),2005,40.178086700104,CHN
9351,Gross capital formation (% of GDP),2005,13.8421414471747,CIV
9352,Gross capital formation (% of GDP),2005,18.6709254882433,CMR
9353,Gross capital formation (% of GDP),2005,11.7799002304206,COD
9354,Gross capital formation (% of GDP),2005,25.9379984821473,COG
9355,Gross capital formation (% of GDP),2005,21.6562413080915,COL
9356,Gross capital formation (% of GDP),2005,18.042313166434,COM
9357,Gross capital formation (% of GDP),2005,,CPV
9358,Gross capital formation (% of GDP),2005,18.9641457289161,CRI
9359,Gross capital formation (% of GDP),2005,,Caribbean small states
9360,Gross capital formation (% of GDP),2005,10.774593517397,CUB
9361,Gross capital formation (% of GDP),2005,,CUW
9362,Gross capital formation (% of GDP),2005,,CYM
9363,Gross capital formation (% of GDP),2005,22.2094374377754,CYP
9364,Gross capital formation (% of GDP),2005,29.2856028582089,CZE
9365,Gross capital formation (% of GDP),2005,18.7355259254163,DEU
9366,Gross capital formation (% of GDP),2005,,DJI
9367,Gross capital formation (% of GDP),2005,,DMA
9368,Gross capital formation (% of GDP),2005,22.1713094338111,DNK
9369,Gross capital formation (% of GDP),2005,24.7730711459319,DOM
9370,Gross capital formation (% of GDP),2005,31.175075513314,DZA
9371,Gross capital formation (% of GDP),2005,36.4760459128082,East Asia & Pacific (
9372,Gross capital formation (% of GDP),2005,25.2577441431021,Early-demographic dividend
9373,Gross capital formation (% of GDP),2005,29.6800519730635,East Asia & Pacific
9374,Gross capital formation (% of GDP),2005,26.5016193902021,Europe & Central Asia (
9375,Gross capital formation (% of GDP),2005,21.8325950508776,Europe & Central Asia
9376,Gross capital formation (% of GDP),2005,17.4645010337808,ECU
9377,Gross capital formation (% of GDP),2005,17.9758588672238,EGY
9378,Gross capital formation (% of GDP),2005,22.2093918394779,Euro area
9379,Gross capital formation (% of GDP),2005,20.3394397206045,ERI
9380,Gross capital formation (% of GDP),2005,29.4041085115965,ESP
9381,Gross capital formation (% of GDP),2005,33.3508381603819,EST
9382,Gross capital formation (% of GDP),2005,0.0,ETH
9383,Gross capital formation (% of GDP),2005,22.2624390439973,European Union
9384,Gross capital formation (% of GDP),2005,,Fragile and conflict affected situations
9385,Gross capital formation (% of GDP),2005,24.6073870744416,FIN
9386,Gross capital formation (% of GDP),2005,20.1096805555556,FJI
9387,Gross capital formation (% of GDP),2005,21.9113534781153,FRA
9388,Gross capital formation (% of GDP),2005,22.0164882024069,FRO
9389,Gross capital formation (% of GDP),2005,,FSM
9390,Gross capital formation (% of GDP),2005,21.3645323014692,GAB
9391,Gross capital formation (% of GDP),2005,17.9950798892439,GBR
9392,Gross capital formation (% of GDP),2005,33.3296044196233,GEO
9393,Gross capital formation (% of GDP),2005,29.0021406363098,GHA
9394,Gross capital formation (% of GDP),2005,,GIB
9395,Gross capital formation (% of GDP),2005,13.3976935679061,GIN
9396,Gross capital formation (% of GDP),2005,13.8318506658647,GMB
9397,Gross capital formation (% of GDP),2005,18.2527613564441,GNB
9398,Gross capital formation (% of GDP),2005,39.4767488235046,GNQ
9399,Gross capital formation (% of GDP),2005,22.1679676033349,GRC
9400,Gross capital formation (% of GDP),2005,,GRD
9401,Gross capital formation (% of GDP),2005,24.1582605403359,GRL
9402,Gross capital formation (% of GDP),2005,20.0511386188244,GTM
9403,Gross capital formation (% of GDP),2005,,GUM
9404,Gross capital formation (% of GDP),2005,32.3339782741868,GUY
9405,Gross capital formation (% of GDP),2005,23.1919610392101,High income
9406,Gross capital formation (% of GDP),2005,21.0598211914668,HKG
9407,Gross capital formation (% of GDP),2005,27.6229758897269,HND
9408,Gross capital formation (% of GDP),2005,21.5154511951741,Heavily indebted poor countries (HIPC)
9409,Gross capital formation (% of GDP),2005,26.0793630070838,HRV
9410,Gross capital formation (% of GDP),2005,9.81592773095545,HTI
9411,Gross capital formation (% of GDP),2005,26.164171343722,HUN
9412,Gross capital formation (% of GDP),2005,27.8841452386943,IBRD only
9413,Gross capital formation (% of GDP),2005,27.4832949810553,IDA & IBRD total
9414,Gross capital formation (% of GDP),2005,22.4646542646416,IDA total
9415,Gross capital formation (% of GDP),2005,,IDA blend
9416,Gross capital formation (% of GDP),2005,25.0814099389568,IDN
9417,Gross capital formation (% of GDP),2005,23.7344942320317,IDA only
9418,Gross capital formation (% of GDP),2005,,IMN
9419,Gross capital formation (% of GDP),2005,37.4282640165983,IND
9420,Gross capital formation (% of GDP),2005,,Not classified
9421,Gross capital formation (% of GDP),2005,30.3097495862833,IRL
9422,Gross capital formation (% of GDP),2005,38.7176635766975,IRN
9423,Gross capital formation (% of GDP),2005,22.1552649539445,IRQ
9424,Gross capital formation (% of GDP),2005,28.8707826419817,ISL
9425,Gross capital formation (% of GDP),2005,23.6701125407691,ISR
9426,Gross capital formation (% of GDP),2005,21.5260216463093,ITA
9427,Gross capital formation (% of GDP),2005,26.9423770056378,JAM
9428,Gross capital formation (% of GDP),2005,34.1478444026172,JOR
9429,Gross capital formation (% of GDP),2005,26.052325978807,JPN
9430,Gross capital formation (% of GDP),2005,30.9697680425121,KAZ
9431,Gross capital formation (% of GDP),2005,17.6496847904784,KEN
9432,Gross capital formation (% of GDP),2005,16.4182074783546,KGZ
9433,Gross capital formation (% of GDP),2005,24.3001536627765,KHM
9434,Gross capital formation (% of GDP),2005,,KIR
9435,Gross capital formation (% of GDP),2005,,KNA
9436,Gross capital formation (% of GDP),2005,32.5081847804131,KOR
9437,Gross capital formation (% of GDP),2005,16.4267670345693,KWT
9438,Gross capital formation (% of GDP),2005,19.3659318541289,Latin America & Caribbean (
9439,Gross capital formation (% of GDP),2005,34.0580868030095,LAO
9440,Gross capital formation (% of GDP),2005,22.9660109644112,LBN
9441,Gross capital formation (% of GDP),2005,,LBR
9442,Gross capital formation (% of GDP),2005,9.51658544855648,LBY
9443,Gross capital formation (% of GDP),2005,,LCA
9444,Gross capital formation (% of GDP),2005,19.5642451378702,Latin America & Caribbean
9445,Gross capital formation (% of GDP),2005,23.8562609490274,Least developed countries: UN classification
9446,Gross capital formation (% of GDP),2005,16.2428918918232,Low income
9447,Gross capital formation (% of GDP),2005,,LIE
9448,Gross capital formation (% of GDP),2005,26.8274555178569,LKA
9449,Gross capital formation (% of GDP),2005,30.399523174934,Lower middle income
9450,Gross capital formation (% of GDP),2005,28.5370385957834,Low & middle income
9451,Gross capital formation (% of GDP),2005,,LSO
9452,Gross capital formation (% of GDP),2005,28.7853548054323,Late-demographic dividend
9453,Gross capital formation (% of GDP),2005,24.4085431146972,LTU
9454,Gross capital formation (% of GDP),2005,21.5102572947922,LUX
9455,Gross capital formation (% of GDP),2005,36.383829405761,LVA
9456,Gross capital formation (% of GDP),2005,25.5371349381512,MAC
9457,Gross capital formation (% of GDP),2005,,MAF
9458,Gross capital formation (% of GDP),2005,27.4168142643006,MAR
9459,Gross capital formation (% of GDP),2005,,MCO
9460,Gross capital formation (% of GDP),2005,30.8255630510995,MDA
9461,Gross capital formation (% of GDP),2005,19.3271126967742,MDG
9462,Gross capital formation (% of GDP),2005,,MDV
9463,Gross capital formation (% of GDP),2005,23.6370835435414,AFG
9464,Gross capital formation (% of GDP),2005,21.5221459698375,MEX
9465,Gross capital formation (% of GDP),2005,18.0334057971014,MHL
9466,Gross capital formation (% of GDP),2005,28.7908560445933,Middle income
9467,Gross capital formation (% of GDP),2005,19.845548830107,MKD
9468,Gross capital formation (% of GDP),2005,22.5197575854072,MLI
9469,Gross capital formation (% of GDP),2005,26.794772718179,MLT
9470,Gross capital formation (% of GDP),2005,,MMR
9471,Gross capital formation (% of GDP),2005,25.6527457299721,AFG
9472,Gross capital formation (% of GDP),2005,17.7265048810079,MNE
9473,Gross capital formation (% of GDP),2005,37.528559156119,MNG
9474,Gross capital formation (% of GDP),2005,,MNP
9475,Gross capital formation (% of GDP),2005,25.3698573633999,MOZ
9476,Gross capital formation (% of GDP),2005,48.9053401235726,MRT
9477,Gross capital formation (% of GDP),2005,22.3668917324186,MUS
9478,Gross capital formation (% of GDP),2005,,MWI
9479,Gross capital formation (% of GDP),2005,22.3964178094036,MYS
9480,Gross capital formation (% of GDP),2005,23.312680898186,North America
9481,Gross capital formation (% of GDP),2005,19.669813393528,NAM
9482,Gross capital formation (% of GDP),2005,29.8467414376013,NCL
9483,Gross capital formation (% of GDP),2005,19.3354300345284,NER
9484,Gross capital formation (% of GDP),2005,,NGA
9485,Gross capital formation (% of GDP),2005,25.8852137273664,NIC
9486,Gross capital formation (% of GDP),2005,20.3913422355285,NLD
9487,Gross capital formation (% of GDP),2005,22.4223186651023,NOR
9488,Gross capital formation (% of GDP),2005,26.4511581033301,NPL
9489,Gross capital formation (% of GDP),2005,,NRU
9490,Gross capital formation (% of GDP),2005,25.4208681883182,NZL
9491,Gross capital formation (% of GDP),2005,23.3117490997759,OECD members
9492,Gross capital formation (% of GDP),2005,28.4118543259793,OMN
9493,Gross capital formation (% of GDP),2005,26.505316904939,Other small states
9494,Gross capital formation (% of GDP),2005,16.2664437879791,PAK
9495,Gross capital formation (% of GDP),2005,27.0343390461882,PAN
9496,Gross capital formation (% of GDP),2005,17.2838176822241,PER
9497,Gross capital formation (% of GDP),2005,18.5665300720434,PHL
9498,Gross capital formation (% of GDP),2005,57.5690767365757,PLW
9499,Gross capital formation (% of GDP),2005,,PNG
9500,Gross capital formation (% of GDP),2005,20.1073600639489,POL
9501,Gross capital formation (% of GDP),2005,,Pre-demographic dividend
9502,Gross capital formation (% of GDP),2005,14.5964259942695,PRI
9503,Gross capital formation (% of GDP),2005,,PRK
9504,Gross capital formation (% of GDP),2005,23.3586139281485,PRT
9505,Gross capital formation (% of GDP),2005,20.9031844113431,PRY
9506,Gross capital formation (% of GDP),2005,24.2171800924752,PSE
9507,Gross capital formation (% of GDP),2005,22.6825570906475,Pacific island small states
9508,Gross capital formation (% of GDP),2005,23.2562892544223,Post-demographic dividend
9509,Gross capital formation (% of GDP),2005,24.8555430885454,PYF
9510,Gross capital formation (% of GDP),2005,34.3078887785256,QAT
9511,Gross capital formation (% of GDP),2005,22.9306854622381,ROU
9512,Gross capital formation (% of GDP),2005,20.0774969178103,RUS
9513,Gross capital formation (% of GDP),2005,15.1471395794747,RWA
9514,Gross capital formation (% of GDP),2005,36.947149379445,South Asia
9515,Gross capital formation (% of GDP),2005,20.1748334986768,SAU
9516,Gross capital formation (% of GDP),2005,21.2067763046123,SDN
9517,Gross capital formation (% of GDP),2005,24.5728792485602,SEN
9518,Gross capital formation (% of GDP),2005,21.506936250429,SGP
9519,Gross capital formation (% of GDP),2005,12.6038914244535,SLB
9520,Gross capital formation (% of GDP),2005,11.4096085643829,SLE
9521,Gross capital formation (% of GDP),2005,18.6047081235542,SLV
9522,Gross capital formation (% of GDP),2005,,SMR
9523,Gross capital formation (% of GDP),2005,,SOM
9524,Gross capital formation (% of GDP),2005,21.7943857064162,SRB
9525,Gross capital formation (% of GDP),2005,22.0166091979063,Sub-Saharan Africa (
9526,Gross capital formation (% of GDP),2005,,SSD
9527,Gross capital formation (% of GDP),2005,22.1857700088774,Sub-Saharan Africa
9528,Gross capital formation (% of GDP),2005,24.0706293466741,Small states
9529,Gross capital formation (% of GDP),2005,,STP
9530,Gross capital formation (% of GDP),2005,,SUR
9531,Gross capital formation (% of GDP),2005,30.5761492545056,SVK
9532,Gross capital formation (% of GDP),2005,28.6986499842107,SVN
9533,Gross capital formation (% of GDP),2005,21.2769729917349,SWE
9534,Gross capital formation (% of GDP),2005,,SWZ
9535,Gross capital formation (% of GDP),2005,,SXM
9536,Gross capital formation (% of GDP),2005,23.8691409523337,SYC
9537,Gross capital formation (% of GDP),2005,,SYR
9538,Gross capital formation (% of GDP),2005,,TCA
9539,Gross capital formation (% of GDP),2005,19.1098438642877,TCD
9540,Gross capital formation (% of GDP),2005,36.477390091388,East Asia & Pacific (IDA & IBRD countries)
9541,Gross capital formation (% of GDP),2005,22.9973793101211,Europe & Central Asia (IDA & IBRD countries)
9542,Gross capital formation (% of GDP),2005,25.1114080668295,TGO
9543,Gross capital formation (% of GDP),2005,30.4207508630674,THA
9544,Gross capital formation (% of GDP),2005,11.6476563150445,TJK
9545,Gross capital formation (% of GDP),2005,22.9195946475561,TKM
9546,Gross capital formation (% of GDP),2005,19.8459423614132,Latin America & the Caribbean (IDA & IBRD countries)
9547,Gross capital formation (% of GDP),2005,15.7907966807134,TLS
9548,Gross capital formation (% of GDP),2005,25.664431934244,AFG
9549,Gross capital formation (% of GDP),2005,21.9887117022834,TON
9550,Gross capital formation (% of GDP),2005,36.947149379445,South Asia (IDA & IBRD)
9551,Gross capital formation (% of GDP),2005,22.1857700088774,Sub-Saharan Africa (IDA & IBRD countries)
9552,Gross capital formation (% of GDP),2005,11.363899726627,TTO
9553,Gross capital formation (% of GDP),2005,21.6794440065917,TUN
9554,Gross capital formation (% of GDP),2005,26.8036143020067,TUR
9555,Gross capital formation (% of GDP),2005,,TUV
9556,Gross capital formation (% of GDP),2005,27.3958979170045,TZA
9557,Gross capital formation (% of GDP),2005,22.355145856388,UGA
9558,Gross capital formation (% of GDP),2005,22.5065325534357,UKR
9559,Gross capital formation (% of GDP),2005,28.5167710655673,Upper middle income
9560,Gross capital formation (% of GDP),2005,17.6988581639875,URY
9561,Gross capital formation (% of GDP),2005,23.375726281304,USA
9562,Gross capital formation (% of GDP),2005,28.0,UZB
9563,Gross capital formation (% of GDP),2005,,VCT
9564,Gross capital formation (% of GDP),2005,23.0040335685058,VEN
9565,Gross capital formation (% of GDP),2005,,VGB
9566,Gross capital formation (% of GDP),2005,,VIR
9567,Gross capital formation (% of GDP),2005,33.7574028912441,VNM
9568,Gross capital formation (% of GDP),2005,24.1193102808937,VUT
9569,Gross capital formation (% of GDP),2005,24.277059310764,World
9570,Gross capital formation (% of GDP),2005,,WSM
9571,Gross capital formation (% of GDP),2005,,XKX
9572,Gross capital formation (% of GDP),2005,,YEM
9573,Gross capital formation (% of GDP),2005,16.8318153447643,ZAF
9574,Gross capital formation (% of GDP),2005,,ZMB
9575,Gross capital formation (% of GDP),2005,1.52517667801544,ZWE
9576,Gross capital formation (% of GDP),2006,34.5191296544988,ABW
9577,Gross capital formation (% of GDP),2006,20.1935744007782,Africa Eastern and Southern
9578,Gross capital formation (% of GDP),2006,,AFG
9579,Gross capital formation (% of GDP),2006,,Africa Western and Central
9580,Gross capital formation (% of GDP),2006,23.3007709224417,AGO
9581,Gross capital formation (% of GDP),2006,37.3389564722485,ALB
9582,Gross capital formation (% of GDP),2006,,AND
9583,Gross capital formation (% of GDP),2006,22.7020926634287,Arab World
9584,Gross capital formation (% of GDP),2006,19.2703996822451,ARE
9585,Gross capital formation (% of GDP),2006,18.6804872364334,ARG
9586,Gross capital formation (% of GDP),2006,42.2254576837845,ARM
9587,Gross capital formation (% of GDP),2006,,ASM
9588,Gross capital formation (% of GDP),2006,,ATG
9589,Gross capital formation (% of GDP),2006,27.5048144980167,AUS
9590,Gross capital formation (% of GDP),2006,23.8292704822076,AUT
9591,Gross capital formation (% of GDP),2006,29.8593848353266,AZE
9592,Gross capital formation (% of GDP),2006,18.5129857241011,BDI
9593,Gross capital formation (% of GDP),2006,23.9705491132595,BEL
9594,Gross capital formation (% of GDP),2006,12.8734651191902,BEN
9595,Gross capital formation (% of GDP),2006,16.1250056320714,BFA
9596,Gross capital formation (% of GDP),2006,26.1441457474299,BGD
9597,Gross capital formation (% of GDP),2006,32.0563353125989,BGR
9598,Gross capital formation (% of GDP),2006,30.3879536462009,BHR
9599,Gross capital formation (% of GDP),2006,33.5164375814502,BHS
9600,Gross capital formation (% of GDP),2006,25.2768165996806,BIH
9601,Gross capital formation (% of GDP),2006,32.1841371566982,BLR
9602,Gross capital formation (% of GDP),2006,17.3773685699023,BLZ
9603,Gross capital formation (% of GDP),2006,,BMU
9604,Gross capital formation (% of GDP),2006,13.8653311051279,BOL
9605,Gross capital formation (% of GDP),2006,17.8164738793472,BRA
9606,Gross capital formation (% of GDP),2006,,BRB
9607,Gross capital formation (% of GDP),2006,15.1721720000157,BRN
9608,Gross capital formation (% of GDP),2006,47.8076929499924,BTN
9609,Gross capital formation (% of GDP),2006,21.692781593681,BWA
9610,Gross capital formation (% of GDP),2006,10.2342110190608,CAF
9611,Gross capital formation (% of GDP),2006,23.5958930196569,CAN
9612,Gross capital formation (% of GDP),2006,26.7638192752939,Central Europe and the Baltics
9613,Gross capital formation (% of GDP),2006,27.9189340638126,CHE
9614,Gross capital formation (% of GDP),2006,,Channel Islands
9615,Gross capital formation (% of GDP),2006,22.1863203852459,CHL
9616,Gross capital formation (% of GDP),2006,39.6897003482818,CHN
9617,Gross capital formation (% of GDP),2006,14.1808271176765,CIV
9618,Gross capital formation (% of GDP),2006,17.7758598449069,CMR
9619,Gross capital formation (% of GDP),2006,14.6463411498195,COD
9620,Gross capital formation (% of GDP),2006,28.2834567847369,COG
9621,Gross capital formation (% of GDP),2006,22.9389629039528,COL
9622,Gross capital formation (% of GDP),2006,18.0423258142433,COM
9623,Gross capital formation (% of GDP),2006,,CPV
9624,Gross capital formation (% of GDP),2006,21.0856415119869,CRI
9625,Gross capital formation (% of GDP),2006,,Caribbean small states
9626,Gross capital formation (% of GDP),2006,11.7286150905906,CUB
9627,Gross capital formation (% of GDP),2006,,CUW
9628,Gross capital formation (% of GDP),2006,,CYM
9629,Gross capital formation (% of GDP),2006,24.3137543872675,CYP
9630,Gross capital formation (% of GDP),2006,30.0796940275085,CZE
9631,Gross capital formation (% of GDP),2006,19.897946566207,DEU
9632,Gross capital formation (% of GDP),2006,,DJI
9633,Gross capital formation (% of GDP),2006,,DMA
9634,Gross capital formation (% of GDP),2006,24.2627515456151,DNK
9635,Gross capital formation (% of GDP),2006,26.9268715003108,DOM
9636,Gross capital formation (% of GDP),2006,30.3621197641824,DZA
9637,Gross capital formation (% of GDP),2006,35.8575184385194,East Asia & Pacific (
9638,Gross capital formation (% of GDP),2006,26.5570171900723,Early-demographic dividend
9639,Gross capital formation (% of GDP),2006,30.0132860886887,East Asia & Pacific
9640,Gross capital formation (% of GDP),2006,28.5357733716006,Europe & Central Asia (
9641,Gross capital formation (% of GDP),2006,22.8602200897744,Europe & Central Asia
9642,Gross capital formation (% of GDP),2006,18.118128561743,ECU
9643,Gross capital formation (% of GDP),2006,18.7307754573418,EGY
9644,Gross capital formation (% of GDP),2006,23.18265881983,Euro area
9645,Gross capital formation (% of GDP),2006,13.6811165438244,ERI
9646,Gross capital formation (% of GDP),2006,30.5843124611931,ESP
9647,Gross capital formation (% of GDP),2006,39.8256877468792,EST
9648,Gross capital formation (% of GDP),2006,0.0,ETH
9649,Gross capital formation (% of GDP),2006,23.327146174828,European Union
9650,Gross capital formation (% of GDP),2006,,Fragile and conflict affected situations
9651,Gross capital formation (% of GDP),2006,24.0013652587917,FIN
9652,Gross capital formation (% of GDP),2006,19.5008017725369,FJI
9653,Gross capital formation (% of GDP),2006,22.6851885959248,FRA
9654,Gross capital formation (% of GDP),2006,28.6731062531774,FRO
9655,Gross capital formation (% of GDP),2006,,FSM
9656,Gross capital formation (% of GDP),2006,24.0451962615575,GAB
9657,Gross capital formation (% of GDP),2006,18.3840362816721,GBR
9658,Gross capital formation (% of GDP),2006,29.7348059086723,GEO
9659,Gross capital formation (% of GDP),2006,22.46580573765,GHA
9660,Gross capital formation (% of GDP),2006,,GIB
9661,Gross capital formation (% of GDP),2006,24.5633976978161,GIN
9662,Gross capital formation (% of GDP),2006,15.6906853088323,GMB
9663,Gross capital formation (% of GDP),2006,20.0790987853146,GNB
9664,Gross capital formation (% of GDP),2006,26.5011245422482,GNQ
9665,Gross capital formation (% of GDP),2006,26.2902425409373,GRC
9666,Gross capital formation (% of GDP),2006,,GRD
9667,Gross capital formation (% of GDP),2006,23.1391220816105,GRL
9668,Gross capital formation (% of GDP),2006,21.1650083094562,GTM
9669,Gross capital formation (% of GDP),2006,,GUM
9670,Gross capital formation (% of GDP),2006,,GUY
9671,Gross capital formation (% of GDP),2006,23.6969110035112,High income
9672,Gross capital formation (% of GDP),2006,22.2851483120043,HKG
9673,Gross capital formation (% of GDP),2006,28.3419297293105,HND
9674,Gross capital formation (% of GDP),2006,21.4490950459687,Heavily indebted poor countries (HIPC)
9675,Gross capital formation (% of GDP),2006,28.0884682139626,HRV
9676,Gross capital formation (% of GDP),2006,14.3527712251236,HTI
9677,Gross capital formation (% of GDP),2006,26.3418856770072,HUN
9678,Gross capital formation (% of GDP),2006,28.5205463955581,IBRD only
9679,Gross capital formation (% of GDP),2006,28.0659567461947,IDA & IBRD total
9680,Gross capital formation (% of GDP),2006,22.2293258826323,IDA total
9681,Gross capital formation (% of GDP),2006,,IDA blend
9682,Gross capital formation (% of GDP),2006,25.4002172943548,IDN
9683,Gross capital formation (% of GDP),2006,23.6295122874101,IDA only
9684,Gross capital formation (% of GDP),2006,,IMN
9685,Gross capital formation (% of GDP),2006,38.9985063717532,IND
9686,Gross capital formation (% of GDP),2006,,Not classified
9687,Gross capital formation (% of GDP),2006,31.8932052929498,IRL
9688,Gross capital formation (% of GDP),2006,38.6491173624239,IRN
9689,Gross capital formation (% of GDP),2006,18.9175988102635,IRQ
9690,Gross capital formation (% of GDP),2006,36.0722119805535,ISL
9691,Gross capital formation (% of GDP),2006,23.5973079641713,ISR
9692,Gross capital formation (% of GDP),2006,22.3603695757618,ITA
9693,Gross capital formation (% of GDP),2006,28.4225128006365,JAM
9694,Gross capital formation (% of GDP),2006,28.339921689117,JOR
9695,Gross capital formation (% of GDP),2006,26.0775543929763,JPN
9696,Gross capital formation (% of GDP),2006,33.9007913190431,KAZ
9697,Gross capital formation (% of GDP),2006,18.633585404403,KEN
9698,Gross capital formation (% of GDP),2006,24.195760812161,KGZ
9699,Gross capital formation (% of GDP),2006,25.2476635792145,KHM
9700,Gross capital formation (% of GDP),2006,15.7544159059084,KIR
9701,Gross capital formation (% of GDP),2006,,KNA
9702,Gross capital formation (% of GDP),2006,32.9933079853202,KOR
9703,Gross capital formation (% of GDP),2006,16.1577223909466,KWT
9704,Gross capital formation (% of GDP),2006,20.1051609429186,Latin America & Caribbean (
9705,Gross capital formation (% of GDP),2006,30.0695410386414,LAO
9706,Gross capital formation (% of GDP),2006,20.5480910787445,LBN
9707,Gross capital formation (% of GDP),2006,,LBR
9708,Gross capital formation (% of GDP),2006,21.0482643995738,LBY
9709,Gross capital formation (% of GDP),2006,,LCA
9710,Gross capital formation (% of GDP),2006,20.4614690546171,Latin America & Caribbean
9711,Gross capital formation (% of GDP),2006,23.3540072550216,Least developed countries: UN classification
9712,Gross capital formation (% of GDP),2006,16.6817442470567,Low income
9713,Gross capital formation (% of GDP),2006,,LIE
9714,Gross capital formation (% of GDP),2006,27.9799093470538,LKA
9715,Gross capital formation (% of GDP),2006,30.5865507905121,Lower middle income
9716,Gross capital formation (% of GDP),2006,28.9708240086887,Low & middle income
9717,Gross capital formation (% of GDP),2006,,LSO
9718,Gross capital formation (% of GDP),2006,29.0718658446682,Late-demographic dividend
9719,Gross capital formation (% of GDP),2006,26.8802630577834,LTU
9720,Gross capital formation (% of GDP),2006,19.0038754886789,LUX
9721,Gross capital formation (% of GDP),2006,41.8198632239093,LVA
9722,Gross capital formation (% of GDP),2006,33.5204261683499,MAC
9723,Gross capital formation (% of GDP),2006,,MAF
9724,Gross capital formation (% of GDP),2006,27.9527831008725,MAR
9725,Gross capital formation (% of GDP),2006,,MCO
9726,Gross capital formation (% of GDP),2006,32.7480806184922,MDA
9727,Gross capital formation (% of GDP),2006,20.3112680040621,MDG
9728,Gross capital formation (% of GDP),2006,,MDV
9729,Gross capital formation (% of GDP),2006,24.6593336013435,AFG
9730,Gross capital formation (% of GDP),2006,22.5641029454858,MEX
9731,Gross capital formation (% of GDP),2006,29.1949022346369,MHL
9732,Gross capital formation (% of GDP),2006,29.2204468186093,Middle income
9733,Gross capital formation (% of GDP),2006,21.408135228766,MKD
9734,Gross capital formation (% of GDP),2006,23.2851182197712,MLI
9735,Gross capital formation (% of GDP),2006,20.9085526257955,MLT
9736,Gross capital formation (% of GDP),2006,,MMR
9737,Gross capital formation (% of GDP),2006,26.4100176054567,AFG
9738,Gross capital formation (% of GDP),2006,23.9280079681826,MNE
9739,Gross capital formation (% of GDP),2006,35.8851879544863,MNG
9740,Gross capital formation (% of GDP),2006,,MNP
9741,Gross capital formation (% of GDP),2006,23.9349486697295,MOZ
9742,Gross capital formation (% of GDP),2006,26.0006567885753,MRT
9743,Gross capital formation (% of GDP),2006,25.5732041100193,MUS
9744,Gross capital formation (% of GDP),2006,,MWI
9745,Gross capital formation (% of GDP),2006,22.7035242231695,MYS
9746,Gross capital formation (% of GDP),2006,23.5394483663835,North America
9747,Gross capital formation (% of GDP),2006,22.2120214706566,NAM
9748,Gross capital formation (% of GDP),2006,33.8730980715663,NCL
9749,Gross capital formation (% of GDP),2006,19.8084879016599,NER
9750,Gross capital formation (% of GDP),2006,,NGA
9751,Gross capital formation (% of GDP),2006,28.2526153890838,NIC
9752,Gross capital formation (% of GDP),2006,20.9352721280667,NLD
9753,Gross capital formation (% of GDP),2006,23.929297473876,NOR
9754,Gross capital formation (% of GDP),2006,26.8519028137059,NPL
9755,Gross capital formation (% of GDP),2006,,NRU
9756,Gross capital formation (% of GDP),2006,23.7593311783447,NZL
9757,Gross capital formation (% of GDP),2006,23.8206569189093,OECD members
9758,Gross capital formation (% of GDP),2006,33.6000635265804,OMN
9759,Gross capital formation (% of GDP),2006,29.5931059930178,Other small states
9760,Gross capital formation (% of GDP),2006,18.2822141633249,PAK
9761,Gross capital formation (% of GDP),2006,28.6053781670857,PAN
9762,Gross capital formation (% of GDP),2006,19.6506023681318,PER
9763,Gross capital formation (% of GDP),2006,16.0153377703844,PHL
9764,Gross capital formation (% of GDP),2006,48.7362382325045,PLW
9765,Gross capital formation (% of GDP),2006,,PNG
9766,Gross capital formation (% of GDP),2006,21.9561662978922,POL
9767,Gross capital formation (% of GDP),2006,,Pre-demographic dividend
9768,Gross capital formation (% of GDP),2006,13.9914627137303,PRI
9769,Gross capital formation (% of GDP),2006,,PRK
9770,Gross capital formation (% of GDP),2006,22.9256733300806,PRT
9771,Gross capital formation (% of GDP),2006,21.9503842549058,PRY
9772,Gross capital formation (% of GDP),2006,21.5975169680085,PSE
9773,Gross capital formation (% of GDP),2006,22.4604146910804,Pacific island small states
9774,Gross capital formation (% of GDP),2006,23.71786205946,Post-demographic dividend
9775,Gross capital formation (% of GDP),2006,21.9680547326289,PYF
9776,Gross capital formation (% of GDP),2006,41.8887149103609,QAT
9777,Gross capital formation (% of GDP),2006,27.4669698502695,ROU
9778,Gross capital formation (% of GDP),2006,21.1715918033474,RUS
9779,Gross capital formation (% of GDP),2006,15.0250898905664,RWA
9780,Gross capital formation (% of GDP),2006,38.4950808045571,South Asia
9781,Gross capital formation (% of GDP),2006,22.2151611310309,SAU
9782,Gross capital formation (% of GDP),2006,22.8891769937744,SDN
9783,Gross capital formation (% of GDP),2006,22.4168252607608,SEN
9784,Gross capital formation (% of GDP),2006,22.3792634447668,SGP
9785,Gross capital formation (% of GDP),2006,11.6457313178625,SLB
9786,Gross capital formation (% of GDP),2006,10.5468598425727,SLE
9787,Gross capital formation (% of GDP),2006,20.0754505187223,SLV
9788,Gross capital formation (% of GDP),2006,,SMR
9789,Gross capital formation (% of GDP),2006,,SOM
9790,Gross capital formation (% of GDP),2006,21.7288994079008,SRB
9791,Gross capital formation (% of GDP),2006,21.6337504594005,Sub-Saharan Africa (
9792,Gross capital formation (% of GDP),2006,,SSD
9793,Gross capital formation (% of GDP),2006,21.7959394493426,Sub-Saharan Africa
9794,Gross capital formation (% of GDP),2006,27.3215592923856,Small states
9795,Gross capital formation (% of GDP),2006,,STP
9796,Gross capital formation (% of GDP),2006,40.1609769636414,SUR
9797,Gross capital formation (% of GDP),2006,29.2662149111272,SVK
9798,Gross capital formation (% of GDP),2006,30.5745557357793,SVN
9799,Gross capital formation (% of GDP),2006,22.454590420444,SWE
9800,Gross capital formation (% of GDP),2006,,SWZ
9801,Gross capital formation (% of GDP),2006,,SXM
9802,Gross capital formation (% of GDP),2006,30.3222238580205,SYC
9803,Gross capital formation (% of GDP),2006,,SYR
9804,Gross capital formation (% of GDP),2006,,TCA
9805,Gross capital formation (% of GDP),2006,17.7039292404167,TCD
9806,Gross capital formation (% of GDP),2006,35.858299916363,East Asia & Pacific (IDA & IBRD countries)
9807,Gross capital formation (% of GDP),2006,24.670655361781,Europe & Central Asia (IDA & IBRD countries)
9808,Gross capital formation (% of GDP),2006,19.0238222894344,TGO
9809,Gross capital formation (% of GDP),2006,27.0116433930542,THA
9810,Gross capital formation (% of GDP),2006,15.9664495672294,TJK
9811,Gross capital formation (% of GDP),2006,19.5019564924266,TKM
9812,Gross capital formation (% of GDP),2006,20.7452982312622,Latin America & the Caribbean (IDA & IBRD countries)
9813,Gross capital formation (% of GDP),2006,12.1372019452067,TLS
9814,Gross capital formation (% of GDP),2006,26.4403490529941,AFG
9815,Gross capital formation (% of GDP),2006,20.8303893305934,TON
9816,Gross capital formation (% of GDP),2006,38.4950808045571,South Asia (IDA & IBRD)
9817,Gross capital formation (% of GDP),2006,21.7959394493425,Sub-Saharan Africa (IDA & IBRD countries)
9818,Gross capital formation (% of GDP),2006,17.921380553648,TTO
9819,Gross capital formation (% of GDP),2006,23.449499739926,TUN
9820,Gross capital formation (% of GDP),2006,29.3486961558137,TUR
9821,Gross capital formation (% of GDP),2006,,TUV
9822,Gross capital formation (% of GDP),2006,30.3239644518197,TZA
9823,Gross capital formation (% of GDP),2006,21.130370024996,UGA
9824,Gross capital formation (% of GDP),2006,24.5427579298359,UKR
9825,Gross capital formation (% of GDP),2006,29.0019872486174,Upper middle income
9826,Gross capital formation (% of GDP),2006,19.4605734296218,URY
9827,Gross capital formation (% of GDP),2006,23.5375300484967,USA
9828,Gross capital formation (% of GDP),2006,29.6100809944662,UZB
9829,Gross capital formation (% of GDP),2006,,VCT
9830,Gross capital formation (% of GDP),2006,26.921912843379,VEN
9831,Gross capital formation (% of GDP),2006,,VGB
9832,Gross capital formation (% of GDP),2006,,VIR
9833,Gross capital formation (% of GDP),2006,34.5366510764767,VNM
9834,Gross capital formation (% of GDP),2006,28.547036678941,VUT
9835,Gross capital formation (% of GDP),2006,24.8556565956418,World
9836,Gross capital formation (% of GDP),2006,,WSM
9837,Gross capital formation (% of GDP),2006,,XKX
9838,Gross capital formation (% of GDP),2006,,YEM
9839,Gross capital formation (% of GDP),2006,18.4902026867601,ZAF
9840,Gross capital formation (% of GDP),2006,,ZMB
9841,Gross capital formation (% of GDP),2006,1.57116139147759,ZWE
9842,Gross capital formation (% of GDP),2007,31.746651038248,ABW
9843,Gross capital formation (% of GDP),2007,21.2359741711155,Africa Eastern and Southern
9844,Gross capital formation (% of GDP),2007,,AFG
9845,Gross capital formation (% of GDP),2007,,Africa Western and Central
9846,Gross capital formation (% of GDP),2007,25.730579355956,AGO
9847,Gross capital formation (% of GDP),2007,35.6688758642439,ALB
9848,Gross capital formation (% of GDP),2007,,AND
9849,Gross capital formation (% of GDP),2007,25.5331779099685,Arab World
9850,Gross capital formation (% of GDP),2007,25.1991828204692,ARE
9851,Gross capital formation (% of GDP),2007,20.099113202908,ARG
9852,Gross capital formation (% of GDP),2007,44.3516229755633,ARM
9853,Gross capital formation (% of GDP),2007,,ASM
9854,Gross capital formation (% of GDP),2007,,ATG
9855,Gross capital formation (% of GDP),2007,27.5019903160907,AUS
9856,Gross capital formation (% of GDP),2007,24.7335259294195,AUT
9857,Gross capital formation (% of GDP),2007,21.5250083743234,AZE
9858,Gross capital formation (% of GDP),2007,15.1864583013854,BDI
9859,Gross capital formation (% of GDP),2007,24.6032741505197,BEL
9860,Gross capital formation (% of GDP),2007,16.3768679983693,BEN
9861,Gross capital formation (% of GDP),2007,18.2510847811436,BFA
9862,Gross capital formation (% of GDP),2007,26.1784970672047,BGD
9863,Gross capital formation (% of GDP),2007,33.6062336623614,BGR
9864,Gross capital formation (% of GDP),2007,34.7132604204404,BHR
9865,Gross capital formation (% of GDP),2007,30.5104187660218,BHS
9866,Gross capital formation (% of GDP),2007,29.8412812469917,BIH
9867,Gross capital formation (% of GDP),2007,34.0919031794272,BLR
9868,Gross capital formation (% of GDP),2007,17.427215746002,BLZ
9869,Gross capital formation (% of GDP),2007,,BMU
9870,Gross capital formation (% of GDP),2007,15.1866548549559,BOL
9871,Gross capital formation (% of GDP),2007,19.8193259830854,BRA
9872,Gross capital formation (% of GDP),2007,,BRB
9873,Gross capital formation (% of GDP),2007,19.7540037313454,BRN
9874,Gross capital formation (% of GDP),2007,42.9183614516456,BTN
9875,Gross capital formation (% of GDP),2007,23.0747568630383,BWA
9876,Gross capital formation (% of GDP),2007,10.6872405778362,CAF
9877,Gross capital formation (% of GDP),2007,23.9078762217461,CAN
9878,Gross capital formation (% of GDP),2007,29.047524682679,Central Europe and the Baltics
9879,Gross capital formation (% of GDP),2007,26.7888145984599,CHE
9880,Gross capital formation (% of GDP),2007,,Channel Islands
9881,Gross capital formation (% of GDP),2007,22.34802267387,CHL
9882,Gross capital formation (% of GDP),2007,40.2220879226288,CHN
9883,Gross capital formation (% of GDP),2007,13.7262735107761,CIV
9884,Gross capital formation (% of GDP),2007,18.3784496512645,CMR
9885,Gross capital formation (% of GDP),2007,13.7082842188379,COD
9886,Gross capital formation (% of GDP),2007,61.0536960552352,COG
9887,Gross capital formation (% of GDP),2007,23.4542806868515,COL
9888,Gross capital formation (% of GDP),2007,16.8874091034811,COM
9889,Gross capital formation (% of GDP),2007,47.271484248355,CPV
9890,Gross capital formation (% of GDP),2007,23.2867682663601,CRI
9891,Gross capital formation (% of GDP),2007,,Caribbean small states
9892,Gross capital formation (% of GDP),2007,10.1839638658861,CUB
9893,Gross capital formation (% of GDP),2007,,CUW
9894,Gross capital formation (% of GDP),2007,,CYM
9895,Gross capital formation (% of GDP),2007,24.0710075269171,CYP
9896,Gross capital formation (% of GDP),2007,32.1072107272958,CZE
9897,Gross capital formation (% of GDP),2007,20.7873433455798,DEU
9898,Gross capital formation (% of GDP),2007,,DJI
9899,Gross capital formation (% of GDP),2007,,DMA
9900,Gross capital formation (% of GDP),2007,25.231367727118,DNK
9901,Gross capital formation (% of GDP),2007,27.6334194585944,DOM
9902,Gross capital formation (% of GDP),2007,33.5715459915764,DZA
9903,Gross capital formation (% of GDP),2007,36.4660587460373,East Asia & Pacific (
9904,Gross capital formation (% of GDP),2007,28.2000152201355,Early-demographic dividend
9905,Gross capital formation (% of GDP),2007,30.5748981989858,East Asia & Pacific
9906,Gross capital formation (% of GDP),2007,28.7528775059008,Europe & Central Asia (
9907,Gross capital formation (% of GDP),2007,23.7500529970222,Europe & Central Asia
9908,Gross capital formation (% of GDP),2007,18.3175597771056,ECU
9909,Gross capital formation (% of GDP),2007,20.8512352309345,EGY
9910,Gross capital formation (% of GDP),2007,23.895215425167,Euro area
9911,Gross capital formation (% of GDP),2007,12.6735754136609,ERI
9912,Gross capital formation (% of GDP),2007,30.458980215138,ESP
9913,Gross capital formation (% of GDP),2007,40.0058943445447,EST
9914,Gross capital formation (% of GDP),2007,0.0,ETH
9915,Gross capital formation (% of GDP),2007,24.206504307272,European Union
9916,Gross capital formation (% of GDP),2007,,Fragile and conflict affected situations
9917,Gross capital formation (% of GDP),2007,25.5534350124827,FIN
9918,Gross capital formation (% of GDP),2007,16.9864671605301,FJI
9919,Gross capital formation (% of GDP),2007,23.5691050042771,FRA
9920,Gross capital formation (% of GDP),2007,32.1466437339491,FRO
9921,Gross capital formation (% of GDP),2007,,FSM
9922,Gross capital formation (% of GDP),2007,24.8786940506869,GAB
9923,Gross capital formation (% of GDP),2007,18.6449631855251,GBR
9924,Gross capital formation (% of GDP),2007,33.4545540138168,GEO
9925,Gross capital formation (% of GDP),2007,15.3845449877747,GHA
9926,Gross capital formation (% of GDP),2007,,GIB
9927,Gross capital formation (% of GDP),2007,23.4196733530526,GIN
9928,Gross capital formation (% of GDP),2007,12.5665208782691,GMB
9929,Gross capital formation (% of GDP),2007,24.2726381660371,GNB
9930,Gross capital formation (% of GDP),2007,29.585907339941,GNQ
9931,Gross capital formation (% of GDP),2007,26.6707144196319,GRC
9932,Gross capital formation (% of GDP),2007,,GRD
9933,Gross capital formation (% of GDP),2007,30.4981506127881,GRL
9934,Gross capital formation (% of GDP),2007,21.1695664233488,GTM
9935,Gross capital formation (% of GDP),2007,,GUM
9936,Gross capital formation (% of GDP),2007,,GUY
9937,Gross capital formation (% of GDP),2007,23.8370244961312,High income
9938,Gross capital formation (% of GDP),2007,21.3960754951065,HKG
9939,Gross capital formation (% of GDP),2007,33.665300607277,HND
9940,Gross capital formation (% of GDP),2007,22.1885386608046,Heavily indebted poor countries (HIPC)
9941,Gross capital formation (% of GDP),2007,28.1491962124232,HRV
9942,Gross capital formation (% of GDP),2007,9.22466753259594,HTI
9943,Gross capital formation (% of GDP),2007,24.8978381794695,HUN
9944,Gross capital formation (% of GDP),2007,30.0384330539874,IBRD only
9945,Gross capital formation (% of GDP),2007,29.5865508056202,IDA & IBRD total
9946,Gross capital formation (% of GDP),2007,22.5273769029566,IDA total
9947,Gross capital formation (% of GDP),2007,,IDA blend
9948,Gross capital formation (% of GDP),2007,24.9202838487256,IDN
9949,Gross capital formation (% of GDP),2007,23.4536719827409,IDA only
9950,Gross capital formation (% of GDP),2007,,IMN
9951,Gross capital formation (% of GDP),2007,41.9507982267334,IND
9952,Gross capital formation (% of GDP),2007,,Not classified
9953,Gross capital formation (% of GDP),2007,29.2481055759668,IRL
9954,Gross capital formation (% of GDP),2007,39.7289451376198,IRN
9955,Gross capital formation (% of GDP),2007,9.34171909242017,IRQ
9956,Gross capital formation (% of GDP),2007,29.57486682989,ISL
9957,Gross capital formation (% of GDP),2007,24.4314394857535,ISR
9958,Gross capital formation (% of GDP),2007,22.6200727686655,ITA
9959,Gross capital formation (% of GDP),2007,26.5711943561208,JAM
9960,Gross capital formation (% of GDP),2007,30.2679844699249,JOR
9961,Gross capital formation (% of GDP),2007,25.7687401593638,JPN
9962,Gross capital formation (% of GDP),2007,35.5266994941709,KAZ
9963,Gross capital formation (% of GDP),2007,20.4569783889085,KEN
9964,Gross capital formation (% of GDP),2007,26.6429970323691,KGZ
9965,Gross capital formation (% of GDP),2007,25.6914602814207,KHM
9966,Gross capital formation (% of GDP),2007,15.3649166957601,KIR
9967,Gross capital formation (% of GDP),2007,,KNA
9968,Gross capital formation (% of GDP),2007,33.0974830502206,KOR
9969,Gross capital formation (% of GDP),2007,20.4566521181317,KWT
9970,Gross capital formation (% of GDP),2007,21.2062056140514,Latin America & Caribbean (
9971,Gross capital formation (% of GDP),2007,32.312243033777,LAO
9972,Gross capital formation (% of GDP),2007,24.2820896201012,LBN
9973,Gross capital formation (% of GDP),2007,,LBR
9974,Gross capital formation (% of GDP),2007,19.1096779450883,LBY
9975,Gross capital formation (% of GDP),2007,,LCA
9976,Gross capital formation (% of GDP),2007,21.7190522463875,Latin America & Caribbean
9977,Gross capital formation (% of GDP),2007,23.8136760677988,Least developed countries: UN classification
9978,Gross capital formation (% of GDP),2007,16.728800083591,Low income
9979,Gross capital formation (% of GDP),2007,,LIE
9980,Gross capital formation (% of GDP),2007,27.9521433553302,LKA
9981,Gross capital formation (% of GDP),2007,33.3464297230967,Lower middle income
9982,Gross capital formation (% of GDP),2007,30.2370593898265,Low & middle income
9983,Gross capital formation (% of GDP),2007,24.9246019342258,LSO
9984,Gross capital formation (% of GDP),2007,30.6905092701325,Late-demographic dividend
9985,Gross capital formation (% of GDP),2007,32.4396749969277,LTU
9986,Gross capital formation (% of GDP),2007,19.5133253491461,LUX
9987,Gross capital formation (% of GDP),2007,43.6658757384645,LVA
9988,Gross capital formation (% of GDP),2007,36.5478705097145,MAC
9989,Gross capital formation (% of GDP),2007,,MAF
9990,Gross capital formation (% of GDP),2007,30.8038848648652,MAR
9991,Gross capital formation (% of GDP),2007,,MCO
9992,Gross capital formation (% of GDP),2007,38.1055549316863,MDA
9993,Gross capital formation (% of GDP),2007,26.5179313396028,MDG
9994,Gross capital formation (% of GDP),2007,,MDV
9995,Gross capital formation (% of GDP),2007,27.1485198363691,AFG
9996,Gross capital formation (% of GDP),2007,23.0719146894422,MEX
9997,Gross capital formation (% of GDP),2007,26.6901661129568,MHL
9998,Gross capital formation (% of GDP),2007,30.5026928762077,Middle income
9999,Gross capital formation (% of GDP),2007,23.7126866171971,MKD
10000,Gross capital formation (% of GDP),2007,23.4715400701536,MLI
10001,Gross capital formation (% of GDP),2007,22.5226371194035,MLT
10002,Gross capital formation (% of GDP),2007,,MMR
10003,Gross capital formation (% of GDP),2007,27.0639052038999,AFG
10004,Gross capital formation (% of GDP),2007,34.7571406046867,MNE
10005,Gross capital formation (% of GDP),2007,38.7051385960366,MNG
10006,Gross capital formation (% of GDP),2007,,MNP
10007,Gross capital formation (% of GDP),2007,22.3504915090903,MOZ
10008,Gross capital formation (% of GDP),2007,28.1438609348401,MRT
10009,Gross capital formation (% of GDP),2007,25.9851652162328,MUS
10010,Gross capital formation (% of GDP),2007,,MWI
10011,Gross capital formation (% of GDP),2007,23.4095349745995,MYS
10012,Gross capital formation (% of GDP),2007,22.6784994227308,North America
10013,Gross capital formation (% of GDP),2007,24.0613337128992,NAM
10014,Gross capital formation (% of GDP),2007,37.5729019029881,NCL
10015,Gross capital formation (% of GDP),2007,18.9137733233404,NER
10016,Gross capital formation (% of GDP),2007,,NGA
10017,Gross capital formation (% of GDP),2007,31.3040549268068,NIC
10018,Gross capital formation (% of GDP),2007,23.2286138653607,NLD
10019,Gross capital formation (% of GDP),2007,27.0747410995969,NOR
10020,Gross capital formation (% of GDP),2007,28.6852507532697,NPL
10021,Gross capital formation (% of GDP),2007,,NRU
10022,Gross capital formation (% of GDP),2007,24.7759451018626,NZL
10023,Gross capital formation (% of GDP),2007,23.7684843147288,OECD members
10024,Gross capital formation (% of GDP),2007,39.7555394017715,OMN
10025,Gross capital formation (% of GDP),2007,29.9583212987251,Other small states
10026,Gross capital formation (% of GDP),2007,17.5359362226981,PAK
10027,Gross capital formation (% of GDP),2007,35.3865142206627,PAN
10028,Gross capital formation (% of GDP),2007,22.0323873215866,PER
10029,Gross capital formation (% of GDP),2007,16.1286471132386,PHL
10030,Gross capital formation (% of GDP),2007,44.0720823320239,PLW
10031,Gross capital formation (% of GDP),2007,,PNG
10032,Gross capital formation (% of GDP),2007,25.4186459060222,POL
10033,Gross capital formation (% of GDP),2007,,Pre-demographic dividend
10034,Gross capital formation (% of GDP),2007,13.3905727827244,PRI
10035,Gross capital formation (% of GDP),2007,,PRK
10036,Gross capital formation (% of GDP),2007,23.0998862393828,PRT
10037,Gross capital formation (% of GDP),2007,21.3245681130039,PRY
10038,Gross capital formation (% of GDP),2007,20.7180562958887,PSE
10039,Gross capital formation (% of GDP),2007,21.0705131362684,Pacific island small states
10040,Gross capital formation (% of GDP),2007,23.6382344713226,Post-demographic dividend
10041,Gross capital formation (% of GDP),2007,22.3199023199023,PYF
10042,Gross capital formation (% of GDP),2007,46.0165706250517,QAT
10043,Gross capital formation (% of GDP),2007,31.3370187913254,ROU
10044,Gross capital formation (% of GDP),2007,24.1645140334655,RUS
10045,Gross capital formation (% of GDP),2007,16.7899322992344,RWA
10046,Gross capital formation (% of GDP),2007,41.4057562329763,South Asia
10047,Gross capital formation (% of GDP),2007,26.4729184187854,SAU
10048,Gross capital formation (% of GDP),2007,21.3061261282548,SDN
10049,Gross capital formation (% of GDP),2007,24.6184148818474,SEN
10050,Gross capital formation (% of GDP),2007,23.0659529090098,SGP
10051,Gross capital formation (% of GDP),2007,13.1005187579881,SLB
10052,Gross capital formation (% of GDP),2007,10.1591673004271,SLE
10053,Gross capital formation (% of GDP),2007,20.80003526974,SLV
10054,Gross capital formation (% of GDP),2007,,SMR
10055,Gross capital formation (% of GDP),2007,,SOM
10056,Gross capital formation (% of GDP),2007,24.898939060219,SRB
10057,Gross capital formation (% of GDP),2007,22.8254597857329,Sub-Saharan Africa (
10058,Gross capital formation (% of GDP),2007,,SSD
10059,Gross capital formation (% of GDP),2007,22.9462674158608,Sub-Saharan Africa
10060,Gross capital formation (% of GDP),2007,28.7880925873461,Small states
10061,Gross capital formation (% of GDP),2007,,STP
10062,Gross capital formation (% of GDP),2007,46.1853368068478,SUR
10063,Gross capital formation (% of GDP),2007,29.0013589753236,SVK
10064,Gross capital formation (% of GDP),2007,33.2981260591771,SVN
10065,Gross capital formation (% of GDP),2007,24.0777971777253,SWE
10066,Gross capital formation (% of GDP),2007,,SWZ
10067,Gross capital formation (% of GDP),2007,,SXM
10068,Gross capital formation (% of GDP),2007,29.2244294345938,SYC
10069,Gross capital formation (% of GDP),2007,,SYR
10070,Gross capital formation (% of GDP),2007,,TCA
10071,Gross capital formation (% of GDP),2007,18.3692276250245,TCD
10072,Gross capital formation (% of GDP),2007,36.4666029682771,East Asia & Pacific (IDA & IBRD countries)
10073,Gross capital formation (% of GDP),2007,26.6363904825694,Europe & Central Asia (IDA & IBRD countries)
10074,Gross capital formation (% of GDP),2007,18.7842497871728,TGO
10075,Gross capital formation (% of GDP),2007,25.4960142904031,THA
10076,Gross capital formation (% of GDP),2007,24.6329386773297,TJK
10077,Gross capital formation (% of GDP),2007,18.6,TKM
10078,Gross capital formation (% of GDP),2007,22.0695699292221,Latin America & the Caribbean (IDA & IBRD countries)
10079,Gross capital formation (% of GDP),2007,18.6637359122793,TLS
10080,Gross capital formation (% of GDP),2007,27.099729243012,AFG
10081,Gross capital formation (% of GDP),2007,20.5428386523307,TON
10082,Gross capital formation (% of GDP),2007,41.4057562329763,South Asia (IDA & IBRD)
10083,Gross capital formation (% of GDP),2007,22.9462674158608,Sub-Saharan Africa (IDA & IBRD countries)
10084,Gross capital formation (% of GDP),2007,26.5072464540625,TTO
10085,Gross capital formation (% of GDP),2007,23.6821787042886,TUN
10086,Gross capital formation (% of GDP),2007,28.6014978751041,TUR
10087,Gross capital formation (% of GDP),2007,,TUV
10088,Gross capital formation (% of GDP),2007,32.6512173460431,TZA
10089,Gross capital formation (% of GDP),2007,22.0830552692819,UGA
10090,Gross capital formation (% of GDP),2007,27.781165374794,UKR
10091,Gross capital formation (% of GDP),2007,29.9366574062678,Upper middle income
10092,Gross capital formation (% of GDP),2007,19.5260552843706,URY
10093,Gross capital formation (% of GDP),2007,22.5575692188903,USA
10094,Gross capital formation (% of GDP),2007,28.2057467186946,UZB
10095,Gross capital formation (% of GDP),2007,,VCT
10096,Gross capital formation (% of GDP),2007,30.3400382701657,VEN
10097,Gross capital formation (% of GDP),2007,,VGB
10098,Gross capital formation (% of GDP),2007,,VIR
10099,Gross capital formation (% of GDP),2007,39.5662708970146,VNM
10100,Gross capital formation (% of GDP),2007,32.8934931377368,VUT
10101,Gross capital formation (% of GDP),2007,25.338298587237,World
10102,Gross capital formation (% of GDP),2007,,WSM
10103,Gross capital formation (% of GDP),2007,,XKX
10104,Gross capital formation (% of GDP),2007,,YEM
10105,Gross capital formation (% of GDP),2007,19.3259650755187,ZAF
10106,Gross capital formation (% of GDP),2007,,ZMB
10107,Gross capital formation (% of GDP),2007,7.10975335916337,ZWE
10108,Gross capital formation (% of GDP),2008,32.1030557196345,ABW
10109,Gross capital formation (% of GDP),2008,23.4609365315376,Africa Eastern and Southern
10110,Gross capital formation (% of GDP),2008,,AFG
10111,Gross capital formation (% of GDP),2008,,Africa Western and Central
10112,Gross capital formation (% of GDP),2008,30.804053314644,AGO
10113,Gross capital formation (% of GDP),2008,33.3056707670518,ALB
10114,Gross capital formation (% of GDP),2008,,AND
10115,Gross capital formation (% of GDP),2008,26.51721443562,Arab World
10116,Gross capital formation (% of GDP),2008,25.0980915438506,ARE
10117,Gross capital formation (% of GDP),2008,19.5727758777106,ARG
10118,Gross capital formation (% of GDP),2008,47.9428358213473,ARM
10119,Gross capital formation (% of GDP),2008,,ASM
10120,Gross capital formation (% of GDP),2008,,ATG
10121,Gross capital formation (% of GDP),2008,28.6033151100897,AUS
10122,Gross capital formation (% of GDP),2008,24.7047623915806,AUT
10123,Gross capital formation (% of GDP),2008,18.6936308461975,AZE
10124,Gross capital formation (% of GDP),2008,13.4089586890331,BDI
10125,Gross capital formation (% of GDP),2008,25.9367703303917,BEL
10126,Gross capital formation (% of GDP),2008,13.7404206600646,BEN
10127,Gross capital formation (% of GDP),2008,20.7319624459801,BFA
10128,Gross capital formation (% of GDP),2008,26.2022714003991,BGD
10129,Gross capital formation (% of GDP),2008,36.9245389748046,BGR
10130,Gross capital formation (% of GDP),2008,34.9481240884218,BHR
10131,Gross capital formation (% of GDP),2008,29.4556336690101,BHS
10132,Gross capital formation (% of GDP),2008,31.6950160007338,BIH
10133,Gross capital formation (% of GDP),2008,37.6416510261128,BLR
10134,Gross capital formation (% of GDP),2008,21.1052964517799,BLZ
10135,Gross capital formation (% of GDP),2008,,BMU
10136,Gross capital formation (% of GDP),2008,17.5527400611141,BOL
10137,Gross capital formation (% of GDP),2008,21.6193828541669,BRA
10138,Gross capital formation (% of GDP),2008,,BRB
10139,Gross capital formation (% of GDP),2008,20.6413589266033,BRN
10140,Gross capital formation (% of GDP),2008,44.1634785286925,BTN
10141,Gross capital formation (% of GDP),2008,35.4683348008758,BWA
10142,Gross capital formation (% of GDP),2008,12.728492373968,CAF
10143,Gross capital formation (% of GDP),2008,24.0725027760344,CAN
10144,Gross capital formation (% of GDP),2008,28.6704563750306,Central Europe and the Baltics
10145,Gross capital formation (% of GDP),2008,27.4120262151199,CHE
10146,Gross capital formation (% of GDP),2008,,Channel Islands
10147,Gross capital formation (% of GDP),2008,28.8969424712342,CHL
10148,Gross capital formation (% of GDP),2008,41.9607249432501,CHN
10149,Gross capital formation (% of GDP),2008,18.1800206859596,CIV
10150,Gross capital formation (% of GDP),2008,19.7540543269388,CMR
10151,Gross capital formation (% of GDP),2008,10.8571032370841,COD
10152,Gross capital formation (% of GDP),2008,42.0714121709361,COG
10153,Gross capital formation (% of GDP),2008,23.7209214485662,COL
10154,Gross capital formation (% of GDP),2008,19.2488768740532,COM
10155,Gross capital formation (% of GDP),2008,45.9358045471371,CPV
10156,Gross capital formation (% of GDP),2008,24.6107400918404,CRI
10157,Gross capital formation (% of GDP),2008,,Caribbean small states
10158,Gross capital formation (% of GDP),2008,14.8446789230721,CUB
10159,Gross capital formation (% of GDP),2008,,CUW
10160,Gross capital formation (% of GDP),2008,,CYM
10161,Gross capital formation (% of GDP),2008,28.6449277573261,CYP
10162,Gross capital formation (% of GDP),2008,30.9994095449633,CZE
10163,Gross capital formation (% of GDP),2008,20.898952766365,DEU
10164,Gross capital formation (% of GDP),2008,,DJI
10165,Gross capital formation (% of GDP),2008,,DMA
10166,Gross capital formation (% of GDP),2008,24.0357328016323,DNK
10167,Gross capital formation (% of GDP),2008,29.8982115807869,DOM
10168,Gross capital formation (% of GDP),2008,35.5369334164485,DZA
10169,Gross capital formation (% of GDP),2008,38.4244070282039,East Asia & Pacific (
10170,Gross capital formation (% of GDP),2008,28.1084965608027,Early-demographic dividend
10171,Gross capital formation (% of GDP),2008,31.9061944006211,East Asia & Pacific
10172,Gross capital formation (% of GDP),2008,28.4146043317157,Europe & Central Asia (
10173,Gross capital formation (% of GDP),2008,23.5287993158309,Europe & Central Asia
10174,Gross capital formation (% of GDP),2008,21.5659407925863,ECU
10175,Gross capital formation (% of GDP),2008,22.3897264098269,EGY
10176,Gross capital formation (% of GDP),2008,23.4189760270597,Euro area
10177,Gross capital formation (% of GDP),2008,12.7135404800139,ERI
10178,Gross capital formation (% of GDP),2008,28.4790441123592,ESP
10179,Gross capital formation (% of GDP),2008,31.6334055843093,EST
10180,Gross capital formation (% of GDP),2008,0.0,ETH
10181,Gross capital formation (% of GDP),2008,23.7910260760849,European Union
10182,Gross capital formation (% of GDP),2008,,Fragile and conflict affected situations
10183,Gross capital formation (% of GDP),2008,25.2485161104333,FIN
10184,Gross capital formation (% of GDP),2008,23.4232715110545,FJI
10185,Gross capital formation (% of GDP),2008,23.4671040402669,FRA
10186,Gross capital formation (% of GDP),2008,26.1665235510529,FRO
10187,Gross capital formation (% of GDP),2008,,FSM
10188,Gross capital formation (% of GDP),2008,25.0898974271767,GAB
10189,Gross capital formation (% of GDP),2008,17.5942520080321,GBR
10190,Gross capital formation (% of GDP),2008,27.6897912964157,GEO
10191,Gross capital formation (% of GDP),2008,16.4919639408033,GHA
10192,Gross capital formation (% of GDP),2008,,GIB
10193,Gross capital formation (% of GDP),2008,26.2176976521342,GIN
10194,Gross capital formation (% of GDP),2008,10.5224347295927,GMB
10195,Gross capital formation (% of GDP),2008,17.3390259766336,GNB
10196,Gross capital formation (% of GDP),2008,27.5417518128173,GNQ
10197,Gross capital formation (% of GDP),2008,24.8460183343649,GRC
10198,Gross capital formation (% of GDP),2008,,GRD
10199,Gross capital formation (% of GDP),2008,40.2984137449277,GRL
10200,Gross capital formation (% of GDP),2008,16.6715643176913,GTM
10201,Gross capital formation (% of GDP),2008,,GUM
10202,Gross capital formation (% of GDP),2008,,GUY
10203,Gross capital formation (% of GDP),2008,23.3700820014218,High income
10204,Gross capital formation (% of GDP),2008,21.0412143694213,HKG
10205,Gross capital formation (% of GDP),2008,36.0659698365463,HND
10206,Gross capital formation (% of GDP),2008,23.3883043209064,Heavily indebted poor countries (HIPC)
10207,Gross capital formation (% of GDP),2008,29.5450992913015,HRV
10208,Gross capital formation (% of GDP),2008,12.6171620718569,HTI
10209,Gross capital formation (% of GDP),2008,25.1420059545726,HUN
10210,Gross capital formation (% of GDP),2008,31.1213508870893,IBRD only
10211,Gross capital formation (% of GDP),2008,30.6424225628191,IDA & IBRD total
10212,Gross capital formation (% of GDP),2008,22.9191707060705,IDA total
10213,Gross capital formation (% of GDP),2008,,IDA blend
10214,Gross capital formation (% of GDP),2008,27.8162445798583,IDN
10215,Gross capital formation (% of GDP),2008,23.8423770554474,IDA only
10216,Gross capital formation (% of GDP),2008,,IMN
10217,Gross capital formation (% of GDP),2008,38.4224196528192,IND
10218,Gross capital formation (% of GDP),2008,,Not classified
10219,Gross capital formation (% of GDP),2008,24.6670937529866,IRL
10220,Gross capital formation (% of GDP),2008,41.7574530936824,IRN
10221,Gross capital formation (% of GDP),2008,15.1841021528875,IRQ
10222,Gross capital formation (% of GDP),2008,26.0213544622896,ISL
10223,Gross capital formation (% of GDP),2008,23.2287706528845,ISR
10224,Gross capital formation (% of GDP),2008,22.0387757321995,ITA
10225,Gross capital formation (% of GDP),2008,24.3505399801894,JAM
10226,Gross capital formation (% of GDP),2008,36.0506744249725,JOR
10227,Gross capital formation (% of GDP),2008,25.869579962101,JPN
10228,Gross capital formation (% of GDP),2008,27.5064843034904,KAZ
10229,Gross capital formation (% of GDP),2008,19.6127114227698,KEN
10230,Gross capital formation (% of GDP),2008,28.9489600349802,KGZ
10231,Gross capital formation (% of GDP),2008,23.0800200013877,KHM
10232,Gross capital formation (% of GDP),2008,14.1246580305412,KIR
10233,Gross capital formation (% of GDP),2008,,KNA
10234,Gross capital formation (% of GDP),2008,33.6668294033225,KOR
10235,Gross capital formation (% of GDP),2008,17.6298214529099,KWT
10236,Gross capital formation (% of GDP),2008,22.4482661721243,Latin America & Caribbean (
10237,Gross capital formation (% of GDP),2008,31.68198579384,LAO
10238,Gross capital formation (% of GDP),2008,27.9963212002476,LBN
10239,Gross capital formation (% of GDP),2008,,LBR
10240,Gross capital formation (% of GDP),2008,21.6648129995476,LBY
10241,Gross capital formation (% of GDP),2008,,LCA
10242,Gross capital formation (% of GDP),2008,22.9218224219251,Latin America & Caribbean
10243,Gross capital formation (% of GDP),2008,25.2522206157336,Least developed countries: UN classification
10244,Gross capital formation (% of GDP),2008,17.0693146892677,Low income
10245,Gross capital formation (% of GDP),2008,,LIE
10246,Gross capital formation (% of GDP),2008,27.5523830555003,LKA
10247,Gross capital formation (% of GDP),2008,31.2789926227002,Lower middle income
10248,Gross capital formation (% of GDP),2008,31.3798910589671,Low & middle income
10249,Gross capital formation (% of GDP),2008,27.9814428627338,LSO
10250,Gross capital formation (% of GDP),2008,31.9845664164776,Late-demographic dividend
10251,Gross capital formation (% of GDP),2008,28.2461520781263,LTU
10252,Gross capital formation (% of GDP),2008,20.5796394806551,LUX
10253,Gross capital formation (% of GDP),2008,36.9756564896607,LVA
10254,Gross capital formation (% of GDP),2008,30.4045920575905,MAC
10255,Gross capital formation (% of GDP),2008,,MAF
10256,Gross capital formation (% of GDP),2008,35.5127958030057,MAR
10257,Gross capital formation (% of GDP),2008,,MCO
10258,Gross capital formation (% of GDP),2008,39.227918692985,MDA
10259,Gross capital formation (% of GDP),2008,38.7460962157139,MDG
10260,Gross capital formation (% of GDP),2008,,MDV
10261,Gross capital formation (% of GDP),2008,28.0389412066234,AFG
10262,Gross capital formation (% of GDP),2008,24.1213158802068,MEX
10263,Gross capital formation (% of GDP),2008,19.8806275579809,MHL
10264,Gross capital formation (% of GDP),2008,31.6608044901219,Middle income
10265,Gross capital formation (% of GDP),2008,27.9327050543518,MKD
10266,Gross capital formation (% of GDP),2008,25.208649006104,MLI
10267,Gross capital formation (% of GDP),2008,22.2303374997845,MLT
10268,Gross capital formation (% of GDP),2008,,MMR
10269,Gross capital formation (% of GDP),2008,29.0227443362245,AFG
10270,Gross capital formation (% of GDP),2008,41.1766127504244,MNE
10271,Gross capital formation (% of GDP),2008,43.5661414829151,MNG
10272,Gross capital formation (% of GDP),2008,,MNP
10273,Gross capital formation (% of GDP),2008,22.0302459322751,MOZ
10274,Gross capital formation (% of GDP),2008,33.0199276284352,MRT
10275,Gross capital formation (% of GDP),2008,25.3459933721249,MUS
10276,Gross capital formation (% of GDP),2008,,MWI
10277,Gross capital formation (% of GDP),2008,21.4583043811993,MYS
10278,Gross capital formation (% of GDP),2008,21.3229194229727,North America
10279,Gross capital formation (% of GDP),2008,27.4739234636227,NAM
10280,Gross capital formation (% of GDP),2008,41.3029052100014,NCL
10281,Gross capital formation (% of GDP),2008,26.4435525343116,NER
10282,Gross capital formation (% of GDP),2008,,NGA
10283,Gross capital formation (% of GDP),2008,33.6019904976752,NIC
10284,Gross capital formation (% of GDP),2008,22.2059299952863,NLD
10285,Gross capital formation (% of GDP),2008,25.7831499903704,NOR
10286,Gross capital formation (% of GDP),2008,30.3156469991099,NPL
10287,Gross capital formation (% of GDP),2008,,NRU
10288,Gross capital formation (% of GDP),2008,22.9039037931743,NZL
10289,Gross capital formation (% of GDP),2008,23.1926981919981,OECD members
10290,Gross capital formation (% of GDP),2008,42.0046274389994,OMN
10291,Gross capital formation (% of GDP),2008,28.852638848337,Other small states
10292,Gross capital formation (% of GDP),2008,17.9964226089513,PAK
10293,Gross capital formation (% of GDP),2008,41.3904764170808,PAN
10294,Gross capital formation (% of GDP),2008,26.178345935433,PER
10295,Gross capital formation (% of GDP),2008,18.9671469154789,PHL
10296,Gross capital formation (% of GDP),2008,37.7040403683899,PLW
10297,Gross capital formation (% of GDP),2008,,PNG
10298,Gross capital formation (% of GDP),2008,24.7561450970576,POL
10299,Gross capital formation (% of GDP),2008,,Pre-demographic dividend
10300,Gross capital formation (% of GDP),2008,12.146158717547,PRI
10301,Gross capital formation (% of GDP),2008,,PRK
10302,Gross capital formation (% of GDP),2008,23.5794931626439,PRT
10303,Gross capital formation (% of GDP),2008,22.2482943436606,PRY
10304,Gross capital formation (% of GDP),2008,18.7664149704531,PSE
10305,Gross capital formation (% of GDP),2008,25.8019112299929,Pacific island small states
10306,Gross capital formation (% of GDP),2008,23.0639878796388,Post-demographic dividend
10307,Gross capital formation (% of GDP),2008,23.9672290255229,PYF
10308,Gross capital formation (% of GDP),2008,41.1179671245022,QAT
10309,Gross capital formation (% of GDP),2008,33.0936844355478,ROU
10310,Gross capital formation (% of GDP),2008,25.5012197086864,RUS
10311,Gross capital formation (% of GDP),2008,21.3446999189279,RWA
10312,Gross capital formation (% of GDP),2008,37.941433053461,South Asia
10313,Gross capital formation (% of GDP),2008,27.2957945617723,SAU
10314,Gross capital formation (% of GDP),2008,20.668907969621,SDN
10315,Gross capital formation (% of GDP),2008,26.2267083321653,SEN
10316,Gross capital formation (% of GDP),2008,30.1596763689779,SGP
10317,Gross capital formation (% of GDP),2008,13.378221113882,SLB
10318,Gross capital formation (% of GDP),2008,10.3794057886037,SLE
10319,Gross capital formation (% of GDP),2008,20.1725812522343,SLV
10320,Gross capital formation (% of GDP),2008,,SMR
10321,Gross capital formation (% of GDP),2008,,SOM
10322,Gross capital formation (% of GDP),2008,25.9133962645148,SRB
10323,Gross capital formation (% of GDP),2008,24.3344970511313,Sub-Saharan Africa (
10324,Gross capital formation (% of GDP),2008,13.7699875260258,SSD
10325,Gross capital formation (% of GDP),2008,24.3625598853111,Sub-Saharan Africa
10326,Gross capital formation (% of GDP),2008,27.633659116623,Small states
10327,Gross capital formation (% of GDP),2008,,STP
10328,Gross capital formation (% of GDP),2008,44.3081047638688,SUR
10329,Gross capital formation (% of GDP),2008,29.292929955951,SVK
10330,Gross capital formation (% of GDP),2008,33.1452787386717,SVN
10331,Gross capital formation (% of GDP),2008,23.9607192334419,SWE
10332,Gross capital formation (% of GDP),2008,,SWZ
10333,Gross capital formation (% of GDP),2008,,SXM
10334,Gross capital formation (% of GDP),2008,27.643033995501,SYC
10335,Gross capital formation (% of GDP),2008,,SYR
10336,Gross capital formation (% of GDP),2008,,TCA
10337,Gross capital formation (% of GDP),2008,18.5468847123789,TCD
10338,Gross capital formation (% of GDP),2008,38.4245646158368,East Asia & Pacific (IDA & IBRD countries)
10339,Gross capital formation (% of GDP),2008,27.0850712739063,Europe & Central Asia (IDA & IBRD countries)
10340,Gross capital formation (% of GDP),2008,17.0862606681714,TGO
10341,Gross capital formation (% of GDP),2008,28.2264349517752,THA
10342,Gross capital formation (% of GDP),2008,26.5087253628508,TJK
10343,Gross capital formation (% of GDP),2008,31.7,TKM
10344,Gross capital formation (% of GDP),2008,23.2422892994161,Latin America & the Caribbean (IDA & IBRD countries)
10345,Gross capital formation (% of GDP),2008,31.3273873148178,TLS
10346,Gross capital formation (% of GDP),2008,29.0801792178804,AFG
10347,Gross capital formation (% of GDP),2008,20.3560838021782,TON
10348,Gross capital formation (% of GDP),2008,37.941433053461,South Asia (IDA & IBRD)
10349,Gross capital formation (% of GDP),2008,24.3625598853111,Sub-Saharan Africa (IDA & IBRD countries)
10350,Gross capital formation (% of GDP),2008,23.0445264115121,TTO
10351,Gross capital formation (% of GDP),2008,25.52358104832,TUN
10352,Gross capital formation (% of GDP),2008,28.7390137150289,TUR
10353,Gross capital formation (% of GDP),2008,,TUV
10354,Gross capital formation (% of GDP),2008,37.4895216967723,TZA
10355,Gross capital formation (% of GDP),2008,22.9777738426393,UGA
10356,Gross capital formation (% of GDP),2008,27.3925913814733,UKR
10357,Gross capital formation (% of GDP),2008,31.7721748819648,Upper middle income
10358,Gross capital formation (% of GDP),2008,23.2080945884283,URY
10359,Gross capital formation (% of GDP),2008,21.0374951370568,USA
10360,Gross capital formation (% of GDP),2008,32.0363460936417,UZB
10361,Gross capital formation (% of GDP),2008,,VCT
10362,Gross capital formation (% of GDP),2008,26.8261258775663,VEN
10363,Gross capital formation (% of GDP),2008,,VGB
10364,Gross capital formation (% of GDP),2008,,VIR
10365,Gross capital formation (% of GDP),2008,36.4931217965814,VNM
10366,Gross capital formation (% of GDP),2008,41.7403070343952,VUT
10367,Gross capital formation (% of GDP),2008,25.3399825304148,World
10368,Gross capital formation (% of GDP),2008,,WSM
10369,Gross capital formation (% of GDP),2008,37.2836774320662,XKX
10370,Gross capital formation (% of GDP),2008,,YEM
10371,Gross capital formation (% of GDP),2008,21.2872491181391,ZAF
10372,Gross capital formation (% of GDP),2008,,ZMB
10373,Gross capital formation (% of GDP),2008,5.12790625311106,ZWE
10374,Gross capital formation (% of GDP),2009,29.6421797785745,ABW
10375,Gross capital formation (% of GDP),2009,23.2549075180096,Africa Eastern and Southern
10376,Gross capital formation (% of GDP),2009,,AFG
10377,Gross capital formation (% of GDP),2009,,Africa Western and Central
10378,Gross capital formation (% of GDP),2009,42.8208531628244,AGO
10379,Gross capital formation (% of GDP),2009,32.4404588015772,ALB
10380,Gross capital formation (% of GDP),2009,,AND
10381,Gross capital formation (% of GDP),2009,28.3951807075512,Arab World
10382,Gross capital formation (% of GDP),2009,31.6335487625593,ARE
10383,Gross capital formation (% of GDP),2009,16.0531123592112,ARG
10384,Gross capital formation (% of GDP),2009,41.1450508029059,ARM
10385,Gross capital formation (% of GDP),2009,,ASM
10386,Gross capital formation (% of GDP),2009,,ATG
10387,Gross capital formation (% of GDP),2009,27.3643396718515,AUS
10388,Gross capital formation (% of GDP),2009,23.0148012049122,AUT
10389,Gross capital formation (% of GDP),2009,18.9486398045026,AZE
10390,Gross capital formation (% of GDP),2009,18.9748730212835,BDI
10391,Gross capital formation (% of GDP),2009,22.0264057475968,BEL
10392,Gross capital formation (% of GDP),2009,14.8657187295579,BEN
10393,Gross capital formation (% of GDP),2009,19.9900322638267,BFA
10394,Gross capital formation (% of GDP),2009,26.2060570157536,BGD
10395,Gross capital formation (% of GDP),2009,28.5382207093012,BGR
10396,Gross capital formation (% of GDP),2009,26.1446971919251,BHR
10397,Gross capital formation (% of GDP),2009,28.053608710113,BHS
10398,Gross capital formation (% of GDP),2009,23.6484988031786,BIH
10399,Gross capital formation (% of GDP),2009,36.8640444559238,BLR
10400,Gross capital formation (% of GDP),2009,16.3162570328694,BLZ
10401,Gross capital formation (% of GDP),2009,,BMU
10402,Gross capital formation (% of GDP),2009,16.971260971496,BOL
10403,Gross capital formation (% of GDP),2009,18.796135029807,BRA
10404,Gross capital formation (% of GDP),2009,,BRB
10405,Gross capital formation (% of GDP),2009,26.220391069934,BRN
10406,Gross capital formation (% of GDP),2009,50.189271152596,BTN
10407,Gross capital formation (% of GDP),2009,32.6299076727603,BWA
10408,Gross capital formation (% of GDP),2009,13.2041724777738,CAF
10409,Gross capital formation (% of GDP),2009,21.9594942895654,CAN
10410,Gross capital formation (% of GDP),2009,23.0334851941229,Central Europe and the Baltics
10411,Gross capital formation (% of GDP),2009,28.3419894943657,CHE
10412,Gross capital formation (% of GDP),2009,,Channel Islands
10413,Gross capital formation (% of GDP),2009,22.920007922655,CHL
10414,Gross capital formation (% of GDP),2009,44.9282638913962,CHN
10415,Gross capital formation (% of GDP),2009,14.7435495856944,CIV
10416,Gross capital formation (% of GDP),2009,18.5596853746796,CMR
10417,Gross capital formation (% of GDP),2009,14.5634353990704,COD
10418,Gross capital formation (% of GDP),2009,54.295110833528,COG
10419,Gross capital formation (% of GDP),2009,21.9875830884376,COL
10420,Gross capital formation (% of GDP),2009,17.990680545639,COM
10421,Gross capital formation (% of GDP),2009,41.3602933111924,CPV
10422,Gross capital formation (% of GDP),2009,18.4529135968439,CRI
10423,Gross capital formation (% of GDP),2009,,Caribbean small states
10424,Gross capital formation (% of GDP),2009,10.9375,CUB
10425,Gross capital formation (% of GDP),2009,,CUW
10426,Gross capital formation (% of GDP),2009,,CYM
10427,Gross capital formation (% of GDP),2009,22.5317717896077,CYP
10428,Gross capital formation (% of GDP),2009,26.3978882297703,CZE
10429,Gross capital formation (% of GDP),2009,18.036009892299,DEU
10430,Gross capital formation (% of GDP),2009,,DJI
10431,Gross capital formation (% of GDP),2009,,DMA
10432,Gross capital formation (% of GDP),2009,19.0326255602397,DNK
10433,Gross capital formation (% of GDP),2009,23.3722106355299,DOM
10434,Gross capital formation (% of GDP),2009,46.0669131037696,DZA
10435,Gross capital formation (% of GDP),2009,40.9057150396736,East Asia & Pacific (
10436,Gross capital formation (% of GDP),2009,27.8326150491122,Early-demographic dividend
10437,Gross capital formation (% of GDP),2009,31.4799868484529,East Asia & Pacific
10438,Gross capital formation (% of GDP),2009,23.7256917917223,Europe & Central Asia (
10439,Gross capital formation (% of GDP),2009,20.1425730647728,Europe & Central Asia
10440,Gross capital formation (% of GDP),2009,21.1732351412126,ECU
10441,Gross capital formation (% of GDP),2009,19.1901746305891,EGY
10442,Gross capital formation (% of GDP),2009,20.2099570661035,Euro area
10443,Gross capital formation (% of GDP),2009,9.26379597839317,ERI
10444,Gross capital formation (% of GDP),2009,23.3519417701936,ESP
10445,Gross capital formation (% of GDP),2009,21.0087753498274,EST
10446,Gross capital formation (% of GDP),2009,0.0,ETH
10447,Gross capital formation (% of GDP),2009,20.412350314,European Union
10448,Gross capital formation (% of GDP),2009,,Fragile and conflict affected situations
10449,Gross capital formation (% of GDP),2009,21.4741244119185,FIN
10450,Gross capital formation (% of GDP),2009,18.734077312677,FJI
10451,Gross capital formation (% of GDP),2009,20.7177586249113,FRA
10452,Gross capital formation (% of GDP),2009,17.5385290318388,FRO
10453,Gross capital formation (% of GDP),2009,,FSM
10454,Gross capital formation (% of GDP),2009,27.981113361031,GAB
10455,Gross capital formation (% of GDP),2009,14.9658897651217,GBR
10456,Gross capital formation (% of GDP),2009,13.9858779050373,GEO
10457,Gross capital formation (% of GDP),2009,16.4317931081367,GHA
10458,Gross capital formation (% of GDP),2009,,GIB
10459,Gross capital formation (% of GDP),2009,21.3066122469499,GIN
10460,Gross capital formation (% of GDP),2009,12.8914138046647,GMB
10461,Gross capital formation (% of GDP),2009,18.3648740410824,GNB
10462,Gross capital formation (% of GDP),2009,39.3928256509129,GNQ
10463,Gross capital formation (% of GDP),2009,18.9186670370279,GRC
10464,Gross capital formation (% of GDP),2009,,GRD
10465,Gross capital formation (% of GDP),2009,32.2123750258059,GRL
10466,Gross capital formation (% of GDP),2009,13.2666014648944,GTM
10467,Gross capital formation (% of GDP),2009,,GUM
10468,Gross capital formation (% of GDP),2009,,GUY
10469,Gross capital formation (% of GDP),2009,20.2660379868136,High income
10470,Gross capital formation (% of GDP),2009,21.846864085774,HKG
10471,Gross capital formation (% of GDP),2009,20.599443751492,HND
10472,Gross capital formation (% of GDP),2009,22.2165941302026,Heavily indebted poor countries (HIPC)
10473,Gross capital formation (% of GDP),2009,24.3706804071373,HRV
10474,Gross capital formation (% of GDP),2009,12.6069242243299,HTI
10475,Gross capital formation (% of GDP),2009,20.9966487581136,HUN
10476,Gross capital formation (% of GDP),2009,31.1747856002179,IBRD only
10477,Gross capital formation (% of GDP),2009,30.6891431849846,IDA & IBRD total
10478,Gross capital formation (% of GDP),2009,22.9924728954836,IDA total
10479,Gross capital formation (% of GDP),2009,,IDA blend
10480,Gross capital formation (% of GDP),2009,30.9851924139981,IDN
10481,Gross capital formation (% of GDP),2009,23.0311683535011,IDA only
10482,Gross capital formation (% of GDP),2009,,IMN
10483,Gross capital formation (% of GDP),2009,39.2567917551336,IND
10484,Gross capital formation (% of GDP),2009,,Not classified
10485,Gross capital formation (% of GDP),2009,20.3036686340799,IRL
10486,Gross capital formation (% of GDP),2009,40.8981709172263,IRN
10487,Gross capital formation (% of GDP),2009,11.2966377544437,IRQ
10488,Gross capital formation (% of GDP),2009,15.3230869349392,ISL
10489,Gross capital formation (% of GDP),2009,21.1617869838312,ISR
10490,Gross capital formation (% of GDP),2009,19.7023773902113,ITA
10491,Gross capital formation (% of GDP),2009,21.0562677587986,JAM
10492,Gross capital formation (% of GDP),2009,32.5395198179394,JOR
10493,Gross capital formation (% of GDP),2009,22.6031764761029,JPN
10494,Gross capital formation (% of GDP),2009,29.4145645191248,KAZ
10495,Gross capital formation (% of GDP),2009,19.0191724248254,KEN
10496,Gross capital formation (% of GDP),2009,27.2703554118343,KGZ
10497,Gross capital formation (% of GDP),2009,26.3323279290139,KHM
10498,Gross capital formation (% of GDP),2009,17.5720885152996,KIR
10499,Gross capital formation (% of GDP),2009,,KNA
10500,Gross capital formation (% of GDP),2009,29.3999897291047,KOR
10501,Gross capital formation (% of GDP),2009,17.9658449249415,KWT
10502,Gross capital formation (% of GDP),2009,19.864367351584,Latin America & Caribbean (
10503,Gross capital formation (% of GDP),2009,33.9384705525426,LAO
10504,Gross capital formation (% of GDP),2009,26.9210161655957,LBN
10505,Gross capital formation (% of GDP),2009,,LBR
10506,Gross capital formation (% of GDP),2009,26.0180306878529,LBY
10507,Gross capital formation (% of GDP),2009,,LCA
10508,Gross capital formation (% of GDP),2009,20.3423398216366,Latin America & Caribbean
10509,Gross capital formation (% of GDP),2009,26.684916487643,Least developed countries: UN classification
10510,Gross capital formation (% of GDP),2009,17.8917634288457,Low income
10511,Gross capital formation (% of GDP),2009,,LIE
10512,Gross capital formation (% of GDP),2009,24.4338657450541,LKA
10513,Gross capital formation (% of GDP),2009,32.2154191439151,Lower middle income
10514,Gross capital formation (% of GDP),2009,32.1660478162648,Low & middle income
10515,Gross capital formation (% of GDP),2009,30.538219790262,LSO
10516,Gross capital formation (% of GDP),2009,32.3015068353494,Late-demographic dividend
10517,Gross capital formation (% of GDP),2009,12.9798453346191,LTU
10518,Gross capital formation (% of GDP),2009,16.1829007965354,LUX
10519,Gross capital formation (% of GDP),2009,23.2112323411887,LVA
10520,Gross capital formation (% of GDP),2009,18.5051316117728,MAC
10521,Gross capital formation (% of GDP),2009,,MAF
10522,Gross capital formation (% of GDP),2009,32.1852748633952,MAR
10523,Gross capital formation (% of GDP),2009,,MCO
10524,Gross capital formation (% of GDP),2009,23.1418973846398,MDA
10525,Gross capital formation (% of GDP),2009,37.2218957020948,MDG
10526,Gross capital formation (% of GDP),2009,,MDV
10527,Gross capital formation (% of GDP),2009,29.1815971587142,AFG
10528,Gross capital formation (% of GDP),2009,23.2592508057594,MEX
10529,Gross capital formation (% of GDP),2009,37.831746031746,MHL
10530,Gross capital formation (% of GDP),2009,32.4381235198193,Middle income
10531,Gross capital formation (% of GDP),2009,25.7424835151053,MKD
10532,Gross capital formation (% of GDP),2009,24.9642821699593,MLI
10533,Gross capital formation (% of GDP),2009,21.235293879084,MLT
10534,Gross capital formation (% of GDP),2009,,MMR
10535,Gross capital formation (% of GDP),2009,29.1026947816615,AFG
10536,Gross capital formation (% of GDP),2009,26.9431434597042,MNE
10537,Gross capital formation (% of GDP),2009,34.3709459159075,MNG
10538,Gross capital formation (% of GDP),2009,,MNP
10539,Gross capital formation (% of GDP),2009,19.7560524022268,MOZ
10540,Gross capital formation (% of GDP),2009,26.4330171849138,MRT
10541,Gross capital formation (% of GDP),2009,23.7657494618791,MUS
10542,Gross capital formation (% of GDP),2009,,MWI
10543,Gross capital formation (% of GDP),2009,17.8356949570531,MYS
10544,Gross capital formation (% of GDP),2009,18.1294495979322,North America
10545,Gross capital formation (% of GDP),2009,26.1159251664954,NAM
10546,Gross capital formation (% of GDP),2009,34.0404047185836,NCL
10547,Gross capital formation (% of GDP),2009,28.4722719649335,NER
10548,Gross capital formation (% of GDP),2009,,NGA
10549,Gross capital formation (% of GDP),2009,23.2004558310499,NIC
10550,Gross capital formation (% of GDP),2009,20.5767305168581,NLD
10551,Gross capital formation (% of GDP),2009,24.2956955575084,NOR
10552,Gross capital formation (% of GDP),2009,31.6743770945651,NPL
10553,Gross capital formation (% of GDP),2009,,NRU
10554,Gross capital formation (% of GDP),2009,19.926477761063,NZL
10555,Gross capital formation (% of GDP),2009,20.094444952085,OECD members
10556,Gross capital formation (% of GDP),2009,34.0609039447334,OMN
10557,Gross capital formation (% of GDP),2009,23.3167301281746,Other small states
10558,Gross capital formation (% of GDP),2009,17.5777374305561,PAK
10559,Gross capital formation (% of GDP),2009,30.8565496172702,PAN
10560,Gross capital formation (% of GDP),2009,19.9786779797935,PER
10561,Gross capital formation (% of GDP),2009,17.4317211991991,PHL
10562,Gross capital formation (% of GDP),2009,29.311150643691,PLW
10563,Gross capital formation (% of GDP),2009,,PNG
10564,Gross capital formation (% of GDP),2009,20.7579141114998,POL
10565,Gross capital formation (% of GDP),2009,,Pre-demographic dividend
10566,Gross capital formation (% of GDP),2009,10.430914991451,PRI
10567,Gross capital formation (% of GDP),2009,,PRK
10568,Gross capital formation (% of GDP),2009,20.8425074783613,PRT
10569,Gross capital formation (% of GDP),2009,18.9159699698974,PRY
10570,Gross capital formation (% of GDP),2009,18.6106335876919,PSE
10571,Gross capital formation (% of GDP),2009,22.9990014601348,Pacific island small states
10572,Gross capital formation (% of GDP),2009,19.999904559142202,Post-demographic dividend
10573,Gross capital formation (% of GDP),2009,20.883221176291,PYF
10574,Gross capital formation (% of GDP),2009,42.9640491480002,QAT
10575,Gross capital formation (% of GDP),2009,27.2026687279957,ROU
10576,Gross capital formation (% of GDP),2009,18.9263757354968,RUS
10577,Gross capital formation (% of GDP),2009,21.0151940236714,RWA
10578,Gross capital formation (% of GDP),2009,38.6643831554497,South Asia
10579,Gross capital formation (% of GDP),2009,31.7152823567211,SAU
10580,Gross capital formation (% of GDP),2009,22.325908295006,SDN
10581,Gross capital formation (% of GDP),2009,20.3974883741685,SEN
10582,Gross capital formation (% of GDP),2009,27.3701152111674,SGP
10583,Gross capital formation (% of GDP),2009,12.7912711133029,SLB
10584,Gross capital formation (% of GDP),2009,11.2088615902087,SLE
10585,Gross capital formation (% of GDP),2009,14.0546154274436,SLV
10586,Gross capital formation (% of GDP),2009,,SMR
10587,Gross capital formation (% of GDP),2009,,SOM
10588,Gross capital formation (% of GDP),2009,18.554576515854,SRB
10589,Gross capital formation (% of GDP),2009,25.0494038958012,Sub-Saharan Africa (
10590,Gross capital formation (% of GDP),2009,13.6521309804579,SSD
10591,Gross capital formation (% of GDP),2009,24.9397086185417,Sub-Saharan Africa
10592,Gross capital formation (% of GDP),2009,24.801109517018,Small states
10593,Gross capital formation (% of GDP),2009,,STP
10594,Gross capital formation (% of GDP),2009,50.1880052641474,SUR
10595,Gross capital formation (% of GDP),2009,21.4028753757641,SVK
10596,Gross capital formation (% of GDP),2009,23.7456185537015,SVN
10597,Gross capital formation (% of GDP),2009,20.4599610547174,SWE
10598,Gross capital formation (% of GDP),2009,,SWZ
10599,Gross capital formation (% of GDP),2009,,SXM
10600,Gross capital formation (% of GDP),2009,28.0272254229443,SYC
10601,Gross capital formation (% of GDP),2009,,SYR
10602,Gross capital formation (% of GDP),2009,,TCA
10603,Gross capital formation (% of GDP),2009,19.7181814380475,TCD
10604,Gross capital formation (% of GDP),2009,40.9055472245267,East Asia & Pacific (IDA & IBRD countries)
10605,Gross capital formation (% of GDP),2009,21.7274128270755,Europe & Central Asia (IDA & IBRD countries)
10606,Gross capital formation (% of GDP),2009,14.4915447299931,TGO
10607,Gross capital formation (% of GDP),2009,20.6363983767118,THA
10608,Gross capital formation (% of GDP),2009,24.8447536175679,TJK
10609,Gross capital formation (% of GDP),2009,46.6,TKM
10610,Gross capital formation (% of GDP),2009,20.6902475619586,Latin America & the Caribbean (IDA & IBRD countries)
10611,Gross capital formation (% of GDP),2009,48.8640706261251,TLS
10612,Gross capital formation (% of GDP),2009,29.1684454302648,AFG
10613,Gross capital formation (% of GDP),2009,24.6640364368878,TON
10614,Gross capital formation (% of GDP),2009,38.6643831554497,South Asia (IDA & IBRD)
10615,Gross capital formation (% of GDP),2009,24.9397086185417,Sub-Saharan Africa (IDA & IBRD countries)
10616,Gross capital formation (% of GDP),2009,31.4254022882359,TTO
10617,Gross capital formation (% of GDP),2009,24.2886504468516,TUN
10618,Gross capital formation (% of GDP),2009,22.8163441368089,TUR
10619,Gross capital formation (% of GDP),2009,,TUV
10620,Gross capital formation (% of GDP),2009,34.3556768729289,TZA
10621,Gross capital formation (% of GDP),2009,26.6160387564841,UGA
10622,Gross capital formation (% of GDP),2009,17.0684087928518,UKR
10623,Gross capital formation (% of GDP),2009,32.5620113036396,Upper middle income
10624,Gross capital formation (% of GDP),2009,19.6247745177406,URY
10625,Gross capital formation (% of GDP),2009,17.768753245858,USA
10626,Gross capital formation (% of GDP),2009,29.9477879762474,UZB
10627,Gross capital formation (% of GDP),2009,,VCT
10628,Gross capital formation (% of GDP),2009,25.7969460220917,VEN
10629,Gross capital formation (% of GDP),2009,,VGB
10630,Gross capital formation (% of GDP),2009,,VIR
10631,Gross capital formation (% of GDP),2009,37.1625554335215,VNM
10632,Gross capital formation (% of GDP),2009,41.6412412855494,VUT
10633,Gross capital formation (% of GDP),2009,23.3103031247583,World
10634,Gross capital formation (% of GDP),2009,31.7413750566996,WSM
10635,Gross capital formation (% of GDP),2009,32.619616274023,XKX
10636,Gross capital formation (% of GDP),2009,,YEM
10637,Gross capital formation (% of GDP),2009,18.7669441984248,ZAF
10638,Gross capital formation (% of GDP),2009,,ZMB
10639,Gross capital formation (% of GDP),2009,12.7472016131117,ZWE
10640,Gross capital formation (% of GDP),2010,28.2831797071863,ABW
10641,Gross capital formation (% of GDP),2010,21.4074944355527,Africa Eastern and Southern
10642,Gross capital formation (% of GDP),2010,,AFG
10643,Gross capital formation (% of GDP),2010,,Africa Western and Central
10644,Gross capital formation (% of GDP),2010,28.1973176920118,AGO
10645,Gross capital formation (% of GDP),2010,32.4926226328977,ALB
10646,Gross capital formation (% of GDP),2010,,AND
10647,Gross capital formation (% of GDP),2010,27.0605373930706,Arab World
10648,Gross capital formation (% of GDP),2010,29.6463693617768,ARE
10649,Gross capital formation (% of GDP),2010,17.7055338062046,ARG
10650,Gross capital formation (% of GDP),2010,38.8147549853077,ARM
10651,Gross capital formation (% of GDP),2010,,ASM
10652,Gross capital formation (% of GDP),2010,,ATG
10653,Gross capital formation (% of GDP),2010,26.7843369965392,AUS
10654,Gross capital formation (% of GDP),2010,22.8592812354211,AUT
10655,Gross capital formation (% of GDP),2010,18.0595784763923,AZE
10656,Gross capital formation (% of GDP),2010,17.1603824318375,BDI
10657,Gross capital formation (% of GDP),2010,22.3942744569467,BEL
10658,Gross capital formation (% of GDP),2010,15.608089212583,BEN
10659,Gross capital formation (% of GDP),2010,21.9904340000138,BFA
10660,Gross capital formation (% of GDP),2010,26.2466561760577,BGD
10661,Gross capital formation (% of GDP),2010,22.5179685624585,BGR
10662,Gross capital formation (% of GDP),2010,28.5983560641646,BHR
10663,Gross capital formation (% of GDP),2010,27.9860060064819,BHS
10664,Gross capital formation (% of GDP),2010,19.708762239122,BIH
10665,Gross capital formation (% of GDP),2010,40.6563662623236,BLR
10666,Gross capital formation (% of GDP),2010,15.208798762674,BLZ
10667,Gross capital formation (% of GDP),2010,13.0430267361979,BMU
10668,Gross capital formation (% of GDP),2010,17.0070184588469,BOL
10669,Gross capital formation (% of GDP),2010,21.8013215585586,BRA
10670,Gross capital formation (% of GDP),2010,,BRB
10671,Gross capital formation (% of GDP),2010,23.690257538092,BRN
10672,Gross capital formation (% of GDP),2010,62.9334525245912,BTN
10673,Gross capital formation (% of GDP),2010,34.7021091252242,BWA
10674,Gross capital formation (% of GDP),2010,16.8437813047686,CAF
10675,Gross capital formation (% of GDP),2010,23.4820046985497,CAN
10676,Gross capital formation (% of GDP),2010,22.9917268771607,Central Europe and the Baltics
10677,Gross capital formation (% of GDP),2010,25.8955592380437,CHE
10678,Gross capital formation (% of GDP),2010,,Channel Islands
10679,Gross capital formation (% of GDP),2010,24.775467656778,CHL
10680,Gross capital formation (% of GDP),2010,46.1023443345586,CHN
10681,Gross capital formation (% of GDP),2010,21.6810545298756,CIV
10682,Gross capital formation (% of GDP),2010,18.2284440377378,CMR
10683,Gross capital formation (% of GDP),2010,28.78134893666,COD
10684,Gross capital formation (% of GDP),2010,47.1901706659231,COG
10685,Gross capital formation (% of GDP),2010,21.8887622688674,COL
10686,Gross capital formation (% of GDP),2010,18.1749508794904,COM
10687,Gross capital formation (% of GDP),2010,44.9568060390526,CPV
10688,Gross capital formation (% of GDP),2010,19.8339185211558,CRI
10689,Gross capital formation (% of GDP),2010,,Caribbean small states
10690,Gross capital formation (% of GDP),2010,10.0733739584629,CUB
10691,Gross capital formation (% of GDP),2010,,CUW
10692,Gross capital formation (% of GDP),2010,,CYM
10693,Gross capital formation (% of GDP),2010,23.6867268786643,CYP
10694,Gross capital formation (% of GDP),2010,26.7312876523202,CZE
10695,Gross capital formation (% of GDP),2010,19.5556676834629,DEU
10696,Gross capital formation (% of GDP),2010,,DJI
10697,Gross capital formation (% of GDP),2010,,DMA
10698,Gross capital formation (% of GDP),2010,17.8221551141916,DNK
10699,Gross capital formation (% of GDP),2010,26.0714218346178,DOM
10700,Gross capital formation (% of GDP),2010,43.2868274827225,DZA
10701,Gross capital formation (% of GDP),2010,42.2321220361627,East Asia & Pacific (
10702,Gross capital formation (% of GDP),2010,28.526270356433,Early-demographic dividend
10703,Gross capital formation (% of GDP),2010,32.8093157916111,East Asia & Pacific
10704,Gross capital formation (% of GDP),2010,25.7172625404215,Europe & Central Asia (
10705,Gross capital formation (% of GDP),2010,21.0189253147277,Europe & Central Asia
10706,Gross capital formation (% of GDP),2010,23.4900158733515,ECU
10707,Gross capital formation (% of GDP),2010,19.5010774075916,EGY
10708,Gross capital formation (% of GDP),2010,20.7702133739323,Euro area
10709,Gross capital formation (% of GDP),2010,12.3854014927083,ERI
10710,Gross capital formation (% of GDP),2010,22.3988413816153,ESP
10711,Gross capital formation (% of GDP),2010,21.5876781655604,EST
10712,Gross capital formation (% of GDP),2010,0.0,ETH
10713,Gross capital formation (% of GDP),2010,20.9341113702559,European Union
10714,Gross capital formation (% of GDP),2010,,Fragile and conflict affected situations
10715,Gross capital formation (% of GDP),2010,22.6073229974435,FIN
10716,Gross capital formation (% of GDP),2010,18.8026929847615,FJI
10717,Gross capital formation (% of GDP),2010,21.3378695020042,FRA
10718,Gross capital formation (% of GDP),2010,19.5208247548459,FRO
10719,Gross capital formation (% of GDP),2010,,FSM
10720,Gross capital formation (% of GDP),2010,29.7011138055349,GAB
10721,Gross capital formation (% of GDP),2010,16.176215517922,GBR
10722,Gross capital formation (% of GDP),2010,20.929149397264,GEO
10723,Gross capital formation (% of GDP),2010,13.1001937072805,GHA
10724,Gross capital formation (% of GDP),2010,,GIB
10725,Gross capital formation (% of GDP),2010,20.3254011637907,GIN
10726,Gross capital formation (% of GDP),2010,13.8767105275043,GMB
10727,Gross capital formation (% of GDP),2010,19.4936149100766,GNB
10728,Gross capital formation (% of GDP),2010,38.0562994925977,GNQ
10729,Gross capital formation (% of GDP),2010,18.2157587611931,GRC
10730,Gross capital formation (% of GDP),2010,,GRD
10731,Gross capital formation (% of GDP),2010,52.3533172325614,GRL
10732,Gross capital formation (% of GDP),2010,14.1641936924863,GTM
10733,Gross capital formation (% of GDP),2010,,GUM
10734,Gross capital formation (% of GDP),2010,,GUY
10735,Gross capital formation (% of GDP),2010,21.1235912597091,High income
10736,Gross capital formation (% of GDP),2010,23.8904664218175,HKG
10737,Gross capital formation (% of GDP),2010,21.8798406875029,HND
10738,Gross capital formation (% of GDP),2010,23.6342076551938,Heavily indebted poor countries (HIPC)
10739,Gross capital formation (% of GDP),2010,20.3661502022905,HRV
10740,Gross capital formation (% of GDP),2010,24.988217664925,HTI
10741,Gross capital formation (% of GDP),2010,21.1892791243323,HUN
10742,Gross capital formation (% of GDP),2010,32.3442535812962,IBRD only
10743,Gross capital formation (% of GDP),2010,31.8503912675436,IDA & IBRD total
10744,Gross capital formation (% of GDP),2010,22.4643725991628,IDA total
10745,Gross capital formation (% of GDP),2010,,IDA blend
10746,Gross capital formation (% of GDP),2010,32.8801214533558,IDN
10747,Gross capital formation (% of GDP),2010,23.0114564822497,IDA only
10748,Gross capital formation (% of GDP),2010,,IMN
10749,Gross capital formation (% of GDP),2010,39.7856241847736,IND
10750,Gross capital formation (% of GDP),2010,,Not classified
10751,Gross capital formation (% of GDP),2010,17.2716650019484,IRL
10752,Gross capital formation (% of GDP),2010,40.2624492463484,IRN
10753,Gross capital formation (% of GDP),2010,15.8678653909697,IRQ
10754,Gross capital formation (% of GDP),2010,13.9091316774553,ISL
10755,Gross capital formation (% of GDP),2010,21.5383508792439,ISR
10756,Gross capital formation (% of GDP),2010,20.7969716146664,ITA
10757,Gross capital formation (% of GDP),2010,20.2065266516363,JAM
10758,Gross capital formation (% of GDP),2010,35.0376311945169,JOR
10759,Gross capital formation (% of GDP),2010,22.5903041279796,JPN
10760,Gross capital formation (% of GDP),2010,25.3735490201768,KAZ
10761,Gross capital formation (% of GDP),2010,21.2639987992095,KEN
10762,Gross capital formation (% of GDP),2010,27.4015935976563,KGZ
10763,Gross capital formation (% of GDP),2010,22.317490039603,KHM
10764,Gross capital formation (% of GDP),2010,15.9163081562957,KIR
10765,Gross capital formation (% of GDP),2010,,KNA
10766,Gross capital formation (% of GDP),2010,32.5521135765371,KOR
10767,Gross capital formation (% of GDP),2010,17.6584741699235,KWT
10768,Gross capital formation (% of GDP),2010,21.6922826225843,Latin America & Caribbean (
10769,Gross capital formation (% of GDP),2010,27.4624877401915,LAO
10770,Gross capital formation (% of GDP),2010,24.9372585130013,LBN
10771,Gross capital formation (% of GDP),2010,,LBR
10772,Gross capital formation (% of GDP),2010,19.8007992326027,LBY
10773,Gross capital formation (% of GDP),2010,,LCA
10774,Gross capital formation (% of GDP),2010,21.6829925293087,Latin America & Caribbean
10775,Gross capital formation (% of GDP),2010,25.0779717578912,Least developed countries: UN classification
10776,Gross capital formation (% of GDP),2010,18.5739179452772,Low income
10777,Gross capital formation (% of GDP),2010,,LIE
10778,Gross capital formation (% of GDP),2010,,LKA
10779,Gross capital formation (% of GDP),2010,32.5312337177477,Lower middle income
10780,Gross capital formation (% of GDP),2010,33.2661676012092,Low & middle income
10781,Gross capital formation (% of GDP),2010,31.3011900430751,LSO
10782,Gross capital formation (% of GDP),2010,33.5991865298159,Late-demographic dividend
10783,Gross capital formation (% of GDP),2010,17.8578010235461,LTU
10784,Gross capital formation (% of GDP),2010,18.0831934936242,LUX
10785,Gross capital formation (% of GDP),2010,20.931345106334,LVA
10786,Gross capital formation (% of GDP),2010,13.2466360172923,MAC
10787,Gross capital formation (% of GDP),2010,,MAF
10788,Gross capital formation (% of GDP),2010,31.4907166374774,MAR
10789,Gross capital formation (% of GDP),2010,,MCO
10790,Gross capital formation (% of GDP),2010,23.8517865932859,MDA
10791,Gross capital formation (% of GDP),2010,27.0273897313715,MDG
10792,Gross capital formation (% of GDP),2010,,MDV
10793,Gross capital formation (% of GDP),2010,28.1773909397992,AFG
10794,Gross capital formation (% of GDP),2010,23.3314894135911,MEX
10795,Gross capital formation (% of GDP),2010,42.5252017380509,MHL
10796,Gross capital formation (% of GDP),2010,33.5171929614092,Middle income
10797,Gross capital formation (% of GDP),2010,24.4680948373642,MKD
10798,Gross capital formation (% of GDP),2010,25.8482102773172,MLI
10799,Gross capital formation (% of GDP),2010,21.8639444756364,MLT
10800,Gross capital formation (% of GDP),2010,,MMR
10801,Gross capital formation (% of GDP),2010,28.6034851571166,AFG
10802,Gross capital formation (% of GDP),2010,21.7699330259289,MNE
10803,Gross capital formation (% of GDP),2010,42.0869542882428,MNG
10804,Gross capital formation (% of GDP),2010,,MNP
10805,Gross capital formation (% of GDP),2010,23.195521262122,MOZ
10806,Gross capital formation (% of GDP),2010,32.2510831347375,MRT
10807,Gross capital formation (% of GDP),2010,27.1050828524762,MUS
10808,Gross capital formation (% of GDP),2010,,MWI
10809,Gross capital formation (% of GDP),2010,23.3865410976414,MYS
10810,Gross capital formation (% of GDP),2010,19.1365427251523,North America
10811,Gross capital formation (% of GDP),2010,23.7799989593426,NAM
10812,Gross capital formation (% of GDP),2010,42.4438821088297,NCL
10813,Gross capital formation (% of GDP),2010,32.6404605165102,NER
10814,Gross capital formation (% of GDP),2010,,NGA
10815,Gross capital formation (% of GDP),2010,24.8398681398148,NIC
10816,Gross capital formation (% of GDP),2010,20.0371060399178,NLD
10817,Gross capital formation (% of GDP),2010,24.9886867450873,NOR
10818,Gross capital formation (% of GDP),2010,38.271206448162,NPL
10819,Gross capital formation (% of GDP),2010,,NRU
10820,Gross capital formation (% of GDP),2010,20.3756573267404,NZL
10821,Gross capital formation (% of GDP),2010,20.9238428745653,OECD members
10822,Gross capital formation (% of GDP),2010,29.3865546218487,OMN
10823,Gross capital formation (% of GDP),2010,23.7159114855839,Other small states
10824,Gross capital formation (% of GDP),2010,15.9615524270935,PAK
10825,Gross capital formation (% of GDP),2010,37.3412025820706,PAN
10826,Gross capital formation (% of GDP),2010,23.7605090406542,PER
10827,Gross capital formation (% of GDP),2010,20.4417711390659,PHL
10828,Gross capital formation (% of GDP),2010,29.319253479354,PLW
10829,Gross capital formation (% of GDP),2010,,PNG
10830,Gross capital formation (% of GDP),2010,20.8586688863455,POL
10831,Gross capital formation (% of GDP),2010,,Pre-demographic dividend
10832,Gross capital formation (% of GDP),2010,9.16037905577584,PRI
10833,Gross capital formation (% of GDP),2010,,PRK
10834,Gross capital formation (% of GDP),2010,21.1994526798182,PRT
10835,Gross capital formation (% of GDP),2010,23.8349584406541,PRY
10836,Gross capital formation (% of GDP),2010,19.847131126375,PSE
10837,Gross capital formation (% of GDP),2010,21.7878213609576,Pacific island small states
10838,Gross capital formation (% of GDP),2010,20.7909957665303,Post-demographic dividend
10839,Gross capital formation (% of GDP),2010,21.1616841006284,PYF
10840,Gross capital formation (% of GDP),2010,31.2768696503041,QAT
10841,Gross capital formation (% of GDP),2010,27.1890794202952,ROU
10842,Gross capital formation (% of GDP),2010,22.6150505519736,RUS
10843,Gross capital formation (% of GDP),2010,20.5325011611394,RWA
10844,Gross capital formation (% of GDP),2010,39.1895693486129,South Asia
10845,Gross capital formation (% of GDP),2010,30.9262320159049,SAU
10846,Gross capital formation (% of GDP),2010,20.3985392323003,SDN
10847,Gross capital formation (% of GDP),2010,20.0869466642817,SEN
10848,Gross capital formation (% of GDP),2010,27.6582275190447,SGP
10849,Gross capital formation (% of GDP),2010,17.9442220074555,SLB
10850,Gross capital formation (% of GDP),2010,34.433555789299,SLE
10851,Gross capital formation (% of GDP),2010,16.6715814032151,SLV
10852,Gross capital formation (% of GDP),2010,,SMR
10853,Gross capital formation (% of GDP),2010,,SOM
10854,Gross capital formation (% of GDP),2010,17.3241841893613,SRB
10855,Gross capital formation (% of GDP),2010,23.3661604676995,Sub-Saharan Africa (
10856,Gross capital formation (% of GDP),2010,10.2896550768433,SSD
10857,Gross capital formation (% of GDP),2010,23.4131142136311,Sub-Saharan Africa
10858,Gross capital formation (% of GDP),2010,23.4920194262196,Small states
10859,Gross capital formation (% of GDP),2010,,STP
10860,Gross capital formation (% of GDP),2010,36.2044525973484,SUR
10861,Gross capital formation (% of GDP),2010,25.3783368279954,SVK
10862,Gross capital formation (% of GDP),2010,22.5601344858632,SVN
10863,Gross capital formation (% of GDP),2010,22.4215415830525,SWE
10864,Gross capital formation (% of GDP),2010,,SWZ
10865,Gross capital formation (% of GDP),2010,,SXM
10866,Gross capital formation (% of GDP),2010,37.0314238165867,SYC
10867,Gross capital formation (% of GDP),2010,,SYR
10868,Gross capital formation (% of GDP),2010,,TCA
10869,Gross capital formation (% of GDP),2010,21.8544482247032,TCD
10870,Gross capital formation (% of GDP),2010,42.2320221703083,East Asia & Pacific (IDA & IBRD countries)
10871,Gross capital formation (% of GDP),2010,23.7470473268617,Europe & Central Asia (IDA & IBRD countries)
10872,Gross capital formation (% of GDP),2010,15.8404159789553,TGO
10873,Gross capital formation (% of GDP),2010,25.3566546340746,THA
10874,Gross capital formation (% of GDP),2010,23.8461818667509,TJK
10875,Gross capital formation (% of GDP),2010,51.8808271961717,TKM
10876,Gross capital formation (% of GDP),2010,22.0393170114632,Latin America & the Caribbean (IDA & IBRD countries)
10877,Gross capital formation (% of GDP),2010,42.7178169002187,TLS
10878,Gross capital formation (% of GDP),2010,28.6609321406078,AFG
10879,Gross capital formation (% of GDP),2010,29.15474136719,TON
10880,Gross capital formation (% of GDP),2010,39.1895693486129,South Asia (IDA & IBRD)
10881,Gross capital formation (% of GDP),2010,23.4131142136311,Sub-Saharan Africa (IDA & IBRD countries)
10882,Gross capital formation (% of GDP),2010,23.1421157657785,TTO
10883,Gross capital formation (% of GDP),2010,25.8362686991415,TUN
10884,Gross capital formation (% of GDP),2010,26.7525140795599,TUR
10885,Gross capital formation (% of GDP),2010,,TUV
10886,Gross capital formation (% of GDP),2010,32.0172443063631,TZA
10887,Gross capital formation (% of GDP),2010,27.1039553534011,UGA
10888,Gross capital formation (% of GDP),2010,18.3723680042121,UKR
10889,Gross capital formation (% of GDP),2010,33.795747360919,Upper middle income
10890,Gross capital formation (% of GDP),2010,19.4076054759968,URY
10891,Gross capital formation (% of GDP),2010,18.6722135353972,USA
10892,Gross capital formation (% of GDP),2010,27.1781979327199,UZB
10893,Gross capital formation (% of GDP),2010,,VCT
10894,Gross capital formation (% of GDP),2010,21.9716579748512,VEN
10895,Gross capital formation (% of GDP),2010,,VGB
10896,Gross capital formation (% of GDP),2010,,VIR
10897,Gross capital formation (% of GDP),2010,37.0990761715168,VNM
10898,Gross capital formation (% of GDP),2010,37.0068927318604,VUT
10899,Gross capital formation (% of GDP),2010,24.5235745602437,World
10900,Gross capital formation (% of GDP),2010,14.6447083760345,WSM
10901,Gross capital formation (% of GDP),2010,33.1284870466064,XKX
10902,Gross capital formation (% of GDP),2010,,YEM
10903,Gross capital formation (% of GDP),2010,17.5956446037105,ZAF
10904,Gross capital formation (% of GDP),2010,29.8740056918705,ZMB
10905,Gross capital formation (% of GDP),2010,18.7628395343529,ZWE
10906,Gross capital formation (% of GDP),2011,27.4166371579459,ABW
10907,Gross capital formation (% of GDP),2011,22.3620183702233,Africa Eastern and Southern
10908,Gross capital formation (% of GDP),2011,,AFG
10909,Gross capital formation (% of GDP),2011,,Africa Western and Central
10910,Gross capital formation (% of GDP),2011,26.4243531675539,AGO
10911,Gross capital formation (% of GDP),2011,33.8376091539876,ALB
10912,Gross capital formation (% of GDP),2011,,AND
10913,Gross capital formation (% of GDP),2011,24.5450709711241,Arab World
10914,Gross capital formation (% of GDP),2011,25.3264458298247,ARE
10915,Gross capital formation (% of GDP),2011,18.39845891735,ARG
10916,Gross capital formation (% of GDP),2011,31.9217989798477,ARM
10917,Gross capital formation (% of GDP),2011,,ASM
10918,Gross capital formation (% of GDP),2011,,ATG
10919,Gross capital formation (% of GDP),2011,26.4641090007536,AUS
10920,Gross capital formation (% of GDP),2011,24.3521600435893,AUT
10921,Gross capital formation (% of GDP),2011,20.2678468568795,AZE
10922,Gross capital formation (% of GDP),2011,16.3457475597031,BDI
10923,Gross capital formation (% of GDP),2011,24.4795580355563,BEL
10924,Gross capital formation (% of GDP),2011,16.4625572802737,BEN
10925,Gross capital formation (% of GDP),2011,22.1235118043343,BFA
10926,Gross capital formation (% of GDP),2011,27.4209733686034,BGD
10927,Gross capital formation (% of GDP),2011,21.3581829600151,BGR
10928,Gross capital formation (% of GDP),2011,22.4979327291611,BHR
10929,Gross capital formation (% of GDP),2011,30.1833582411908,BHS
10930,Gross capital formation (% of GDP),2011,22.199889582133,BIH
10931,Gross capital formation (% of GDP),2011,37.2175950788459,BLR
10932,Gross capital formation (% of GDP),2011,11.521304835664,BLZ
10933,Gross capital formation (% of GDP),2011,12.5825420569453,BMU
10934,Gross capital formation (% of GDP),2011,19.8155524290026,BOL
10935,Gross capital formation (% of GDP),2011,21.8262711166856,BRA
10936,Gross capital formation (% of GDP),2011,,BRB
10937,Gross capital formation (% of GDP),2011,26.0242928828767,BRN
10938,Gross capital formation (% of GDP),2011,68.2199911028334,BTN
10939,Gross capital formation (% of GDP),2011,39.1181150467037,BWA
10940,Gross capital formation (% of GDP),2011,13.7084644737209,CAF
10941,Gross capital formation (% of GDP),2011,24.1514534714945,CAN
10942,Gross capital formation (% of GDP),2011,23.8331422053569,Central Europe and the Baltics
10943,Gross capital formation (% of GDP),2011,28.4924187348254,CHE
10944,Gross capital formation (% of GDP),2011,,Channel Islands
10945,Gross capital formation (% of GDP),2011,26.6462967159419,CHL
10946,Gross capital formation (% of GDP),2011,46.2703012824496,CHN
10947,Gross capital formation (% of GDP),2011,16.5937189121478,CIV
10948,Gross capital formation (% of GDP),2011,18.732400822037,CMR
10949,Gross capital formation (% of GDP),2011,24.8921059217556,COD
10950,Gross capital formation (% of GDP),2011,36.8419012310002,COG
10951,Gross capital formation (% of GDP),2011,22.9955914400596,COL
10952,Gross capital formation (% of GDP),2011,16.0214526508746,COM
10953,Gross capital formation (% of GDP),2011,44.9117743846551,CPV
10954,Gross capital formation (% of GDP),2011,20.0481795974659,CRI
10955,Gross capital formation (% of GDP),2011,,Caribbean small states
10956,Gross capital formation (% of GDP),2011,8.47079286853167,CUB
10957,Gross capital formation (% of GDP),2011,37.7759954207402,CUW
10958,Gross capital formation (% of GDP),2011,,CYM
10959,Gross capital formation (% of GDP),2011,18.548122111534,CYP
10960,Gross capital formation (% of GDP),2011,26.6053370220652,CZE
10961,Gross capital formation (% of GDP),2011,21.2927749735244,DEU
10962,Gross capital formation (% of GDP),2011,,DJI
10963,Gross capital formation (% of GDP),2011,,DMA
10964,Gross capital formation (% of GDP),2011,18.9874945831856,DNK
10965,Gross capital formation (% of GDP),2011,24.6033236905519,DOM
10966,Gross capital formation (% of GDP),2011,39.7538222142123,DZA
10967,Gross capital formation (% of GDP),2011,42.5975815665223,East Asia & Pacific (
10968,Gross capital formation (% of GDP),2011,28.5485685012862,Early-demographic dividend
10969,Gross capital formation (% of GDP),2011,33.7223624063923,East Asia & Pacific
10970,Gross capital formation (% of GDP),2011,27.826283085038,Europe & Central Asia (
10971,Gross capital formation (% of GDP),2011,21.8455365632073,Europe & Central Asia
10972,Gross capital formation (% of GDP),2011,23.5320911453288,ECU
10973,Gross capital formation (% of GDP),2011,17.1030559404857,EGY
10974,Gross capital formation (% of GDP),2011,21.3292164530837,Euro area
10975,Gross capital formation (% of GDP),2011,12.626317662696,ERI
10976,Gross capital formation (% of GDP),2011,20.7135839205008,ESP
10977,Gross capital formation (% of GDP),2011,25.4681664047184,EST
10978,Gross capital formation (% of GDP),2011,32.1076664694521,ETH
10979,Gross capital formation (% of GDP),2011,21.5337667077073,European Union
10980,Gross capital formation (% of GDP),2011,,Fragile and conflict affected situations
10981,Gross capital formation (% of GDP),2011,24.3388732893172,FIN
10982,Gross capital formation (% of GDP),2011,20.9985485237523,FJI
10983,Gross capital formation (% of GDP),2011,22.4996452716579,FRA
10984,Gross capital formation (% of GDP),2011,16.2578237664095,FRO
10985,Gross capital formation (% of GDP),2011,,FSM
10986,Gross capital formation (% of GDP),2011,26.6423895609865,GAB
10987,Gross capital formation (% of GDP),2011,15.9295436638017,GBR
10988,Gross capital formation (% of GDP),2011,23.1207490708456,GEO
10989,Gross capital formation (% of GDP),2011,12.8099929663177,GHA
10990,Gross capital formation (% of GDP),2011,,GIB
10991,Gross capital formation (% of GDP),2011,24.0533327443322,GIN
10992,Gross capital formation (% of GDP),2011,12.8961682852301,GMB
10993,Gross capital formation (% of GDP),2011,15.8456824536409,GNB
10994,Gross capital formation (% of GDP),2011,32.0492712659016,GNQ
10995,Gross capital formation (% of GDP),2011,14.0714513074627,GRC
10996,Gross capital formation (% of GDP),2011,,GRD
10997,Gross capital formation (% of GDP),2011,64.008714899286,GRL
10998,Gross capital formation (% of GDP),2011,15.4821754242397,GTM
10999,Gross capital formation (% of GDP),2011,,GUM
11000,Gross capital formation (% of GDP),2011,,GUY
11001,Gross capital formation (% of GDP),2011,21.670609068119,High income
11002,Gross capital formation (% of GDP),2011,24.1431842971831,HKG
11003,Gross capital formation (% of GDP),2011,25.9999916424846,HND
11004,Gross capital formation (% of GDP),2011,24.1937925660068,Heavily indebted poor countries (HIPC)
11005,Gross capital formation (% of GDP),2011,18.9967683362615,HRV
11006,Gross capital formation (% of GDP),2011,20.9967494829716,HTI
11007,Gross capital formation (% of GDP),2011,21.0337908782192,HUN
11008,Gross capital formation (% of GDP),2011,32.9081641974976,IBRD only
11009,Gross capital formation (% of GDP),2011,32.4473281970298,IDA & IBRD total
11010,Gross capital formation (% of GDP),2011,22.3922445024673,IDA total
11011,Gross capital formation (% of GDP),2011,,IDA blend
11012,Gross capital formation (% of GDP),2011,32.9843332593045,IDN
11013,Gross capital formation (% of GDP),2011,23.8237018832955,IDA only
11014,Gross capital formation (% of GDP),2011,,IMN
11015,Gross capital formation (% of GDP),2011,39.590421855219,IND
11016,Gross capital formation (% of GDP),2011,,Not classified
11017,Gross capital formation (% of GDP),2011,17.0788245574895,IRL
11018,Gross capital formation (% of GDP),2011,36.0168035751403,IRN
11019,Gross capital formation (% of GDP),2011,16.7595018107714,IRQ
11020,Gross capital formation (% of GDP),2011,15.5831625461647,ISL
11021,Gross capital formation (% of GDP),2011,23.4471273552999,ISR
11022,Gross capital formation (% of GDP),2011,20.6773631014391,ITA
11023,Gross capital formation (% of GDP),2011,21.4363320120383,JAM
11024,Gross capital formation (% of GDP),2011,31.7477038455304,JOR
11025,Gross capital formation (% of GDP),2011,23.5405686895679,JPN
11026,Gross capital formation (% of GDP),2011,22.9981460184012,KAZ
11027,Gross capital formation (% of GDP),2011,21.8858122759467,KEN
11028,Gross capital formation (% of GDP),2011,25.4729638297404,KGZ
11029,Gross capital formation (% of GDP),2011,22.3677149230901,KHM
11030,Gross capital formation (% of GDP),2011,19.4615071231639,KIR
11031,Gross capital formation (% of GDP),2011,,KNA
11032,Gross capital formation (% of GDP),2011,33.3194258170924,KOR
11033,Gross capital formation (% of GDP),2011,13.5481349711082,KWT
11034,Gross capital formation (% of GDP),2011,22.0468712565449,Latin America & Caribbean (
11035,Gross capital formation (% of GDP),2011,28.0678025249814,LAO
11036,Gross capital formation (% of GDP),2011,26.8463657489038,LBN
11037,Gross capital formation (% of GDP),2011,,LBR
11038,Gross capital formation (% of GDP),2011,8.44242069649716,LBY
11039,Gross capital formation (% of GDP),2011,,LCA
11040,Gross capital formation (% of GDP),2011,22.1815518068292,Latin America & Caribbean
11041,Gross capital formation (% of GDP),2011,25.5937005000509,Least developed countries: UN classification
11042,Gross capital formation (% of GDP),2011,19.2679441488191,Low income
11043,Gross capital formation (% of GDP),2011,,LIE
11044,Gross capital formation (% of GDP),2011,,LKA
11045,Gross capital formation (% of GDP),2011,31.6973846473091,Lower middle income
11046,Gross capital formation (% of GDP),2011,33.7276611679984,Low & middle income
11047,Gross capital formation (% of GDP),2011,25.3316425094885,LSO
11048,Gross capital formation (% of GDP),2011,34.0303684705286,Late-demographic dividend
11049,Gross capital formation (% of GDP),2011,22.3672029077554,LTU
11050,Gross capital formation (% of GDP),2011,19.2687977063888,LUX
11051,Gross capital formation (% of GDP),2011,26.7745639280943,LVA
11052,Gross capital formation (% of GDP),2011,13.7731097556848,MAC
11053,Gross capital formation (% of GDP),2011,,MAF
11054,Gross capital formation (% of GDP),2011,32.9462436922694,MAR
11055,Gross capital formation (% of GDP),2011,,MCO
11056,Gross capital formation (% of GDP),2011,24.0486714251096,MDA
11057,Gross capital formation (% of GDP),2011,23.3511667280009,MDG
11058,Gross capital formation (% of GDP),2011,,MDV
11059,Gross capital formation (% of GDP),2011,25.8474647566385,AFG
11060,Gross capital formation (% of GDP),2011,24.2517581287025,MEX
11061,Gross capital formation (% of GDP),2011,23.0809053975624,MHL
11062,Gross capital formation (% of GDP),2011,33.9503410951316,Middle income
11063,Gross capital formation (% of GDP),2011,26.9131339592319,MKD
11064,Gross capital formation (% of GDP),2011,24.4113420512671,MLI
11065,Gross capital formation (% of GDP),2011,17.5050827801586,MLT
11066,Gross capital formation (% of GDP),2011,,MMR
11067,Gross capital formation (% of GDP),2011,26.802269286968,AFG
11068,Gross capital formation (% of GDP),2011,19.3288615683563,MNE
11069,Gross capital formation (% of GDP),2011,58.1507247959228,MNG
11070,Gross capital formation (% of GDP),2011,,MNP
11071,Gross capital formation (% of GDP),2011,29.4060839527514,MOZ
11072,Gross capital formation (% of GDP),2011,38.6535658062962,MRT
11073,Gross capital formation (% of GDP),2011,23.9463839079139,MUS
11074,Gross capital formation (% of GDP),2011,,MWI
11075,Gross capital formation (% of GDP),2011,23.1882579658738,MYS
11076,Gross capital formation (% of GDP),2011,19.5586879598176,North America
11077,Gross capital formation (% of GDP),2011,22.0540088688971,NAM
11078,Gross capital formation (% of GDP),2011,41.6650421162352,NCL
11079,Gross capital formation (% of GDP),2011,31.613128828242,NER
11080,Gross capital formation (% of GDP),2011,,NGA
11081,Gross capital formation (% of GDP),2011,30.9826454263625,NIC
11082,Gross capital formation (% of GDP),2011,19.9116480923396,NLD
11083,Gross capital formation (% of GDP),2011,25.4459810194492,NOR
11084,Gross capital formation (% of GDP),2011,27.8102444789254,NPL
11085,Gross capital formation (% of GDP),2011,,NRU
11086,Gross capital formation (% of GDP),2011,20.6489426548507,NZL
11087,Gross capital formation (% of GDP),2011,21.6204249373674,OECD members
11088,Gross capital formation (% of GDP),2011,27.6617736879904,OMN
11089,Gross capital formation (% of GDP),2011,23.5876452400403,Other small states
11090,Gross capital formation (% of GDP),2011,14.631627519594,PAK
11091,Gross capital formation (% of GDP),2011,37.6185178425835,PAN
11092,Gross capital formation (% of GDP),2011,24.200875596397,PER
11093,Gross capital formation (% of GDP),2011,20.7399365678349,PHL
11094,Gross capital formation (% of GDP),2011,33.2392536174933,PLW
11095,Gross capital formation (% of GDP),2011,,PNG
11096,Gross capital formation (% of GDP),2011,22.3450463094694,POL
11097,Gross capital formation (% of GDP),2011,,Pre-demographic dividend
11098,Gross capital formation (% of GDP),2011,10.0696849181429,PRI
11099,Gross capital formation (% of GDP),2011,,PRK
11100,Gross capital formation (% of GDP),2011,18.6613799007397,PRT
11101,Gross capital formation (% of GDP),2011,24.6615700086435,PRY
11102,Gross capital formation (% of GDP),2011,16.6617498502606,PSE
11103,Gross capital formation (% of GDP),2011,23.9726892646148,Pacific island small states
11104,Gross capital formation (% of GDP),2011,21.3640103222852,Post-demographic dividend
11105,Gross capital formation (% of GDP),2011,18.1944154581742,PYF
11106,Gross capital formation (% of GDP),2011,29.0318365495885,QAT
11107,Gross capital formation (% of GDP),2011,27.809701397226,ROU
11108,Gross capital formation (% of GDP),2011,24.2607379312639,RUS
11109,Gross capital formation (% of GDP),2011,20.9013969880418,RWA
11110,Gross capital formation (% of GDP),2011,38.8851663554267,South Asia
11111,Gross capital formation (% of GDP),2011,26.765793867763,SAU
11112,Gross capital formation (% of GDP),2011,23.2624340175259,SDN
11113,Gross capital formation (% of GDP),2011,21.0003400122128,SEN
11114,Gross capital formation (% of GDP),2011,26.6919943455279,SGP
11115,Gross capital formation (% of GDP),2011,15.0193738852328,SLB
11116,Gross capital formation (% of GDP),2011,46.5454157294241,SLE
11117,Gross capital formation (% of GDP),2011,17.7899287016523,SLV
11118,Gross capital formation (% of GDP),2011,,SMR
11119,Gross capital formation (% of GDP),2011,,SOM
11120,Gross capital formation (% of GDP),2011,18.149940401775,SRB
11121,Gross capital formation (% of GDP),2011,23.8452609283251,Sub-Saharan Africa (
11122,Gross capital formation (% of GDP),2011,9.48877706805626,SSD
11123,Gross capital formation (% of GDP),2011,23.9147437936105,Sub-Saharan Africa
11124,Gross capital formation (% of GDP),2011,23.5745120405585,Small states
11125,Gross capital formation (% of GDP),2011,,STP
11126,Gross capital formation (% of GDP),2011,,SUR
11127,Gross capital formation (% of GDP),2011,26.5333923090075,SVK
11128,Gross capital formation (% of GDP),2011,21.8690049997807,SVN
11129,Gross capital formation (% of GDP),2011,23.2369592707907,SWE
11130,Gross capital formation (% of GDP),2011,,SWZ
11131,Gross capital formation (% of GDP),2011,,SXM
11132,Gross capital formation (% of GDP),2011,34.816249355555,SYC
11133,Gross capital formation (% of GDP),2011,,SYR
11134,Gross capital formation (% of GDP),2011,,TCA
11135,Gross capital formation (% of GDP),2011,24.9696238126319,TCD
11136,Gross capital formation (% of GDP),2011,42.5975635686004,East Asia & Pacific (IDA & IBRD countries)
11137,Gross capital formation (% of GDP),2011,25.342222155765,Europe & Central Asia (IDA & IBRD countries)
11138,Gross capital formation (% of GDP),2011,19.9043687048786,TGO
11139,Gross capital formation (% of GDP),2011,26.7914582468449,THA
11140,Gross capital formation (% of GDP),2011,29.2094402931719,TJK
11141,Gross capital formation (% of GDP),2011,51.9318442057253,TKM
11142,Gross capital formation (% of GDP),2011,22.5254753127033,Latin America & the Caribbean (IDA & IBRD countries)
11143,Gross capital formation (% of GDP),2011,70.3349318094574,TLS
11144,Gross capital formation (% of GDP),2011,26.8672946698482,AFG
11145,Gross capital formation (% of GDP),2011,35.2538323322593,TON
11146,Gross capital formation (% of GDP),2011,38.8851663554267,South Asia (IDA & IBRD)
11147,Gross capital formation (% of GDP),2011,23.9147437936105,Sub-Saharan Africa (IDA & IBRD countries)
11148,Gross capital formation (% of GDP),2011,21.8928313859828,TTO
11149,Gross capital formation (% of GDP),2011,25.0372425723868,TUN
11150,Gross capital formation (% of GDP),2011,31.0033305545783,TUR
11151,Gross capital formation (% of GDP),2011,,TUV
11152,Gross capital formation (% of GDP),2011,34.7360333035223,TZA
11153,Gross capital formation (% of GDP),2011,26.7549805283512,UGA
11154,Gross capital formation (% of GDP),2011,20.4440036822421,UKR
11155,Gross capital formation (% of GDP),2011,34.4111547139346,Upper middle income
11156,Gross capital formation (% of GDP),2011,20.8823110125109,URY
11157,Gross capital formation (% of GDP),2011,19.0335321145261,USA
11158,Gross capital formation (% of GDP),2011,26.7079576787461,UZB
11159,Gross capital formation (% of GDP),2011,,VCT
11160,Gross capital formation (% of GDP),2011,23.0723970782658,VEN
11161,Gross capital formation (% of GDP),2011,,VGB
11162,Gross capital formation (% of GDP),2011,,VIR
11163,Gross capital formation (% of GDP),2011,32.3711434429224,VNM
11164,Gross capital formation (% of GDP),2011,28.7250562368478,VUT
11165,Gross capital formation (% of GDP),2011,25.2355199181733,World
11166,Gross capital formation (% of GDP),2011,37.1493303117706,WSM
11167,Gross capital formation (% of GDP),2011,36.0573444918945,XKX
11168,Gross capital formation (% of GDP),2011,,YEM
11169,Gross capital formation (% of GDP),2011,18.8532376550132,ZAF
11170,Gross capital formation (% of GDP),2011,32.889211245159,ZMB
11171,Gross capital formation (% of GDP),2011,17.3984690623007,ZWE
11172,Gross capital formation (% of GDP),2012,23.5225068320821,ABW
11173,Gross capital formation (% of GDP),2012,22.6309818808152,Africa Eastern and Southern
11174,Gross capital formation (% of GDP),2012,,AFG
11175,Gross capital formation (% of GDP),2012,,Africa Western and Central
11176,Gross capital formation (% of GDP),2012,26.6675773725046,AGO
11177,Gross capital formation (% of GDP),2012,29.7150278852687,ALB
11178,Gross capital formation (% of GDP),2012,,AND
11179,Gross capital formation (% of GDP),2012,23.9026661631299,Arab World
11180,Gross capital formation (% of GDP),2012,23.9197807636146,ARE
11181,Gross capital formation (% of GDP),2012,16.5019865298875,ARG
11182,Gross capital formation (% of GDP),2012,24.6809527475996,ARM
11183,Gross capital formation (% of GDP),2012,,ASM
11184,Gross capital formation (% of GDP),2012,,ATG
11185,Gross capital formation (% of GDP),2012,27.7160970136026,AUS
11186,Gross capital formation (% of GDP),2012,24.2558827220405,AUT
11187,Gross capital formation (% of GDP),2012,22.3167232028526,AZE
11188,Gross capital formation (% of GDP),2012,16.3381446870308,BDI
11189,Gross capital formation (% of GDP),2012,23.5882360674433,BEL
11190,Gross capital formation (% of GDP),2012,15.276312739626,BEN
11191,Gross capital formation (% of GDP),2012,24.6529928973207,BFA
11192,Gross capital formation (% of GDP),2012,28.2623350097187,BGD
11193,Gross capital formation (% of GDP),2012,21.8870849869755,BGR
11194,Gross capital formation (% of GDP),2012,28.317881858975,BHR
11195,Gross capital formation (% of GDP),2012,31.3421141002201,BHS
11196,Gross capital formation (% of GDP),2012,22.4364115870283,BIH
11197,Gross capital formation (% of GDP),2012,35.0942730563184,BLR
11198,Gross capital formation (% of GDP),2012,12.4908348172201,BLZ
11199,Gross capital formation (% of GDP),2012,11.0144291764369,BMU
11200,Gross capital formation (% of GDP),2012,17.6729919914841,BOL
11201,Gross capital formation (% of GDP),2012,21.4172253691912,BRA
11202,Gross capital formation (% of GDP),2012,,BRB
11203,Gross capital formation (% of GDP),2012,32.882146522172,BRN
11204,Gross capital formation (% of GDP),2012,69.4487268866834,BTN
11205,Gross capital formation (% of GDP),2012,35.9998617809678,BWA
11206,Gross capital formation (% of GDP),2012,10.8339751287687,CAF
11207,Gross capital formation (% of GDP),2012,24.867543598009,CAN
11208,Gross capital formation (% of GDP),2012,22.4711318935682,Central Europe and the Baltics
11209,Gross capital formation (% of GDP),2012,26.66022900376,CHE
11210,Gross capital formation (% of GDP),2012,,Channel Islands
11211,Gross capital formation (% of GDP),2012,28.7913494665394,CHL
11212,Gross capital formation (% of GDP),2012,45.8169211701107,CHN
11213,Gross capital formation (% of GDP),2012,20.4508171031026,CIV
11214,Gross capital formation (% of GDP),2012,18.0007381699582,CMR
11215,Gross capital formation (% of GDP),2012,14.3282312775532,COD
11216,Gross capital formation (% of GDP),2012,43.8168282700271,COG
11217,Gross capital formation (% of GDP),2012,22.1046440622529,COL
11218,Gross capital formation (% of GDP),2012,16.1515733625598,COM
11219,Gross capital formation (% of GDP),2012,35.2038713812683,CPV
11220,Gross capital formation (% of GDP),2012,19.8541955079847,CRI
11221,Gross capital formation (% of GDP),2012,,Caribbean small states
11222,Gross capital formation (% of GDP),2012,8.57521773013768,CUB
11223,Gross capital formation (% of GDP),2012,32.2011392260924,CUW
11224,Gross capital formation (% of GDP),2012,,CYM
11225,Gross capital formation (% of GDP),2012,15.8177899862593,CYP
11226,Gross capital formation (% of GDP),2012,25.6688421143623,CZE
11227,Gross capital formation (% of GDP),2012,19.5041030145909,DEU
11228,Gross capital formation (% of GDP),2012,,DJI
11229,Gross capital formation (% of GDP),2012,,DMA
11230,Gross capital formation (% of GDP),2012,19.2269717517509,DNK
11231,Gross capital formation (% of GDP),2012,23.7525597160893,DOM
11232,Gross capital formation (% of GDP),2012,40.2823786992933,DZA
11233,Gross capital formation (% of GDP),2012,42.6566372215703,East Asia & Pacific (
11234,Gross capital formation (% of GDP),2012,28.2607746005398,Early-demographic dividend
11235,Gross capital formation (% of GDP),2012,34.2688088313432,East Asia & Pacific
11236,Gross capital formation (% of GDP),2012,26.5751522214185,Europe & Central Asia (
11237,Gross capital formation (% of GDP),2012,20.8519831486616,Europe & Central Asia
11238,Gross capital formation (% of GDP),2012,23.0133036457677,ECU
11239,Gross capital formation (% of GDP),2012,16.0267510598913,EGY
11240,Gross capital formation (% of GDP),2012,19.8195800426013,Euro area
11241,Gross capital formation (% of GDP),2012,,ERI
11242,Gross capital formation (% of GDP),2012,18.5944685336556,ESP
11243,Gross capital formation (% of GDP),2012,29.0805066900785,EST
11244,Gross capital formation (% of GDP),2012,37.0979619673542,ETH
11245,Gross capital formation (% of GDP),2012,20.0998818333831,European Union
11246,Gross capital formation (% of GDP),2012,,Fragile and conflict affected situations
11247,Gross capital formation (% of GDP),2012,23.628342432802,FIN
11248,Gross capital formation (% of GDP),2012,17.2721722283546,FJI
11249,Gross capital formation (% of GDP),2012,21.8295648772748,FRA
11250,Gross capital formation (% of GDP),2012,26.2576905295352,FRO
11251,Gross capital formation (% of GDP),2012,,FSM
11252,Gross capital formation (% of GDP),2012,26.9661499641622,GAB
11253,Gross capital formation (% of GDP),2012,16.0601967071538,GBR
11254,Gross capital formation (% of GDP),2012,26.0276223249812,GEO
11255,Gross capital formation (% of GDP),2012,16.967722122965,GHA
11256,Gross capital formation (% of GDP),2012,,GIB
11257,Gross capital formation (% of GDP),2012,26.0215285191708,GIN
11258,Gross capital formation (% of GDP),2012,20.8771686494917,GMB
11259,Gross capital formation (% of GDP),2012,19.3541909065405,GNB
11260,Gross capital formation (% of GDP),2012,41.1481428957988,GNQ
11261,Gross capital formation (% of GDP),2012,12.2606554594296,GRC
11262,Gross capital formation (% of GDP),2012,,GRD
11263,Gross capital formation (% of GDP),2012,37.6720801772897,GRL
11264,Gross capital formation (% of GDP),2012,15.1941445941618,GTM
11265,Gross capital formation (% of GDP),2012,,GUM
11266,Gross capital formation (% of GDP),2012,,GUY
11267,Gross capital formation (% of GDP),2012,21.6434820573614,High income
11268,Gross capital formation (% of GDP),2012,25.2201335356512,HKG
11269,Gross capital formation (% of GDP),2012,24.5642087901292,HND
11270,Gross capital formation (% of GDP),2012,25.1339648790602,Heavily indebted poor countries (HIPC)
11271,Gross capital formation (% of GDP),2012,18.021616615575,HRV
11272,Gross capital formation (% of GDP),2012,17.5092344164627,HTI
11273,Gross capital formation (% of GDP),2012,20.2865308170944,HUN
11274,Gross capital formation (% of GDP),2012,33.0062486964445,IBRD only
11275,Gross capital formation (% of GDP),2012,32.5897852336548,IDA & IBRD total
11276,Gross capital formation (% of GDP),2012,23.2728836400805,IDA total
11277,Gross capital formation (% of GDP),2012,,IDA blend
11278,Gross capital formation (% of GDP),2012,35.0715936108893,IDN
11279,Gross capital formation (% of GDP),2012,25.3269410013156,IDA only
11280,Gross capital formation (% of GDP),2012,,IMN
11281,Gross capital formation (% of GDP),2012,38.3474156730403,IND
11282,Gross capital formation (% of GDP),2012,,Not classified
11283,Gross capital formation (% of GDP),2012,19.8576621385611,IRL
11284,Gross capital formation (% of GDP),2012,36.3509581769324,IRN
11285,Gross capital formation (% of GDP),2012,13.4461715093466,IRQ
11286,Gross capital formation (% of GDP),2012,16.0158559712784,ISL
11287,Gross capital formation (% of GDP),2012,23.914364095377,ISR
11288,Gross capital formation (% of GDP),2012,17.9698064515339,ITA
11289,Gross capital formation (% of GDP),2012,19.933172313766,JAM
11290,Gross capital formation (% of GDP),2012,31.0322030208821,JOR
11291,Gross capital formation (% of GDP),2012,24.0049297197241,JPN
11292,Gross capital formation (% of GDP),2012,25.2296602336096,KAZ
11293,Gross capital formation (% of GDP),2012,22.1933629258823,KEN
11294,Gross capital formation (% of GDP),2012,34.961073696667,KGZ
11295,Gross capital formation (% of GDP),2012,24.6712332656387,KHM
11296,Gross capital formation (% of GDP),2012,27.7265217537013,KIR
11297,Gross capital formation (% of GDP),2012,,KNA
11298,Gross capital formation (% of GDP),2012,31.3166467538553,KOR
11299,Gross capital formation (% of GDP),2012,12.8349439684707,KWT
11300,Gross capital formation (% of GDP),2012,21.5754687282586,Latin America & Caribbean (
11301,Gross capital formation (% of GDP),2012,32.504255276611,LAO
11302,Gross capital formation (% of GDP),2012,24.7872978801239,LBN
11303,Gross capital formation (% of GDP),2012,,LBR
11304,Gross capital formation (% of GDP),2012,15.2187654168722,LBY
11305,Gross capital formation (% of GDP),2012,,LCA
11306,Gross capital formation (% of GDP),2012,22.1651785107972,Latin America & Caribbean
11307,Gross capital formation (% of GDP),2012,26.3237710180773,Least developed countries: UN classification
11308,Gross capital formation (% of GDP),2012,19.2395350692616,Low income
11309,Gross capital formation (% of GDP),2012,,LIE
11310,Gross capital formation (% of GDP),2012,,LKA
11311,Gross capital formation (% of GDP),2012,30.4788600671195,Lower middle income
11312,Gross capital formation (% of GDP),2012,33.7953596778271,Low & middle income
11313,Gross capital formation (% of GDP),2012,35.7205960501896,LSO
11314,Gross capital formation (% of GDP),2012,34.4483170408535,Late-demographic dividend
11315,Gross capital formation (% of GDP),2012,20.2704080461532,LTU
11316,Gross capital formation (% of GDP),2012,18.7523048822473,LUX
11317,Gross capital formation (% of GDP),2012,28.639673212023,LVA
11318,Gross capital formation (% of GDP),2012,14.6470383679147,MAC
11319,Gross capital formation (% of GDP),2012,,MAF
11320,Gross capital formation (% of GDP),2012,32.1793544302158,MAR
11321,Gross capital formation (% of GDP),2012,,MCO
11322,Gross capital formation (% of GDP),2012,24.1985192443336,MDA
11323,Gross capital formation (% of GDP),2012,20.1689187861962,MDG
11324,Gross capital formation (% of GDP),2012,,MDV
11325,Gross capital formation (% of GDP),2012,25.429613745184,AFG
11326,Gross capital formation (% of GDP),2012,24.3777390646541,MEX
11327,Gross capital formation (% of GDP),2012,12.9106253458771,MHL
11328,Gross capital formation (% of GDP),2012,33.9754713123964,Middle income
11329,Gross capital formation (% of GDP),2012,28.9271763841244,MKD
11330,Gross capital formation (% of GDP),2012,21.2090994125666,MLI
11331,Gross capital formation (% of GDP),2012,19.2727714178449,MLT
11332,Gross capital formation (% of GDP),2012,,MMR
11333,Gross capital formation (% of GDP),2012,26.3290487003812,AFG
11334,Gross capital formation (% of GDP),2012,20.5856587993564,MNE
11335,Gross capital formation (% of GDP),2012,55.8986192180437,MNG
11336,Gross capital formation (% of GDP),2012,,MNP
11337,Gross capital formation (% of GDP),2012,50.5904295928331,MOZ
11338,Gross capital formation (% of GDP),2012,49.1668225188386,MRT
11339,Gross capital formation (% of GDP),2012,24.3805683257093,MUS
11340,Gross capital formation (% of GDP),2012,,MWI
11341,Gross capital formation (% of GDP),2012,25.7486213670602,MYS
11342,Gross capital formation (% of GDP),2012,20.4445557381418,North America
11343,Gross capital formation (% of GDP),2012,26.7226689596707,NAM
11344,Gross capital formation (% of GDP),2012,40.917085959253,NCL
11345,Gross capital formation (% of GDP),2012,29.3142436915252,NER
11346,Gross capital formation (% of GDP),2012,,NGA
11347,Gross capital formation (% of GDP),2012,31.0116770587447,NIC
11348,Gross capital formation (% of GDP),2012,18.5826577863124,NLD
11349,Gross capital formation (% of GDP),2012,25.8720343590957,NOR
11350,Gross capital formation (% of GDP),2012,28.6027052400212,NPL
11351,Gross capital formation (% of GDP),2012,,NRU
11352,Gross capital formation (% of GDP),2012,21.2760294778962,NZL
11353,Gross capital formation (% of GDP),2012,21.5143200886225,OECD members
11354,Gross capital formation (% of GDP),2012,30.2100349016772,OMN
11355,Gross capital formation (% of GDP),2012,25.0953925837512,Other small states
11356,Gross capital formation (% of GDP),2012,15.1689869382712,PAK
11357,Gross capital formation (% of GDP),2012,42.5040223820497,PAN
11358,Gross capital formation (% of GDP),2012,24.6060563122502,PER
11359,Gross capital formation (% of GDP),2012,19.5607279687897,PHL
11360,Gross capital formation (% of GDP),2012,30.6165022265232,PLW
11361,Gross capital formation (% of GDP),2012,,PNG
11362,Gross capital formation (% of GDP),2012,20.8019518666142,POL
11363,Gross capital formation (% of GDP),2012,,Pre-demographic dividend
11364,Gross capital formation (% of GDP),2012,10.3344859636409,PRI
11365,Gross capital formation (% of GDP),2012,,PRK
11366,Gross capital formation (% of GDP),2012,15.7536608050077,PRT
11367,Gross capital formation (% of GDP),2012,21.2642113309923,PRY
11368,Gross capital formation (% of GDP),2012,19.4824874676452,PSE
11369,Gross capital formation (% of GDP),2012,21.6868133868409,Pacific island small states
11370,Gross capital formation (% of GDP),2012,21.3118691490651,Post-demographic dividend
11371,Gross capital formation (% of GDP),2012,18.2394492723473,PYF
11372,Gross capital formation (% of GDP),2012,27.1444010434485,QAT
11373,Gross capital formation (% of GDP),2012,26.722226631147,ROU
11374,Gross capital formation (% of GDP),2012,24.5536933545168,RUS
11375,Gross capital formation (% of GDP),2012,23.3041445547138,RWA
11376,Gross capital formation (% of GDP),2012,37.7307820878932,South Asia
11377,Gross capital formation (% of GDP),2012,26.4578386746131,SAU
11378,Gross capital formation (% of GDP),2012,19.7241316199789,SDN
11379,Gross capital formation (% of GDP),2012,24.6240972538796,SEN
11380,Gross capital formation (% of GDP),2012,29.2629426703058,SGP
11381,Gross capital formation (% of GDP),2012,14.6177229710353,SLB
11382,Gross capital formation (% of GDP),2012,29.4098051807138,SLE
11383,Gross capital formation (% of GDP),2012,17.7095456638993,SLV
11384,Gross capital formation (% of GDP),2012,,SMR
11385,Gross capital formation (% of GDP),2012,15.7360330751388,SOM
11386,Gross capital formation (% of GDP),2012,18.8103783793047,SRB
11387,Gross capital formation (% of GDP),2012,23.6476403726185,Sub-Saharan Africa (
11388,Gross capital formation (% of GDP),2012,7.0742528372385,SSD
11389,Gross capital formation (% of GDP),2012,24.0482535669467,Sub-Saharan Africa
11390,Gross capital formation (% of GDP),2012,24.1404541905949,Small states
11391,Gross capital formation (% of GDP),2012,,STP
11392,Gross capital formation (% of GDP),2012,,SUR
11393,Gross capital formation (% of GDP),2012,21.474904237703,SVK
11394,Gross capital formation (% of GDP),2012,18.8609355850954,SVN
11395,Gross capital formation (% of GDP),2012,21.99343162272,SWE
11396,Gross capital formation (% of GDP),2012,,SWZ
11397,Gross capital formation (% of GDP),2012,,SXM
11398,Gross capital formation (% of GDP),2012,37.7299203495349,SYC
11399,Gross capital formation (% of GDP),2012,,SYR
11400,Gross capital formation (% of GDP),2012,,TCA
11401,Gross capital formation (% of GDP),2012,24.9268683598444,TCD
11402,Gross capital formation (% of GDP),2012,42.6564623514232,East Asia & Pacific (IDA & IBRD countries)
11403,Gross capital formation (% of GDP),2012,24.8513958402616,Europe & Central Asia (IDA & IBRD countries)
11404,Gross capital formation (% of GDP),2012,17.6962459854047,TGO
11405,Gross capital formation (% of GDP),2012,28.0241657146011,THA
11406,Gross capital formation (% of GDP),2012,23.2673636939311,TJK
11407,Gross capital formation (% of GDP),2012,47.2,TKM
11408,Gross capital formation (% of GDP),2012,22.5120001551785,Latin America & the Caribbean (IDA & IBRD countries)
11409,Gross capital formation (% of GDP),2012,60.0291239967085,TLS
11410,Gross capital formation (% of GDP),2012,26.3743486622211,AFG
11411,Gross capital formation (% of GDP),2012,36.4235322935616,TON
11412,Gross capital formation (% of GDP),2012,37.7307820878932,South Asia (IDA & IBRD)
11413,Gross capital formation (% of GDP),2012,24.0482535669467,Sub-Saharan Africa (IDA & IBRD countries)
11414,Gross capital formation (% of GDP),2012,19.5737756175493,TTO
11415,Gross capital formation (% of GDP),2012,26.0970264685305,TUN
11416,Gross capital formation (% of GDP),2012,28.072859732263,TUR
11417,Gross capital formation (% of GDP),2012,,TUV
11418,Gross capital formation (% of GDP),2012,34.8451015083251,TZA
11419,Gross capital formation (% of GDP),2012,26.1771756452378,UGA
11420,Gross capital formation (% of GDP),2012,19.6146792260413,UKR
11421,Gross capital formation (% of GDP),2012,34.6765913730458,Upper middle income
11422,Gross capital formation (% of GDP),2012,22.9153797295437,URY
11423,Gross capital formation (% of GDP),2012,19.9507258841994,USA
11424,Gross capital formation (% of GDP),2012,30.0719329556858,UZB
11425,Gross capital formation (% of GDP),2012,,VCT
11426,Gross capital formation (% of GDP),2012,26.5967444479812,VEN
11427,Gross capital formation (% of GDP),2012,,VGB
11428,Gross capital formation (% of GDP),2012,,VIR
11429,Gross capital formation (% of GDP),2012,30.5592897696566,VNM
11430,Gross capital formation (% of GDP),2012,24.088455209446,VUT
11431,Gross capital formation (% of GDP),2012,25.3946243198145,World
11432,Gross capital formation (% of GDP),2012,40.299132906469,WSM
11433,Gross capital formation (% of GDP),2012,31.9017216861076,XKX
11434,Gross capital formation (% of GDP),2012,,YEM
11435,Gross capital formation (% of GDP),2012,18.5845354435045,ZAF
11436,Gross capital formation (% of GDP),2012,31.5179510511994,ZMB
11437,Gross capital formation (% of GDP),2012,9.85633778141151,ZWE
11438,Gross capital formation (% of GDP),2013,23.8258550178984,ABW
11439,Gross capital formation (% of GDP),2013,23.3161085338966,Africa Eastern and Southern
11440,Gross capital formation (% of GDP),2013,,AFG
11441,Gross capital formation (% of GDP),2013,,Africa Western and Central
11442,Gross capital formation (% of GDP),2013,26.1429704757952,AGO
11443,Gross capital formation (% of GDP),2013,29.0566378899977,ALB
11444,Gross capital formation (% of GDP),2013,,AND
11445,Gross capital formation (% of GDP),2013,24.728978427218,Arab World
11446,Gross capital formation (% of GDP),2013,21.6380023828241,ARE
11447,Gross capital formation (% of GDP),2013,17.3057789012596,ARG
11448,Gross capital formation (% of GDP),2013,22.1524900726313,ARM
11449,Gross capital formation (% of GDP),2013,,ASM
11450,Gross capital formation (% of GDP),2013,,ATG
11451,Gross capital formation (% of GDP),2013,27.873484896287,AUS
11452,Gross capital formation (% of GDP),2013,23.9413047862951,AUT
11453,Gross capital formation (% of GDP),2013,25.6579354439517,AZE
11454,Gross capital formation (% of GDP),2013,14.6326385171192,BDI
11455,Gross capital formation (% of GDP),2013,22.7089453730117,BEL
11456,Gross capital formation (% of GDP),2013,18.86187234768,BEN
11457,Gross capital formation (% of GDP),2013,23.7099150061433,BFA
11458,Gross capital formation (% of GDP),2013,28.3896207536466,BGD
11459,Gross capital formation (% of GDP),2013,21.0060108987805,BGR
11460,Gross capital formation (% of GDP),2013,26.2023479687922,BHR
11461,Gross capital formation (% of GDP),2013,29.1972544939047,BHS
11462,Gross capital formation (% of GDP),2013,21.2335805467275,BIH
11463,Gross capital formation (% of GDP),2013,38.7980262073973,BLR
11464,Gross capital formation (% of GDP),2013,13.9466240314844,BLZ
11465,Gross capital formation (% of GDP),2013,10.8931113391845,BMU
11466,Gross capital formation (% of GDP),2013,19.0177268858945,BOL
11467,Gross capital formation (% of GDP),2013,21.6937669568432,BRA
11468,Gross capital formation (% of GDP),2013,,BRB
11469,Gross capital formation (% of GDP),2013,39.5934116210132,BRN
11470,Gross capital formation (% of GDP),2013,64.0143242143309,BTN
11471,Gross capital formation (% of GDP),2013,24.8793287159182,BWA
11472,Gross capital formation (% of GDP),2013,7.5153240218181,CAF
11473,Gross capital formation (% of GDP),2013,24.907675073032,CAN
11474,Gross capital formation (% of GDP),2013,21.5926069348291,Central Europe and the Baltics
11475,Gross capital formation (% of GDP),2013,25.1549339552027,CHE
11476,Gross capital formation (% of GDP),2013,,Channel Islands
11477,Gross capital formation (% of GDP),2013,27.4969587973855,CHL
11478,Gross capital formation (% of GDP),2013,45.9224093546636,CHN
11479,Gross capital formation (% of GDP),2013,22.9098013286147,CIV
11480,Gross capital formation (% of GDP),2013,18.6515459692181,CMR
11481,Gross capital formation (% of GDP),2013,21.8424234413698,COD
11482,Gross capital formation (% of GDP),2013,47.0644823800022,COG
11483,Gross capital formation (% of GDP),2013,22.1825448506007,COL
11484,Gross capital formation (% of GDP),2013,16.3561844009634,COM
11485,Gross capital formation (% of GDP),2013,29.9872865504067,CPV
11486,Gross capital formation (% of GDP),2013,19.5904601619466,CRI
11487,Gross capital formation (% of GDP),2013,,Caribbean small states
11488,Gross capital formation (% of GDP),2013,9.39363301705812,CUB
11489,Gross capital formation (% of GDP),2013,30.4838533181729,CUW
11490,Gross capital formation (% of GDP),2013,,CYM
11491,Gross capital formation (% of GDP),2013,12.5650583420074,CYP
11492,Gross capital formation (% of GDP),2013,24.3768606031502,CZE
11493,Gross capital formation (% of GDP),2013,19.8107614184872,DEU
11494,Gross capital formation (% of GDP),2013,56.9079297902791,DJI
11495,Gross capital formation (% of GDP),2013,,DMA
11496,Gross capital formation (% of GDP),2013,19.3525146403367,DNK
11497,Gross capital formation (% of GDP),2013,22.1057612783667,DOM
11498,Gross capital formation (% of GDP),2013,44.5820108403061,DZA
11499,Gross capital formation (% of GDP),2013,42.8564413358493,East Asia & Pacific (
11500,Gross capital formation (% of GDP),2013,27.2761154737935,Early-demographic dividend
11501,Gross capital formation (% of GDP),2013,35.2861987304512,East Asia & Pacific
11502,Gross capital formation (% of GDP),2013,27.0769062619111,Europe & Central Asia (
11503,Gross capital formation (% of GDP),2013,20.5619966778466,Europe & Central Asia
11504,Gross capital formation (% of GDP),2013,24.8833528938608,ECU
11505,Gross capital formation (% of GDP),2013,14.2119974199097,EGY
11506,Gross capital formation (% of GDP),2013,19.4479868770007,Euro area
11507,Gross capital formation (% of GDP),2013,,ERI
11508,Gross capital formation (% of GDP),2013,17.412338687976,ESP
11509,Gross capital formation (% of GDP),2013,26.8697121064814,EST
11510,Gross capital formation (% of GDP),2013,34.0811183155872,ETH
11511,Gross capital formation (% of GDP),2013,19.6949584848876,European Union
11512,Gross capital formation (% of GDP),2013,,Fragile and conflict affected situations
11513,Gross capital formation (% of GDP),2013,22.6578278795265,FIN
11514,Gross capital formation (% of GDP),2013,27.6334498861462,FJI
11515,Gross capital formation (% of GDP),2013,21.520441960601,FRA
11516,Gross capital formation (% of GDP),2013,21.595790449085,FRO
11517,Gross capital formation (% of GDP),2013,,FSM
11518,Gross capital formation (% of GDP),2013,29.1805950279998,GAB
11519,Gross capital formation (% of GDP),2013,16.5602031255877,GBR
11520,Gross capital formation (% of GDP),2013,21.7000864850024,GEO
11521,Gross capital formation (% of GDP),2013,24.7715380530843,GHA
11522,Gross capital formation (% of GDP),2013,,GIB
11523,Gross capital formation (% of GDP),2013,23.4939613943409,GIN
11524,Gross capital formation (% of GDP),2013,14.7115331277791,GMB
11525,Gross capital formation (% of GDP),2013,19.2302341915086,GNB
11526,Gross capital formation (% of GDP),2013,30.3080451576082,GNQ
11527,Gross capital formation (% of GDP),2013,12.1129082926078,GRC
11528,Gross capital formation (% of GDP),2013,,GRD
11529,Gross capital formation (% of GDP),2013,30.0951623064425,GRL
11530,Gross capital formation (% of GDP),2013,15.8426266679219,GTM
11531,Gross capital formation (% of GDP),2013,,GUM
11532,Gross capital formation (% of GDP),2013,,GUY
11533,Gross capital formation (% of GDP),2013,21.5536776398589,High income
11534,Gross capital formation (% of GDP),2013,24.0303885554212,HKG
11535,Gross capital formation (% of GDP),2013,21.7603523031056,HND
11536,Gross capital formation (% of GDP),2013,26.5854980674799,Heavily indebted poor countries (HIPC)
11537,Gross capital formation (% of GDP),2013,18.7237499295702,HRV
11538,Gross capital formation (% of GDP),2013,17.880859322137,HTI
11539,Gross capital formation (% of GDP),2013,21.8946534040546,HUN
11540,Gross capital formation (% of GDP),2013,32.9792684829932,IBRD only
11541,Gross capital formation (% of GDP),2013,32.5679128025534,IDA & IBRD total
11542,Gross capital formation (% of GDP),2013,24.1598959818704,IDA total
11543,Gross capital formation (% of GDP),2013,,IDA blend
11544,Gross capital formation (% of GDP),2013,33.8313567879018,IDN
11545,Gross capital formation (% of GDP),2013,27.1547481760573,IDA only
11546,Gross capital formation (% of GDP),2013,,IMN
11547,Gross capital formation (% of GDP),2013,34.0231978997548,IND
11548,Gross capital formation (% of GDP),2013,,Not classified
11549,Gross capital formation (% of GDP),2013,18.3370894869621,IRL
11550,Gross capital formation (% of GDP),2013,34.9452115156879,IRN
11551,Gross capital formation (% of GDP),2013,20.2677398214538,IRQ
11552,Gross capital formation (% of GDP),2013,15.4696419220461,ISL
11553,Gross capital formation (% of GDP),2013,22.3351826403335,ISR
11554,Gross capital formation (% of GDP),2013,17.0062223799047,ITA
11555,Gross capital formation (% of GDP),2013,21.2598876053002,JAM
11556,Gross capital formation (% of GDP),2013,26.5997319791875,JOR
11557,Gross capital formation (% of GDP),2013,24.4176240405457,JPN
11558,Gross capital formation (% of GDP),2013,24.5696053585629,KAZ
11559,Gross capital formation (% of GDP),2013,22.4049681039862,KEN
11560,Gross capital formation (% of GDP),2013,33.8988355585277,KGZ
11561,Gross capital formation (% of GDP),2013,26.8520095001976,KHM
11562,Gross capital formation (% of GDP),2013,31.377071852949,KIR
11563,Gross capital formation (% of GDP),2013,,KNA
11564,Gross capital formation (% of GDP),2013,29.8853272856136,KOR
11565,Gross capital formation (% of GDP),2013,14.3514402017848,KWT
11566,Gross capital formation (% of GDP),2013,21.4692608054405,Latin America & Caribbean (
11567,Gross capital formation (% of GDP),2013,30.6473220372757,LAO
11568,Gross capital formation (% of GDP),2013,27.6124294369186,LBN
11569,Gross capital formation (% of GDP),2013,,LBR
11570,Gross capital formation (% of GDP),2013,21.6855173162296,LBY
11571,Gross capital formation (% of GDP),2013,,LCA
11572,Gross capital formation (% of GDP),2013,22.0488512758174,Latin America & Caribbean
11573,Gross capital formation (% of GDP),2013,26.8774109900351,Least developed countries: UN classification
11574,Gross capital formation (% of GDP),2013,21.8495160541093,Low income
11575,Gross capital formation (% of GDP),2013,,LIE
11576,Gross capital formation (% of GDP),2013,,LKA
11577,Gross capital formation (% of GDP),2013,28.1307027774669,Lower middle income
11578,Gross capital formation (% of GDP),2013,33.9233231085739,Low & middle income
11579,Gross capital formation (% of GDP),2013,32.6667455053055,LSO
11580,Gross capital formation (% of GDP),2013,34.7208832811029,Late-demographic dividend
11581,Gross capital formation (% of GDP),2013,20.4182900930827,LTU
11582,Gross capital formation (% of GDP),2013,18.1453726914237,LUX
11583,Gross capital formation (% of GDP),2013,25.298238178176,LVA
11584,Gross capital formation (% of GDP),2013,14.0691068856727,MAC
11585,Gross capital formation (% of GDP),2013,,MAF
11586,Gross capital formation (% of GDP),2013,32.0046200923723,MAR
11587,Gross capital formation (% of GDP),2013,,MCO
11588,Gross capital formation (% of GDP),2013,24.9382002000225,MDA
11589,Gross capital formation (% of GDP),2013,16.5129132506109,MDG
11590,Gross capital formation (% of GDP),2013,,MDV
11591,Gross capital formation (% of GDP),2013,25.2679146770714,AFG
11592,Gross capital formation (% of GDP),2013,22.6807316048179,MEX
11593,Gross capital formation (% of GDP),2013,24.3244098712446,MHL
11594,Gross capital formation (% of GDP),2013,34.0651749558105,Middle income
11595,Gross capital formation (% of GDP),2013,28.8080479626054,MKD
11596,Gross capital formation (% of GDP),2013,24.2456913731414,MLI
11597,Gross capital formation (% of GDP),2013,17.0984675529208,MLT
11598,Gross capital formation (% of GDP),2013,,MMR
11599,Gross capital formation (% of GDP),2013,26.5612497634963,AFG
11600,Gross capital formation (% of GDP),2013,19.60638587995,MNE
11601,Gross capital formation (% of GDP),2013,53.2757084028233,MNG
11602,Gross capital formation (% of GDP),2013,,MNP
11603,Gross capital formation (% of GDP),2013,56.3958108944659,MOZ
11604,Gross capital formation (% of GDP),2013,47.5574424488877,MRT
11605,Gross capital formation (% of GDP),2013,21.527459454017,MUS
11606,Gross capital formation (% of GDP),2013,,MWI
11607,Gross capital formation (% of GDP),2013,25.9371066959614,MYS
11608,Gross capital formation (% of GDP),2013,20.8223532587034,North America
11609,Gross capital formation (% of GDP),2013,29.3954197576571,NAM
11610,Gross capital formation (% of GDP),2013,39.3440879548823,NCL
11611,Gross capital formation (% of GDP),2013,29.7124814690798,NER
11612,Gross capital formation (% of GDP),2013,,NGA
11613,Gross capital formation (% of GDP),2013,30.9047521156944,NIC
11614,Gross capital formation (% of GDP),2013,18.3607360340882,NLD
11615,Gross capital formation (% of GDP),2013,27.3276198211521,NOR
11616,Gross capital formation (% of GDP),2013,29.6766090195384,NPL
11617,Gross capital formation (% of GDP),2013,,NRU
11618,Gross capital formation (% of GDP),2013,22.1773812692661,NZL
11619,Gross capital formation (% of GDP),2013,21.4881681068098,OECD members
11620,Gross capital formation (% of GDP),2013,32.3564793929509,OMN
11621,Gross capital formation (% of GDP),2013,23.9358015278987,Other small states
11622,Gross capital formation (% of GDP),2013,14.9823804457979,PAK
11623,Gross capital formation (% of GDP),2013,43.0705309054805,PAN
11624,Gross capital formation (% of GDP),2013,25.5741818690255,PER
11625,Gross capital formation (% of GDP),2013,20.642224107669,PHL
11626,Gross capital formation (% of GDP),2013,26.1488015968354,PLW
11627,Gross capital formation (% of GDP),2013,,PNG
11628,Gross capital formation (% of GDP),2013,19.1280449978263,POL
11629,Gross capital formation (% of GDP),2013,,Pre-demographic dividend
11630,Gross capital formation (% of GDP),2013,9.52952659834065,PRI
11631,Gross capital formation (% of GDP),2013,,PRK
11632,Gross capital formation (% of GDP),2013,14.6835299275763,PRT
11633,Gross capital formation (% of GDP),2013,22.0169832494239,PRY
11634,Gross capital formation (% of GDP),2013,22.6939439902334,PSE
11635,Gross capital formation (% of GDP),2013,23.729524235817,Pacific island small states
11636,Gross capital formation (% of GDP),2013,21.3240487783191,Post-demographic dividend
11637,Gross capital formation (% of GDP),2013,19.3028649662983,PYF
11638,Gross capital formation (% of GDP),2013,27.8279049329909,QAT
11639,Gross capital formation (% of GDP),2013,25.2514905784046,ROU
11640,Gross capital formation (% of GDP),2013,23.2716819870194,RUS
11641,Gross capital formation (% of GDP),2013,24.4311537415127,RWA
11642,Gross capital formation (% of GDP),2013,33.6263543099229,South Asia
11643,Gross capital formation (% of GDP),2013,26.2949562527888,SAU
11644,Gross capital formation (% of GDP),2013,17.1950466966314,SDN
11645,Gross capital formation (% of GDP),2013,24.0663485140699,SEN
11646,Gross capital formation (% of GDP),2013,29.9795021855415,SGP
11647,Gross capital formation (% of GDP),2013,14.6465883555735,SLB
11648,Gross capital formation (% of GDP),2013,17.6517899195356,SLE
11649,Gross capital formation (% of GDP),2013,17.0194025181256,SLV
11650,Gross capital formation (% of GDP),2013,,SMR
11651,Gross capital formation (% of GDP),2013,14.3695600150118,SOM
11652,Gross capital formation (% of GDP),2013,17.1235575159888,SRB
11653,Gross capital formation (% of GDP),2013,23.9760166982301,Sub-Saharan Africa (
11654,Gross capital formation (% of GDP),2013,11.3677738263753,SSD
11655,Gross capital formation (% of GDP),2013,24.2792500833334,Sub-Saharan Africa
11656,Gross capital formation (% of GDP),2013,23.4305160016217,Small states
11657,Gross capital formation (% of GDP),2013,,STP
11658,Gross capital formation (% of GDP),2013,,SUR
11659,Gross capital formation (% of GDP),2013,22.1131489252307,SVK
11660,Gross capital formation (% of GDP),2013,19.7842267864778,SVN
11661,Gross capital formation (% of GDP),2013,21.8990358460486,SWE
11662,Gross capital formation (% of GDP),2013,16.1475684331047,SWZ
11663,Gross capital formation (% of GDP),2013,,SXM
11664,Gross capital formation (% of GDP),2013,38.5669057079413,SYC
11665,Gross capital formation (% of GDP),2013,,SYR
11666,Gross capital formation (% of GDP),2013,,TCA
11667,Gross capital formation (% of GDP),2013,23.9026222562092,TCD
11668,Gross capital formation (% of GDP),2013,42.8562520293867,East Asia & Pacific (IDA & IBRD countries)
11669,Gross capital formation (% of GDP),2013,24.2178600967655,Europe & Central Asia (IDA & IBRD countries)
11670,Gross capital formation (% of GDP),2013,22.1146901573848,TGO
11671,Gross capital formation (% of GDP),2013,27.4571011829666,THA
11672,Gross capital formation (% of GDP),2013,24.9057147542124,TJK
11673,Gross capital formation (% of GDP),2013,,TKM
11674,Gross capital formation (% of GDP),2013,22.4005169929908,Latin America & the Caribbean (IDA & IBRD countries)
11675,Gross capital formation (% of GDP),2013,41.7887762323789,TLS
11676,Gross capital formation (% of GDP),2013,26.5913475086506,AFG
11677,Gross capital formation (% of GDP),2013,23.4827148315196,TON
11678,Gross capital formation (% of GDP),2013,33.626354309923,South Asia (IDA & IBRD)
11679,Gross capital formation (% of GDP),2013,24.2792500833334,Sub-Saharan Africa (IDA & IBRD countries)
11680,Gross capital formation (% of GDP),2013,20.3714181300631,TTO
11681,Gross capital formation (% of GDP),2013,23.8678486722665,TUN
11682,Gross capital formation (% of GDP),2013,29.6194607828599,TUR
11683,Gross capital formation (% of GDP),2013,,TUV
11684,Gross capital formation (% of GDP),2013,37.470607348423,TZA
11685,Gross capital formation (% of GDP),2013,31.9739798099079,UGA
11686,Gross capital formation (% of GDP),2013,16.4257610216877,UKR
11687,Gross capital formation (% of GDP),2013,35.2541013650686,Upper middle income
11688,Gross capital formation (% of GDP),2013,22.4844120119644,URY
11689,Gross capital formation (% of GDP),2013,20.3792583510987,USA
11690,Gross capital formation (% of GDP),2013,27.4742199751171,UZB
11691,Gross capital formation (% of GDP),2013,,VCT
11692,Gross capital formation (% of GDP),2013,27.2689533098222,VEN
11693,Gross capital formation (% of GDP),2013,,VGB
11694,Gross capital formation (% of GDP),2013,,VIR
11695,Gross capital formation (% of GDP),2013,30.2129034609593,VNM
11696,Gross capital formation (% of GDP),2013,27.3921776488311,VUT
11697,Gross capital formation (% of GDP),2013,25.4855038768642,World
11698,Gross capital formation (% of GDP),2013,9.01812018037557,WSM
11699,Gross capital formation (% of GDP),2013,29.9978585507713,XKX
11700,Gross capital formation (% of GDP),2013,,YEM
11701,Gross capital formation (% of GDP),2013,19.1687625943111,ZAF
11702,Gross capital formation (% of GDP),2013,33.8029886804422,ZMB
11703,Gross capital formation (% of GDP),2013,9.20906247136893,ZWE
11704,Gross capital formation (% of GDP),2014,23.1114610175592,ABW
11705,Gross capital formation (% of GDP),2014,23.649873176387,Africa Eastern and Southern
11706,Gross capital formation (% of GDP),2014,,AFG
11707,Gross capital formation (% of GDP),2014,,Africa Western and Central
11708,Gross capital formation (% of GDP),2014,27.5004591988793,AGO
11709,Gross capital formation (% of GDP),2014,28.3047822758213,ALB
11710,Gross capital formation (% of GDP),2014,,AND
11711,Gross capital formation (% of GDP),2014,25.6826429030874,Arab World
11712,Gross capital formation (% of GDP),2014,22.7007895581753,ARE
11713,Gross capital formation (% of GDP),2014,17.2628810064651,ARG
11714,Gross capital formation (% of GDP),2014,21.2830406859193,ARM
11715,Gross capital formation (% of GDP),2014,,ASM
11716,Gross capital formation (% of GDP),2014,,ATG
11717,Gross capital formation (% of GDP),2014,26.7273294554667,AUS
11718,Gross capital formation (% of GDP),2014,23.848669034824,AUT
11719,Gross capital formation (% of GDP),2014,27.5100357372221,AZE
11720,Gross capital formation (% of GDP),2014,14.2030571572419,BDI
11721,Gross capital formation (% of GDP),2014,23.2582959776352,BEL
11722,Gross capital formation (% of GDP),2014,19.2575856279899,BEN
11723,Gross capital formation (% of GDP),2014,19.2622491931648,BFA
11724,Gross capital formation (% of GDP),2014,28.5778757115563,BGD
11725,Gross capital formation (% of GDP),2014,21.5078339407257,BGR
11726,Gross capital formation (% of GDP),2014,26.9460777171498,BHR
11727,Gross capital formation (% of GDP),2014,31.3993051503263,BHS
11728,Gross capital formation (% of GDP),2014,22.5258642223175,BIH
11729,Gross capital formation (% of GDP),2014,34.8410329356421,BLR
11730,Gross capital formation (% of GDP),2014,17.0934175143225,BLZ
11731,Gross capital formation (% of GDP),2014,12.0945969964397,BMU
11732,Gross capital formation (% of GDP),2014,21.0337970312715,BOL
11733,Gross capital formation (% of GDP),2014,20.5484107553739,BRA
11734,Gross capital formation (% of GDP),2014,,BRB
11735,Gross capital formation (% of GDP),2014,27.4418170153291,BRN
11736,Gross capital formation (% of GDP),2014,56.5119544142318,BTN
11737,Gross capital formation (% of GDP),2014,25.2530625662887,BWA
11738,Gross capital formation (% of GDP),2014,21.9907907197476,CAF
11739,Gross capital formation (% of GDP),2014,24.8707076104681,CAN
11740,Gross capital formation (% of GDP),2014,22.6068396405401,Central Europe and the Baltics
11741,Gross capital formation (% of GDP),2014,25.553196003641,CHE
11742,Gross capital formation (% of GDP),2014,,Channel Islands
11743,Gross capital formation (% of GDP),2014,25.1580934170755,CHL
11744,Gross capital formation (% of GDP),2014,45.3115352657107,CHN
11745,Gross capital formation (% of GDP),2014,22.6204558252908,CIV
11746,Gross capital formation (% of GDP),2014,19.7278343398902,CMR
11747,Gross capital formation (% of GDP),2014,23.2234743391057,COD
11748,Gross capital formation (% of GDP),2014,52.8446172450901,COG
11749,Gross capital formation (% of GDP),2014,24.0033136584861,COL
11750,Gross capital formation (% of GDP),2014,15.2029658508546,COM
11751,Gross capital formation (% of GDP),2014,34.9962522997627,CPV
11752,Gross capital formation (% of GDP),2014,19.2231532892112,CRI
11753,Gross capital formation (% of GDP),2014,,Caribbean small states
11754,Gross capital formation (% of GDP),2014,7.6113275995244,CUB
11755,Gross capital formation (% of GDP),2014,25.7891289955871,CUW
11756,Gross capital formation (% of GDP),2014,,CYM
11757,Gross capital formation (% of GDP),2014,13.1877395604674,CYP
11758,Gross capital formation (% of GDP),2014,25.3494353917128,CZE
11759,Gross capital formation (% of GDP),2014,20.1582154450165,DEU
11760,Gross capital formation (% of GDP),2014,3.11518509884608,DJI
11761,Gross capital formation (% of GDP),2014,,DMA
11762,Gross capital formation (% of GDP),2014,20.1482030437865,DNK
11763,Gross capital formation (% of GDP),2014,22.3946076084169,DOM
11764,Gross capital formation (% of GDP),2014,46.8984793363791,DZA
11765,Gross capital formation (% of GDP),2014,42.4425979882758,East Asia & Pacific (
11766,Gross capital formation (% of GDP),2014,27.5647056993728,Early-demographic dividend
11767,Gross capital formation (% of GDP),2014,35.5502701174455,East Asia & Pacific
11768,Gross capital formation (% of GDP),2014,26.8845883240964,Europe & Central Asia (
11769,Gross capital formation (% of GDP),2014,20.800359307955,Europe & Central Asia
11770,Gross capital formation (% of GDP),2014,24.7058907826623,ECU
11771,Gross capital formation (% of GDP),2014,13.6431924882629,EGY
11772,Gross capital formation (% of GDP),2014,19.7633476163538,Euro area
11773,Gross capital formation (% of GDP),2014,,ERI
11774,Gross capital formation (% of GDP),2014,18.1481477916625,ESP
11775,Gross capital formation (% of GDP),2014,26.727615908803,EST
11776,Gross capital formation (% of GDP),2014,37.9937253037378,ETH
11777,Gross capital formation (% of GDP),2014,20.1143054093945,European Union
11778,Gross capital formation (% of GDP),2014,,Fragile and conflict affected situations
11779,Gross capital formation (% of GDP),2014,22.1690024531831,FIN
11780,Gross capital formation (% of GDP),2014,20.8867790191295,FJI
11781,Gross capital formation (% of GDP),2014,21.8364708236132,FRA
11782,Gross capital formation (% of GDP),2014,21.758138283562,FRO
11783,Gross capital formation (% of GDP),2014,,FSM
11784,Gross capital formation (% of GDP),2014,35.1390486032907,GAB
11785,Gross capital formation (% of GDP),2014,17.7177191688224,GBR
11786,Gross capital formation (% of GDP),2014,25.6503571653742,GEO
11787,Gross capital formation (% of GDP),2014,27.1650663374465,GHA
11788,Gross capital formation (% of GDP),2014,,GIB
11789,Gross capital formation (% of GDP),2014,22.8165774180333,GIN
11790,Gross capital formation (% of GDP),2014,16.6526122015212,GMB
11791,Gross capital formation (% of GDP),2014,20.1399364198987,GNB
11792,Gross capital formation (% of GDP),2014,28.7093001746,GNQ
11793,Gross capital formation (% of GDP),2014,12.136918450953,GRC
11794,Gross capital formation (% of GDP),2014,,GRD
11795,Gross capital formation (% of GDP),2014,22.597956240988,GRL
11796,Gross capital formation (% of GDP),2014,15.0711623598602,GTM
11797,Gross capital formation (% of GDP),2014,,GUM
11798,Gross capital formation (% of GDP),2014,,GUY
11799,Gross capital formation (% of GDP),2014,21.8800119396272,High income
11800,Gross capital formation (% of GDP),2014,23.8224694193154,HKG
11801,Gross capital formation (% of GDP),2014,22.1838322277385,HND
11802,Gross capital formation (% of GDP),2014,27.0941717279524,Heavily indebted poor countries (HIPC)
11803,Gross capital formation (% of GDP),2014,18.0589182473792,HRV
11804,Gross capital formation (% of GDP),2014,16.556866327765,HTI
11805,Gross capital formation (% of GDP),2014,24.4405160787979,HUN
11806,Gross capital formation (% of GDP),2014,33.0366332033324,IBRD only
11807,Gross capital formation (% of GDP),2014,32.5840782130022,IDA & IBRD total
11808,Gross capital formation (% of GDP),2014,24.4003379477912,IDA total
11809,Gross capital formation (% of GDP),2014,,IDA blend
11810,Gross capital formation (% of GDP),2014,34.6003439149803,IDN
11811,Gross capital formation (% of GDP),2014,27.4700069810679,IDA only
11812,Gross capital formation (% of GDP),2014,,IMN
11813,Gross capital formation (% of GDP),2014,34.2678056268836,IND
11814,Gross capital formation (% of GDP),2014,,Not classified
11815,Gross capital formation (% of GDP),2014,21.911656975326,IRL
11816,Gross capital formation (% of GDP),2014,36.9396571448965,IRN
11817,Gross capital formation (% of GDP),2014,18.2159749362255,IRQ
11818,Gross capital formation (% of GDP),2014,17.2236575910551,ISL
11819,Gross capital formation (% of GDP),2014,22.8773413865491,ISR
11820,Gross capital formation (% of GDP),2014,17.0766736026264,ITA
11821,Gross capital formation (% of GDP),2014,22.4737872615852,JAM
11822,Gross capital formation (% of GDP),2014,25.8085951940917,JOR
11823,Gross capital formation (% of GDP),2014,25.0363619892408,JPN
11824,Gross capital formation (% of GDP),2014,25.7902472414133,KAZ
11825,Gross capital formation (% of GDP),2014,24.9507189987733,KEN
11826,Gross capital formation (% of GDP),2014,36.7567270785188,KGZ
11827,Gross capital formation (% of GDP),2014,30.0126716073678,KHM
11828,Gross capital formation (% of GDP),2014,28.6593579496587,KIR
11829,Gross capital formation (% of GDP),2014,,KNA
11830,Gross capital formation (% of GDP),2014,29.7904786327772,KOR
11831,Gross capital formation (% of GDP),2014,16.2902579889231,KWT
11832,Gross capital formation (% of GDP),2014,20.9356931992094,Latin America & Caribbean (
11833,Gross capital formation (% of GDP),2014,29.8013514004447,LAO
11834,Gross capital formation (% of GDP),2014,24.9671951418081,LBN
11835,Gross capital formation (% of GDP),2014,,LBR
11836,Gross capital formation (% of GDP),2014,26.2237211424,LBY
11837,Gross capital formation (% of GDP),2014,,LCA
11838,Gross capital formation (% of GDP),2014,21.3836040168705,Latin America & Caribbean
11839,Gross capital formation (% of GDP),2014,27.2180187818894,Least developed countries: UN classification
11840,Gross capital formation (% of GDP),2014,21.3207689315429,Low income
11841,Gross capital formation (% of GDP),2014,,LIE
11842,Gross capital formation (% of GDP),2014,,LKA
11843,Gross capital formation (% of GDP),2014,28.364959214331,Lower middle income
11844,Gross capital formation (% of GDP),2014,33.9329067484046,Low & middle income
11845,Gross capital formation (% of GDP),2014,34.0968182808394,LSO
11846,Gross capital formation (% of GDP),2014,34.833576780838,Late-demographic dividend
11847,Gross capital formation (% of GDP),2014,20.3004773754029,LTU
11848,Gross capital formation (% of GDP),2014,19.0935867595733,LUX
11849,Gross capital formation (% of GDP),2014,24.6659475075256,LVA
11850,Gross capital formation (% of GDP),2014,19.7963130193653,MAC
11851,Gross capital formation (% of GDP),2014,,MAF
11852,Gross capital formation (% of GDP),2014,30.7742542343433,MAR
11853,Gross capital formation (% of GDP),2014,,MCO
11854,Gross capital formation (% of GDP),2014,23.7825706600568,MDA
11855,Gross capital formation (% of GDP),2014,16.4906896468032,MDG
11856,Gross capital formation (% of GDP),2014,27.8611798197388,MDV
11857,Gross capital formation (% of GDP),2014,26.1540807061836,AFG
11858,Gross capital formation (% of GDP),2014,22.2932759775507,MEX
11859,Gross capital formation (% of GDP),2014,20.4606989247312,MHL
11860,Gross capital formation (% of GDP),2014,34.0822069333536,Middle income
11861,Gross capital formation (% of GDP),2014,30.2952252615938,MKD
11862,Gross capital formation (% of GDP),2014,26.0263902631144,MLI
11863,Gross capital formation (% of GDP),2014,15.9077736680181,MLT
11864,Gross capital formation (% of GDP),2014,,MMR
11865,Gross capital formation (% of GDP),2014,26.6606989167237,AFG
11866,Gross capital formation (% of GDP),2014,20.2213930794275,MNE
11867,Gross capital formation (% of GDP),2014,35.1752976434075,MNG
11868,Gross capital formation (% of GDP),2014,,MNP
11869,Gross capital formation (% of GDP),2014,53.6431747577994,MOZ
11870,Gross capital formation (% of GDP),2014,41.7967195897633,MRT
11871,Gross capital formation (% of GDP),2014,19.0687671568199,MUS
11872,Gross capital formation (% of GDP),2014,,MWI
11873,Gross capital formation (% of GDP),2014,24.9776084262813,MYS
11874,Gross capital formation (% of GDP),2014,21.2673806352131,North America
11875,Gross capital formation (% of GDP),2014,34.7765509650404,NAM
11876,Gross capital formation (% of GDP),2014,35.603196951695,NCL
11877,Gross capital formation (% of GDP),2014,31.1100819925506,NER
11878,Gross capital formation (% of GDP),2014,,NGA
11879,Gross capital formation (% of GDP),2014,28.8793454871994,NIC
11880,Gross capital formation (% of GDP),2014,17.7066341303839,NLD
11881,Gross capital formation (% of GDP),2014,27.2099921057026,NOR
11882,Gross capital formation (% of GDP),2014,30.9860882268693,NPL
11883,Gross capital formation (% of GDP),2014,,NRU
11884,Gross capital formation (% of GDP),2014,23.059728219927,NZL
11885,Gross capital formation (% of GDP),2014,21.8066631965589,OECD members
11886,Gross capital formation (% of GDP),2014,28.6217693334979,OMN
11887,Gross capital formation (% of GDP),2014,21.2240513799789,Other small states
11888,Gross capital formation (% of GDP),2014,14.9075542099846,PAK
11889,Gross capital formation (% of GDP),2014,43.5746774849074,PAN
11890,Gross capital formation (% of GDP),2014,24.6661205071214,PER
11891,Gross capital formation (% of GDP),2014,20.9239704373705,PHL
11892,Gross capital formation (% of GDP),2014,32.7735840909044,PLW
11893,Gross capital formation (% of GDP),2014,,PNG
11894,Gross capital formation (% of GDP),2014,20.8272789201168,POL
11895,Gross capital formation (% of GDP),2014,,Pre-demographic dividend
11896,Gross capital formation (% of GDP),2014,8.94121574530142,PRI
11897,Gross capital formation (% of GDP),2014,,PRK
11898,Gross capital formation (% of GDP),2014,15.3444039472278,PRT
11899,Gross capital formation (% of GDP),2014,22.6588064100185,PRY
11900,Gross capital formation (% of GDP),2014,22.528717556488,PSE
11901,Gross capital formation (% of GDP),2014,22.3070306437755,Pacific island small states
11902,Gross capital formation (% of GDP),2014,21.6436147204692,Post-demographic dividend
11903,Gross capital formation (% of GDP),2014,18.9560603620347,PYF
11904,Gross capital formation (% of GDP),2014,31.7900727516147,QAT
11905,Gross capital formation (% of GDP),2014,25.2257196462876,ROU
11906,Gross capital formation (% of GDP),2014,22.3908642287739,RUS
11907,Gross capital formation (% of GDP),2014,23.2290320311828,RWA
11908,Gross capital formation (% of GDP),2014,33.8859733047291,South Asia
11909,Gross capital formation (% of GDP),2014,28.5328325808043,SAU
11910,Gross capital formation (% of GDP),2014,15.0415341466529,SDN
11911,Gross capital formation (% of GDP),2014,25.8807867671935,SEN
11912,Gross capital formation (% of GDP),2014,29.4300082792766,SGP
11913,Gross capital formation (% of GDP),2014,12.6371785630894,SLB
11914,Gross capital formation (% of GDP),2014,15.982290990834,SLE
11915,Gross capital formation (% of GDP),2014,16.397215655674,SLV
11916,Gross capital formation (% of GDP),2014,,SMR
11917,Gross capital formation (% of GDP),2014,13.4104063533751,SOM
11918,Gross capital formation (% of GDP),2014,16.4778532272023,SRB
11919,Gross capital formation (% of GDP),2014,23.6895945090323,Sub-Saharan Africa (
11920,Gross capital formation (% of GDP),2014,7.9945088302124,SSD
11921,Gross capital formation (% of GDP),2014,24.2429097476687,Sub-Saharan Africa
11922,Gross capital formation (% of GDP),2014,21.2973082880828,Small states
11923,Gross capital formation (% of GDP),2014,,STP
11924,Gross capital formation (% of GDP),2014,,SUR
11925,Gross capital formation (% of GDP),2014,22.7798159146212,SVK
11926,Gross capital formation (% of GDP),2014,19.7452653119649,SVN
11927,Gross capital formation (% of GDP),2014,22.8641392361599,SWE
11928,Gross capital formation (% of GDP),2014,19.6355786332268,SWZ
11929,Gross capital formation (% of GDP),2014,,SXM
11930,Gross capital formation (% of GDP),2014,29.0548988749451,SYC
11931,Gross capital formation (% of GDP),2014,,SYR
11932,Gross capital formation (% of GDP),2014,,TCA
11933,Gross capital formation (% of GDP),2014,29.4795971629017,TCD
11934,Gross capital formation (% of GDP),2014,42.442550440569,East Asia & Pacific (IDA & IBRD countries)
11935,Gross capital formation (% of GDP),2014,23.9247820411613,Europe & Central Asia (IDA & IBRD countries)
11936,Gross capital formation (% of GDP),2014,22.376827509449,TGO
11937,Gross capital formation (% of GDP),2014,23.9190195478501,THA
11938,Gross capital formation (% of GDP),2014,26.5156987249439,TJK
11939,Gross capital formation (% of GDP),2014,,TKM
11940,Gross capital formation (% of GDP),2014,21.7458131078847,Latin America & the Caribbean (IDA & IBRD countries)
11941,Gross capital formation (% of GDP),2014,43.1474067090044,TLS
11942,Gross capital formation (% of GDP),2014,26.6937104663455,AFG
11943,Gross capital formation (% of GDP),2014,22.1074634544778,TON
11944,Gross capital formation (% of GDP),2014,33.8859733047291,South Asia (IDA & IBRD)
11945,Gross capital formation (% of GDP),2014,24.2429097476687,Sub-Saharan Africa (IDA & IBRD countries)
11946,Gross capital formation (% of GDP),2014,18.1764511221107,TTO
11947,Gross capital formation (% of GDP),2014,23.8646110150307,TUN
11948,Gross capital formation (% of GDP),2014,28.9674633636774,TUR
11949,Gross capital formation (% of GDP),2014,,TUV
11950,Gross capital formation (% of GDP),2014,37.6539665632561,TZA
11951,Gross capital formation (% of GDP),2014,26.853454663727,UGA
11952,Gross capital formation (% of GDP),2014,13.3964957165318,UKR
11953,Gross capital formation (% of GDP),2014,35.3082595289496,Upper middle income
11954,Gross capital formation (% of GDP),2014,21.2028122395297,URY
11955,Gross capital formation (% of GDP),2014,20.9011935276745,USA
11956,Gross capital formation (% of GDP),2014,27.9591702320373,UZB
11957,Gross capital formation (% of GDP),2014,,VCT
11958,Gross capital formation (% of GDP),2014,24.8102028168,VEN
11959,Gross capital formation (% of GDP),2014,,VGB
11960,Gross capital formation (% of GDP),2014,,VIR
11961,Gross capital formation (% of GDP),2014,30.2890267860991,VNM
11962,Gross capital formation (% of GDP),2014,24.223098021463,VUT
11963,Gross capital formation (% of GDP),2014,25.7723340371602,World
11964,Gross capital formation (% of GDP),2014,37.3331843934814,WSM
11965,Gross capital formation (% of GDP),2014,27.8460008694681,XKX
11966,Gross capital formation (% of GDP),2014,,YEM
11967,Gross capital formation (% of GDP),2014,18.4879638168327,ZAF
11968,Gross capital formation (% of GDP),2014,34.0692641856177,ZMB
11969,Gross capital formation (% of GDP),2014,9.63958883391864,ZWE
11970,Gross capital formation (% of GDP),2015,21.5389195724266,ABW
11971,Gross capital formation (% of GDP),2015,23.5058036514032,Africa Eastern and Southern
11972,Gross capital formation (% of GDP),2015,,AFG
11973,Gross capital formation (% of GDP),2015,,Africa Western and Central
11974,Gross capital formation (% of GDP),2015,34.2024908297612,AGO
11975,Gross capital formation (% of GDP),2015,27.8134648405134,ALB
11976,Gross capital formation (% of GDP),2015,,AND
11977,Gross capital formation (% of GDP),2015,27.5210016723437,Arab World
11978,Gross capital formation (% of GDP),2015,22.3269675163384,ARE
11979,Gross capital formation (% of GDP),2015,17.0707048841583,ARG
11980,Gross capital formation (% of GDP),2015,20.7305301265762,ARM
11981,Gross capital formation (% of GDP),2015,,ASM
11982,Gross capital formation (% of GDP),2015,,ATG
11983,Gross capital formation (% of GDP),2015,26.2736236773973,AUS
11984,Gross capital formation (% of GDP),2015,24.012126686949,AUT
11985,Gross capital formation (% of GDP),2015,27.9135711658698,AZE
11986,Gross capital formation (% of GDP),2015,12.1634582505496,BDI
11987,Gross capital formation (% of GDP),2015,23.3223676294346,BEL
11988,Gross capital formation (% of GDP),2015,20.731792085746,BEN
11989,Gross capital formation (% of GDP),2015,19.4066997164243,BFA
11990,Gross capital formation (% of GDP),2015,28.886689247008,BGD
11991,Gross capital formation (% of GDP),2015,20.9999295980527,BGR
11992,Gross capital formation (% of GDP),2015,25.624930054818,BHR
11993,Gross capital formation (% of GDP),2015,24.6114077177806,BHS
11994,Gross capital formation (% of GDP),2015,21.6895898494442,BIH
11995,Gross capital formation (% of GDP),2015,29.0346959914608,BLR
11996,Gross capital formation (% of GDP),2015,16.6890859761519,BLZ
11997,Gross capital formation (% of GDP),2015,11.8925858297364,BMU
11998,Gross capital formation (% of GDP),2015,20.2812768788265,BOL
11999,Gross capital formation (% of GDP),2015,17.4116258675005,BRA
12000,Gross capital formation (% of GDP),2015,,BRB
12001,Gross capital formation (% of GDP),2015,35.2473259098035,BRN
12002,Gross capital formation (% of GDP),2015,56.4311104866744,BTN
12003,Gross capital formation (% of GDP),2015,28.4432892203156,BWA
12004,Gross capital formation (% of GDP),2015,21.8053804538636,CAF
12005,Gross capital formation (% of GDP),2015,23.8215933948339,CAN
12006,Gross capital formation (% of GDP),2015,23.0866587737148,Central Europe and the Baltics
12007,Gross capital formation (% of GDP),2015,25.0748632817703,CHE
12008,Gross capital formation (% of GDP),2015,,Channel Islands
12009,Gross capital formation (% of GDP),2015,25.5994379460368,CHL
12010,Gross capital formation (% of GDP),2015,42.7349872564364,CHN
12011,Gross capital formation (% of GDP),2015,23.3881494701744,CIV
12012,Gross capital formation (% of GDP),2015,18.2498554883353,CMR
12013,Gross capital formation (% of GDP),2015,18.5271201962233,COD
12014,Gross capital formation (% of GDP),2015,76.7823246780685,COG
12015,Gross capital formation (% of GDP),2015,23.7736922946916,COL
12016,Gross capital formation (% of GDP),2015,13.6380402758518,COM
12017,Gross capital formation (% of GDP),2015,29.1071744394227,CPV
12018,Gross capital formation (% of GDP),2015,18.8537264423156,CRI
12019,Gross capital formation (% of GDP),2015,,Caribbean small states
12020,Gross capital formation (% of GDP),2015,9.38923115061148,CUB
12021,Gross capital formation (% of GDP),2015,26.3697416948829,CUW
12022,Gross capital formation (% of GDP),2015,,CYM
12023,Gross capital formation (% of GDP),2015,13.3226795380088,CYP
12024,Gross capital formation (% of GDP),2015,26.9686249210792,CZE
12025,Gross capital formation (% of GDP),2015,19.4617989726638,DEU
12026,Gross capital formation (% of GDP),2015,-3.94592435677103,DJI
12027,Gross capital formation (% of GDP),2015,,DMA
12028,Gross capital formation (% of GDP),2015,20.5435311718122,DNK
12029,Gross capital formation (% of GDP),2015,22.6506907232187,DOM
12030,Gross capital formation (% of GDP),2015,51.779612559441,DZA
12031,Gross capital formation (% of GDP),2015,40.4601044545667,East Asia & Pacific (
12032,Gross capital formation (% of GDP),2015,27.3094077526881,Early-demographic dividend
12033,Gross capital formation (% of GDP),2015,34.6771953630884,East Asia & Pacific
12034,Gross capital formation (% of GDP),2015,27.0042650895937,Europe & Central Asia (
12035,Gross capital formation (% of GDP),2015,20.9897766246722,Europe & Central Asia
12036,Gross capital formation (% of GDP),2015,22.6864358338097,ECU
12037,Gross capital formation (% of GDP),2015,14.2886370146078,EGY
12038,Gross capital formation (% of GDP),2015,20.1573872605806,Euro area
12039,Gross capital formation (% of GDP),2015,,ERI
12040,Gross capital formation (% of GDP),2015,19.3734408230247,ESP
12041,Gross capital formation (% of GDP),2015,24.6409611018289,EST
12042,Gross capital formation (% of GDP),2015,40.6712729848122,ETH
12043,Gross capital formation (% of GDP),2015,20.5229158652496,European Union
12044,Gross capital formation (% of GDP),2015,,Fragile and conflict affected situations
12045,Gross capital formation (% of GDP),2015,21.9056862297328,FIN
12046,Gross capital formation (% of GDP),2015,22.4179309002466,FJI
12047,Gross capital formation (% of GDP),2015,21.7165418613305,FRA
12048,Gross capital formation (% of GDP),2015,23.9677773286366,FRO
12049,Gross capital formation (% of GDP),2015,,FSM
12050,Gross capital formation (% of GDP),2015,29.230956292490198,GAB
12051,Gross capital formation (% of GDP),2015,17.8693846072767,GBR
12052,Gross capital formation (% of GDP),2015,26.8771593145768,GEO
12053,Gross capital formation (% of GDP),2015,27.7096411705743,GHA
12054,Gross capital formation (% of GDP),2015,,GIB
12055,Gross capital formation (% of GDP),2015,24.16336683296,GIN
12056,Gross capital formation (% of GDP),2015,20.3498140429739,GMB
12057,Gross capital formation (% of GDP),2015,14.6862099976075,GNB
12058,Gross capital formation (% of GDP),2015,24.7014529043977,GNQ
12059,Gross capital formation (% of GDP),2015,12.0084097844243,GRC
12060,Gross capital formation (% of GDP),2015,,GRD
12061,Gross capital formation (% of GDP),2015,24.0296661076021,GRL
12062,Gross capital formation (% of GDP),2015,14.8281550887065,GTM
12063,Gross capital formation (% of GDP),2015,,GUM
12064,Gross capital formation (% of GDP),2015,,GUY
12065,Gross capital formation (% of GDP),2015,22.1611797338438,High income
12066,Gross capital formation (% of GDP),2015,21.5414797271378,HKG
12067,Gross capital formation (% of GDP),2015,25.1180047488604,HND
12068,Gross capital formation (% of GDP),2015,26.6091578200286,Heavily indebted poor countries (HIPC)
12069,Gross capital formation (% of GDP),2015,19.4804735795371,HRV
12070,Gross capital formation (% of GDP),2015,13.9737286463314,HTI
12071,Gross capital formation (% of GDP),2015,23.8567656111926,HUN
12072,Gross capital formation (% of GDP),2015,32.7456457585958,IBRD only
12073,Gross capital formation (% of GDP),2015,32.3071175607217,IDA & IBRD total
12074,Gross capital formation (% of GDP),2015,25.4241210386097,IDA total
12075,Gross capital formation (% of GDP),2015,,IDA blend
12076,Gross capital formation (% of GDP),2015,34.0627921803386,IDN
12077,Gross capital formation (% of GDP),2015,27.5995719053761,IDA only
12078,Gross capital formation (% of GDP),2015,,IMN
12079,Gross capital formation (% of GDP),2015,32.1167301358276,IND
12080,Gross capital formation (% of GDP),2015,,Not classified
12081,Gross capital formation (% of GDP),2015,26.0589198204991,IRL
12082,Gross capital formation (% of GDP),2015,31.9824085202657,IRN
12083,Gross capital formation (% of GDP),2015,20.359651707882,IRQ
12084,Gross capital formation (% of GDP),2015,19.4036286821863,ISL
12085,Gross capital formation (% of GDP),2015,22.0950032219134,ISR
12086,Gross capital formation (% of GDP),2015,17.2813174853484,ITA
12087,Gross capital formation (% of GDP),2015,21.3519257060259,JAM
12088,Gross capital formation (% of GDP),2015,24.8350329106344,JOR
12089,Gross capital formation (% of GDP),2015,25.1653478796719,JPN
12090,Gross capital formation (% of GDP),2015,27.9079156027413,KAZ
12091,Gross capital formation (% of GDP),2015,22.1033982020293,KEN
12092,Gross capital formation (% of GDP),2015,34.6714692626578,KGZ
12093,Gross capital formation (% of GDP),2015,29.8714938168298,KHM
12094,Gross capital formation (% of GDP),2015,37.7690573638693,KIR
12095,Gross capital formation (% of GDP),2015,,KNA
12096,Gross capital formation (% of GDP),2015,29.5292808218765,KOR
12097,Gross capital formation (% of GDP),2015,25.4281226819183,KWT
12098,Gross capital formation (% of GDP),2015,19.8719864718885,Latin America & Caribbean (
12099,Gross capital formation (% of GDP),2015,31.556651604237,LAO
12100,Gross capital formation (% of GDP),2015,22.2227792570986,LBN
12101,Gross capital formation (% of GDP),2015,,LBR
12102,Gross capital formation (% of GDP),2015,17.382012837146,LBY
12103,Gross capital formation (% of GDP),2015,,LCA
12104,Gross capital formation (% of GDP),2015,20.1739119050499,Latin America & Caribbean
12105,Gross capital formation (% of GDP),2015,27.4400706167448,Least developed countries: UN classification
12106,Gross capital formation (% of GDP),2015,18.6920604015045,Low income
12107,Gross capital formation (% of GDP),2015,,LIE
12108,Gross capital formation (% of GDP),2015,34.2757988098221,LKA
12109,Gross capital formation (% of GDP),2015,28.1084114161784,Lower middle income
12110,Gross capital formation (% of GDP),2015,33.2090483650595,Low & middle income
12111,Gross capital formation (% of GDP),2015,30.4366347369568,LSO
12112,Gross capital formation (% of GDP),2015,34.7205519179413,Late-demographic dividend
12113,Gross capital formation (% of GDP),2015,22.5552269115381,LTU
12114,Gross capital formation (% of GDP),2015,18.9584857711264,LUX
12115,Gross capital formation (% of GDP),2015,24.1497367174547,LVA
12116,Gross capital formation (% of GDP),2015,25.336939962414,MAC
12117,Gross capital formation (% of GDP),2015,,MAF
12118,Gross capital formation (% of GDP),2015,30.1771882324678,MAR
12119,Gross capital formation (% of GDP),2015,,MCO
12120,Gross capital formation (% of GDP),2015,24.0620907895527,MDA
12121,Gross capital formation (% of GDP),2015,15.9918879278761,MDG
12122,Gross capital formation (% of GDP),2015,31.9049232315583,MDV
12123,Gross capital formation (% of GDP),2015,26.7950469465706,AFG
12124,Gross capital formation (% of GDP),2015,23.7361297427944,MEX
12125,Gross capital formation (% of GDP),2015,17.3935220468155,MHL
12126,Gross capital formation (% of GDP),2015,33.3757785190469,Middle income
12127,Gross capital formation (% of GDP),2015,30.4035752494839,MKD
12128,Gross capital formation (% of GDP),2015,24.8949550301917,MLI
12129,Gross capital formation (% of GDP),2015,23.454682372101,MLT
12130,Gross capital formation (% of GDP),2015,,MMR
12131,Gross capital formation (% of GDP),2015,25.0970703980215,AFG
12132,Gross capital formation (% of GDP),2015,20.0951590800632,MNE
12133,Gross capital formation (% of GDP),2015,24.5138485191018,MNG
12134,Gross capital formation (% of GDP),2015,,MNP
12135,Gross capital formation (% of GDP),2015,42.245787501845,MOZ
12136,Gross capital formation (% of GDP),2015,38.4614769908791,MRT
12137,Gross capital formation (% of GDP),2015,17.4924454073778,MUS
12138,Gross capital formation (% of GDP),2015,,MWI
12139,Gross capital formation (% of GDP),2015,25.424263277142,MYS
12140,Gross capital formation (% of GDP),2015,21.6006154097736,North America
12141,Gross capital formation (% of GDP),2015,30.5564396891943,NAM
12142,Gross capital formation (% of GDP),2015,34.7225325646771,NCL
12143,Gross capital formation (% of GDP),2015,32.3568228692158,NER
12144,Gross capital formation (% of GDP),2015,,NGA
12145,Gross capital formation (% of GDP),2015,33.4766376040407,NIC
12146,Gross capital formation (% of GDP),2015,22.1699860549934,NLD
12147,Gross capital formation (% of GDP),2015,26.9188414862645,NOR
12148,Gross capital formation (% of GDP),2015,31.2774348208688,NPL
12149,Gross capital formation (% of GDP),2015,,NRU
12150,Gross capital formation (% of GDP),2015,23.1953014645751,NZL
12151,Gross capital formation (% of GDP),2015,22.0711435075138,OECD members
12152,Gross capital formation (% of GDP),2015,36.3715664991426,OMN
12153,Gross capital formation (% of GDP),2015,22.2160098085892,Other small states
12154,Gross capital formation (% of GDP),2015,15.8109305452723,PAK
12155,Gross capital formation (% of GDP),2015,42.2663686244598,PAN
12156,Gross capital formation (% of GDP),2015,24.3051143583227,PER
12157,Gross capital formation (% of GDP),2015,21.3409478711064,PHL
12158,Gross capital formation (% of GDP),2015,29.6950629929619,PLW
12159,Gross capital formation (% of GDP),2015,,PNG
12160,Gross capital formation (% of GDP),2015,20.8016958781231,POL
12161,Gross capital formation (% of GDP),2015,,Pre-demographic dividend
12162,Gross capital formation (% of GDP),2015,8.59855575063724,PRI
12163,Gross capital formation (% of GDP),2015,,PRK
12164,Gross capital formation (% of GDP),2015,15.9379888733382,PRT
12165,Gross capital formation (% of GDP),2015,21.8786824129486,PRY
12166,Gross capital formation (% of GDP),2015,25.0880306890727,PSE
12167,Gross capital formation (% of GDP),2015,24.682662422358,Pacific island small states
12168,Gross capital formation (% of GDP),2015,21.8482759775356,Post-demographic dividend
12169,Gross capital formation (% of GDP),2015,19.9706011745564,PYF
12170,Gross capital formation (% of GDP),2015,37.0671762300681,QAT
12171,Gross capital formation (% of GDP),2015,25.4960152893431,ROU
12172,Gross capital formation (% of GDP),2015,22.148725318159,RUS
12173,Gross capital formation (% of GDP),2015,24.240978094561,RWA
12174,Gross capital formation (% of GDP),2015,31.9449594509372,South Asia
12175,Gross capital formation (% of GDP),2015,32.4339384933454,SAU
12176,Gross capital formation (% of GDP),2015,12.8081335322639,SDN
12177,Gross capital formation (% of GDP),2015,25.8333087504104,SEN
12178,Gross capital formation (% of GDP),2015,25.353193018866,SGP
12179,Gross capital formation (% of GDP),2015,15.9452070674382,SLB
12180,Gross capital formation (% of GDP),2015,18.0613249475414,SLE
12181,Gross capital formation (% of GDP),2015,16.0169876236441,SLV
12182,Gross capital formation (% of GDP),2015,12.0862040532505,SMR
12183,Gross capital formation (% of GDP),2015,13.1480812127699,SOM
12184,Gross capital formation (% of GDP),2015,18.5143098449514,SRB
12185,Gross capital formation (% of GDP),2015,23.4462552108349,Sub-Saharan Africa (
12186,Gross capital formation (% of GDP),2015,5.75075637151052,SSD
12187,Gross capital formation (% of GDP),2015,24.4431947139634,Sub-Saharan Africa
12188,Gross capital formation (% of GDP),2015,22.6251360178407,Small states
12189,Gross capital formation (% of GDP),2015,,STP
12190,Gross capital formation (% of GDP),2015,,SUR
12191,Gross capital formation (% of GDP),2015,25.7777282551685,SVK
12192,Gross capital formation (% of GDP),2015,19.4686216573949,SVN
12193,Gross capital formation (% of GDP),2015,23.788437157721,SWE
12194,Gross capital formation (% of GDP),2015,17.2313886417592,SWZ
12195,Gross capital formation (% of GDP),2015,,SXM
12196,Gross capital formation (% of GDP),2015,26.8795153716518,SYC
12197,Gross capital formation (% of GDP),2015,,SYR
12198,Gross capital formation (% of GDP),2015,,TCA
12199,Gross capital formation (% of GDP),2015,22.8922387955511,TCD
12200,Gross capital formation (% of GDP),2015,40.460065366799,East Asia & Pacific (IDA & IBRD countries)
12201,Gross capital formation (% of GDP),2015,24.0584285537524,Europe & Central Asia (IDA & IBRD countries)
12202,Gross capital formation (% of GDP),2015,25.1850305559403,TGO
12203,Gross capital formation (% of GDP),2015,22.3556406383245,THA
12204,Gross capital formation (% of GDP),2015,44.6894530560362,TJK
12205,Gross capital formation (% of GDP),2015,,TKM
12206,Gross capital formation (% of GDP),2015,20.6019545865183,Latin America & the Caribbean (IDA & IBRD countries)
12207,Gross capital formation (% of GDP),2015,36.9492802033148,TLS
12208,Gross capital formation (% of GDP),2015,25.0982051817328,AFG
12209,Gross capital formation (% of GDP),2015,24.5716110576572,TON
12210,Gross capital formation (% of GDP),2015,31.9449594509372,South Asia (IDA & IBRD)
12211,Gross capital formation (% of GDP),2015,24.4431947139634,Sub-Saharan Africa (IDA & IBRD countries)
12212,Gross capital formation (% of GDP),2015,25.3091748883586,TTO
12213,Gross capital formation (% of GDP),2015,21.7389997127019,TUN
12214,Gross capital formation (% of GDP),2015,28.1992021702007,TUR
12215,Gross capital formation (% of GDP),2015,,TUV
12216,Gross capital formation (% of GDP),2015,32.7586922845607,TZA
12217,Gross capital formation (% of GDP),2015,23.8597944507535,UGA
12218,Gross capital formation (% of GDP),2015,15.9333160342442,UKR
12219,Gross capital formation (% of GDP),2015,34.5788744812894,Upper middle income
12220,Gross capital formation (% of GDP),2015,19.7053903958941,URY
12221,Gross capital formation (% of GDP),2015,21.4151895660781,USA
12222,Gross capital formation (% of GDP),2015,26.3433388950841,UZB
12223,Gross capital formation (% of GDP),2015,,VCT
12224,Gross capital formation (% of GDP),2015,,VEN
12225,Gross capital formation (% of GDP),2015,,VGB
12226,Gross capital formation (% of GDP),2015,,VIR
12227,Gross capital formation (% of GDP),2015,32.1089158178217,VNM
12228,Gross capital formation (% of GDP),2015,33.6795574772338,VUT
12229,Gross capital formation (% of GDP),2015,25.8265295137679,World
12230,Gross capital formation (% of GDP),2015,35.8616376044544,WSM
12231,Gross capital formation (% of GDP),2015,30.4324686404239,XKX
12232,Gross capital formation (% of GDP),2015,,YEM
12233,Gross capital formation (% of GDP),2015,18.6332066638376,ZAF
12234,Gross capital formation (% of GDP),2015,42.8051164515408,ZMB
12235,Gross capital formation (% of GDP),2015,10.0359230470755,ZWE
12236,Gross capital formation (% of GDP),2016,20.5750100127193,ABW
12237,Gross capital formation (% of GDP),2016,21.4795054191288,Africa Eastern and Southern
12238,Gross capital formation (% of GDP),2016,,AFG
12239,Gross capital formation (% of GDP),2016,,Africa Western and Central
12240,Gross capital formation (% of GDP),2016,27.2147092687935,AGO
12241,Gross capital formation (% of GDP),2016,26.814346013014,ALB
12242,Gross capital formation (% of GDP),2016,,AND
12243,Gross capital formation (% of GDP),2016,27.0853289099491,Arab World
12244,Gross capital formation (% of GDP),2016,21.6356185610315,ARE
12245,Gross capital formation (% of GDP),2016,17.6632278606203,ARG
12246,Gross capital formation (% of GDP),2016,18.0155086734171,ARM
12247,Gross capital formation (% of GDP),2016,,ASM
12248,Gross capital formation (% of GDP),2016,,ATG
12249,Gross capital formation (% of GDP),2016,25.4481836814214,AUS
12250,Gross capital formation (% of GDP),2016,24.4571707244108,AUT
12251,Gross capital formation (% of GDP),2016,25.6813382496045,AZE
12252,Gross capital formation (% of GDP),2016,9.23740996969432,BDI
12253,Gross capital formation (% of GDP),2016,24.1815766017974,BEL
12254,Gross capital formation (% of GDP),2016,20.2720396046954,BEN
12255,Gross capital formation (% of GDP),2016,20.7955479484027,BFA
12256,Gross capital formation (% of GDP),2016,30.2397639179985,BGD
12257,Gross capital formation (% of GDP),2016,18.9624324900328,BGR
12258,Gross capital formation (% of GDP),2016,27.8856985037807,BHR
12259,Gross capital formation (% of GDP),2016,25.7808751862233,BHS
12260,Gross capital formation (% of GDP),2016,22.7149682778236,BIH
12261,Gross capital formation (% of GDP),2016,26.4775827022928,BLR
12262,Gross capital formation (% of GDP),2016,17.9894652263191,BLZ
12263,Gross capital formation (% of GDP),2016,12.8032086210967,BMU
12264,Gross capital formation (% of GDP),2016,21.0573618533858,BOL
12265,Gross capital formation (% of GDP),2016,14.9695469721031,BRA
12266,Gross capital formation (% of GDP),2016,,BRB
12267,Gross capital formation (% of GDP),2016,34.6202628217566,BRN
12268,Gross capital formation (% of GDP),2016,56.3993877727553,BTN
12269,Gross capital formation (% of GDP),2016,22.0676982064961,BWA
12270,Gross capital formation (% of GDP),2016,22.463467946845,CAF
12271,Gross capital formation (% of GDP),2016,22.7611201594839,CAN
12272,Gross capital formation (% of GDP),2016,21.8623425884275,Central Europe and the Baltics
12273,Gross capital formation (% of GDP),2016,25.561928395454,CHE
12274,Gross capital formation (% of GDP),2016,,Channel Islands
12275,Gross capital formation (% of GDP),2016,23.7087902931288,CHL
12276,Gross capital formation (% of GDP),2016,42.1386166189127,CHN
12277,Gross capital formation (% of GDP),2016,23.1954091913848,CIV
12278,Gross capital formation (% of GDP),2016,19.8180548448427,CMR
12279,Gross capital formation (% of GDP),2016,17.3999358977091,COD
12280,Gross capital formation (% of GDP),2016,71.266855758205,COG
12281,Gross capital formation (% of GDP),2016,23.1674195572494,COL
12282,Gross capital formation (% of GDP),2016,12.5606730066488,COM
12283,Gross capital formation (% of GDP),2016,28.5553782407275,CPV
12284,Gross capital formation (% of GDP),2016,18.8889409779287,CRI
12285,Gross capital formation (% of GDP),2016,,Caribbean small states
12286,Gross capital formation (% of GDP),2016,9.56020685934834,CUB
12287,Gross capital formation (% of GDP),2016,28.6395278604093,CUW
12288,Gross capital formation (% of GDP),2016,,CYM
12289,Gross capital formation (% of GDP),2016,17.0541463112928,CYP
12290,Gross capital formation (% of GDP),2016,25.0750046974725,CZE
12291,Gross capital formation (% of GDP),2016,19.7348651955033,DEU
12292,Gross capital formation (% of GDP),2016,21.9359401140492,DJI
12293,Gross capital formation (% of GDP),2016,,DMA
12294,Gross capital formation (% of GDP),2016,21.680712423112,DNK
12295,Gross capital formation (% of GDP),2016,22.1728652705364,DOM
12296,Gross capital formation (% of GDP),2016,51.6415142855742,DZA
12297,Gross capital formation (% of GDP),2016,39.9356774726548,East Asia & Pacific (
12298,Gross capital formation (% of GDP),2016,26.7376761918394,Early-demographic dividend
12299,Gross capital formation (% of GDP),2016,34.1557901821688,East Asia & Pacific
12300,Gross capital formation (% of GDP),2016,26.9722624520726,Europe & Central Asia (
12301,Gross capital formation (% of GDP),2016,21.1969295178468,Europe & Central Asia
12302,Gross capital formation (% of GDP),2016,20.2460508591084,ECU
12303,Gross capital formation (% of GDP),2016,15.0402303092936,EGY
12304,Gross capital formation (% of GDP),2016,20.395600034791,Euro area
12305,Gross capital formation (% of GDP),2016,,ERI
12306,Gross capital formation (% of GDP),2016,19.0611122143393,ESP
12307,Gross capital formation (% of GDP),2016,24.7023530937166,EST
12308,Gross capital formation (% of GDP),2016,37.3487629699646,ETH
12309,Gross capital formation (% of GDP),2016,20.677471446015,European Union
12310,Gross capital formation (% of GDP),2016,,Fragile and conflict affected situations
12311,Gross capital formation (% of GDP),2016,23.5883124649425,FIN
12312,Gross capital formation (% of GDP),2016,21.1161731855769,FJI
12313,Gross capital formation (% of GDP),2016,21.5978606152326,FRA
12314,Gross capital formation (% of GDP),2016,22.1636691977062,FRO
12315,Gross capital formation (% of GDP),2016,,FSM
12316,Gross capital formation (% of GDP),2016,26.9822610431075,GAB
12317,Gross capital formation (% of GDP),2016,17.9347223024184,GBR
12318,Gross capital formation (% of GDP),2016,28.9031069953219,GEO
12319,Gross capital formation (% of GDP),2016,25.4556554537134,GHA
12320,Gross capital formation (% of GDP),2016,,GIB
12321,Gross capital formation (% of GDP),2016,52.6698445118375,GIN
12322,Gross capital formation (% of GDP),2016,24.919934192266,GMB
12323,Gross capital formation (% of GDP),2016,17.6713587535475,GNB
12324,Gross capital formation (% of GDP),2016,16.6986459903143,GNQ
12325,Gross capital formation (% of GDP),2016,12.4680861540635,GRC
12326,Gross capital formation (% of GDP),2016,,GRD
12327,Gross capital formation (% of GDP),2016,24.4966719162409,GRL
12328,Gross capital formation (% of GDP),2016,13.8619687578343,GTM
12329,Gross capital formation (% of GDP),2016,,GUM
12330,Gross capital formation (% of GDP),2016,,GUY
12331,Gross capital formation (% of GDP),2016,21.9772330928449,High income
12332,Gross capital formation (% of GDP),2016,21.5074050489079,HKG
12333,Gross capital formation (% of GDP),2016,23.3771285357634,HND
12334,Gross capital formation (% of GDP),2016,26.1095145300103,Heavily indebted poor countries (HIPC)
12335,Gross capital formation (% of GDP),2016,19.8950899382395,HRV
12336,Gross capital formation (% of GDP),2016,13.5922278864188,HTI
12337,Gross capital formation (% of GDP),2016,22.0321821931455,HUN
12338,Gross capital formation (% of GDP),2016,32.1988844474554,IBRD only
12339,Gross capital formation (% of GDP),2016,31.9056482107365,IDA & IBRD total
12340,Gross capital formation (% of GDP),2016,27.3572611603559,IDA total
12341,Gross capital formation (% of GDP),2016,,IDA blend
12342,Gross capital formation (% of GDP),2016,33.8587393039462,IDN
12343,Gross capital formation (% of GDP),2016,28.7783253728966,IDA only
12344,Gross capital formation (% of GDP),2016,,IMN
12345,Gross capital formation (% of GDP),2016,30.172690580036,IND
12346,Gross capital formation (% of GDP),2016,,Not classified
12347,Gross capital formation (% of GDP),2016,35.5941897092708,IRL
12348,Gross capital formation (% of GDP),2016,29.1091993391312,IRN
12349,Gross capital formation (% of GDP),2016,17.8772047937279,IRQ
12350,Gross capital formation (% of GDP),2016,21.0838902078912,ISL
12351,Gross capital formation (% of GDP),2016,23.0646486702564,ISR
12352,Gross capital formation (% of GDP),2016,17.7118639941996,ITA
12353,Gross capital formation (% of GDP),2016,21.2881500305229,JAM
12354,Gross capital formation (% of GDP),2016,23.4044187563796,JOR
12355,Gross capital formation (% of GDP),2016,24.8355973184149,JPN
12356,Gross capital formation (% of GDP),2016,27.8275828886455,KAZ
12357,Gross capital formation (% of GDP),2016,19.3484358309332,KEN
12358,Gross capital formation (% of GDP),2016,33.9391792937351,KGZ
12359,Gross capital formation (% of GDP),2016,30.3850325759008,KHM
12360,Gross capital formation (% of GDP),2016,29.9666166684789,KIR
12361,Gross capital formation (% of GDP),2016,,KNA
12362,Gross capital formation (% of GDP),2016,30.1426786021619,KOR
12363,Gross capital formation (% of GDP),2016,29.9591125160506,KWT
12364,Gross capital formation (% of GDP),2016,18.8007729117784,Latin America & Caribbean (
12365,Gross capital formation (% of GDP),2016,29.0076540961796,LAO
12366,Gross capital formation (% of GDP),2016,23.1425713718061,LBN
12367,Gross capital formation (% of GDP),2016,,LBR
12368,Gross capital formation (% of GDP),2016,13.8004674607543,LBY
12369,Gross capital formation (% of GDP),2016,,LCA
12370,Gross capital formation (% of GDP),2016,19.0679724999788,Latin America & Caribbean
12371,Gross capital formation (% of GDP),2016,27.7484854859082,Least developed countries: UN classification
12372,Gross capital formation (% of GDP),2016,19.1550609698327,Low income
12373,Gross capital formation (% of GDP),2016,,LIE
12374,Gross capital formation (% of GDP),2016,36.453044458329,LKA
12375,Gross capital formation (% of GDP),2016,28.0844248873038,Lower middle income
12376,Gross capital formation (% of GDP),2016,32.7490852849001,Low & middle income
12377,Gross capital formation (% of GDP),2016,28.7760063691053,LSO
12378,Gross capital formation (% of GDP),2016,34.4909574954361,Late-demographic dividend
12379,Gross capital formation (% of GDP),2016,20.2876398712687,LTU
12380,Gross capital formation (% of GDP),2016,17.9319132619894,LUX
12381,Gross capital formation (% of GDP),2016,21.7559480147378,LVA
12382,Gross capital formation (% of GDP),2016,21.847179361943,MAC
12383,Gross capital formation (% of GDP),2016,,MAF
12384,Gross capital formation (% of GDP),2016,31.9579912798641,MAR
12385,Gross capital formation (% of GDP),2016,,MCO
12386,Gross capital formation (% of GDP),2016,21.9868853235417,MDA
12387,Gross capital formation (% of GDP),2016,16.3659933895724,MDG
12388,Gross capital formation (% of GDP),2016,39.7662853405846,MDV
12389,Gross capital formation (% of GDP),2016,26.2447876501189,AFG
12390,Gross capital formation (% of GDP),2016,24.3433923355958,MEX
12391,Gross capital formation (% of GDP),2016,20.8306243805748,MHL
12392,Gross capital formation (% of GDP),2016,32.874472394114,Middle income
12393,Gross capital formation (% of GDP),2016,32.5096882119049,MKD
12394,Gross capital formation (% of GDP),2016,27.3161677115008,MLI
12395,Gross capital formation (% of GDP),2016,21.9405775854978,MLT
12396,Gross capital formation (% of GDP),2016,,MMR
12397,Gross capital formation (% of GDP),2016,24.5280657001715,AFG
12398,Gross capital formation (% of GDP),2016,26.1045756030723,MNE
12399,Gross capital formation (% of GDP),2016,22.6294099437432,MNG
12400,Gross capital formation (% of GDP),2016,,MNP
12401,Gross capital formation (% of GDP),2016,46.2803958702032,MOZ
12402,Gross capital formation (% of GDP),2016,31.2776418660843,MRT
12403,Gross capital formation (% of GDP),2016,17.2729100576382,MUS
12404,Gross capital formation (% of GDP),2016,,MWI
12405,Gross capital formation (% of GDP),2016,25.9955119994004,MYS
12406,Gross capital formation (% of GDP),2016,21.0259320157574,North America
12407,Gross capital formation (% of GDP),2016,22.0299428254904,NAM
12408,Gross capital formation (% of GDP),2016,29.2358447236138,NCL
12409,Gross capital formation (% of GDP),2016,27.5210696310413,NER
12410,Gross capital formation (% of GDP),2016,,NGA
12411,Gross capital formation (% of GDP),2016,31.2003868955466,NIC
12412,Gross capital formation (% of GDP),2016,19.7764432256049,NLD
12413,Gross capital formation (% of GDP),2016,27.7264215581661,NOR
12414,Gross capital formation (% of GDP),2016,28.2409991995242,NPL
12415,Gross capital formation (% of GDP),2016,,NRU
12416,Gross capital formation (% of GDP),2016,23.1657261077796,NZL
12417,Gross capital formation (% of GDP),2016,21.8966589027329,OECD members
12418,Gross capital formation (% of GDP),2016,36.0864748848963,OMN
12419,Gross capital formation (% of GDP),2016,23.6896170630471,Other small states
12420,Gross capital formation (% of GDP),2016,15.9357468463989,PAK
12421,Gross capital formation (% of GDP),2016,40.2623341153563,PAN
12422,Gross capital formation (% of GDP),2016,22.0213133889585,PER
12423,Gross capital formation (% of GDP),2016,24.618503101685,PHL
12424,Gross capital formation (% of GDP),2016,29.9994804298019,PLW
12425,Gross capital formation (% of GDP),2016,,PNG
12426,Gross capital formation (% of GDP),2016,20.0873009067718,POL
12427,Gross capital formation (% of GDP),2016,,Pre-demographic dividend
12428,Gross capital formation (% of GDP),2016,8.07529852870562,PRI
12429,Gross capital formation (% of GDP),2016,,PRK
12430,Gross capital formation (% of GDP),2016,16.0283624571119,PRT
12431,Gross capital formation (% of GDP),2016,19.8061739561247,PRY
12432,Gross capital formation (% of GDP),2016,25.2528334220468,PSE
12433,Gross capital formation (% of GDP),2016,23.2465707720402,Pacific island small states
12434,Gross capital formation (% of GDP),2016,21.622206631052,Post-demographic dividend
12435,Gross capital formation (% of GDP),2016,18.3657938165901,PYF
12436,Gross capital formation (% of GDP),2016,48.8690702249518,QAT
12437,Gross capital formation (% of GDP),2016,23.6646873522112,ROU
12438,Gross capital formation (% of GDP),2016,23.0954224731096,RUS
12439,Gross capital formation (% of GDP),2016,25.8958453602119,RWA
12440,Gross capital formation (% of GDP),2016,30.4067900213796,South Asia
12441,Gross capital formation (% of GDP),2016,28.1170520868555,SAU
12442,Gross capital formation (% of GDP),2016,9.3059152625505,SDN
12443,Gross capital formation (% of GDP),2016,25.3616730282266,SEN
12444,Gross capital formation (% of GDP),2016,26.3971777576543,SGP
12445,Gross capital formation (% of GDP),2016,17.216628360877,SLB
12446,Gross capital formation (% of GDP),2016,17.6618966541204,SLE
12447,Gross capital formation (% of GDP),2016,15.967514115536,SLV
12448,Gross capital formation (% of GDP),2016,15.7691979335881,SMR
12449,Gross capital formation (% of GDP),2016,12.8456368959279,SOM
12450,Gross capital formation (% of GDP),2016,18.1669241245312,SRB
12451,Gross capital formation (% of GDP),2016,22.5664732661354,Sub-Saharan Africa (
12452,Gross capital formation (% of GDP),2016,,SSD
12453,Gross capital formation (% of GDP),2016,23.7465998401635,Sub-Saharan Africa
12454,Gross capital formation (% of GDP),2016,23.0235484966935,Small states
12455,Gross capital formation (% of GDP),2016,,STP
12456,Gross capital formation (% of GDP),2016,,SUR
12457,Gross capital formation (% of GDP),2016,24.5392697834922,SVK
12458,Gross capital formation (% of GDP),2016,18.8479088939625,SVN
12459,Gross capital formation (% of GDP),2016,24.3267362174214,SWE
12460,Gross capital formation (% of GDP),2016,17.3775053792354,SWZ
12461,Gross capital formation (% of GDP),2016,,SXM
12462,Gross capital formation (% of GDP),2016,25.1347394249892,SYC
12463,Gross capital formation (% of GDP),2016,,SYR
12464,Gross capital formation (% of GDP),2016,,TCA
12465,Gross capital formation (% of GDP),2016,18.3585890168831,TCD
12466,Gross capital formation (% of GDP),2016,39.9356118024377,East Asia & Pacific (IDA & IBRD countries)
12467,Gross capital formation (% of GDP),2016,24.1764194758834,Europe & Central Asia (IDA & IBRD countries)
12468,Gross capital formation (% of GDP),2016,20.1572623345869,TGO
12469,Gross capital formation (% of GDP),2016,21.1054892015174,THA
12470,Gross capital formation (% of GDP),2016,40.5223187316003,TJK
12471,Gross capital formation (% of GDP),2016,,TKM
12472,Gross capital formation (% of GDP),2016,19.4767598580368,Latin America & the Caribbean (IDA & IBRD countries)
12473,Gross capital formation (% of GDP),2016,39.8487599183792,TLS
12474,Gross capital formation (% of GDP),2016,24.5222515872678,AFG
12475,Gross capital formation (% of GDP),2016,24.2123475342844,TON
12476,Gross capital formation (% of GDP),2016,30.4067900213796,South Asia (IDA & IBRD)
12477,Gross capital formation (% of GDP),2016,23.7465998401635,Sub-Saharan Africa (IDA & IBRD countries)
12478,Gross capital formation (% of GDP),2016,19.1521463317753,TTO
12479,Gross capital formation (% of GDP),2016,20.4751125285847,TUN
12480,Gross capital formation (% of GDP),2016,28.0196036096236,TUR
12481,Gross capital formation (% of GDP),2016,,TUV
12482,Gross capital formation (% of GDP),2016,32.1747860509655,TZA
12483,Gross capital formation (% of GDP),2016,25.4152882648293,UGA
12484,Gross capital formation (% of GDP),2016,21.7241623615989,UKR
12485,Gross capital formation (% of GDP),2016,34.0400395894372,Upper middle income
12486,Gross capital formation (% of GDP),2016,17.3891577314177,URY
12487,Gross capital formation (% of GDP),2016,20.8879562484549,USA
12488,Gross capital formation (% of GDP),2016,25.7592542108704,UZB
12489,Gross capital formation (% of GDP),2016,,VCT
12490,Gross capital formation (% of GDP),2016,,VEN
12491,Gross capital formation (% of GDP),2016,,VGB
12492,Gross capital formation (% of GDP),2016,,VIR
12493,Gross capital formation (% of GDP),2016,31.7245390951042,VNM
12494,Gross capital formation (% of GDP),2016,25.5704936446263,VUT
12495,Gross capital formation (% of GDP),2016,25.5291224397385,World
12496,Gross capital formation (% of GDP),2016,35.4648827223798,WSM
12497,Gross capital formation (% of GDP),2016,33.5220002547509,XKX
12498,Gross capital formation (% of GDP),2016,,YEM
12499,Gross capital formation (% of GDP),2016,16.9604522948246,ZAF
12500,Gross capital formation (% of GDP),2016,38.2062329128451,ZMB
12501,Gross capital formation (% of GDP),2016,9.86174106545716,ZWE
12502,Gross capital formation (% of GDP),2017,20.5511821265415,ABW
12503,Gross capital formation (% of GDP),2017,21.521960720018,Africa Eastern and Southern
12504,Gross capital formation (% of GDP),2017,,AFG
12505,Gross capital formation (% of GDP),2017,,Africa Western and Central
12506,Gross capital formation (% of GDP),2017,24.1303058646463,AGO
12507,Gross capital formation (% of GDP),2017,27.657593194662,ALB
12508,Gross capital formation (% of GDP),2017,,AND
12509,Gross capital formation (% of GDP),2017,26.3794836772972,Arab World
12510,Gross capital formation (% of GDP),2017,21.2814632346798,ARE
12511,Gross capital formation (% of GDP),2017,18.2125671747754,ARG
12512,Gross capital formation (% of GDP),2017,18.4217402148728,ARM
12513,Gross capital formation (% of GDP),2017,,ASM
12514,Gross capital formation (% of GDP),2017,,ATG
12515,Gross capital formation (% of GDP),2017,24.1763030856454,AUS
12516,Gross capital formation (% of GDP),2017,24.9780618382281,AUT
12517,Gross capital formation (% of GDP),2017,24.3789256985575,AZE
12518,Gross capital formation (% of GDP),2017,8.80601560454674,BDI
12519,Gross capital formation (% of GDP),2017,24.3318331321638,BEL
12520,Gross capital formation (% of GDP),2017,23.9604222292501,BEN
12521,Gross capital formation (% of GDP),2017,22.0618365902649,BFA
12522,Gross capital formation (% of GDP),2017,30.9468731155675,BGD
12523,Gross capital formation (% of GDP),2017,19.8169984706422,BGR
12524,Gross capital formation (% of GDP),2017,33.5452340547335,BHR
12525,Gross capital formation (% of GDP),2017,27.5562589881818,BHS
12526,Gross capital formation (% of GDP),2017,24.6345950144464,BIH
12527,Gross capital formation (% of GDP),2017,28.0303589091824,BLR
12528,Gross capital formation (% of GDP),2017,15.0465516480607,BLZ
12529,Gross capital formation (% of GDP),2017,13.763644733725,BMU
12530,Gross capital formation (% of GDP),2017,22.220286318471,BOL
12531,Gross capital formation (% of GDP),2017,14.6255875978858,BRA
12532,Gross capital formation (% of GDP),2017,,BRB
12533,Gross capital formation (% of GDP),2017,34.8047601846553,BRN
12534,Gross capital formation (% of GDP),2017,54.1677690599275,BTN
12535,Gross capital formation (% of GDP),2017,25.0058963191325,BWA
12536,Gross capital formation (% of GDP),2017,25.6012512008403,CAF
12537,Gross capital formation (% of GDP),2017,23.5504692286096,CAN
12538,Gross capital formation (% of GDP),2017,22.072018971782,Central Europe and the Baltics
12539,Gross capital formation (% of GDP),2017,26.0443143039171,CHE
12540,Gross capital formation (% of GDP),2017,,Channel Islands
12541,Gross capital formation (% of GDP),2017,22.6366699629063,CHL
12542,Gross capital formation (% of GDP),2017,42.5497375507577,CHN
12543,Gross capital formation (% of GDP),2017,20.8188163794498,CIV
12544,Gross capital formation (% of GDP),2017,19.4451374024879,CMR
12545,Gross capital formation (% of GDP),2017,24.9876783815733,COD
12546,Gross capital formation (% of GDP),2017,45.8944862253605,COG
12547,Gross capital formation (% of GDP),2017,21.5993768407696,COL
12548,Gross capital formation (% of GDP),2017,13.4334433748138,COM
12549,Gross capital formation (% of GDP),2017,29.2834862444324,CPV
12550,Gross capital formation (% of GDP),2017,18.0648742425179,CRI
12551,Gross capital formation (% of GDP),2017,,Caribbean small states
12552,Gross capital formation (% of GDP),2017,10.2982486535126,CUB
12553,Gross capital formation (% of GDP),2017,30.8959067067378,CUW
12554,Gross capital formation (% of GDP),2017,,CYM
12555,Gross capital formation (% of GDP),2017,20.3824581997576,CYP
12556,Gross capital formation (% of GDP),2017,25.0897410946251,CZE
12557,Gross capital formation (% of GDP),2017,20.5132823593337,DEU
12558,Gross capital formation (% of GDP),2017,21.6328079279849,DJI
12559,Gross capital formation (% of GDP),2017,,DMA
12560,Gross capital formation (% of GDP),2017,21.9568242214893,DNK
12561,Gross capital formation (% of GDP),2017,21.1809206285418,DOM
12562,Gross capital formation (% of GDP),2017,48.2675922575805,DZA
12563,Gross capital formation (% of GDP),2017,40.3880993349381,East Asia & Pacific (
12564,Gross capital formation (% of GDP),2017,27.2399761472187,Early-demographic dividend
12565,Gross capital formation (% of GDP),2017,34.7920751157325,East Asia & Pacific
12566,Gross capital formation (% of GDP),2017,28.2489353149698,Europe & Central Asia (
12567,Gross capital formation (% of GDP),2017,21.7967102930731,Europe & Central Asia
12568,Gross capital formation (% of GDP),2017,22.4803878213361,ECU
12569,Gross capital formation (% of GDP),2017,18.734101042151,EGY
12570,Gross capital formation (% of GDP),2017,20.9497418252909,Euro area
12571,Gross capital formation (% of GDP),2017,,ERI
12572,Gross capital formation (% of GDP),2017,19.5656670290524,ESP
12573,Gross capital formation (% of GDP),2017,25.9381976210924,EST
12574,Gross capital formation (% of GDP),2017,38.4439871569806,ETH
12575,Gross capital formation (% of GDP),2017,21.2064119241606,European Union
12576,Gross capital formation (% of GDP),2017,,Fragile and conflict affected situations
12577,Gross capital formation (% of GDP),2017,24.309542246313,FIN
12578,Gross capital formation (% of GDP),2017,21.4236915414976,FJI
12579,Gross capital formation (% of GDP),2017,22.1813991959176,FRA
12580,Gross capital formation (% of GDP),2017,23.4598770137724,FRO
12581,Gross capital formation (% of GDP),2017,,FSM
12582,Gross capital formation (% of GDP),2017,21.2986084367913,GAB
12583,Gross capital formation (% of GDP),2017,18.4831849687056,GBR
12584,Gross capital formation (% of GDP),2017,25.1248176100629,GEO
12585,Gross capital formation (% of GDP),2017,19.5655199555214,GHA
12586,Gross capital formation (% of GDP),2017,,GIB
12587,Gross capital formation (% of GDP),2017,22.270417145837,GIN
12588,Gross capital formation (% of GDP),2017,22.9597266827213,GMB
12589,Gross capital formation (% of GDP),2017,18.1207259537486,GNB
12590,Gross capital formation (% of GDP),2017,14.03171665413,GNQ
12591,Gross capital formation (% of GDP),2017,11.8883016329317,GRC
12592,Gross capital formation (% of GDP),2017,,GRD
12593,Gross capital formation (% of GDP),2017,23.61529351157,GRL
12594,Gross capital formation (% of GDP),2017,13.5961064660738,GTM
12595,Gross capital formation (% of GDP),2017,,GUM
12596,Gross capital formation (% of GDP),2017,,GUY
12597,Gross capital formation (% of GDP),2017,22.313508669887,High income
12598,Gross capital formation (% of GDP),2017,22.0690168599844,HKG
12599,Gross capital formation (% of GDP),2017,24.8207131723601,HND
12600,Gross capital formation (% of GDP),2017,25.587743028996,Heavily indebted poor countries (HIPC)
12601,Gross capital formation (% of GDP),2017,20.8240817861844,HRV
12602,Gross capital formation (% of GDP),2017,16.876979845919,HTI
12603,Gross capital formation (% of GDP),2017,23.2730768860194,HUN
12604,Gross capital formation (% of GDP),2017,32.4871129660716,IBRD only
12605,Gross capital formation (% of GDP),2017,32.2843607770066,IDA & IBRD total
12606,Gross capital formation (% of GDP),2017,28.5430529980522,IDA total
12607,Gross capital formation (% of GDP),2017,,IDA blend
12608,Gross capital formation (% of GDP),2017,33.7105947957751,IDN
12609,Gross capital formation (% of GDP),2017,29.7149717857091,IDA only
12610,Gross capital formation (% of GDP),2017,,IMN
12611,Gross capital formation (% of GDP),2017,30.9821728344733,IND
12612,Gross capital formation (% of GDP),2017,,Not classified
12613,Gross capital formation (% of GDP),2017,34.0175752653868,IRL
12614,Gross capital formation (% of GDP),2017,31.7965368195545,IRN
12615,Gross capital formation (% of GDP),2017,17.8524768622366,IRQ
12616,Gross capital formation (% of GDP),2017,21.7414389075369,ISL
12617,Gross capital formation (% of GDP),2017,23.1765981056332,ISR
12618,Gross capital formation (% of GDP),2017,18.1694222906025,ITA
12619,Gross capital formation (% of GDP),2017,22.531839949341,JAM
12620,Gross capital formation (% of GDP),2017,24.717360352457,JOR
12621,Gross capital formation (% of GDP),2017,25.2148269758242,JPN
12622,Gross capital formation (% of GDP),2017,26.3524825267661,KAZ
12623,Gross capital formation (% of GDP),2017,20.6634949022773,KEN
12624,Gross capital formation (% of GDP),2017,32.9020914624365,KGZ
12625,Gross capital formation (% of GDP),2017,30.6334526919382,KHM
12626,Gross capital formation (% of GDP),2017,27.020838111836,KIR
12627,Gross capital formation (% of GDP),2017,,KNA
12628,Gross capital formation (% of GDP),2017,32.2880634736146,KOR
12629,Gross capital formation (% of GDP),2017,27.7308387769298,KWT
12630,Gross capital formation (% of GDP),2017,18.434140241795,Latin America & Caribbean (
12631,Gross capital formation (% of GDP),2017,,LAO
12632,Gross capital formation (% of GDP),2017,21.787935227326,LBN
12633,Gross capital formation (% of GDP),2017,,LBR
12634,Gross capital formation (% of GDP),2017,13.7077561764599,LBY
12635,Gross capital formation (% of GDP),2017,,LCA
12636,Gross capital formation (% of GDP),2017,18.7027527268396,Latin America & Caribbean
12637,Gross capital formation (% of GDP),2017,28.838417880927,Least developed countries: UN classification
12638,Gross capital formation (% of GDP),2017,19.8955956536247,Low income
12639,Gross capital formation (% of GDP),2017,,LIE
12640,Gross capital formation (% of GDP),2017,39.7266305226638,LKA
12641,Gross capital formation (% of GDP),2017,29.4937964332987,Lower middle income
12642,Gross capital formation (% of GDP),2017,33.208490493543,Low & middle income
12643,Gross capital formation (% of GDP),2017,22.2056129829322,LSO
12644,Gross capital formation (% of GDP),2017,34.4666542663107,Late-demographic dividend
12645,Gross capital formation (% of GDP),2017,20.480115803004,LTU
12646,Gross capital formation (% of GDP),2017,18.8897175502242,LUX
12647,Gross capital formation (% of GDP),2017,22.7120380081921,LVA
12648,Gross capital formation (% of GDP),2017,19.5830170062392,MAC
12649,Gross capital formation (% of GDP),2017,,MAF
12650,Gross capital formation (% of GDP),2017,31.658071451264,MAR
12651,Gross capital formation (% of GDP),2017,,MCO
12652,Gross capital formation (% of GDP),2017,21.9389542125047,MDA
12653,Gross capital formation (% of GDP),2017,15.8063768976943,MDG
12654,Gross capital formation (% of GDP),2017,42.8197158524795,MDV
12655,Gross capital formation (% of GDP),2017,26.0561413472487,AFG
12656,Gross capital formation (% of GDP),2017,23.8923507095274,MEX
12657,Gross capital formation (% of GDP),2017,22.6604117922321,MHL
12658,Gross capital formation (% of GDP),2017,33.3202504150058,Middle income
12659,Gross capital formation (% of GDP),2017,32.2729434757145,MKD
12660,Gross capital formation (% of GDP),2017,25.5449834134051,MLI
12661,Gross capital formation (% of GDP),2017,19.1596389927706,MLT
12662,Gross capital formation (% of GDP),2017,,MMR
12663,Gross capital formation (% of GDP),2017,25.8952172455502,AFG
12664,Gross capital formation (% of GDP),2017,30.2228075655993,MNE
12665,Gross capital formation (% of GDP),2017,27.4062542965908,MNG
12666,Gross capital formation (% of GDP),2017,,MNP
12667,Gross capital formation (% of GDP),2017,32.2043068430655,MOZ
12668,Gross capital formation (% of GDP),2017,37.8988023757749,MRT
12669,Gross capital formation (% of GDP),2017,17.6679827687206,MUS
12670,Gross capital formation (% of GDP),2017,,MWI
12671,Gross capital formation (% of GDP),2017,25.5473434515187,MYS
12672,Gross capital formation (% of GDP),2017,21.3389835467047,North America
12673,Gross capital formation (% of GDP),2017,17.7664956160323,NAM
12674,Gross capital formation (% of GDP),2017,27.7917371370667,NCL
12675,Gross capital formation (% of GDP),2017,26.0152521380461,NER
12676,Gross capital formation (% of GDP),2017,,NGA
12677,Gross capital formation (% of GDP),2017,29.9154305259361,NIC
12678,Gross capital formation (% of GDP),2017,20.2151929584837,NLD
12679,Gross capital formation (% of GDP),2017,27.5528323979124,NOR
12680,Gross capital formation (% of GDP),2017,37.3250540060946,NPL
12681,Gross capital formation (% of GDP),2017,,NRU
12682,Gross capital formation (% of GDP),2017,23.70401682613,NZL
12683,Gross capital formation (% of GDP),2017,22.3038230290654,OECD members
12684,Gross capital formation (% of GDP),2017,33.8433678359827,OMN
12685,Gross capital formation (% of GDP),2017,24.4670146267671,Other small states
12686,Gross capital formation (% of GDP),2017,16.3328910849517,PAK
12687,Gross capital formation (% of GDP),2017,41.4845748352147,PAN
12688,Gross capital formation (% of GDP),2017,20.7118137063238,PER
12689,Gross capital formation (% of GDP),2017,25.5587738639602,PHL
12690,Gross capital formation (% of GDP),2017,33.6645658263305,PLW
12691,Gross capital formation (% of GDP),2017,,PNG
12692,Gross capital formation (% of GDP),2017,19.9081446848915,POL
12693,Gross capital formation (% of GDP),2017,,Pre-demographic dividend
12694,Gross capital formation (% of GDP),2017,7.79405384820606,PRI
12695,Gross capital formation (% of GDP),2017,,PRK
12696,Gross capital formation (% of GDP),2017,17.44628649988,PRT
12697,Gross capital formation (% of GDP),2017,20.6000429018101,PRY
12698,Gross capital formation (% of GDP),2017,27.5725446428571,PSE
12699,Gross capital formation (% of GDP),2017,23.8166055273317,Pacific island small states
12700,Gross capital formation (% of GDP),2017,22.0537413427755,Post-demographic dividend
12701,Gross capital formation (% of GDP),2017,19.6741291312004,PYF
12702,Gross capital formation (% of GDP),2017,42.6113615486274,QAT
12703,Gross capital formation (% of GDP),2017,23.9867377562262,ROU
12704,Gross capital formation (% of GDP),2017,23.6067558621651,RUS
12705,Gross capital formation (% of GDP),2017,23.8350248025789,RWA
12706,Gross capital formation (% of GDP),2017,31.3448894998044,South Asia
12707,Gross capital formation (% of GDP),2017,25.4757265766537,SAU
12708,Gross capital formation (% of GDP),2017,10.7686344431485,SDN
12709,Gross capital formation (% of GDP),2017,29.8155743419591,SEN
12710,Gross capital formation (% of GDP),2017,27.2765104656237,SGP
12711,Gross capital formation (% of GDP),2017,19.5612794148092,SLB
12712,Gross capital formation (% of GDP),2017,19.1399846347627,SLE
12713,Gross capital formation (% of GDP),2017,16.6770019364119,SLV
12714,Gross capital formation (% of GDP),2017,19.119353754217,SMR
12715,Gross capital formation (% of GDP),2017,13.8251070470324,SOM
12716,Gross capital formation (% of GDP),2017,19.7183969139317,SRB
12717,Gross capital formation (% of GDP),2017,22.8254597952427,Sub-Saharan Africa (
12718,Gross capital formation (% of GDP),2017,,SSD
12719,Gross capital formation (% of GDP),2017,24.0794221821781,Sub-Saharan Africa
12720,Gross capital formation (% of GDP),2017,24.0489689655772,Small states
12721,Gross capital formation (% of GDP),2017,,STP
12722,Gross capital formation (% of GDP),2017,,SUR
12723,Gross capital formation (% of GDP),2017,23.5559590901028,SVK
12724,Gross capital formation (% of GDP),2017,20.2503347880345,SVN
12725,Gross capital formation (% of GDP),2017,25.0752415442862,SWE
12726,Gross capital formation (% of GDP),2017,17.7061749360274,SWZ
12727,Gross capital formation (% of GDP),2017,,SXM
12728,Gross capital formation (% of GDP),2017,24.5351766928824,SYC
12729,Gross capital formation (% of GDP),2017,,SYR
12730,Gross capital formation (% of GDP),2017,,TCA
12731,Gross capital formation (% of GDP),2017,18.5366518857505,TCD
12732,Gross capital formation (% of GDP),2017,40.3881153075962,East Asia & Pacific (IDA & IBRD countries)
12733,Gross capital formation (% of GDP),2017,24.7781196297783,Europe & Central Asia (IDA & IBRD countries)
12734,Gross capital formation (% of GDP),2017,16.8362587290032,TGO
12735,Gross capital formation (% of GDP),2017,22.9342956887695,THA
12736,Gross capital formation (% of GDP),2017,29.9295561525461,TJK
12737,Gross capital formation (% of GDP),2017,,TKM
12738,Gross capital formation (% of GDP),2017,19.0459248278625,Latin America & the Caribbean (IDA & IBRD countries)
12739,Gross capital formation (% of GDP),2017,35.6344562459808,TLS
12740,Gross capital formation (% of GDP),2017,25.880366384576,AFG
12741,Gross capital formation (% of GDP),2017,27.0580122098047,TON
12742,Gross capital formation (% of GDP),2017,31.3448894998044,South Asia (IDA & IBRD)
12743,Gross capital formation (% of GDP),2017,24.0794221821781,Sub-Saharan Africa (IDA & IBRD countries)
12744,Gross capital formation (% of GDP),2017,20.6585336342458,TTO
12745,Gross capital formation (% of GDP),2017,21.2946579552305,TUN
12746,Gross capital formation (% of GDP),2017,30.6942181017627,TUR
12747,Gross capital formation (% of GDP),2017,,TUV
12748,Gross capital formation (% of GDP),2017,32.354141404315,TZA
12749,Gross capital formation (% of GDP),2017,24.6140426859449,UGA
12750,Gross capital formation (% of GDP),2017,19.9647326419625,UKR
12751,Gross capital formation (% of GDP),2017,34.240165527829,Upper middle income
12752,Gross capital formation (% of GDP),2017,15.9240356668873,URY
12753,Gross capital formation (% of GDP),2017,21.1557690246563,USA
12754,Gross capital formation (% of GDP),2017,27.2291863632741,UZB
12755,Gross capital formation (% of GDP),2017,,VCT
12756,Gross capital formation (% of GDP),2017,,VEN
12757,Gross capital formation (% of GDP),2017,,VGB
12758,Gross capital formation (% of GDP),2017,,VIR
12759,Gross capital formation (% of GDP),2017,32.305300920099,VNM
12760,Gross capital formation (% of GDP),2017,27.8615616470117,VUT
12761,Gross capital formation (% of GDP),2017,25.9946432977616,World
12762,Gross capital formation (% of GDP),2017,32.1825880825996,WSM
12763,Gross capital formation (% of GDP),2017,34.6926494889605,XKX
12764,Gross capital formation (% of GDP),2017,,YEM
12765,Gross capital formation (% of GDP),2017,16.6107340612402,ZAF
12766,Gross capital formation (% of GDP),2017,41.0018208583077,ZMB
12767,Gross capital formation (% of GDP),2017,14.7022431781545,ZWE
12768,Gross capital formation (% of GDP),2018,22.4017243113924,ABW
12769,Gross capital formation (% of GDP),2018,20.9050647577517,Africa Eastern and Southern
12770,Gross capital formation (% of GDP),2018,,AFG
12771,Gross capital formation (% of GDP),2018,,Africa Western and Central
12772,Gross capital formation (% of GDP),2018,17.8694205677582,AGO
12773,Gross capital formation (% of GDP),2018,27.1252994132038,ALB
12774,Gross capital formation (% of GDP),2018,,AND
12775,Gross capital formation (% of GDP),2018,25.3506972414183,Arab World
12776,Gross capital formation (% of GDP),2018,21.8306207812899,ARE
12777,Gross capital formation (% of GDP),2018,16.6138850156371,ARG
12778,Gross capital formation (% of GDP),2018,22.3997393267701,ARM
12779,Gross capital formation (% of GDP),2018,,ASM
12780,Gross capital formation (% of GDP),2018,,ATG
12781,Gross capital formation (% of GDP),2018,24.6464120040498,AUS
12782,Gross capital formation (% of GDP),2018,25.8982762235252,AUT
12783,Gross capital formation (% of GDP),2018,20.1294761024821,AZE
12784,Gross capital formation (% of GDP),2018,11.1034585930148,BDI
12785,Gross capital formation (% of GDP),2018,25.5515767637203,BEL
12786,Gross capital formation (% of GDP),2018,26.3865130249513,BEN
12787,Gross capital formation (% of GDP),2018,21.7391048190018,BFA
12788,Gross capital formation (% of GDP),2018,31.8225747704431,BGD
12789,Gross capital formation (% of GDP),2018,21.1168434390686,BGR
12790,Gross capital formation (% of GDP),2018,35.5603270592169,BHR
12791,Gross capital formation (% of GDP),2018,25.6388854218672,BHS
12792,Gross capital formation (% of GDP),2018,24.41012062718,BIH
12793,Gross capital formation (% of GDP),2018,28.0788785453202,BLR
12794,Gross capital formation (% of GDP),2018,16.5267633271558,BLZ
12795,Gross capital formation (% of GDP),2018,13.4097576009445,BMU
12796,Gross capital formation (% of GDP),2018,20.5963525597123,BOL
12797,Gross capital formation (% of GDP),2018,15.0950416291605,BRA
12798,Gross capital formation (% of GDP),2018,,BRB
12799,Gross capital formation (% of GDP),2018,41.0665958991301,BRN
12800,Gross capital formation (% of GDP),2018,54.0155173304793,BTN
12801,Gross capital formation (% of GDP),2018,25.902879643882,BWA
12802,Gross capital formation (% of GDP),2018,26.0,CAF
12803,Gross capital formation (% of GDP),2018,23.3773111619236,CAN
12804,Gross capital formation (% of GDP),2018,23.2497253920254,Central Europe and the Baltics
12805,Gross capital formation (% of GDP),2018,25.7344532320312,CHE
12806,Gross capital formation (% of GDP),2018,,Channel Islands
12807,Gross capital formation (% of GDP),2018,24.203078424347,CHL
12808,Gross capital formation (% of GDP),2018,43.313827489682,CHN
12809,Gross capital formation (% of GDP),2018,22.2527904990641,CIV
12810,Gross capital formation (% of GDP),2018,19.5380296351056,CMR
12811,Gross capital formation (% of GDP),2018,20.600959616347,COD
12812,Gross capital formation (% of GDP),2018,29.5270088622039,COG
12813,Gross capital formation (% of GDP),2018,21.1954755611258,COL
12814,Gross capital formation (% of GDP),2018,14.8680929255808,COM
12815,Gross capital formation (% of GDP),2018,27.486159184509,CPV
12816,Gross capital formation (% of GDP),2018,18.3698605659613,CRI
12817,Gross capital formation (% of GDP),2018,,Caribbean small states
12818,Gross capital formation (% of GDP),2018,12.0335788669111,CUB
12819,Gross capital formation (% of GDP),2018,41.0673551203898,CUW
12820,Gross capital formation (% of GDP),2018,,CYM
12821,Gross capital formation (% of GDP),2018,18.9464656052082,CYP
12822,Gross capital formation (% of GDP),2018,25.6426079021172,CZE
12823,Gross capital formation (% of GDP),2018,21.4705359458837,DEU
12824,Gross capital formation (% of GDP),2018,2.78690075604472,DJI
12825,Gross capital formation (% of GDP),2018,,DMA
12826,Gross capital formation (% of GDP),2018,22.5323146804877,DNK
12827,Gross capital formation (% of GDP),2018,25.2022908220767,DOM
12828,Gross capital formation (% of GDP),2018,46.4568594962626,DZA
12829,Gross capital formation (% of GDP),2018,41.2535652687586,East Asia & Pacific (
12830,Gross capital formation (% of GDP),2018,27.4259994091408,Early-demographic dividend
12831,Gross capital formation (% of GDP),2018,35.6299842451255,East Asia & Pacific
12832,Gross capital formation (% of GDP),2018,27.3741069327453,Europe & Central Asia (
12833,Gross capital formation (% of GDP),2018,21.9712860119172,Europe & Central Asia
12834,Gross capital formation (% of GDP),2018,22.5404393330524,ECU
12835,Gross capital formation (% of GDP),2018,20.6249196348206,EGY
12836,Gross capital formation (% of GDP),2018,21.5461895991877,Euro area
12837,Gross capital formation (% of GDP),2018,,ERI
12838,Gross capital formation (% of GDP),2018,20.7061758213476,ESP
12839,Gross capital formation (% of GDP),2018,27.8503992212561,EST
12840,Gross capital formation (% of GDP),2018,34.1629551124182,ETH
12841,Gross capital formation (% of GDP),2018,21.8312490716671,European Union
12842,Gross capital formation (% of GDP),2018,,Fragile and conflict affected situations
12843,Gross capital formation (% of GDP),2018,25.7234643496259,FIN
12844,Gross capital formation (% of GDP),2018,21.0488571034329,FJI
12845,Gross capital formation (% of GDP),2018,22.6115738942638,FRA
12846,Gross capital formation (% of GDP),2018,29.7112462006079,FRO
12847,Gross capital formation (% of GDP),2018,,FSM
12848,Gross capital formation (% of GDP),2018,19.2582324284114,GAB
12849,Gross capital formation (% of GDP),2018,18.1814464871133,GBR
12850,Gross capital formation (% of GDP),2018,27.9262958963283,GEO
12851,Gross capital formation (% of GDP),2018,21.7093349999065,GHA
12852,Gross capital formation (% of GDP),2018,,GIB
12853,Gross capital formation (% of GDP),2018,19.5473148183264,GIN
12854,Gross capital formation (% of GDP),2018,20.8784242569263,GMB
12855,Gross capital formation (% of GDP),2018,18.5517656544313,GNB
12856,Gross capital formation (% of GDP),2018,12.5014966275534,GNQ
12857,Gross capital formation (% of GDP),2018,12.9530537485632,GRC
12858,Gross capital formation (% of GDP),2018,,GRD
12859,Gross capital formation (% of GDP),2018,21.7411808603811,GRL
12860,Gross capital formation (% of GDP),2018,13.7904235788189,GTM
12861,Gross capital formation (% of GDP),2018,,GUM
12862,Gross capital formation (% of GDP),2018,,GUY
12863,Gross capital formation (% of GDP),2018,22.563165973313,High income
12864,Gross capital formation (% of GDP),2018,21.9946611253535,HKG
12865,Gross capital formation (% of GDP),2018,26.572086282814,HND
12866,Gross capital formation (% of GDP),2018,25.8662678047038,Heavily indebted poor countries (HIPC)
12867,Gross capital formation (% of GDP),2018,22.4766293691756,HRV
12868,Gross capital formation (% of GDP),2018,16.0510920039064,HTI
12869,Gross capital formation (% of GDP),2018,27.0910945827596,HUN
12870,Gross capital formation (% of GDP),2018,33.4176150400536,IBRD only
12871,Gross capital formation (% of GDP),2018,33.2004930258035,IDA & IBRD total
12872,Gross capital formation (% of GDP),2018,29.0805938122126,IDA total
12873,Gross capital formation (% of GDP),2018,,IDA blend
12874,Gross capital formation (% of GDP),2018,34.5705858319707,IDN
12875,Gross capital formation (% of GDP),2018,30.4486644703604,IDA only
12876,Gross capital formation (% of GDP),2018,,IMN
12877,Gross capital formation (% of GDP),2018,32.3432182154485,IND
12878,Gross capital formation (% of GDP),2018,,Not classified
12879,Gross capital formation (% of GDP),2018,28.197121467923,IRL
12880,Gross capital formation (% of GDP),2018,33.2091237993156,IRN
12881,Gross capital formation (% of GDP),2018,17.5854705162866,IRQ
12882,Gross capital formation (% of GDP),2018,22.1094122903994,ISL
12883,Gross capital formation (% of GDP),2018,24.1309941879779,ISR
12884,Gross capital formation (% of GDP),2018,18.6608716078644,ITA
12885,Gross capital formation (% of GDP),2018,23.3115188992384,JAM
12886,Gross capital formation (% of GDP),2018,24.3624336974922,JOR
12887,Gross capital formation (% of GDP),2018,25.6417143090178,JPN
12888,Gross capital formation (% of GDP),2018,25.258212709599,KAZ
12889,Gross capital formation (% of GDP),2018,19.3759862497025,KEN
12890,Gross capital formation (% of GDP),2018,36.0166291525462,KGZ
12891,Gross capital formation (% of GDP),2018,30.7394192448512,KHM
12892,Gross capital formation (% of GDP),2018,18.9694466832769,KIR
12893,Gross capital formation (% of GDP),2018,,KNA
12894,Gross capital formation (% of GDP),2018,31.487184177201,KOR
12895,Gross capital formation (% of GDP),2018,25.5469562900949,KWT
12896,Gross capital formation (% of GDP),2018,18.6710747848391,Latin America & Caribbean (
12897,Gross capital formation (% of GDP),2018,,LAO
12898,Gross capital formation (% of GDP),2018,22.4871034019622,LBN
12899,Gross capital formation (% of GDP),2018,,LBR
12900,Gross capital formation (% of GDP),2018,15.1337630488594,LBY
12901,Gross capital formation (% of GDP),2018,,LCA
12902,Gross capital formation (% of GDP),2018,19.1703578929992,Latin America & Caribbean
12903,Gross capital formation (% of GDP),2018,29.3018723984392,Least developed countries: UN classification
12904,Gross capital formation (% of GDP),2018,21.2691155178553,Low income
12905,Gross capital formation (% of GDP),2018,,LIE
12906,Gross capital formation (% of GDP),2018,38.0567747750533,LKA
12907,Gross capital formation (% of GDP),2018,30.3590714581624,Lower middle income
12908,Gross capital formation (% of GDP),2018,34.3087003207116,Low & middle income
12909,Gross capital formation (% of GDP),2018,21.4472792170962,LSO
12910,Gross capital formation (% of GDP),2018,35.3284532141387,Late-demographic dividend
12911,Gross capital formation (% of GDP),2018,22.4066386338902,LTU
12912,Gross capital formation (% of GDP),2018,16.9949135422123,LUX
12913,Gross capital formation (% of GDP),2018,23.8742877736126,LVA
12914,Gross capital formation (% of GDP),2018,17.2476640024061,MAC
12915,Gross capital formation (% of GDP),2018,,MAF
12916,Gross capital formation (% of GDP),2018,32.1395672992051,MAR
12917,Gross capital formation (% of GDP),2018,,MCO
12918,Gross capital formation (% of GDP),2018,26.5918106703471,MDA
12919,Gross capital formation (% of GDP),2018,20.7029752410218,MDG
12920,Gross capital formation (% of GDP),2018,48.970177770723,MDV
12921,Gross capital formation (% of GDP),2018,25.4024704097315,AFG
12922,Gross capital formation (% of GDP),2018,23.4774930652721,MEX
12923,Gross capital formation (% of GDP),2018,22.6444090909091,MHL
12924,Gross capital formation (% of GDP),2018,34.41453889892,Middle income
12925,Gross capital formation (% of GDP),2018,32.3288110664903,MKD
12926,Gross capital formation (% of GDP),2018,24.4943978534371,MLI
12927,Gross capital formation (% of GDP),2018,19.653411285638,MLT
12928,Gross capital formation (% of GDP),2018,,MMR
12929,Gross capital formation (% of GDP),2018,25.9316654577336,AFG
12930,Gross capital formation (% of GDP),2018,31.914851183647,MNE
12931,Gross capital formation (% of GDP),2018,39.3779275132102,MNG
12932,Gross capital formation (% of GDP),2018,,MNP
12933,Gross capital formation (% of GDP),2018,45.9807658182121,MOZ
12934,Gross capital formation (% of GDP),2018,46.449713018719,MRT
12935,Gross capital formation (% of GDP),2018,18.8728259543603,MUS
12936,Gross capital formation (% of GDP),2018,,MWI
12937,Gross capital formation (% of GDP),2018,23.8974199608763,MYS
12938,Gross capital formation (% of GDP),2018,21.7057845906677,North America
12939,Gross capital formation (% of GDP),2018,14.9163471003735,NAM
12940,Gross capital formation (% of GDP),2018,,NCL
12941,Gross capital formation (% of GDP),2018,28.9187722247215,NER
12942,Gross capital formation (% of GDP),2018,,NGA
12943,Gross capital formation (% of GDP),2018,24.0746137195471,NIC
12944,Gross capital formation (% of GDP),2018,20.4804432515785,NLD
12945,Gross capital formation (% of GDP),2018,27.7268430380858,NOR
12946,Gross capital formation (% of GDP),2018,39.5478003355175,NPL
12947,Gross capital formation (% of GDP),2018,,NRU
12948,Gross capital formation (% of GDP),2018,23.9860432020994,NZL
12949,Gross capital formation (% of GDP),2018,22.6060803778113,OECD members
12950,Gross capital formation (% of GDP),2018,31.675193269668,OMN
12951,Gross capital formation (% of GDP),2018,25.3235210636277,Other small states
12952,Gross capital formation (% of GDP),2018,17.0682908414203,PAK
12953,Gross capital formation (% of GDP),2018,41.1990909588856,PAN
12954,Gross capital formation (% of GDP),2018,21.3111751422932,PER
12955,Gross capital formation (% of GDP),2018,27.1505820415621,PHL
12956,Gross capital formation (% of GDP),2018,28.5765923874262,PLW
12957,Gross capital formation (% of GDP),2018,,PNG
12958,Gross capital formation (% of GDP),2018,21.443880969665,POL
12959,Gross capital formation (% of GDP),2018,,Pre-demographic dividend
12960,Gross capital formation (% of GDP),2018,15.3313107120677,PRI
12961,Gross capital formation (% of GDP),2018,,PRK
12962,Gross capital formation (% of GDP),2018,18.5247214985093,PRT
12963,Gross capital formation (% of GDP),2018,22.7820847953337,PRY
12964,Gross capital formation (% of GDP),2018,28.3265546858681,PSE
12965,Gross capital formation (% of GDP),2018,22.8941656905542,Pacific island small states
12966,Gross capital formation (% of GDP),2018,22.4139061755504,Post-demographic dividend
12967,Gross capital formation (% of GDP),2018,27.4598586301122,PYF
12968,Gross capital formation (% of GDP),2018,40.6591002641156,QAT
12969,Gross capital formation (% of GDP),2018,22.8848270580746,ROU
12970,Gross capital formation (% of GDP),2018,21.9180891512463,RUS
12971,Gross capital formation (% of GDP),2018,22.3221933243073,RWA
12972,Gross capital formation (% of GDP),2018,32.5827015595482,South Asia
12973,Gross capital formation (% of GDP),2018,22.3727056762612,SAU
12974,Gross capital formation (% of GDP),2018,9.9893502376745,SDN
12975,Gross capital formation (% of GDP),2018,32.6479409412239,SEN
12976,Gross capital formation (% of GDP),2018,24.7748536752848,SGP
12977,Gross capital formation (% of GDP),2018,19.1381712604401,SLB
12978,Gross capital formation (% of GDP),2018,15.6172570458345,SLE
12979,Gross capital formation (% of GDP),2018,18.3715366715538,SLV
12980,Gross capital formation (% of GDP),2018,20.6091867014135,SMR
12981,Gross capital formation (% of GDP),2018,16.1102546826237,SOM
12982,Gross capital formation (% of GDP),2018,22.4992604945944,SRB
12983,Gross capital formation (% of GDP),2018,22.5000189573826,Sub-Saharan Africa (
12984,Gross capital formation (% of GDP),2018,,SSD
12985,Gross capital formation (% of GDP),2018,23.4149424040035,Sub-Saharan Africa
12986,Gross capital formation (% of GDP),2018,24.9278945472018,Small states
12987,Gross capital formation (% of GDP),2018,,STP
12988,Gross capital formation (% of GDP),2018,,SUR
12989,Gross capital formation (% of GDP),2018,24.2014212638106,SVK
12990,Gross capital formation (% of GDP),2018,21.5608446841882,SVN
12991,Gross capital formation (% of GDP),2018,25.3084848300209,SWE
12992,Gross capital formation (% of GDP),2018,19.8749610874635,SWZ
12993,Gross capital formation (% of GDP),2018,,SXM
12994,Gross capital formation (% of GDP),2018,21.9869866164983,SYC
12995,Gross capital formation (% of GDP),2018,,SYR
12996,Gross capital formation (% of GDP),2018,,TCA
12997,Gross capital formation (% of GDP),2018,21.9262549263931,TCD
12998,Gross capital formation (% of GDP),2018,41.2534711285462,East Asia & Pacific (IDA & IBRD countries)
12999,Gross capital formation (% of GDP),2018,23.8508445253911,Europe & Central Asia (IDA & IBRD countries)
13000,Gross capital formation (% of GDP),2018,19.1358467370146,TGO
13001,Gross capital formation (% of GDP),2018,25.2195901594439,THA
13002,Gross capital formation (% of GDP),2018,37.2634366837792,TJK
13003,Gross capital formation (% of GDP),2018,,TKM
13004,Gross capital formation (% of GDP),2018,19.3622859187099,Latin America & the Caribbean (IDA & IBRD countries)
13005,Gross capital formation (% of GDP),2018,35.9232512895108,TLS
13006,Gross capital formation (% of GDP),2018,25.9101634524681,AFG
13007,Gross capital formation (% of GDP),2018,23.9263170955534,TON
13008,Gross capital formation (% of GDP),2018,32.5827015595482,South Asia (IDA & IBRD)
13009,Gross capital formation (% of GDP),2018,23.4149424040035,Sub-Saharan Africa (IDA & IBRD countries)
13010,Gross capital formation (% of GDP),2018,22.8343524061821,TTO
13011,Gross capital formation (% of GDP),2018,22.964008655978,TUN
13012,Gross capital formation (% of GDP),2018,29.4582364195468,TUR
13013,Gross capital formation (% of GDP),2018,,TUV
13014,Gross capital formation (% of GDP),2018,38.3765744836496,TZA
13015,Gross capital formation (% of GDP),2018,24.3285989781833,UGA
13016,Gross capital formation (% of GDP),2018,18.5883388544006,UKR
13017,Gross capital formation (% of GDP),2018,35.3435828976422,Upper middle income
13018,Gross capital formation (% of GDP),2018,14.8534986544499,URY
13019,Gross capital formation (% of GDP),2018,21.5690729259474,USA
13020,Gross capital formation (% of GDP),2018,34.9925116035955,UZB
13021,Gross capital formation (% of GDP),2018,,VCT
13022,Gross capital formation (% of GDP),2018,,VEN
13023,Gross capital formation (% of GDP),2018,,VGB
13024,Gross capital formation (% of GDP),2018,,VIR
13025,Gross capital formation (% of GDP),2018,32.019502902433,VNM
13026,Gross capital formation (% of GDP),2018,26.800369153824,VUT
13027,Gross capital formation (% of GDP),2018,26.5312036951724,World
13028,Gross capital formation (% of GDP),2018,33.1401642944483,WSM
13029,Gross capital formation (% of GDP),2018,36.2945421291487,XKX
13030,Gross capital formation (% of GDP),2018,,YEM
13031,Gross capital formation (% of GDP),2018,16.1705829786619,ZAF
13032,Gross capital formation (% of GDP),2018,38.5885582958265,ZMB
13033,Gross capital formation (% of GDP),2018,14.1484443423452,ZWE
13034,Gross capital formation (% of GDP),2019,22.4385043629328,ABW
13035,Gross capital formation (% of GDP),2019,21.5137293493239,Africa Eastern and Southern
13036,Gross capital formation (% of GDP),2019,,AFG
13037,Gross capital formation (% of GDP),2019,,Africa Western and Central
13038,Gross capital formation (% of GDP),2019,17.7122552404386,AGO
13039,Gross capital formation (% of GDP),2019,25.2875256073276,ALB
13040,Gross capital formation (% of GDP),2019,,AND
13041,Gross capital formation (% of GDP),2019,26.3851615210824,Arab World
13042,Gross capital formation (% of GDP),2019,24.0692780432813,ARE
13043,Gross capital formation (% of GDP),2019,14.2100303992191,ARG
13044,Gross capital formation (% of GDP),2019,17.4085294108567,ARM
13045,Gross capital formation (% of GDP),2019,,ASM
13046,Gross capital formation (% of GDP),2019,,ATG
13047,Gross capital formation (% of GDP),2019,23.391288227558,AUS
13048,Gross capital formation (% of GDP),2019,25.5090080970816,AUT
13049,Gross capital formation (% of GDP),2019,20.3077798481492,AZE
13050,Gross capital formation (% of GDP),2019,14.1287000005288,BDI
13051,Gross capital formation (% of GDP),2019,24.6756822316808,BEL
13052,Gross capital formation (% of GDP),2019,25.6298005790604,BEN
13053,Gross capital formation (% of GDP),2019,19.7578680144889,BFA
13054,Gross capital formation (% of GDP),2019,32.2137331126266,BGD
13055,Gross capital formation (% of GDP),2019,20.6958565853763,BGR
13056,Gross capital formation (% of GDP),2019,35.6238573504316,BHR
13057,Gross capital formation (% of GDP),2019,25.3844995104316,BHS
13058,Gross capital formation (% of GDP),2019,24.8437950565657,BIH
13059,Gross capital formation (% of GDP),2019,29.1499946931726,BLR
13060,Gross capital formation (% of GDP),2019,16.8529916677134,BLZ
13061,Gross capital formation (% of GDP),2019,14.7485170334877,BMU
13062,Gross capital formation (% of GDP),2019,19.8750108890925,BOL
13063,Gross capital formation (% of GDP),2019,15.5167908009424,BRA
13064,Gross capital formation (% of GDP),2019,,BRB
13065,Gross capital formation (% of GDP),2019,38.6777535464503,BRN
13066,Gross capital formation (% of GDP),2019,46.0853579286619,BTN
13067,Gross capital formation (% of GDP),2019,30.8204405592326,BWA
13068,Gross capital formation (% of GDP),2019,26.0,CAF
13069,Gross capital formation (% of GDP),2019,23.0424241743147,CAN
13070,Gross capital formation (% of GDP),2019,23.2321657368325,Central Europe and the Baltics
13071,Gross capital formation (% of GDP),2019,26.4377930438681,CHE
13072,Gross capital formation (% of GDP),2019,,Channel Islands
13073,Gross capital formation (% of GDP),2019,24.9390098912825,CHL
13074,Gross capital formation (% of GDP),2019,42.6695374085222,CHN
13075,Gross capital formation (% of GDP),2019,21.9899384954404,CIV
13076,Gross capital formation (% of GDP),2019,18.9346454960496,CMR
13077,Gross capital formation (% of GDP),2019,20.5945396795345,COD
13078,Gross capital formation (% of GDP),2019,25.9000965433665,COG
13079,Gross capital formation (% of GDP),2019,21.3806095458027,COL
13080,Gross capital formation (% of GDP),2019,12.7348062616273,COM
13081,Gross capital formation (% of GDP),2019,23.4319738651901,CPV
13082,Gross capital formation (% of GDP),2019,16.0640851994565,CRI
13083,Gross capital formation (% of GDP),2019,,Caribbean small states
13084,Gross capital formation (% of GDP),2019,11.494997466827,CUB
13085,Gross capital formation (% of GDP),2019,,CUW
13086,Gross capital formation (% of GDP),2019,,CYM
13087,Gross capital formation (% of GDP),2019,19.4941688880243,CYP
13088,Gross capital formation (% of GDP),2019,26.171850655873,CZE
13089,Gross capital formation (% of GDP),2019,21.3000724211289,DEU
13090,Gross capital formation (% of GDP),2019,2.28145969959191,DJI
13091,Gross capital formation (% of GDP),2019,,DMA
13092,Gross capital formation (% of GDP),2019,21.8859998750194,DNK
13093,Gross capital formation (% of GDP),2019,25.2348623794613,DOM
13094,Gross capital formation (% of GDP),2019,44.6295617875004,DZA
13095,Gross capital formation (% of GDP),2019,40.467823928405,East Asia & Pacific (
13096,Gross capital formation (% of GDP),2019,26.5930500231395,Early-demographic dividend
13097,Gross capital formation (% of GDP),2019,35.17618862751,East Asia & Pacific
13098,Gross capital formation (% of GDP),2019,24.9429177824629,Europe & Central Asia (
13099,Gross capital formation (% of GDP),2019,22.4043391946364,Europe & Central Asia
13100,Gross capital formation (% of GDP),2019,21.04923118303,ECU
13101,Gross capital formation (% of GDP),2019,20.6540385989993,EGY
13102,Gross capital formation (% of GDP),2019,22.3361781594186,Euro area
13103,Gross capital formation (% of GDP),2019,,ERI
13104,Gross capital formation (% of GDP),2019,20.9088226144802,ESP
13105,Gross capital formation (% of GDP),2019,26.356088071314,EST
13106,Gross capital formation (% of GDP),2019,35.2639756254811,ETH
13107,Gross capital formation (% of GDP),2019,22.4878036073017,European Union
13108,Gross capital formation (% of GDP),2019,,Fragile and conflict affected situations
13109,Gross capital formation (% of GDP),2019,24.5675378797407,FIN
13110,Gross capital formation (% of GDP),2019,19.6476633955388,FJI
13111,Gross capital formation (% of GDP),2019,23.0250733613606,FRA
13112,Gross capital formation (% of GDP),2019,27.6135742909209,FRO
13113,Gross capital formation (% of GDP),2019,,FSM
13114,Gross capital formation (% of GDP),2019,21.8987965722319,GAB
13115,Gross capital formation (% of GDP),2019,18.3786714033307,GBR
13116,Gross capital formation (% of GDP),2019,27.1682284921369,GEO
13117,Gross capital formation (% of GDP),2019,18.6472756161472,GHA
13118,Gross capital formation (% of GDP),2019,,GIB
13119,Gross capital formation (% of GDP),2019,19.7285576989784,GIN
13120,Gross capital formation (% of GDP),2019,24.6538431612228,GMB
13121,Gross capital formation (% of GDP),2019,22.6522646576117,GNB
13122,Gross capital formation (% of GDP),2019,10.891703090741,GNQ
13123,Gross capital formation (% of GDP),2019,12.0996603246177,GRC
13124,Gross capital formation (% of GDP),2019,,GRD
13125,Gross capital formation (% of GDP),2019,31.269509364495,GRL
13126,Gross capital formation (% of GDP),2019,14.3298367176167,GTM
13127,Gross capital formation (% of GDP),2019,,GUM
13128,Gross capital formation (% of GDP),2019,,GUY
13129,Gross capital formation (% of GDP),2019,22.8246198088387,High income
13130,Gross capital formation (% of GDP),2019,18.189947213062,HKG
13131,Gross capital formation (% of GDP),2019,22.9677105146214,HND
13132,Gross capital formation (% of GDP),2019,25.8575196788276,Heavily indebted poor countries (HIPC)
13133,Gross capital formation (% of GDP),2019,21.9617272387166,HRV
13134,Gross capital formation (% of GDP),2019,18.5362500202298,HTI
13135,Gross capital formation (% of GDP),2019,28.6983472177676,HUN
13136,Gross capital formation (% of GDP),2019,32.8209778275926,IBRD only
13137,Gross capital formation (% of GDP),2019,32.589183424485,IDA & IBRD total
13138,Gross capital formation (% of GDP),2019,28.5285642832412,IDA total
13139,Gross capital formation (% of GDP),2019,,IDA blend
13140,Gross capital formation (% of GDP),2019,33.7801423773995,IDN
13141,Gross capital formation (% of GDP),2019,30.2555996945743,IDA only
13142,Gross capital formation (% of GDP),2019,,IMN
13143,Gross capital formation (% of GDP),2019,30.0961975685688,IND
13144,Gross capital formation (% of GDP),2019,,Not classified
13145,Gross capital formation (% of GDP),2019,53.7135535203871,IRL
13146,Gross capital formation (% of GDP),2019,37.2993303178833,IRN
13147,Gross capital formation (% of GDP),2019,22.7407245883586,IRQ
13148,Gross capital formation (% of GDP),2019,20.6736408574095,ISL
13149,Gross capital formation (% of GDP),2019,23.8648600543139,ISR
13150,Gross capital formation (% of GDP),2019,18.3641315277239,ITA
13151,Gross capital formation (% of GDP),2019,24.2690954889352,JAM
13152,Gross capital formation (% of GDP),2019,21.4133341743379,JOR
13153,Gross capital formation (% of GDP),2019,25.7896961306359,JPN
13154,Gross capital formation (% of GDP),2019,27.6275749485747,KAZ
13155,Gross capital formation (% of GDP),2019,19.3418324204191,KEN
13156,Gross capital formation (% of GDP),2019,34.4462636342397,KGZ
13157,Gross capital formation (% of GDP),2019,31.3945541935104,KHM
13158,Gross capital formation (% of GDP),2019,15.9071875951111,KIR
13159,Gross capital formation (% of GDP),2019,,KNA
13160,Gross capital formation (% of GDP),2019,31.4949336660816,KOR
13161,Gross capital formation (% of GDP),2019,23.0019978518204,KWT
13162,Gross capital formation (% of GDP),2019,18.2663123089018,Latin America & Caribbean (
13163,Gross capital formation (% of GDP),2019,,LAO
13164,Gross capital formation (% of GDP),2019,12.3224742609761,LBN
13165,Gross capital formation (% of GDP),2019,,LBR
13166,Gross capital formation (% of GDP),2019,13.7553442934446,LBY
13167,Gross capital formation (% of GDP),2019,,LCA
13168,Gross capital formation (% of GDP),2019,18.757728085802,Latin America & Caribbean
13169,Gross capital formation (% of GDP),2019,30.0968590993941,Least developed countries: UN classification
13170,Gross capital formation (% of GDP),2019,22.2191247667467,Low income
13171,Gross capital formation (% of GDP),2019,,LIE
13172,Gross capital formation (% of GDP),2019,34.1087160599303,LKA
13173,Gross capital formation (% of GDP),2019,28.7515924386429,Lower middle income
13174,Gross capital formation (% of GDP),2019,33.5837049990696,Low & middle income
13175,Gross capital formation (% of GDP),2019,26.7945041312681,LSO
13176,Gross capital formation (% of GDP),2019,35.5064791344133,Late-demographic dividend
13177,Gross capital formation (% of GDP),2019,19.5803862338798,LTU
13178,Gross capital formation (% of GDP),2019,18.653116084379,LUX
13179,Gross capital formation (% of GDP),2019,23.3384745378809,LVA
13180,Gross capital formation (% of GDP),2019,14.140009897872,MAC
13181,Gross capital formation (% of GDP),2019,,MAF
13182,Gross capital formation (% of GDP),2019,30.594933523466,MAR
13183,Gross capital formation (% of GDP),2019,,MCO
13184,Gross capital formation (% of GDP),2019,25.1036618823408,MDA
13185,Gross capital formation (% of GDP),2019,22.6840481290776,MDG
13186,Gross capital formation (% of GDP),2019,43.161162875967,MDV
13187,Gross capital formation (% of GDP),2019,26.2673782680187,AFG
13188,Gross capital formation (% of GDP),2019,22.1485426373991,MEX
13189,Gross capital formation (% of GDP),2019,53.1513954486904,MHL
13190,Gross capital formation (% of GDP),2019,33.6780846237251,Middle income
13191,Gross capital formation (% of GDP),2019,34.2601160992835,MKD
13192,Gross capital formation (% of GDP),2019,26.5074433150938,MLI
13193,Gross capital formation (% of GDP),2019,20.9696312107855,MLT
13194,Gross capital formation (% of GDP),2019,,MMR
13195,Gross capital formation (% of GDP),2019,25.977873503945,AFG
13196,Gross capital formation (% of GDP),2019,31.9777923076597,MNE
13197,Gross capital formation (% of GDP),2019,35.591845156927,MNG
13198,Gross capital formation (% of GDP),2019,,MNP
13199,Gross capital formation (% of GDP),2019,40.8461199313593,MOZ
13200,Gross capital formation (% of GDP),2019,40.5222920920855,MRT
13201,Gross capital formation (% of GDP),2019,19.4359392940552,MUS
13202,Gross capital formation (% of GDP),2019,,MWI
13203,Gross capital formation (% of GDP),2019,21.0482403944815,MYS
13204,Gross capital formation (% of GDP),2019,21.770366070851,North America
13205,Gross capital formation (% of GDP),2019,15.3291127102813,NAM
13206,Gross capital formation (% of GDP),2019,,NCL
13207,Gross capital formation (% of GDP),2019,30.6723209374769,NER
13208,Gross capital formation (% of GDP),2019,,NGA
13209,Gross capital formation (% of GDP),2019,17.831076630152,NIC
13210,Gross capital formation (% of GDP),2019,21.7580356895369,NLD
13211,Gross capital formation (% of GDP),2019,29.611444403947,NOR
13212,Gross capital formation (% of GDP),2019,41.3787409108185,NPL
13213,Gross capital formation (% of GDP),2019,,NRU
13214,Gross capital formation (% of GDP),2019,23.7676954815243,NZL
13215,Gross capital formation (% of GDP),2019,22.7149109104103,OECD members
13216,Gross capital formation (% of GDP),2019,26.8649178662351,OMN
13217,Gross capital formation (% of GDP),2019,24.3539870070816,Other small states
13218,Gross capital formation (% of GDP),2019,15.4996449690024,PAK
13219,Gross capital formation (% of GDP),2019,38.0674659280543,PAN
13220,Gross capital formation (% of GDP),2019,20.8336395514866,PER
13221,Gross capital formation (% of GDP),2019,26.4018084647284,PHL
13222,Gross capital formation (% of GDP),2019,34.2474115206837,PLW
13223,Gross capital formation (% of GDP),2019,,PNG
13224,Gross capital formation (% of GDP),2019,20.7076794491101,POL
13225,Gross capital formation (% of GDP),2019,,Pre-demographic dividend
13226,Gross capital formation (% of GDP),2019,15.3486659868501,PRI
13227,Gross capital formation (% of GDP),2019,,PRK
13228,Gross capital formation (% of GDP),2019,18.76826598288,PRT
13229,Gross capital formation (% of GDP),2019,21.6853116218616,PRY
13230,Gross capital formation (% of GDP),2019,26.8012957072402,PSE
13231,Gross capital formation (% of GDP),2019,23.5613614646942,Pacific island small states
13232,Gross capital formation (% of GDP),2019,22.3949484427056,Post-demographic dividend
13233,Gross capital formation (% of GDP),2019,25.4985138057167,PYF
13234,Gross capital formation (% of GDP),2019,43.7354058328665,QAT
13235,Gross capital formation (% of GDP),2019,24.252537482587,ROU
13236,Gross capital formation (% of GDP),2019,22.6615137722235,RUS
13237,Gross capital formation (% of GDP),2019,27.0287152007204,RWA
13238,Gross capital formation (% of GDP),2019,30.5798864359341,South Asia
13239,Gross capital formation (% of GDP),2019,25.5522842268021,SAU
13240,Gross capital formation (% of GDP),2019,14.3050078362201,SDN
13241,Gross capital formation (% of GDP),2019,31.9656603434826,SEN
13242,Gross capital formation (% of GDP),2019,24.5014074011136,SGP
13243,Gross capital formation (% of GDP),2019,22.695330210065,SLB
13244,Gross capital formation (% of GDP),2019,16.0195395367507,SLE
13245,Gross capital formation (% of GDP),2019,18.3447949008115,SLV
13246,Gross capital formation (% of GDP),2019,24.0244731514119,SMR
13247,Gross capital formation (% of GDP),2019,16.0795381553317,SOM
13248,Gross capital formation (% of GDP),2019,24.9266250234247,SRB
13249,Gross capital formation (% of GDP),2019,21.8489366072135,Sub-Saharan Africa (
13250,Gross capital formation (% of GDP),2019,,SSD
13251,Gross capital formation (% of GDP),2019,23.0265532267196,Sub-Saharan Africa
13252,Gross capital formation (% of GDP),2019,23.9016129031294,Small states
13253,Gross capital formation (% of GDP),2019,,STP
13254,Gross capital formation (% of GDP),2019,,SUR
13255,Gross capital formation (% of GDP),2019,24.0619105210669,SVK
13256,Gross capital formation (% of GDP),2019,20.8345240702316,SVN
13257,Gross capital formation (% of GDP),2019,24.4595597883993,SWE
13258,Gross capital formation (% of GDP),2019,16.2313994688745,SWZ
13259,Gross capital formation (% of GDP),2019,,SXM
13260,Gross capital formation (% of GDP),2019,22.0855945287218,SYC
13261,Gross capital formation (% of GDP),2019,,SYR
13262,Gross capital formation (% of GDP),2019,,TCA
13263,Gross capital formation (% of GDP),2019,24.2909930911624,TCD
13264,Gross capital formation (% of GDP),2019,40.4678691772625,East Asia & Pacific (IDA & IBRD countries)
13265,Gross capital formation (% of GDP),2019,23.257362330016,Europe & Central Asia (IDA & IBRD countries)
13266,Gross capital formation (% of GDP),2019,18.6014498059603,TGO
13267,Gross capital formation (% of GDP),2019,23.8147525746375,THA
13268,Gross capital formation (% of GDP),2019,35.3886623401905,TJK
13269,Gross capital formation (% of GDP),2019,,TKM
13270,Gross capital formation (% of GDP),2019,18.9566899917019,Latin America & the Caribbean (IDA & IBRD countries)
13271,Gross capital formation (% of GDP),2019,26.7767826487754,TLS
13272,Gross capital formation (% of GDP),2019,25.9694707689901,AFG
13273,Gross capital formation (% of GDP),2019,27.4240031635846,TON
13274,Gross capital formation (% of GDP),2019,30.5798864359341,South Asia (IDA & IBRD)
13275,Gross capital formation (% of GDP),2019,23.0265532267195,Sub-Saharan Africa (IDA & IBRD countries)
13276,Gross capital formation (% of GDP),2019,20.7784776677143,TTO
13277,Gross capital formation (% of GDP),2019,19.8025035516995,TUN
13278,Gross capital formation (% of GDP),2019,24.8780736162612,TUR
13279,Gross capital formation (% of GDP),2019,,TUV
13280,Gross capital formation (% of GDP),2019,39.7264057276571,TZA
13281,Gross capital formation (% of GDP),2019,25.5294607796946,UGA
13282,Gross capital formation (% of GDP),2019,14.8903574828309,UKR
13283,Gross capital formation (% of GDP),2019,34.865807245395,Upper middle income
13284,Gross capital formation (% of GDP),2019,14.1208503918774,URY
13285,Gross capital formation (% of GDP),2019,21.6698091948266,USA
13286,Gross capital formation (% of GDP),2019,39.1565362701328,UZB
13287,Gross capital formation (% of GDP),2019,,VCT
13288,Gross capital formation (% of GDP),2019,,VEN
13289,Gross capital formation (% of GDP),2019,,VGB
13290,Gross capital formation (% of GDP),2019,,VIR
13291,Gross capital formation (% of GDP),2019,31.9799606565797,VNM
13292,Gross capital formation (% of GDP),2019,24.4374127501163,VUT
13293,Gross capital formation (% of GDP),2019,26.4922102984619,World
13294,Gross capital formation (% of GDP),2019,33.6506492980512,WSM
13295,Gross capital formation (% of GDP),2019,34.5581995450224,XKX
13296,Gross capital formation (% of GDP),2019,,YEM
13297,Gross capital formation (% of GDP),2019,15.8207933783179,ZAF
13298,Gross capital formation (% of GDP),2019,39.2619086467844,ZMB
13299,Gross capital formation (% of GDP),2019,13.7994019768446,ZWE
13300,Gross capital formation (% of GDP),2020,24.1787830427285,ABW
13301,Gross capital formation (% of GDP),2020,20.3632847886198,Africa Eastern and Southern
13302,Gross capital formation (% of GDP),2020,11.5,AFG
13303,Gross capital formation (% of GDP),2020,,Africa Western and Central
13304,Gross capital formation (% of GDP),2020,26.4904004984611,AGO
13305,Gross capital formation (% of GDP),2020,26.2183527297829,ALB
13306,Gross capital formation (% of GDP),2020,,AND
13307,Gross capital formation (% of GDP),2020,24.5589654069151,Arab World
13308,Gross capital formation (% of GDP),2020,23.3288630345764,ARE
13309,Gross capital formation (% of GDP),2020,14.4151557410245,ARG
13310,Gross capital formation (% of GDP),2020,19.663832943599,ARM
13311,Gross capital formation (% of GDP),2020,,ASM
13312,Gross capital formation (% of GDP),2020,,ATG
13313,Gross capital formation (% of GDP),2020,22.4277286299436,AUS
13314,Gross capital formation (% of GDP),2020,25.6530737541266,AUT
13315,Gross capital formation (% of GDP),2020,23.6659543305763,AZE
13316,Gross capital formation (% of GDP),2020,11.4459869190333,BDI
13317,Gross capital formation (% of GDP),2020,24.068567845367,BEL
13318,Gross capital formation (% of GDP),2020,25.6338435081567,BEN
13319,Gross capital formation (% of GDP),2020,17.1615174265995,BFA
13320,Gross capital formation (% of GDP),2020,31.3079413414304,BGD
13321,Gross capital formation (% of GDP),2020,20.1337042876266,BGR
13322,Gross capital formation (% of GDP),2020,37.2956675002815,BHR
13323,Gross capital formation (% of GDP),2020,23.0710591323143,BHS
13324,Gross capital formation (% of GDP),2020,23.1065336178264,BIH
13325,Gross capital formation (% of GDP),2020,27.4548359346196,BLR
13326,Gross capital formation (% of GDP),2020,18.5769880314267,BLZ
13327,Gross capital formation (% of GDP),2020,12.2379040805742,BMU
13328,Gross capital formation (% of GDP),2020,15.7781295148662,BOL
13329,Gross capital formation (% of GDP),2020,16.1158206039466,BRA
13330,Gross capital formation (% of GDP),2020,,BRB
13331,Gross capital formation (% of GDP),2020,40.5878302385858,BRN
13332,Gross capital formation (% of GDP),2020,39.0705723424763,BTN
13333,Gross capital formation (% of GDP),2020,32.7272598321924,BWA
13334,Gross capital formation (% of GDP),2020,25.9999999979092,CAF
13335,Gross capital formation (% of GDP),2020,22.6747176119532,CAN
13336,Gross capital formation (% of GDP),2020,21.8960877121734,Central Europe and the Baltics
13337,Gross capital formation (% of GDP),2020,29.5787498388343,CHE
13338,Gross capital formation (% of GDP),2020,,Channel Islands
13339,Gross capital formation (% of GDP),2020,21.0582071011998,CHL
13340,Gross capital formation (% of GDP),2020,42.5723735094229,CHN
13341,Gross capital formation (% of GDP),2020,21.7428934104601,CIV
13342,Gross capital formation (% of GDP),2020,17.6605439792144,CMR
13343,Gross capital formation (% of GDP),2020,24.602280952328,COD
13344,Gross capital formation (% of GDP),2020,23.7315670324983,COG
13345,Gross capital formation (% of GDP),2020,19.1281469366662,COL
13346,Gross capital formation (% of GDP),2020,11.8017625319814,COM
13347,Gross capital formation (% of GDP),2020,28.9619236573871,CPV
13348,Gross capital formation (% of GDP),2020,16.1630546691397,CRI
13349,Gross capital formation (% of GDP),2020,,Caribbean small states
13350,Gross capital formation (% of GDP),2020,9.87528853731377,CUB
13351,Gross capital formation (% of GDP),2020,,CUW
13352,Gross capital formation (% of GDP),2020,,CYM
13353,Gross capital formation (% of GDP),2020,20.6514604375024,CYP
13354,Gross capital formation (% of GDP),2020,24.7302051809802,CZE
13355,Gross capital formation (% of GDP),2020,21.6667343069671,DEU
13356,Gross capital formation (% of GDP),2020,-0.248727784664231,DJI
13357,Gross capital formation (% of GDP),2020,,DMA
13358,Gross capital formation (% of GDP),2020,22.7626532555055,DNK
13359,Gross capital formation (% of GDP),2020,24.879515915457,DOM
13360,Gross capital formation (% of GDP),2020,42.9493576825015,DZA
13361,Gross capital formation (% of GDP),2020,40.2279178686315,East Asia & Pacific (
13362,Gross capital formation (% of GDP),2020,25.5338389725745,Early-demographic dividend
13363,Gross capital formation (% of GDP),2020,35.0224953494369,East Asia & Pacific
13364,Gross capital formation (% of GDP),2020,27.4258365672406,Europe & Central Asia (
13365,Gross capital formation (% of GDP),2020,22.4061001961332,Europe & Central Asia
13366,Gross capital formation (% of GDP),2020,17.5849129748726,ECU
13367,Gross capital formation (% of GDP),2020,18.8180606572831,EGY
13368,Gross capital formation (% of GDP),2020,22.0175809483354,Euro area
13369,Gross capital formation (% of GDP),2020,,ERI
13370,Gross capital formation (% of GDP),2020,20.6266482703898,ESP
13371,Gross capital formation (% of GDP),2020,29.6577202670176,EST
13372,Gross capital formation (% of GDP),2020,30.5789686594943,ETH
13373,Gross capital formation (% of GDP),2020,22.1230227905263,European Union
13374,Gross capital formation (% of GDP),2020,,Fragile and conflict affected situations
13375,Gross capital formation (% of GDP),2020,24.9836073895773,FIN
13376,Gross capital formation (% of GDP),2020,16.722344711204,FJI
13377,Gross capital formation (% of GDP),2020,22.8044182138435,FRA
13378,Gross capital formation (% of GDP),2020,28.2573453493859,FRO
13379,Gross capital formation (% of GDP),2020,,FSM
13380,Gross capital formation (% of GDP),2020,19.8634691073054,GAB
13381,Gross capital formation (% of GDP),2020,17.5811486266132,GBR
13382,Gross capital formation (% of GDP),2020,24.6056865974412,GEO
13383,Gross capital formation (% of GDP),2020,18.2236669857819,GHA
13384,Gross capital formation (% of GDP),2020,,GIB
13385,Gross capital formation (% of GDP),2020,31.5164009990609,GIN
13386,Gross capital formation (% of GDP),2020,32.34205468872,GMB
13387,Gross capital formation (% of GDP),2020,24.9484511008743,GNB
13388,Gross capital formation (% of GDP),2020,6.98846405853807,GNQ
13389,Gross capital formation (% of GDP),2020,13.5410023084822,GRC
13390,Gross capital formation (% of GDP),2020,,GRD
13391,Gross capital formation (% of GDP),2020,33.0152180796327,GRL
13392,Gross capital formation (% of GDP),2020,13.5006830736214,GTM
13393,Gross capital formation (% of GDP),2020,,GUM
13394,Gross capital formation (% of GDP),2020,,GUY
13395,Gross capital formation (% of GDP),2020,22.5109172068424,High income
13396,Gross capital formation (% of GDP),2020,18.9818868649406,HKG
13397,Gross capital formation (% of GDP),2020,19.666372727561,HND
13398,Gross capital formation (% of GDP),2020,24.5946291659283,Heavily indebted poor countries (HIPC)
13399,Gross capital formation (% of GDP),2020,23.5476823287798,HRV
13400,Gross capital formation (% of GDP),2020,17.70308377994,HTI
13401,Gross capital formation (% of GDP),2020,27.6595654880004,HUN
13402,Gross capital formation (% of GDP),2020,33.1049505606455,IBRD only
13403,Gross capital formation (% of GDP),2020,32.8129375792188,IDA & IBRD total
13404,Gross capital formation (% of GDP),2020,27.9690235133227,IDA total
13405,Gross capital formation (% of GDP),2020,,IDA blend
13406,Gross capital formation (% of GDP),2020,32.3434120537481,IDN
13407,Gross capital formation (% of GDP),2020,28.969039879428,IDA only
13408,Gross capital formation (% of GDP),2020,,IMN
13409,Gross capital formation (% of GDP),2020,28.9223840080659,IND
13410,Gross capital formation (% of GDP),2020,,Not classified
13411,Gross capital formation (% of GDP),2020,42.4628478103114,IRL
13412,Gross capital formation (% of GDP),2020,42.2489400667992,IRN
13413,Gross capital formation (% of GDP),2020,22.3468589955872,IRQ
13414,Gross capital formation (% of GDP),2020,21.3263922801565,ISL
13415,Gross capital formation (% of GDP),2020,24.6898161307496,ISR
13416,Gross capital formation (% of GDP),2020,17.8986868297166,ITA
13417,Gross capital formation (% of GDP),2020,,JAM
13418,Gross capital formation (% of GDP),2020,21.4585413761158,JOR
13419,Gross capital formation (% of GDP),2020,25.2240172261075,JPN
13420,Gross capital formation (% of GDP),2020,28.8069153648376,KAZ
13421,Gross capital formation (% of GDP),2020,19.6515841707054,KEN
13422,Gross capital formation (% of GDP),2020,25.0304913984711,KGZ
13423,Gross capital formation (% of GDP),2020,31.351227539335,KHM
13424,Gross capital formation (% of GDP),2020,14.6977928565612,KIR
13425,Gross capital formation (% of GDP),2020,,KNA
13426,Gross capital formation (% of GDP),2020,31.8845852650415,KOR
13427,Gross capital formation (% of GDP),2020,18.6506478922238,KWT
13428,Gross capital formation (% of GDP),2020,17.5139347797475,Latin America & Caribbean (
13429,Gross capital formation (% of GDP),2020,,LAO
13430,Gross capital formation (% of GDP),2020,8.09817736631194,LBN
13431,Gross capital formation (% of GDP),2020,,LBR
13432,Gross capital formation (% of GDP),2020,9.44983047721509,LBY
13433,Gross capital formation (% of GDP),2020,,LCA
13434,Gross capital formation (% of GDP),2020,17.6193042671204,Latin America & Caribbean
13435,Gross capital formation (% of GDP),2020,29.3467672520283,Least developed countries: UN classification
13436,Gross capital formation (% of GDP),2020,21.6493862622275,Low income
13437,Gross capital formation (% of GDP),2020,,LIE
13438,Gross capital formation (% of GDP),2020,32.8711231474519,LKA
13439,Gross capital formation (% of GDP),2020,27.2069808019875,Lower middle income
13440,Gross capital formation (% of GDP),2020,33.8467980966533,Low & middle income
13441,Gross capital formation (% of GDP),2020,26.2646700444764,LSO
13442,Gross capital formation (% of GDP),2020,35.8781121706171,Late-demographic dividend
13443,Gross capital formation (% of GDP),2020,16.5198227850463,LTU
13444,Gross capital formation (% of GDP),2020,17.9294900539992,LUX
13445,Gross capital formation (% of GDP),2020,22.1554259223647,LVA
13446,Gross capital formation (% of GDP),2020,26.0881805295573,MAC
13447,Gross capital formation (% of GDP),2020,,MAF
13448,Gross capital formation (% of GDP),2020,28.7769734233308,MAR
13449,Gross capital formation (% of GDP),2020,,MCO
13450,Gross capital formation (% of GDP),2020,23.8644443526077,MDA
13451,Gross capital formation (% of GDP),2020,17.7153251099228,MDG
13452,Gross capital formation (% of GDP),2020,35.5119966004124,MDV
13453,Gross capital formation (% of GDP),2020,25.1942241957915,AFG
13454,Gross capital formation (% of GDP),2020,20.2366593490104,MEX
13455,Gross capital formation (% of GDP),2020,20.6942928039702,MHL
13456,Gross capital formation (% of GDP),2020,33.9458599513294,Middle income
13457,Gross capital formation (% of GDP),2020,29.9173738943342,MKD
13458,Gross capital formation (% of GDP),2020,20.4182846080538,MLI
13459,Gross capital formation (% of GDP),2020,22.2044662292137,MLT
13460,Gross capital formation (% of GDP),2020,,MMR
13461,Gross capital formation (% of GDP),2020,25.0272026978499,AFG
13462,Gross capital formation (% of GDP),2020,31.1863689218605,MNE
13463,Gross capital formation (% of GDP),2020,22.3835976647751,MNG
13464,Gross capital formation (% of GDP),2020,,MNP
13465,Gross capital formation (% of GDP),2020,44.8266764679686,MOZ
13466,Gross capital formation (% of GDP),2020,38.6593231676652,MRT
13467,Gross capital formation (% of GDP),2020,18.2149110886351,MUS
13468,Gross capital formation (% of GDP),2020,,MWI
13469,Gross capital formation (% of GDP),2020,19.6580082281542,MYS
13470,Gross capital formation (% of GDP),2020,21.5064133100347,North America
13471,Gross capital formation (% of GDP),2020,13.9292034235476,NAM
13472,Gross capital formation (% of GDP),2020,,NCL
13473,Gross capital formation (% of GDP),2020,28.4897323087862,NER
13474,Gross capital formation (% of GDP),2020,,NGA
13475,Gross capital formation (% of GDP),2020,20.3366366143416,NIC
13476,Gross capital formation (% of GDP),2020,21.3519779830807,NLD
13477,Gross capital formation (% of GDP),2020,31.3521157276673,NOR
13478,Gross capital formation (% of GDP),2020,30.4402815098213,NPL
13479,Gross capital formation (% of GDP),2020,,NRU
13480,Gross capital formation (% of GDP),2020,23.1117429315929,NZL
13481,Gross capital formation (% of GDP),2020,22.4734625683966,OECD members
13482,Gross capital formation (% of GDP),2020,27.6206693345028,OMN
13483,Gross capital formation (% of GDP),2020,24.7126310679374,Other small states
13484,Gross capital formation (% of GDP),2020,14.8155399943358,PAK
13485,Gross capital formation (% of GDP),2020,23.9546077292725,PAN
13486,Gross capital formation (% of GDP),2020,18.1912588877919,PER
13487,Gross capital formation (% of GDP),2020,17.4333790282876,PHL
13488,Gross capital formation (% of GDP),2020,41.8262733656949,PLW
13489,Gross capital formation (% of GDP),2020,,PNG
13490,Gross capital formation (% of GDP),2020,18.8394051569485,POL
13491,Gross capital formation (% of GDP),2020,,Pre-demographic dividend
13492,Gross capital formation (% of GDP),2020,10.8810259582724,PRI
13493,Gross capital formation (% of GDP),2020,,PRK
13494,Gross capital formation (% of GDP),2020,19.4185791809348,PRT
13495,Gross capital formation (% of GDP),2020,20.0414603496168,PRY
13496,Gross capital formation (% of GDP),2020,24.3038431079663,PSE
13497,Gross capital formation (% of GDP),2020,21.3367612672356,Pacific island small states
13498,Gross capital formation (% of GDP),2020,22.1966564223089,Post-demographic dividend
13499,Gross capital formation (% of GDP),2020,21.095927488638,PYF
13500,Gross capital formation (% of GDP),2020,43.8492040252077,QAT
13501,Gross capital formation (% of GDP),2020,24.1959598343127,ROU
13502,Gross capital formation (% of GDP),2020,23.4558291480158,RUS
13503,Gross capital formation (% of GDP),2020,23.7346563348968,RWA
13504,Gross capital formation (% of GDP),2020,29.3401016860582,South Asia
13505,Gross capital formation (% of GDP),2020,23.3158218039549,SAU
13506,Gross capital formation (% of GDP),2020,5.78653523341068,SDN
13507,Gross capital formation (% of GDP),2020,35.632965093467,SEN
13508,Gross capital formation (% of GDP),2020,22.8053955630909,SGP
13509,Gross capital formation (% of GDP),2020,16.7234683363716,SLB
13510,Gross capital formation (% of GDP),2020,15.3284196173828,SLE
13511,Gross capital formation (% of GDP),2020,17.2116179042815,SLV
13512,Gross capital formation (% of GDP),2020,18.05086817635,SMR
13513,Gross capital formation (% of GDP),2020,16.0020142196059,SOM
13514,Gross capital formation (% of GDP),2020,24.0974936172696,SRB
13515,Gross capital formation (% of GDP),2020,21.2070629351561,Sub-Saharan Africa (
13516,Gross capital formation (% of GDP),2020,,SSD
13517,Gross capital formation (% of GDP),2020,22.3102769830433,Sub-Saharan Africa
13518,Gross capital formation (% of GDP),2020,24.0790150086507,Small states
13519,Gross capital formation (% of GDP),2020,,STP
13520,Gross capital formation (% of GDP),2020,,SUR
13521,Gross capital formation (% of GDP),2020,20.2268098788151,SVK
13522,Gross capital formation (% of GDP),2020,20.1896719461532,SVN
13523,Gross capital formation (% of GDP),2020,24.410184629369,SWE
13524,Gross capital formation (% of GDP),2020,14.9844217251302,SWZ
13525,Gross capital formation (% of GDP),2020,,SXM
13526,Gross capital formation (% of GDP),2020,21.3213198960022,SYC
13527,Gross capital formation (% of GDP),2020,,SYR
13528,Gross capital formation (% of GDP),2020,,TCA
13529,Gross capital formation (% of GDP),2020,22.7874455493419,TCD
13530,Gross capital formation (% of GDP),2020,40.2280919387842,East Asia & Pacific (IDA & IBRD countries)
13531,Gross capital formation (% of GDP),2020,24.1757624163942,Europe & Central Asia (IDA & IBRD countries)
13532,Gross capital formation (% of GDP),2020,21.3309073834957,TGO
13533,Gross capital formation (% of GDP),2020,23.7553851722696,THA
13534,Gross capital formation (% of GDP),2020,33.4749512555638,TJK
13535,Gross capital formation (% of GDP),2020,,TKM
13536,Gross capital formation (% of GDP),2020,17.9617589498981,Latin America & the Caribbean (IDA & IBRD countries)
13537,Gross capital formation (% of GDP),2020,16.465700169063,TLS
13538,Gross capital formation (% of GDP),2020,25.0340153102244,AFG
13539,Gross capital formation (% of GDP),2020,24.4952501330576,TON
13540,Gross capital formation (% of GDP),2020,29.3401016860582,South Asia (IDA & IBRD)
13541,Gross capital formation (% of GDP),2020,22.3102769830433,Sub-Saharan Africa (IDA & IBRD countries)
13542,Gross capital formation (% of GDP),2020,20.9681333096792,TTO
13543,Gross capital formation (% of GDP),2020,12.7018688374514,TUN
13544,Gross capital formation (% of GDP),2020,31.3406099954945,TUR
13545,Gross capital formation (% of GDP),2020,,TUV
13546,Gross capital formation (% of GDP),2020,38.7464874924603,TZA
13547,Gross capital formation (% of GDP),2020,24.2159505553913,UGA
13548,Gross capital formation (% of GDP),2020,8.93229932738453,UKR
13549,Gross capital formation (% of GDP),2020,35.5533230758822,Upper middle income
13550,Gross capital formation (% of GDP),2020,16.2336764872534,URY
13551,Gross capital formation (% of GDP),2020,21.4188185362955,USA
13552,Gross capital formation (% of GDP),2020,37.5933580339099,UZB
13553,Gross capital formation (% of GDP),2020,,VCT
13554,Gross capital formation (% of GDP),2020,,VEN
13555,Gross capital formation (% of GDP),2020,,VGB
13556,Gross capital formation (% of GDP),2020,,VIR
13557,Gross capital formation (% of GDP),2020,31.915688393806,VNM
13558,Gross capital formation (% of GDP),2020,33.2424782471957,VUT
13559,Gross capital formation (% of GDP),2020,26.3554524853772,World
13560,Gross capital formation (% of GDP),2020,33.1899909156082,WSM
13561,Gross capital formation (% of GDP),2020,33.4061275308265,XKX
13562,Gross capital formation (% of GDP),2020,,YEM
13563,Gross capital formation (% of GDP),2020,12.3455441478462,ZAF
13564,Gross capital formation (% of GDP),2020,32.2448509806584,ZMB
13565,Gross capital formation (% of GDP),2020,13.1460745629256,ZWE
13566,Gross capital formation (% of GDP),2021,21.7881811953944,ABW
13567,Gross capital formation (% of GDP),2021,20.1338157154799,Africa Eastern and Southern
13568,Gross capital formation (% of GDP),2021,13.0,AFG
13569,Gross capital formation (% of GDP),2021,,Africa Western and Central
13570,Gross capital formation (% of GDP),2021,26.4373618826197,AGO
13571,Gross capital formation (% of GDP),2021,28.79440672883,ALB
13572,Gross capital formation (% of GDP),2021,,AND
13573,Gross capital formation (% of GDP),2021,25.1534597535244,Arab World
13574,Gross capital formation (% of GDP),2021,25.8270196988707,ARE
13575,Gross capital formation (% of GDP),2021,18.0762892471421,ARG
13576,Gross capital formation (% of GDP),2021,22.9638762261581,ARM
13577,Gross capital formation (% of GDP),2021,,ASM
13578,Gross capital formation (% of GDP),2021,,ATG
13579,Gross capital formation (% of GDP),2021,22.9372400904775,AUS
13580,Gross capital formation (% of GDP),2021,27.6732436856584,AUT
13581,Gross capital formation (% of GDP),2021,17.0785981597198,AZE
13582,Gross capital formation (% of GDP),2021,13.1126199999271,BDI
13583,Gross capital formation (% of GDP),2021,24.4420085715325,BEL
13584,Gross capital formation (% of GDP),2021,28.8506183177663,BEN
13585,Gross capital formation (% of GDP),2021,15.5079014507343,BFA
13586,Gross capital formation (% of GDP),2021,31.0187387357172,BGD
13587,Gross capital formation (% of GDP),2021,20.6962006537931,BGR
13588,Gross capital formation (% of GDP),2021,28.0921527834978,BHR
13589,Gross capital formation (% of GDP),2021,24.4404752014622,BHS
13590,Gross capital formation (% of GDP),2021,26.0821780084725,BIH
13591,Gross capital formation (% of GDP),2021,24.3807348526394,BLR
13592,Gross capital formation (% of GDP),2021,21.8545371919605,BLZ
13593,Gross capital formation (% of GDP),2021,12.902924909709,BMU
13594,Gross capital formation (% of GDP),2021,16.7907440667662,BOL
13595,Gross capital formation (% of GDP),2021,19.5218850206383,BRA
13596,Gross capital formation (% of GDP),2021,,BRB
13597,Gross capital formation (% of GDP),2021,31.2725676466356,BRN
13598,Gross capital formation (% of GDP),2021,44.3885960336557,BTN
13599,Gross capital formation (% of GDP),2021,27.3637239053257,BWA
13600,Gross capital formation (% of GDP),2021,25.3641399970476,CAF
13601,Gross capital formation (% of GDP),2021,24.3050554969726,CAN
13602,Gross capital formation (% of GDP),2021,24.5543803446338,Central Europe and the Baltics
13603,Gross capital formation (% of GDP),2021,26.1555657203382,CHE
13604,Gross capital formation (% of GDP),2021,,Channel Islands
13605,Gross capital formation (% of GDP),2021,24.1061176490995,CHL
13606,Gross capital formation (% of GDP),2021,42.6822612949312,CHN
13607,Gross capital formation (% of GDP),2021,23.5753170688856,CIV
13608,Gross capital formation (% of GDP),2021,18.1266921736343,CMR
13609,Gross capital formation (% of GDP),2021,27.5213236257768,COD
13610,Gross capital formation (% of GDP),2021,21.9769014632722,COG
13611,Gross capital formation (% of GDP),2021,18.9169518896828,COL
13612,Gross capital formation (% of GDP),2021,13.5021643659675,COM
13613,Gross capital formation (% of GDP),2021,27.7497642140942,CPV
13614,Gross capital formation (% of GDP),2021,18.5817848853842,CRI
13615,Gross capital formation (% of GDP),2021,,Caribbean small states
13616,Gross capital formation (% of GDP),2021,23.810957050383,CUB
13617,Gross capital formation (% of GDP),2021,,CUW
13618,Gross capital formation (% of GDP),2021,,CYM
13619,Gross capital formation (% of GDP),2021,19.6456822415145,CYP
13620,Gross capital formation (% of GDP),2021,28.1285338444502,CZE
13621,Gross capital formation (% of GDP),2021,22.4613894888017,DEU
13622,Gross capital formation (% of GDP),2021,-15.6784437711797,DJI
13623,Gross capital formation (% of GDP),2021,,DMA
13624,Gross capital formation (% of GDP),2021,23.6020021691337,DNK
13625,Gross capital formation (% of GDP),2021,30.2749635460096,DOM
13626,Gross capital formation (% of GDP),2021,39.1458051112848,DZA
13627,Gross capital formation (% of GDP),2021,40.821113448091,East Asia & Pacific (
13628,Gross capital formation (% of GDP),2021,27.1663330748555,Early-demographic dividend
13629,Gross capital formation (% of GDP),2021,36.0056994024635,East Asia & Pacific
13630,Gross capital formation (% of GDP),2021,27.4602278668455,Europe & Central Asia (
13631,Gross capital formation (% of GDP),2021,22.840551589505,Europe & Central Asia
13632,Gross capital formation (% of GDP),2021,20.7476106763154,ECU
13633,Gross capital formation (% of GDP),2021,18.2122435502994,EGY
13634,Gross capital formation (% of GDP),2021,22.7280035304314,Euro area
13635,Gross capital formation (% of GDP),2021,,ERI
13636,Gross capital formation (% of GDP),2021,21.8740337716536,ESP
13637,Gross capital formation (% of GDP),2021,30.4701833404119,EST
13638,Gross capital formation (% of GDP),2021,28.0252954109363,ETH
13639,Gross capital formation (% of GDP),2021,23.0284987939183,European Union
13640,Gross capital formation (% of GDP),2021,,Fragile and conflict affected situations
13641,Gross capital formation (% of GDP),2021,24.7881526265858,FIN
13642,Gross capital formation (% of GDP),2021,21.7308968629012,FJI
13643,Gross capital formation (% of GDP),2021,23.4474845782806,FRA
13644,Gross capital formation (% of GDP),2021,28.3577036757334,FRO
13645,Gross capital formation (% of GDP),2021,,FSM
13646,Gross capital formation (% of GDP),2021,17.4565506185946,GAB
13647,Gross capital formation (% of GDP),2021,18.0269099501181,GBR
13648,Gross capital formation (% of GDP),2021,20.6788502074962,GEO
13649,Gross capital formation (% of GDP),2021,17.0366779158262,GHA
13650,Gross capital formation (% of GDP),2021,,GIB
13651,Gross capital formation (% of GDP),2021,16.0762705485493,GIN
13652,Gross capital formation (% of GDP),2021,30.3707902499395,GMB
13653,Gross capital formation (% of GDP),2021,19.6119887543321,GNB
13654,Gross capital formation (% of GDP),2021,8.24679554193157,GNQ
13655,Gross capital formation (% of GDP),2021,17.48296657419,GRC
13656,Gross capital formation (% of GDP),2021,,GRD
13657,Gross capital formation (% of GDP),2021,37.1090109189602,GRL
13658,Gross capital formation (% of GDP),2021,16.7682431892058,GTM
13659,Gross capital formation (% of GDP),2021,,GUM
13660,Gross capital formation (% of GDP),2021,,GUY
13661,Gross capital formation (% of GDP),2021,22.8679751417135,High income
13662,Gross capital formation (% of GDP),2021,16.776482902733,HKG
13663,Gross capital formation (% of GDP),2021,24.2309330499915,HND
13664,Gross capital formation (% of GDP),2021,24.3768878556387,Heavily indebted poor countries (HIPC)
13665,Gross capital formation (% of GDP),2021,21.7975453802865,HRV
13666,Gross capital formation (% of GDP),2021,18.1059819549396,HTI
13667,Gross capital formation (% of GDP),2021,30.9304947154331,HUN
13668,Gross capital formation (% of GDP),2021,34.2092556243054,IBRD only
13669,Gross capital formation (% of GDP),2021,33.9890412856652,IDA & IBRD total
13670,Gross capital formation (% of GDP),2021,28.7613912538514,IDA total
13671,Gross capital formation (% of GDP),2021,,IDA blend
13672,Gross capital formation (% of GDP),2021,31.4488724858485,IDN
13673,Gross capital formation (% of GDP),2021,29.4474245926851,IDA only
13674,Gross capital formation (% of GDP),2021,,IMN
13675,Gross capital formation (% of GDP),2021,32.1158221755014,IND
13676,Gross capital formation (% of GDP),2021,,Not classified
13677,Gross capital formation (% of GDP),2021,23.1108973888954,IRL
13678,Gross capital formation (% of GDP),2021,39.4525900345751,IRN
13679,Gross capital formation (% of GDP),2021,21.4281806177489,IRQ
13680,Gross capital formation (% of GDP),2021,22.9973417360811,ISL
13681,Gross capital formation (% of GDP),2021,25.8836407282582,ISR
13682,Gross capital formation (% of GDP),2021,22.0011382315208,ITA
13683,Gross capital formation (% of GDP),2021,,JAM
13684,Gross capital formation (% of GDP),2021,25.1777968181063,JOR
13685,Gross capital formation (% of GDP),2021,25.824730869587,JPN
13686,Gross capital formation (% of GDP),2021,26.5334355873452,KAZ
13687,Gross capital formation (% of GDP),2021,20.3912447822361,KEN
13688,Gross capital formation (% of GDP),2021,26.4936655518147,KGZ
13689,Gross capital formation (% of GDP),2021,30.3788112661952,KHM
13690,Gross capital formation (% of GDP),2021,17.7209528526396,KIR
13691,Gross capital formation (% of GDP),2021,,KNA
13692,Gross capital formation (% of GDP),2021,32.3271937750171,KOR
13693,Gross capital formation (% of GDP),2021,14.5409220014167,KWT
13694,Gross capital formation (% of GDP),2021,20.1710898849305,Latin America & Caribbean (
13695,Gross capital formation (% of GDP),2021,,LAO
13696,Gross capital formation (% of GDP),2021,5.35948434334897,LBN
13697,Gross capital formation (% of GDP),2021,,LBR
13698,Gross capital formation (% of GDP),2021,12.160907547063,LBY
13699,Gross capital formation (% of GDP),2021,,LCA
13700,Gross capital formation (% of GDP),2021,20.3151016680921,Latin America & Caribbean
13701,Gross capital formation (% of GDP),2021,29.6017693834751,Least developed countries: UN classification
13702,Gross capital formation (% of GDP),2021,21.898669570645,Low income
13703,Gross capital formation (% of GDP),2021,,LIE
13704,Gross capital formation (% of GDP),2021,36.7330983742473,LKA
13705,Gross capital formation (% of GDP),2021,29.7390378948022,Lower middle income
13706,Gross capital formation (% of GDP),2021,35.0566012562489,Low & middle income
13707,Gross capital formation (% of GDP),2021,28.4701352359002,LSO
13708,Gross capital formation (% of GDP),2021,36.2893275406232,Late-demographic dividend
13709,Gross capital formation (% of GDP),2021,21.8350067084027,LTU
13710,Gross capital formation (% of GDP),2021,18.6878759943301,LUX
13711,Gross capital formation (% of GDP),2021,25.7228281732445,LVA
13712,Gross capital formation (% of GDP),2021,22.8160822180812,MAC
13713,Gross capital formation (% of GDP),2021,,MAF
13714,Gross capital formation (% of GDP),2021,30.6763551818437,MAR
13715,Gross capital formation (% of GDP),2021,,MCO
13716,Gross capital formation (% of GDP),2021,26.8561258664432,MDA
13717,Gross capital formation (% of GDP),2021,16.3892313120588,MDG
13718,Gross capital formation (% of GDP),2021,25.1856622862565,MDV
13719,Gross capital formation (% of GDP),2021,25.8621217197641,AFG
13720,Gross capital formation (% of GDP),2021,21.7074939335623,MEX
13721,Gross capital formation (% of GDP),2021,19.8671301660873,MHL
13722,Gross capital formation (% of GDP),2021,35.1492525214207,Middle income
13723,Gross capital formation (% of GDP),2021,32.2207980039619,MKD
13724,Gross capital formation (% of GDP),2021,23.633670532525,MLI
13725,Gross capital formation (% of GDP),2021,23.972320237217,MLT
13726,Gross capital formation (% of GDP),2021,,MMR
13727,Gross capital formation (% of GDP),2021,25.2876616186036,AFG
13728,Gross capital formation (% of GDP),2021,26.6549158485896,MNE
13729,Gross capital formation (% of GDP),2021,36.7190295728399,MNG
13730,Gross capital formation (% of GDP),2021,,MNP
13731,Gross capital formation (% of GDP),2021,40.369313777893,MOZ
13732,Gross capital formation (% of GDP),2021,40.6159856690742,MRT
13733,Gross capital formation (% of GDP),2021,19.7931525646033,MUS
13734,Gross capital formation (% of GDP),2021,,MWI
13735,Gross capital formation (% of GDP),2021,22.1257083996672,MYS
13736,Gross capital formation (% of GDP),2021,21.5646472516494,North America
13737,Gross capital formation (% of GDP),2021,17.5126568387859,NAM
13738,Gross capital formation (% of GDP),2021,,NCL
13739,Gross capital formation (% of GDP),2021,27.5604161245789,NER
13740,Gross capital formation (% of GDP),2021,,NGA
13741,Gross capital formation (% of GDP),2021,23.7920651013382,NIC
13742,Gross capital formation (% of GDP),2021,22.1938197521171,NLD
13743,Gross capital formation (% of GDP),2021,25.0880506650083,NOR
13744,Gross capital formation (% of GDP),2021,35.1635974644693,NPL
13745,Gross capital formation (% of GDP),2021,,NRU
13746,Gross capital formation (% of GDP),2021,25.1120938859399,NZL
13747,Gross capital formation (% of GDP),2021,22.7985466224312,OECD members
13748,Gross capital formation (% of GDP),2021,27.8559089826066,OMN
13749,Gross capital formation (% of GDP),2021,24.0073508244469,Other small states
13750,Gross capital formation (% of GDP),2021,14.5346921502849,PAK
13751,Gross capital formation (% of GDP),2021,31.2989342864308,PAN
13752,Gross capital formation (% of GDP),2021,22.3148400113403,PER
13753,Gross capital formation (% of GDP),2021,21.1407371483135,PHL
13754,Gross capital formation (% of GDP),2021,37.0171904566179,PLW
13755,Gross capital formation (% of GDP),2021,,PNG
13756,Gross capital formation (% of GDP),2021,21.8106734577786,POL
13757,Gross capital formation (% of GDP),2021,,Pre-demographic dividend
13758,Gross capital formation (% of GDP),2021,11.3679286945181,PRI
13759,Gross capital formation (% of GDP),2021,,PRK
13760,Gross capital formation (% of GDP),2021,20.9347674224953,PRT
13761,Gross capital formation (% of GDP),2021,23.9981273744231,PRY
13762,Gross capital formation (% of GDP),2021,25.4514329891214,PSE
13763,Gross capital formation (% of GDP),2021,25.6980920665682,Pacific island small states
13764,Gross capital formation (% of GDP),2021,22.6046103397372,Post-demographic dividend
13765,Gross capital formation (% of GDP),2021,21.4512037493674,PYF
13766,Gross capital formation (% of GDP),2021,36.8015620866184,QAT
13767,Gross capital formation (% of GDP),2021,26.2841730432192,ROU
13768,Gross capital formation (% of GDP),2021,23.0093392226061,RUS
13769,Gross capital formation (% of GDP),2021,26.7349156072212,RWA
13770,Gross capital formation (% of GDP),2021,32.1325895668083,South Asia
13771,Gross capital formation (% of GDP),2021,26.3426467287873,SAU
13772,Gross capital formation (% of GDP),2021,3.46580920270714,SDN
13773,Gross capital formation (% of GDP),2021,38.3530133013182,SEN
13774,Gross capital formation (% of GDP),2021,24.0192234940025,SGP
13775,Gross capital formation (% of GDP),2021,16.9501643741515,SLB
13776,Gross capital formation (% of GDP),2021,14.0868779884067,SLE
13777,Gross capital formation (% of GDP),2021,23.3549127263788,SLV
13778,Gross capital formation (% of GDP),2021,22.2349479785745,SMR
13779,Gross capital formation (% of GDP),2021,17.9813714604872,SOM
13780,Gross capital formation (% of GDP),2021,24.9450929619478,SRB
13781,Gross capital formation (% of GDP),2021,21.9553832290581,Sub-Saharan Africa (
13782,Gross capital formation (% of GDP),2021,,SSD
13783,Gross capital formation (% of GDP),2021,22.6713883618375,Sub-Saharan Africa
13784,Gross capital formation (% of GDP),2021,23.726444726563,Small states
13785,Gross capital formation (% of GDP),2021,,STP
13786,Gross capital formation (% of GDP),2021,,SUR
13787,Gross capital formation (% of GDP),2021,22.7804340563256,SVK
13788,Gross capital formation (% of GDP),2021,21.8553531475504,SVN
13789,Gross capital formation (% of GDP),2021,25.2564742548596,SWE
13790,Gross capital formation (% of GDP),2021,19.6705186750535,SWZ
13791,Gross capital formation (% of GDP),2021,,SXM
13792,Gross capital formation (% of GDP),2021,16.4677161262206,SYC
13793,Gross capital formation (% of GDP),2021,,SYR
13794,Gross capital formation (% of GDP),2021,,TCA
13795,Gross capital formation (% of GDP),2021,19.9485528388339,TCD
13796,Gross capital formation (% of GDP),2021,40.8211706441622,East Asia & Pacific (IDA & IBRD countries)
13797,Gross capital formation (% of GDP),2021,24.5751669368366,Europe & Central Asia (IDA & IBRD countries)
13798,Gross capital formation (% of GDP),2021,19.8641167480539,TGO
13799,Gross capital formation (% of GDP),2021,28.6690364408067,THA
13800,Gross capital formation (% of GDP),2021,34.8738527231408,TJK
13801,Gross capital formation (% of GDP),2021,,TKM
13802,Gross capital formation (% of GDP),2021,20.7180842466607,Latin America & the Caribbean (IDA & IBRD countries)
13803,Gross capital formation (% of GDP),2021,14.4003527577028,TLS
13804,Gross capital formation (% of GDP),2021,25.2857676900295,AFG
13805,Gross capital formation (% of GDP),2021,35.8138481704975,TON
13806,Gross capital formation (% of GDP),2021,32.1325895668083,South Asia (IDA & IBRD)
13807,Gross capital formation (% of GDP),2021,22.6713883618375,Sub-Saharan Africa (IDA & IBRD countries)
13808,Gross capital formation (% of GDP),2021,20.0744548175538,TTO
13809,Gross capital formation (% of GDP),2021,15.8630608934156,TUN
13810,Gross capital formation (% of GDP),2021,31.4044678140387,TUR
13811,Gross capital formation (% of GDP),2021,,TUV
13812,Gross capital formation (% of GDP),2021,39.6866788606001,TZA
13813,Gross capital formation (% of GDP),2021,24.0863683469285,UGA
13814,Gross capital formation (% of GDP),2021,14.4674526848937,UKR
13815,Gross capital formation (% of GDP),2021,36.3404155225761,Upper middle income
13816,Gross capital formation (% of GDP),2021,18.1967631399395,URY
13817,Gross capital formation (% of GDP),2021,21.3332820408248,USA
13818,Gross capital formation (% of GDP),2021,37.6931748383509,UZB
13819,Gross capital formation (% of GDP),2021,,VCT
13820,Gross capital formation (% of GDP),2021,,VEN
13821,Gross capital formation (% of GDP),2021,,VGB
13822,Gross capital formation (% of GDP),2021,,VIR
13823,Gross capital formation (% of GDP),2021,32.8956023366901,VNM
13824,Gross capital formation (% of GDP),2021,45.0949573110619,VUT
13825,Gross capital formation (% of GDP),2021,27.1254334938178,World
13826,Gross capital formation (% of GDP),2021,34.8951307273989,WSM
13827,Gross capital formation (% of GDP),2021,35.9511804344753,XKX
13828,Gross capital formation (% of GDP),2021,,YEM
13829,Gross capital formation (% of GDP),2021,12.7964275954655,ZAF
13830,Gross capital formation (% of GDP),2021,31.3669178305336,ZMB
13831,Gross capital formation (% of GDP),2021,15.5070582905069,ZWE
13832,Gross capital formation (% of GDP),2022,20.9175227007079,ABW
13833,Gross capital formation (% of GDP),2022,21.3575512591666,Africa Eastern and Southern
13834,Gross capital formation (% of GDP),2022,16.7,AFG
13835,Gross capital formation (% of GDP),2022,,Africa Western and Central
13836,Gross capital formation (% of GDP),2022,26.256018224438,AGO
13837,Gross capital formation (% of GDP),2022,26.9055628314758,ALB
13838,Gross capital formation (% of GDP),2022,,AND
13839,Gross capital formation (% of GDP),2022,25.2047328725954,Arab World
13840,Gross capital formation (% of GDP),2022,26.5079604219642,ARE
13841,Gross capital formation (% of GDP),2022,17.2797984562396,ARG
13842,Gross capital formation (% of GDP),2022,22.3786193446026,ARM
13843,Gross capital formation (% of GDP),2022,,ASM
13844,Gross capital formation (% of GDP),2022,,ATG
13845,Gross capital formation (% of GDP),2022,23.7681889552934,AUS
13846,Gross capital formation (% of GDP),2022,29.226770327444,AUT
13847,Gross capital formation (% of GDP),2022,12.0037141895326,AZE
13848,Gross capital formation (% of GDP),2022,13.3868808148699,BDI
13849,Gross capital formation (% of GDP),2022,26.9253632848776,BEL
13850,Gross capital formation (% of GDP),2022,31.1483716430973,BEN
13851,Gross capital formation (% of GDP),2022,17.4975778095309,BFA
13852,Gross capital formation (% of GDP),2022,32.047275580905,BGD
13853,Gross capital formation (% of GDP),2022,22.6868124930814,BGR
13854,Gross capital formation (% of GDP),2022,24.5901868987674,BHR
13855,Gross capital formation (% of GDP),2022,23.8155546600656,BHS
13856,Gross capital formation (% of GDP),2022,27.423549920209,BIH
13857,Gross capital formation (% of GDP),2022,21.5979064833979,BLR
13858,Gross capital formation (% of GDP),2022,22.4821723399023,BLZ
13859,Gross capital formation (% of GDP),2022,12.536566366296,BMU
13860,Gross capital formation (% of GDP),2022,16.6168659671801,BOL
13861,Gross capital formation (% of GDP),2022,18.0882204442366,BRA
13862,Gross capital formation (% of GDP),2022,,BRB
13863,Gross capital formation (% of GDP),2022,25.8510429801435,BRN
13864,Gross capital formation (% of GDP),2022,55.7788292981126,BTN
13865,Gross capital formation (% of GDP),2022,26.7915178682867,BWA
13866,Gross capital formation (% of GDP),2022,24.3266600012173,CAF
13867,Gross capital formation (% of GDP),2022,25.3186668256785,CAN
13868,Gross capital formation (% of GDP),2022,26.0300417178531,Central Europe and the Baltics
13869,Gross capital formation (% of GDP),2022,24.8173430933187,CHE
13870,Gross capital formation (% of GDP),2022,,Channel Islands
13871,Gross capital formation (% of GDP),2022,25.7984190064455,CHL
13872,Gross capital formation (% of GDP),2022,42.3554333470499,CHN
13873,Gross capital formation (% of GDP),2022,27.4853115364793,CIV
13874,Gross capital formation (% of GDP),2022,19.1070783023643,CMR
13875,Gross capital formation (% of GDP),2022,31.465838039449,COD
13876,Gross capital formation (% of GDP),2022,20.9792068255243,COG
13877,Gross capital formation (% of GDP),2022,19.7872446007318,COL
13878,Gross capital formation (% of GDP),2022,13.3347942895571,COM
13879,Gross capital formation (% of GDP),2022,21.8794313027596,CPV
13880,Gross capital formation (% of GDP),2022,17.6973336495702,CRI
13881,Gross capital formation (% of GDP),2022,,Caribbean small states
13882,Gross capital formation (% of GDP),2022,18.2946265398607,CUB
13883,Gross capital formation (% of GDP),2022,,CUW
13884,Gross capital formation (% of GDP),2022,,CYM
13885,Gross capital formation (% of GDP),2022,20.2707981671201,CYP
13886,Gross capital formation (% of GDP),2022,31.0333010301464,CZE
13887,Gross capital formation (% of GDP),2022,23.0210554269889,DEU
13888,Gross capital formation (% of GDP),2022,-10.5957415251433,DJI
13889,Gross capital formation (% of GDP),2022,,DMA
13890,Gross capital formation (% of GDP),2022,24.6939180177246,DNK
13891,Gross capital formation (% of GDP),2022,30.6705570734763,DOM
13892,Gross capital formation (% of GDP),2022,35.0891197613498,DZA
13893,Gross capital formation (% of GDP),2022,40.4206014889483,East Asia & Pacific (
13894,Gross capital formation (% of GDP),2022,27.9331790728065,Early-demographic dividend
13895,Gross capital formation (% of GDP),2022,36.1750263011729,East Asia & Pacific
13896,Gross capital formation (% of GDP),2022,28.8870008148984,Europe & Central Asia (
13897,Gross capital formation (% of GDP),2022,23.6072031198473,Europe & Central Asia
13898,Gross capital formation (% of GDP),2022,22.4059052025305,ECU
13899,Gross capital formation (% of GDP),2022,19.8559132929551,EGY
13900,Gross capital formation (% of GDP),2022,23.824457788887,Euro area
13901,Gross capital formation (% of GDP),2022,,ERI
13902,Gross capital formation (% of GDP),2022,22.6550254835913,ESP
13903,Gross capital formation (% of GDP),2022,28.9736561167561,EST
13904,Gross capital formation (% of GDP),2022,25.3422268254436,ETH
13905,Gross capital formation (% of GDP),2022,24.1672282080977,European Union
13906,Gross capital formation (% of GDP),2022,,Fragile and conflict affected situations
13907,Gross capital formation (% of GDP),2022,27.2854002667819,FIN
13908,Gross capital formation (% of GDP),2022,18.4752092658544,FJI
13909,Gross capital formation (% of GDP),2022,24.1891253222165,FRA
13910,Gross capital formation (% of GDP),2022,31.215405035957,FRO
13911,Gross capital formation (% of GDP),2022,,FSM
13912,Gross capital formation (% of GDP),2022,16.0269404879625,GAB
13913,Gross capital formation (% of GDP),2022,17.9381324146186,GBR
13914,Gross capital formation (% of GDP),2022,24.0666627779303,GEO
13915,Gross capital formation (% of GDP),2022,15.799843045792,GHA
13916,Gross capital formation (% of GDP),2022,,GIB
13917,Gross capital formation (% of GDP),2022,14.0142215654177,GIN
13918,Gross capital formation (% of GDP),2022,28.6236492170476,GMB
13919,Gross capital formation (% of GDP),2022,21.0009138597446,GNB
13920,Gross capital formation (% of GDP),2022,7.33815470437154,GNQ
13921,Gross capital formation (% of GDP),2022,19.9840681581658,GRC
13922,Gross capital formation (% of GDP),2022,,GRD
13923,Gross capital formation (% of GDP),2022,37.84070939282,GRL
13924,Gross capital formation (% of GDP),2022,16.5685328740366,GTM
13925,Gross capital formation (% of GDP),2022,,GUM
13926,Gross capital formation (% of GDP),2022,,GUY
13927,Gross capital formation (% of GDP),2022,23.4345141266133,High income
13928,Gross capital formation (% of GDP),2022,15.2299295577844,HKG
13929,Gross capital formation (% of GDP),2022,26.3262317410881,HND
13930,Gross capital formation (% of GDP),2022,24.7665759315886,Heavily indebted poor countries (HIPC)
13931,Gross capital formation (% of GDP),2022,26.0693590928628,HRV
13932,Gross capital formation (% of GDP),2022,15.8621394204196,HTI
13933,Gross capital formation (% of GDP),2022,34.534711211588,HUN
13934,Gross capital formation (% of GDP),2022,33.8062071739051,IBRD only
13935,Gross capital formation (% of GDP),2022,33.5934177382898,IDA & IBRD total
13936,Gross capital formation (% of GDP),2022,28.9926665676656,IDA total
13937,Gross capital formation (% of GDP),2022,,IDA blend
13938,Gross capital formation (% of GDP),2022,29.7453138212259,IDN
13939,Gross capital formation (% of GDP),2022,29.5936973171172,IDA only
13940,Gross capital formation (% of GDP),2022,,IMN
13941,Gross capital formation (% of GDP),2022,33.6192585388984,IND
13942,Gross capital formation (% of GDP),2022,,Not classified
13943,Gross capital formation (% of GDP),2022,22.9185833312825,IRL
13944,Gross capital formation (% of GDP),2022,38.0015908266913,IRN
13945,Gross capital formation (% of GDP),2022,24.3148601227151,IRQ
13946,Gross capital formation (% of GDP),2022,24.5228550018385,ISL
13947,Gross capital formation (% of GDP),2022,27.2821521718091,ISR
13948,Gross capital formation (% of GDP),2022,24.5977298322393,ITA
13949,Gross capital formation (% of GDP),2022,,JAM
13950,Gross capital formation (% of GDP),2022,,JOR
13951,Gross capital formation (% of GDP),2022,26.7755742133001,JPN
13952,Gross capital formation (% of GDP),2022,24.9759095791804,KAZ
13953,Gross capital formation (% of GDP),2022,19.0540638513609,KEN
13954,Gross capital formation (% of GDP),2022,35.6406881799816,KGZ
13955,Gross capital formation (% of GDP),2022,34.5945264318735,KHM
13956,Gross capital formation (% of GDP),2022,20.3613283973475,KIR
13957,Gross capital formation (% of GDP),2022,,KNA
13958,Gross capital formation (% of GDP),2022,33.1813562926262,KOR
13959,Gross capital formation (% of GDP),2022,16.9287658642541,KWT
13960,Gross capital formation (% of GDP),2022,19.9316075520463,Latin America & Caribbean (
13961,Gross capital formation (% of GDP),2022,,LAO
13962,Gross capital formation (% of GDP),2022,1.22517144706489,LBN
13963,Gross capital formation (% of GDP),2022,,LBR
13964,Gross capital formation (% of GDP),2022,10.5201970194858,LBY
13965,Gross capital formation (% of GDP),2022,,LCA
13966,Gross capital formation (% of GDP),2022,20.2623688216341,Latin America & Caribbean
13967,Gross capital formation (% of GDP),2022,30.6507557778558,Least developed countries: UN classification
13968,Gross capital formation (% of GDP),2022,22.4983428921732,Low income
13969,Gross capital formation (% of GDP),2022,,LIE
13970,Gross capital formation (% of GDP),2022,27.2717494247654,LKA
13971,Gross capital formation (% of GDP),2022,30.9234718750975,Lower middle income
13972,Gross capital formation (% of GDP),2022,34.6697719208054,Low & middle income
13973,Gross capital formation (% of GDP),2022,27.3770082194087,LSO
13974,Gross capital formation (% of GDP),2022,35.4515081502364,Late-demographic dividend
13975,Gross capital formation (% of GDP),2022,28.0753061012226,LTU
13976,Gross capital formation (% of GDP),2022,17.0331766630247,LUX
13977,Gross capital formation (% of GDP),2022,24.212312160705,LVA
13978,Gross capital formation (% of GDP),2022,23.1273217837251,MAC
13979,Gross capital formation (% of GDP),2022,,MAF
13980,Gross capital formation (% of GDP),2022,30.2997689691092,MAR
13981,Gross capital formation (% of GDP),2022,,MCO
13982,Gross capital formation (% of GDP),2022,27.3104295249444,MDA
13983,Gross capital formation (% of GDP),2022,22.1619767688996,MDG
13984,Gross capital formation (% of GDP),2022,32.8870033142196,MDV
13985,Gross capital formation (% of GDP),2022,25.9588584781944,AFG
13986,Gross capital formation (% of GDP),2022,22.7771985484995,MEX
13987,Gross capital formation (% of GDP),2022,26.9933307024467,MHL
13988,Gross capital formation (% of GDP),2022,34.770872663227,Middle income
13989,Gross capital formation (% of GDP),2022,36.0166355424196,MKD
13990,Gross capital formation (% of GDP),2022,23.1513765659858,MLI
13991,Gross capital formation (% of GDP),2022,25.1429935584168,MLT
13992,Gross capital formation (% of GDP),2022,,MMR
13993,Gross capital formation (% of GDP),2022,25.2725002398619,AFG
13994,Gross capital formation (% of GDP),2022,30.3051239884821,MNE
13995,Gross capital formation (% of GDP),2022,42.3321000384678,MNG
13996,Gross capital formation (% of GDP),2022,,MNP
13997,Gross capital formation (% of GDP),2022,43.2043468044561,MOZ
13998,Gross capital formation (% of GDP),2022,49.0681215273204,MRT
13999,Gross capital formation (% of GDP),2022,20.4563905726976,MUS
14000,Gross capital formation (% of GDP),2022,,MWI
14001,Gross capital formation (% of GDP),2022,23.6101151024123,MYS
14002,Gross capital formation (% of GDP),2022,22.2087730064305,North America
14003,Gross capital formation (% of GDP),2022,19.9742056437663,NAM
14004,Gross capital formation (% of GDP),2022,,NCL
14005,Gross capital formation (% of GDP),2022,29.6208107643846,NER
14006,Gross capital formation (% of GDP),2022,,NGA
14007,Gross capital formation (% of GDP),2022,21.7526844449914,NIC
14008,Gross capital formation (% of GDP),2022,22.8632951641142,NLD
14009,Gross capital formation (% of GDP),2022,21.1777624084125,NOR
14010,Gross capital formation (% of GDP),2022,37.6438482526851,NPL
14011,Gross capital formation (% of GDP),2022,,NRU
14012,Gross capital formation (% of GDP),2022,26.2630138517952,NZL
14013,Gross capital formation (% of GDP),2022,23.4681856548373,OECD members
14014,Gross capital formation (% of GDP),2022,27.3208738967385,OMN
14015,Gross capital formation (% of GDP),2022,24.4221214343908,Other small states
14016,Gross capital formation (% of GDP),2022,15.5605425943332,PAK
14017,Gross capital formation (% of GDP),2022,35.9504100187104,PAN
14018,Gross capital formation (% of GDP),2022,22.3663937709414,PER
14019,Gross capital formation (% of GDP),2022,24.6858616763102,PHL
14020,Gross capital formation (% of GDP),2022,38.4182000077467,PLW
14021,Gross capital formation (% of GDP),2022,,PNG
14022,Gross capital formation (% of GDP),2022,22.059467565345,POL
14023,Gross capital formation (% of GDP),2022,,Pre-demographic dividend
14024,Gross capital formation (% of GDP),2022,14.8153125732913,PRI
14025,Gross capital formation (% of GDP),2022,,PRK
14026,Gross capital formation (% of GDP),2022,21.3735178930078,PRT
14027,Gross capital formation (% of GDP),2022,27.6864351426557,PRY
14028,Gross capital formation (% of GDP),2022,26.5231796718061,PSE
14029,Gross capital formation (% of GDP),2022,24.1796013606735,Pacific island small states
14030,Gross capital formation (% of GDP),2022,23.1802860300492,Post-demographic dividend
14031,Gross capital formation (% of GDP),2022,21.7636761819601,PYF
14032,Gross capital formation (% of GDP),2022,30.6432344815998,QAT
14033,Gross capital formation (% of GDP),2022,26.9666630681205,ROU
14034,Gross capital formation (% of GDP),2022,23.2028710254613,RUS
14035,Gross capital formation (% of GDP),2022,25.7418263768417,RWA
14036,Gross capital formation (% of GDP),2022,33.3728615373741,South Asia
14037,Gross capital formation (% of GDP),2022,26.5159908508109,SAU
14038,Gross capital formation (% of GDP),2022,2.17826429341476,SDN
14039,Gross capital formation (% of GDP),2022,45.3064643568889,SEN
14040,Gross capital formation (% of GDP),2022,22.2139256940454,SGP
14041,Gross capital formation (% of GDP),2022,23.3629496262085,SLB
14042,Gross capital formation (% of GDP),2022,14.8698936281175,SLE
14043,Gross capital formation (% of GDP),2022,24.4715740009765,SLV
14044,Gross capital formation (% of GDP),2022,23.025957538683,SMR
14045,Gross capital formation (% of GDP),2022,23.6461266454199,SOM
14046,Gross capital formation (% of GDP),2022,26.3897108714517,SRB
14047,Gross capital formation (% of GDP),2022,23.4578723016953,Sub-Saharan Africa (
14048,Gross capital formation (% of GDP),2022,,SSD
14049,Gross capital formation (% of GDP),2022,23.8919468964202,Sub-Saharan Africa
14050,Gross capital formation (% of GDP),2022,23.0375597147219,Small states
14051,Gross capital formation (% of GDP),2022,,STP
14052,Gross capital formation (% of GDP),2022,,SUR
14053,Gross capital formation (% of GDP),2022,23.1957427649096,SVK
14054,Gross capital formation (% of GDP),2022,24.4190359412091,SVN
14055,Gross capital formation (% of GDP),2022,26.9258173320619,SWE
14056,Gross capital formation (% of GDP),2022,22.4801036600557,SWZ
14057,Gross capital formation (% of GDP),2022,,SXM
14058,Gross capital formation (% of GDP),2022,18.0729742622698,SYC
14059,Gross capital formation (% of GDP),2022,,SYR
14060,Gross capital formation (% of GDP),2022,,TCA
14061,Gross capital formation (% of GDP),2022,17.971522488907,TCD
14062,Gross capital formation (% of GDP),2022,40.4207255154878,East Asia & Pacific (IDA & IBRD countries)
14063,Gross capital formation (% of GDP),2022,25.2573241440052,Europe & Central Asia (IDA & IBRD countries)
14064,Gross capital formation (% of GDP),2022,21.4192500083402,TGO
14065,Gross capital formation (% of GDP),2022,27.8584292539583,THA
14066,Gross capital formation (% of GDP),2022,35.4675046982739,TJK
14067,Gross capital formation (% of GDP),2022,,TKM
14068,Gross capital formation (% of GDP),2022,20.582228860615,Latin America & the Caribbean (IDA & IBRD countries)
14069,Gross capital formation (% of GDP),2022,10.5954633682556,TLS
14070,Gross capital formation (% of GDP),2022,25.2609385887453,AFG
14071,Gross capital formation (% of GDP),2022,26.8041652225326,TON
14072,Gross capital formation (% of GDP),2022,33.3728615373741,South Asia (IDA & IBRD)
14073,Gross capital formation (% of GDP),2022,23.8919468964202,Sub-Saharan Africa (IDA & IBRD countries)
14074,Gross capital formation (% of GDP),2022,,TTO
14075,Gross capital formation (% of GDP),2022,17.1430005089496,TUN
14076,Gross capital formation (% of GDP),2022,35.0399404629645,TUR
14077,Gross capital formation (% of GDP),2022,,TUV
14078,Gross capital formation (% of GDP),2022,41.0677624080732,TZA
14079,Gross capital formation (% of GDP),2022,24.201342621546,UGA
14080,Gross capital formation (% of GDP),2022,12.1132886209386,UKR
14081,Gross capital formation (% of GDP),2022,35.6566549710979,Upper middle income
14082,Gross capital formation (% of GDP),2022,18.6551845628116,URY
14083,Gross capital formation (% of GDP),2022,21.9497730851586,USA
14084,Gross capital formation (% of GDP),2022,34.8667419109999,UZB
14085,Gross capital formation (% of GDP),2022,,VCT
14086,Gross capital formation (% of GDP),2022,,VEN
14087,Gross capital formation (% of GDP),2022,,VGB
14088,Gross capital formation (% of GDP),2022,,VIR
14089,Gross capital formation (% of GDP),2022,32.3404994444961,VNM
14090,Gross capital formation (% of GDP),2022,39.2228110017663,VUT
14091,Gross capital formation (% of GDP),2022,27.3823494234166,World
14092,Gross capital formation (% of GDP),2022,34.8126787103168,WSM
14093,Gross capital formation (% of GDP),2022,35.2326459658665,XKX
14094,Gross capital formation (% of GDP),2022,,YEM
14095,Gross capital formation (% of GDP),2022,15.415075319943,ZAF
14096,Gross capital formation (% of GDP),2022,26.980508150543,ZMB
14097,Gross capital formation (% of GDP),2022,14.6103390027278,ZWE
14098,Gross capital formation (% of GDP),2023,21.4610014922559,ABW
14099,Gross capital formation (% of GDP),2023,20.9887090849144,Africa Eastern and Southern
14100,Gross capital formation (% of GDP),2023,15.2924823859473,AFG
14101,Gross capital formation (% of GDP),2023,,Africa Western and Central
14102,Gross capital formation (% of GDP),2023,23.7790911131562,AGO
14103,Gross capital formation (% of GDP),2023,22.9107217576367,ALB
14104,Gross capital formation (% of GDP),2023,,AND
14105,Gross capital formation (% of GDP),2023,26.573808840727,Arab World
14106,Gross capital formation (% of GDP),2023,27.0786563226145,ARE
14107,Gross capital formation (% of GDP),2023,19.3715390134256,ARG
14108,Gross capital formation (% of GDP),2023,21.2953732476126,ARM
14109,Gross capital formation (% of GDP),2023,,ASM
14110,Gross capital formation (% of GDP),2023,,ATG
14111,Gross capital formation (% of GDP),2023,23.9740168793693,AUS
14112,Gross capital formation (% of GDP),2023,25.4080151070422,AUT
14113,Gross capital formation (% of GDP),2023,17.7431851628057,AZE
14114,Gross capital formation (% of GDP),2023,13.0504574343386,BDI
14115,Gross capital formation (% of GDP),2023,25.3621964476176,BEL
14116,Gross capital formation (% of GDP),2023,34.5306621756362,BEN
14117,Gross capital formation (% of GDP),2023,22.5438564249502,BFA
14118,Gross capital formation (% of GDP),2023,30.9512000834944,BGD
14119,Gross capital formation (% of GDP),2023,19.749565552763,BGR
14120,Gross capital formation (% of GDP),2023,29.2640793410082,BHR
14121,Gross capital formation (% of GDP),2023,22.8631485204272,BHS
14122,Gross capital formation (% of GDP),2023,26.324210390014,BIH
14123,Gross capital formation (% of GDP),2023,24.7116791837371,BLR
14124,Gross capital formation (% of GDP),2023,18.2747688996853,BLZ
14125,Gross capital formation (% of GDP),2023,11.1992411450802,BMU
14126,Gross capital formation (% of GDP),2023,17.6169589634039,BOL
14127,Gross capital formation (% of GDP),2023,15.7606472065087,BRA
14128,Gross capital formation (% of GDP),2023,,BRB
14129,Gross capital formation (% of GDP),2023,29.6282075098656,BRN
14130,Gross capital formation (% of GDP),2023,45.1837179455795,BTN
14131,Gross capital formation (% of GDP),2023,30.2958784873742,BWA
14132,Gross capital formation (% of GDP),2023,23.7477562200269,CAF
14133,Gross capital formation (% of GDP),2023,23.8949011694691,CAN
14134,Gross capital formation (% of GDP),2023,22.2827886193545,Central Europe and the Baltics
14135,Gross capital formation (% of GDP),2023,25.9871467150257,CHE
14136,Gross capital formation (% of GDP),2023,,Channel Islands
14137,Gross capital formation (% of GDP),2023,23.3620550113744,CHL
14138,Gross capital formation (% of GDP),2023,41.1297102455381,CHN
14139,Gross capital formation (% of GDP),2023,26.0965109188638,CIV
14140,Gross capital formation (% of GDP),2023,19.5166502739918,CMR
14141,Gross capital formation (% of GDP),2023,31.9911658704491,COD
14142,Gross capital formation (% of GDP),2023,25.2109559920067,COG
14143,Gross capital formation (% of GDP),2023,16.4396849097732,COL
14144,Gross capital formation (% of GDP),2023,13.0144879394462,COM
14145,Gross capital formation (% of GDP),2023,19.345046443029,CPV
14146,Gross capital formation (% of GDP),2023,15.2565937229588,CRI
14147,Gross capital formation (% of GDP),2023,,Caribbean small states
14148,Gross capital formation (% of GDP),2023,22.2587933743963,CUB
14149,Gross capital formation (% of GDP),2023,,CUW
14150,Gross capital formation (% of GDP),2023,,CYM
14151,Gross capital formation (% of GDP),2023,20.6412484701255,CYP
14152,Gross capital formation (% of GDP),2023,28.0166851129247,CZE
14153,Gross capital formation (% of GDP),2023,21.6725400485002,DEU
14154,Gross capital formation (% of GDP),2023,-3.23994971278298,DJI
14155,Gross capital formation (% of GDP),2023,,DMA
14156,Gross capital formation (% of GDP),2023,22.8265168619473,DNK
14157,Gross capital formation (% of GDP),2023,27.8145628515185,DOM
14158,Gross capital formation (% of GDP),2023,37.724946210066,DZA
14159,Gross capital formation (% of GDP),2023,39.1411022093932,East Asia & Pacific (
14160,Gross capital formation (% of GDP),2023,27.9117129657502,Early-demographic dividend
14161,Gross capital formation (% of GDP),2023,35.0311740821055,East Asia & Pacific
14162,Gross capital formation (% of GDP),2023,27.8516414813176,Europe & Central Asia (
14163,Gross capital formation (% of GDP),2023,22.6730682238376,Europe & Central Asia
14164,Gross capital formation (% of GDP),2023,20.650593270293,ECU
14165,Gross capital formation (% of GDP),2023,16.4907339937373,EGY
14166,Gross capital formation (% of GDP),2023,22.300600790466,Euro area
14167,Gross capital formation (% of GDP),2023,,ERI
14168,Gross capital formation (% of GDP),2023,21.004602475833,ESP
14169,Gross capital formation (% of GDP),2023,27.694515970385,EST
14170,Gross capital formation (% of GDP),2023,22.1694039604718,ETH
14171,Gross capital formation (% of GDP),2023,22.3887099308377,European Union
14172,Gross capital formation (% of GDP),2023,,Fragile and conflict affected situations
14173,Gross capital formation (% of GDP),2023,22.9883203437177,FIN
14174,Gross capital formation (% of GDP),2023,19.7795954329322,FJI
14175,Gross capital formation (% of GDP),2023,23.1533644509286,FRA
14176,Gross capital formation (% of GDP),2023,31.0048550721946,FRO
14177,Gross capital formation (% of GDP),2023,,FSM
14178,Gross capital formation (% of GDP),2023,17.5342876977906,GAB
14179,Gross capital formation (% of GDP),2023,17.2186700649347,GBR
14180,Gross capital formation (% of GDP),2023,24.9987945206376,GEO
14181,Gross capital formation (% of GDP),2023,9.8998610781632,GHA
14182,Gross capital formation (% of GDP),2023,,GIB
14183,Gross capital formation (% of GDP),2023,23.4269896966463,GIN
14184,Gross capital formation (% of GDP),2023,27.2873451192374,GMB
14185,Gross capital formation (% of GDP),2023,18.9621476231489,GNB
14186,Gross capital formation (% of GDP),2023,9.3599926039255,GNQ
14187,Gross capital formation (% of GDP),2023,16.7312327593368,GRC
14188,Gross capital formation (% of GDP),2023,,GRD
14189,Gross capital formation (% of GDP),2023,35.9956193360065,GRL
14190,Gross capital formation (% of GDP),2023,16.4754429310232,GTM
14191,Gross capital formation (% of GDP),2023,,GUM
14192,Gross capital formation (% of GDP),2023,,GUY
14193,Gross capital formation (% of GDP),2023,22.7569583182421,High income
14194,Gross capital formation (% of GDP),2023,16.1391759125162,HKG
14195,Gross capital formation (% of GDP),2023,22.1864309601857,HND
14196,Gross capital formation (% of GDP),2023,23.919009164163,Heavily indebted poor countries (HIPC)
14197,Gross capital formation (% of GDP),2023,23.2818000891938,HRV
14198,Gross capital formation (% of GDP),2023,13.8536836673602,HTI
14199,Gross capital formation (% of GDP),2023,25.89744060362,HUN
14200,Gross capital formation (% of GDP),2023,32.7425042600253,IBRD only
14201,Gross capital formation (% of GDP),2023,32.642957192038,IDA & IBRD total
14202,Gross capital formation (% of GDP),2023,29.0356106588345,IDA total
14203,Gross capital formation (% of GDP),2023,,IDA blend
14204,Gross capital formation (% of GDP),2023,30.3425864737035,IDN
14205,Gross capital formation (% of GDP),2023,28.1783483155107,IDA only
14206,Gross capital formation (% of GDP),2023,,IMN
14207,Gross capital formation (% of GDP),2023,33.3623103638844,IND
14208,Gross capital formation (% of GDP),2023,,Not classified
14209,Gross capital formation (% of GDP),2023,26.3322520716791,IRL
14210,Gross capital formation (% of GDP),2023,38.8321312363036,IRN
14211,Gross capital formation (% of GDP),2023,24.0865197018349,IRQ
14212,Gross capital formation (% of GDP),2023,25.5065836691362,ISL
14213,Gross capital formation (% of GDP),2023,26.1101982037385,ISR
14214,Gross capital formation (% of GDP),2023,22.9270710662995,ITA
14215,Gross capital formation (% of GDP),2023,,JAM
14216,Gross capital formation (% of GDP),2023,,JOR
14217,Gross capital formation (% of GDP),2023,26.1821637488649,JPN
14218,Gross capital formation (% of GDP),2023,29.8345237599711,KAZ
14219,Gross capital formation (% of GDP),2023,16.3568914711063,KEN
14220,Gross capital formation (% of GDP),2023,34.4590059457311,KGZ
14221,Gross capital formation (% of GDP),2023,33.2944796211269,KHM
14222,Gross capital formation (% of GDP),2023,,KIR
14223,Gross capital formation (% of GDP),2023,,KNA
14224,Gross capital formation (% of GDP),2023,32.129273979048,KOR
14225,Gross capital formation (% of GDP),2023,,KWT
14226,Gross capital formation (% of GDP),2023,19.1781493644345,Latin America & Caribbean (
14227,Gross capital formation (% of GDP),2023,,LAO
14228,Gross capital formation (% of GDP),2023,1.89754409912655,LBN
14229,Gross capital formation (% of GDP),2023,,LBR
14230,Gross capital formation (% of GDP),2023,16.4803551353643,LBY
14231,Gross capital formation (% of GDP),2023,,LCA
14232,Gross capital formation (% of GDP),2023,19.4538584098506,Latin America & Caribbean
14233,Gross capital formation (% of GDP),2023,29.6585779905594,Least developed countries: UN classification
14234,Gross capital formation (% of GDP),2023,22.1123364904802,Low income
14235,Gross capital formation (% of GDP),2023,,LIE
14236,Gross capital formation (% of GDP),2023,24.5850342832275,LKA
14237,Gross capital formation (% of GDP),2023,30.8884130242246,Lower middle income
14238,Gross capital formation (% of GDP),2023,33.5267081673842,Low & middle income
14239,Gross capital formation (% of GDP),2023,27.2206686483307,LSO
14240,Gross capital formation (% of GDP),2023,34.3133692589624,Late-demographic dividend
14241,Gross capital formation (% of GDP),2023,21.9341715222081,LTU
14242,Gross capital formation (% of GDP),2023,17.3818575653208,LUX
14243,Gross capital formation (% of GDP),2023,24.5729966745749,LVA
14244,Gross capital formation (% of GDP),2023,15.4494108218169,MAC
14245,Gross capital formation (% of GDP),2023,,MAF
14246,Gross capital formation (% of GDP),2023,28.8189902949244,MAR
14247,Gross capital formation (% of GDP),2023,,MCO
14248,Gross capital formation (% of GDP),2023,20.084591001224,MDA
14249,Gross capital formation (% of GDP),2023,19.9083555489796,MDG
14250,Gross capital formation (% of GDP),2023,32.9712297892329,MDV
14251,Gross capital formation (% of GDP),2023,26.8162373468738,AFG
14252,Gross capital formation (% of GDP),2023,23.9387768488008,MEX
14253,Gross capital formation (% of GDP),2023,19.7239876590821,MHL
14254,Gross capital formation (% of GDP),2023,33.6144569585504,Middle income
14255,Gross capital formation (% of GDP),2023,29.6347414984856,MKD
14256,Gross capital formation (% of GDP),2023,22.3061487400934,MLI
14257,Gross capital formation (% of GDP),2023,19.8359809434331,MLT
14258,Gross capital formation (% of GDP),2023,,MMR
14259,Gross capital formation (% of GDP),2023,25.2331980678014,AFG
14260,Gross capital formation (% of GDP),2023,27.5972752657923,MNE
14261,Gross capital formation (% of GDP),2023,33.9003731595217,MNG
14262,Gross capital formation (% of GDP),2023,,MNP
14263,Gross capital formation (% of GDP),2023,19.8824088883357,MOZ
14264,Gross capital formation (% of GDP),2023,42.399632595093,MRT
14265,Gross capital formation (% of GDP),2023,19.8822851162893,MUS
14266,Gross capital formation (% of GDP),2023,,MWI
14267,Gross capital formation (% of GDP),2023,22.4702448103035,MYS
14268,Gross capital formation (% of GDP),2023,21.7091460835109,North America
14269,Gross capital formation (% of GDP),2023,28.0124983317695,NAM
14270,Gross capital formation (% of GDP),2023,,NCL
14271,Gross capital formation (% of GDP),2023,21.6844069972649,NER
14272,Gross capital formation (% of GDP),2023,,NGA
14273,Gross capital formation (% of GDP),2023,22.1511227447242,NIC
14274,Gross capital formation (% of GDP),2023,19.9597414384989,NLD
14275,Gross capital formation (% of GDP),2023,24.2545661042046,NOR
14276,Gross capital formation (% of GDP),2023,31.1493001529726,NPL
14277,Gross capital formation (% of GDP),2023,,NRU
14278,Gross capital formation (% of GDP),2023,23.8211315596966,NZL
14279,Gross capital formation (% of GDP),2023,22.5762555178741,OECD members
14280,Gross capital formation (% of GDP),2023,26.7343535485265,OMN
14281,Gross capital formation (% of GDP),2023,23.9609224404939,Other small states
14282,Gross capital formation (% of GDP),2023,14.0239825358492,PAK
14283,Gross capital formation (% of GDP),2023,37.7301749385733,PAN
14284,Gross capital formation (% of GDP),2023,19.1844089781649,PER
14285,Gross capital formation (% of GDP),2023,23.4061516163008,PHL
14286,Gross capital formation (% of GDP),2023,,PLW
14287,Gross capital formation (% of GDP),2023,,PNG
14288,Gross capital formation (% of GDP),2023,17.6684506133329,POL
14289,Gross capital formation (% of GDP),2023,,Pre-demographic dividend
14290,Gross capital formation (% of GDP),2023,14.3868215417107,PRI
14291,Gross capital formation (% of GDP),2023,,PRK
14292,Gross capital formation (% of GDP),2023,20.4780928816205,PRT
14293,Gross capital formation (% of GDP),2023,20.1583849669119,PRY
14294,Gross capital formation (% of GDP),2023,25.5974092190118,PSE
14295,Gross capital formation (% of GDP),2023,25.4777074630001,Pacific island small states
14296,Gross capital formation (% of GDP),2023,22.3454651994109,Post-demographic dividend
14297,Gross capital formation (% of GDP),2023,21.713682309294,PYF
14298,Gross capital formation (% of GDP),2023,,QAT
14299,Gross capital formation (% of GDP),2023,25.7736168430604,ROU
14300,Gross capital formation (% of GDP),2023,27.0076136288036,RUS
14301,Gross capital formation (% of GDP),2023,23.5855215423605,RWA
14302,Gross capital formation (% of GDP),2023,32.9235790104128,South Asia
14303,Gross capital formation (% of GDP),2023,29.2016398479372,SAU
14304,Gross capital formation (% of GDP),2023,2.17279846218936,SDN
14305,Gross capital formation (% of GDP),2023,41.9268791059851,SEN
14306,Gross capital formation (% of GDP),2023,21.2437977714338,SGP
14307,Gross capital formation (% of GDP),2023,,SLB
14308,Gross capital formation (% of GDP),2023,19.7175941763597,SLE
14309,Gross capital formation (% of GDP),2023,20.6846824919049,SLV
14310,Gross capital formation (% of GDP),2023,,SMR
14311,Gross capital formation (% of GDP),2023,22.378420344893,SOM
14312,Gross capital formation (% of GDP),2023,24.615505106431,SRB
14313,Gross capital formation (% of GDP),2023,24.4023221104999,Sub-Saharan Africa (
14314,Gross capital formation (% of GDP),2023,,SSD
14315,Gross capital formation (% of GDP),2023,24.8575833182993,Sub-Saharan Africa
14316,Gross capital formation (% of GDP),2023,22.9383169431041,Small states
14317,Gross capital formation (% of GDP),2023,,STP
14318,Gross capital formation (% of GDP),2023,,SUR
14319,Gross capital formation (% of GDP),2023,19.808918092945,SVK
14320,Gross capital formation (% of GDP),2023,22.2261745390109,SVN
14321,Gross capital formation (% of GDP),2023,24.8620967031828,SWE
14322,Gross capital formation (% of GDP),2023,19.1936231330313,SWZ
14323,Gross capital formation (% of GDP),2023,,SXM
14324,Gross capital formation (% of GDP),2023,20.5743415497622,SYC
14325,Gross capital formation (% of GDP),2023,,SYR
14326,Gross capital formation (% of GDP),2023,,TCA
14327,Gross capital formation (% of GDP),2023,18.4199558929884,TCD
14328,Gross capital formation (% of GDP),2023,39.1411788525762,East Asia & Pacific (IDA & IBRD countries)
14329,Gross capital formation (% of GDP),2023,25.6853379091761,Europe & Central Asia (IDA & IBRD countries)
14330,Gross capital formation (% of GDP),2023,22.9544796791665,TGO
14331,Gross capital formation (% of GDP),2023,22.4605099910508,THA
14332,Gross capital formation (% of GDP),2023,31.6513056719952,TJK
14333,Gross capital formation (% of GDP),2023,,TKM
14334,Gross capital formation (% of GDP),2023,19.7478861785135,Latin America & the Caribbean (IDA & IBRD countries)
14335,Gross capital formation (% of GDP),2023,20.4848904326413,TLS
14336,Gross capital formation (% of GDP),2023,25.2305375835286,AFG
14337,Gross capital formation (% of GDP),2023,26.9902612154889,TON
14338,Gross capital formation (% of GDP),2023,32.9235790104128,South Asia (IDA & IBRD)
14339,Gross capital formation (% of GDP),2023,24.8575833182993,Sub-Saharan Africa (IDA & IBRD countries)
14340,Gross capital formation (% of GDP),2023,,TTO
14341,Gross capital formation (% of GDP),2023,7.77191516421886,TUN
14342,Gross capital formation (% of GDP),2023,29.9641679336776,TUR
14343,Gross capital formation (% of GDP),2023,,TUV
14344,Gross capital formation (% of GDP),2023,41.0023887360591,TZA
14345,Gross capital formation (% of GDP),2023,22.8160132458418,UGA
14346,Gross capital formation (% of GDP),2023,18.0705046393604,UKR
14347,Gross capital formation (% of GDP),2023,34.2305408617286,Upper middle income
14348,Gross capital formation (% of GDP),2023,17.5353424867451,URY
14349,Gross capital formation (% of GDP),2023,21.5410327347688,USA
14350,Gross capital formation (% of GDP),2023,34.6156267803295,UZB
14351,Gross capital formation (% of GDP),2023,,VCT
14352,Gross capital formation (% of GDP),2023,,VEN
14353,Gross capital formation (% of GDP),2023,,VGB
14354,Gross capital formation (% of GDP),2023,,VIR
14355,Gross capital formation (% of GDP),2023,31.6465959765628,VNM
14356,Gross capital formation (% of GDP),2023,,VUT
14357,Gross capital formation (% of GDP),2023,26.4928588446437,World
14358,Gross capital formation (% of GDP),2023,37.079250211303,WSM
14359,Gross capital formation (% of GDP),2023,33.9456293075627,XKX
14360,Gross capital formation (% of GDP),2023,,YEM
14361,Gross capital formation (% of GDP),2023,15.5380933764905,ZAF
14362,Gross capital formation (% of GDP),2023,31.4450686240954,ZMB
14363,Gross capital formation (% of GDP),2023,16.2740398756247,ZWE
14364,Gross capital formation (% of GDP),2024,,ABW
14365,Gross capital formation (% of GDP),2024,19.9936795542419,Africa Eastern and Southern
14366,Gross capital formation (% of GDP),2024,,AFG
14367,Gross capital formation (% of GDP),2024,,Africa Western and Central
14368,Gross capital formation (% of GDP),2024,25.0015700592034,AGO
14369,Gross capital formation (% of GDP),2024,,ALB
14370,Gross capital formation (% of GDP),2024,,AND
14371,Gross capital formation (% of GDP),2024,,Arab World
14372,Gross capital formation (% of GDP),2024,,ARE
14373,Gross capital formation (% of GDP),2024,15.7234475678136,ARG
14374,Gross capital formation (% of GDP),2024,22.1719010251427,ARM
14375,Gross capital formation (% of GDP),2024,,ASM
14376,Gross capital formation (% of GDP),2024,,ATG
14377,Gross capital formation (% of GDP),2024,24.391289723081,AUS
14378,Gross capital formation (% of GDP),2024,22.3012613797822,AUT
14379,Gross capital formation (% of GDP),2024,21.0824224099037,AZE
14380,Gross capital formation (% of GDP),2024,,BDI
14381,Gross capital formation (% of GDP),2024,24.0250925146409,BEL
14382,Gross capital formation (% of GDP),2024,35.0616847972117,BEN
14383,Gross capital formation (% of GDP),2024,27.0961973184724,BFA
14384,Gross capital formation (% of GDP),2024,30.7004906382085,BGD
14385,Gross capital formation (% of GDP),2024,20.3540809208624,BGR
14386,Gross capital formation (% of GDP),2024,,BHR
14387,Gross capital formation (% of GDP),2024,26.8063766358446,BHS
14388,Gross capital formation (% of GDP),2024,30.7681555803085,BIH
14389,Gross capital formation (% of GDP),2024,25.8358517163125,BLR
14390,Gross capital formation (% of GDP),2024,,BLZ
14391,Gross capital formation (% of GDP),2024,11.2837130576156,BMU
14392,Gross capital formation (% of GDP),2024,,BOL
14393,Gross capital formation (% of GDP),2024,16.9097275627217,BRA
14394,Gross capital formation (% of GDP),2024,,BRB
14395,Gross capital formation (% of GDP),2024,28.3623680243552,BRN
14396,Gross capital formation (% of GDP),2024,,BTN
14397,Gross capital formation (% of GDP),2024,36.1924400742642,BWA
14398,Gross capital formation (% of GDP),2024,15.4089633636494,CAF
14399,Gross capital formation (% of GDP),2024,23.2683258381496,CAN
14400,Gross capital formation (% of GDP),2024,21.3030433941439,Central Europe and the Baltics
14401,Gross capital formation (% of GDP),2024,26.9877309828941,CHE
14402,Gross capital formation (% of GDP),2024,,Channel Islands
14403,Gross capital formation (% of GDP),2024,23.239665690037,CHL
14404,Gross capital formation (% of GDP),2024,,CHN
14405,Gross capital formation (% of GDP),2024,24.4763359925657,CIV
14406,Gross capital formation (% of GDP),2024,21.3794114234771,CMR
14407,Gross capital formation (% of GDP),2024,33.4292769547896,COD
14408,Gross capital formation (% of GDP),2024,26.8446294598014,COG
14409,Gross capital formation (% of GDP),2024,17.087506054575,COL
14410,Gross capital formation (% of GDP),2024,11.7339416936085,COM
14411,Gross capital formation (% of GDP),2024,15.9587711620377,CPV
14412,Gross capital formation (% of GDP),2024,15.6690245098177,CRI
14413,Gross capital formation (% of GDP),2024,,Caribbean small states
14414,Gross capital formation (% of GDP),2024,,CUB
14415,Gross capital formation (% of GDP),2024,,CUW
14416,Gross capital formation (% of GDP),2024,,CYM
14417,Gross capital formation (% of GDP),2024,18.9420501531889,CYP
14418,Gross capital formation (% of GDP),2024,26.0406790502504,CZE
14419,Gross capital formation (% of GDP),2024,21.0479041916168,DEU
14420,Gross capital formation (% of GDP),2024,-3.77939471841172,DJI
14421,Gross capital formation (% of GDP),2024,,DMA
14422,Gross capital formation (% of GDP),2024,21.6348074160539,DNK
14423,Gross capital formation (% of GDP),2024,26.9980468938553,DOM
14424,Gross capital formation (% of GDP),2024,,DZA
14425,Gross capital formation (% of GDP),2024,,East Asia & Pacific (
14426,Gross capital formation (% of GDP),2024,27.1323220946239,Early-demographic dividend
14427,Gross capital formation (% of GDP),2024,,East Asia & Pacific
14428,Gross capital formation (% of GDP),2024,25.4976188882513,Europe & Central Asia (
14429,Gross capital formation (% of GDP),2024,21.8130761619999,Europe & Central Asia
14430,Gross capital formation (% of GDP),2024,18.4824073547769,ECU
14431,Gross capital formation (% of GDP),2024,12.9967401874752,EGY
14432,Gross capital formation (% of GDP),2024,21.1707683345116,Euro area
14433,Gross capital formation (% of GDP),2024,,ERI
14434,Gross capital formation (% of GDP),2024,20.4747092126484,ESP
14435,Gross capital formation (% of GDP),2024,26.1824788925335,EST
14436,Gross capital formation (% of GDP),2024,20.4985854532076,ETH
14437,Gross capital formation (% of GDP),2024,21.2956529562596,European Union
14438,Gross capital formation (% of GDP),2024,,Fragile and conflict affected situations
14439,Gross capital formation (% of GDP),2024,21.6605598974785,FIN
14440,Gross capital formation (% of GDP),2024,,FJI
14441,Gross capital formation (% of GDP),2024,21.9324848349007,FRA
14442,Gross capital formation (% of GDP),2024,,FRO
14443,Gross capital formation (% of GDP),2024,,FSM
14444,Gross capital formation (% of GDP),2024,18.116326577086,GAB
14445,Gross capital formation (% of GDP),2024,17.896245829079,GBR
14446,Gross capital formation (% of GDP),2024,22.8155262583283,GEO
14447,Gross capital formation (% of GDP),2024,9.95655546554353,GHA
14448,Gross capital formation (% of GDP),2024,,GIB
14449,Gross capital formation (% of GDP),2024,31.1828885317213,GIN
14450,Gross capital formation (% of GDP),2024,38.9851868411235,GMB
14451,Gross capital formation (% of GDP),2024,20.9307610741917,GNB
14452,Gross capital formation (% of GDP),2024,8.95580591611743,GNQ
14453,Gross capital formation (% of GDP),2024,18.1782415264726,GRC
14454,Gross capital formation (% of GDP),2024,,GRD
14455,Gross capital formation (% of GDP),2024,,GRL
14456,Gross capital formation (% of GDP),2024,16.6836125607316,GTM
14457,Gross capital formation (% of GDP),2024,,GUM
14458,Gross capital formation (% of GDP),2024,,GUY
14459,Gross capital formation (% of GDP),2024,22.6686733076962,High income
14460,Gross capital formation (% of GDP),2024,15.7451086609256,HKG
14461,Gross capital formation (% of GDP),2024,22.4923355282969,HND
14462,Gross capital formation (% of GDP),2024,23.7986779895268,Heavily indebted poor countries (HIPC)
14463,Gross capital formation (% of GDP),2024,23.5043264601214,HRV
14464,Gross capital formation (% of GDP),2024,9.93936193656659,HTI
14465,Gross capital formation (% of GDP),2024,23.6213588466914,HUN
14466,Gross capital formation (% of GDP),2024,,IBRD only
14467,Gross capital formation (% of GDP),2024,,IDA & IBRD total
14468,Gross capital formation (% of GDP),2024,30.4221541042779,IDA total
14469,Gross capital formation (% of GDP),2024,,IDA blend
14470,Gross capital formation (% of GDP),2024,31.396354183511,IDN
14471,Gross capital formation (% of GDP),2024,27.9345585001549,IDA only
14472,Gross capital formation (% of GDP),2024,,IMN
14473,Gross capital formation (% of GDP),2024,32.6109099957867,IND
14474,Gross capital formation (% of GDP),2024,,Not classified
14475,Gross capital formation (% of GDP),2024,17.4129885399426,IRL
14476,Gross capital formation (% of GDP),2024,40.0102104523919,IRN
14477,Gross capital formation (% of GDP),2024,29.3882105774582,IRQ
14478,Gross capital formation (% of GDP),2024,26.5671413980787,ISL
14479,Gross capital formation (% of GDP),2024,23.4267177207644,ISR
14480,Gross capital formation (% of GDP),2024,22.3534765550445,ITA
14481,Gross capital formation (% of GDP),2024,,JAM
14482,Gross capital formation (% of GDP),2024,,JOR
14483,Gross capital formation (% of GDP),2024,,JPN
14484,Gross capital formation (% of GDP),2024,,KAZ
14485,Gross capital formation (% of GDP),2024,16.7850702474667,KEN
14486,Gross capital formation (% of GDP),2024,,KGZ
14487,Gross capital formation (% of GDP),2024,32.1861316004857,KHM
14488,Gross capital formation (% of GDP),2024,,KIR
14489,Gross capital formation (% of GDP),2024,,KNA
14490,Gross capital formation (% of GDP),2024,,KOR
14491,Gross capital formation (% of GDP),2024,,KWT
14492,Gross capital formation (% of GDP),2024,19.2978473008654,Latin America & Caribbean (
14493,Gross capital formation (% of GDP),2024,,LAO
14494,Gross capital formation (% of GDP),2024,,LBN
14495,Gross capital formation (% of GDP),2024,,LBR
14496,Gross capital formation (% of GDP),2024,14.8373108882738,LBY
14497,Gross capital formation (% of GDP),2024,,LCA
14498,Gross capital formation (% of GDP),2024,19.5130999901989,Latin America & Caribbean
14499,Gross capital formation (% of GDP),2024,29.3525199284281,Least developed countries: UN classification
14500,Gross capital formation (% of GDP),2024,23.0318473877803,Low income
14501,Gross capital formation (% of GDP),2024,,LIE
14502,Gross capital formation (% of GDP),2024,26.9589666223169,LKA
14503,Gross capital formation (% of GDP),2024,30.8414984399913,Lower middle income
14504,Gross capital formation (% of GDP),2024,,Low & middle income
14505,Gross capital formation (% of GDP),2024,,LSO
14506,Gross capital formation (% of GDP),2024,,Late-demographic dividend
14507,Gross capital formation (% of GDP),2024,20.4124317092532,LTU
14508,Gross capital formation (% of GDP),2024,15.153327652299,LUX
14509,Gross capital formation (% of GDP),2024,21.1505544564482,LVA
14510,Gross capital formation (% of GDP),2024,14.4569739706531,MAC
14511,Gross capital formation (% of GDP),2024,,MAF
14512,Gross capital formation (% of GDP),2024,29.9149715308839,MAR
14513,Gross capital formation (% of GDP),2024,,MCO
14514,Gross capital formation (% of GDP),2024,21.1312285971513,MDA
14515,Gross capital formation (% of GDP),2024,22.606055733883,MDG
14516,Gross capital formation (% of GDP),2024,,MDV
14517,Gross capital formation (% of GDP),2024,,AFG
14518,Gross capital formation (% of GDP),2024,24.1607892159644,MEX
14519,Gross capital formation (% of GDP),2024,,MHL
14520,Gross capital formation (% of GDP),2024,,Middle income
14521,Gross capital formation (% of GDP),2024,28.4232878949948,MKD
14522,Gross capital formation (% of GDP),2024,20.8534410743735,MLI
14523,Gross capital formation (% of GDP),2024,18.8037341484443,MLT
14524,Gross capital formation (% of GDP),2024,,MMR
14525,Gross capital formation (% of GDP),2024,25.6125483316944,AFG
14526,Gross capital formation (% of GDP),2024,28.5344315618073,MNE
14527,Gross capital formation (% of GDP),2024,34.6440144443264,MNG
14528,Gross capital formation (% of GDP),2024,,MNP
14529,Gross capital formation (% of GDP),2024,24.1299488389653,MOZ
14530,Gross capital formation (% of GDP),2024,,MRT
14531,Gross capital formation (% of GDP),2024,21.1893639646234,MUS
14532,Gross capital formation (% of GDP),2024,,MWI
14533,Gross capital formation (% of GDP),2024,21.8525832587403,MYS
14534,Gross capital formation (% of GDP),2024,21.8495353445101,North America
14535,Gross capital formation (% of GDP),2024,25.6134844049188,NAM
14536,Gross capital formation (% of GDP),2024,,NCL
14537,Gross capital formation (% of GDP),2024,18.6803814502371,NER
14538,Gross capital formation (% of GDP),2024,,NGA
14539,Gross capital formation (% of GDP),2024,24.6940528397434,NIC
14540,Gross capital formation (% of GDP),2024,19.2879910767427,NLD
14541,Gross capital formation (% of GDP),2024,24.0152949546119,NOR
14542,Gross capital formation (% of GDP),2024,30.3993910198841,NPL
14543,Gross capital formation (% of GDP),2024,,NRU
14544,Gross capital formation (% of GDP),2024,,NZL
14545,Gross capital formation (% of GDP),2024,22.4033991455444,OECD members
14546,Gross capital formation (% of GDP),2024,,OMN
14547,Gross capital formation (% of GDP),2024,23.2200892691993,Other small states
14548,Gross capital formation (% of GDP),2024,12.9359906578704,PAK
14549,Gross capital formation (% of GDP),2024,,PAN
14550,Gross capital formation (% of GDP),2024,19.4197023478272,PER
14551,Gross capital formation (% of GDP),2024,23.6846445959545,PHL
14552,Gross capital formation (% of GDP),2024,,PLW
14553,Gross capital formation (% of GDP),2024,,PNG
14554,Gross capital formation (% of GDP),2024,17.6546354945941,POL
14555,Gross capital formation (% of GDP),2024,,Pre-demographic dividend
14556,Gross capital formation (% of GDP),2024,14.7798619692232,PRI
14557,Gross capital formation (% of GDP),2024,,PRK
14558,Gross capital formation (% of GDP),2024,20.0845813669931,PRT
14559,Gross capital formation (% of GDP),2024,22.8357199630009,PRY
14560,Gross capital formation (% of GDP),2024,23.4700352269329,PSE
14561,Gross capital formation (% of GDP),2024,,Pacific island small states
14562,Gross capital formation (% of GDP),2024,22.3665650479164,Post-demographic dividend
14563,Gross capital formation (% of GDP),2024,,PYF
14564,Gross capital formation (% of GDP),2024,,QAT
14565,Gross capital formation (% of GDP),2024,24.2999164147139,ROU
14566,Gross capital formation (% of GDP),2024,26.2988564685306,RUS
14567,Gross capital formation (% of GDP),2024,25.914149825303,RWA
14568,Gross capital formation (% of GDP),2024,32.2839527006381,South Asia
14569,Gross capital formation (% of GDP),2024,30.1310977114195,SAU
14570,Gross capital formation (% of GDP),2024,2.87301064258045,SDN
14571,Gross capital formation (% of GDP),2024,32.8879723643603,SEN
14572,Gross capital formation (% of GDP),2024,22.200257821565,SGP
14573,Gross capital formation (% of GDP),2024,,SLB
14574,Gross capital formation (% of GDP),2024,29.4956120348238,SLE
14575,Gross capital formation (% of GDP),2024,20.3442333880768,SLV
14576,Gross capital formation (% of GDP),2024,,SMR
14577,Gross capital formation (% of GDP),2024,22.7149275944413,SOM
14578,Gross capital formation (% of GDP),2024,25.5643257822358,SRB
14579,Gross capital formation (% of GDP),2024,26.3710605300753,Sub-Saharan Africa (
14580,Gross capital formation (% of GDP),2024,,SSD
14581,Gross capital formation (% of GDP),2024,26.8535309351063,Sub-Saharan Africa
14582,Gross capital formation (% of GDP),2024,21.9824918307991,Small states
14583,Gross capital formation (% of GDP),2024,,STP
14584,Gross capital formation (% of GDP),2024,,SUR
14585,Gross capital formation (% of GDP),2024,20.0744087584057,SVK
14586,Gross capital formation (% of GDP),2024,21.1541959757522,SVN
14587,Gross capital formation (% of GDP),2024,24.6290230496985,SWE
14588,Gross capital formation (% of GDP),2024,,SWZ
14589,Gross capital formation (% of GDP),2024,,SXM
14590,Gross capital formation (% of GDP),2024,17.169290907803,SYC
14591,Gross capital formation (% of GDP),2024,,SYR
14592,Gross capital formation (% of GDP),2024,,TCA
14593,Gross capital formation (% of GDP),2024,17.8057602822625,TCD
14594,Gross capital formation (% of GDP),2024,,East Asia & Pacific (IDA & IBRD countries)
14595,Gross capital formation (% of GDP),2024,24.4016880117073,Europe & Central Asia (IDA & IBRD countries)
14596,Gross capital formation (% of GDP),2024,22.2919765832267,TGO
14597,Gross capital formation (% of GDP),2024,21.5722757990832,THA
14598,Gross capital formation (% of GDP),2024,,TJK
14599,Gross capital formation (% of GDP),2024,,TKM
14600,Gross capital formation (% of GDP),2024,19.7948338296901,Latin America & the Caribbean (IDA & IBRD countries)
14601,Gross capital formation (% of GDP),2024,,TLS
14602,Gross capital formation (% of GDP),2024,25.650928069106,AFG
14603,Gross capital formation (% of GDP),2024,,TON
14604,Gross capital formation (% of GDP),2024,32.2839527006381,South Asia (IDA & IBRD)
14605,Gross capital formation (% of GDP),2024,26.8535309351064,Sub-Saharan Africa (IDA & IBRD countries)
14606,Gross capital formation (% of GDP),2024,,TTO
14607,Gross capital formation (% of GDP),2024,13.3540279256679,TUN
14608,Gross capital formation (% of GDP),2024,25.5437255405602,TUR
14609,Gross capital formation (% of GDP),2024,,TUV
14610,Gross capital formation (% of GDP),2024,39.764568079457,TZA
14611,Gross capital formation (% of GDP),2024,22.3084062336141,UGA
14612,Gross capital formation (% of GDP),2024,18.6430287599957,UKR
14613,Gross capital formation (% of GDP),2024,,Upper middle income
14614,Gross capital formation (% of GDP),2024,15.5966726541364,URY
14615,Gross capital formation (% of GDP),2024,21.7438304547319,USA
14616,Gross capital formation (% of GDP),2024,33.2966957187455,UZB
14617,Gross capital formation (% of GDP),2024,,VCT
14618,Gross capital formation (% of GDP),2024,,VEN
14619,Gross capital formation (% of GDP),2024,,VGB
14620,Gross capital formation (% of GDP),2024,,VIR
14621,Gross capital formation (% of GDP),2024,,VNM
14622,Gross capital formation (% of GDP),2024,,VUT
14623,Gross capital formation (% of GDP),2024,,World
14624,Gross capital formation (% of GDP),2024,32.785950570575,WSM
14625,Gross capital formation (% of GDP),2024,33.7969423797232,XKX
14626,Gross capital formation (% of GDP),2024,,YEM
14627,Gross capital formation (% of GDP),2024,13.9422030982867,ZAF
14628,Gross capital formation (% of GDP),2024,,ZMB
14629,Gross capital formation (% of GDP),2024,4.46775075548232,ZWE
