,country,year,gdp_pc_lag1
20,AFG,1970,1278.0
21,AFG,1971,1272.0
22,AFG,1972,1237.0
23,AFG,1973,1007.0
24,AFG,1974,1011.0
25,AFG,1975,1039.0
26,AFG,1976,1074.0
27,AFG,1977,1105.0
28,AFG,1978,1022.0
29,AFG,1979,1070.0
30,AFG,1980,1023.0
31,AFG,1981,1019.0
32,AFG,1982,1144.0
33,AFG,1983,1270.0
34,AFG,1984,1347.0
35,AFG,1985,1337.0
36,AFG,1986,1304.0
37,AFG,1987,1344.0
38,AFG,1988,1211.0
39,AFG,1989,1101.0
40,AFG,1990,999.0
41,AFG,1991,963.0
42,AFG,1992,881.1704385887347
43,AFG,1993,843.8753488998832
44,AFG,1994,578.4027440310482
45,AFG,1995,428.4245582895427
46,AFG,1996,632.9403962619846
47,AFG,1997,600.175264462535
48,AFG,1998,570.5981189558812
49,AFG,1999,545.0387526687088
50,AFG,2000,518.6578667328783
51,AFG,2001,502.3727455986333
52,AFG,2002,489.6819969074936
53,AFG,2003,796.8165632460033
54,AFG,2004,842.8051654796586
55,AFG,2005,869.0392727868127
56,AFG,2006,964.4081099473
57,AFG,2007,1057.0965509287612
58,AFG,2008,1259.9967427573688
59,AFG,2009,1319.6073672855257
60,AFG,2010,1557.3206365722815
61,AFG,2011,1627.671634100663
62,AFG,2012,1792.0
63,AFG,2013,1945.0
64,AFG,2014,2025.0
65,AFG,2015,2022.0
66,AFG,2016,1928.0
67,AFG,2017,1931.2438124834036
68,AFG,2018,1909.7330149329885
69,AFG,2019,1888.8139278100407
70,AFG,2020,2031.7373493078433
71,AFG,2021,1928.4546828441275
72,AFG,2022,1485.547006308156
93,ALB,1970,3080.0
94,ALB,1971,3194.0
95,ALB,1972,3322.0
96,ALB,1973,3451.0
97,ALB,1974,3623.0
98,ALB,1975,3637.0
99,ALB,1976,3649.0
100,ALB,1977,3665.0
101,ALB,1978,3681.0
102,ALB,1979,3696.0
103,ALB,1980,3716.0
104,ALB,1981,3741.0
105,ALB,1982,3762.0
106,ALB,1983,3783.0
107,ALB,1984,3805.0
108,ALB,1985,3826.0
109,ALB,1986,3846.0
110,ALB,1987,3870.0
111,ALB,1988,3894.0
112,ALB,1989,3920.0
113,ALB,1990,3948.0
114,ALB,1991,3983.0
115,ALB,1992,2942.100598313453
116,ALB,1993,2841.7651646645454
117,ALB,1994,3137.0239335031047
118,ALB,1995,3399.710182724317
119,ALB,1996,3666.6505691400903
120,ALB,1997,3965.6853153191687
121,ALB,1998,3526.985640715551
122,ALB,1999,3873.373152052455
123,ALB,2000,4432.042637455317
124,ALB,2001,4808.479614813517
125,ALB,2002,5285.8090964349885
126,ALB,2003,5608.962344601074
127,ALB,2004,6004.645238992147
128,ALB,2005,6419.870395724982
129,ALB,2006,6858.467047357238
130,ALB,2007,7347.330123046253
131,ALB,2008,7866.157747150179
132,ALB,2009,8522.129841288606
133,ALB,2010,8859.47159720472
134,ALB,2011,9222.972752077756
135,ALB,2012,9484.0
136,ALB,2013,9634.33370462354
137,ALB,2014,9748.72726226394
138,ALB,2015,9942.276115372832
139,ALB,2016,10192.529179769424
140,ALB,2017,10547.255209677502
141,ALB,2018,10958.306302701956
142,ALB,2019,11426.92010466293
143,ALB,2020,11715.30631847037
144,ALB,2021,11372.54142130636
145,ALB,2022,12455.91655367914
166,DZA,1970,3355.0
167,DZA,1971,3585.0
168,DZA,1972,3188.0
169,DZA,1973,3746.0
170,DZA,1974,3757.0
171,DZA,1975,3870.0
172,DZA,1976,4020.0
173,DZA,1977,4157.0
174,DZA,1978,4398.0
175,DZA,1979,4812.0
176,DZA,1980,5088.0
177,DZA,1981,5024.0
178,DZA,1982,4991.0
179,DZA,1983,5145.0
180,DZA,1984,5243.0
181,DZA,1985,5361.0
182,DZA,1986,5469.0
183,DZA,1987,5262.0
184,DZA,1988,5088.0
185,DZA,1989,4850.0
186,DZA,1990,4889.0
187,DZA,1991,4697.0
188,DZA,1992,4708.231913419727
189,DZA,1993,4850.223330744767
190,DZA,1994,4816.923590117468
191,DZA,1995,4856.985389312913
192,DZA,1996,5142.3840043761675
193,DZA,1997,5451.634442085514
194,DZA,1998,5638.480167133529
195,DZA,1999,6069.777316724308
196,DZA,2000,6421.508468348999
197,DZA,2001,6834.553879767644
198,DZA,2002,7218.24576822021
199,DZA,2003,7814.838160308776
200,DZA,2004,8590.177526274332
201,DZA,2005,9182.294183891245
202,DZA,2006,9969.62260937367
203,DZA,2007,10385.77910832959
204,DZA,2008,10974.742286661309
205,DZA,2009,11475.002405825062
206,DZA,2010,11907.021496636984
207,DZA,2011,12587.744251355978
208,DZA,2012,13204.0
209,DZA,2013,13392.944701940112
210,DZA,2014,13508.26444943762
211,DZA,2015,13760.38379007982
212,DZA,2016,14007.893506456534
213,DZA,2017,14198.272761200373
214,DZA,2018,14149.914954507996
215,DZA,2019,14083.772737051351
216,DZA,2020,14000.27914797286
217,DZA,2021,13086.292801166825
218,DZA,2022,13337.261833898425
239,AGO,1970,2695.0
240,AGO,1971,2818.0
241,AGO,1972,2754.0
242,AGO,1973,2729.0
243,AGO,1974,2852.0
244,AGO,1975,2727.0
245,AGO,1976,1710.0
246,AGO,1977,1521.0
247,AGO,1978,1500.0
248,AGO,1979,1530.0
249,AGO,1980,1527.0
250,AGO,1981,1532.0
251,AGO,1982,1471.0
252,AGO,1983,1374.0
253,AGO,1984,1288.0
254,AGO,1985,1259.0
255,AGO,1986,1242.0
256,AGO,1987,1106.0
257,AGO,1988,1211.0
258,AGO,1989,1360.0
259,AGO,1990,1360.0
260,AGO,1991,1384.0
261,AGO,1992,1437.1472449740334
262,AGO,1993,1389.3294866999718
263,AGO,1994,1080.480643920332
264,AGO,1995,1120.8481500960654
265,AGO,1996,1319.158949903447
266,AGO,1997,1533.9839313399602
267,AGO,1998,1687.317788312541
268,AGO,1999,1811.1681411006944
269,AGO,2000,1899.415206073724
270,AGO,2001,2013.6362295189435
271,AGO,2002,2162.4850193097
272,AGO,2003,2522.6718607988428
273,AGO,2004,2711.9283105741374
274,AGO,2005,3064.2986504347236
275,AGO,2006,3708.7705819422217
276,AGO,2007,4592.337305661669
277,AGO,2008,5773.548289088469
278,AGO,2009,6743.748195802765
279,AGO,2010,7087.604112584768
280,AGO,2011,7520.665769678626
281,AGO,2012,8016.0
282,AGO,2013,8376.94607723474
283,AGO,2014,8463.941947082867
284,AGO,2015,8548.292822031946
285,AGO,2016,8319.567355048026
286,AGO,2017,7819.147303059392
287,AGO,2018,7535.612410800351
288,AGO,2019,7180.355234634125
289,AGO,2020,6886.954136020846
290,AGO,2021,6279.929084992991
291,AGO,2022,6137.003844650216
312,ARG,1970,11217.0
313,ARG,1971,11639.0
314,ARG,1972,12003.0
315,ARG,1973,12170.0
316,ARG,1974,12691.0
317,ARG,1975,13284.0
318,ARG,1976,12946.0
319,ARG,1977,12696.0
320,ARG,1978,13236.0
321,ARG,1979,12444.0
322,ARG,1980,13114.0
323,ARG,1981,13080.0
324,ARG,1982,12125.0
325,ARG,1983,11550.0
326,ARG,1984,11775.0
327,ARG,1985,11837.0
328,ARG,1986,10895.0
329,ARG,1987,11515.0
330,ARG,1988,11633.0
331,ARG,1989,11244.0
332,ARG,1990,10393.0
333,ARG,1991,10254.0
334,ARG,1992,11223.984636540246
335,ARG,1993,12267.083586781191
336,ARG,1994,12926.794665217649
337,ARG,1995,13571.379431200983
338,ARG,1996,13086.036451554311
339,ARG,1997,13715.22681870774
340,ARG,1998,14722.645940036531
341,ARG,1999,15185.958688486142
342,ARG,2000,14577.832273029322
343,ARG,2001,14368.942737362304
344,ARG,2002,13651.98098793502
345,ARG,2003,12094.7728377935
346,ARG,2004,13088.565010832575
347,ARG,2005,14183.225137777
348,ARG,2006,15344.157134056735
349,ARG,2007,16490.47358157608
350,ARG,2008,17891.943410848908
351,ARG,2009,18520.30408357946
352,ARG,2010,17328.975752420036
353,ARG,2011,18979.99170299205
354,ARG,2012,20003.0
355,ARG,2013,19573.963185451754
356,ARG,2014,19821.64247991229
357,ARG,2015,19112.23290002307
358,ARG,2016,19423.666977703655
359,ARG,2017,18819.642886952533
360,ARG,2018,19150.5204834216
361,ARG,2019,18460.86900858157
362,ARG,2020,17912.635765177303
363,ARG,2021,15975.838772553549
364,ARG,2022,17470.682415187282
385,ARM,1970,
386,ARM,1971,
387,ARM,1972,
388,ARM,1973,
389,ARM,1974,9806.0
390,ARM,1975,
391,ARM,1976,
392,ARM,1977,
393,ARM,1978,
394,ARM,1979,
395,ARM,1980,
396,ARM,1981,9291.0
397,ARM,1982,9548.0
398,ARM,1983,9809.0
399,ARM,1984,9865.0
400,ARM,1985,10181.0
401,ARM,1986,10485.0
402,ARM,1987,10394.0
403,ARM,1988,9789.0
404,ARM,1989,9301.0
405,ARM,1990,10525.0
406,ARM,1991,9669.0
407,ARM,1992,8141.671123568718
408,ARM,1993,4699.61095270265
409,ARM,1994,4130.1472172755
410,ARM,1995,4392.979876584909
411,ARM,1996,4703.130733517876
412,ARM,1997,4811.489547018747
413,ARM,1998,4836.044220565851
414,ARM,1999,4994.053039773923
415,ARM,2000,5000.452449359477
416,ARM,2001,5139.825500062924
417,ARM,2002,5457.510062027403
418,ARM,2003,6082.14618880966
419,ARM,2004,6743.240978250471
420,ARM,2005,7229.648226319801
421,ARM,2006,8006.960425531473
422,ARM,2007,8798.750189147131
423,ARM,2008,9713.21328027296
424,ARM,2009,10080.81283336882
425,ARM,2010,8399.086872960954
426,ARM,2011,8330.81117545937
427,ARM,2012,8465.0
428,ARM,2013,9076.433081469568
429,ARM,2014,9395.086636007349
430,ARM,2015,9745.135587230588
431,ARM,2016,10076.35190972202
432,ARM,2017,10113.050506422302
433,ARM,2018,10894.956738487192
434,ARM,2019,11490.36868672189
435,ARM,2020,12399.231837035535
436,ARM,2021,11546.175309736023
437,ARM,2022,12242.47747221923
458,AUS,1970,18428.0
459,AUS,1971,19166.0
460,AUS,1972,19590.0
461,AUS,1973,19772.0
462,AUS,1974,20527.0
463,AUS,1975,20698.0
464,AUS,1976,20993.0
465,AUS,1977,21613.0
466,AUS,1978,21592.0
467,AUS,1979,21948.0
468,AUS,1980,22826.0
469,AUS,1981,22972.0
470,AUS,1982,23368.0
471,AUS,1983,22972.0
472,AUS,1984,22697.0
473,AUS,1985,24009.0
474,AUS,1986,24927.0
475,AUS,1987,25116.0
476,AUS,1988,25971.0
477,AUS,1989,26702.0
478,AUS,1990,27407.0
479,AUS,1991,27373.0
480,AUS,1992,26861.27495928565
481,AUS,1993,27560.178277338375
482,AUS,1994,28622.475758458215
483,AUS,1995,29844.171324434927
484,AUS,1996,30690.062439852092
485,AUS,1997,31740.469747404717
486,AUS,1998,32857.993780602534
487,AUS,1999,34337.13943209703
488,AUS,2000,35551.01950597368
489,AUS,2001,36603.04499594468
490,AUS,2002,37275.991248909515
491,AUS,2003,38567.06548833767
492,AUS,2004,39523.65519744592
493,AUS,2005,40887.72533639703
494,AUS,2006,41904.44587071131
495,AUS,2007,42650.98593084963
496,AUS,2008,44033.58376177127
497,AUS,2009,44421.64047072811
498,AUS,2010,44686.54138346301
499,AUS,2011,45400.22339879672
500,AUS,2012,46132.0
501,AUS,2013,47045.129467942694
502,AUS,2014,47260.95483154365
503,AUS,2015,47753.84577656612
504,AUS,2016,48145.53099929047
505,AUS,2017,48675.13532835784
506,AUS,2018,49001.900439710065
507,AUS,2019,49614.38597627688
508,AUS,2020,49814.66995597035
509,AUS,2021,48268.94507651192
510,AUS,2022,50704.93485344902
531,AUT,1970,14555.0
532,AUT,1971,15537.0
533,AUT,1972,16259.0
534,AUT,1973,17169.0
535,AUT,1974,17908.0
536,AUT,1975,18583.0
537,AUT,1976,18564.0
538,AUT,1977,19448.0
539,AUT,1978,20350.0
540,AUT,1979,20293.0
541,AUT,1980,21436.0
542,AUT,1981,21932.0
543,AUT,1982,21866.0
544,AUT,1983,22254.0
545,AUT,1984,22944.0
546,AUT,1985,23016.0
547,AUT,1986,23514.0
548,AUT,1987,24039.0
549,AUT,1988,24409.0
550,AUT,1989,25112.0
551,AUT,1990,26078.0
552,AUT,1991,26930.0
553,AUT,1992,27689.771273580795
554,AUT,1993,28072.440346497853
555,AUT,1994,28101.228637165088
556,AUT,1995,28780.760389788396
557,AUT,1996,29621.68192417161
558,AUT,1997,30413.15669357546
559,AUT,1998,31173.048774493767
560,AUT,1999,32376.329513091037
561,AUT,2000,33608.29654662761
562,AUT,2001,34796.25948255403
563,AUT,2002,35272.223953775974
564,AUT,2003,35823.58737416037
565,AUT,2004,36063.12048965238
566,AUT,2005,36957.11224961447
567,AUT,2006,37642.76215001923
568,AUT,2007,38866.849338781125
569,AUT,2008,40305.27430677966
570,AUT,2009,40964.79335236901
571,AUT,2010,39463.65695690543
572,AUT,2011,40288.349293900224
573,AUT,2012,41446.0
574,AUT,2013,41540.94193797778
575,AUT,2014,41301.94214704149
576,AUT,2015,41250.50597395657
577,AUT,2016,41255.71666478465
578,AUT,2017,41545.49870225668
579,AUT,2018,42216.919697346675
580,AUT,2019,43032.21640387139
581,AUT,2020,43488.66812050347
582,AUT,2021,40503.0408055729
583,AUT,2022,42184.696121489615
604,AZE,1970,
605,AZE,1971,
606,AZE,1972,
607,AZE,1973,
608,AZE,1974,7068.0
609,AZE,1975,
610,AZE,1976,
611,AZE,1977,
612,AZE,1978,
613,AZE,1979,
614,AZE,1980,
615,AZE,1981,7165.0
616,AZE,1982,7490.0
617,AZE,1983,7831.0
618,AZE,1984,8010.0
619,AZE,1985,8360.0
620,AZE,1986,8558.0
621,AZE,1987,8663.0
622,AZE,1988,8995.0
623,AZE,1989,9328.0
624,AZE,1990,8421.0
625,AZE,1991,7394.0
626,AZE,1992,7319.136465234125
627,AZE,1993,5638.997906821178
628,AZE,1994,4315.356714259613
629,AZE,1995,3453.3638218242895
630,AZE,1996,2999.3190451259916
631,AZE,1997,3074.2197345703435
632,AZE,1998,3347.612645669422
633,AZE,1999,3550.36406585758
634,AZE,2000,3959.781476924773
635,AZE,2001,4214.888860748278
636,AZE,2002,4498.794376997406
637,AZE,2003,4880.399890089719
638,AZE,2004,5408.522989622949
639,AZE,2005,5971.474603100572
640,AZE,2006,7553.626395956173
641,AZE,2007,10160.346002499396
642,AZE,2008,12699.497776711472
643,AZE,2009,14072.62657724293
644,AZE,2010,15384.293038791626
645,AZE,2011,16153.836568386088
646,AZE,2012,16176.0
647,AZE,2013,16364.532216261734
648,AZE,2014,17146.22348332883
649,AZE,2015,17451.1004237186
650,AZE,2016,17463.75738662594
651,AZE,2017,16770.85049020451
652,AZE,2018,16647.016593173557
653,AZE,2019,16753.20969120899
654,AZE,2020,17029.906373504993
655,AZE,2021,16189.511046633794
656,AZE,2022,16971.724514572026
677,BHR,1970,5812.0
678,BHR,1971,6038.0
679,BHR,1972,6349.0
680,BHR,1973,6692.0
681,BHR,1974,6975.0
682,BHR,1975,7291.0
683,BHR,1976,6252.0
684,BHR,1977,6875.0
685,BHR,1978,7084.0
686,BHR,1979,7037.0
687,BHR,1980,6730.0
688,BHR,1981,6994.0
689,BHR,1982,6875.0
690,BHR,1983,7036.0
691,BHR,1984,7240.0
692,BHR,1985,7264.0
693,BHR,1986,6972.0
694,BHR,1987,6880.0
695,BHR,1988,6786.0
696,BHR,1989,6802.0
697,BHR,1990,6751.0
698,BHR,1991,6542.0
699,BHR,1992,7059.956872278351
700,BHR,1993,7993.892756332573
701,BHR,1994,9102.066123852352
702,BHR,1995,9935.003930290826
703,BHR,1996,10695.392433585435
704,BHR,1997,11640.821353114172
705,BHR,1998,12528.389518937362
706,BHR,1999,13776.008281637318
707,BHR,2000,15263.757491334563
708,BHR,2001,17021.722379400082
709,BHR,2002,18152.9626577984
710,BHR,2003,19487.841231923445
711,BHR,2004,21391.61192554835
712,BHR,2005,23389.602406732047
713,BHR,2006,25230.900052167748
714,BHR,2007,26840.12427010602
715,BHR,2008,28884.697367103305
716,BHR,2009,30612.497813355865
717,BHR,2010,31729.566318699268
718,BHR,2011,34057.71322744991
719,BHR,2012,36372.0
720,BHR,2013,36711.3916621356
721,BHR,2014,37704.2118257463
722,BHR,2015,38364.829470910976
723,BHR,2016,38369.65989222884
724,BHR,2017,38805.39065484862
725,BHR,2018,39553.23971113629
726,BHR,2019,39501.17592248429
727,BHR,2020,39499.70707668937
728,BHR,2021,36890.502952537754
729,BHR,2022,37323.10392430031
750,BGD,1970,980.0
751,BGD,1971,1004.0
752,BGD,1972,934.0
753,BGD,1973,807.0
754,BGD,1974,792.0
755,BGD,1975,872.0
756,BGD,1976,843.0
757,BGD,1977,862.0
758,BGD,1978,843.0
759,BGD,1979,878.0
760,BGD,1980,894.0
761,BGD,1981,875.0
762,BGD,1982,878.0
763,BGD,1983,869.0
764,BGD,1984,891.0
765,BGD,1985,918.0
766,BGD,1986,925.0
767,BGD,1987,944.0
768,BGD,1988,960.0
769,BGD,1989,964.0
770,BGD,1990,966.0
771,BGD,1991,1006.0
772,BGD,1992,1031.429949157621
773,BGD,1993,1062.4603996336396
774,BGD,1994,1095.65638403607
775,BGD,1995,1136.4184653484454
776,BGD,1996,1182.951400412447
777,BGD,1997,1234.0840637944411
778,BGD,1998,1291.512569507904
779,BGD,1999,1348.1499270396002
780,BGD,2000,1412.9813212476863
781,BGD,2001,1485.309220457969
782,BGD,2002,1551.196476715421
783,BGD,2003,1621.2669713879343
784,BGD,2004,1710.7313512497274
785,BGD,2005,1812.624661427313
786,BGD,2006,1925.606169622288
787,BGD,2007,2057.698392171004
788,BGD,2008,2194.4223378870124
789,BGD,2009,2321.050458754316
790,BGD,2010,2448.8868784386295
791,BGD,2011,2599.2083634666005
792,BGD,2012,2772.0
793,BGD,2013,2914.048779489979
794,BGD,2014,3057.4698265978836
795,BGD,2015,3216.8923341097284
796,BGD,2016,3402.3213512440807
797,BGD,2017,3598.510338838519
798,BGD,2018,3808.872854306307
799,BGD,2019,4056.646515831146
800,BGD,2020,4242.751699683921
801,BGD,2021,4418.9642546993055
802,BGD,2022,4684.003010247773
823,BRB,1970,9247.0
824,BRB,1971,10197.0
825,BRB,1972,10514.0
826,BRB,1973,10567.0
827,BRB,1974,10635.0
828,BRB,1975,10080.0
829,BRB,1976,9825.0
830,BRB,1977,10222.0
831,BRB,1978,10541.0
832,BRB,1979,11014.0
833,BRB,1980,11837.0
834,BRB,1981,12318.0
835,BRB,1982,12065.0
836,BRB,1983,11424.0
837,BRB,1984,11419.0
838,BRB,1985,11772.0
839,BRB,1986,11848.0
840,BRB,1987,12404.0
841,BRB,1988,12683.0
842,BRB,1989,13087.0
843,BRB,1990,13498.0
844,BRB,1991,12994.0
845,BRB,1992,12298.506043316776
846,BRB,1993,11427.266535386669
847,BRB,1994,11343.597356449796
848,BRB,1995,11405.559831534869
849,BRB,1996,11473.859014208198
850,BRB,1997,11760.82543058844
851,BRB,1998,12124.508840340635
852,BRB,1999,12384.761673771563
853,BRB,2000,12237.948549252023
854,BRB,2001,12600.02258991168
855,BRB,2002,12112.181084984171
856,BRB,2003,12025.47326597556
857,BRB,2004,12094.819238859292
858,BRB,2005,12078.73544492736
859,BRB,2006,12379.450180872049
860,BRB,2007,12889.87670111237
861,BRB,2008,12917.438978136508
862,BRB,2009,12786.107370240148
863,BRB,2010,12094.323952832176
864,BRB,2011,11954.32197476552
865,BRB,2012,11870.0
866,BRB,2013,11860.0
867,BRB,2014,11809.0
868,BRB,2015,11780.0
869,BRB,2016,11849.0
870,BRB,2017,12124.693618121464
871,BRB,2018,12157.312126680112
872,BRB,2019,12029.747514768049
873,BRB,2020,12040.277666500744
874,BRB,2021,10487.38640323072
875,BRB,2022,10386.52617137221
896,BLR,1970,
897,BLR,1971,
898,BLR,1972,
899,BLR,1973,
900,BLR,1974,8341.0
901,BLR,1975,
902,BLR,1976,
903,BLR,1977,
904,BLR,1978,
905,BLR,1979,
906,BLR,1980,
907,BLR,1981,9487.0
908,BLR,1982,9844.0
909,BLR,1983,10217.0
910,BLR,1984,10667.0
911,BLR,1985,10957.0
912,BLR,1986,11000.0
913,BLR,1987,11230.0
914,BLR,1988,11297.0
915,BLR,1989,11198.0
916,BLR,1990,11893.0
917,BLR,1991,11467.0
918,BLR,1992,11170.761076510917
919,BLR,1993,9960.843147824904
920,BLR,1994,9077.439997808402
921,BLR,1995,7932.001039288072
922,BLR,1996,6993.622120912842
923,BLR,1997,7128.354653886732
924,BLR,1998,7885.01962037309
925,BLR,1999,8481.967108913179
926,BLR,2000,8689.713251926989
927,BLR,2001,9110.979461261824
928,BLR,2002,9462.373906917526
929,BLR,2003,9870.308515825362
930,BLR,2004,10492.987004400124
931,BLR,2005,11615.685585132174
932,BLR,2006,12629.558047952214
933,BLR,2007,13792.553571309354
934,BLR,2008,14856.955773777863
935,BLR,2009,16223.996807883905
936,BLR,2010,16088.725028100594
937,BLR,2011,17172.460341933234
938,BLR,2012,17918.0
939,BLR,2013,18245.00752051267
940,BLR,2014,18456.410667499407
941,BLR,2015,18805.178759987022
942,BLR,2016,18122.864046120045
943,BLR,2017,17701.959316898497
944,BLR,2018,18193.273100172584
945,BLR,2019,18809.49500085152
946,BLR,2020,19130.393987789008
947,BLR,2021,19053.15702050917
948,BLR,2022,19541.914363354965
969,BEL,1970,15969.0
970,BEL,1971,16914.0
971,BEL,1972,17486.0
972,BEL,1973,18336.0
973,BEL,1974,19399.0
974,BEL,1975,20153.0
975,BEL,1976,19831.0
976,BEL,1977,20916.0
977,BEL,1978,21025.0
978,BEL,1979,21605.0
979,BEL,1980,22094.0
980,BEL,1981,23060.0
981,BEL,1982,22760.0
982,BEL,1983,23071.0
983,BEL,1984,23071.0
984,BEL,1985,23644.0
985,BEL,1986,23873.0
986,BEL,1987,24221.0
987,BEL,1988,24772.0
988,BEL,1989,25905.0
989,BEL,1990,26690.0
990,BEL,1991,27412.0
991,BEL,1992,27848.304164473633
992,BEL,1993,28199.57377624236
993,BEL,1994,27857.249440123524
994,BEL,1995,28706.500573956673
995,BEL,1996,29370.087081695692
996,BEL,1997,29820.299488270775
997,BEL,1998,30894.28279758947
998,BEL,1999,31480.74344858214
999,BEL,2000,32571.67449971978
1000,BEL,2001,33719.76983855418
1001,BEL,2002,33923.34204475072
1002,BEL,2003,34419.693751854655
1003,BEL,2004,34588.476021026705
1004,BEL,2005,35740.35246260941
1005,BEL,2006,36338.38311504945
1006,BEL,2007,37051.902245853424
1007,BEL,2008,38082.87333574846
1008,BEL,2009,38117.34841552228
1009,BEL,2010,36998.64926229877
1010,BEL,2011,37739.327492898185
1011,BEL,2012,38130.0
1012,BEL,2013,38173.23391642716
1013,BEL,2014,38169.830165153755
1014,BEL,2015,38599.42407791561
1015,BEL,2016,39160.32302813663
1016,BEL,2017,39456.86337267277
1017,BEL,2018,39940.823394286126
1018,BEL,2019,40471.914597792296
1019,BEL,2020,41155.526780402
1020,BEL,2021,38763.44257492726
1021,BEL,2022,40970.80578330413
1042,BEN,1970,1551.0
1043,BEN,1971,1543.0
1044,BEN,1972,1535.0
1045,BEN,1973,1640.0
1046,BEN,1974,1666.0
1047,BEN,1975,1733.0
1048,BEN,1976,1570.0
1049,BEN,1977,1548.0
1050,BEN,1978,1570.0
1051,BEN,1979,1519.0
1052,BEN,1980,1594.0
1053,BEN,1981,1691.0
1054,BEN,1982,1733.0
1055,BEN,1983,1862.0
1056,BEN,1984,1728.0
1057,BEN,1985,1809.0
1058,BEN,1986,1886.0
1059,BEN,1987,1867.0
1060,BEN,1988,1782.0
1061,BEN,1989,1780.0
1062,BEN,1990,1715.0
1063,BEN,1991,1811.0
1064,BEN,1992,1812.4214692423927
1065,BEN,1993,1790.5300658099543
1066,BEN,1994,1791.963217413003
1067,BEN,1995,1731.8034170712542
1068,BEN,1996,1835.574590644367
1069,BEN,1997,1840.4858440770583
1070,BEN,1998,1867.6058933198424
1071,BEN,1999,1862.755734870101
1072,BEN,2000,1881.6971786275503
1073,BEN,2001,1908.9366209261184
1074,BEN,2002,1928.0966305352736
1075,BEN,2003,1934.3967492016125
1076,BEN,2004,1919.615102673918
1077,BEN,2005,1923.719295390708
1078,BEN,2006,1875.9193239365795
1079,BEN,2007,1870.53250067736
1080,BEN,2008,1904.5495815675115
1081,BEN,2009,1920.306055780088
1082,BEN,2010,1888.7757792278871
1083,BEN,2011,1854.6655707280884
1084,BEN,2012,1836.0
1085,BEN,2013,1867.0
1086,BEN,2014,1939.0
1087,BEN,2015,2008.0
1088,BEN,2016,2055.0
1089,BEN,2017,2061.9035813843857
1090,BEN,2018,2115.586819735045
1091,BEN,2019,2192.261006100744
1092,BEN,2020,2276.103867963354
1093,BEN,2021,2297.769732867594
1094,BEN,2022,2395.166213335109
1115,BOL,1970,3379.0
1116,BOL,1971,3469.0
1117,BOL,1972,3513.0
1118,BOL,1973,3602.0
1119,BOL,1974,3757.0
1120,BOL,1975,3854.0
1121,BOL,1976,4010.0
1122,BOL,1977,4219.0
1123,BOL,1978,4289.0
1124,BOL,1979,4328.0
1125,BOL,1980,4227.0
1126,BOL,1981,4100.0
1127,BOL,1982,4060.0
1128,BOL,1983,3816.0
1129,BOL,1984,3585.0
1130,BOL,1985,3561.0
1131,BOL,1986,3476.0
1132,BOL,1987,3306.0
1133,BOL,1988,3330.0
1134,BOL,1989,3386.0
1135,BOL,1990,3408.0
1136,BOL,1991,3502.0
1137,BOL,1992,3610.05176589269
1138,BOL,1993,3592.136728477069
1139,BOL,1994,3670.2744123593734
1140,BOL,1995,3765.169484651678
1141,BOL,1996,3865.437890859615
1142,BOL,1997,3959.445248904976
1143,BOL,1998,4079.537865918379
1144,BOL,1999,4205.694130849294
1145,BOL,2000,4146.470466698207
1146,BOL,2001,4173.5494556271815
1147,BOL,2002,4166.491663823036
1148,BOL,2003,4193.754879231691
1149,BOL,2004,4230.372476124638
1150,BOL,2005,4330.555773329363
1151,BOL,2006,4445.347739995699
1152,BOL,2007,4581.902166317692
1153,BOL,2008,4713.4483939791435
1154,BOL,2009,4924.032322864974
1155,BOL,2010,5011.33827045302
1156,BOL,2011,5141.758880655595
1157,BOL,2012,5331.0
1158,BOL,2013,5503.90836808894
1159,BOL,2014,5775.751435644671
1160,BOL,2015,5988.277547315212
1161,BOL,2016,6176.26705563787
1162,BOL,2017,6337.798612927752
1163,BOL,2018,6503.38722488086
1164,BOL,2019,6679.438373851693
1165,BOL,2020,6730.809061873835
1166,BOL,2021,6062.06482775822
1167,BOL,2022,6355.615210539723
1188,BIH,1970,4132.0
1189,BIH,1971,4251.0
1190,BIH,1972,4490.0
1191,BIH,1973,4661.0
1192,BIH,1974,4801.0
1193,BIH,1975,5112.0
1194,BIH,1976,5247.0
1195,BIH,1977,5268.0
1196,BIH,1978,5647.0
1197,BIH,1979,5977.0
1198,BIH,1980,6376.0
1199,BIH,1981,6588.0
1200,BIH,1982,6762.0
1201,BIH,1983,6841.0
1202,BIH,1984,6773.0
1203,BIH,1985,6843.0
1204,BIH,1986,6875.0
1205,BIH,1987,7066.0
1206,BIH,1988,6886.0
1207,BIH,1989,6668.0
1208,BIH,1990,6711.0
1209,BIH,1991,5893.0
1210,BIH,1992,5128.93944742336
1211,BIH,1993,3830.2190609441823
1212,BIH,1994,2831.039309133507
1213,BIH,1995,3017.0010565547486
1214,BIH,1996,3237.3074262945097
1215,BIH,1997,4915.325055897521
1216,BIH,1998,5913.08121295309
1217,BIH,1999,6589.637196947814
1218,BIH,2000,7025.973234938385
1219,BIH,2001,7082.035272194738
1220,BIH,2002,7129.386780241823
1221,BIH,2003,7391.592166270746
1222,BIH,2004,7551.408080415123
1223,BIH,2005,7857.378286374016
1224,BIH,2006,8057.682825132652
1225,BIH,2007,8410.801004629648
1226,BIH,2008,8811.8612403594
1227,BIH,2009,9199.261679607163
1228,BIH,2010,9018.506245925151
1229,BIH,2011,8982.45785298652
1230,BIH,2012,8961.0
1231,BIH,2013,8894.931401415526
1232,BIH,2014,9113.055029976384
1233,BIH,2015,9228.81794432688
1234,BIH,2016,9639.477649043472
1235,BIH,2017,9966.365920485969
1236,BIH,2018,10305.932335305108
1237,BIH,2019,10718.777861221988
1238,BIH,2020,11048.235446717918
1239,BIH,2021,10736.168312228834
1240,BIH,2022,11553.760708649706
1261,BWA,1970,843.0
1262,BWA,1971,907.0
1263,BWA,1972,1113.0
1264,BWA,1973,1361.0
1265,BWA,1974,1589.0
1266,BWA,1975,1656.0
1267,BWA,1976,1712.0
1268,BWA,1977,1801.0
1269,BWA,1978,1889.0
1270,BWA,1979,2005.0
1271,BWA,1980,2184.0
1272,BWA,1981,2348.0
1273,BWA,1982,2528.0
1274,BWA,1983,2640.0
1275,BWA,1984,2848.0
1276,BWA,1985,3124.0
1277,BWA,1986,3301.0
1278,BWA,1987,3432.0
1279,BWA,1988,3601.0
1280,BWA,1989,3920.0
1281,BWA,1990,5066.0
1282,BWA,1991,5267.0
1283,BWA,1992,5616.011230180464
1284,BWA,1993,5733.630021255006
1285,BWA,1994,5787.114500569631
1286,BWA,1995,5946.427132097851
1287,BWA,1996,6318.476423748566
1288,BWA,1997,6647.767552670595
1289,BWA,1998,7152.147433659421
1290,BWA,1999,7185.2722538997405
1291,BWA,2000,7876.1385178022865
1292,BWA,2001,8044.14204336772
1293,BWA,2002,8082.823833508784
1294,BWA,2003,8604.067001306265
1295,BWA,2004,9042.519733428748
1296,BWA,2005,9329.509213978536
1297,BWA,2006,9798.087064279383
1298,BWA,2007,10665.679526507864
1299,BWA,2008,11602.0682465784
1300,BWA,2009,12385.149725257235
1301,BWA,2010,11494.756543029303
1302,BWA,2011,12544.727363329708
1303,BWA,2012,13376.0
1304,BWA,2013,13134.406319556276
1305,BWA,2014,14355.759692061336
1306,BWA,2015,14929.677419847656
1307,BWA,2016,13980.03637033042
1308,BWA,2017,14752.188606549676
1309,BWA,2018,15121.661834310446
1310,BWA,2019,15515.622556302098
1311,BWA,2020,15747.324471006235
1312,BWA,2021,14162.68519082018
1313,BWA,2022,15612.077773651688
1334,BRA,1970,4313.0
1335,BRA,1971,4635.0
1336,BRA,1972,5024.0
1337,BRA,1973,5480.0
1338,BRA,1974,6086.0
1339,BRA,1975,6416.0
1340,BRA,1976,6582.0
1341,BRA,1977,7079.0
1342,BRA,1978,7248.0
1343,BRA,1979,7425.0
1344,BRA,1980,7736.0
1345,BRA,1981,8249.0
1346,BRA,1982,7709.0
1347,BRA,1983,7587.0
1348,BRA,1984,7203.0
1349,BRA,1985,7438.0
1350,BRA,1986,7862.0
1351,BRA,1987,8281.0
1352,BRA,1988,8402.0
1353,BRA,1989,8230.0
1354,BRA,1990,8333.0
1355,BRA,1991,7842.0
1356,BRA,1992,7888.048527824129
1357,BRA,1993,7812.794255396262
1358,BRA,1994,8166.235562539795
1359,BRA,1995,8615.688661235072
1360,BRA,1996,8951.694356675776
1361,BRA,1997,9124.5160690394
1362,BRA,1998,9409.946484829306
1363,BRA,1999,9419.107907290403
1364,BRA,2000,9441.758898994258
1365,BRA,2001,9834.424436663196
1366,BRA,2002,9953.30948413253
1367,BRA,2003,10245.06891728294
1368,BRA,2004,10354.595358498154
1369,BRA,2005,10949.660119887378
1370,BRA,2006,11305.771724073142
1371,BRA,2007,11766.605732758886
1372,BRA,2008,12500.006368400022
1373,BRA,2009,13164.01134257424
1374,BRA,2010,13180.890928022674
1375,BRA,2011,14215.61258144751
1376,BRA,2012,14831.0
1377,BRA,2013,14985.498339853082
1378,BRA,2014,15305.414025936683
1379,BRA,2015,15251.88960973912
1380,BRA,2016,14583.981967466185
1381,BRA,2017,13990.646772827104
1382,BRA,2018,14062.749639064205
1383,BRA,2019,14197.549718513385
1384,BRA,2020,14257.871306763853
1385,BRA,2021,13685.925743510985
1386,BRA,2022,14292.935059037914
1407,BGR,1970,7246.0
1408,BGR,1971,7608.0
1409,BGR,1972,7814.0
1410,BGR,1973,8145.0
1411,BGR,1974,8423.0
1412,BGR,1975,8630.0
1413,BGR,1976,9295.0
1414,BGR,1977,9535.0
1415,BGR,1978,9398.0
1416,BGR,1979,9594.0
1417,BGR,1980,9954.0
1418,BGR,1981,9634.0
1419,BGR,1982,9860.0
1420,BGR,1983,10154.0
1421,BGR,1984,9942.0
1422,BGR,1985,10249.0
1423,BGR,1986,9924.0
1424,BGR,1987,10170.0
1425,BGR,1988,10173.0
1426,BGR,1989,10098.0
1427,BGR,1990,9908.0
1428,BGR,1991,8922.0
1429,BGR,1992,8319.67292857707
1430,BGR,1993,7846.11595075794
1431,BGR,1994,7959.1636575086
1432,BGR,1995,8212.29648627268
1433,BGR,1996,8566.602745481097
1434,BGR,1997,7901.123625103636
1435,BGR,1998,7927.429113727844
1436,BGR,1999,8322.082003741638
1437,BGR,2000,7921.765283340932
1438,BGR,2001,8410.794977581298
1439,BGR,2002,8832.290564320296
1440,BGR,2003,9471.765661435968
1441,BGR,2004,10080.78302382228
1442,BGR,2005,10853.785153427416
1443,BGR,2006,11758.084065296944
1444,BGR,2007,12706.18160283958
1445,BGR,2008,13785.227603269834
1446,BGR,2009,14761.714726754342
1447,BGR,2010,14363.25842683027
1448,BGR,2011,14686.46106311002
1449,BGR,2012,15112.0
1450,BGR,2013,15314.524722925016
1451,BGR,2014,15314.154750552516
1452,BGR,2015,15550.345646997524
1453,BGR,2016,16186.40946316018
1454,BGR,2017,16795.82328500534
1455,BGR,2018,17386.270794902262
1456,BGR,2019,17982.423293048745
1457,BGR,2020,18840.76273269419
1458,BGR,2021,18203.8329720928
1459,BGR,2022,19753.9944646969
1480,BFA,1970,1199.0
1481,BFA,1971,1188.0
1482,BFA,1972,1219.0
1483,BFA,1973,1253.0
1484,BFA,1974,1172.0
1485,BFA,1975,1132.0
1486,BFA,1976,1068.0
1487,BFA,1977,1039.0
1488,BFA,1978,1090.0
1489,BFA,1979,1189.0
1490,BFA,1980,1173.0
1491,BFA,1981,1165.0
1492,BFA,1982,1186.0
1493,BFA,1983,1183.0
1494,BFA,1984,1140.0
1495,BFA,1985,1129.0
1496,BFA,1986,1243.0
1497,BFA,1987,1400.0
1498,BFA,1988,1336.0
1499,BFA,1989,1403.0
1500,BFA,1990,1342.0
1501,BFA,1991,1286.0
1502,BFA,1992,1331.2303122712003
1503,BFA,1993,1264.9919818312696
1504,BFA,1994,1240.1421651241892
1505,BFA,1995,1189.1213235421612
1506,BFA,1996,1191.3073618922276
1507,BFA,1997,1255.7749222331158
1508,BFA,1998,1268.263202247024
1509,BFA,1999,1293.5734035475664
1510,BFA,2000,1318.719761313887
1511,BFA,2001,1275.481908179445
1512,BFA,2002,1283.3821812485476
1513,BFA,2003,1255.557090878688
1514,BFA,2004,1277.5808607676336
1515,BFA,2005,1268.6866270397757
1516,BFA,2006,1309.9836441120772
1517,BFA,2007,1322.6371966277084
1518,BFA,2008,1308.5203168313224
1519,BFA,2009,1315.453716068977
1520,BFA,2010,1287.367828372492
1521,BFA,2011,1326.1975172646494
1522,BFA,2012,1344.0
1523,BFA,2013,1387.617055381043
1524,BFA,2014,1424.2131997801678
1525,BFA,2015,1443.2962589266474
1526,BFA,2016,1456.9302901374822
1527,BFA,2017,1500.0235020185055
1528,BFA,2018,1548.4810122146737
1529,BFA,2019,1605.358822499288
1530,BFA,2020,1651.1173258771164
1531,BFA,2021,1638.827886419169
1532,BFA,2022,1706.963253766437
1553,BDI,1970,717.0
1554,BDI,1971,893.0
1555,BDI,1972,902.0
1556,BDI,1973,866.0
1557,BDI,1974,921.0
1558,BDI,1975,904.0
1559,BDI,1976,883.0
1560,BDI,1977,956.0
1561,BDI,1978,1020.0
1562,BDI,1979,1042.0
1563,BDI,1980,1011.0
1564,BDI,1981,952.0
1565,BDI,1982,1014.0
1566,BDI,1983,985.0
1567,BDI,1984,991.0
1568,BDI,1985,968.0
1569,BDI,1986,1057.0
1570,BDI,1987,1078.0
1571,BDI,1988,1095.0
1572,BDI,1989,1119.0
1573,BDI,1990,1111.0
1574,BDI,1991,1124.0
1575,BDI,1992,1149.7976162526245
1576,BDI,1993,1128.3474181200982
1577,BDI,1994,1075.61540247435
1578,BDI,1995,1057.641368768207
1579,BDI,1996,934.2030527012048
1580,BDI,1997,824.5115934290852
1581,BDI,1998,800.2720178455298
1582,BDI,1999,808.3240934671277
1583,BDI,2000,772.3171699988276
1584,BDI,2001,739.7609163408081
1585,BDI,2002,730.4278155325185
1586,BDI,2003,737.2860250789121
1587,BDI,2004,703.5615336749859
1588,BDI,2005,709.7372126795278
1589,BDI,2006,691.619745779627
1590,BDI,2007,703.3609864382432
1591,BDI,2008,700.9587235336076
1592,BDI,2009,708.6785900445112
1593,BDI,2010,709.0325962292508
1594,BDI,2011,717.6115064587852
1595,BDI,2012,719.0
1596,BDI,2013,727.0
1597,BDI,2014,738.0
1598,BDI,2015,748.0
1599,BDI,2016,694.0
1600,BDI,2017,704.6350269200744
1601,BDI,2018,715.0945372986091
1602,BDI,2019,730.9045976805135
1603,BDI,2020,738.9830779492221
1604,BDI,2021,720.4459743972841
1605,BDI,2022,723.1920741092595
1626,CPV,1970,1366.0
1627,CPV,1971,1385.0
1628,CPV,1972,1435.0
1629,CPV,1973,1457.0
1630,CPV,1974,1470.0
1631,CPV,1975,1497.0
1632,CPV,1976,1237.0
1633,CPV,1977,1251.0
1634,CPV,1978,1176.0
1635,CPV,1979,1275.0
1636,CPV,1980,1301.0
1637,CPV,1981,1352.0
1638,CPV,1982,1447.0
1639,CPV,1983,1470.0
1640,CPV,1984,1588.0
1641,CPV,1985,1626.0
1642,CPV,1986,1742.0
1643,CPV,1987,1766.0
1644,CPV,1988,1817.0
1645,CPV,1989,1898.0
1646,CPV,1990,1980.0
1647,CPV,1991,1965.0
1648,CPV,1992,1988.3073291102712
1649,CPV,1993,2029.59604778453
1650,CPV,1994,2159.220165157935
1651,CPV,1995,2291.080280147303
1652,CPV,1996,2444.9031548626062
1653,CPV,1997,2594.0996861280637
1654,CPV,1998,2777.4651143132346
1655,CPV,1999,2999.624524671349
1656,CPV,2000,3346.8799259861166
1657,CPV,2001,3583.586818637333
1658,CPV,2002,3799.032625670076
1659,CPV,2003,3998.261727569358
1660,CPV,2004,4185.489119143422
1661,CPV,2005,4368.054767360322
1662,CPV,2006,4659.396187372807
1663,CPV,2007,5140.870644234935
1664,CPV,2008,5597.850266870618
1665,CPV,2009,5985.106816776987
1666,CPV,2010,5926.506489104242
1667,CPV,2011,6033.7201639414325
1668,CPV,2012,6295.0
1669,CPV,2013,6273.0
1670,CPV,2014,6234.0
1671,CPV,2015,6262.0
1672,CPV,2016,6266.0
1673,CPV,2017,6461.350616883645
1674,CPV,2018,6676.985947295534
1675,CPV,2019,6848.756942435138
1676,CPV,2020,7297.279145550106
1677,CPV,2021,5831.9984412922195
1678,CPV,2022,6173.230123587777
1699,KHM,1970,1151.0
1700,KHM,1971,1031.0
1701,KHM,1972,980.0
1702,KHM,1973,920.0
1703,KHM,1974,1239.0
1704,KHM,1975,1049.0
1705,KHM,1976,925.0
1706,KHM,1977,1025.0
1707,KHM,1978,1143.0
1708,KHM,1979,1291.0
1709,KHM,1980,1325.0
1710,KHM,1981,1320.0
1711,KHM,1982,1301.0
1712,KHM,1983,1358.0
1713,KHM,1984,1412.0
1714,KHM,1985,1476.0
1715,KHM,1986,1540.0
1716,KHM,1987,1578.0
1717,KHM,1988,1490.0
1718,KHM,1989,1473.0
1719,KHM,1990,1455.0
1720,KHM,1991,1404.0
1721,KHM,1992,1425.045553471786
1722,KHM,1993,1427.2857310323895
1723,KHM,1994,1384.292501749733
1724,KHM,1995,1416.463739162818
1725,KHM,1996,1439.2865435327358
1726,KHM,1997,1450.5251233663794
1727,KHM,1998,1466.3666982038446
1728,KHM,1999,1476.2960083316154
1729,KHM,2000,1586.2104587694364
1730,KHM,2001,1659.0890898348373
1731,KHM,2002,1726.471284318923
1732,KHM,2003,1770.9571137654857
1733,KHM,2004,1850.2042883747308
1734,KHM,2005,1965.8786389334944
1735,KHM,2006,2144.844986180705
1736,KHM,2007,2286.3846663963645
1737,KHM,2008,2422.7565010500275
1738,KHM,2009,2482.006831285139
1739,KHM,2010,2433.306125136748
1740,KHM,2011,2426.686966284998
1741,KHM,2012,2496.0
1742,KHM,2013,2649.3060781211075
1743,KHM,2014,2813.6703885181205
1744,KHM,2015,2982.72858537496
1745,KHM,2016,3149.874166498582
1746,KHM,2017,3312.0814919050836
1747,KHM,2018,3488.595142985761
1748,KHM,2019,3692.4299528391257
1749,KHM,2020,3896.797803857532
1750,KHM,2021,3728.198416173488
1751,KHM,2022,3796.4843887752886
1772,CMR,1970,1551.0
1773,CMR,1971,1565.0
1774,CMR,1972,1578.0
1775,CMR,1973,1612.0
1776,CMR,1974,1599.0
1777,CMR,1975,1632.0
1778,CMR,1976,1677.0
1779,CMR,1977,1664.0
1780,CMR,1978,1706.0
1781,CMR,1979,1744.0
1782,CMR,1980,1785.0
1783,CMR,1981,1900.0
1784,CMR,1982,2153.0
1785,CMR,1983,2257.0
1786,CMR,1984,2345.0
1787,CMR,1985,2450.0
1788,CMR,1986,2585.0
1789,CMR,1987,2683.0
1790,CMR,1988,2471.0
1791,CMR,1989,2287.0
1792,CMR,1990,2021.0
1793,CMR,1991,1930.0
1794,CMR,1992,1833.3544517711457
1795,CMR,1993,1754.2467380350993
1796,CMR,1994,1677.140026149894
1797,CMR,1995,1615.5972736793544
1798,CMR,1996,1648.641558277831
1799,CMR,1997,1710.105975302545
1800,CMR,1998,1780.4966966802665
1801,CMR,1999,1847.2189118450951
1802,CMR,2000,1902.2660063357869
1803,CMR,2001,1961.0878622527105
1804,CMR,2002,2028.5473842742197
1805,CMR,2003,2084.9206379621032
1806,CMR,2004,2143.980043224328
1807,CMR,2005,2198.236020142642
1808,CMR,2006,2222.910853393813
1809,CMR,2007,2269.517951969696
1810,CMR,2008,2315.606876761055
1811,CMR,2009,2352.7994599899716
1812,CMR,2010,2370.130510015936
1813,CMR,2011,2420.132849614199
1814,CMR,2012,2494.0
1815,CMR,2013,2536.546816995786
1816,CMR,2014,2590.710065452772
1817,CMR,2015,2657.4030077562184
1818,CMR,2016,2718.305430542134
1819,CMR,2017,2758.0290075926746
1820,CMR,2018,2779.5482382746604
1821,CMR,2019,2815.316204314165
1822,CMR,2020,2832.0767416446974
1823,CMR,2021,2769.2867887504317
1824,CMR,2022,2791.7901002835106
1845,CAN,1970,18988.0
1846,CAN,1971,19207.0
1847,CAN,1972,20024.0
1848,CAN,1973,20837.0
1849,CAN,1974,22058.0
1850,CAN,1975,22643.0
1851,CAN,1976,22819.0
1852,CAN,1977,23754.0
1853,CAN,1978,24265.0
1854,CAN,1979,24994.0
1855,CAN,1980,25775.0
1856,CAN,1981,25784.0
1857,CAN,1982,26256.0
1858,CAN,1983,25151.0
1859,CAN,1984,25625.0
1860,CAN,1985,26836.0
1861,CAN,1986,28025.0
1862,CAN,1987,28472.0
1863,CAN,1988,29246.0
1864,CAN,1989,30275.0
1865,CAN,1990,30458.0
1866,CAN,1991,30082.0
1867,CAN,1992,29151.69684885993
1868,CAN,1993,29141.192329285823
1869,CAN,1994,29657.57435681402
1870,CAN,1995,30745.822846121897
1871,CAN,1996,31330.72008635295
1872,CAN,1997,31594.24180943492
1873,CAN,1998,32709.691602793333
1874,CAN,1999,33785.74631608327
1875,CAN,2000,35345.720956298894
1876,CAN,2001,36942.562294285686
1877,CAN,2002,37307.205933239486
1878,CAN,2003,38123.98642394115
1879,CAN,2004,38559.97590268697
1880,CAN,2005,39491.57003054623
1881,CAN,2006,40485.01924036267
1882,CAN,2007,41247.14929668085
1883,CAN,2008,41806.865205809154
1884,CAN,2009,41896.42558694811
1885,CAN,2010,40312.621651062866
1886,CAN,2011,41209.4261814782
1887,CAN,2012,42197.0
1888,CAN,2013,42476.34505066868
1889,CAN,2014,43008.83001074117
1890,CAN,2015,43800.63917397715
1891,CAN,2016,43761.52709036398
1892,CAN,2017,43702.07959843087
1893,CAN,2018,44493.65111599596
1894,CAN,2019,45087.886790366465
1895,CAN,2020,45284.213482154024
1896,CAN,2021,42493.630617386254
1897,CAN,2022,44379.594870856665
1918,CAF,1970,1476.0
1919,CAF,1971,1508.0
1920,CAF,1972,1427.0
1921,CAF,1973,1368.0
1922,CAF,1974,1403.0
1923,CAF,1975,1333.0
1924,CAF,1976,1323.0
1925,CAF,1977,1345.0
1926,CAF,1978,1417.0
1927,CAF,1979,1398.0
1928,CAF,1980,1326.0
1929,CAF,1981,1234.0
1930,CAF,1982,1219.0
1931,CAF,1983,1208.0
1932,CAF,1984,1105.0
1933,CAF,1985,1146.0
1934,CAF,1986,1148.0
1935,CAF,1987,1162.0
1936,CAF,1988,1079.0
1937,CAF,1989,1073.0
1938,CAF,1990,1070.0
1939,CAF,1991,1023.0
1940,CAF,1992,1006.99580160323
1941,CAF,1993,965.1933763497116
1942,CAF,1994,933.0601746632378
1943,CAF,1995,952.0174177414632
1944,CAF,1996,978.5566147479784
1945,CAF,1997,885.8864005963782
1946,CAF,1998,917.47997639614
1947,CAF,1999,936.2382621382116
1948,CAF,2000,967.8432036294956
1949,CAF,2001,963.9461805550576
1950,CAF,2002,952.5118090677156
1951,CAF,2003,928.7716385131732
1952,CAF,2004,845.5055450884124
1953,CAF,2005,853.1820215903408
1954,CAF,2006,858.5237000174835
1955,CAF,2007,881.4851651169623
1956,CAF,2008,897.4783070138916
1957,CAF,2009,901.8513453751752
1958,CAF,2010,898.7004801806556
1959,CAF,2011,910.3103788607568
1960,CAF,2012,909.0
1961,CAF,2013,916.0
1962,CAF,2014,567.0
1963,CAF,2015,561.0
1964,CAF,2016,576.0
1965,CAF,2017,592.9234516186858
1966,CAF,2018,608.2856446716945
1967,CAF,2019,619.1874635098058
1968,CAF,2020,623.5598233502932
1969,CAF,2021,613.7893419743613
1970,CAF,2022,606.8591051512815
1991,TCD,1970,881.0
1992,TCD,1971,880.0
1993,TCD,1972,877.0
1994,TCD,1973,800.0
1995,TCD,1974,746.0
1996,TCD,1975,829.0
1997,TCD,1976,952.0
1998,TCD,1977,918.0
1999,TCD,1978,830.0
2000,TCD,1979,808.0
2001,TCD,1980,622.0
2002,TCD,1981,583.0
2003,TCD,1982,521.0
2004,TCD,1983,524.0
2005,TCD,1984,577.0
2006,TCD,1985,601.0
2007,TCD,1986,642.0
2008,TCD,1987,662.0
2009,TCD,1988,663.0
2010,TCD,1989,692.0
2011,TCD,1990,685.0
2012,TCD,1991,692.0
2013,TCD,1992,703.2837422701148
2014,TCD,1993,698.739002074788
2015,TCD,1994,680.8005404764043
2016,TCD,1995,713.8270847717725
2017,TCD,1996,700.7076235119544
2018,TCD,1997,694.1050198248446
2019,TCD,1998,719.1531161232232
2020,TCD,1999,753.8607994162044
2021,TCD,2000,733.781232654736
2022,TCD,2001,716.0423633332267
2023,TCD,2002,783.0551642261155
2024,TCD,2003,831.8291855031645
2025,TCD,2004,925.5126163056394
2026,TCD,2005,1200.272558584737
2027,TCD,2006,1266.105032898219
2028,TCD,2007,1225.5163120917607
2029,TCD,2008,1422.3407897432285
2030,TCD,2009,1422.2312009935542
2031,TCD,2010,1533.1794860451162
2032,TCD,2011,1720.3343471054616
2033,TCD,2012,1661.0
2034,TCD,2013,1742.6540489050933
2035,TCD,2014,1776.0920830641928
2036,TCD,2015,1829.834659019249
2037,TCD,2016,1802.3212001455688
2038,TCD,2017,1648.0383635792052
2039,TCD,2018,1555.7141640074565
2040,TCD,2019,1541.4716178237677
2041,TCD,2020,1543.8028787517364
2042,TCD,2021,1463.5312650403762
2043,TCD,2022,1402.673171106424
2064,CHL,1970,8187.0
2065,CHL,1971,8195.0
2066,CHL,1972,8773.0
2067,CHL,1973,8520.0
2068,CHL,1974,7911.0
2069,CHL,1975,7857.0
2070,CHL,1976,6731.0
2071,CHL,1977,6868.0
2072,CHL,1978,7438.0
2073,CHL,1979,7936.0
2074,CHL,1980,8475.0
2075,CHL,1981,9024.0
2076,CHL,1982,9427.0
2077,CHL,1983,8016.0
2078,CHL,1984,7667.0
2079,CHL,1985,7992.0
2080,CHL,1986,8024.0
2081,CHL,1987,8325.0
2082,CHL,1988,8721.0
2083,CHL,1989,9199.0
2084,CHL,1990,10005.0
2085,CHL,1991,10203.0
2086,CHL,1992,10746.491564155878
2087,CHL,1993,11773.30070914546
2088,CHL,1994,12296.925646305868
2089,CHL,1995,12692.551132186198
2090,CHL,1996,13715.932995478925
2091,CHL,1997,14433.319774238738
2092,CHL,1998,15079.8311950225
2093,CHL,1999,15259.540847553471
2094,CHL,2000,14846.417528318423
2095,CHL,2001,15211.623295604437
2096,CHL,2002,15448.008813317989
2097,CHL,2003,15509.82477517235
2098,CHL,2004,15809.17776845465
2099,CHL,2005,16478.97278670518
2100,CHL,2006,17137.486041466447
2101,CHL,2007,17920.803131219684
2102,CHL,2008,18487.900735147177
2103,CHL,2009,18804.029363329544
2104,CHL,2010,18184.481377662123
2105,CHL,2011,18909.847276205317
2106,CHL,2012,19705.0
2107,CHL,2013,20690.79623024789
2108,CHL,2014,21171.061311926045
2109,CHL,2015,21337.759460089783
2110,CHL,2016,21574.0177869608
2111,CHL,2017,21715.713791676244
2112,CHL,2018,21709.42713934853
2113,CHL,2019,22175.66501492856
2114,CHL,2020,21924.40757922929
2115,CHL,2021,20205.86869447819
2116,CHL,2022,22324.961433086897
2137,CHN,1970,1264.0
2138,CHN,1971,1398.0
2139,CHN,1972,1446.0
2140,CHN,1973,1431.0
2141,CHN,1974,1513.0
2142,CHN,1975,1519.0
2143,CHN,1976,1594.0
2144,CHN,1977,1519.0
2145,CHN,1978,1583.0
2146,CHN,1979,1744.0
2147,CHN,1980,1859.0
2148,CHN,1981,1930.0
2149,CHN,1982,1962.0
2150,CHN,1983,2128.0
2151,CHN,1984,2227.0
2152,CHN,1985,2444.0
2153,CHN,1986,2619.0
2154,CHN,1987,2748.0
2155,CHN,1988,2931.0
2156,CHN,1989,3045.0
2157,CHN,1990,3022.0
2158,CHN,1991,2982.0
2159,CHN,1992,3051.3151251535655
2160,CHN,1993,3227.744141541462
2161,CHN,1994,3506.48009477448
2162,CHN,1995,3730.164094416436
2163,CHN,1996,3999.729180990004
2164,CHN,1997,4219.644172416151
2165,CHN,1998,4310.828198416168
2166,CHN,1999,4309.847175568261
2167,CHN,2000,4466.736250214565
2168,CHN,2001,4730.354351202304
2169,CHN,2002,4995.144724820601
2170,CHN,2003,5343.112257824781
2171,CHN,2004,5649.4632391271925
2172,CHN,2005,6067.591161370288
2173,CHN,2006,6626.591821130525
2174,CHN,2007,7271.035651970811
2175,CHN,2008,7895.712892697418
2176,CHN,2009,8190.112094505943
2177,CHN,2010,8734.04062380443
2178,CHN,2011,9658.41859928433
2179,CHN,2012,10221.0
2180,CHN,2013,10946.83397149056
2181,CHN,2014,11731.294597488408
2182,CHN,2015,12515.198304795971
2183,CHN,2016,13325.431748191117
2184,CHN,2017,14138.954637273522
2185,CHN,2018,15030.447422313577
2186,CHN,2019,15977.007798620576
2187,CHN,2020,16879.53970153226
2188,CHN,2021,17225.968276942745
2189,CHN,2022,18666.604569482603
2210,HKG,1970,8534.0
2211,HKG,1971,9250.0
2212,HKG,1972,9787.0
2213,HKG,1973,10632.0
2214,HKG,1974,11717.0
2215,HKG,1975,11719.0
2216,HKG,1976,11456.0
2217,HKG,1977,12929.0
2218,HKG,1978,13986.0
2219,HKG,1979,14689.0
2220,HKG,1980,15903.0
2221,HKG,1981,17086.0
2222,HKG,1982,18301.0
2223,HKG,1983,18527.0
2224,HKG,1984,19349.0
2225,HKG,1985,21042.0
2226,HKG,1986,20883.0
2227,HKG,1987,22823.0
2228,HKG,1988,25414.0
2229,HKG,1989,27063.0
2230,HKG,1990,27377.0
2231,HKG,1991,27960.0
2232,HKG,1992,29008.69888272773
2233,HKG,1993,30202.539384048287
2234,HKG,1994,31242.198945436776
2235,HKG,1995,32219.357339097583
2236,HKG,1996,31941.908676268977
2237,HKG,1997,32261.80367248706
2238,HKG,1998,33385.8193558232
2239,HKG,1999,30866.42845238891
2240,HKG,2000,31134.166298431835
2241,HKG,2001,32894.01076870469
2242,HKG,2002,32734.200466940052
2243,HKG,2003,33038.150049321375
2244,HKG,2004,33594.31626064747
2245,HKG,2005,36052.99121829005
2246,HKG,2006,38191.8984279571
2247,HKG,2007,40172.8543686446
2248,HKG,2008,42230.88634988074
2249,HKG,2009,42635.48025605869
2250,HKG,2010,41076.234343140764
2251,HKG,2011,43170.55153428085
2252,HKG,2012,44532.0
2253,HKG,2013,44795.11029492749
2254,HKG,2014,45997.88881359396
2255,HKG,2015,46941.58447711424
2256,HKG,2016,47653.696401574525
2257,HKG,2017,48385.1150246024
2258,HKG,2018,49841.456072608664
2259,HKG,2019,50847.72135557016
2260,HKG,2020,49631.06158931615
2261,HKG,2021,46550.256038765154
2262,HKG,2022,50006.34792486015
2283,COL,1970,4744.0
2284,COL,1971,4932.0
2285,COL,1972,5091.0
2286,COL,1973,5348.0
2287,COL,1974,5577.0
2288,COL,1975,5767.0
2289,COL,1976,5772.0
2290,COL,1977,5918.0
2291,COL,1978,6046.0
2292,COL,1979,6443.0
2293,COL,1980,6658.0
2294,COL,1981,6786.0
2295,COL,1982,6782.0
2296,COL,1983,6698.0
2297,COL,1984,6655.0
2298,COL,1985,6741.0
2299,COL,1986,6809.0
2300,COL,1987,7071.0
2301,COL,1988,7296.0
2302,COL,1989,7442.0
2303,COL,1990,7533.0
2304,COL,1991,7693.0
2305,COL,1992,7713.022025638145
2306,COL,1993,7888.105490293178
2307,COL,1994,8180.870530143386
2308,COL,1995,8447.857240159066
2309,COL,1996,8735.883323055887
2310,COL,1997,8770.583203638625
2311,COL,1998,8952.472967538566
2312,COL,1999,8863.261374059754
2313,COL,2000,8382.139863389892
2314,COL,2001,8496.791861442363
2315,COL,2002,8528.03353336023
2316,COL,2003,8630.542429754663
2317,COL,2004,8855.21744466881
2318,COL,2005,9211.279112500377
2319,COL,2006,9524.722706754064
2320,COL,2007,10039.683117326103
2321,COL,2008,10602.304878412586
2322,COL,2009,10846.737686887882
2323,COL,2010,10894.102287540152
2324,COL,2011,11191.68640656952
2325,COL,2012,11788.0
2326,COL,2013,12129.80917304497
2327,COL,2014,12633.481540068433
2328,COL,2015,12981.56496608596
2329,COL,2016,13237.290998867446
2330,COL,2017,13367.445694441523
2331,COL,2018,13380.642413719188
2332,COL,2019,13485.702556470873
2333,COL,2020,13603.993309076192
2334,COL,2021,12377.134949809795
2335,COL,2022,13553.399428283312
2356,COM,1970,918.0
2357,COM,1971,961.0
2358,COM,1972,974.0
2359,COM,1973,966.0
2360,COM,1974,1006.0
2361,COM,1975,1004.0
2362,COM,1976,1038.0
2363,COM,1977,1009.0
2364,COM,1978,966.0
2365,COM,1979,964.0
2366,COM,1980,1023.0
2367,COM,1981,1065.0
2368,COM,1982,1081.0
2369,COM,1983,1124.0
2370,COM,1984,1149.0
2371,COM,1985,1168.0
2372,COM,1986,1162.0
2373,COM,1987,1157.0
2374,COM,1988,1149.0
2375,COM,1989,1152.0
2376,COM,1990,1108.0
2377,COM,1991,1092.0
2378,COM,1992,1101.0035873777497
2379,COM,1993,1185.5141209147469
2380,COM,1994,1210.6352955664297
2381,COM,1995,1136.7435364022251
2382,COM,1996,1166.9368473129186
2383,COM,1997,1141.6015868511531
2384,COM,1998,1177.5825242030514
2385,COM,1999,1179.8440566653692
2386,COM,2000,1189.2566885002002
2387,COM,2001,1204.4023923591456
2388,COM,2002,1217.4992213772307
2389,COM,2003,1229.855923579943
2390,COM,2004,1240.051336707094
2391,COM,2005,1247.274948374711
2392,COM,2006,1265.686703682588
2393,COM,2007,1388.0026343029183
2394,COM,2008,1382.539089341962
2395,COM,2009,1419.3670960848094
2396,COM,2010,1455.282338335449
2397,COM,2011,1432.5624208792208
2398,COM,2012,1479.0
2399,COM,2013,1509.0
2400,COM,2014,1619.0
2401,COM,2015,1647.0
2402,COM,2016,1696.0
2403,COM,2017,1705.7402718094625
2404,COM,2018,1764.7028589171616
2405,COM,2019,1801.691113768483
2406,COM,2020,1832.435694921335
2407,COM,2021,1869.9440308890576
2408,COM,2022,1886.060818175428
2429,COG,1970,2335.0
2430,COG,1971,2396.0
2431,COG,1972,2546.0
2432,COG,1973,2582.0
2433,COG,1974,2950.0
2434,COG,1975,2848.0
2435,COG,1976,2745.0
2436,COG,1977,2794.0
2437,COG,1978,2517.0
2438,COG,1979,2595.0
2439,COG,1980,2807.0
2440,COG,1981,3075.0
2441,COG,1982,3625.0
2442,COG,1983,4355.0
2443,COG,1984,4473.0
2444,COG,1985,4664.0
2445,COG,1986,4484.0
2446,COG,1987,4058.0
2447,COG,1988,3953.0
2448,COG,1989,3908.0
2449,COG,1990,3865.0
2450,COG,1991,3794.0
2451,COG,1992,3862.5743339812216
2452,COG,1993,3940.971729102639
2453,COG,1994,3874.169784614636
2454,COG,1995,3635.98917024344
2455,COG,1996,3763.5958011865696
2456,COG,1997,3988.87730463448
2457,COG,1998,3899.762685426077
2458,COG,1999,4042.778281349575
2459,COG,2000,3925.686438296262
2460,COG,2001,4159.222737395878
2461,COG,2002,4256.655371170816
2462,COG,2003,4458.634223688346
2463,COG,2004,4467.903964405697
2464,COG,2005,4560.512514183643
2465,COG,2006,4820.707288005168
2466,COG,2007,5016.05763935475
2467,COG,2008,4844.970239602897
2468,COG,2009,5081.13158781301
2469,COG,2010,5379.004176901912
2470,COG,2011,5738.162993098017
2471,COG,2012,5875.0
2472,COG,2013,6300.049233682046
2473,COG,2014,6140.18659900545
2474,COG,2015,6428.496067039417
2475,COG,2016,6079.457489405721
2476,COG,2017,5315.170143980847
2477,COG,2018,4977.342380273524
2478,COG,2019,4637.726027591177
2479,COG,2020,4583.337145566191
2480,COG,2021,4203.110203911664
2481,COG,2022,4168.024358496841
2502,CRI,1970,5773.0
2503,CRI,1971,5984.0
2504,CRI,1972,6199.0
2505,CRI,1973,6564.0
2506,CRI,1974,6884.0
2507,CRI,1975,7061.0
2508,CRI,1976,7007.0
2509,CRI,1977,7182.0
2510,CRI,1978,7602.0
2511,CRI,1979,7763.0
2512,CRI,1980,7905.0
2513,CRI,1981,7828.0
2514,CRI,1982,7461.0
2515,CRI,1983,6751.0
2516,CRI,1984,6743.0
2517,CRI,1985,7065.0
2518,CRI,1986,6918.0
2519,CRI,1987,7087.0
2520,CRI,1988,7221.0
2521,CRI,1989,7270.0
2522,CRI,1990,7489.0
2523,CRI,1991,7567.0
2524,CRI,1992,7552.362230313143
2525,CRI,1993,8038.767757585438
2526,CRI,1994,8363.482969201788
2527,CRI,1995,8479.568660683775
2528,CRI,1996,8576.422396551394
2529,CRI,1997,8446.781244562675
2530,CRI,1998,8683.948462750068
2531,CRI,1999,9053.851624503342
2532,CRI,2000,9183.895044964813
2533,CRI,2001,9319.766188847345
2534,CRI,2002,9451.615274232789
2535,CRI,2003,9591.553317847403
2536,CRI,2004,9831.249602339947
2537,CRI,2005,10086.783665353472
2538,CRI,2006,10308.374061873204
2539,CRI,2007,10880.476701230988
2540,CRI,2008,11584.67665985994
2541,CRI,2009,11935.157785616684
2542,CRI,2010,11638.001894427154
2543,CRI,2011,12031.570909467451
2544,CRI,2012,12366.0
2545,CRI,2013,12800.047524360542
2546,CRI,2014,12952.746484152802
2547,CRI,2015,13241.992080830492
2548,CRI,2016,13557.923026599548
2549,CRI,2017,13959.341886190665
2550,CRI,2018,14372.67961374453
2551,CRI,2019,14583.144009609705
2552,CRI,2020,14775.29207022496
2553,CRI,2021,13996.389360173924
2554,CRI,2022,14931.956023204828
2575,HRV,1970,8209.0
2576,HRV,1971,8751.0
2577,HRV,1972,9414.0
2578,HRV,1973,9631.0
2579,HRV,1974,9969.0
2580,HRV,1975,10786.0
2581,HRV,1976,11053.0
2582,HRV,1977,11469.0
2583,HRV,1978,12385.0
2584,HRV,1979,13265.0
2585,HRV,1980,13994.0
2586,HRV,1981,14193.0
2587,HRV,1982,14182.0
2588,HRV,1983,14123.0
2589,HRV,1984,13841.0
2590,HRV,1985,14104.0
2591,HRV,1986,14067.0
2592,HRV,1987,14416.0
2593,HRV,1988,14362.0
2594,HRV,1989,14207.0
2595,HRV,1990,13959.0
2596,HRV,1991,12948.0
2597,HRV,1992,10296.1907490574
2598,HRV,1993,9331.89265228301
2599,HRV,1994,8739.540239430573
2600,HRV,1995,9352.583982835997
2601,HRV,1996,10180.251534007484
2602,HRV,1997,11030.079309403567
2603,HRV,1998,11997.593091916227
2604,HRV,1999,12476.046525867669
2605,HRV,2000,12579.876775136643
2606,HRV,2001,13244.540749737042
2607,HRV,2002,13817.680764867187
2608,HRV,2003,14683.83770312071
2609,HRV,2004,15740.498559112391
2610,HRV,2005,16628.57444367401
2611,HRV,2006,17581.358351181756
2612,HRV,2007,18707.490861564835
2613,HRV,2008,19984.037431196295
2614,HRV,2009,20717.315738830697
2615,HRV,2010,19501.588594766195
2616,HRV,2011,19511.3503059546
2617,HRV,2012,19813.0
2618,HRV,2013,19413.892436251732
2619,HRV,2014,19402.938024373812
2620,HRV,2015,19403.59466246813
2621,HRV,2016,20025.753464687557
2622,HRV,2017,20915.22731890756
2623,HRV,2018,21852.020568061376
2624,HRV,2019,22678.03435094451
2625,HRV,2020,23590.277456647196
2626,HRV,2021,21672.47793772927
2627,HRV,2022,25059.94666497539
2648,CUB,1970,3137.0
2649,CUB,1971,2976.0
2650,CUB,1972,3161.0
2651,CUB,1973,3253.0
2652,CUB,1974,3486.0
2653,CUB,1975,3609.0
2654,CUB,1976,3733.0
2655,CUB,1977,3786.0
2656,CUB,1978,3913.0
2657,CUB,1979,4114.0
2658,CUB,1980,4183.0
2659,CUB,1981,4106.0
2660,CUB,1982,4420.0
2661,CUB,1983,4487.0
2662,CUB,1984,4705.0
2663,CUB,1985,5051.0
2664,CUB,1986,5120.0
2665,CUB,1987,5075.0
2666,CUB,1988,4887.0
2667,CUB,1989,4994.0
2668,CUB,1990,4991.0
2669,CUB,1991,4713.0
2670,CUB,1992,3982.26572455253
2671,CUB,1993,3399.964724510602
2672,CUB,1994,2657.465975694371
2673,CUB,1995,2683.0984798078575
2674,CUB,1996,2860.7572707254844
2675,CUB,1997,3249.6353174357732
2676,CUB,1998,3425.5617843578816
2677,CUB,1999,3415.5452394865824
2678,CUB,2000,3623.5953800357993
2679,CUB,2001,4009.3398762914
2680,CUB,2002,4231.323833386835
2681,CUB,2003,4369.040301048368
2682,CUB,2004,4506.675854070209
2683,CUB,2005,4561.016721751893
2684,CUB,2006,4713.7063043150765
2685,CUB,2007,5416.141191618224
2686,CUB,2008,5635.688254102669
2687,CUB,2009,6004.893861824534
2688,CUB,2010,6248.304392736064
2689,CUB,2011,6578.19058371151
2690,CUB,2012,6928.0
2691,CUB,2013,7138.0
2692,CUB,2014,7379.0
2693,CUB,2015,7628.0
2694,CUB,2016,7889.0
2695,CUB,2017,7928.049886767947
2696,CUB,2018,8075.464782421154
2697,CUB,2019,8262.988493292847
2698,CUB,2020,8257.785032917569
2699,CUB,2021,7364.105587639862
2700,CUB,2022,7485.820787915659
2721,CYP,1970,6446.0
2722,CYP,1971,6590.0
2723,CYP,1972,7382.0
2724,CYP,1973,7809.0
2725,CYP,1974,7913.0
2726,CYP,1975,6503.0
2727,CYP,1976,5528.0
2728,CYP,1977,6652.0
2729,CYP,1978,7704.0
2730,CYP,1979,8257.0
2731,CYP,1980,9011.0
2732,CYP,1981,9451.0
2733,CYP,1982,9631.0
2734,CYP,1983,10131.0
2735,CYP,1984,10544.0
2736,CYP,1985,11330.0
2737,CYP,1986,11725.0
2738,CYP,1987,12121.0
2739,CYP,1988,12792.0
2740,CYP,1989,13748.0
2741,CYP,1990,14712.0
2742,CYP,1991,15560.0
2743,CYP,1992,15417.124367832934
2744,CYP,1993,16570.39730741184
2745,CYP,1994,16439.239293047358
2746,CYP,1995,17210.986459556367
2747,CYP,1996,18751.486548501765
2748,CYP,1997,18875.288568756372
2749,CYP,1998,19264.787794686876
2750,CYP,1999,20212.73897509997
2751,CYP,2000,21147.525071642056
2752,CYP,2001,22326.798043224357
2753,CYP,2002,23095.73595406818
2754,CYP,2003,23828.073148758296
2755,CYP,2004,24347.07540799384
2756,CYP,2005,25355.24018404819
2757,CYP,2006,26164.20955007925
2758,CYP,2007,27142.01758224129
2759,CYP,2008,28109.996129331383
2760,CYP,2009,28736.97452004266
2761,CYP,2010,27735.032918020177
2762,CYP,2011,27630.1039230086
2763,CYP,2012,27272.0
2764,CYP,2013,25933.49468340088
2765,CYP,2014,24281.811791416196
2766,CYP,2015,24114.58618055048
2767,CYP,2016,25081.50298693859
2768,CYP,2017,26607.555421689172
2769,CYP,2018,27872.81269312518
2770,CYP,2019,29089.975508621013
2771,CYP,2020,30284.79481465153
2772,CYP,2021,28634.45661240419
2773,CYP,2022,30252.325663827
2794,CZE,1970,
2795,CZE,1971,8748.0
2796,CZE,1972,9177.0
2797,CZE,1973,9626.0
2798,CZE,1974,10026.0
2799,CZE,1975,10444.0
2800,CZE,1976,10954.0
2801,CZE,1977,11317.0
2802,CZE,1978,11634.0
2803,CZE,1979,12055.0
2804,CZE,1980,12164.0
2805,CZE,1981,12336.0
2806,CZE,1982,12306.0
2807,CZE,1983,12109.0
2808,CZE,1984,12301.0
2809,CZE,1985,12573.0
2810,CZE,1986,12855.0
2811,CZE,1987,13211.0
2812,CZE,1988,13514.0
2813,CZE,1989,13791.0
2814,CZE,1990,14027.0
2815,CZE,1991,14178.0
2816,CZE,1992,12724.540854498871
2817,CZE,1993,12810.43167060498
2818,CZE,1994,12974.197268474312
2819,CZE,1995,13517.581905253151
2820,CZE,1996,14550.104626676955
2821,CZE,1997,15386.320667717478
2822,CZE,1998,15494.316947697736
2823,CZE,1999,15657.425612746994
2824,CZE,2000,16102.507638253432
2825,CZE,2001,17056.159501864193
2826,CZE,2002,17868.567585214038
2827,CZE,2003,18431.027165920303
2828,CZE,2004,19344.090163967343
2829,CZE,2005,20555.035565163547
2830,CZE,2006,22128.580114997705
2831,CZE,2007,23888.163965408407
2832,CZE,2008,25382.80753138417
2833,CZE,2009,26186.045378781564
2834,CZE,2010,25093.862877004325
2835,CZE,2011,25922.394050569572
2836,CZE,2012,26725.0
2837,CZE,2013,26483.3804690022
2838,CZE,2014,26467.62843467866
2839,CZE,2015,27030.189743937062
2840,CZE,2016,28437.602968494743
2841,CZE,2017,29097.504379879432
2842,CZE,2018,30531.383574611275
2843,CZE,2019,31405.089152710418
2844,CZE,2020,32226.552410735894
2845,CZE,2021,30365.368243472636
2846,CZE,2022,31452.556354545497
2867,CZE,1970,10128.0
2868,CZE,1971,10307.0
2869,CZE,1972,10613.0
2870,CZE,1973,10932.0
2871,CZE,1974,11223.0
2872,CZE,1975,11545.0
2873,CZE,1976,11794.0
2874,CZE,1977,11893.0
2875,CZE,1978,12344.0
2876,CZE,1979,12411.0
2877,CZE,1980,12439.0
2878,CZE,1981,12723.0
2879,CZE,1982,12612.0
2880,CZE,1983,12824.0
2881,CZE,1984,12986.0
2882,CZE,1985,13260.0
2883,CZE,1986,13337.0
2884,CZE,1987,13560.0
2885,CZE,1988,13603.0
2886,CZE,1989,13882.0
2887,CZE,1990,13976.0
2888,CZE,1991,13570.0
2889,CZE,1992,11949.6328228259
2890,CZE,1993,11742.929170063038
2891,CZE,1994,11879.808529093503
2892,CZE,1995,12358.110958170912
2893,CZE,1996,13181.29157925007
2894,CZE,1997,13981.782808312792
2895,CZE,1998,14199.408214625422
2896,CZE,1999,14485.927828284492
2897,CZE,2000,14769.399758199044
2898,CZE,2001,15378.206427039782
2899,CZE,2002,15999.640381714526
2900,CZE,2003,16595.39877875658
2901,CZE,2004,17407.07385006951
2902,CZE,2005,18389.22767676436
2903,CZE,2006,19774.061178051128
2904,CZE,2007,21409.427615836157
2905,CZE,2008,23146.207496674164
2906,CZE,2009,24256.883223104054
2907,CZE,2010,23659.4751223026
2908,CZE,2011,24573.309484979825
2909,CZE,2012,25289.0
2910,CZE,2013,25211.404778609525
2911,CZE,2014,25237.068996737788
2912,CZE,2015,25808.53720840637
2913,CZE,2016,27144.948728160303
2914,CZE,2017,27732.625710087515
2915,CZE,2018,28926.491560149592
2916,CZE,2019,29842.957803433965
2917,CZE,2020,30607.314315875192
2918,CZE,2021,29043.44079961611
2919,CZE,2022,30071.37605739725
2940,CIV,1970,2737.0
2941,CIV,1971,2882.0
2942,CIV,1972,2874.0
2943,CIV,1973,2887.0
2944,CIV,1974,2974.0
2945,CIV,1975,2931.0
2946,CIV,1976,2812.0
2947,CIV,1977,3017.0
2948,CIV,1978,3033.0
2949,CIV,1979,3202.0
2950,CIV,1980,3139.0
2951,CIV,1981,3253.0
2952,CIV,1982,3242.0
2953,CIV,1983,3131.0
2954,CIV,1984,2901.0
2955,CIV,1985,2703.0
2956,CIV,1986,2735.0
2957,CIV,1987,2718.0
2958,CIV,1988,2579.0
2959,CIV,1989,2444.0
2960,CIV,1990,2343.0
2961,CIV,1991,2083.0
2962,CIV,1992,2036.2988172831845
2963,CIV,1993,2011.5693546476864
2964,CIV,1994,1983.2335614586175
2965,CIV,1995,1951.5408073289057
2966,CIV,1996,2035.1681626694372
2967,CIV,1997,2179.0357131070136
2968,CIV,1998,2288.8086332209255
2969,CIV,1999,2393.498952102205
2970,CIV,2000,2417.4575450712673
2971,CIV,2001,2352.8563380719256
2972,CIV,2002,2342.8275486775547
2973,CIV,2003,2298.45658483479
2974,CIV,2004,2263.092566697592
2975,CIV,2005,2280.7880489612885
2976,CIV,2006,2312.8426340106744
2977,CIV,2007,2343.9269394541516
2978,CIV,2008,2380.1153940089757
2979,CIV,2009,2435.270518395371
2980,CIV,2010,2508.822125761332
2981,CIV,2011,2555.0162890729384
2982,CIV,2012,2444.0
2983,CIV,2013,2648.7743754976227
2984,CIV,2014,2821.876227550647
2985,CIV,2015,2995.150119095287
2986,CIV,2016,3182.1076827529632
2987,CIV,2017,3328.979502708547
2988,CIV,2018,3450.2200128125105
2989,CIV,2019,3497.8928081418226
2990,CIV,2020,3703.087528638841
2991,CIV,2021,3682.135289488492
2992,CIV,2022,3853.162676998033
3013,PRK,1970,
3014,PRK,1971,
3015,PRK,1972,
3016,PRK,1973,
3017,PRK,1974,
3018,PRK,1975,
3019,PRK,1976,
3020,PRK,1977,
3021,PRK,1978,
3022,PRK,1979,
3023,PRK,1980,
3024,PRK,1981,
3025,PRK,1982,
3026,PRK,1983,
3027,PRK,1984,
3028,PRK,1985,
3029,PRK,1986,
3030,PRK,1987,
3031,PRK,1988,
3032,PRK,1989,
3033,PRK,1990,
3034,PRK,1991,2455.8185769482334
3035,PRK,1992,2315.958868695438
3036,PRK,1993,2120.546124627793
3037,PRK,1994,1996.293340475905
3038,PRK,1995,1925.956032988804
3039,PRK,1996,1816.0090099400352
3040,PRK,1997,1733.0995057492387
3041,PRK,1998,1604.8995267445302
3042,PRK,1999,1579.9309296418764
3043,PRK,2000,1664.6421502877936
3044,PRK,2001,1657.1444357722455
3045,PRK,2002,1704.3732616171671
3046,PRK,2003,1710.9495720157613
3047,PRK,2004,1729.6220787206848
3048,PRK,2005,1753.6919336925446
3049,PRK,2006,1808.0618257976384
3050,PRK,2007,1778.4956591552389
3051,PRK,2008,1746.9275624945565
3052,PRK,2009,1794.6573716776577
3053,PRK,2010,1768.889749799751
3054,PRK,2011,1751.4362816113617
3055,PRK,2012,1756.6108066887382
3056,PRK,2013,1770.920941542846
3057,PRK,2014,1781.3008453449445
3058,PRK,2015,1791.3436400976298
3059,PRK,2016,1762.5166753384246
3060,PRK,2017,1821.212087906053
3061,PRK,2018,1749.0595279869335
3062,PRK,2019,1668.5445737640475
3063,PRK,2020,1666.8143771736584
3064,PRK,2021,1584.377085405004
3065,PRK,2022,1577.132110470986
3086,D.R. of the Congo,1970,1262.0
3087,D.R. of the Congo,1971,1224.0
3088,D.R. of the Congo,1972,1267.0
3089,D.R. of the Congo,1973,1235.0
3090,D.R. of the Congo,1974,1305.0
3091,D.R. of the Congo,1975,1312.0
3092,D.R. of the Congo,1976,1213.0
3093,D.R. of the Congo,1977,1111.0
3094,D.R. of the Congo,1978,1086.0
3095,D.R. of the Congo,1979,993.0
3096,D.R. of the Congo,1980,961.0
3097,D.R. of the Congo,1981,953.0
3098,D.R. of the Congo,1982,950.0
3099,D.R. of the Congo,1983,920.0
3100,D.R. of the Congo,1984,909.0
3101,D.R. of the Congo,1985,932.0
3102,D.R. of the Congo,1986,909.0
3103,D.R. of the Congo,1987,923.0
3104,D.R. of the Congo,1988,918.0
3105,D.R. of the Congo,1989,894.0
3106,D.R. of the Congo,1990,861.0
3107,D.R. of the Congo,1991,813.0
3108,D.R. of the Congo,1992,737.9344900926812
3109,D.R. of the Congo,1993,656.6916511561989
3110,D.R. of the Congo,1994,563.7109310053497
3111,D.R. of the Congo,1995,525.3887174278694
3112,D.R. of the Congo,1996,531.9909214959218
3113,D.R. of the Congo,1997,523.8680620418716
3114,D.R. of the Congo,1998,489.6421647580353
3115,D.R. of the Congo,1999,472.9239644753315
3116,D.R. of the Congo,2000,452.004421422413
3117,D.R. of the Congo,2001,414.0469470480936
3118,D.R. of the Congo,2002,403.6018922541997
3119,D.R. of the Congo,2003,413.8252127354915
3120,D.R. of the Congo,2004,436.0284862543429
3121,D.R. of the Congo,2005,463.9969758388444
3122,D.R. of the Congo,2006,490.69049400743734
3123,D.R. of the Congo,2007,515.2583658529119
3124,D.R. of the Congo,2008,546.0367955120435
3125,D.R. of the Congo,2009,578.8487210830294
3126,D.R. of the Congo,2010,595.0160551219062
3127,D.R. of the Congo,2011,637.1298499052183
3128,D.R. of the Congo,2012,681.0
3129,D.R. of the Congo,2013,714.7896913111848
3130,D.R. of the Congo,2014,756.9059974877464
3131,D.R. of the Congo,2015,784.559309315362
3132,D.R. of the Congo,2016,806.7694664758218
3133,D.R. of the Congo,2017,783.0341445424827
3134,D.R. of the Congo,2018,785.1292812160233
3135,D.R. of the Congo,2019,796.8924394782723
3136,D.R. of the Congo,2020,806.479015430905
3137,D.R. of the Congo,2021,794.2714174432007
3138,D.R. of the Congo,2022,817.4322286830871
3159,DNK,1970,19974.0
3160,DNK,1971,20221.0
3161,DNK,1972,20617.0
3162,DNK,1973,21579.0
3163,DNK,1974,22228.0
3164,DNK,1975,21919.0
3165,DNK,1976,21712.0
3166,DNK,1977,23059.0
3167,DNK,1978,23360.0
3168,DNK,1979,23632.0
3169,DNK,1980,24409.0
3170,DNK,1981,24272.0
3171,DNK,1982,24063.0
3172,DNK,1983,24807.0
3173,DNK,1984,25450.0
3174,DNK,1985,26581.0
3175,DNK,1986,27710.0
3176,DNK,1987,28681.0
3177,DNK,1988,28728.0
3178,DNK,1989,29049.0
3179,DNK,1990,29108.0
3180,DNK,1991,29412.0
3181,DNK,1992,29915.44761677369
3182,DNK,1993,30573.57332150537
3183,DNK,1994,30649.53798738687
3184,DNK,1995,32359.29623614676
3185,DNK,1996,33356.14136557561
3186,DNK,1997,34325.4425056305
3187,DNK,1998,35499.063328550095
3188,DNK,1999,36361.22944713951
3189,DNK,2000,37523.42416941417
3190,DNK,2001,39021.177552135625
3191,DNK,2002,39425.86522315358
3192,DNK,2003,39709.369288746384
3193,DNK,2004,39983.14335353886
3194,DNK,2005,41178.562625217965
3195,DNK,2006,42264.63025038973
3196,DNK,2007,44025.4826886383
3197,DNK,2008,44481.46877196547
3198,DNK,2009,44246.39868820777
3199,DNK,2010,42090.17328831228
3200,DNK,2011,42932.39714496129
3201,DNK,2012,43575.0
3202,DNK,2013,43509.61238198567
3203,DNK,2014,43743.60932858168
3204,DNK,2015,44215.63376122426
3205,DNK,2016,44940.88767348832
3206,DNK,2017,46018.98340380225
3207,DNK,2018,47022.01152968533
3208,DNK,2019,47717.45861212463
3209,DNK,2020,48238.65786899667
3210,DNK,2021,47171.08707284589
3211,DNK,2022,49258.74965876333
3232,DJI,1970,4018.0
3233,DJI,1971,4774.0
3234,DJI,1972,4846.0
3235,DJI,1973,4787.0
3236,DJI,1974,4801.0
3237,DJI,1975,4414.0
3238,DJI,1976,4691.0
3239,DJI,1977,4878.0
3240,DJI,1978,4036.0
3241,DJI,1979,3419.0
3242,DJI,1980,3308.0
3243,DJI,1981,3167.0
3244,DJI,1982,3091.0
3245,DJI,1983,3043.0
3246,DJI,1984,2963.0
3247,DJI,1985,2944.0
3248,DJI,1986,2880.0
3249,DJI,1987,2743.0
3250,DJI,1988,2670.0
3251,DJI,1989,2652.0
3252,DJI,1990,2436.0
3253,DJI,1991,2308.0
3254,DJI,1992,2013.3426862406832
3255,DJI,1993,2141.6341353721896
3256,DJI,1994,2290.7846335490713
3257,DJI,1995,2175.3618733293793
3258,DJI,1996,2262.4287151931067
3259,DJI,1997,2081.9954648378903
3260,DJI,1998,2080.513413466037
3261,DJI,1999,1974.5656764721496
3262,DJI,2000,1930.5077921269688
3263,DJI,2001,1880.9987505422423
3264,DJI,2002,1845.6990820171227
3265,DJI,2003,1824.4550865003716
3266,DJI,2004,1945.665482683428
3267,DJI,2005,2097.1233787101582
3268,DJI,2006,2126.8051447305543
3269,DJI,2007,2342.219160584773
3270,DJI,2008,2396.018083066779
3271,DJI,2009,2463.444917893156
3272,DJI,2010,2521.5047154699196
3273,DJI,2011,2543.8732949978316
3274,DJI,2012,2590.0
3275,DJI,2013,2654.0
3276,DJI,2014,2724.0
3277,DJI,2015,2823.0
3278,DJI,2016,2941.0
3279,DJI,2017,3084.5424532242337
3280,DJI,2018,3197.9793568169052
3281,DJI,2019,3308.116995375578
3282,DJI,2020,3436.95012252388
3283,DJI,2021,3426.6960805341964
3284,DJI,2022,3541.5712415907765
3305,DMA,1970,1388.0
3306,DMA,1971,1492.0
3307,DMA,1972,1578.0
3308,DMA,1973,1674.0
3309,DMA,1974,1793.0
3310,DMA,1975,1894.0
3311,DMA,1976,1940.0
3312,DMA,1977,2066.0
3313,DMA,1978,2117.0
3314,DMA,1979,2365.0
3315,DMA,1980,1932.0
3316,DMA,1981,2219.0
3317,DMA,1982,2499.0
3318,DMA,1983,2592.0
3319,DMA,1984,2644.0
3320,DMA,1985,2802.0
3321,DMA,1986,2872.0
3322,DMA,1987,3107.0
3323,DMA,1988,3370.0
3324,DMA,1989,3687.0
3325,DMA,1990,3714.0
3326,DMA,1991,3939.0
3327,DMA,1992,4083.995970627622
3328,DMA,1993,4271.690132860365
3329,DMA,1994,4339.8169539814435
3330,DMA,1995,4459.365266500701
3331,DMA,1996,4606.733655494353
3332,DMA,1997,4894.841879438699
3333,DMA,1998,5170.80795096273
3334,DMA,1999,5462.697093719311
3335,DMA,2000,5584.023848597831
3336,DMA,2001,5696.955223607937
3337,DMA,2002,5799.816229107313
3338,DMA,2003,5771.374838417473
3339,DMA,2004,6321.955684692586
3340,DMA,2005,6602.70000484951
3341,DMA,2006,6697.5345115596
3342,DMA,2007,7133.781255069998
3343,DMA,2008,7698.773584910761
3344,DMA,2009,8454.062653751644
3345,DMA,2010,8511.85813036361
3346,DMA,2011,8768.4774130931
3347,DMA,2012,8944.0
3348,DMA,2013,8823.0
3349,DMA,2014,9145.0
3350,DMA,2015,9507.0
3351,DMA,2016,9319.0
3352,DMA,2017,9567.251383368406
3353,DMA,2018,8877.881429508374
3354,DMA,2019,9153.232417678071
3355,DMA,2020,9575.093023772615
3356,DMA,2021,7974.306806519906
3357,DMA,2022,8419.473004250714
3378,DOM,1970,2316.0
3379,DOM,1971,2488.0
3380,DOM,1972,2678.0
3381,DOM,1973,2928.0
3382,DOM,1974,3196.0
3383,DOM,1975,3295.0
3384,DOM,1976,3365.0
3385,DOM,1977,3504.0
3386,DOM,1978,3586.0
3387,DOM,1979,3583.0
3388,DOM,1980,3649.0
3389,DOM,1981,3781.0
3390,DOM,1982,3846.0
3391,DOM,1983,3826.0
3392,DOM,1984,3905.0
3393,DOM,1985,3830.0
3394,DOM,1986,3653.0
3395,DOM,1987,3682.0
3396,DOM,1988,3877.0
3397,DOM,1989,3821.0
3398,DOM,1990,4219.0
3399,DOM,1991,3939.0
3400,DOM,1992,3969.568673803786
3401,DOM,1993,4185.4059382209525
3402,DOM,1994,4490.016220777019
3403,DOM,1995,4597.150817602258
3404,DOM,1996,4851.628765525665
3405,DOM,1997,5198.566649164177
3406,DOM,1998,5616.889921651133
3407,DOM,1999,6012.692550266255
3408,DOM,2000,6419.781092878582
3409,DOM,2001,6788.0838992463005
3410,DOM,2002,6917.030381053836
3411,DOM,2003,7327.365957521444
3412,DOM,2004,7324.697348047655
3413,DOM,2005,7441.447629239874
3414,DOM,2006,8156.430953222604
3415,DOM,2007,9059.884425319084
3416,DOM,2008,9866.45803030943
3417,DOM,2009,10225.528842460606
3418,DOM,2010,10365.674874801924
3419,DOM,2011,11276.46081199416
3420,DOM,2012,11679.0
3421,DOM,2013,11854.365826170417
3422,DOM,2014,12290.1421456646
3423,DOM,2015,13011.521729436818
3424,DOM,2016,13765.118895315249
3425,DOM,2017,14530.099909490284
3426,DOM,2018,15053.832397607175
3427,DOM,2019,15944.744353560543
3428,DOM,2020,16587.236485078345
3429,DOM,2021,15325.654565559918
3430,DOM,2022,17046.64602563451
3451,ECU,1970,4366.0
3452,ECU,1971,4535.0
3453,ECU,1972,4658.0
3454,ECU,1973,4801.0
3455,ECU,1974,5244.0
3456,ECU,1975,5392.0
3457,ECU,1976,5514.0
3458,ECU,1977,5877.0
3459,ECU,1978,6073.0
3460,ECU,1979,6314.0
3461,ECU,1980,6472.0
3462,ECU,1981,6582.0
3463,ECU,1982,6664.0
3464,ECU,1983,6558.0
3465,ECU,1984,6252.0
3466,ECU,1985,6336.0
3467,ECU,1986,6433.0
3468,ECU,1987,6452.0
3469,ECU,1988,5893.0
3470,ECU,1989,6357.0
3471,ECU,1990,6207.0
3472,ECU,1991,6221.0
3473,ECU,1992,6513.33684307474
3474,ECU,1993,6715.474338995894
3475,ECU,1994,6770.178561599522
3476,ECU,1995,6940.090264709554
3477,ECU,1996,6985.15549349466
3478,ECU,1997,6993.643845856553
3479,ECU,1998,7181.100892942844
3480,ECU,1999,7307.1694453508735
3481,ECU,2000,6884.79262151431
3482,ECU,2001,6908.242975560693
3483,ECU,2002,7131.193975132238
3484,ECU,2003,7359.707232942879
3485,ECU,2004,7468.503537609323
3486,ECU,2005,7958.920703386422
3487,ECU,2006,8256.7776955984
3488,ECU,2007,8521.55980047244
3489,ECU,2008,8633.584399572856
3490,ECU,2009,9103.871687452474
3491,ECU,2010,9081.370487059394
3492,ECU,2011,9327.21276477354
3493,ECU,2012,9985.0
3494,ECU,2013,10398.947800827204
3495,ECU,2014,10761.350509926448
3496,ECU,2015,11016.16064670058
3497,ECU,2016,10878.765277324404
3498,ECU,2017,10603.805877018236
3499,ECU,2018,10715.150129738133
3500,ECU,2019,10716.90381207436
3501,ECU,2020,10586.936861661216
3502,ECU,2021,9646.065160433587
3503,ECU,2022,9937.6964730908
3524,EGY,1970,1914.0
3525,EGY,1971,1999.0
3526,EGY,1972,2045.0
3527,EGY,1973,2047.0
3528,EGY,1974,2063.0
3529,EGY,1975,2099.0
3530,EGY,1976,2265.0
3531,EGY,1977,2560.0
3532,EGY,1978,2817.0
3533,EGY,1979,2939.0
3534,EGY,1980,3076.0
3535,EGY,1981,3298.0
3536,EGY,1982,3309.0
3537,EGY,1983,3543.0
3538,EGY,1984,3701.0
3539,EGY,1985,3810.0
3540,EGY,1986,3939.0
3541,EGY,1987,3921.0
3542,EGY,1988,3929.0
3543,EGY,1989,4001.0
3544,EGY,1990,4030.0
3545,EGY,1991,4022.0
3546,EGY,1992,4180.132604072728
3547,EGY,1993,4338.953753212038
3548,EGY,1994,4542.632472525336
3549,EGY,1995,4746.588238758654
3550,EGY,1996,5001.066691482316
3551,EGY,1997,5293.100503977333
3552,EGY,1998,5594.597152884716
3553,EGY,1999,5884.8017830892995
3554,EGY,2000,6211.015802157991
3555,EGY,2001,6593.531793090701
3556,EGY,2002,6914.9367688433
3557,EGY,2003,7142.686391865963
3558,EGY,2004,7365.802725390693
3559,EGY,2005,7661.859858686246
3560,EGY,2006,8021.883480428561
3561,EGY,2007,8509.614357973966
3562,EGY,2008,9130.597908654292
3563,EGY,2009,9698.01663832814
3564,EGY,2010,10159.002193951934
3565,EGY,2011,10719.291292162376
3566,EGY,2012,10737.0
3567,EGY,2013,10774.529912485224
3568,EGY,2014,10871.144909874583
3569,EGY,2015,11135.727124261874
3570,EGY,2016,11312.847990951546
3571,EGY,2017,11458.447735785956
3572,EGY,2018,11545.593430310772
3573,EGY,2019,11895.311918349673
3574,EGY,2020,12300.201070600771
3575,EGY,2021,12234.503481702748
3576,EGY,2022,12868.26141909637
3597,SLV,1970,3520.0
3598,SLV,1971,3488.0
3599,SLV,1972,3553.0
3600,SLV,1973,3668.0
3601,SLV,1974,3767.0
3602,SLV,1975,3912.0
3603,SLV,1976,4030.0
3604,SLV,1977,4084.0
3605,SLV,1978,4221.0
3606,SLV,1979,4375.0
3607,SLV,1980,4194.0
3608,SLV,1981,3781.0
3609,SLV,1982,3507.0
3610,SLV,1983,3339.0
3611,SLV,1984,3330.0
3612,SLV,1985,3357.0
3613,SLV,1986,3366.0
3614,SLV,1987,3327.0
3615,SLV,1988,3351.0
3616,SLV,1989,3344.0
3617,SLV,1990,3322.0
3618,SLV,1991,3378.0
3619,SLV,1992,3493.5760993829613
3620,SLV,1993,3750.517218149534
3621,SLV,1994,4052.957777811832
3622,SLV,1995,4316.398047135765
3623,SLV,1996,4592.283572034612
3624,SLV,1997,4671.3390162401065
3625,SLV,1998,4882.680166858979
3626,SLV,1999,5077.892057876197
3627,SLV,2000,5263.886755364256
3628,SLV,2001,5403.714735813695
3629,SLV,2002,5550.186827886887
3630,SLV,2003,5751.060665261519
3631,SLV,2004,5957.201137600365
3632,SLV,2005,6145.979871833931
3633,SLV,2006,6441.495818668856
3634,SLV,2007,6782.2312136035125
3635,SLV,2008,7139.182139582173
3636,SLV,2009,7312.655835061748
3637,SLV,2010,7166.159194236818
3638,SLV,2011,7351.114557716724
3639,SLV,2012,7607.0
3640,SLV,2013,7726.0
3641,SLV,2014,7845.0
3642,SLV,2015,7935.0
3643,SLV,2016,8109.0
3644,SLV,2017,8289.273325022343
3645,SLV,2018,8454.199857591828
3646,SLV,2019,8644.790469756123
3647,SLV,2020,8849.833948588395
3648,SLV,2021,8137.974501038323
3649,SLV,2022,9017.391421748993
3670,GNQ,1970,2015.0
3671,GNQ,1971,1934.0
3672,GNQ,1972,1989.0
3673,GNQ,1973,2007.0
3674,GNQ,1974,2204.0
3675,GNQ,1975,2466.0
3676,GNQ,1976,3080.0
3677,GNQ,1977,3453.0
3678,GNQ,1978,3668.0
3679,GNQ,1979,3451.0
3680,GNQ,1980,2882.0
3681,GNQ,1981,2613.0
3682,GNQ,1982,2603.0
3683,GNQ,1983,2533.0
3684,GNQ,1984,2534.0
3685,GNQ,1985,2437.0
3686,GNQ,1986,2662.0
3687,GNQ,1987,2534.0
3688,GNQ,1988,2579.0
3689,GNQ,1989,2577.0
3690,GNQ,1990,2479.0
3691,GNQ,1991,2474.0
3692,GNQ,1992,2427.8802495120503
3693,GNQ,1993,2690.63309412509
3694,GNQ,1994,2880.2040081888463
3695,GNQ,1995,3081.152504204578
3696,GNQ,1996,3364.6325804428425
3697,GNQ,1997,4426.337826101144
3698,GNQ,1998,8445.644996727055
3699,GNQ,1999,9712.22621077315
3700,GNQ,2000,11690.135158536285
3701,GNQ,2001,12914.851292130696
3702,GNQ,2002,21167.74135396339
3703,GNQ,2003,24845.04222607092
3704,GNQ,2004,27571.15904360255
3705,GNQ,2005,33419.88579447368
3706,GNQ,2006,35569.70762362731
3707,GNQ,2007,36615.705703717555
3708,GNQ,2008,41277.75565366894
3709,GNQ,2009,47562.31952890182
3710,GNQ,2010,47161.28473806681
3711,GNQ,2011,42037.897403604875
3712,GNQ,2012,43841.0
3713,GNQ,2013,46255.0
3714,GNQ,2014,43209.0
3715,GNQ,2015,41907.0
3716,GNQ,2016,37822.0
3717,GNQ,2017,33206.63589743496
3718,GNQ,2018,30206.871657457876
3719,GNQ,2019,27353.844810174716
3720,GNQ,2020,25006.34078387603
3721,GNQ,2021,23300.297648989497
3722,GNQ,2022,22537.54059330532
3743,EST,1970,
3744,EST,1971,
3745,EST,1972,
3746,EST,1973,
3747,EST,1974,13799.0
3748,EST,1975,
3749,EST,1976,
3750,EST,1977,
3751,EST,1978,
3752,EST,1979,
3753,EST,1980,
3754,EST,1981,15044.0
3755,EST,1982,15478.0
3756,EST,1983,15927.0
3757,EST,1984,16361.0
3758,EST,1985,16660.0
3759,EST,1986,16541.0
3760,EST,1987,16866.0
3761,EST,1988,16898.0
3762,EST,1989,17661.0
3763,EST,1990,18779.0
3764,EST,1991,17247.0
3765,EST,1992,15350.6348703369
3766,EST,1993,13214.387635358004
3767,EST,1994,12207.18423909829
3768,EST,1995,12070.060563027124
3769,EST,1996,12881.278503808462
3770,EST,1997,13547.660907137322
3771,EST,1998,15074.7754666063
3772,EST,1999,15593.0050531936
3773,EST,2000,15335.106288821027
3774,EST,2001,16806.974619718145
3775,EST,2002,17696.610116415002
3776,EST,2003,18589.149478156774
3777,EST,2004,19771.742979817005
3778,EST,2005,20803.75759258693
3779,EST,2006,22518.54124166039
3780,EST,2007,24578.81620039129
3781,EST,2008,26177.871675225328
3782,EST,2009,24429.022210386796
3783,EST,2010,20538.04809037838
3784,EST,2011,20713.425563726647
3785,EST,2012,21997.0
3786,EST,2013,22784.30001021475
3787,EST,2014,23204.110748860647
3788,EST,2015,23982.82757600065
3789,EST,2016,24473.65989948074
3790,EST,2017,25196.153773217105
3791,EST,2018,26661.62675119852
3792,EST,2019,27596.41037351653
3793,EST,2020,28505.604119981013
3794,EST,2021,28261.582572042505
3795,EST,2022,30499.15705657188
3816,ETH,1970,917.0
3817,ETH,1971,948.0
3818,ETH,1972,968.0
3819,ETH,1973,995.0
3820,ETH,1974,1004.0
3821,ETH,1975,993.0
3822,ETH,1976,972.0
3823,ETH,1977,974.0
3824,ETH,1978,977.0
3825,ETH,1979,952.0
3826,ETH,1980,999.0
3827,ETH,1981,1033.0
3828,ETH,1982,1009.0
3829,ETH,1983,980.0
3830,ETH,1984,999.0
3831,ETH,1985,956.0
3832,ETH,1986,880.0
3833,ETH,1987,920.0
3834,ETH,1988,980.0
3835,ETH,1989,969.0
3836,ETH,1990,956.0
3837,ETH,1991,915.0
3838,ETH,1992,810.7901023841508
3839,ETH,1993,708.3693502681477
3840,ETH,1994,699.227263435479
3841,ETH,1995,731.7509294010663
3842,ETH,1996,744.1417588870834
3843,ETH,1997,782.9941471639609
3844,ETH,1998,815.1454566534962
3845,ETH,1999,786.2790024837228
3846,ETH,2000,761.9032748433058
3847,ETH,2001,771.7314860703663
3848,ETH,2002,783.8963906541608
3849,ETH,2003,793.9148975989551
3850,ETH,2004,764.5282753360359
3851,ETH,2005,771.4651960833974
3852,ETH,2006,829.2431992891461
3853,ETH,2007,880.6544436234008
3854,ETH,2008,936.3743524245542
3855,ETH,2009,989.9803876030172
3856,ETH,2010,1043.531853284843
3857,ETH,2011,1106.383085139077
3858,ETH,2012,1199.0
3859,ETH,2013,1291.776901119979
3860,ETH,2014,1385.157912455982
3861,ETH,2015,1488.9333469822898
3862,ETH,2016,1601.2637835740684
3863,ETH,2017,1722.3091963076836
3864,ETH,2018,1840.3696721833744
3865,ETH,2019,1936.8275667246005
3866,ETH,2020,2030.6775319000071
3867,ETH,2021,2121.8590445605028
3868,ETH,2022,2190.675179037729
3889,FIN,1970,14151.0
3890,FIN,1971,15266.0
3891,FIN,1972,15565.0
3892,FIN,1973,16654.0
3893,FIN,1974,17669.0
3894,FIN,1975,18109.0
3895,FIN,1976,18237.0
3896,FIN,1977,18104.0
3897,FIN,1978,18100.0
3898,FIN,1979,18425.0
3899,FIN,1980,19657.0
3900,FIN,1981,20640.0
3901,FIN,1982,20935.0
3902,FIN,1983,21495.0
3903,FIN,1984,21944.0
3904,FIN,1985,22486.0
3905,FIN,1986,23148.0
3906,FIN,1987,23621.0
3907,FIN,1988,24519.0
3908,FIN,1989,25644.0
3909,FIN,1990,27012.0
3910,FIN,1991,26884.0
3911,FIN,1992,25174.89903403125
3912,FIN,1993,24219.760625310748
3913,FIN,1994,23943.74494354966
3914,FIN,1995,24797.65941273949
3915,FIN,1996,25761.624219563422
3916,FIN,1997,26637.265654373976
3917,FIN,1998,28239.874533728987
3918,FIN,1999,29715.34143018029
3919,FIN,2000,30986.88831647531
3920,FIN,2001,32689.768891566226
3921,FIN,2002,33481.67865983225
3922,FIN,2003,33986.554080491376
3923,FIN,2004,34607.219326032944
3924,FIN,2005,35888.61319340034
3925,FIN,2006,36787.25740946176
3926,FIN,2007,38160.70259066114
3927,FIN,2008,39998.52538605329
3928,FIN,2009,40129.653338281205
3929,FIN,2010,36662.61331080379
3930,FIN,2011,37615.11338414859
3931,FIN,2012,38432.0
3932,FIN,2013,37715.01099099154
3933,FIN,2014,37203.14501381203
3934,FIN,2015,36907.92240943773
3935,FIN,2016,36986.69846443775
3936,FIN,2017,37924.151065413025
3937,FIN,2018,39043.19293181558
3938,FIN,2019,39430.90682442678
3939,FIN,2020,39874.802181849154
3940,FIN,2021,38871.701847820725
3941,FIN,2022,39977.85488818355
3962,Former USSR,1970,8329.0
3963,Former USSR,1971,8886.0
3964,Former USSR,1972,9033.0
3965,Former USSR,1973,8995.0
3966,Former USSR,1974,9658.0
3967,Former USSR,1975,9844.0
3968,Former USSR,1976,9779.0
3969,Former USSR,1977,10143.0
3970,Former USSR,1978,10288.0
3971,Former USSR,1979,10455.0
3972,Former USSR,1980,10316.0
3973,Former USSR,1981,10245.0
3974,Former USSR,1982,10254.0
3975,Former USSR,1983,10418.0
3976,Former USSR,1984,10659.0
3977,Former USSR,1985,10694.0
3978,Former USSR,1986,10692.0
3979,Former USSR,1987,11035.0
3980,Former USSR,1988,11081.0
3981,Former USSR,1989,11226.0
3982,Former USSR,1990,11336.0
3983,Former USSR,1991,10989.0
3984,Former USSR,1992,10388.253152316058
3985,Former USSR,1993,8977.548232605532
3986,Former USSR,1994,8199.730361978818
3987,Former USSR,1995,7166.393754026559
3988,Former USSR,1996,6887.729814186356
3989,Former USSR,1997,6786.941834625831
3990,Former USSR,1998,7031.8301345656255
3991,Former USSR,1999,6975.523697988598
3992,Former USSR,2000,7419.675732420548
3993,Former USSR,2001,8193.515775879474
3994,Former USSR,2002,8850.158787739676
3995,Former USSR,2003,9487.504522283189
3996,Former USSR,2004,10390.942317860005
3997,Former USSR,2005,11428.941184750842
3998,Former USSR,2006,12426.28070519227
3999,Former USSR,2007,13749.922270102574
4000,Former USSR,2008,15215.92451495476
4001,Former USSR,2009,16226.696923868894
4002,Former USSR,2010,15416.604522798412
4003,Former USSR,2011,16344.52314185233
4004,Former USSR,2012,17391.0
4005,Former USSR,2013,17984.63955764927
4006,Former USSR,2014,18324.27042751271
4007,Former USSR,2015,18281.468740971137
4008,Former USSR,2016,17920.439790863307
4009,Former USSR,2017,17987.48396571879
4010,Former USSR,2018,18368.7157506612
4011,Former USSR,2019,18906.76139034202
4012,Former USSR,2020,19369.4286693932
4013,Former USSR,2021,18851.242339041684
4014,Former USSR,2022,19871.10178166326
4035,Former Yugoslavia,1970,6001.0
4036,Former Yugoslavia,1971,6288.0
4037,Former Yugoslavia,1972,6730.0
4038,Former Yugoslavia,1973,6948.0
4039,Former Yugoslavia,1974,7226.0
4040,Former Yugoslavia,1975,7767.0
4041,Former Yugoslavia,1976,7976.0
4042,Former Yugoslavia,1977,8207.0
4043,Former Yugoslavia,1978,8780.0
4044,Former Yugoslavia,1979,9283.0
4045,Former Yugoslavia,1980,9873.0
4046,Former Yugoslavia,1981,10037.0
4047,Former Yugoslavia,1982,10106.0
4048,Former Yugoslavia,1983,10080.0
4049,Former Yugoslavia,1984,9907.0
4050,Former Yugoslavia,1985,10029.0
4051,Former Yugoslavia,1986,10009.0
4052,Former Yugoslavia,1987,10299.0
4053,Former Yugoslavia,1988,10119.0
4054,Former Yugoslavia,1989,9884.0
4055,Former Yugoslavia,1990,9887.0
4056,Former Yugoslavia,1991,9000.0
4057,Former Yugoslavia,1992,7867.9598388173745
4058,Former Yugoslavia,1993,6506.901941521455
4059,Former Yugoslavia,1994,5552.536993505627
4060,Former Yugoslavia,1995,5851.690742181291
4061,Former Yugoslavia,1996,6285.908546823549
4062,Former Yugoslavia,1997,6938.206765048188
4063,Former Yugoslavia,1998,7697.678649667557
4064,Former Yugoslavia,1999,8152.8538890536865
4065,Former Yugoslavia,2000,8035.61179862598
4066,Former Yugoslavia,2001,8472.589152917037
4067,Former Yugoslavia,2002,8827.675459763366
4068,Former Yugoslavia,2003,9266.389589670263
4069,Former Yugoslavia,2004,9686.030682864664
4070,Former Yugoslavia,2005,10317.228942692149
4071,Former Yugoslavia,2006,10881.867263282466
4072,Former Yugoslavia,2007,11598.9793154583
4073,Former Yugoslavia,2008,12461.669708266078
4074,Former Yugoslavia,2009,13125.143353293388
4075,Former Yugoslavia,2010,14028.419546965251
4076,Former Yugoslavia,2011,14250.789453253348
4077,Former Yugoslavia,2012,14540.0
4078,Former Yugoslavia,2013,14331.0
4079,Former Yugoslavia,2014,14500.0
4080,Former Yugoslavia,2015,14627.0
4081,Former Yugoslavia,2016,14971.0
4082,Former Yugoslavia,2017,15537.365721397526
4083,Former Yugoslavia,2018,16128.635112929163
4084,Former Yugoslavia,2019,16824.553738923572
4085,Former Yugoslavia,2020,17524.21218322897
4086,Former Yugoslavia,2021,16757.93855234225
4087,Former Yugoslavia,2022,18491.68177352843
4108,FRA,1970,17352.0
4109,FRA,1971,18187.0
4110,FRA,1972,18881.0
4111,FRA,1973,19549.0
4112,FRA,1974,20441.0
4113,FRA,1975,20902.0
4114,FRA,1976,20653.0
4115,FRA,1977,21465.0
4116,FRA,1978,22177.0
4117,FRA,1979,22698.0
4118,FRA,1980,23326.0
4119,FRA,1981,23537.0
4120,FRA,1982,23655.0
4121,FRA,1983,24120.0
4122,FRA,1984,24300.0
4123,FRA,1985,24519.0
4124,FRA,1986,24755.0
4125,FRA,1987,25238.0
4126,FRA,1988,25756.0
4127,FRA,1989,26763.0
4128,FRA,1990,27576.0
4129,FRA,1991,28129.0
4130,FRA,1992,28294.26379228097
4131,FRA,1993,28619.804052963773
4132,FRA,1994,28336.160318360813
4133,FRA,1995,28907.977358135435
4134,FRA,1996,29418.864086617075
4135,FRA,1997,29736.64477865526
4136,FRA,1998,30341.805869105512
4137,FRA,1999,31323.077638975665
4138,FRA,2000,32284.61162213565
4139,FRA,2001,33409.68148293087
4140,FRA,2002,33920.097406561574
4141,FRA,2003,34152.77445600494
4142,FRA,2004,34292.030131448904
4143,FRA,2005,35093.824134976705
4144,FRA,2006,35495.46472917733
4145,FRA,2007,36166.15968100972
4146,FRA,2008,36845.68508689428
4147,FRA,2009,36761.792064608555
4148,FRA,2010,35534.92715160096
4149,FRA,2011,36086.726618151486
4150,FRA,2012,36691.0
4151,FRA,2013,36625.926898328944
4152,FRA,2014,36647.2178013021
4153,FRA,2015,36818.53947084249
4154,FRA,2016,37077.88969561081
4155,FRA,2017,37343.840237178665
4156,FRA,2018,38037.33518797257
4157,FRA,2019,38555.46543208852
4158,FRA,2020,39084.65542048323
4159,FRA,2021,35913.81936941929
4160,FRA,2022,38242.13474775759
4181,GAB,1970,5252.0
4182,GAB,1971,5587.0
4183,GAB,1972,6027.0
4184,GAB,1973,6559.0
4185,GAB,1974,6935.0
4186,GAB,1975,9083.0
4187,GAB,1976,9985.0
4188,GAB,1977,12747.0
4189,GAB,1978,10849.0
4190,GAB,1979,8013.0
4191,GAB,1980,8091.0
4192,GAB,1981,8402.0
4193,GAB,1982,8625.0
4194,GAB,1983,8099.0
4195,GAB,1984,8281.0
4196,GAB,1985,8612.0
4197,GAB,1986,8131.0
4198,GAB,1987,7818.0
4199,GAB,1988,6320.0
4200,GAB,1989,6982.0
4201,GAB,1990,7422.0
4202,GAB,1991,7646.0
4203,GAB,1992,8296.57394557838
4204,GAB,1993,8194.49945140058
4205,GAB,1994,8551.058722616317
4206,GAB,1995,9192.562985022798
4207,GAB,1996,9833.989038864813
4208,GAB,1997,10389.209794751405
4209,GAB,1998,11202.838782070135
4210,GAB,1999,11758.160121036552
4211,GAB,2000,10648.08948927691
4212,GAB,2001,10637.7997208308
4213,GAB,2002,11104.553042695374
4214,GAB,2003,11141.462673616905
4215,GAB,2004,11665.83226434033
4216,GAB,2005,12022.507183126563
4217,GAB,2006,12437.959684036836
4218,GAB,2007,12342.77933006674
4219,GAB,2008,13455.612483816918
4220,GAB,2009,13330.254768915607
4221,GAB,2010,13617.896101733826
4222,GAB,2011,14926.69964035508
4223,GAB,2012,16403.0
4224,GAB,2013,16682.30789929275
4225,GAB,2014,16964.44609774818
4226,GAB,2015,17098.142681877256
4227,GAB,2016,17179.999279600695
4228,GAB,2017,16995.237847239205
4229,GAB,2018,16576.176036350756
4230,GAB,2019,16253.897340665051
4231,GAB,2020,16449.71435497889
4232,GAB,2021,15745.748639609885
4233,GAB,2022,15597.771065444129
4254,GMB,1970,1629.0
4255,GMB,1971,1422.0
4256,GMB,1972,1376.0
4257,GMB,1973,1334.0
4258,GMB,1974,1411.0
4259,GMB,1975,1452.0
4260,GMB,1976,1497.0
4261,GMB,1977,1436.0
4262,GMB,1978,1417.0
4263,GMB,1979,1446.0
4264,GMB,1980,1360.0
4265,GMB,1981,1325.0
4266,GMB,1982,1521.0
4267,GMB,1983,1581.0
4268,GMB,1984,1482.0
4269,GMB,1985,1462.0
4270,GMB,1986,1451.0
4271,GMB,1987,1422.0
4272,GMB,1988,1406.0
4273,GMB,1989,1417.0
4274,GMB,1990,1407.0
4275,GMB,1991,1400.0
4276,GMB,1992,1390.7049751233394
4277,GMB,1993,1391.4054544916785
4278,GMB,1994,1385.590811150798
4279,GMB,1995,1345.0349874728968
4280,GMB,1996,1317.242495730154
4281,GMB,1997,1336.8473241266922
4282,GMB,1998,1308.4866719431436
4283,GMB,1999,1324.9244963565134
4284,GMB,2000,1385.6317768709796
4285,GMB,2001,1440.8619216741895
4286,GMB,2002,1495.0918361570011
4287,GMB,2003,1473.400674350363
4288,GMB,2004,1478.9562284600831
4289,GMB,2005,1585.7992199155708
4290,GMB,2006,1541.6115978708276
4291,GMB,2007,1530.6844003257577
4292,GMB,2008,1557.8473660349152
4293,GMB,2009,1618.444482445715
4294,GMB,2010,1692.6423491144506
4295,GMB,2011,1772.7268528838883
4296,GMB,2012,1669.0
4297,GMB,2013,1725.0
4298,GMB,2014,1767.0
4299,GMB,2015,1743.0
4300,GMB,2016,1786.0
4301,GMB,2017,1770.36448958669
4302,GMB,2018,1805.88121666396
4303,GMB,2019,1886.053205208154
4304,GMB,2020,1952.3260558544305
4305,GMB,2021,1914.1968567045412
4306,GMB,2022,1964.493669936666
4327,GEO,1970,
4328,GEO,1971,
4329,GEO,1972,
4330,GEO,1973,
4331,GEO,1974,9456.0
4332,GEO,1975,
4333,GEO,1976,
4334,GEO,1977,
4335,GEO,1978,
4336,GEO,1979,
4337,GEO,1980,
4338,GEO,1981,10519.0
4339,GEO,1982,11053.0
4340,GEO,1983,11611.0
4341,GEO,1984,12234.0
4342,GEO,1985,13128.0
4343,GEO,1986,13868.0
4344,GEO,1987,13839.0
4345,GEO,1988,13707.0
4346,GEO,1989,14665.0
4347,GEO,1990,14161.0
4348,GEO,1991,12140.0
4349,GEO,1992,9535.050580849726
4350,GEO,1993,5286.924817015394
4351,GEO,1994,3792.617678132747
4352,GEO,1995,3463.476082884932
4353,GEO,1996,3610.840758213279
4354,GEO,1997,4030.884662956275
4355,GEO,1998,4480.8978596311945
4356,GEO,1999,4619.90479030964
4357,GEO,2000,4763.350556595302
4358,GEO,2001,4891.664053707681
4359,GEO,2002,5125.127370325453
4360,GEO,2003,5406.953326799791
4361,GEO,2004,6013.009152625263
4362,GEO,2005,6342.7081698624315
4363,GEO,2006,6849.7890467790885
4364,GEO,2007,7398.052642396951
4365,GEO,2008,8300.143880428972
4366,GEO,2009,8461.91734250787
4367,GEO,2010,8062.083786226312
4368,GEO,2011,8443.4360888918
4369,GEO,2012,8946.0
4370,GEO,2013,9497.121233192604
4371,GEO,2014,9856.67887601039
4372,GEO,2015,10307.60308643207
4373,GEO,2016,10629.593978290002
4374,GEO,2017,10945.465518138995
4375,GEO,2018,11479.42531534166
4376,GEO,2019,12035.715188215598
4377,GEO,2020,12631.663683427929
4378,GEO,2021,11770.782278923916
4379,GEO,2022,12994.772421799053
4400,DEU,1970,16641.0
4401,DEU,1971,17277.0
4402,DEU,1972,17657.0
4403,DEU,1973,18301.0
4404,DEU,1974,19074.0
4405,DEU,1975,19228.0
4406,DEU,1976,19193.0
4407,DEU,1977,20218.0
4408,DEU,1978,20837.0
4409,DEU,1979,21447.0
4410,DEU,1980,22305.0
4411,DEU,1981,22497.0
4412,DEU,1982,22553.0
4413,DEU,1983,22380.0
4414,DEU,1984,22840.0
4415,DEU,1985,23564.0
4416,DEU,1986,24133.0
4417,DEU,1987,24657.0
4418,DEU,1988,25027.0
4419,DEU,1989,25759.0
4420,DEU,1990,26393.0
4421,DEU,1991,25391.0
4422,DEU,1992,26769.960305852994
4423,DEU,1993,27385.055559779423
4424,DEU,1994,27250.70055747773
4425,DEU,1995,28140.05587535537
4426,DEU,1996,28868.946166083264
4427,DEU,1997,29349.982835455772
4428,DEU,1998,30186.94444075555
4429,DEU,1999,31129.584397656625
4430,DEU,2000,32087.603958850836
4431,DEU,2001,33367.28380906572
4432,DEU,2002,34260.28763277704
4433,DEU,2003,34590.93016148603
4434,DEU,2004,34716.44054621595
4435,DEU,2005,35528.713472379015
4436,DEU,2006,36205.57498422705
4437,DEU,2007,38014.13685310267
4438,DEU,2008,39752.20673719779
4439,DEU,2009,40715.43417294671
4440,DEU,2010,38962.93870266321
4441,DEU,2011,41109.581818875464
4442,DEU,2012,43189.0
4443,DEU,2013,43288.31991990925
4444,DEU,2014,43359.13650623272
4445,DEU,2015,44132.75624401914
4446,DEU,2016,44405.1667158815
4447,DEU,2017,45030.46826166678
4448,DEU,2018,46065.10011064793
4449,DEU,2019,46377.39085284696
4450,DEU,2020,46761.9460555775
4451,DEU,2021,44996.4296207847
4452,DEU,2022,46159.05188091431
4473,GHA,1970,2112.0
4474,GHA,1971,2270.0
4475,GHA,1972,2377.0
4476,GHA,1973,2235.0
4477,GHA,1974,2227.0
4478,GHA,1975,2319.0
4479,GHA,1976,1988.0
4480,GHA,1977,1878.0
4481,GHA,1978,1882.0
4482,GHA,1979,2008.0
4483,GHA,1980,1929.0
4484,GHA,1981,1844.0
4485,GHA,1982,1820.0
4486,GHA,1983,1661.0
4487,GHA,1984,1487.0
4488,GHA,1985,1530.0
4489,GHA,1986,1559.0
4490,GHA,1987,1575.0
4491,GHA,1988,1605.0
4492,GHA,1989,1648.0
4493,GHA,1990,1685.0
4494,GHA,1991,1693.0
4495,GHA,1992,1742.627555797661
4496,GHA,1993,1771.6003862853463
4497,GHA,1994,1791.112655265993
4498,GHA,1995,1813.6117444642
4499,GHA,1996,1856.5727820195764
4500,GHA,1997,1907.9348395859256
4501,GHA,1998,1964.9124281809677
4502,GHA,1999,2017.989552947675
4503,GHA,2000,2066.7412019192193
4504,GHA,2001,2100.293070545185
4505,GHA,2002,2143.1062392256526
4506,GHA,2003,2192.020266142103
4507,GHA,2004,2256.8172967289725
4508,GHA,2005,2329.515674312796
4509,GHA,2006,2411.287649073024
4510,GHA,2007,2503.957697065865
4511,GHA,2008,2553.1658623989833
4512,GHA,2009,2725.7884260838214
4513,GHA,2010,2793.8709448780382
4514,GHA,2011,2946.039343235952
4515,GHA,2012,3283.0
4516,GHA,2013,3467.104258740002
4517,GHA,2014,3621.6009278249753
4518,GHA,2015,3627.8382692928258
4519,GHA,2016,3610.645967199496
4520,GHA,2017,3640.7790248286738
4521,GHA,2018,3841.879560638968
4522,GHA,2019,3983.121633590813
4523,GHA,2020,4143.3772788327215
4524,GHA,2021,4069.2519024115472
4525,GHA,2022,4190.578296752464
4546,GRC,1970,9191.0
4547,GRC,1971,9900.0
4548,GRC,1972,10559.0
4549,GRC,1973,11795.0
4550,GRC,1974,12202.0
4551,GRC,1975,11716.0
4552,GRC,1976,12309.0
4553,GRC,1977,12919.0
4554,GRC,1978,13158.0
4555,GRC,1979,13860.0
4556,GRC,1980,14193.0
4557,GRC,1981,14300.0
4558,GRC,1982,14180.0
4559,GRC,1983,14153.0
4560,GRC,1984,14132.0
4561,GRC,1985,14453.0
4562,GRC,1986,14850.0
4563,GRC,1987,15047.0
4564,GRC,1988,14944.0
4565,GRC,1989,15596.0
4566,GRC,1990,16117.0
4567,GRC,1991,15964.0
4568,GRC,1992,16409.689413848526
4569,GRC,1993,16545.963766056062
4570,GRC,1994,16331.314704388997
4571,GRC,1995,16724.28805618853
4572,GRC,1996,17148.197198638813
4573,GRC,1997,17719.55738038829
4574,GRC,1998,18588.295487953197
4575,GRC,1999,19378.709926951826
4576,GRC,2000,20076.559375082434
4577,GRC,2001,20965.331806698097
4578,GRC,2002,21913.79768092266
4579,GRC,2003,22893.95911786512
4580,GRC,2004,24380.066327361783
4581,GRC,2005,25780.385093078436
4582,GRC,2006,26091.52417194299
4583,GRC,2007,27731.110923369015
4584,GRC,2008,28822.915641555985
4585,GRC,2009,28907.92502567267
4586,GRC,2010,27839.897516969475
4587,GRC,2011,26517.46507965097
4588,GRC,2012,24349.0
4589,GRC,2013,22746.20629506483
4590,GRC,2014,22335.270364176395
4591,GRC,2015,22591.596909369513
4592,GRC,2016,22696.20229940344
4593,GRC,2017,22679.809820485447
4594,GRC,2018,22972.88961602084
4595,GRC,2019,23403.612065299098
4596,GRC,2020,23869.792849390768
4597,GRC,2021,21767.220165271887
4598,GRC,2022,23732.20107260401
4619,GTM,1970,4497.0
4620,GTM,1971,4653.0
4621,GTM,1972,4801.0
4622,GTM,1973,5037.0
4623,GTM,1974,5255.0
4624,GTM,1975,5461.0
4625,GTM,1976,5439.0
4626,GTM,1977,5705.0
4627,GTM,1978,6005.0
4628,GTM,1979,6156.0
4629,GTM,1980,6298.0
4630,GTM,1981,6384.0
4631,GTM,1982,6256.0
4632,GTM,1983,5903.0
4633,GTM,1984,5585.0
4634,GTM,1985,5469.0
4635,GTM,1986,5292.0
4636,GTM,1987,5136.0
4637,GTM,1988,5098.0
4638,GTM,1989,5086.0
4639,GTM,1990,5144.0
4640,GTM,1991,5165.0
4641,GTM,1992,5166.549866012667
4642,GTM,1993,5303.598547425432
4643,GTM,1994,5382.978712103502
4644,GTM,1995,5414.541153569243
4645,GTM,1996,5501.042226782372
4646,GTM,1997,5511.904705680813
4647,GTM,1998,5601.207505205031
4648,GTM,1999,5730.645753626605
4649,GTM,2000,5824.883284869329
4650,GTM,2001,5860.271852571701
4651,GTM,2002,5882.7197059354185
4652,GTM,2003,5980.242007724151
4653,GTM,2004,6004.144673120455
4654,GTM,2005,6070.1942309616525
4655,GTM,2006,6130.482337567918
4656,GTM,2007,6305.818591459861
4657,GTM,2008,6545.752353261084
4658,GTM,2009,6604.682423043075
4659,GTM,2010,6488.646238166217
4660,GTM,2011,6526.457569591022
4661,GTM,2012,6650.0
4662,GTM,2013,6718.332239117085
4663,GTM,2014,6813.411605682604
4664,GTM,2015,6978.10584290415
4665,GTM,2016,7126.992528560714
4666,GTM,2017,7186.659993070903
4667,GTM,2018,7279.739953937346
4668,GTM,2019,7399.198034153791
4669,GTM,2020,7565.846022916714
4670,GTM,2021,7309.368193308424
4671,GTM,2022,7764.696116345891
4692,GIN,1970,784.0
4693,GIN,1971,795.0
4694,GIN,1972,822.0
4695,GIN,1973,826.0
4696,GIN,1974,821.0
4697,GIN,1975,848.0
4698,GIN,1976,854.0
4699,GIN,1977,905.0
4700,GIN,1978,858.0
4701,GIN,1979,897.0
4702,GIN,1980,869.0
4703,GIN,1981,872.0
4704,GIN,1982,859.0
4705,GIN,1983,858.0
4706,GIN,1984,850.0
4707,GIN,1985,824.0
4708,GIN,1986,821.0
4709,GIN,1987,819.0
4710,GIN,1988,826.0
4711,GIN,1989,856.0
4712,GIN,1990,869.0
4713,GIN,1991,861.0
4714,GIN,1992,827.006899123684
4715,GIN,1993,833.2267623324658
4716,GIN,1994,862.7312853610053
4717,GIN,1995,882.4944267995689
4718,GIN,1996,906.2643896713406
4719,GIN,1997,927.12947969862
4720,GIN,1998,976.4966259571524
4721,GIN,1999,1010.791902631536
4722,GIN,2000,1031.382545338989
4723,GIN,2001,1046.567062726806
4724,GIN,2002,1090.6519969179155
4725,GIN,2003,1148.5446784790645
4726,GIN,2004,1146.3352913076974
4727,GIN,2005,1159.8250346752704
4728,GIN,2006,1186.6047934322464
4729,GIN,2007,1188.484575919068
4730,GIN,2008,1253.4077187176183
4731,GIN,2009,1290.4037004352026
4732,GIN,2010,1255.2418552976146
4733,GIN,2011,1291.69622840926
4734,GIN,2012,1347.0
4735,GIN,2013,1397.0
4736,GIN,2014,1421.0
4737,GIN,2015,1399.0
4738,GIN,2016,1364.0
4739,GIN,2017,1472.9530188948288
4740,GIN,2018,1583.5482417882856
4741,GIN,2019,1642.1047920266644
4742,GIN,2020,1690.8837251385637
4743,GIN,2021,1726.50825466548
4744,GIN,2022,1769.8623247193907
4765,GNB,1970,1333.0
4766,GNB,1971,1395.0
4767,GNB,1972,1333.0
4768,GNB,1973,1412.0
4769,GNB,1974,1411.0
4770,GNB,1975,1458.0
4771,GNB,1976,1479.0
4772,GNB,1977,1443.0
4773,GNB,1978,1317.0
4774,GNB,1979,1465.0
4775,GNB,1980,1468.0
4776,GNB,1981,1207.0
4777,GNB,1982,1173.0
4778,GNB,1983,1195.0
4779,GNB,1984,1129.0
4780,GNB,1985,1162.0
4781,GNB,1986,1184.0
4782,GNB,1987,1146.0
4783,GNB,1988,1183.0
4784,GNB,1989,1235.0
4785,GNB,1990,1259.0
4786,GNB,1991,1270.0
4787,GNB,1992,1282.7287925732994
4788,GNB,1993,1287.276478237637
4789,GNB,1994,1280.3420316640393
4790,GNB,1995,1284.9269702677093
4791,GNB,1996,1310.1873248410675
4792,GNB,1997,1337.4675813593324
4793,GNB,1998,1388.1026857943027
4794,GNB,1999,1130.8126857095724
4795,GNB,2000,1256.082491687944
4796,GNB,2001,1230.6406294399242
4797,GNB,2002,1233.0719850069206
4798,GNB,2003,1196.2325065611392
4799,GNB,2004,1181.94349571599
4800,GNB,2005,1194.6707917770177
4801,GNB,2006,1226.5608858641476
4802,GNB,2007,1233.8132378735418
4803,GNB,2008,1252.573945375853
4804,GNB,2009,1270.7227556518212
4805,GNB,2010,1292.0292935725613
4806,GNB,2011,1329.3724093189558
4807,GNB,2012,1413.0
4808,GNB,2013,1361.0
4809,GNB,2014,1378.0
4810,GNB,2015,1355.0
4811,GNB,2016,1393.0
4812,GNB,2017,1443.4240208380827
4813,GNB,2018,1492.0391837283307
4814,GNB,2019,1511.8668326852385
4815,GNB,2020,1543.4176040184277
4816,GNB,2021,1531.309512560488
4817,GNB,2022,1593.8185780472504
4838,HTI,1970,1527.0
4839,HTI,1971,1567.0
4840,HTI,1972,1651.0
4841,HTI,1973,1635.0
4842,HTI,1974,1678.0
4843,HTI,1975,1742.0
4844,HTI,1976,1726.0
4845,HTI,1977,1835.0
4846,HTI,1978,1808.0
4847,HTI,1979,1859.0
4848,HTI,1980,1959.0
4849,HTI,1981,2063.0
4850,HTI,1982,1964.0
4851,HTI,1983,1855.0
4852,HTI,1984,1835.0
4853,HTI,1985,1803.0
4854,HTI,1986,1776.0
4855,HTI,1987,1729.0
4856,HTI,1988,1682.0
4857,HTI,1989,1701.0
4858,HTI,1990,1619.0
4859,HTI,1991,1602.0
4860,HTI,1992,1628.7187828396118
4861,HTI,1993,1535.970673148007
4862,HTI,1994,1443.1808409183943
4863,HTI,1995,1262.337056938873
4864,HTI,1996,1378.5416903588186
4865,HTI,1997,1426.4125543445498
4866,HTI,1998,1456.233862680955
4867,HTI,1999,1480.5769214979248
4868,HTI,2000,1513.3318271761614
4869,HTI,2001,1520.7292353637615
4870,HTI,2002,1501.1024655367005
4871,HTI,2003,1494.183677303327
4872,HTI,2004,1495.8921279730891
4873,HTI,2005,1439.2076587890158
4874,HTI,2006,1461.800049352979
4875,HTI,2007,1493.0381883452285
4876,HTI,2008,1541.7674392197964
4877,HTI,2009,1555.4931929743498
4878,HTI,2010,1604.112720904786
4879,HTI,2011,1556.550433341304
4880,HTI,2012,1648.0
4881,HTI,2013,1674.0
4882,HTI,2014,1722.0
4883,HTI,2015,1749.0
4884,HTI,2016,1742.0
4885,HTI,2017,1748.726927372147
4886,HTI,2018,1767.9230045060708
4887,HTI,2019,1773.109548514298
4888,HTI,2020,1719.4462228532534
4889,HTI,2021,1641.7617050038757
4890,HTI,2022,1591.760015319581
4911,HND,1970,2396.0
4912,HND,1971,2391.0
4913,HND,1972,2404.0
4914,HND,1973,2448.0
4915,HND,1974,2544.0
4916,HND,1975,2797.0
4917,HND,1976,2764.0
4918,HND,1977,2954.0
4919,HND,1978,3153.0
4920,HND,1979,3346.0
4921,HND,1980,3382.0
4922,HND,1981,3282.0
4923,HND,1982,3231.0
4924,HND,1983,3076.0
4925,HND,1984,2947.0
4926,HND,1985,2968.0
4927,HND,1986,2982.0
4928,HND,1987,2898.0
4929,HND,1988,2970.0
4930,HND,1989,3009.0
4931,HND,1990,3045.0
4932,HND,1991,2960.0
4933,HND,1992,2993.1240094653144
4934,HND,1993,3094.547750180062
4935,HND,1994,3216.880474563878
4936,HND,1995,3105.972043854534
4937,HND,1996,3163.826279834214
4938,HND,1997,3210.270291652771
4939,HND,1998,3303.2674734599764
4940,HND,1999,3332.9067162957103
4941,HND,2000,3215.1847327603577
4942,HND,2001,3335.7153697540925
4943,HND,2002,3365.232992745498
4944,HND,2003,3431.251226302898
4945,HND,2004,3527.121790685213
4946,HND,2005,3686.666861186227
4947,HND,2006,3851.055431267789
4948,HND,2007,4045.2976250507822
4949,HND,2008,4237.30196547177
4950,HND,2009,4358.762942315819
4951,HND,2010,4200.160537818666
4952,HND,2011,4305.892041781792
4953,HND,2012,4421.0
4954,HND,2013,4518.0
4955,HND,2014,4561.0
4956,HND,2015,4620.0
4957,HND,2016,4706.0
4958,HND,2017,4803.28043081604
4959,HND,2018,4949.025285961729
4960,HND,2019,5052.2056964208305
4961,HND,2020,5099.814302392386
4962,HND,2021,4567.885690671236
4963,HND,2022,5062.118729298094
4984,HUN,1970,8069.0
4985,HUN,1971,8015.0
4986,HUN,1972,8349.0
4987,HUN,1973,8505.0
4988,HUN,1974,8920.0
4989,HUN,1975,9111.0
4990,HUN,1976,9253.0
4991,HUN,1977,9231.0
4992,HUN,1978,9765.0
4993,HUN,1979,9967.0
4994,HUN,1980,9964.0
4995,HUN,1981,10052.0
4996,HUN,1982,10123.0
4997,HUN,1983,10493.0
4998,HUN,1984,10401.0
4999,HUN,1985,10696.0
5000,HUN,1986,10452.0
5001,HUN,1987,10678.0
5002,HUN,1988,10861.0
5003,HUN,1989,11207.0
5004,HUN,1990,11003.0
5005,HUN,1991,10296.0
5006,HUN,1992,9255.90961746882
5007,HUN,1993,9153.920824393475
5008,HUN,1994,9294.46401363138
5009,HUN,1995,9772.223487554456
5010,HUN,1996,10134.833886895496
5011,HUN,1997,10359.18141128738
5012,HUN,1998,10942.325887995115
5013,HUN,1999,11663.028515253676
5014,HUN,2000,12316.723995874505
5015,HUN,2001,13129.273107833118
5016,HUN,2002,13933.561262454808
5017,HUN,2003,14899.306265101266
5018,HUN,2004,15829.899936480217
5019,HUN,2005,16999.005514218454
5020,HUN,2006,18140.61741786459
5021,HUN,2007,19253.063137393667
5022,HUN,2008,19763.790665712164
5023,HUN,2009,20380.631763897556
5024,HUN,2010,19461.070328242917
5025,HUN,2011,20036.33465366331
5026,HUN,2012,20886.0
5027,HUN,2013,20731.670063284007
5028,HUN,2014,21163.564092773035
5029,HUN,2015,22118.75004819955
5030,HUN,2016,22993.37507631797
5031,HUN,2017,23568.925742708747
5032,HUN,2018,24641.19805653534
5033,HUN,2019,25995.509005591048
5034,HUN,2020,27272.312084521
5035,HUN,2021,26091.400329999437
5036,HUN,2022,28085.962226124888
5057,ISL,1970,13880.0
5058,ISL,1971,14830.0
5059,ISL,1972,16606.0
5060,ISL,1973,17366.0
5061,ISL,1974,18277.0
5062,ISL,1975,19054.0
5063,ISL,1976,18935.0
5064,ISL,1977,19877.0
5065,ISL,1978,21465.0
5066,ISL,1979,22579.0
5067,ISL,1980,23443.0
5068,ISL,1981,24528.0
5069,ISL,1982,25284.0
5070,ISL,1983,25477.0
5071,ISL,1984,24605.0
5072,ISL,1985,25357.0
5073,ISL,1986,25990.0
5074,ISL,1987,27439.0
5075,ISL,1988,29576.0
5076,ISL,1989,28934.0
5077,ISL,1990,28652.0
5078,ISL,1991,28760.0
5079,ISL,1992,28258.016773918625
5080,ISL,1993,26859.281947711668
5081,ISL,1994,26833.80124049222
5082,ISL,1995,27457.806857299725
5083,ISL,1996,27235.833297278037
5084,ISL,1997,28277.78713527553
5085,ISL,1998,29939.14278341433
5086,ISL,1999,31444.61598472512
5087,ISL,2000,32186.931121894468
5088,ISL,2001,33108.29099103723
5089,ISL,2002,33794.45145581882
5090,ISL,2003,33470.49477312857
5091,ISL,2004,33920.70867149926
5092,ISL,2005,36209.24391769578
5093,ISL,2006,37884.05696917531
5094,ISL,2007,38707.21313863168
5095,ISL,2008,41111.15433172196
5096,ISL,2009,40810.229086209285
5097,ISL,2010,37701.851081884684
5098,ISL,2011,36272.68701148201
5099,ISL,2012,36740.0
5100,ISL,2013,36933.89395710618
5101,ISL,2014,38245.497349293546
5102,ISL,2015,38463.028443709096
5103,ISL,2016,39756.52712742219
5104,ISL,2017,41682.867768726086
5105,ISL,2018,42419.38447995987
5106,ISL,2019,43321.06283185401
5107,ISL,2020,43136.606957372525
5108,ISL,2021,39368.39939902689
5109,ISL,2022,40412.61674476612
5130,IND,1970,1347.0
5131,IND,1971,1384.0
5132,IND,1972,1364.0
5133,IND,1973,1329.0
5134,IND,1974,1360.0
5135,IND,1975,1344.0
5136,IND,1976,1430.0
5137,IND,1977,1417.0
5138,IND,1978,1494.0
5139,IND,1979,1540.0
5140,IND,1980,1427.0
5141,IND,1981,1495.0
5142,IND,1982,1557.0
5143,IND,1983,1570.0
5144,IND,1984,1663.0
5145,IND,1985,1690.0
5146,IND,1986,1720.0
5147,IND,1987,1755.0
5148,IND,1988,1793.0
5149,IND,1989,1938.0
5150,IND,1990,2024.0
5151,IND,1991,2087.0
5152,IND,1992,2062.3101938964883
5153,IND,1993,2115.257442888654
5154,IND,1994,2176.4277546796197
5155,IND,1995,2254.8988565309332
5156,IND,1996,2355.963213949457
5157,IND,1997,2475.56805896638
5158,IND,1998,2514.0217106960536
5159,IND,1999,2611.781380479922
5160,IND,2000,2707.7406339436475
5161,IND,2001,2753.08550705882
5162,IND,2002,2837.8555311499513
5163,IND,2003,2870.923633325692
5164,IND,2004,3035.9225160240767
5165,IND,2005,3212.5110336341645
5166,IND,2006,3396.6487023021523
5167,IND,2007,3629.4110758938496
5168,IND,2008,3870.6989456960296
5169,IND,2009,4030.654378070055
5170,IND,2010,4270.707793828763
5171,IND,2011,4525.745476807693
5172,IND,2012,4768.0
5173,IND,2013,4982.083174923584
5174,IND,2014,5224.144726688181
5175,IND,2015,5524.114583596415
5176,IND,2016,5869.846531869248
5177,IND,2017,6326.064423371508
5178,IND,2018,6638.727716492645
5179,IND,2019,7046.436408458912
5180,IND,2020,7293.989586302366
5181,IND,2021,6730.546822014761
5182,IND,2022,7315.121362710703
5203,IDN,1970,1739.0
5204,IDN,1971,1882.0
5205,IDN,1972,1946.0
5206,IDN,1973,2117.0
5207,IDN,1974,2375.0
5208,IDN,1975,2439.0
5209,IDN,1976,2386.0
5210,IDN,1977,2536.0
5211,IDN,1978,2670.0
5212,IDN,1979,2727.0
5213,IDN,1980,2810.0
5214,IDN,1981,2981.0
5215,IDN,1982,3119.0
5216,IDN,1983,2941.0
5217,IDN,1984,2994.0
5218,IDN,1985,3134.0
5219,IDN,1986,3143.0
5220,IDN,1987,3269.0
5221,IDN,1988,3370.0
5222,IDN,1989,3500.0
5223,IDN,1990,3747.0
5224,IDN,1991,4007.0
5225,IDN,1992,4310.777914335127
5226,IDN,1993,4536.40989932572
5227,IDN,1994,4837.131347219098
5228,IDN,1995,5140.024967063988
5229,IDN,1996,5494.9037123421485
5230,IDN,1997,5851.295543955146
5231,IDN,1998,6055.848459302033
5232,IDN,1999,5203.579443214507
5233,IDN,2000,5186.713407904092
5234,IDN,2001,5384.386660454885
5235,IDN,2002,5526.147336168685
5236,IDN,2003,5720.28186272957
5237,IDN,2004,5938.877796230632
5238,IDN,2005,6180.909971145314
5239,IDN,2006,6482.0120838929315
5240,IDN,2007,6782.62453186025
5241,IDN,2008,7157.313201750369
5242,IDN,2009,7633.165795995926
5243,IDN,2010,7935.844291513395
5244,IDN,2011,8386.43318624644
5245,IDN,2012,8849.0
5246,IDN,2013,9272.009119772563
5247,IDN,2014,9676.147241246144
5248,IDN,2015,10050.716853723688
5249,IDN,2016,10432.30479116771
5250,IDN,2017,10849.669581175413
5251,IDN,2018,11292.258408524542
5252,IDN,2019,11768.467550581036
5253,IDN,2020,12250.278163963409
5254,IDN,2021,11895.075330697577
5255,IDN,2022,12233.968593294914
5276,IRN,1970,6212.0
5277,IRN,1971,6677.0
5278,IRN,1972,7296.0
5279,IRN,1973,8247.0
5280,IRN,1974,8706.0
5281,IRN,1975,9210.0
5282,IRN,1976,9377.0
5283,IRN,1977,10665.0
5284,IRN,1978,10205.0
5285,IRN,1979,8710.0
5286,IRN,1980,7678.0
5287,IRN,1981,6334.0
5288,IRN,1982,5887.0
5289,IRN,1983,6535.0
5290,IRN,1984,7108.0
5291,IRN,1985,6951.0
5292,IRN,1986,6853.0
5293,IRN,1987,5984.0
5294,IRN,1988,5713.0
5295,IRN,1989,5249.0
5296,IRN,1990,5303.0
5297,IRN,1991,5620.0
5298,IRN,1992,6380.549889731056
5299,IRN,1993,7036.31509003198
5300,IRN,1994,6914.766598101254
5301,IRN,1995,6884.7061961862
5302,IRN,1996,7093.734930216464
5303,IRN,1997,7746.409015083896
5304,IRN,1998,8113.724178576165
5305,IRN,1999,8458.386358180955
5306,IRN,2000,8714.626643387242
5307,IRN,2001,9104.762991179769
5308,IRN,2002,9620.626663182067
5309,IRN,2003,10467.370641552168
5310,IRN,2004,11502.85215860978
5311,IRN,2005,12404.323660768205
5312,IRN,2006,13110.142347710524
5313,IRN,2007,14185.753313532065
5314,IRN,2008,15467.10742416923
5315,IRN,2009,15739.983881581284
5316,IRN,2010,16575.071120040935
5317,IRN,2011,17751.330795081885
5318,IRN,2012,18024.0
5319,IRN,2013,17556.53301880436
5320,IRN,2014,16842.896925218112
5321,IRN,2015,17449.937473101483
5322,IRN,2016,16922.88101385683
5323,IRN,2017,17738.059459515636
5324,IRN,2018,18416.47870783314
5325,IRN,2019,18154.532900416267
5326,IRN,2020,17400.414329628675
5327,IRN,2021,17296.263711327592
5328,IRN,2022,18052.368971167973
5349,IRQ,1970,5745.0
5350,IRQ,1971,5536.0
5351,IRQ,1972,5686.0
5352,IRQ,1973,5297.0
5353,IRQ,1974,5982.0
5354,IRQ,1975,6097.0
5355,IRQ,1976,6878.0
5356,IRQ,1977,8007.0
5357,IRQ,1978,7957.0
5358,IRQ,1979,9075.0
5359,IRQ,1980,10769.0
5360,IRQ,1981,10165.0
5361,IRQ,1982,8035.0
5362,IRQ,1983,7704.0
5363,IRQ,1984,6805.0
5364,IRQ,1985,6593.0
5365,IRQ,1986,6268.0
5366,IRQ,1987,5992.0
5367,IRQ,1988,6052.0
5368,IRQ,1989,4635.0
5369,IRQ,1990,4098.0
5370,IRQ,1991,3918.0
5371,IRQ,1992,1518.7420827848096
5372,IRQ,1993,2046.1808843965368
5373,IRQ,1994,2132.382324701761
5374,IRQ,1995,2108.538005938978
5375,IRQ,1996,1996.927799657097
5376,IRQ,1997,2337.5226534014655
5377,IRQ,1998,2337.9478790562657
5378,IRQ,1999,2794.7864918705027
5379,IRQ,2000,3157.11246136115
5380,IRQ,2001,3649.492947483389
5381,IRQ,2002,4147.648519530656
5382,IRQ,2003,4631.652538346694
5383,IRQ,2004,3782.4526380147104
5384,IRQ,2005,6061.554618446105
5385,IRQ,2006,6441.4102161774845
5386,IRQ,2007,7117.6135054778115
5387,IRQ,2008,7587.605673425584
5388,IRQ,2009,8587.264719996962
5389,IRQ,2010,9268.7091555216
5390,IRQ,2011,10274.330304873409
5391,IRQ,2012,11484.0
5392,IRQ,2013,12521.54122818344
5393,IRQ,2014,12877.204591609185
5394,IRQ,2015,12559.503483328872
5395,IRQ,2016,12574.507434070309
5396,IRQ,2017,14173.762245477825
5397,IRQ,2018,13403.637262845936
5398,IRQ,2019,13724.742070997776
5399,IRQ,2020,14203.61758637821
5400,IRQ,2021,11717.375296314593
5401,IRQ,2022,12355.586949059649
5422,IRL,1970,9706.0
5423,IRL,1971,9881.0
5424,IRL,1972,10128.0
5425,IRL,1973,10621.0
5426,IRL,1974,10946.0
5427,IRL,1975,11225.0
5428,IRL,1976,11662.0
5429,IRL,1977,11639.0
5430,IRL,1978,12425.0
5431,IRL,1979,13150.0
5432,IRL,1980,13335.0
5433,IRL,1981,13614.0
5434,IRL,1982,13893.0
5435,IRL,1983,14061.0
5436,IRL,1984,13931.0
5437,IRL,1985,14435.0
5438,IRL,1986,14834.0
5439,IRL,1987,14768.0
5440,IRL,1988,15458.0
5441,IRL,1989,16313.0
5442,IRL,1990,17343.0
5443,IRL,1991,18838.0
5444,IRL,1992,19253.943451180472
5445,IRL,1993,20032.71869037672
5446,IRL,1994,20627.07857240413
5447,IRL,1995,22004.813915300332
5448,IRL,1996,24266.14221519151
5449,IRL,1997,26562.90898441493
5450,IRL,1998,29455.920349476623
5451,IRL,1999,31908.647904032827
5452,IRL,2000,35377.16219328252
5453,IRL,2001,38806.50135741528
5454,IRL,2002,40966.33297006363
5455,IRL,2003,43012.8146170694
5456,IRL,2004,44372.75640648108
5457,IRL,2005,47028.86473517585
5458,IRL,2006,49223.383055229664
5459,IRL,2007,51296.19441464795
5460,IRL,2008,52322.23125306971
5461,IRL,2009,49583.14152629393
5462,IRL,2010,47375.73453925263
5463,IRL,2011,48623.81051558438
5464,IRL,2012,48980.0
5465,IRL,2013,47360.089597748025
5466,IRL,2014,48181.23598101256
5467,IRL,2015,50732.345955199584
5468,IRL,2016,53196.599376056205
5469,IRL,2017,53686.843511572435
5470,IRL,2018,55465.65182610588
5471,IRL,2019,58083.44769518441
5472,IRL,2020,59733.91176779393
5473,IRL,2021,55134.85649890633
5474,IRL,2022,57278.42345862671
5495,ISR,1970,12310.0
5496,ISR,1971,12913.0
5497,ISR,1972,13885.0
5498,ISR,1973,15108.0
5499,ISR,1974,15374.0
5500,ISR,1975,15980.0
5501,ISR,1976,16176.0
5502,ISR,1977,16053.0
5503,ISR,1978,15721.0
5504,ISR,1979,16139.0
5505,ISR,1980,16761.0
5506,ISR,1981,17508.0
5507,ISR,1982,18103.0
5508,ISR,1983,18155.0
5509,ISR,1984,18468.0
5510,ISR,1985,18305.0
5511,ISR,1986,18605.0
5512,ISR,1987,19160.0
5513,ISR,1988,20196.0
5514,ISR,1989,20256.0
5515,ISR,1990,20091.0
5516,ISR,1991,20829.0
5517,ISR,1992,20912.94059462437
5518,ISR,1993,21531.596141653485
5519,ISR,1994,21484.9793858044
5520,ISR,1995,22128.804684392304
5521,ISR,1996,23378.15952818054
5522,ISR,1997,23979.995274983416
5523,ISR,1998,24226.731187719328
5524,ISR,1999,24506.160735323432
5525,ISR,2000,24644.204273032487
5526,ISR,2001,26058.84058707257
5527,ISR,2002,25427.319382366648
5528,ISR,2003,24823.552894204004
5529,ISR,2004,24545.245047545737
5530,ISR,2005,25210.87875613714
5531,ISR,2006,25686.405701767577
5532,ISR,2007,26571.25544327105
5533,ISR,2008,27624.88310216695
5534,ISR,2009,27857.61866769685
5535,ISR,2010,27644.69749458088
5536,ISR,2011,28575.531463220977
5537,ISR,2012,29370.0
5538,ISR,2013,29580.83529937477
5539,ISR,2014,30316.601574343185
5540,ISR,2015,30906.148225450244
5541,ISR,2016,31050.40794692868
5542,ISR,2017,31822.87480265819
5543,ISR,2018,32549.81845035535
5544,ISR,2019,33227.12511661866
5545,ISR,2020,33951.890251752986
5546,ISR,2021,32730.94254137353
5547,ISR,2022,34969.01406308376
5568,ITA,1970,15248.0
5569,ITA,1971,15492.0
5570,ITA,1972,15683.0
5571,ITA,1973,16035.0
5572,ITA,1974,16950.0
5573,ITA,1975,17607.0
5574,ITA,1976,17123.0
5575,ITA,1977,18147.0
5576,ITA,1978,18599.0
5577,ITA,1979,19230.0
5578,ITA,1980,20275.0
5579,ITA,1981,20959.0
5580,ITA,1982,21041.0
5581,ITA,1983,21123.0
5582,ITA,1984,21345.0
5583,ITA,1985,21868.0
5584,ITA,1986,22469.0
5585,ITA,1987,23106.0
5586,ITA,1988,23824.0
5587,ITA,1989,24743.0
5588,ITA,1990,25454.0
5589,ITA,1991,26003.0
5590,ITA,1992,26570.36300367689
5591,ITA,1993,26960.610843483308
5592,ITA,1994,26902.398223124954
5593,ITA,1995,27668.257997101344
5594,ITA,1996,28666.35229534556
5595,ITA,1997,29231.2756037388
5596,ITA,1998,29960.69977713035
5597,ITA,1999,30649.629116416458
5598,ITA,2000,31340.481406663963
5599,ITA,2001,32716.980050789483
5600,ITA,2002,33511.43329684468
5601,ITA,2003,33780.05399122097
5602,ITA,2004,33917.79936684082
5603,ITA,2005,34472.12756983194
5604,ITA,2006,34872.12660694891
5605,ITA,2007,35713.80418293189
5606,ITA,2008,36310.7349426204
5607,ITA,2009,35942.93934612822
5608,ITA,2010,34055.22557284515
5609,ITA,2011,34765.93789539188
5610,ITA,2012,35151.0
5611,ITA,2013,34010.03518715312
5612,ITA,2014,33317.24412503938
5613,ITA,2015,33310.70502999905
5614,ITA,2016,33620.74085374743
5615,ITA,2017,34120.422176858934
5616,ITA,2018,34754.7701679821
5617,ITA,2019,35149.822737797
5618,ITA,2020,35407.241128719455
5619,ITA,2021,32385.32709510664
5620,ITA,2022,34827.13496942706
5641,JAM,1970,5547.0
5642,JAM,1971,6135.0
5643,JAM,1972,6062.0
5644,JAM,1973,6150.0
5645,JAM,1974,6583.0
5646,JAM,1975,6229.0
5647,JAM,1976,6129.0
5648,JAM,1977,5681.0
5649,JAM,1978,5501.0
5650,JAM,1979,5482.0
5651,JAM,1980,5318.0
5652,JAM,1981,4975.0
5653,JAM,1982,5040.0
5654,JAM,1983,5019.0
5655,JAM,1984,5117.0
5656,JAM,1985,5059.0
5657,JAM,1986,4814.0
5658,JAM,1987,4884.0
5659,JAM,1988,5254.0
5660,JAM,1989,5397.0
5661,JAM,1990,5748.0
5662,JAM,1991,6035.0
5663,JAM,1992,6116.583318077087
5664,JAM,1993,6292.028858163386
5665,JAM,1994,6414.47499695309
5666,JAM,1995,6517.051589697604
5667,JAM,1996,6656.283221580563
5668,JAM,1997,6648.933156931844
5669,JAM,1998,6523.636361939611
5670,JAM,1999,6432.652956466898
5671,JAM,2000,6485.322820069727
5672,JAM,2001,6531.284758137969
5673,JAM,2002,6615.192956377066
5674,JAM,2003,6660.763022472471
5675,JAM,2004,6908.666752574545
5676,JAM,2005,7004.984536464446
5677,JAM,2006,7073.770270170164
5678,JAM,2007,7286.966682587152
5679,JAM,2008,7402.178408572077
5680,JAM,2009,7353.1071268786445
5681,JAM,2010,7115.373072990181
5682,JAM,2011,7025.930177209058
5683,JAM,2012,7141.0
5684,JAM,2013,7119.505553796556
5685,JAM,2014,7147.53380579895
5686,JAM,2015,7198.430289774914
5687,JAM,2016,7268.231183366261
5688,JAM,2017,7381.332418247254
5689,JAM,2018,7433.147104870266
5690,JAM,2019,7569.062750933488
5691,JAM,2020,7641.0816460298365
5692,JAM,2021,6880.488352713083
5693,JAM,2022,7193.106273759636
5714,JPN,1970,14145.0
5715,JPN,1971,15484.0
5716,JPN,1972,16004.0
5717,JPN,1973,17110.0
5718,JPN,1974,18226.0
5719,JPN,1975,17765.0
5720,JPN,1976,18082.0
5721,JPN,1977,18600.0
5722,JPN,1978,19230.0
5723,JPN,1979,20060.0
5724,JPN,1980,20982.0
5725,JPN,1981,21404.0
5726,JPN,1982,21924.0
5727,JPN,1983,22440.0
5728,JPN,1984,22805.0
5729,JPN,1985,23548.0
5730,JPN,1986,24437.0
5731,JPN,1987,24992.0
5732,JPN,1988,25904.0
5733,JPN,1989,27393.0
5734,JPN,1990,28601.0
5735,JPN,1991,29949.0
5736,JPN,1992,30837.43073704086
5737,JPN,1993,30977.814490431163
5738,JPN,1994,30920.659268311716
5739,JPN,1995,31135.427225745774
5740,JPN,1996,31887.277635764545
5741,JPN,1997,32784.158185979286
5742,JPN,1998,33038.29300139854
5743,JPN,1999,32558.186616065806
5744,JPN,2000,32394.51549054036
5745,JPN,2001,33210.80781599041
5746,JPN,2002,33246.39206634778
5747,JPN,2003,33195.400475895716
5748,JPN,2004,33619.94807056829
5749,JPN,2005,34313.55688470585
5750,JPN,2006,34857.755819604856
5751,JPN,2007,35333.11309237394
5752,JPN,2008,35892.7127732509
5753,JPN,2009,35496.22745171
5754,JPN,2010,33590.01094460268
5755,JPN,2011,35011.4025017665
5756,JPN,2012,34979.0
5757,JPN,2013,35537.438764156825
5758,JPN,2014,36312.34651581893
5759,JPN,2015,36440.2154003201
5760,JPN,2016,37053.174046739085
5761,JPN,2017,37384.55705421662
5762,JPN,2018,38078.9622718879
5763,JPN,2019,38403.68119500713
5764,JPN,2020,38332.93526364285
5765,JPN,2021,36826.638969213906
5766,JPN,2022,37678.275798449475
5787,JOR,1970,4420.0
5788,JOR,1971,3818.0
5789,JOR,1972,3771.0
5790,JOR,1973,3754.0
5791,JOR,1974,3806.0
5792,JOR,1975,3995.0
5793,JOR,1976,4117.0
5794,JOR,1977,4935.0
5795,JOR,1978,5072.0
5796,JOR,1979,5926.0
5797,JOR,1980,6247.0
5798,JOR,1981,7141.0
5799,JOR,1982,7176.0
5800,JOR,1983,7401.0
5801,JOR,1984,7262.0
5802,JOR,1985,7599.0
5803,JOR,1986,7578.0
5804,JOR,1987,7973.0
5805,JOR,1988,7911.0
5806,JOR,1989,7571.0
5807,JOR,1990,6540.0
5808,JOR,1991,6044.0
5809,JOR,1992,5900.509320292871
5810,JOR,1993,6456.12314842036
5811,JOR,1994,6460.662824138845
5812,JOR,1995,6538.173254234838
5813,JOR,1996,6760.108465082189
5814,JOR,1997,6783.22904950219
5815,JOR,1998,6942.458967216002
5816,JOR,1999,7120.493691528883
5817,JOR,2000,7340.493689376685
5818,JOR,2001,7621.840619610805
5819,JOR,2002,7982.74070250386
5820,JOR,2003,8394.055084111911
5821,JOR,2004,8669.624649470688
5822,JOR,2005,9288.616596052056
5823,JOR,2006,9860.808145249524
5824,JOR,2007,10404.5617208557
5825,JOR,2008,10938.804383314186
5826,JOR,2009,11378.25625939966
5827,JOR,2010,11651.24975116796
5828,JOR,2011,11601.087537414784
5829,JOR,2012,11615.0
5830,JOR,2013,11704.65707101586
5831,JOR,2014,10834.426020005509
5832,JOR,2015,9765.810696665814
5833,JOR,2016,9307.248097850334
5834,JOR,2017,9149.412159168984
5835,JOR,2018,9186.47642490901
5836,JOR,2019,9174.50142395984
5837,JOR,2020,9166.066669962704
5838,JOR,2021,8896.382551027444
5839,JOR,2022,9019.89487021807
5860,KAZ,1970,
5861,KAZ,1971,
5862,KAZ,1972,
5863,KAZ,1973,
5864,KAZ,1974,12154.0
5865,KAZ,1975,
5866,KAZ,1976,
5867,KAZ,1977,
5868,KAZ,1978,
5869,KAZ,1979,
5870,KAZ,1980,
5871,KAZ,1981,11899.0
5872,KAZ,1982,11604.0
5873,KAZ,1983,11322.0
5874,KAZ,1984,11735.0
5875,KAZ,1985,11553.0
5876,KAZ,1986,11545.0
5877,KAZ,1987,11576.0
5878,KAZ,1988,11389.0
5879,KAZ,1989,12256.0
5880,KAZ,1990,12153.0
5881,KAZ,1991,11888.0
5882,KAZ,1992,10557.11546438078
5883,KAZ,1993,10012.611157722837
5884,KAZ,1994,9173.637280947603
5885,KAZ,1995,8178.790803694124
5886,KAZ,1996,7674.063238419553
5887,KAZ,1997,7826.857651200674
5888,KAZ,1998,8093.795999765463
5889,KAZ,1999,8088.648031706908
5890,KAZ,2000,8421.348060463917
5891,KAZ,2001,9309.419465185802
5892,KAZ,2002,10589.102835279044
5893,KAZ,2003,11640.180095676627
5894,KAZ,2004,12726.286825699914
5895,KAZ,2005,13929.729757013873
5896,KAZ,2006,15233.840763004664
5897,KAZ,2007,16786.554765093286
5898,KAZ,2008,18181.05982153986
5899,KAZ,2009,18665.76533203543
5900,KAZ,2010,18750.540283577073
5901,KAZ,2011,19964.529922988575
5902,KAZ,2012,21302.0
5903,KAZ,2013,22089.923718804268
5904,KAZ,2014,23110.025408993835
5905,KAZ,2015,23819.74787260592
5906,KAZ,2016,23782.56175517557
5907,KAZ,2017,23731.51139526774
5908,KAZ,2018,24396.7787940787
5909,KAZ,2019,25142.706513208348
5910,KAZ,2020,26026.063990443567
5911,KAZ,2021,25124.48654506269
5912,KAZ,2022,25936.38276048782
5933,KEN,1970,1404.0
5934,KEN,1971,1458.0
5935,KEN,1972,1500.0
5936,KEN,1973,1524.0
5937,KEN,1974,1546.0
5938,KEN,1975,1564.0
5939,KEN,1976,1502.0
5940,KEN,1977,1503.0
5941,KEN,1978,1580.0
5942,KEN,1979,1656.0
5943,KEN,1980,1651.0
5944,KEN,1981,1675.0
5945,KEN,1982,1647.0
5946,KEN,1983,1680.0
5947,KEN,1984,1627.0
5948,KEN,1985,1594.0
5949,KEN,1986,1604.0
5950,KEN,1987,1658.0
5951,KEN,1988,1698.0
5952,KEN,1989,1741.0
5953,KEN,1990,1761.0
5954,KEN,1991,1780.0
5955,KEN,1992,1777.783780548638
5956,KEN,1993,1724.8744312691024
5957,KEN,1994,1698.254146224367
5958,KEN,1995,1729.717161151452
5959,KEN,1996,1789.894544052528
5960,KEN,1997,1851.2813821524276
5961,KEN,1998,1846.373835766398
5962,KEN,1999,1889.973103668459
5963,KEN,2000,1920.8339449326857
5964,KEN,2001,1914.8863918102004
5965,KEN,2002,1972.381106140012
5966,KEN,2003,1961.8949398416116
5967,KEN,2004,1997.776820025734
5968,KEN,2005,2066.210198119626
5969,KEN,2006,2157.841569544736
5970,KEN,2007,2255.2585651583754
5971,KEN,2008,2380.7763326176305
5972,KEN,2009,2357.2325411299603
5973,KEN,2010,2404.629579916276
5974,KEN,2011,2579.5309176535393
5975,KEN,2012,2712.0
5976,KEN,2013,2754.764533971864
5977,KEN,2014,2786.1372064414063
5978,KEN,2015,2852.933016462436
5979,KEN,2016,2921.342653418094
5980,KEN,2017,2975.479467174077
5981,KEN,2018,3020.9817782496148
5982,KEN,2019,3120.4313827317205
5983,KEN,2020,3207.2622939310386
5984,KEN,2021,3129.5852831150996
5985,KEN,2022,3292.7584367959853
6006,KWT,1970,33415.0
6007,KWT,1971,48927.0
6008,KWT,1972,49302.0
6009,KWT,1973,48283.0
6010,KWT,1974,42542.0
6011,KWT,1975,34962.0
6012,KWT,1976,28950.0
6013,KWT,1977,28956.0
6014,KWT,1978,26168.0
6015,KWT,1979,26363.0
6016,KWT,1980,28174.0
6017,KWT,1981,21154.0
6018,KWT,1982,16402.0
6019,KWT,1983,13845.0
6020,KWT,1984,14292.0
6021,KWT,1985,14384.0
6022,KWT,1986,13015.0
6023,KWT,1987,13509.0
6024,KWT,1988,12416.0
6025,KWT,1989,12317.0
6026,KWT,1990,12701.0
6027,KWT,1991,9757.0
6028,KWT,1992,6310.906841937073
6029,KWT,1993,12965.066926616888
6030,KWT,1994,19955.314329145524
6031,KWT,1995,24532.413492222782
6032,KWT,1996,27552.960982288823
6033,KWT,1997,29612.660098999528
6034,KWT,1998,31511.19130335695
6035,KWT,1999,33331.29862444811
6036,KWT,2000,33351.194990545264
6037,KWT,2001,35844.74752408508
6038,KWT,2002,37225.86941047539
6039,KWT,2003,39943.14816272846
6040,KWT,2004,48809.71276230893
6041,KWT,2005,55911.79359991091
6042,KWT,2006,62959.60142173128
6043,KWT,2007,68546.14288731133
6044,KWT,2008,73096.87097345167
6045,KWT,2009,75138.1196927745
6046,KWT,2010,70072.72938394904
6047,KWT,2011,68865.3096214215
6048,KWT,2012,77126.0
6049,KWT,2013,80657.13443775402
6050,KWT,2014,80098.63837776096
6051,KWT,2015,79103.41717825482
6052,KWT,2016,78261.19827106388
6053,KWT,2017,79289.1733374591
6054,KWT,2018,74427.02713451623
6055,KWT,2019,75163.98076945363
6056,KWT,2020,73748.43881057002
6057,KWT,2021,66365.99082465029
6058,KWT,2022,66418.20573419507
6079,KGZ,1970,
6080,KGZ,1971,
6081,KGZ,1972,
6082,KGZ,1973,
6083,KGZ,1974,5941.0
6084,KGZ,1975,
6085,KGZ,1976,
6086,KGZ,1977,
6087,KGZ,1978,
6088,KGZ,1979,
6089,KGZ,1980,
6090,KGZ,1981,5848.0
6091,KGZ,1982,5789.0
6092,KGZ,1983,5726.0
6093,KGZ,1984,5992.0
6094,KGZ,1985,5952.0
6095,KGZ,1986,5616.0
6096,KGZ,1987,5413.0
6097,KGZ,1988,5241.0
6098,KGZ,1989,5679.0
6099,KGZ,1990,5719.0
6100,KGZ,1991,5742.0
6101,KGZ,1992,5161.904116044311
6102,KGZ,1993,4362.11265416902
6103,KGZ,1994,3764.9421123625634
6104,KGZ,1995,2993.827819366951
6105,KGZ,1996,2776.0303102192483
6106,KGZ,1997,2901.554193957308
6107,KGZ,1998,3114.6749563452076
6108,KGZ,1999,3105.961049913123
6109,KGZ,2000,3144.4611549683736
6110,KGZ,2001,3246.3830690680416
6111,KGZ,2002,3357.9930090418734
6112,KGZ,2003,3299.2459997492856
6113,KGZ,2004,3464.82014694552
6114,KGZ,2005,3632.147095515402
6115,KGZ,2006,3554.1856553323405
6116,KGZ,2007,3594.565237588054
6117,KGZ,2008,3831.494819860611
6118,KGZ,2009,4046.7207864801944
6119,KGZ,2010,4075.833939994029
6120,KGZ,2011,3977.648892565457
6121,KGZ,2012,4142.0
6122,KGZ,2013,4103.819897525385
6123,KGZ,2014,4509.751501507293
6124,KGZ,2015,4644.326135023042
6125,KGZ,2016,4772.759897971902
6126,KGZ,2017,4925.409447470012
6127,KGZ,2018,5104.140189948135
6128,KGZ,2019,5226.480546487255
6129,KGZ,2020,5412.708154201197
6130,KGZ,2021,4899.061185204598
6131,KGZ,2022,5035.927289811476
6152,LAO,1970,842.0
6153,LAO,1971,850.0
6154,LAO,1972,875.0
6155,LAO,1973,886.0
6156,LAO,1974,944.0
6157,LAO,1975,958.0
6158,LAO,1976,999.0
6159,LAO,1977,1023.0
6160,LAO,1978,993.0
6161,LAO,1979,991.0
6162,LAO,1980,966.0
6163,LAO,1981,1054.0
6164,LAO,1982,1199.0
6165,LAO,1983,1256.0
6166,LAO,1984,1283.0
6167,LAO,1985,1344.0
6168,LAO,1986,1382.0
6169,LAO,1987,1409.0
6170,LAO,1988,1350.0
6171,LAO,1989,1286.0
6172,LAO,1990,1428.0
6173,LAO,1991,1481.0
6174,LAO,1992,1512.4798702285682
6175,LAO,1993,1563.9057366520678
6176,LAO,1994,1622.5545160828326
6177,LAO,1995,1718.115856298488
6178,LAO,1996,1801.5440155534436
6179,LAO,1997,1899.895867309289
6180,LAO,1998,2002.2359892027025
6181,LAO,1999,2050.8838106292883
6182,LAO,2000,2167.7796233975246
6183,LAO,2001,2262.235649025405
6184,LAO,2002,2365.1033363545753
6185,LAO,2003,2486.9891913870906
6186,LAO,2004,2625.348218633138
6187,LAO,2005,2784.680091441686
6188,LAO,2006,2948.699618236258
6189,LAO,2007,2896.1354787623054
6190,LAO,2008,3389.364066917482
6191,LAO,2009,3614.476826887085
6192,LAO,2010,3843.829749938656
6193,LAO,2011,4114.010276081498
6194,LAO,2012,4401.0
6195,LAO,2013,4670.0
6196,LAO,2014,4961.0
6197,LAO,2015,5251.0
6198,LAO,2016,5559.0
6199,LAO,2017,5859.663318233265
6200,LAO,2018,6168.17039874989
6201,LAO,2019,6454.777867001544
6202,LAO,2020,6706.006344744449
6203,LAO,2021,6824.144154116059
6204,LAO,2022,6961.121418225251
6225,LVA,1970,
6226,LVA,1971,
6227,LVA,1972,
6228,LVA,1973,
6229,LVA,1974,12506.0
6230,LVA,1975,
6231,LVA,1976,
6232,LVA,1977,
6233,LVA,1978,
6234,LVA,1979,
6235,LVA,1980,
6236,LVA,1981,13739.0
6237,LVA,1982,13970.0
6238,LVA,1983,14190.0
6239,LVA,1984,14376.0
6240,LVA,1985,14682.0
6241,LVA,1986,14273.0
6242,LVA,1987,14539.0
6243,LVA,1988,14360.0
6244,LVA,1989,14875.0
6245,LVA,1990,15661.0
6246,LVA,1991,15806.0
6247,LVA,1992,13774.934038170124
6248,LVA,1993,9411.194969327687
6249,LVA,1994,8439.330349110962
6250,LVA,1995,8704.266153240394
6251,LVA,1996,8709.070051213881
6252,LVA,1997,8947.268137286272
6253,LVA,1998,9773.499502588302
6254,LVA,1999,10429.766635807431
6255,LVA,2000,10707.70573751051
6256,LVA,2001,11309.740390128512
6257,LVA,2002,12103.828171716055
6258,LVA,2003,13015.474503405068
6259,LVA,2004,14142.124547396872
6260,LVA,2005,15371.1813266083
6261,LVA,2006,17069.6571716176
6262,LVA,2007,19128.689244258698
6263,LVA,2008,21042.36647070566
6264,LVA,2009,20342.198290255565
6265,LVA,2010,17582.111669833408
6266,LVA,2011,17140.226514886952
6267,LVA,2012,18428.0
6268,LVA,2013,19970.030413494103
6269,LVA,2014,20581.917289477988
6270,LVA,2015,21168.53600006688
6271,LVA,2016,22179.420213778216
6272,LVA,2017,22913.023038341264
6273,LVA,2018,23893.83156269365
6274,LVA,2019,25039.86567851188
6275,LVA,2020,25858.601683899466
6276,LVA,2021,25453.065151316023
6277,LVA,2022,26738.61446244282
6298,LBN,1970,6824.0
6299,LBN,1971,7084.0
6300,LBN,1972,7533.0
6301,LBN,1973,8228.0
6302,LBN,1974,8397.0
6303,LBN,1975,8383.0
6304,LBN,1976,5742.0
6305,LBN,1977,2442.0
6306,LBN,1978,4417.0
6307,LBN,1979,4218.0
6308,LBN,1980,4536.0
6309,LBN,1981,4608.0
6310,LBN,1982,4549.0
6311,LBN,1983,2823.0
6312,LBN,1984,3402.0
6313,LBN,1985,4828.0
6314,LBN,1986,5895.0
6315,LBN,1987,5400.0
6316,LBN,1988,6202.0
6317,LBN,1989,4385.0
6318,LBN,1990,2488.0
6319,LBN,1991,3086.0
6320,LBN,1992,4326.299404533239
6321,LBN,1993,4618.005428583986
6322,LBN,1994,5053.280309316094
6323,LBN,1995,5585.666968395444
6324,LBN,1996,6095.39700691427
6325,LBN,1997,6567.400634391225
6326,LBN,1998,6581.053121520845
6327,LBN,1999,6994.156938647532
6328,LBN,2000,7147.55479752894
6329,LBN,2001,7405.707026321809
6330,LBN,2002,7836.826603495309
6331,LBN,2003,8248.10023107528
6332,LBN,2004,8671.187789419218
6333,LBN,2005,9491.610652176803
6334,LBN,2006,9933.081890460697
6335,LBN,2007,10236.86827626687
6336,LBN,2008,11276.506686752524
6337,LBN,2009,12479.10771337445
6338,LBN,2010,14039.34617129224
6339,LBN,2011,15622.367105111432
6340,LBN,2012,16230.0
6341,LBN,2013,16284.7630230297
6342,LBN,2014,15145.569358256793
6343,LBN,2015,13586.273768366233
6344,LBN,2016,12982.721189076505
6345,LBN,2017,13073.556155530465
6346,LBN,2018,13209.283911936904
6347,LBN,2019,13236.691613816594
6348,LBN,2020,12854.796577078958
6349,LBN,2021,10182.636876101324
6350,LBN,2022,10573.861131356723
6371,LSO,1970,1074.0
6372,LSO,1971,1073.0
6373,LSO,1972,952.0
6374,LSO,1973,1108.0
6375,LSO,1974,1364.0
6376,LSO,1975,1414.0
6377,LSO,1976,1270.0
6378,LSO,1977,1447.0
6379,LSO,1978,1658.0
6380,LSO,1979,1934.0
6381,LSO,1980,1678.0
6382,LSO,1981,1589.0
6383,LSO,1982,1564.0
6384,LSO,1983,1576.0
6385,LSO,1984,1561.0
6386,LSO,1985,1589.0
6387,LSO,1986,1600.0
6388,LSO,1987,1645.0
6389,LSO,1988,1621.0
6390,LSO,1989,1736.0
6391,LSO,1990,1804.0
6392,LSO,1991,1882.0
6393,LSO,1992,1853.5429790111668
6394,LSO,1993,1914.623820451812
6395,LSO,1994,1903.676222578414
6396,LSO,1995,1924.0946524523515
6397,LSO,1996,1888.699020483546
6398,LSO,1997,1931.660774529102
6399,LSO,1998,1940.3105805192445
6400,LSO,1999,1922.6793812805745
6401,LSO,2000,1923.9032325474288
6402,LSO,2001,1967.4332743614511
6403,LSO,2002,1997.357609551416
6404,LSO,2003,1959.0278939923892
6405,LSO,2004,2003.08991926606
6406,LSO,2005,2004.060178121236
6407,LSO,2006,2013.807757097969
6408,LSO,2007,2056.3296635696347
6409,LSO,2008,2106.8401402624795
6410,LSO,2009,2177.8573505655204
6411,LSO,2010,2199.394858486537
6412,LSO,2011,2313.882128366408
6413,LSO,2012,2346.0
6414,LSO,2013,2456.0
6415,LSO,2014,2559.0
6416,LSO,2015,2644.0
6417,LSO,2016,2710.0
6418,LSO,2017,2774.5995649959696
6419,LSO,2018,2654.4136349031955
6420,LSO,2019,2582.512009291792
6421,LSO,2020,2514.224368021087
6422,LSO,2021,2297.3830274590377
6423,LSO,2022,2311.89088424953
6444,LBR,1970,4309.0
6445,LBR,1971,4457.0
6446,LBR,1972,4544.0
6447,LBR,1973,4568.0
6448,LBR,1974,4603.0
6449,LBR,1975,4616.0
6450,LBR,1976,4326.0
6451,LBR,1977,4415.0
6452,LBR,1978,4339.0
6453,LBR,1979,4463.0
6454,LBR,1980,4546.0
6455,LBR,1981,4138.0
6456,LBR,1982,3862.0
6457,LBR,1983,3813.0
6458,LBR,1984,3572.0
6459,LBR,1985,3443.0
6460,LBR,1986,3269.0
6461,LBR,1987,3129.0
6462,LBR,1988,3084.0
6463,LBR,1989,3070.0
6464,LBR,1990,3054.0
6465,LBR,1991,1690.0
6466,LBR,1992,1568.4043286983122
6467,LBR,1993,915.120585248132
6468,LBR,1994,560.3330147474942
6469,LBR,1995,418.12158214497464
6470,LBR,1996,377.58008600533714
6471,LBR,1997,391.0859171717719
6472,LBR,1998,701.7853850108825
6473,LBR,1999,772.6764682845994
6474,LBR,2000,848.4211681365946
6475,LBR,2001,971.9330161461148
6476,LBR,2002,1097.2495869058737
6477,LBR,2003,1342.758761250616
6478,LBR,2004,851.9109502106338
6479,LBR,2005,760.8757761095105
6480,LBR,2006,755.2235910448753
6481,LBR,2007,769.2929535293048
6482,LBR,2008,768.2070408451428
6483,LBR,2009,811.1580337845761
6484,LBR,2010,838.4520362621203
6485,LBR,2011,854.2349728657374
6486,LBR,2012,820.0
6487,LBR,2013,853.0
6488,LBR,2014,900.0
6489,LBR,2015,884.0
6490,LBR,2016,865.0
6491,LBR,2017,843.5262300831839
6492,LBR,2018,848.2952239989679
6493,LBR,2019,842.3757235618091
6494,LBR,2020,807.3494040129257
6495,LBR,2021,768.4054462244039
6496,LBR,2022,790.2841169364428
6517,LBY,1970,6539.0
6518,LBY,1971,6591.0
6519,LBY,1972,6008.0
6520,LBY,1973,6237.0
6521,LBY,1974,6005.0
6522,LBY,1975,6923.0
6523,LBY,1976,6872.0
6524,LBY,1977,8142.0
6525,LBY,1978,8682.0
6526,LBY,1979,8730.0
6527,LBY,1980,9086.0
6528,LBY,1981,8741.0
6529,LBY,1982,6760.0
6530,LBY,1983,6661.0
6531,LBY,1984,6237.0
6532,LBY,1985,5695.0
6533,LBY,1986,6092.0
6534,LBY,1987,5370.0
6535,LBY,1988,4465.0
6536,LBY,1989,4670.0
6537,LBY,1990,4873.0
6538,LBY,1991,4921.0
6539,LBY,1992,5977.336924783058
6540,LBY,1993,6113.3535083834295
6541,LBY,1994,6190.681383145807
6542,LBY,1995,6645.076570544713
6543,LBY,1996,6898.952376397879
6544,LBY,1997,7543.935430735358
6545,LBY,1998,8422.214675783796
6546,LBY,1999,8545.48067270692
6547,LBY,2000,9064.067319389056
6548,LBY,2001,9770.980438899314
6549,LBY,2002,10354.482576624623
6550,LBY,2003,10787.674732527088
6551,LBY,2004,12870.57452617692
6552,LBY,2005,14193.259007830184
6553,LBY,2006,16538.556629333652
6554,LBY,2007,18657.06165054426
6555,LBY,2008,20731.717782800333
6556,LBY,2009,25140.598828815702
6557,LBY,2010,26403.78804299887
6558,LBY,2011,29157.142083381335
6559,LBY,2012,12893.0
6560,LBY,2013,25302.51626186175
6561,LBY,2014,20190.090227968107
6562,LBY,2015,15154.098245791236
6563,LBY,2016,14720.547614873803
6564,LBY,2017,14219.171598320956
6565,LBY,2018,18455.95253043557
6566,LBY,2019,19504.555642363055
6567,LBY,2020,16971.502279517455
6568,LBY,2021,11741.864485139677
6569,LBY,2022,14797.097464611928
6590,LTU,1970,
6591,LTU,1971,
6592,LTU,1972,
6593,LTU,1973,
6594,LTU,1974,12103.0
6595,LTU,1975,
6596,LTU,1976,
6597,LTU,1977,
6598,LTU,1978,
6599,LTU,1979,
6600,LTU,1980,
6601,LTU,1981,12734.0
6602,LTU,1982,13190.0
6603,LTU,1983,13654.0
6604,LTU,1984,13718.0
6605,LTU,1985,13796.0
6606,LTU,1986,13287.0
6607,LTU,1987,13667.0
6608,LTU,1988,13831.0
6609,LTU,1989,14851.0
6610,LTU,1990,14693.0
6611,LTU,1991,13809.0
6612,LTU,1992,12999.30885694802
6613,LTU,1993,10240.939230175538
6614,LTU,1994,8621.09647172474
6615,LTU,1995,7830.005134689356
6616,LTU,1996,8299.469932459284
6617,LTU,1997,8793.700797853546
6618,LTU,1998,9592.63965461508
6619,LTU,1999,10382.117408001002
6620,LTU,2000,10336.395162425892
6621,LTU,2001,10806.873896077645
6622,LTU,2002,11606.72892967804
6623,LTU,2003,12490.621163017631
6624,LTU,2004,13917.50766002349
6625,LTU,2005,14995.766976190702
6626,LTU,2006,16417.948426279625
6627,LTU,2007,17916.05915944606
6628,LTU,2008,20138.47241012252
6629,LTU,2009,20879.802470177132
6630,LTU,2010,17983.34904192825
6631,LTU,2011,18663.760946132526
6632,LTU,2012,20243.0
6633,LTU,2013,21305.002988915698
6634,LTU,2014,22285.684320715773
6635,LTU,2015,23273.172142362593
6636,LTU,2016,23968.847156078493
6637,LTU,2017,24886.84008424979
6638,LTU,2018,26318.02302779184
6639,LTU,2019,27631.460432687298
6640,LTU,2020,28986.052459000013
6641,LTU,2021,28971.84423726417
6642,LTU,2022,30557.03005861456
6663,LUX,1970,20516.0
6664,LUX,1971,20763.0
6665,LUX,1972,21117.0
6666,LUX,1973,22236.0
6667,LUX,1974,23820.0
6668,LUX,1975,24503.0
6669,LUX,1976,22643.0
6670,LUX,1977,23100.0
6671,LUX,1978,23417.0
6672,LUX,1979,24331.0
6673,LUX,1980,24836.0
6674,LUX,1981,24951.0
6675,LUX,1982,25136.0
6676,LUX,1983,25005.0
6677,LUX,1984,25738.0
6678,LUX,1985,27303.0
6679,LUX,1986,28032.0
6680,LUX,1987,30051.0
6681,LUX,1988,30533.0
6682,LUX,1989,33351.0
6683,LUX,1990,36442.0
6684,LUX,1991,36706.0
6685,LUX,1992,39198.2989972173
6686,LUX,1993,39231.59350188635
6687,LUX,1994,40179.49453548041
6688,LUX,1995,40990.712825112685
6689,LUX,1996,40838.56460274642
6690,LUX,1997,40687.90296279235
6691,LUX,1998,42311.34295374878
6692,LUX,1999,44142.560310701294
6693,LUX,2000,47061.11105669248
6694,LUX,2001,50063.824076531
6695,LUX,2002,50527.66394141982
6696,LUX,2003,51709.73585396883
6697,LUX,2004,51717.03305825775
6698,LUX,2005,52624.16248290635
6699,LUX,2006,53262.093930996925
6700,LUX,2007,54920.81002465592
6701,LUX,2008,58369.70148034947
6702,LUX,2009,56383.190819386706
6703,LUX,2010,52731.389494684634
6704,LUX,2011,54086.33729664133
6705,LUX,2012,54031.0
6706,LUX,2013,53675.45980204135
6707,LUX,2014,53973.39435153653
6708,LUX,2015,54100.08638349217
6709,LUX,2016,54251.44801924006
6710,LUX,2017,55516.09603164462
6711,LUX,2018,55037.18671363309
6712,LUX,2019,54625.962158566785
6713,LUX,2020,54751.602331303264
6714,LUX,2021,53489.33174392858
6715,LUX,2022,55346.675082632995
6736,MDG,1970,1900.0
6737,MDG,1971,1954.0
6738,MDG,1972,1986.0
6739,MDG,1973,1916.0
6740,MDG,1974,1824.0
6741,MDG,1975,1816.0
6742,MDG,1976,1795.0
6743,MDG,1977,1694.0
6744,MDG,1978,1691.0
6745,MDG,1979,1604.0
6746,MDG,1980,1714.0
6747,MDG,1981,1680.0
6748,MDG,1982,1492.0
6749,MDG,1983,1423.0
6750,MDG,1984,1395.0
6751,MDG,1985,1305.0
6752,MDG,1986,1296.0
6753,MDG,1987,1267.0
6754,MDG,1988,1258.0
6755,MDG,1989,1240.0
6756,MDG,1990,1251.0
6757,MDG,1991,1262.0
6758,MDG,1992,1160.670533644055
6759,MDG,1993,1152.6460623318474
6760,MDG,1994,1154.1894836927777
6761,MDG,1995,1132.1717646415016
6762,MDG,1996,1129.8485481073742
6763,MDG,1997,1132.4437234951688
6764,MDG,1998,1152.1545829273098
6765,MDG,1999,1174.2272274808554
6766,MDG,2000,1206.8937614601623
6767,MDG,2001,1238.7764128262836
6768,MDG,2002,1290.1064455092514
6769,MDG,2003,1110.821697808672
6770,MDG,2004,1198.4432505746915
6771,MDG,2005,1239.896974885536
6772,MDG,2006,1276.486788139317
6773,MDG,2007,1322.4795193682355
6774,MDG,2008,1384.1850036771834
6775,MDG,2009,1458.7853395069988
6776,MDG,2010,1367.6862572519497
6777,MDG,2011,1349.6198337375167
6778,MDG,2012,1347.0
6779,MDG,2013,1350.638040004712
6780,MDG,2014,1345.350945044516
6781,MDG,2015,1354.1408001073978
6782,MDG,2016,1360.7545006851938
6783,MDG,2017,1379.3698342593648
6784,MDG,2018,1398.0183426717206
6785,MDG,2019,1407.442425894754
6786,MDG,2020,1434.2703140960969
6787,MDG,2021,1300.542836411424
6788,MDG,2022,1343.4438578473782
6809,MWI,1970,722.0
6810,MWI,1971,713.0
6811,MWI,1972,794.0
6812,MWI,1973,851.0
6813,MWI,1974,896.0
6814,MWI,1975,928.0
6815,MWI,1976,934.0
6816,MWI,1977,942.0
6817,MWI,1978,961.0
6818,MWI,1979,1015.0
6819,MWI,1980,1030.0
6820,MWI,1981,1004.0
6821,MWI,1982,925.0
6822,MWI,1983,904.0
6823,MWI,1984,913.0
6824,MWI,1985,925.0
6825,MWI,1986,966.0
6826,MWI,1987,936.0
6827,MWI,1988,905.0
6828,MWI,1989,872.0
6829,MWI,1990,864.0
6830,MWI,1991,861.0
6831,MWI,1992,899.975111985489
6832,MWI,1993,802.9305001829443
6833,MWI,1994,865.763191642982
6834,MWI,1995,791.5500602937615
6835,MWI,1996,906.8790169328316
6836,MWI,1997,972.8213561368592
6837,MWI,1998,1005.8521386730674
6838,MWI,1999,986.0287117254078
6839,MWI,2000,989.8359268128082
6840,MWI,2001,967.0872078365064
6841,MWI,2002,899.2305028956672
6842,MWI,2003,886.1978351532919
6843,MWI,2004,905.7954573417188
6844,MWI,2005,922.761274523614
6845,MWI,2006,920.0499453683124
6846,MWI,2007,929.4761925608914
6847,MWI,2008,982.3916452607176
6848,MWI,2009,1017.8208100763349
6849,MWI,2010,1061.9494613142765
6850,MWI,2011,1091.5876453348292
6851,MWI,2012,1102.0
6852,MWI,2013,1089.306420894477
6853,MWI,2014,1112.7039040025431
6854,MWI,2015,1142.9806596280062
6855,MWI,2016,1144.3241294161178
6856,MWI,2017,1138.736299468755
6857,MWI,2018,1153.0430247575991
6858,MWI,2019,1172.6712847901124
6859,MWI,2020,1205.4770715379748
6860,MWI,2021,1186.6827178733677
6861,MWI,2022,1211.209253928855
6882,MYS,1970,3196.0
6883,MYS,1971,3314.0
6884,MYS,1972,3475.0
6885,MYS,1973,3649.0
6886,MYS,1974,4081.0
6887,MYS,1975,4285.0
6888,MYS,1976,4221.0
6889,MYS,1977,4638.0
6890,MYS,1978,4903.0
6891,MYS,1979,5214.0
6892,MYS,1980,5510.0
6893,MYS,1981,5829.0
6894,MYS,1982,6095.0
6895,MYS,1983,6303.0
6896,MYS,1984,6529.0
6897,MYS,1985,6867.0
6898,MYS,1986,6626.0
6899,MYS,1987,6543.0
6900,MYS,1988,6723.0
6901,MYS,1989,7144.0
6902,MYS,1990,7634.0
6903,MYS,1991,8179.0
6904,MYS,1992,8781.208893108405
6905,MYS,1993,9383.9321554432
6906,MYS,1994,10131.929337681157
6907,MYS,1995,10867.256099167236
6908,MYS,1996,11725.092539240552
6909,MYS,1997,12668.668326380066
6910,MYS,1998,13344.5706070554
6911,MYS,1999,12129.63578542647
6912,MYS,2000,12636.607156270931
6913,MYS,2001,13474.701462099618
6914,MYS,2002,13307.214860642716
6915,MYS,2003,13809.872051197268
6916,MYS,2004,14362.155661441326
6917,MYS,2005,15087.251433577863
6918,MYS,2006,15651.11804453899
6919,MYS,2007,16353.924095490169
6920,MYS,2008,17209.58455344142
6921,MYS,2009,17865.640878888928
6922,MYS,2010,17430.444562265613
6923,MYS,2011,18574.2996268691
6924,MYS,2012,19390.0
6925,MYS,2013,20162.177866482707
6926,MYS,2014,20819.163319335446
6927,MYS,2015,21769.005866699557
6928,MYS,2016,22550.34217805674
6929,MYS,2017,23251.90298401355
6930,MYS,2018,24301.55892980997
6931,MYS,2019,25175.799568359595
6932,MYS,2020,25986.41141789413
6933,MYS,2021,24279.315633018203
6934,MYS,2022,24764.64969856618
6955,MLI,1970,899.0
6956,MLI,1971,934.0
6957,MLI,1972,945.0
6958,MLI,1973,971.0
6959,MLI,1974,926.0
6960,MLI,1975,883.0
6961,MLI,1976,982.0
6962,MLI,1977,1090.0
6963,MLI,1978,1148.0
6964,MLI,1979,1101.0
6965,MLI,1980,1345.0
6966,MLI,1981,1168.0
6967,MLI,1982,1111.0
6968,MLI,1983,1030.0
6969,MLI,1984,1057.0
6970,MLI,1985,1084.0
6971,MLI,1986,1089.0
6972,MLI,1987,1138.0
6973,MLI,1988,1138.0
6974,MLI,1989,1116.0
6975,MLI,1990,1205.0
6976,MLI,1991,1191.0
6977,MLI,1992,1186.7576821061425
6978,MLI,1993,1115.4059709719274
6979,MLI,1994,1115.100172601165
6980,MLI,1995,1111.7853665954442
6981,MLI,1996,1100.2432497144953
6982,MLI,1997,1130.5096649594225
6983,MLI,1998,1160.9516652043324
6984,MLI,1999,1167.4325780704648
6985,MLI,2000,1192.3168188946438
6986,MLI,2001,1153.0461453554185
6987,MLI,2002,1309.2558397068744
6988,MLI,2003,1321.3388265733836
6989,MLI,2004,1391.2634712829354
6990,MLI,2005,1366.9830665779407
6991,MLI,2006,1414.7927385625292
6992,MLI,2007,1438.2079327040642
6993,MLI,2008,1441.205936709517
6994,MLI,2009,1460.495980038843
6995,MLI,2010,1477.4183743876558
6996,MLI,2011,1504.9956122694275
6997,MLI,2012,1500.0
6998,MLI,2013,1449.195949731137
6999,MLI,2014,1444.187901831615
7000,MLI,2015,1505.6677272326094
7001,MLI,2016,1555.804568664512
7002,MLI,2017,1602.781914597663
7003,MLI,2018,1642.5181485559388
7004,MLI,2019,1673.8774703125134
7005,MLI,2020,1706.0105060362946
7006,MLI,2021,1638.9304502976336
7007,MLI,2022,1643.0143721173124
7028,MLT,1970,3483.0
7029,MLT,1971,3889.0
7030,MLT,1972,3987.0
7031,MLT,1973,4299.0
7032,MLT,1974,4442.0
7033,MLT,1975,4863.0
7034,MLT,1976,5738.0
7035,MLT,1977,6684.0
7036,MLT,1978,7438.0
7037,MLT,1979,8080.0
7038,MLT,1980,8745.0
7039,MLT,1981,8920.0
7040,MLT,1982,9224.0
7041,MLT,1983,9526.0
7042,MLT,1984,9586.0
7043,MLT,1985,9797.0
7044,MLT,1986,10176.0
7045,MLT,1987,10584.0
7046,MLT,1988,10943.0
7047,MLT,1989,11765.0
7048,MLT,1990,12607.0
7049,MLT,1991,13259.0
7050,MLT,1992,13834.927031726536
7051,MLT,1993,14341.301596372025
7052,MLT,1994,14840.319300841204
7053,MLT,1995,15539.059462853587
7054,MLT,1996,16417.17321677853
7055,MLT,1997,16932.04784205388
7056,MLT,1998,17694.789590346605
7057,MLT,1999,18488.66584927667
7058,MLT,2000,19254.364806360405
7059,MLT,2001,20434.549470482267
7060,MLT,2002,20413.05002831469
7061,MLT,2003,20873.984135075105
7062,MLT,2004,21273.134299891713
7063,MLT,2005,21233.00101435247
7064,MLT,2006,21905.215301151515
7065,MLT,2007,22233.7176167616
7066,MLT,2008,23048.26343246353
7067,MLT,2009,23674.59430565875
7068,MLT,2010,22927.655023136584
7069,MLT,2011,23632.624639066184
7070,MLT,2012,23871.0
7071,MLT,2013,24629.777369544292
7072,MLT,2014,25611.12142374041
7073,MLT,2015,27007.890967294632
7074,MLT,2016,28906.48112712545
7075,MLT,2017,29207.270281846828
7076,MLT,2018,31495.49438510636
7077,MLT,2019,32292.822622605316
7078,MLT,2020,33220.28456962831
7079,MLT,2021,29703.76200401182
7080,MLT,2022,33031.18172471114
7101,MRT,1970,1425.0
7102,MRT,1971,1548.0
7103,MRT,1972,1533.0
7104,MRT,1973,1511.0
7105,MRT,1974,1473.0
7106,MRT,1975,1570.0
7107,MRT,1976,1699.0
7108,MRT,1977,1779.0
7109,MRT,1978,1742.0
7110,MRT,1979,1581.0
7111,MRT,1980,1706.0
7112,MRT,1981,1682.0
7113,MRT,1982,1714.0
7114,MRT,1983,1548.0
7115,MRT,1984,1553.0
7116,MRT,1985,1486.0
7117,MRT,1986,1502.0
7118,MRT,1987,1553.0
7119,MRT,1988,1551.0
7120,MRT,1989,1533.0
7121,MRT,1990,1559.0
7122,MRT,1991,1511.0
7123,MRT,1992,1547.5434702826892
7124,MRT,1993,1559.9048586606198
7125,MRT,1994,1668.7220858563026
7126,MRT,1995,1732.9970409786945
7127,MRT,1996,1686.1977262538564
7128,MRT,1997,1873.0508680719656
7129,MRT,1998,1799.8251812544347
7130,MRT,1999,1841.207484819557
7131,MRT,2000,1954.2294307256675
7132,MRT,2001,1934.7420357703168
7133,MRT,2002,1964.4456268968715
7134,MRT,2003,1967.4483087341591
7135,MRT,2004,2076.2331265156
7136,MRT,2005,2185.9502589616172
7137,MRT,2006,2371.006677034165
7138,MRT,2007,2807.1989381020244
7139,MRT,2008,2875.034723800106
7140,MRT,2009,2895.6649916028105
7141,MRT,2010,2855.574604756298
7142,MRT,2011,2982.7488004864113
7143,MRT,2012,3104.0
7144,MRT,2013,3213.0
7145,MRT,2014,3319.0
7146,MRT,2015,3459.0
7147,MRT,2016,3424.0
7148,MRT,2017,3376.7524621543976
7149,MRT,2018,3495.2229707538154
7150,MRT,2019,3567.1013704552147
7151,MRT,2020,3659.10314894174
7152,MRT,2021,3532.2977351312065
7153,MRT,2022,3527.427831896272
7174,MUS,1970,4758.0
7175,MUS,1971,4662.0
7176,MUS,1972,4804.0
7177,MUS,1973,5128.0
7178,MUS,1974,5668.0
7179,MUS,1975,6038.0
7180,MUS,1976,6030.0
7181,MUS,1977,7264.0
7182,MUS,1978,7610.0
7183,MUS,1979,7763.0
7184,MUS,1980,7889.0
7185,MUS,1981,6970.0
7186,MUS,1982,7264.0
7187,MUS,1983,7563.0
7188,MUS,1984,7516.0
7189,MUS,1985,7798.0
7190,MUS,1986,8265.0
7191,MUS,1987,9001.0
7192,MUS,1988,9840.0
7193,MUS,1989,10418.0
7194,MUS,1990,10806.0
7195,MUS,1991,11489.0
7196,MUS,1992,11643.398201006125
7197,MUS,1993,12002.380150241945
7198,MUS,1994,12228.814079767331
7199,MUS,1995,12381.066574186869
7200,MUS,1996,12567.928192990208
7201,MUS,1997,12841.93053084664
7202,MUS,1998,13198.294920247428
7203,MUS,1999,13607.884650004664
7204,MUS,2000,13572.680281248277
7205,MUS,2001,14272.30092371748
7206,MUS,2002,14347.610817617318
7207,MUS,2003,14196.040774451008
7208,MUS,2004,14623.308505073224
7209,MUS,2005,14854.61368792551
7210,MUS,2006,14725.164159799027
7211,MUS,2007,15042.54139763051
7212,MUS,2008,15519.41864738926
7213,MUS,2009,15957.960224953567
7214,MUS,2010,16029.263886274308
7215,MUS,2011,16269.320153638684
7216,MUS,2012,16483.0
7217,MUS,2013,17021.246228047617
7218,MUS,2014,17555.554165873356
7219,MUS,2015,18192.18747429924
7220,MUS,2016,18828.00090117624
7221,MUS,2017,19525.31519052267
7222,MUS,2018,20259.8873394489
7223,MUS,2019,21040.637996962865
7224,MUS,2020,21624.842214480148
7225,MUS,2021,18445.97490973305
7226,MUS,2022,19069.04830968499
7247,MEX,1970,6629.0
7248,MEX,1971,6873.0
7249,MEX,1972,6912.0
7250,MEX,1973,7256.0
7251,MEX,1974,7597.0
7252,MEX,1975,7801.0
7253,MEX,1976,8011.0
7254,MEX,1977,8131.0
7255,MEX,1978,8177.0
7256,MEX,1979,8690.0
7257,MEX,1980,9307.0
7258,MEX,1981,9929.0
7259,MEX,1982,10538.0
7260,MEX,1983,10240.0
7261,MEX,1984,9656.0
7262,MEX,1985,9777.0
7263,MEX,1986,9785.0
7264,MEX,1987,9283.0
7265,MEX,1988,9256.0
7266,MEX,1989,9193.0
7267,MEX,1990,9392.0
7268,MEX,1991,9699.0
7269,MEX,1992,10008.55074402065
7270,MEX,1993,10262.210680323857
7271,MEX,1994,10357.829066512122
7272,MEX,1995,10721.008231258847
7273,MEX,1996,9944.95271764715
7274,MEX,1997,10386.499120858674
7275,MEX,1998,11030.343186999262
7276,MEX,1999,11510.877396985585
7277,MEX,2000,11894.202848912391
7278,MEX,2001,12613.396051909382
7279,MEX,2002,12565.465172055608
7280,MEX,2003,12645.503583245143
7281,MEX,2004,12793.95561894545
7282,MEX,2005,13287.599901797115
7283,MEX,2006,13655.801157462844
7284,MEX,2007,14287.558268468329
7285,MEX,2008,14684.727956137704
7286,MEX,2009,14808.089963376902
7287,MEX,2010,14026.988962508143
7288,MEX,2011,14697.29811084571
7289,MEX,2012,15210.0
7290,MEX,2013,15547.994521281404
7291,MEX,2014,15614.78168757982
7292,MEX,2015,15883.876915366996
7293,MEX,2016,16235.004341326458
7294,MEX,2017,16705.0464647827
7295,MEX,2018,16900.131009812096
7296,MEX,2019,17055.116395989793
7297,MEX,2020,16802.014276655613
7298,MEX,2021,15253.691313136262
7299,MEX,2022,15853.37632930669
7320,MNG,1970,1189.0
7321,MNG,1971,1226.0
7322,MNG,1972,1246.0
7323,MNG,1973,1256.0
7324,MNG,1974,1328.0
7325,MNG,1975,1342.0
7326,MNG,1976,1387.0
7327,MNG,1977,1401.0
7328,MNG,1978,1470.0
7329,MNG,1979,1537.0
7330,MNG,1980,1556.0
7331,MNG,1981,1618.0
7332,MNG,1982,1714.0
7333,MNG,1983,1814.0
7334,MNG,1984,1876.0
7335,MNG,1985,1940.0
7336,MNG,1986,2004.0
7337,MNG,1987,2142.0
7338,MNG,1988,2168.0
7339,MNG,1989,2227.0
7340,MNG,1990,2232.0
7341,MNG,1991,2123.0
7342,MNG,1992,1976.0231202514672
7343,MNG,1993,1841.01246368828
7344,MNG,1994,1846.225553882722
7345,MNG,1995,1955.4772619808953
7346,MNG,1996,2147.828702490129
7347,MNG,1997,2271.7987112750016
7348,MNG,1998,2445.0126790429244
7349,MNG,1999,2620.4890571996657
7350,MNG,2000,2801.861814692823
7351,MNG,2001,2936.0627786972627
7352,MNG,2002,3133.5559121507085
7353,MNG,2003,3401.9464532370725
7354,MNG,2004,3775.4379347429303
7355,MNG,2005,4334.231383759123
7356,MNG,2006,4822.233569068163
7357,MNG,2007,5426.853605469195
7358,MNG,2008,6196.589225016245
7359,MNG,2009,6982.146430012929
7360,MNG,2010,7126.8087057500925
7361,MNG,2011,7830.06414593609
7362,MNG,2012,9484.0
7363,MNG,2013,10493.0
7364,MNG,2014,11545.0
7365,MNG,2015,12283.0
7366,MNG,2016,12398.0
7367,MNG,2017,12313.543593575492
7368,MNG,2018,12728.355138058
7369,MNG,2019,13419.57770121529
7370,MNG,2020,13871.330127961975
7371,MNG,2021,12990.328563230378
7372,MNG,2022,12992.166560057296
7393,MNE,1970,4546.0
7394,MNE,1971,4857.0
7395,MNE,1972,4994.0
7396,MNE,1973,5206.0
7397,MNE,1974,5137.0
7398,MNE,1975,5394.0
7399,MNE,1976,5512.0
7400,MNE,1977,5740.0
7401,MNE,1978,6298.0
7402,MNE,1979,6583.0
7403,MNE,1980,6523.0
7404,MNE,1981,7992.0
7405,MNE,1982,7635.0
7406,MNE,1983,7790.0
7407,MNE,1984,7610.0
7408,MNE,1985,7828.0
7409,MNE,1986,7804.0
7410,MNE,1987,8021.0
7411,MNE,1988,7592.0
7412,MNE,1989,7299.0
7413,MNE,1990,7278.0
7414,MNE,1991,6605.0
7415,MNE,1992,6068.215155121114
7416,MNE,1993,4605.298853657336
7417,MNE,1994,2981.804595717488
7418,MNE,1995,3073.9207262323207
7419,MNE,1996,3571.072375996292
7420,MNE,1997,4663.160068685614
7421,MNE,1998,5121.728205681126
7422,MNE,1999,5522.104394005713
7423,MNE,2000,5142.729068401965
7424,MNE,2001,6046.14222843826
7425,MNE,2002,6429.561141850434
7426,MNE,2003,6897.724960376603
7427,MNE,2004,7445.050118255445
7428,MNE,2005,8193.749691552164
7429,MNE,2006,9002.218204676312
7430,MNE,2007,10307.646972987595
7431,MNE,2008,12027.429376495937
7432,MNE,2009,13550.356381549684
7433,MNE,2010,13459.499158641718
7434,MNE,2011,14509.765564414824
7435,MNE,2012,15747.0
7436,MNE,2013,15421.0
7437,MNE,2014,16064.0
7438,MNE,2015,16437.0
7439,MNE,2016,17249.0
7440,MNE,2017,17777.416928555278
7441,MNE,2018,18640.19586379621
7442,MNE,2019,19617.215109901575
7443,MNE,2020,20448.54809589768
7444,MNE,2021,17355.623874323574
7445,MNE,2022,19656.557287798227
7466,MAR,1970,2503.0
7467,MAR,1971,2576.0
7468,MAR,1972,2654.0
7469,MAR,1973,2660.0
7470,MAR,1974,2700.0
7471,MAR,1975,2791.0
7472,MAR,1976,2919.0
7473,MAR,1977,3175.0
7474,MAR,1978,3268.0
7475,MAR,1979,3298.0
7476,MAR,1980,3382.0
7477,MAR,1981,3622.0
7478,MAR,1982,3457.0
7479,MAR,1983,3725.0
7480,MAR,1984,3606.0
7481,MAR,1985,3657.0
7482,MAR,1986,3784.0
7483,MAR,1987,3977.0
7484,MAR,1988,3790.0
7485,MAR,1989,4077.0
7486,MAR,1990,4073.0
7487,MAR,1991,4130.0
7488,MAR,1992,4353.7296889409035
7489,MAR,1993,4194.446909789483
7490,MAR,1994,4097.280627699567
7491,MAR,1995,4461.062591096579
7492,MAR,1996,4156.925051450954
7493,MAR,1997,4603.651958431055
7494,MAR,1998,4469.189823566713
7495,MAR,1999,4729.182939040482
7496,MAR,2000,4720.771347617782
7497,MAR,2001,4753.638253651218
7498,MAR,2002,5042.0731098194365
7499,MAR,2003,5140.872532311595
7500,MAR,2004,5386.850380083709
7501,MAR,2005,5584.153849676644
7502,MAR,2006,5708.031140956663
7503,MAR,2007,6076.952533670616
7504,MAR,2008,6228.431666892243
7505,MAR,2009,6530.978071948748
7506,MAR,2010,6741.460269991847
7507,MAR,2011,6931.55829013224
7508,MAR,2012,7226.0
7509,MAR,2013,7355.325972853022
7510,MAR,2014,7599.724309025034
7511,MAR,2015,7714.631888235978
7512,MAR,2016,7959.5277682139
7513,MAR,2017,7912.222090693927
7514,MAR,2018,8222.670232146993
7515,MAR,2019,8385.94955729587
7516,MAR,2020,8540.803443894769
7517,MAR,2021,7849.207931212453
7518,MAR,2022,8391.294664532728
7539,MOZ,1970,2699.0
7540,MOZ,1971,2778.0
7541,MOZ,1972,2895.0
7542,MOZ,1973,2906.0
7543,MOZ,1974,2986.0
7544,MOZ,1975,2684.0
7545,MOZ,1976,2238.0
7546,MOZ,1977,2064.0
7547,MOZ,1978,2013.0
7548,MOZ,1979,1969.0
7549,MOZ,1980,1937.0
7550,MOZ,1981,1945.0
7551,MOZ,1982,1940.0
7552,MOZ,1983,1852.0
7553,MOZ,1984,1694.0
7554,MOZ,1985,1629.0
7555,MOZ,1986,1466.0
7556,MOZ,1987,1479.0
7557,MOZ,1988,1562.0
7558,MOZ,1989,1701.0
7559,MOZ,1990,1776.0
7560,MOZ,1991,1776.0
7561,MOZ,1992,1719.0991199089242
7562,MOZ,1993,1482.416625375586
7563,MOZ,1994,1439.2897045371517
7564,MOZ,1995,1312.372021709233
7565,MOZ,1996,1165.810160021586
7566,MOZ,1997,1325.5953686560963
7567,MOZ,1998,1323.6936143948903
7568,MOZ,1999,1335.6607344147017
7569,MOZ,2000,1301.576300184304
7570,MOZ,2001,1196.014879449412
7571,MOZ,2002,1219.3810190487925
7572,MOZ,2003,1199.7331227106677
7573,MOZ,2004,1155.7036946054411
7574,MOZ,2005,1125.8321178410647
7575,MOZ,2006,1107.5338041693162
7576,MOZ,2007,1099.341782650686
7577,MOZ,2008,1067.966456225928
7578,MOZ,2009,1031.3622064849949
7579,MOZ,2010,991.7452353145684
7580,MOZ,2011,956.5304846939824
7581,MOZ,2012,925.0
7582,MOZ,2013,964.582332241387
7583,MOZ,2014,1003.728694676223
7584,MOZ,2015,1049.1934887179698
7585,MOZ,2016,1090.3977532633162
7586,MOZ,2017,1102.8173101812074
7587,MOZ,2018,1114.368422771037
7588,MOZ,2019,1122.585570792069
7589,MOZ,2020,1118.630328232767
7590,MOZ,2021,1076.6940425279995
7591,MOZ,2022,1073.569964381188
7612,MMR,1970,998.0
7613,MMR,1971,1023.0
7614,MMR,1972,1036.0
7615,MMR,1973,1023.0
7616,MMR,1974,1001.0
7617,MMR,1975,1033.0
7618,MMR,1976,1057.0
7619,MMR,1977,1103.0
7620,MMR,1978,1148.0
7621,MMR,1979,1205.0
7622,MMR,1980,1240.0
7623,MMR,1981,1320.0
7624,MMR,1982,1369.0
7625,MMR,1983,1417.0
7626,MMR,1984,1451.0
7627,MMR,1985,1492.0
7628,MMR,1986,1506.0
7629,MMR,1987,1465.0
7630,MMR,1988,1382.0
7631,MMR,1989,1207.0
7632,MMR,1990,1234.0
7633,MMR,1991,1253.0
7634,MMR,1992,1205.0714613849889
7635,MMR,1993,1283.8254830248727
7636,MMR,1994,1321.8101935535624
7637,MMR,1995,1373.9628865796824
7638,MMR,1996,1423.6504850766937
7639,MMR,1997,1469.0317370745165
7640,MMR,1998,1505.9804638374535
7641,MMR,1999,1547.0283397327264
7642,MMR,2000,1667.661226356314
7643,MMR,2001,1843.494517527998
7644,MMR,2002,1996.3736867825307
7645,MMR,2003,2175.8834327673317
7646,MMR,2004,2410.569762054218
7647,MMR,2005,2664.941253862452
7648,MMR,2006,2947.0989157758963
7649,MMR,2007,3246.693421759015
7650,MMR,2008,3542.588426898593
7651,MMR,2009,3585.7652216670704
7652,MMR,2010,3673.436656697227
7653,MMR,2011,3772.998541225463
7654,MMR,2012,3884.0
7655,MMR,2013,4091.201818102005
7656,MMR,2014,4371.002736462297
7657,MMR,2015,4684.643122007296
7658,MMR,2016,4984.668832386767
7659,MMR,2017,5252.832208764598
7660,MMR,2018,5503.631896954114
7661,MMR,2019,5803.431070384382
7662,MMR,2020,6140.884701072777
7663,MMR,2021,6282.811713203451
7664,MMR,2022,5113.336847752783
7685,NAM,1970,6303.0
7686,NAM,1971,6164.0
7687,NAM,1972,6258.0
7688,NAM,1973,6156.0
7689,NAM,1974,6177.0
7690,NAM,1975,6387.0
7691,NAM,1976,6293.0
7692,NAM,1977,6150.0
7693,NAM,1978,5984.0
7694,NAM,1979,6027.0
7695,NAM,1980,6073.0
7696,NAM,1981,6293.0
7697,NAM,1982,6271.0
7698,NAM,1983,6064.0
7699,NAM,1984,5734.0
7700,NAM,1985,5539.0
7701,NAM,1986,5396.0
7702,NAM,1987,5530.0
7703,NAM,1988,5595.0
7704,NAM,1989,5386.0
7705,NAM,1990,5208.0
7706,NAM,1991,5007.0
7707,NAM,1992,5239.034116635993
7708,NAM,1993,5532.672487158338
7709,NAM,1994,5294.242733896669
7710,NAM,1995,5545.462306906096
7711,NAM,1996,5638.766624120424
7712,NAM,1997,5687.116663685837
7713,NAM,1998,5796.631736921494
7714,NAM,1999,5859.883448695939
7715,NAM,2000,5926.427739552253
7716,NAM,2001,5971.814786549045
7717,NAM,2002,5888.432065195969
7718,NAM,2003,6069.320281063856
7719,NAM,2004,6082.426321145825
7720,NAM,2005,6712.771784025929
7721,NAM,2006,6807.57570891404
7722,NAM,2007,7208.688501105284
7723,NAM,2008,7509.526810882397
7724,NAM,2009,7618.030976697601
7725,NAM,2010,7548.128938553046
7726,NAM,2011,7905.540897682571
7727,NAM,2012,8203.0
7728,NAM,2013,8482.415254649208
7729,NAM,2014,8788.874722722334
7730,NAM,2015,9134.854658438671
7731,NAM,2016,9333.582793985172
7732,NAM,2017,9152.548366244138
7733,NAM,2018,8882.616850997629
7734,NAM,2019,8805.333864300244
7735,NAM,2020,8567.793425562822
7736,NAM,2021,7734.605479768219
7737,NAM,2022,7796.061589871414
7758,NPL,1970,1049.0
7759,NPL,1971,1055.0
7760,NPL,1972,1022.0
7761,NPL,1973,1034.0
7762,NPL,1974,1009.0
7763,NPL,1975,1052.0
7764,NPL,1976,1047.0
7765,NPL,1977,1071.0
7766,NPL,1978,1081.0
7767,NPL,1979,1105.0
7768,NPL,1980,1106.0
7769,NPL,1981,1057.0
7770,NPL,1982,1119.0
7771,NPL,1983,1135.0
7772,NPL,1984,1076.0
7773,NPL,1985,1152.0
7774,NPL,1986,1194.0
7775,NPL,1987,1218.0
7776,NPL,1988,1208.0
7777,NPL,1989,1269.0
7778,NPL,1990,1290.0
7779,NPL,1991,1315.0
7780,NPL,1992,1360.7835450119917
7781,NPL,1993,1374.6611849864776
7782,NPL,1994,1385.2410615719575
7783,NPL,1995,1456.020296565261
7784,NPL,1996,1468.0789453289217
7785,NPL,1997,1511.7336730097186
7786,NPL,1998,1558.3987854155582
7787,NPL,1999,1570.6634930142088
7788,NPL,2000,1609.1802762204345
7789,NPL,2001,1676.7456451078976
7790,NPL,2002,1738.3141794103872
7791,NPL,2003,1709.778699379073
7792,NPL,2004,1747.776601385109
7793,NPL,2005,1802.1438478506327
7794,NPL,2006,1836.3057151746216
7795,NPL,2007,1884.1871667937132
7796,NPL,2008,1927.3865031104444
7797,NPL,2009,2021.1540837983848
7798,NPL,2010,2085.2436141145413
7799,NPL,2011,2152.274587448379
7800,NPL,2012,2189.0
7801,NPL,2013,2258.0
7802,NPL,2014,2316.0
7803,NPL,2015,2421.0
7804,NPL,2016,2455.0
7805,NPL,2017,2443.432481768947
7806,NPL,2018,2632.340821601693
7807,NPL,2019,2800.859682238255
7808,NPL,2020,2953.560230153333
7809,NPL,2021,2832.860944763906
7810,NPL,2022,2902.0501722250265
7831,NLD,1970,18270.0
7832,NLD,1971,19075.0
7833,NLD,1972,19636.0
7834,NLD,1973,20079.0
7835,NLD,1974,20851.0
7836,NLD,1975,21514.0
7837,NLD,1976,21318.0
7838,NLD,1977,22132.0
7839,NLD,1978,22598.0
7840,NLD,1979,22992.0
7841,NLD,1980,23347.0
7842,NLD,1981,23438.0
7843,NLD,1982,23153.0
7844,NLD,1983,22780.0
7845,NLD,1984,23086.0
7846,NLD,1985,23750.0
7847,NLD,1986,24361.0
7848,NLD,1987,24893.0
7849,NLD,1988,25085.0
7850,NLD,1989,25574.0
7851,NLD,1990,26612.0
7852,NLD,1991,27515.0
7853,NLD,1992,28126.78128729326
7854,NLD,1993,28555.731843562444
7855,NLD,1994,28879.99563778952
7856,NLD,1995,29727.555977579766
7857,NLD,1996,30680.346818344584
7858,NLD,1997,31811.739177846182
7859,NLD,1998,33199.63247748674
7860,NLD,1999,34688.551972478344
7861,NLD,2000,36409.076594083985
7862,NLD,2001,37899.95037765948
7863,NLD,2002,38636.22114859548
7864,NLD,2003,38653.123690763896
7865,NLD,2004,38803.95858555849
7866,NLD,2005,39682.37611246844
7867,NLD,2006,40679.48952082843
7868,NLD,2007,42286.51007982917
7869,NLD,2008,44008.75173113088
7870,NLD,2009,44840.71137006535
7871,NLD,2010,43178.50694578154
7872,NLD,2011,43812.34916817474
7873,NLD,2012,44591.0
7874,NLD,2013,43968.25377669789
7875,NLD,2014,43782.968262272545
7876,NLD,2015,44245.55891701035
7877,NLD,2016,44912.6652330096
7878,NLD,2017,45654.468892801175
7879,NLD,2018,46706.43859939366
7880,NLD,2019,47528.90299759168
7881,NLD,2020,48142.67175996077
7882,NLD,2021,46014.48428690067
7883,NLD,2022,48001.83815004105
7904,NZL,1970,18348.0
7905,NZL,1971,17835.0
7906,NZL,1972,18452.0
7907,NZL,1973,18889.0
7908,NZL,1974,19804.0
7909,NZL,1975,20529.0
7910,NZL,1976,19907.0
7911,NZL,1977,20161.0
7912,NZL,1978,19110.0
7913,NZL,1979,19182.0
7914,NZL,1980,19580.0
7915,NZL,1981,19681.0
7916,NZL,1982,20537.0
7917,NZL,1983,20715.0
7918,NZL,1984,21015.0
7919,NZL,1985,21783.0
7920,NZL,1986,21780.0
7921,NZL,1987,22124.0
7922,NZL,1988,22142.0
7923,NZL,1989,22022.0
7924,NZL,1990,22107.0
7925,NZL,1991,21817.0
7926,NZL,1992,21125.894441464632
7927,NZL,1993,21093.06134026169
7928,NZL,1994,21897.675589250273
7929,NZL,1995,23076.8580370377
7930,NZL,1996,23751.903279923343
7931,NZL,1997,24321.248009389717
7932,NZL,1998,24802.129652390377
7933,NZL,1999,24861.415744330163
7934,NZL,2000,25867.99278194082
7935,NZL,2001,26823.01745930254
7936,NZL,2002,27167.31853490533
7937,NZL,2003,28065.855955148236
7938,NZL,2004,28876.28695203709
7939,NZL,2005,29806.73526544015
7940,NZL,2006,30270.247318837275
7941,NZL,2007,30798.6310699084
7942,NZL,2008,31784.44081904042
7943,NZL,2009,31444.63323540741
7944,NZL,2010,31233.075830391692
7945,NZL,2011,31586.08932678963
7946,NZL,2012,32057.0
7947,NZL,2013,32714.73260944279
7948,NZL,2014,33109.26129665986
7949,NZL,2015,33591.32021166519
7950,NZL,2016,34248.47720110293
7951,NZL,2017,34879.93804063972
7952,NZL,2018,35573.96344750606
7953,NZL,2019,36420.04873497191
7954,NZL,2020,36912.075718532695
7955,NZL,2021,35853.692992715216
7956,NZL,2022,37837.45806607527
7977,NIC,1970,4564.0
7978,NIC,1971,4463.0
7979,NIC,1972,4533.0
7980,NIC,1973,4543.0
7981,NIC,1974,4637.0
7982,NIC,1975,5064.0
7983,NIC,1976,5013.0
7984,NIC,1977,5099.0
7985,NIC,1978,5247.0
7986,NIC,1979,4771.0
7987,NIC,1980,3405.0
7988,NIC,1981,3414.0
7989,NIC,1982,3480.0
7990,NIC,1983,3360.0
7991,NIC,1984,3437.0
7992,NIC,1985,3308.0
7993,NIC,1986,3107.0
7994,NIC,1987,3011.0
7995,NIC,1988,2922.0
7996,NIC,1989,2498.0
7997,NIC,1990,2393.0
7998,NIC,1991,2291.0
7999,NIC,1992,2209.7942483077627
8000,NIC,1993,2163.4165916844263
8001,NIC,1994,2114.6918975367407
8002,NIC,1995,2154.299011959488
8003,NIC,1996,2264.092518252075
8004,NIC,1997,2395.2021732858275
8005,NIC,1998,2482.690824004514
8006,NIC,1999,2569.828330482171
8007,NIC,2000,2748.1270002457577
8008,NIC,2001,2858.526912402704
8009,NIC,2002,2944.244526766683
8010,NIC,2003,2969.457584869204
8011,NIC,2004,3049.1499913269267
8012,NIC,2005,3220.2610365237183
8013,NIC,2006,3370.77750867683
8014,NIC,2007,3525.5536519620005
8015,NIC,2008,3729.851433342894
8016,NIC,2009,3856.552283010685
8017,NIC,2010,3771.947048728716
8018,NIC,2011,3916.965925691713
8019,NIC,2012,4189.0
8020,NIC,2013,4376.0
8021,NIC,2014,4527.0
8022,NIC,2015,4685.0
8023,NIC,2016,4866.0
8024,NIC,2017,5015.864324456716
8025,NIC,2018,5174.223937230618
8026,NIC,2019,4930.429632849396
8027,NIC,2020,4721.727406340627
8028,NIC,2021,4575.186325096798
8029,NIC,2022,4978.84140892313
8050,NER,1970,1326.0
8051,NER,1971,1337.0
8052,NER,1972,1382.0
8053,NER,1973,1282.0
8054,NER,1974,1039.0
8055,NER,1975,1105.0
8056,NER,1976,1050.0
8057,NER,1977,1033.0
8058,NER,1978,1087.0
8059,NER,1979,1205.0
8060,NER,1980,1261.0
8061,NER,1981,1291.0
8062,NER,1982,1277.0
8063,NER,1983,1231.0
8064,NER,1984,1180.0
8065,NER,1985,956.0
8066,NER,1986,950.0
8067,NER,1987,969.0
8068,NER,1988,912.0
8069,NER,1989,939.0
8070,NER,1990,915.0
8071,NER,1991,872.0
8072,NER,1992,865.9134209642032
8073,NER,1993,785.2636183236978
8074,NER,1994,771.5414227419169
8075,NER,1995,776.8025247493501
8076,NER,1996,702.4933944459684
8077,NER,1997,712.8558452721954
8078,NER,1998,693.1093824969898
8079,NER,1999,755.247969163888
8080,NER,2000,736.9175247637983
8081,NER,2001,693.3765476234711
8082,NER,2002,723.3113582928088
8083,NER,2003,734.5915805707739
8084,NER,2004,758.1143313685333
8085,NER,2005,725.1316362673381
8086,NER,2006,757.243914388136
8087,NER,2007,771.4196599452945
8088,NER,2008,766.1869433852501
8089,NER,2009,809.4503920715074
8090,NER,2010,775.2534426935458
8091,NER,2011,810.1572528803077
8092,NER,2012,799.0
8093,NER,2013,849.7977412647973
8094,NER,2014,861.015605626731
8095,NER,2015,884.3457684003448
8096,NER,2016,888.3684966672369
8097,NER,2017,903.5715487256052
8098,NER,2018,913.811523462254
8099,NER,2019,942.5486044098856
8100,NER,2020,964.324343317027
8101,NER,2021,962.7822900384816
8102,NER,2022,941.2575174364652
8123,NGA,1970,1372.0
8124,NGA,1971,1744.0
8125,NGA,1972,1894.0
8126,NGA,1973,1908.0
8127,NGA,1974,2012.0
8128,NGA,1975,2179.0
8129,NGA,1976,2051.0
8130,NGA,1977,2208.0
8131,NGA,1978,2220.0
8132,NGA,1979,2028.0
8133,NGA,1980,2104.0
8134,NGA,1981,2080.0
8135,NGA,1982,1855.0
8136,NGA,1983,1784.0
8137,NGA,1984,1631.0
8138,NGA,1985,1527.0
8139,NGA,1986,1621.0
8140,NGA,1987,1610.0
8141,NGA,1988,1556.0
8142,NGA,1989,1667.0
8143,NGA,1990,1729.0
8144,NGA,1991,1773.0
8145,NGA,1992,1759.0034969673438
8146,NGA,1993,1793.9401366740867
8147,NGA,1994,1817.7495101846284
8148,NGA,1995,1820.3046246113097
8149,NGA,1996,1851.0374805896056
8150,NGA,1997,1924.0884038456277
8151,NGA,1998,1977.2856291147405
8152,NGA,1999,2025.8649217896864
8153,NGA,2000,2034.82752406394
8154,NGA,2001,2144.825404335654
8155,NGA,2002,2282.8230182916363
8156,NGA,2003,2609.129445093547
8157,NGA,2004,2848.2812973717623
8158,NGA,2005,3136.6274258695394
8159,NGA,2006,3347.820466846664
8160,NGA,2007,3564.632342456331
8161,NGA,2008,3817.483522507349
8162,NGA,2009,4084.200260359434
8163,NGA,2010,4416.346991611453
8164,NGA,2011,4904.865862629963
8165,NGA,2012,5136.0
8166,NGA,2013,5216.315621041093
8167,NGA,2014,5356.3886564568675
8168,NGA,2015,5550.7269752146685
8169,NGA,2016,5558.025667462321
8170,NGA,2017,5337.129442955359
8171,NGA,2018,5248.688403316564
8172,NGA,2019,5215.37559870875
8173,NGA,2020,5197.0825127987455
8174,NGA,2021,4976.322358449507
8175,NGA,2022,5029.088207032856
8196,NOR,1970,15779.0
8197,NOR,1971,15983.0
8198,NOR,1972,16692.0
8199,NOR,1973,17409.0
8200,NOR,1974,18050.0
8201,NOR,1975,18691.0
8202,NOR,1976,19560.0
8203,NOR,1977,20610.0
8204,NOR,1978,21399.0
8205,NOR,1979,22061.0
8206,NOR,1980,22971.0
8207,NOR,1981,24031.0
8208,NOR,1982,24179.0
8209,NOR,1983,24141.0
8210,NOR,1984,24924.0
8211,NOR,1985,26321.0
8212,NOR,1986,27608.0
8213,NOR,1987,28504.0
8214,NOR,1988,28953.0
8215,NOR,1989,28786.0
8216,NOR,1990,28942.0
8217,NOR,1991,29434.0
8218,NOR,1992,31127.67514275106
8219,NOR,1993,33041.20543946448
8220,NOR,1994,34819.51677543695
8221,NOR,1995,37492.83768381588
8222,NOR,1996,40043.79829397424
8223,NOR,1997,43133.1434703702
8224,NOR,1998,46556.479232082784
8225,NOR,1999,48956.729327077825
8226,NOR,2000,51129.18287611082
8227,NOR,2001,54039.960727798505
8228,NOR,2002,56578.377089947855
8229,NOR,2003,58840.41420772429
8230,NOR,2004,60852.25952013438
8231,NOR,2005,64824.14443014642
8232,NOR,2006,68108.55554368123
8233,NOR,2007,71310.52895068977
8234,NOR,2008,74879.80862329547
8235,NOR,2009,76522.06344265514
8236,NOR,2010,76625.63387616538
8237,NOR,2011,78476.14531495779
8238,NOR,2012,80623.0
8239,NOR,2013,81725.21850568223
8240,NOR,2014,81564.2937502866
8241,NOR,2015,82311.32497785415
8242,NOR,2016,82983.99523508434
8243,NOR,2017,83213.01259246765
8244,NOR,2018,84600.70739739561
8245,NOR,2019,84739.91970070468
8246,NOR,2020,85115.3230859659
8247,NOR,2021,83543.09832942951
8248,NOR,2022,86334.59325126758
8269,OMN,1970,6028.0
8270,OMN,1971,6056.0
8271,OMN,1972,5923.0
8272,OMN,1973,6271.0
8273,OMN,1974,5227.0
8274,OMN,1975,5644.0
8275,OMN,1976,6802.0
8276,OMN,1977,7328.0
8277,OMN,1978,6998.0
8278,OMN,1979,6513.0
8279,OMN,1980,6446.0
8280,OMN,1981,6491.0
8281,OMN,1982,7210.0
8282,OMN,1983,7651.0
8283,OMN,1984,8521.0
8284,OMN,1985,9526.0
8285,OMN,1986,10433.0
8286,OMN,1987,10268.0
8287,OMN,1988,10699.0
8288,OMN,1989,10633.0
8289,OMN,1990,10692.0
8290,OMN,1991,10327.0
8291,OMN,1992,11131.000161499864
8292,OMN,1993,12251.157612838057
8293,OMN,1994,13226.643232366689
8294,OMN,1995,14079.533055632632
8295,OMN,1996,15292.175962180614
8296,OMN,1997,16491.167828769783
8297,OMN,1998,18518.480505769527
8298,OMN,1999,20213.02037793395
8299,OMN,2000,21519.670874485146
8300,OMN,2001,24186.36539832847
8301,OMN,2002,26431.100510242468
8302,OMN,2003,27141.842908555063
8303,OMN,2004,27313.979688054027
8304,OMN,2005,28607.084364072365
8305,OMN,2006,30392.56006950844
8306,OMN,2007,33374.89387593973
8307,OMN,2008,36424.97935431351
8308,OMN,2009,40909.93793079612
8309,OMN,2010,44244.64655098686
8310,OMN,2011,46182.160122218935
8311,OMN,2012,44454.0
8312,OMN,2013,47427.58310966899
8313,OMN,2014,48900.75666507833
8314,OMN,2015,48528.4104469355
8315,OMN,2016,49926.876575049
8316,OMN,2017,51382.73606636621
8317,OMN,2018,50502.680279503904
8318,OMN,2019,50135.401923433776
8319,OMN,2020,48596.52895658961
8320,OMN,2021,46133.20980381452
8321,OMN,2022,46573.575763828216
8342,PAK,1970,1411.0
8343,PAK,1971,1517.0
8344,PAK,1972,1484.0
8345,PAK,1973,1455.0
8346,PAK,1974,1521.0
8347,PAK,1975,1533.0
8348,PAK,1976,1559.0
8349,PAK,1977,1604.0
8350,PAK,1978,1631.0
8351,PAK,1979,1720.0
8352,PAK,1980,1733.0
8353,PAK,1981,1851.0
8354,PAK,1982,1924.0
8355,PAK,1983,2002.0
8356,PAK,1984,2077.0
8357,PAK,1985,2106.0
8358,PAK,1986,2230.0
8359,PAK,1987,2302.0
8360,PAK,1988,2364.0
8361,PAK,1989,2442.0
8362,PAK,1990,2487.0
8363,PAK,1991,2531.0
8364,PAK,1992,2644.574215569029
8365,PAK,1993,2732.381621099054
8366,PAK,1994,2777.332031983147
8367,PAK,1995,2855.9061964784687
8368,PAK,1996,2947.682626212989
8369,PAK,1997,2979.808225508058
8370,PAK,1998,2986.7055656454686
8371,PAK,1999,3035.4517015776883
8372,PAK,2000,3111.9585703627713
8373,PAK,2001,3154.5115800695457
8374,PAK,2002,3176.9467765872632
8375,PAK,2003,3265.6866153770698
8376,PAK,2004,3437.9918213428978
8377,PAK,2005,3664.53343212702
8378,PAK,2006,3883.934514913529
8379,PAK,2007,4062.666456993414
8380,PAK,2008,4160.365169369131
8381,PAK,2009,4224.404803717347
8382,PAK,2010,4288.461819263837
8383,PAK,2011,4354.266950826545
8384,PAK,2012,4464.0
8385,PAK,2013,4538.345659254035
8386,PAK,2014,4638.161854593577
8387,PAK,2015,4750.8781699193805
8388,PAK,2016,4889.914999073702
8389,PAK,2017,5030.835315005946
8390,PAK,2018,5189.93690240922
8391,PAK,2019,5299.070726267489
8392,PAK,2020,5219.534107146035
8393,PAK,2021,5242.695082296415
8394,PAK,2022,5463.774527616066
8415,PAN,1970,4976.0
8416,PAN,1971,5131.0
8417,PAN,1972,5471.0
8418,PAN,1973,5571.0
8419,PAN,1974,5719.0
8420,PAN,1975,5695.0
8421,PAN,1976,5649.0
8422,PAN,1977,5604.0
8423,PAN,1978,5512.0
8424,PAN,1979,5946.0
8425,PAN,1980,6075.0
8426,PAN,1981,6849.0
8427,PAN,1982,7313.0
8428,PAN,1983,7444.0
8429,PAN,1984,7186.0
8430,PAN,1985,7192.0
8431,PAN,1986,7404.0
8432,PAN,1987,7578.0
8433,PAN,1988,7653.0
8434,PAN,1989,6743.0
8435,PAN,1990,6715.0
8436,PAN,1991,7119.0
8437,PAN,1992,7659.470068810521
8438,PAN,1993,8148.631578366972
8439,PAN,1994,8450.671662660901
8440,PAN,1995,8549.647580230898
8441,PAN,1996,8555.783356594811
8442,PAN,1997,8652.075758425297
8443,PAN,1998,9054.722042605272
8444,PAN,1999,9560.335446830137
8445,PAN,2000,9784.694118187648
8446,PAN,2001,9898.787780608176
8447,PAN,2002,9804.558814722486
8448,PAN,2003,9879.4543564848
8449,PAN,2004,10153.772014301005
8450,PAN,2005,10769.523182504085
8451,PAN,2006,11389.243951547502
8452,PAN,2007,12195.746842831204
8453,PAN,2008,13492.38297776926
8454,PAN,2009,14466.96734178384
8455,PAN,2010,14515.766021072732
8456,PAN,2011,15169.124712275998
8457,PAN,2012,16762.0
8458,PAN,2013,18051.0
8459,PAN,2014,18979.0
8460,PAN,2015,19855.0
8461,PAN,2016,20723.0
8462,PAN,2017,21445.12474748985
8463,PAN,2018,22331.217072729338
8464,PAN,2019,22843.750444334593
8465,PAN,2020,23218.4307781181
8466,PAN,2021,18840.739095054367
8467,PAN,2022,21539.070766353063
8488,PRY,1970,2730.0
8489,PRY,1971,2825.0
8490,PRY,1972,2906.0
8491,PRY,1973,3017.0
8492,PRY,1974,3150.0
8493,PRY,1975,3319.0
8494,PRY,1976,3464.0
8495,PRY,1977,3629.0
8496,PRY,1978,3945.0
8497,PRY,1979,4302.0
8498,PRY,1980,4693.0
8499,PRY,1981,5113.0
8500,PRY,1982,5424.0
8501,PRY,1983,5230.0
8502,PRY,1984,4935.0
8503,PRY,1985,4945.0
8504,PRY,1986,4994.0
8505,PRY,1987,4854.0
8506,PRY,1988,4919.0
8507,PRY,1989,5082.0
8508,PRY,1990,5222.0
8509,PRY,1991,5230.0
8510,PRY,1992,5224.29964823441
8511,PRY,1993,5186.563954119006
8512,PRY,1994,5270.899491641785
8513,PRY,1995,5305.500600004414
8514,PRY,1996,5463.622803755436
8515,PRY,1997,5360.743303438505
8516,PRY,1998,5399.425768816535
8517,PRY,1999,5321.919255014399
8518,PRY,2000,5150.408535771523
8519,PRY,2001,4896.429548054788
8520,PRY,2002,4918.045924705952
8521,PRY,2003,5571.427457826614
8522,PRY,2004,5726.990011574312
8523,PRY,2005,5876.660274280204
8524,PRY,2006,5922.7908497059425
8525,PRY,2007,6128.642431612889
8526,PRY,2008,6383.485205573556
8527,PRY,2009,6713.030207716694
8528,PRY,2010,6376.941542522253
8529,PRY,2011,7139.026843533729
8530,PRY,2012,7377.0
8531,PRY,2013,7232.376097145511
8532,PRY,2014,7735.564733585137
8533,PRY,2015,8047.593473162891
8534,PRY,2016,8188.403618735497
8535,PRY,2017,8438.709446905918
8536,PRY,2018,8741.24486477908
8537,PRY,2019,8915.668486218812
8538,PRY,2020,8776.075922181637
8539,PRY,2021,8603.078968662478
8540,PRY,2022,8845.659158428356
8561,PER,1970,5859.0
8562,PER,1971,6143.0
8563,PER,1972,6242.0
8564,PER,1973,6264.0
8565,PER,1974,6413.0
8566,PER,1975,6566.0
8567,PER,1976,6896.0
8568,PER,1977,6808.0
8569,PER,1978,6626.0
8570,PER,1979,6454.0
8571,PER,1980,6664.0
8572,PER,1981,6795.0
8573,PER,1982,6921.0
8574,PER,1983,6770.0
8575,PER,1984,5729.0
8576,PER,1985,5859.0
8577,PER,1986,5844.0
8578,PER,1987,6290.0
8579,PER,1988,6682.0
8580,PER,1989,6003.0
8581,PER,1990,5160.0
8582,PER,1991,4795.0
8583,PER,1992,4812.211783683929
8584,PER,1993,4698.483047665015
8585,PER,1994,4857.021153915113
8586,PER,1995,5361.422622433439
8587,PER,1996,5668.032852865704
8588,PER,1997,5739.790044365207
8589,PER,1998,6027.816438107846
8590,PER,1999,5926.7329222811695
8591,PER,2000,5945.195331123355
8592,PER,2001,6038.244426976612
8593,PER,2002,6010.225032486101
8594,PER,2003,6274.418486889141
8595,PER,2004,6472.340881281997
8596,PER,2005,6731.004687316251
8597,PER,2006,7091.133296825651
8598,PER,2007,7560.897175590482
8599,PER,2008,8138.364968767314
8600,PER,2009,8812.618181733798
8601,PER,2010,8836.016607564105
8602,PER,2011,9507.7801294655
8603,PER,2012,10044.0
8604,PER,2013,10605.588696987215
8605,PER,2014,11173.43797592101
8606,PER,2015,11389.862201766016
8607,PER,2016,11713.570189017371
8608,PER,2017,12132.03511095255
8609,PER,2018,12390.033317724596
8610,PER,2019,12677.874570671223
8611,PER,2020,12680.353829006037
8612,PER,2021,11136.991090246232
8613,PER,2022,12550.460889975757
8634,PHL,1970,2789.0
8635,PHL,1971,2812.0
8636,PHL,1972,2882.0
8637,PHL,1973,2954.0
8638,PHL,1974,3131.0
8639,PHL,1975,3154.0
8640,PHL,1976,3241.0
8641,PHL,1977,3430.0
8642,PHL,1978,3524.0
8643,PHL,1979,3606.0
8644,PHL,1980,3703.0
8645,PHL,1981,3787.0
8646,PHL,1982,3819.0
8647,PHL,1983,3859.0
8648,PHL,1984,3837.0
8649,PHL,1985,3469.0
8650,PHL,1986,3135.0
8651,PHL,1987,3161.0
8652,PHL,1988,3218.0
8653,PHL,1989,3355.0
8654,PHL,1990,3481.0
8655,PHL,1991,3502.0
8656,PHL,1992,3432.582750874769
8657,PHL,1993,3399.242617959663
8658,PHL,1994,3427.1294302854944
8659,PHL,1995,3529.007334686565
8660,PHL,1996,3637.625561314352
8661,PHL,1997,3790.7787888230337
8662,PHL,1998,3928.014381430732
8663,PHL,1999,3852.632743171977
8664,PHL,2000,3917.0886431100816
8665,PHL,2001,4033.5608918822336
8666,PHL,2002,4090.218328993514
8667,PHL,2003,4181.375748205981
8668,PHL,2004,4333.213811692893
8669,PHL,2005,4562.502675564325
8670,PHL,2006,4721.000727072252
8671,PHL,2007,4908.616862332096
8672,PHL,2008,5172.661871018685
8673,PHL,2009,5328.682449645144
8674,PHL,2010,5338.306243301913
8675,PHL,2011,5694.046728858069
8676,PHL,2012,5851.0
8677,PHL,2013,6155.8294933463385
8678,PHL,2014,6465.517991009674
8679,PHL,2015,6760.762822589173
8680,PHL,2016,7070.475789002368
8681,PHL,2017,7463.518188004978
8682,PHL,2018,7865.814871472137
8683,PHL,2019,8234.928093332479
8684,PHL,2020,8602.145534202311
8685,PHL,2021,7624.413564948383
8686,PHL,2022,7894.177952445973
8707,POL,1970,6760.0
8708,POL,1971,7058.0
8709,POL,1972,7503.0
8710,POL,1973,7986.0
8711,POL,1974,8512.0
8712,POL,1975,8928.0
8713,POL,1976,9258.0
8714,POL,1977,9397.0
8715,POL,1978,9483.0
8716,POL,1979,9741.0
8717,POL,1980,9471.0
8718,POL,1981,9149.0
8719,POL,1982,8584.0
8720,POL,1983,8429.0
8721,POL,1984,8764.0
8722,POL,1985,9006.0
8723,POL,1986,9022.0
8724,POL,1987,9240.0
8725,POL,1988,9059.0
8726,POL,1989,9228.0
8727,POL,1990,9060.0
8728,POL,1991,8150.0
8729,POL,1992,7625.84268658559
8730,POL,1993,7873.92490222084
8731,POL,1994,8229.529071554278
8732,POL,1995,8721.827380289787
8733,POL,1996,9408.2745367175
8734,POL,1997,10066.171033531757
8735,POL,1998,10811.274224041745
8736,POL,1999,11413.25589938339
8737,POL,2000,12058.419766451196
8738,POL,2001,12732.166764174506
8739,POL,2002,13017.584250694908
8740,POL,2003,13415.5709344415
8741,POL,2004,14035.636389115967
8742,POL,2005,14906.09421678974
8743,POL,2006,15580.93671792739
8744,POL,2007,16711.447988068474
8745,POL,2008,18067.42798412524
8746,POL,2009,19011.54609190548
8747,POL,2010,19718.464438679377
8748,POL,2011,20608.69309473939
8749,POL,2012,21837.0
8750,POL,2013,22169.82560164373
8751,POL,2014,22378.30419480347
8752,POL,2015,23247.8180652457
8753,POL,2016,24285.1415102141
8754,POL,2017,25020.620325784213
8755,POL,2018,26310.11373000858
8756,POL,2019,27880.835095239196
8757,POL,2020,29142.024249741866
8758,POL,2021,28577.141385891355
8759,POL,2022,30687.66286250352
8780,PRT,1970,7949.0
8781,PRT,1971,8724.0
8782,PRT,1972,9358.0
8783,PRT,1973,10130.0
8784,PRT,1974,11258.0
8785,PRT,1975,11234.0
8786,PRT,1976,10388.0
8787,PRT,1977,10861.0
8788,PRT,1978,11422.0
8789,PRT,1979,11700.0
8790,PRT,1980,12326.0
8791,PRT,1981,12822.0
8792,PRT,1982,12934.0
8793,PRT,1983,13198.0
8794,PRT,1984,13158.0
8795,PRT,1985,12894.0
8796,PRT,1986,13240.0
8797,PRT,1987,13774.0
8798,PRT,1988,14641.0
8799,PRT,1989,15729.0
8800,PRT,1990,16533.0
8801,PRT,1991,17256.0
8802,PRT,1992,17949.808301173023
8803,PRT,1993,18598.528110745836
8804,PRT,1994,18519.933184056696
8805,PRT,1995,18819.02641793187
8806,PRT,1996,19262.030321388447
8807,PRT,1997,19939.31129143236
8808,PRT,1998,20810.178605354424
8809,PRT,1999,21782.118696572663
8810,PRT,2000,22589.92161795095
8811,PRT,2001,23372.040142230104
8812,PRT,2002,23751.37172554714
8813,PRT,2003,23896.45964001251
8814,PRT,2004,23677.51885243508
8815,PRT,2005,24142.76657092593
8816,PRT,2006,24377.949873274138
8817,PRT,2007,24809.039589187923
8818,PRT,2008,25477.205995874305
8819,PRT,2009,25590.88043553619
8820,PRT,2010,24902.45692035445
8821,PRT,2011,25463.163102150593
8822,PRT,2012,25133.0
8823,PRT,2013,24211.437538256683
8824,PRT,2014,24119.960836086902
8825,PRT,2015,24442.386247150665
8826,PRT,2016,24983.702146500676
8827,PRT,2017,25568.694824878698
8828,PRT,2018,26529.98675137185
8829,PRT,2019,27329.69037420464
8830,PRT,2020,28056.056109858426
8831,PRT,2021,25700.28384167499
8832,PRT,2022,27138.478461994975
8853,PRI,1970,9306.0
8854,PRI,1971,10117.0
8855,PRI,1972,10587.0
8856,PRI,1973,11046.0
8857,PRI,1974,11639.0
8858,PRI,1975,11552.0
8859,PRI,1976,11073.0
8860,PRI,1977,11308.0
8861,PRI,1978,11832.0
8862,PRI,1979,12463.0
8863,PRI,1980,13012.0
8864,PRI,1981,13040.0
8865,PRI,1982,13061.0
8866,PRI,1983,12511.0
8867,PRI,1984,12428.0
8868,PRI,1985,13201.0
8869,PRI,1986,13345.0
8870,PRI,1987,14304.0
8871,PRI,1988,14870.0
8872,PRI,1989,15701.0
8873,PRI,1990,16332.0
8874,PRI,1991,16799.0
8875,PRI,1992,17332.180555569845
8876,PRI,1993,18290.732312059263
8877,PRI,1994,19278.626736749982
8878,PRI,1995,20213.114289924142
8879,PRI,1996,21267.376948546833
8880,PRI,1997,21856.017436291193
8881,PRI,1998,23069.027284417825
8882,PRI,1999,24586.22177832383
8883,PRI,2000,26186.29957210674
8884,PRI,2001,27392.458835101163
8885,PRI,2002,29517.04844797766
8886,PRI,2003,30218.01310480458
8887,PRI,2004,30688.10105113071
8888,PRI,2005,32110.836956060444
8889,PRI,2006,32013.54085987913
8890,PRI,2007,32195.16059855685
8891,PRI,2008,32511.114306762483
8892,PRI,2009,32604.09006210383
8893,PRI,2010,32648.10443234164
8894,PRI,2011,33195.44278777433
8895,PRI,2012,33981.0
8896,PRI,2013,34395.0
8897,PRI,2014,34736.0
8898,PRI,2015,34787.0
8899,PRI,2016,35384.0
8900,PRI,2017,35594.52195288389
8901,PRI,2018,35248.396888220675
8902,PRI,2019,34190.109014779955
8903,PRI,2020,35041.328143130086
8904,PRI,2021,33787.398225739256
8905,PRI,2022,34095.49101001594
8926,QAT,1970,56236.0
8927,QAT,1971,51921.0
8928,QAT,1972,59731.0
8929,QAT,1973,62416.0
8930,QAT,1974,68407.0
8931,QAT,1975,57594.0
8932,QAT,1976,54866.0
8933,QAT,1977,55169.0
8934,QAT,1978,45999.0
8935,QAT,1979,47072.0
8936,QAT,1980,45806.0
8937,QAT,1981,45860.0
8938,QAT,1982,37307.0
8939,QAT,1983,29046.0
8940,QAT,1984,23146.0
8941,QAT,1985,20354.0
8942,QAT,1986,16558.0
8943,QAT,1987,12881.0
8944,QAT,1988,12819.0
8945,QAT,1989,12492.0
8946,QAT,1990,12137.0
8947,QAT,1991,11705.0
8948,QAT,1992,12417.64270753359
8949,QAT,1993,15042.123159110415
8950,QAT,1994,16221.045570990258
8951,QAT,1995,17955.31481774725
8952,QAT,1996,19959.703059990767
8953,QAT,1997,22395.263887484165
8954,QAT,1998,30989.14972756169
8955,QAT,1999,36448.05653884442
8956,QAT,2000,40135.17472946597
8957,QAT,2001,45788.122704193
8958,QAT,2002,50525.70583935578
8959,QAT,2003,57541.10338929801
8960,QAT,2004,62234.213824204206
8961,QAT,2005,74372.93251805927
8962,QAT,2006,76808.42001416511
8963,QAT,2007,90120.91798318898
8964,QAT,2008,97912.69049207192
8965,QAT,2009,107402.05610585344
8966,QAT,2010,115283.41660227132
8967,QAT,2011,134802.78185178977
8968,QAT,2012,155533.0
8969,QAT,2013,154339.816050374
8970,QAT,2014,155657.12776683117
8971,QAT,2015,157712.90912789595
8972,QAT,2016,159800.18870866153
8973,QAT,2017,160051.23540942746
8974,QAT,2018,153819.10224360012
8975,QAT,2019,152453.80563669704
8976,QAT,2020,150732.22033810467
8977,QAT,2021,143118.52374306676
8978,QAT,2022,143468.7564605031
8999,KOR,1970,2764.1533662615707
9000,KOR,1971,2974.8072732956584
9001,KOR,1972,3221.6744937750714
9002,KOR,1973,3387.8905346118213
9003,KOR,1974,3822.045799463185
9004,KOR,1975,4112.601325032374
9005,KOR,1976,4362.006746706523
9006,KOR,1977,4855.940724881614
9007,KOR,1978,5367.794887355466
9008,KOR,1979,5856.49651833948
9009,KOR,1980,6265.886205249983
9010,KOR,1981,6064.040092821813
9011,KOR,1982,6398.8511360217
9012,KOR,1983,6821.474936083777
9013,KOR,1984,7611.734139861028
9014,KOR,1985,8303.518986307037
9015,KOR,1986,8859.355336346227
9016,KOR,1987,9756.205450692703
9017,KOR,1988,10864.97413160522
9018,KOR,1989,12039.9457868355
9019,KOR,1990,12759.489612075164
9020,KOR,1991,13874.0
9021,KOR,1992,15056.160326567746
9022,KOR,1993,15712.0022092603
9023,KOR,1994,16503.433857817592
9024,KOR,1995,17720.395308373292
9025,KOR,1996,19089.29912557484
9026,KOR,1997,20204.56136547132
9027,KOR,1998,21055.94615644955
9028,KOR,1999,19624.6915876868
9029,KOR,2000,21540.692575222503
9030,KOR,2001,23108.017536761676
9031,KOR,2002,23804.43768515713
9032,KOR,2003,25250.637414954017
9033,KOR,2004,25679.246561200725
9034,KOR,2005,26646.503286459843
9035,KOR,2006,27443.283376883013
9036,KOR,2007,28516.483775556775
9037,KOR,2008,29716.570420277814
9038,KOR,2009,30117.728576767186
9039,KOR,2010,29967.563070262888
9040,KOR,2011,31537.77292717931
9041,KOR,2012,32225.0
9042,KOR,2013,32826.48165051375
9043,KOR,2014,33711.65548677562
9044,KOR,2015,34573.08841234377
9045,KOR,2016,35357.51986279728
9046,KOR,2017,36255.23836314979
9047,KOR,2018,37296.045713096246
9048,KOR,2019,38214.32540521402
9049,KOR,2020,38935.99206126933
9050,KOR,2021,38606.98332035484
9051,KOR,2022,40277.95211820309
9072,MDA,1970,
9073,MDA,1971,
9074,MDA,1972,
9075,MDA,1973,
9076,MDA,1974,8552.0
9077,MDA,1975,
9078,MDA,1976,
9079,MDA,1977,
9080,MDA,1978,
9081,MDA,1979,
9082,MDA,1980,
9083,MDA,1981,9078.0
9084,MDA,1982,9538.0
9085,MDA,1983,10026.0
9086,MDA,1984,10378.0
9087,MDA,1985,10508.0
9088,MDA,1986,9398.0
9089,MDA,1987,9937.0
9090,MDA,1988,9852.0
9091,MDA,1989,9731.0
9092,MDA,1990,10288.0
9093,MDA,1991,9835.0
9094,MDA,1992,7957.688345154006
9095,MDA,1993,5546.366403875545
9096,MDA,1994,5383.858205235667
9097,MDA,1995,3662.2087632454704
9098,MDA,1996,3558.826698727752
9099,MDA,1997,3305.4966522157943
9100,MDA,1998,3322.478992532379
9101,MDA,1999,3078.0096314989737
9102,MDA,2000,2949.9066108079396
9103,MDA,2001,2989.534798311321
9104,MDA,2002,3150.631434393432
9105,MDA,2003,3373.7091597677427
9106,MDA,2004,3575.268010479867
9107,MDA,2005,3813.4311340442496
9108,MDA,2006,4073.673609345101
9109,MDA,2007,4243.070448307113
9110,MDA,2008,4342.745574660048
9111,MDA,2009,4652.45725879469
9112,MDA,2010,4342.527899279536
9113,MDA,2011,4615.324044361896
9114,MDA,2012,4892.0
9115,MDA,2013,4914.037958167865
9116,MDA,2014,5414.350535415374
9117,MDA,2015,5744.251779820272
9118,MDA,2016,5784.491679479232
9119,MDA,2017,6102.694537539031
9120,MDA,2018,6425.865449026022
9121,MDA,2019,6760.111395337349
9122,MDA,2020,7078.229925539575
9123,MDA,2021,6560.747769686751
9124,MDA,2022,7557.3855325458735
9145,ROU,1970,4501.124297547428
9146,ROU,1971,4547.402146183206
9147,ROU,1972,5134.186718340132
9148,ROU,1973,5413.41779052776
9149,ROU,1974,5541.713361608214
9150,ROU,1975,5796.996026582673
9151,ROU,1976,5995.4506623028055
9152,ROU,1977,6243.146319445189
9153,ROU,1978,6322.240335288323
9154,ROU,1979,6476.156522655519
9155,ROU,1980,6612.02235326066
9156,ROU,1981,6591.636513949968
9157,ROU,1982,6514.126853161042
9158,ROU,1983,6490.436690532253
9159,ROU,1984,6418.193880459252
9160,ROU,1985,6659.454043513265
9161,ROU,1986,6628.606205102942
9162,ROU,1987,6718.444626288143
9163,ROU,1988,6551.89904388016
9164,ROU,1989,6511.956109065193
9165,ROU,1990,6281.154179014025
9166,ROU,1991,5596.0
9167,ROU,1992,5033.141019477643
9168,ROU,1993,4818.30439775258
9169,ROU,1994,5055.917170261037
9170,ROU,1995,5427.070568283564
9171,ROU,1996,6014.689713970484
9172,ROU,1997,6476.474475399121
9173,ROU,1998,6446.417752776129
9174,ROU,1999,6407.4668817494485
9175,ROU,2000,6613.93288019736
9176,ROU,2001,7089.9461257364155
9177,ROU,2002,7860.443226116575
9178,ROU,2003,8673.618743410765
9179,ROU,2004,9369.2331638451
9180,ROU,2005,10531.171802216866
9181,ROU,2006,11313.822419190725
9182,ROU,2007,12823.23183934203
9183,ROU,2008,14418.829976779476
9184,ROU,2009,16347.34353433489
9185,ROU,2010,15866.126776608
9186,ROU,2011,16377.328022560869
9187,ROU,2012,17174.0
9188,ROU,2013,17580.932300095516
9189,ROU,2014,17691.442894540312
9190,ROU,2015,18487.25965078638
9191,ROU,2016,19162.18651066976
9192,ROU,2017,19825.60255468913
9193,ROU,2018,23003.695205853583
9194,ROU,2019,24000.455994795153
9195,ROU,2020,23267.51545911466
9196,ROU,2021,24799.711832890163
9197,ROU,2022,26102.587643082406
9218,RUS,1970,8563.0
9219,RUS,1971,9234.0
9220,RUS,1972,9567.0
9221,RUS,1973,9785.0
9222,RUS,1974,10492.0
9223,RUS,1975,10801.0
9224,RUS,1976,11164.0
9225,RUS,1977,11426.0
9226,RUS,1978,11692.0
9227,RUS,1979,11829.0
9228,RUS,1980,11867.0
9229,RUS,1981,12204.0
9230,RUS,1982,12274.0
9231,RUS,1983,12267.0
9232,RUS,1984,12420.0
9233,RUS,1985,12379.0
9234,RUS,1986,12475.0
9235,RUS,1987,12694.0
9236,RUS,1988,12597.0
9237,RUS,1989,12720.0
9238,RUS,1990,12766.0
9239,RUS,1991,12400.0
9240,RUS,1992,12012.235520911763
9241,RUS,1993,10487.547701220914
9242,RUS,1994,9789.066758780478
9243,RUS,1995,8743.746867305255
9244,RUS,1996,8586.323562815192
9245,RUS,1997,8479.380775595977
9246,RUS,1998,8813.350058351298
9247,RUS,1999,8557.495150908202
9248,RUS,2000,9340.029375033197
9249,RUS,2001,10552.884609580398
9250,RUS,2002,11391.194503473524
9251,RUS,2003,12259.47691558721
9252,RUS,2004,13521.23894476872
9253,RUS,2005,14880.97870450909
9254,RUS,2006,16243.100494106367
9255,RUS,2007,18008.336075159772
9256,RUS,2008,20018.122985683018
9257,RUS,2009,21563.461915437165
9258,RUS,2010,20335.557700868165
9259,RUS,2011,21737.38391897307
9260,RUS,2012,23130.0
9261,RUS,2013,24020.311183798607
9262,RUS,2014,24389.97358790331
9263,RUS,2015,24135.03574084397
9264,RUS,2016,23607.954048943615
9265,RUS,2017,23610.36882307424
9266,RUS,2018,24013.96727467266
9267,RUS,2019,24690.082293377545
9268,RUS,2020,25244.118677579016
9269,RUS,2021,24625.384368269115
9270,RUS,2022,26119.94763869551
9291,RWA,1970,1243.0
9292,RWA,1971,1337.0
9293,RWA,1972,1315.0
9294,RWA,1973,1282.0
9295,RWA,1974,1288.0
9296,RWA,1975,1262.0
9297,RWA,1976,1199.0
9298,RWA,1977,1387.0
9299,RWA,1978,1409.0
9300,RWA,1979,1495.0
9301,RWA,1980,1584.0
9302,RWA,1981,1672.0
9303,RWA,1982,1706.0
9304,RWA,1983,1680.0
9305,RWA,1984,1722.0
9306,RWA,1985,1597.0
9307,RWA,1986,1621.0
9308,RWA,1987,1642.0
9309,RWA,1988,1586.0
9310,RWA,1989,1538.0
9311,RWA,1990,1476.0
9312,RWA,1991,1398.0
9313,RWA,1992,1282.2594020098666
9314,RWA,1993,1301.68900792678
9315,RWA,1994,1110.920857073888
9316,RWA,1995,707.2970999965479
9317,RWA,1996,1049.2385340757571
9318,RWA,1997,976.4079106126928
9319,RWA,1998,932.0058921572738
9320,RWA,1999,950.3894736889112
9321,RWA,2000,975.8359224734272
9322,RWA,2001,1023.6182271306598
9323,RWA,2002,1067.2347821601004
9324,RWA,2003,1154.1060934850136
9325,RWA,2004,1130.0414042181624
9326,RWA,2005,1159.0281083995703
9327,RWA,2006,1210.510543125559
9328,RWA,2007,1261.7609170744302
9329,RWA,2008,1291.1933253131835
9330,RWA,2009,1364.7450128933217
9331,RWA,2010,1384.258851213705
9332,RWA,2011,1416.3923071164816
9333,RWA,2012,1449.0
9334,RWA,2013,1528.551959470961
9335,RWA,2014,1552.425348105303
9336,RWA,2015,1601.3937994861476
9337,RWA,2016,1708.3466517492332
9338,RWA,2017,1774.9014560703008
9339,RWA,2018,1799.4739939307942
9340,RWA,2019,1908.0489403418296
9341,RWA,2020,2042.852962183972
9342,RWA,2021,1935.2662175115968
9343,RWA,2022,2106.9736460457234
9364,LCA,1970,2150.0
9365,LCA,1971,2203.0
9366,LCA,1972,2265.0
9367,LCA,1973,2279.0
9368,LCA,1974,2268.0
9369,LCA,1975,2356.0
9370,LCA,1976,2428.0
9371,LCA,1977,2820.0
9372,LCA,1978,3027.0
9373,LCA,1979,3196.0
9374,LCA,1980,3247.0
9375,LCA,1981,3011.0
9376,LCA,1982,3051.0
9377,LCA,1983,3102.0
9378,LCA,1984,3229.0
9379,LCA,1985,3403.0
9380,LCA,1986,3606.0
9381,LCA,1987,4157.0
9382,LCA,1988,4224.0
9383,LCA,1989,4779.0
9384,LCA,1990,5093.0
9385,LCA,1991,5203.0
9386,LCA,1992,5270.254596019766
9387,LCA,1993,5737.28842208217
9388,LCA,1994,5804.055737735578
9389,LCA,1995,5945.768565259041
9390,LCA,1996,6095.830092752419
9391,LCA,1997,6330.934458708241
9392,LCA,1998,6344.784646072032
9393,LCA,1999,6831.229608176917
9394,LCA,2000,7111.868498438591
9395,LCA,2001,7191.274730625037
9396,LCA,2002,7014.288076158722
9397,LCA,2003,7141.754537060838
9398,LCA,2004,7602.128975099487
9399,LCA,2005,8322.345450112154
9400,LCA,2006,8418.911481220062
9401,LCA,2007,9135.339530732512
9402,LCA,2008,9377.895824374842
9403,LCA,2009,9931.684182477486
9404,LCA,2010,10061.634176036254
9405,LCA,2011,10058.623167880573
9406,LCA,2012,10255.0
9407,LCA,2013,10067.0
9408,LCA,2014,10037.0
9409,LCA,2015,10035.0
9410,LCA,2016,10185.0
9411,LCA,2017,10486.955408239572
9412,LCA,2018,10796.24708512731
9413,LCA,2019,11060.510536581329
9414,LCA,2020,10977.81895925403
9415,LCA,2021,8164.906432742802
9416,LCA,2022,9067.72075035536
9437,STP,1970,2165.0
9438,STP,1971,2243.0
9439,STP,1972,2326.0
9440,STP,1973,2324.0
9441,STP,1974,2313.0
9442,STP,1975,2399.0
9443,STP,1976,2469.0
9444,STP,1977,2432.0
9445,STP,1978,2911.0
9446,STP,1979,2909.0
9447,STP,1980,3295.0
9448,STP,1981,3182.0
9449,STP,1982,2783.0
9450,STP,1983,2817.0
9451,STP,1984,2656.0
9452,STP,1985,2447.0
9453,STP,1986,2622.0
9454,STP,1987,2418.0
9455,STP,1988,2299.0
9456,STP,1989,2295.0
9457,STP,1990,2316.0
9458,STP,1991,2217.0
9459,STP,1992,2203.008131751142
9460,STP,1993,2185.464325489205
9461,STP,1994,2183.874280737866
9462,STP,1995,2204.876640693227
9463,STP,1996,2219.4813618441863
9464,STP,1997,2221.0535196854676
9465,STP,1998,2209.4181975595952
9466,STP,1999,2228.905063327373
9467,STP,2000,2247.1224156594976
9468,STP,2001,2218.8196207945666
9469,STP,2002,2245.606316518989
9470,STP,2003,2250.089429771749
9471,STP,2004,2363.182417572882
9472,STP,2005,2408.760664050671
9473,STP,2006,2532.8706478194363
9474,STP,2007,2713.761850655758
9475,STP,2008,2752.087700585701
9476,STP,2009,2925.8857811955354
9477,STP,2010,2949.8867163522204
9478,STP,2011,3093.3452151814904
9479,STP,2012,3179.0
9480,STP,2013,3217.0
9481,STP,2014,3314.0
9482,STP,2015,3474.0
9483,STP,2016,3545.0
9484,STP,2017,3629.338157439893
9485,STP,2018,3707.359780275195
9486,STP,2019,3756.814005307032
9487,STP,2020,3781.2275982850574
9488,STP,2021,3826.375376957381
9489,STP,2022,3821.0011049889026
9510,SAU,1970,11429.0
9511,SAU,1971,12153.0
9512,SAU,1972,13509.0
9513,SAU,1973,15138.0
9514,SAU,1974,17598.0
9515,SAU,1975,19659.0
9516,SAU,1976,18788.0
9517,SAU,1977,19297.0
9518,SAU,1978,20824.0
9519,SAU,1979,20593.0
9520,SAU,1980,20472.0
9521,SAU,1981,21068.0
9522,SAU,1982,21393.0
9523,SAU,1983,20535.0
9524,SAU,1984,17315.0
9525,SAU,1985,16343.0
9526,SAU,1986,14422.0
9527,SAU,1987,12897.0
9528,SAU,1988,12919.0
9529,SAU,1989,12795.0
9530,SAU,1990,12758.0
9531,SAU,1991,14335.0
9532,SAU,1992,16830.4130827267
9533,SAU,1993,17905.28016427932
9534,SAU,1994,18101.092218880305
9535,SAU,1995,18678.931493161912
9536,SAU,1996,19223.331069507774
9537,SAU,1997,20280.49318462111
9538,SAU,1998,21087.42735287861
9539,SAU,1999,22310.917817841902
9540,SAU,2000,22058.573068283844
9541,SAU,2001,23904.515387401043
9542,SAU,2002,24191.995817002055
9543,SAU,2003,24053.97391079058
9544,SAU,2004,27367.093750673943
9545,SAU,2005,30233.510921129888
9546,SAU,2006,32700.332598371617
9547,SAU,2007,34483.04354429613
9548,SAU,2008,36070.317065963885
9549,SAU,2009,39393.42885649509
9550,SAU,2010,39671.5553186176
9551,SAU,2011,42737.65472414734
9552,SAU,2012,48470.0
9553,SAU,2013,49835.04741610159
9554,SAU,2014,50021.11997734756
9555,SAU,2015,50790.99046582962
9556,SAU,2016,51941.59890346145
9557,SAU,2017,51959.074712164904
9558,SAU,2018,50593.26959586979
9559,SAU,2019,50906.483336460784
9560,SAU,2020,50123.33643593941
9561,SAU,2021,46723.92940487973
9562,SAU,2022,49841.14561838652
9583,SEN,1970,2171.0
9584,SEN,1971,2287.0
9585,SEN,1972,2216.0
9586,SEN,1973,2289.0
9587,SEN,1974,2096.0
9588,SEN,1975,2118.0
9589,SEN,1976,2225.0
9590,SEN,1977,2370.0
9591,SEN,1978,2236.0
9592,SEN,1979,2082.0
9593,SEN,1980,2158.0
9594,SEN,1981,2021.0
9595,SEN,1982,1943.0
9596,SEN,1983,2168.0
9597,SEN,1984,2153.0
9598,SEN,1985,1989.0
9599,SEN,1986,2000.0
9600,SEN,1987,2031.0
9601,SEN,1988,2048.0
9602,SEN,1989,2085.0
9603,SEN,1990,1980.0
9604,SEN,1991,1999.0
9605,SEN,1992,1982.6259578746592
9606,SEN,1993,1942.926726530026
9607,SEN,1994,1906.8238689207417
9608,SEN,1995,1847.5982737306877
9609,SEN,1996,1886.5428196677524
9610,SEN,1997,1866.342285022694
9611,SEN,1998,1866.3910630853445
9612,SEN,1999,1915.429657904623
9613,SEN,2000,1978.0964215931492
9614,SEN,2001,1983.5240474896116
9615,SEN,2002,2009.9422831921877
9616,SEN,2003,1959.6140988765064
9617,SEN,2004,2025.0234547341772
9618,SEN,2005,2074.953811620793
9619,SEN,2006,2121.158601643095
9620,SEN,2007,2104.4369069665604
9621,SEN,2008,2137.671646782461
9622,SEN,2009,2146.7914646431427
9623,SEN,2010,2129.336394837854
9624,SEN,2011,2151.324705419998
9625,SEN,2012,2123.0
9626,SEN,2013,2141.3882665162037
9627,SEN,2014,2127.3863949429815
9628,SEN,2015,2191.976632482056
9629,SEN,2016,2262.312317152156
9630,SEN,2017,2335.865301267428
9631,SEN,2018,2435.960554734759
9632,SEN,2019,2514.807178840567
9633,SEN,2020,2559.8177360224777
9634,SEN,2021,2524.2655476212267
9635,SEN,2022,2607.232089168679
9656,SRB,1970,6379.0
9657,SRB,1971,6515.0
9658,SRB,1972,7084.0
9659,SRB,1973,7347.0
9660,SRB,1974,7716.0
9661,SRB,1975,8322.0
9662,SRB,1976,8498.0
9663,SRB,1977,8877.0
9664,SRB,1978,9529.0
9665,SRB,1979,9958.0
9666,SRB,1980,10772.0
9667,SRB,1981,10724.0
9668,SRB,1982,10888.0
9669,SRB,1983,10949.0
9670,SRB,1984,10707.0
9671,SRB,1985,10866.0
9672,SRB,1986,10839.0
9673,SRB,1987,11180.0
9674,SRB,1988,10973.0
9675,SRB,1989,10793.0
9676,SRB,1990,10963.0
9677,SRB,1991,9754.0
9678,SRB,1992,8858.006877188405
9679,SRB,1993,6567.669791318865
9680,SRB,1994,4673.641582575963
9681,SRB,1995,4910.816393581955
9682,SRB,1996,5325.488232393373
9683,SRB,1997,5710.196717778003
9684,SRB,1998,6288.024121515584
9685,SRB,1999,6603.711178938227
9686,SRB,2000,5532.541325559333
9687,SRB,2001,6059.583022178812
9688,SRB,2002,6542.67954226357
9689,SRB,2003,7155.57619129481
9690,SRB,2004,7637.832244100493
9691,SRB,2005,8512.167897092968
9692,SRB,2006,9198.414474122346
9693,SRB,2007,9902.426087512946
9694,SRB,2008,10768.94237882069
9695,SRB,2009,11650.228005412013
9696,SRB,2010,11576.588805870948
9697,SRB,2011,11963.555065920891
9698,SRB,2012,12463.0
9699,SRB,2013,12438.255912530254
9700,SRB,2014,12860.450783178694
9701,SRB,2015,12717.726229595755
9702,SRB,2016,13013.853795209632
9703,SRB,2017,13518.949698102368
9704,SRB,2018,13876.650483954423
9705,SRB,2019,14579.8590396635
9706,SRB,2020,15293.246244553162
9707,SRB,2021,15256.421028303836
9708,SRB,2022,16563.828727107542
9729,SYC,1970,3379.0
9730,SYC,1971,3537.0
9731,SYC,1972,3987.0
9732,SYC,1973,4149.0
9733,SYC,1974,4468.0
9734,SYC,1975,4457.0
9735,SYC,1976,4506.0
9736,SYC,1977,5149.0
9737,SYC,1978,5491.0
9738,SYC,1979,5906.0
9739,SYC,1980,6709.0
9740,SYC,1981,6424.0
9741,SYC,1982,5928.0
9742,SYC,1983,5786.0
9743,SYC,1984,5638.0
9744,SYC,1985,6030.0
9745,SYC,1986,6585.0
9746,SYC,1987,6601.0
9747,SYC,1988,6827.0
9748,SYC,1989,7114.0
9749,SYC,1990,7755.0
9750,SYC,1991,8239.0
9751,SYC,1992,8570.673852880072
9752,SYC,1993,9304.808067773713
9753,SYC,1994,10009.914074817369
9754,SYC,1995,10060.824837873231
9755,SYC,1996,10135.095823001377
9756,SYC,1997,10468.990582426552
9757,SYC,1998,12233.04969535414
9758,SYC,1999,13801.187252065483
9759,SYC,2000,14235.786766214333
9760,SYC,2001,14379.8320383995
9761,SYC,2002,14221.162706473831
9762,SYC,2003,14581.411389936886
9763,SYC,2004,13835.993648382717
9764,SYC,2005,13735.897555839423
9765,SYC,2006,15172.563175786852
9766,SYC,2007,16824.612539785216
9767,SYC,2008,18832.825863713213
9768,SYC,2009,18687.39099928381
9769,SYC,2010,18743.996915386622
9770,SYC,2011,20147.178153080706
9771,SYC,2012,21545.0
9772,SYC,2013,22130.0
9773,SYC,2014,23036.0
9774,SYC,2015,24250.0
9775,SYC,2016,25690.0
9776,SYC,2017,28588.602978612664
9777,SYC,2018,30072.226064925148
9778,SYC,2019,31524.876704013608
9779,SYC,2020,32745.87089386999
9780,SYC,2021,29647.482192686766
9781,SYC,2022,30125.953814800247
9802,SLE,1970,1525.0
9803,SLE,1971,1553.0
9804,SLE,1972,1535.0
9805,SLE,1973,1525.0
9806,SLE,1974,1553.0
9807,SLE,1975,1581.0
9808,SLE,1976,1551.0
9809,SLE,1977,1511.0
9810,SLE,1978,1495.0
9811,SLE,1979,1524.0
9812,SLE,1980,1572.0
9813,SLE,1981,1584.0
9814,SLE,1982,1615.0
9815,SLE,1983,1610.0
9816,SLE,1984,1575.0
9817,SLE,1985,1608.0
9818,SLE,1986,1610.0
9819,SLE,1987,1597.0
9820,SLE,1988,1624.0
9821,SLE,1989,1626.0
9822,SLE,1990,1642.0
9823,SLE,1991,1635.0
9824,SLE,1992,1467.388793727372
9825,SLE,1993,1354.9681968921225
9826,SLE,1994,1405.1628052991766
9827,SLE,1995,1500.2092032660337
9828,SLE,1996,1383.1081263582323
9829,SLE,1997,1060.5624229843488
9830,SLE,1998,885.2984434245676
9831,SLE,1999,882.7293411817113
9832,SLE,2000,814.1232670083349
9833,SLE,2001,828.7938643016843
9834,SLE,2002,923.045794079924
9835,SLE,2003,1101.7503787079663
9836,SLE,2004,1156.5191198609707
9837,SLE,2005,1197.1529299055676
9838,SLE,2006,1223.701532685877
9839,SLE,2007,1247.2527561665413
9840,SLE,2008,1320.7576623169489
9841,SLE,2009,1363.4875553892348
9842,SLE,2010,1378.3579388606304
9843,SLE,2011,1421.152059855328
9844,SLE,2012,1479.0
9845,SLE,2013,1665.0
9846,SLE,2014,1965.0
9847,SLE,2015,2007.0
9848,SLE,2016,1563.0
9849,SLE,2017,1622.4203469810366
9850,SLE,2018,1643.3286980211972
9851,SLE,2019,1660.4270190798857
9852,SLE,2020,1707.371384348127
9853,SLE,2021,1635.7129817131436
9854,SLE,2022,1665.1047733503528
9875,SGP,1970,5931.0
9876,SGP,1971,6650.0
9877,SGP,1972,7318.0
9878,SGP,1973,8155.0
9879,SGP,1974,8894.0
9880,SGP,1975,9314.0
9881,SGP,1976,9602.0
9882,SGP,1977,10178.0
9883,SGP,1978,10790.0
9884,SGP,1979,11588.0
9885,SGP,1980,12521.0
9886,SGP,1981,13601.0
9887,SGP,1982,14335.0
9888,SGP,1983,14687.0
9889,SGP,1984,15720.0
9890,SGP,1985,16767.0
9891,SGP,1986,16611.0
9892,SGP,1987,16831.0
9893,SGP,1988,18345.0
9894,SGP,1989,19853.0
9895,SGP,1990,21221.0
9896,SGP,1991,22666.0
9897,SGP,1992,23636.682687565295
9898,SGP,1993,24775.571191949388
9899,SGP,1994,27073.71455274396
9900,SGP,1995,29454.612461151275
9901,SGP,1996,30957.28716510822
9902,SGP,1997,32724.48753287557
9903,SGP,1998,34868.065969204246
9904,SGP,1999,33590.481925885586
9905,SGP,2000,35156.118273986554
9906,SGP,2001,37772.75969269712
9907,SGP,2002,36864.57512439727
9908,SGP,2003,37829.90433699141
9909,SGP,2004,38950.74593767965
9910,SGP,2005,42111.166223490945
9911,SGP,2006,44698.8385991564
9912,SGP,2007,48073.588087781725
9913,SGP,2008,51844.06179987221
9914,SGP,2009,52180.17317591849
9915,SGP,2010,51344.47804006122
9916,SGP,2011,58612.73104901974
9917,SGP,2012,61672.0
9918,SGP,2013,62855.523463330705
9919,SGP,2014,64821.9276146262
9920,SGP,2015,66498.55574905686
9921,SGP,2016,67673.94135324587
9922,SGP,2017,69211.04659674014
9923,SGP,2018,72292.0362293825
9924,SGP,2019,74518.15224723525
9925,SGP,2020,74649.73548482923
9926,SGP,2021,71964.69921997073
9927,SGP,2022,77945.48593929896
9948,SVK,1970,
9949,SVK,1971,
9950,SVK,1972,
9951,SVK,1973,
9952,SVK,1974,
9953,SVK,1975,
9954,SVK,1976,
9955,SVK,1977,
9956,SVK,1978,
9957,SVK,1979,
9958,SVK,1980,
9959,SVK,1981,
9960,SVK,1982,
9961,SVK,1983,
9962,SVK,1984,
9963,SVK,1985,
9964,SVK,1986,11815.0
9965,SVK,1987,12242.0
9966,SVK,1988,12473.0
9967,SVK,1989,12659.0
9968,SVK,1990,12734.0
9969,SVK,1991,12374.0
9970,SVK,1992,10537.410328102422
9971,SVK,1993,9838.614858401148
9972,SVK,1994,10481.115283624136
9973,SVK,1995,11063.948714243934
9974,SVK,1996,11874.398003782331
9975,SVK,1997,12622.909575022642
9976,SVK,1998,13335.458993944932
9977,SVK,1999,13822.187404715623
9978,SVK,2000,13750.333090346365
9979,SVK,2001,13904.985372649817
9980,SVK,2002,14361.901212738569
9981,SVK,2003,14984.731124978656
9982,SVK,2004,15773.094799653822
9983,SVK,2005,16570.8618948388
9984,SVK,2006,17649.520382025807
9985,SVK,2007,19099.42767736892
9986,SVK,2008,21109.938847246776
9987,SVK,2009,22231.988155805393
9988,SVK,2010,20953.03666184011
9989,SVK,2011,21941.21216159036
9990,SVK,2012,22483.0
9991,SVK,2013,22745.20359264121
9992,SVK,2014,22860.525289030276
9993,SVK,2015,23453.04070011222
9994,SVK,2016,24647.71891500122
9995,SVK,2017,25087.71398638774
9996,SVK,2018,25788.75568340106
9997,SVK,2019,26790.651474299288
9998,SVK,2020,27429.22525481252
9999,SVK,2021,26468.295104739835
10000,SVK,2022,27365.6226058327
10021,SVN,1970,11775.0
10022,SVN,1971,12803.0
10023,SVN,1972,13657.0
10024,SVN,1973,14269.0
10025,SVN,1974,15079.0
10026,SVN,1975,16420.0
10027,SVN,1976,17205.0
10028,SVN,1977,17462.0
10029,SVN,1978,18595.0
10030,SVN,1979,20014.0
10031,SVN,1980,21367.0
10032,SVN,1981,21151.0
10033,SVN,1982,20929.0
10034,SVN,1983,20535.0
10035,SVN,1984,20451.0
10036,SVN,1985,20650.0
10037,SVN,1986,20663.0
10038,SVN,1987,21122.0
10039,SVN,1988,20851.0
10040,SVN,1989,20083.0
10041,SVN,1990,19837.0
10042,SVN,1991,18093.0
10043,SVN,1992,16401.959143209984
10044,SVN,1993,15462.710161800307
10045,SVN,1994,15872.120262629578
10046,SVN,1995,16664.705793480003
10047,SVN,1996,17816.801007646427
10048,SVN,1997,18376.246201058384
10049,SVN,1998,19258.945870208223
10050,SVN,1999,19851.0571234378
10051,SVN,2000,20793.918028220585
10052,SVN,2001,21501.33672789827
10053,SVN,2002,22006.953787735067
10054,SVN,2003,22725.31198460027
10055,SVN,2004,23257.421804062007
10056,SVN,2005,24150.58403741057
10057,SVN,2006,24966.938788671512
10058,SVN,2007,26182.779667560655
10059,SVN,2008,27832.763784800765
10060,SVN,2009,28473.59572919677
10061,SVN,2010,25905.5126735662
10062,SVN,2011,26000.92065154155
10063,SVN,2012,26004.0
10064,SVN,2013,25269.23230597422
10065,SVN,2014,24975.362422209382
10066,SVN,2015,25638.66031616144
10067,SVN,2016,26186.24869395546
10068,SVN,2017,27004.71609980923
10069,SVN,2018,28288.89031743463
10070,SVN,2019,29461.344295007955
10071,SVN,2020,30229.29866394322
10072,SVN,2021,28733.302552143603
10073,SVN,2022,31019.943002566433
10094,ZAF,1970,6290.0
10095,ZAF,1971,6448.0
10096,ZAF,1972,6591.0
10097,ZAF,1973,6550.0
10098,ZAF,1974,6655.0
10099,ZAF,1975,6853.0
10100,ZAF,1976,6808.0
10101,ZAF,1977,6802.0
10102,ZAF,1978,6623.0
10103,ZAF,1979,6653.0
10104,ZAF,1980,6746.0
10105,ZAF,1981,6998.0
10106,ZAF,1982,7141.0
10107,ZAF,1983,6891.0
10108,ZAF,1984,6554.0
10109,ZAF,1985,6672.0
10110,ZAF,1986,6385.0
10111,ZAF,1987,6236.0
10112,ZAF,1988,6212.0
10113,ZAF,1989,6319.0
10114,ZAF,1990,6306.0
10115,ZAF,1991,6111.0
10116,ZAF,1992,6034.900557114825
10117,ZAF,1993,5901.98447170031
10118,ZAF,1994,5965.911487412407
10119,ZAF,1995,6172.973613474759
10120,ZAF,1996,6406.428128841841
10121,ZAF,1997,6725.790935832589
10122,ZAF,1998,6950.471643426508
10123,ZAF,1999,7024.295510532468
10124,ZAF,2000,7234.285803996856
10125,ZAF,2001,7582.778143416393
10126,ZAF,2002,7839.62528898219
10127,ZAF,2003,8171.206707295855
10128,ZAF,2004,8451.452498574428
10129,ZAF,2005,8877.92099152592
10130,ZAF,2006,9393.69335105247
10131,ZAF,2007,9978.470967190984
10132,ZAF,2008,10576.291271810242
10133,ZAF,2009,10977.146797314368
10134,ZAF,2010,10873.04634767249
10135,ZAF,2011,11318.60454926229
10136,ZAF,2012,11838.0
10137,ZAF,2013,11938.225360272434
10138,ZAF,2014,12048.068706129014
10139,ZAF,2015,12034.149275332167
10140,ZAF,2016,12009.910456869906
10141,ZAF,2017,11908.11140360691
10142,ZAF,2018,11867.522167448227
10143,ZAF,2019,11873.299867563794
10144,ZAF,2020,11739.935508497538
10145,ZAF,2021,10839.1330806975
10146,ZAF,2022,11273.159112407797
10167,ESP,1970,9299.070162620286
10168,ESP,1971,9502.939890629284
10169,ESP,1972,9885.877304701884
10170,ESP,1973,10787.692665989698
10171,ESP,1974,11629.701737238698
10172,ESP,1975,12379.949716151496
10173,ESP,1976,12613.324117916534
10174,ESP,1977,13044.985993676575
10175,ESP,1978,13335.21213888847
10176,ESP,1979,13568.676117616167
10177,ESP,1980,13678.09341878673
10178,ESP,1981,14005.934595454468
10179,ESP,1982,13895.314484184271
10180,ESP,1983,14046.104162293825
10181,ESP,1984,14240.944745992354
10182,ESP,1985,14313.326648327433
10183,ESP,1986,14696.9656773837
10184,ESP,1987,15242.980691686094
10185,ESP,1988,16273.085083913356
10186,ESP,1989,17275.507552334802
10187,ESP,1990,18360.35066269011
10188,ESP,1991,19214.999999999996
10189,ESP,1992,19958.05964269484
10190,ESP,1993,20329.167740836685
10191,ESP,1994,20056.539615511396
10192,ESP,1995,20673.9544155358
10193,ESP,1996,21522.096788725685
10194,ESP,1997,22185.06675997645
10195,ESP,1998,23113.615070459808
10196,ESP,1999,24284.861317461928
10197,ESP,2000,25549.53964290926
10198,ESP,2001,26994.86012029174
10199,ESP,2002,28153.55361296604
10200,ESP,2003,28753.322752068387
10201,ESP,2004,29371.86492785975
10202,ESP,2005,30088.09263524994
10203,ESP,2006,30885.602039559926
10204,ESP,2007,31907.423509758653
10205,ESP,2008,32735.433097933867
10206,ESP,2009,32844.326112024
10207,ESP,2010,31669.69062082153
10208,ESP,2011,31786.404048037
10209,ESP,2012,31600.0
10210,ESP,2013,30645.215366245026
10211,ESP,2014,30327.451849054178
10212,ESP,2015,30842.182876356037
10213,ESP,2016,32057.098255641897
10214,ESP,2017,33002.67434707953
10215,ESP,2018,33924.13541909865
10216,ESP,2019,34553.62592797743
10217,ESP,2020,34957.465528221546
10218,ESP,2021,30834.51319742432
10219,ESP,2022,32553.051028163532
10240,LKA,1970,2329.0
10241,LKA,1971,2389.0
10242,LKA,1972,2322.0
10243,LKA,1973,2327.0
10244,LKA,1974,2378.0
10245,LKA,1975,2418.0
10246,LKA,1976,2434.0
10247,LKA,1977,2464.0
10248,LKA,1978,2582.0
10249,LKA,1979,2694.0
10250,LKA,1980,2815.0
10251,LKA,1981,2917.0
10252,LKA,1982,3049.0
10253,LKA,1983,3151.0
10254,LKA,1984,3268.0
10255,LKA,1985,3387.0
10256,LKA,1986,3484.0
10257,LKA,1987,3607.0
10258,LKA,1988,3590.0
10259,LKA,1989,3633.0
10260,LKA,1990,3677.0
10261,LKA,1991,3864.0
10262,LKA,1992,4214.981900863511
10263,LKA,1993,4020.974175499325
10264,LKA,1994,4247.023034623755
10265,LKA,1995,4500.8195552981315
10266,LKA,1996,4702.294694659047
10267,LKA,1997,5187.708829550781
10268,LKA,1998,5628.53029882429
10269,LKA,1999,5440.2210189103525
10270,LKA,2000,5488.515373190962
10271,LKA,2001,5841.094138774196
10272,LKA,2002,5620.96581354052
10273,LKA,2003,5721.308690943176
10274,LKA,2004,5963.569712578056
10275,LKA,2005,6191.966443165941
10276,LKA,2006,6491.198233887651
10277,LKA,2007,6904.036139768964
10278,LKA,2008,7283.6321055447
10279,LKA,2009,7622.408932412526
10280,LKA,2010,7796.647424034445
10281,LKA,2011,8319.70286162119
10282,LKA,2012,8918.0
10283,LKA,2013,9599.044793971574
10284,LKA,2014,9898.523366371355
10285,LKA,2015,10437.810557761171
10286,LKA,2016,10784.184599999484
10287,LKA,2017,11236.11952335734
10288,LKA,2018,11868.201665106862
10289,LKA,2019,12051.54682423908
10290,LKA,2020,11939.549660268758
10291,LKA,2021,11447.249328773152
10292,LKA,2022,11751.948619091754
10313,PSE,1970,2791.0
10314,PSE,1971,3008.0
10315,PSE,1972,3338.0
10316,PSE,1973,3797.0
10317,PSE,1974,3537.0
10318,PSE,1975,4159.0
10319,PSE,1976,4085.0
10320,PSE,1977,4605.0
10321,PSE,1978,4439.0
10322,PSE,1979,4874.0
10323,PSE,1980,4677.0
10324,PSE,1981,5239.0
10325,PSE,1982,4811.0
10326,PSE,1983,5088.0
10327,PSE,1984,4733.0
10328,PSE,1985,4807.0
10329,PSE,1986,4619.0
10330,PSE,1987,5330.0
10331,PSE,1988,5004.0
10332,PSE,1989,4745.0
10333,PSE,1990,4682.0
10334,PSE,1991,5345.0
10335,PSE,1992,4732.1707378122765
10336,PSE,1993,5410.624860513377
10337,PSE,1994,5527.994894591654
10338,PSE,1995,5893.470080553527
10339,PSE,1996,5756.845080127221
10340,PSE,1997,5320.255431795181
10341,PSE,1998,5598.02091623714
10342,PSE,1999,6051.882863054289
10343,PSE,2000,6204.646561776398
10344,PSE,2001,5377.393510417403
10345,PSE,2002,4626.303136294866
10346,PSE,2003,3842.146373133057
10347,PSE,2004,4158.299311881024
10348,PSE,2005,4358.517574802476
10349,PSE,2006,4589.625827493029
10350,PSE,2007,4193.15374550199
10351,PSE,2008,4250.988726059923
10352,PSE,2009,4287.209196593138
10353,PSE,2010,4426.316815164755
10354,PSE,2011,4548.53105311676
10355,PSE,2012,4863.0
10356,PSE,2013,5054.0
10357,PSE,2014,5054.0
10358,PSE,2015,4939.0
10359,PSE,2016,5003.0
10360,PSE,2017,5316.988319387711
10361,PSE,2018,5269.6026726028185
10362,PSE,2019,5218.156432716277
10363,PSE,2020,5176.979557656634
10364,PSE,2021,4490.754810288136
10365,PSE,2022,4698.932604647453
10386,SDN,1970,1521.0
10387,SDN,1971,1415.0
10388,SDN,1972,1471.0
10389,SDN,1973,1400.0
10390,SDN,1974,1243.0
10391,SDN,1975,1328.0
10392,SDN,1976,1451.0
10393,SDN,1977,1664.0
10394,SDN,1978,1857.0
10395,SDN,1979,1766.0
10396,SDN,1980,1524.0
10397,SDN,1981,1484.0
10398,SDN,1982,1466.0
10399,SDN,1983,1599.0
10400,SDN,1984,1527.0
10401,SDN,1985,1404.0
10402,SDN,1986,1274.0
10403,SDN,1987,1286.0
10404,SDN,1988,1288.0
10405,SDN,1989,1282.0
10406,SDN,1990,1353.0
10407,SDN,1991,1211.0
10408,SDN,1992,1277.6891533943106
10409,SDN,1993,1336.0544325201806
10410,SDN,1994,1374.3846461085054
10411,SDN,1995,1386.1075886094598
10412,SDN,1996,1467.70853275204
10413,SDN,1997,1551.8573888285
10414,SDN,1998,1714.3775453239894
10415,SDN,1999,1785.0995752469096
10416,SDN,2000,1837.4980953785284
10417,SDN,2001,1951.4658011046365
10418,SDN,2002,2075.62212564054
10419,SDN,2003,2205.572361176137
10420,SDN,2004,2373.0568747422217
10421,SDN,2005,2461.3003000273293
10422,SDN,2006,2642.52081684144
10423,SDN,2007,2903.8008913327817
10424,SDN,2008,3233.697682179404
10425,SDN,2009,3478.88758155617
10426,SDN,2010,3580.187810849938
10427,SDN,2011,3707.302678122843
10428,SDN,2012,3669.0
10429,SDN,2013,2982.5592742963513
10430,SDN,2014,2973.4576224664247
10431,SDN,2015,3031.0373827463864
10432,SDN,2016,3087.5115855376976
10433,SDN,2017,3139.7502420574533
10434,SDN,2018,3068.751122609184
10435,SDN,2019,2908.528982674828
10436,SDN,2020,2757.3863129199635
10437,SDN,2021,2586.8955093733543
10438,SDN,2022,2532.705787434565
10459,SWZ,1970,1350.0
10460,SWZ,1971,1704.0
10461,SWZ,1972,1722.0
10462,SWZ,1973,1889.0
10463,SWZ,1974,1902.0
10464,SWZ,1975,2204.0
10465,SWZ,1976,2856.0
10466,SWZ,1977,3142.0
10467,SWZ,1978,3083.0
10468,SWZ,1979,3030.0
10469,SWZ,1980,2990.0
10470,SWZ,1981,2946.0
10471,SWZ,1982,3049.0
10472,SWZ,1983,3005.0
10473,SWZ,1984,2888.0
10474,SWZ,1985,2858.0
10475,SWZ,1986,2812.0
10476,SWZ,1987,3210.0
10477,SWZ,1988,3403.0
10478,SWZ,1989,3492.0
10479,SWZ,1990,3668.0
10480,SWZ,1991,3881.0
10481,SWZ,1992,3851.2898253408503
10482,SWZ,1993,3901.400080273145
10483,SWZ,1994,3982.279378771353
10484,SWZ,1995,4134.208101060545
10485,SWZ,1996,4383.677498614182
10486,SWZ,1997,4514.549089619057
10487,SWZ,1998,4620.918494284041
10488,SWZ,1999,4712.536264487054
10489,SWZ,2000,4827.286285655636
10490,SWZ,2001,4894.520737984168
10491,SWZ,2002,4976.904948171795
10492,SWZ,2003,5136.724846010962
10493,SWZ,2004,5377.557617340607
10494,SWZ,2005,5559.470083461372
10495,SWZ,2006,5867.2334289240525
10496,SWZ,2007,6187.7661584555235
10497,SWZ,2008,6467.820388739696
10498,SWZ,2009,6791.392164676074
10499,SWZ,2010,7011.0953016053345
10500,SWZ,2011,7192.751951767251
10501,SWZ,2012,7389.0
10502,SWZ,2013,7552.0
10503,SWZ,2014,7805.0
10504,SWZ,2015,7927.0
10505,SWZ,2016,7969.0
10506,SWZ,2017,7993.149505711394
10507,SWZ,2018,8092.340340156796
10508,SWZ,2019,8219.499420037926
10509,SWZ,2020,8375.425303861011
10510,SWZ,2021,8167.689638966547
10511,SWZ,2022,8725.72467687463
10532,SWE,1970,19215.0
10533,SWE,1971,20269.0
10534,SWE,1972,20320.0
10535,SWE,1973,20725.0
10536,SWE,1974,21509.0
10537,SWE,1975,22132.0
10538,SWE,1976,22607.0
10539,SWE,1977,22765.0
10540,SWE,1978,22322.0
10541,SWE,1979,22646.0
10542,SWE,1980,23465.0
10543,SWE,1981,23809.0
10544,SWE,1982,23777.0
10545,SWE,1983,24002.0
10546,SWE,1984,24412.0
10547,SWE,1985,25357.0
10548,SWE,1986,25805.0
10549,SWE,1987,26309.0
10550,SWE,1988,27016.0
10551,SWE,1989,27468.0
10552,SWE,1990,27933.0
10553,SWE,1991,28068.0
10554,SWE,1992,27614.034633396557
10555,SWE,1993,27198.52871669005
10556,SWE,1994,26558.825037287952
10557,SWE,1995,27505.955365905447
10558,SWE,1996,28519.444061538572
10559,SWE,1997,29012.104700260545
10560,SWE,1998,29862.666688537214
10561,SWE,1999,31187.16462765559
10562,SWE,2000,32705.21494834704
10563,SWE,2001,34202.60423690123
10564,SWE,2002,34666.662647201985
10565,SWE,2003,35569.77395565354
10566,SWE,2004,36435.75404729284
10567,SWE,2005,38016.063467838416
10568,SWE,2006,39258.99201022208
10569,SWE,2007,40992.29948287679
10570,SWE,2008,42399.84444197382
10571,SWE,2009,42189.96398768368
10572,SWE,2010,40116.31067653794
10573,SWE,2011,42634.75446263513
10574,SWE,2012,42079.0
10575,SWE,2013,41523.14327866962
10576,SWE,2014,41661.80656239522
10577,SWE,2015,42346.83738208002
10578,SWE,2016,43782.457073897145
10579,SWE,2017,44131.03197238085
10580,SWE,2018,44658.48268067305
10581,SWE,2019,45003.492394454086
10582,SWE,2020,45434.40294807441
10583,SWE,2021,44128.33196694781
10584,SWE,2022,46226.54465711257
10605,CHE,1970,22307.67292655504
10606,CHE,1971,23478.991767022973
10607,CHE,1972,24486.9781291002
10608,CHE,1973,25356.910902043855
10609,CHE,1974,26003.71517495672
10610,CHE,1975,25718.27037296807
10611,CHE,1976,24467.99170304896
10612,CHE,1977,24752.90730888385
10613,CHE,1978,25430.567445403256
10614,CHE,1979,26158.800298873663
10615,CHE,1980,26641.094951816107
10616,CHE,1981,27405.730236248284
10617,CHE,1982,27729.584967225976
10618,CHE,1983,27660.948497324916
10619,CHE,1984,28009.329084104094
10620,CHE,1985,28315.0825944092
10621,CHE,1986,29416.752244610027
10622,CHE,1987,30847.994256707087
10623,CHE,1988,31774.37115930647
10624,CHE,1989,32482.9076702734
10625,CHE,1990,33315.58677040572
10626,CHE,1991,34250.0
10627,CHE,1992,34128.641907102545
10628,CHE,1993,34356.802094625935
10629,CHE,1994,34625.5336467752
10630,CHE,1995,35423.82782842484
10631,CHE,1996,36004.22989374643
10632,CHE,1997,36720.49047276632
10633,CHE,1998,38165.47735261598
10634,CHE,1999,39890.53757516586
10635,CHE,2000,41091.6368773432
10636,CHE,2001,43251.103753602714
10637,CHE,2002,44398.63878146871
10638,CHE,2003,44934.31674605356
10639,CHE,2004,45441.59928036256
10640,CHE,2005,47263.59672625452
10641,CHE,2006,49273.90235938695
10642,CHE,2007,51862.96477059079
10643,CHE,2008,54509.53965985744
10644,CHE,2009,56054.8838155727
10645,CHE,2010,55171.50070768471
10646,CHE,2011,57219.49831206226
10647,CHE,2012,58686.0
10648,CHE,2013,58750.93843338053
10649,CHE,2014,59120.06144481311
10650,CHE,2015,59775.53927219261
10651,CHE,2016,60070.86539299293
10652,CHE,2017,60647.64025932316
10653,CHE,2018,60903.22121100031
10654,CHE,2019,62185.47798901128
10655,CHE,2020,62448.5993632049
10656,CHE,2021,60521.26266021757
10657,CHE,2022,62595.3100393776
10678,SYR,1970,6059.0
10679,SYR,1971,5643.0
10680,SYR,1972,5992.0
10681,SYR,1973,7243.0
10682,SYR,1974,6403.0
10683,SYR,1975,7685.0
10684,SYR,1976,8878.0
10685,SYR,1977,9526.0
10686,SYR,1978,9094.0
10687,SYR,1979,9561.0
10688,SYR,1980,9580.0
10689,SYR,1981,10374.0
10690,SYR,1982,10984.0
10691,SYR,1983,10817.0
10692,SYR,1984,10581.0
10693,SYR,1985,9792.0
10694,SYR,1986,10026.0
10695,SYR,1987,9200.0
10696,SYR,1988,9055.0
10697,SYR,1989,9913.0
10698,SYR,1990,8735.0
10699,SYR,1991,9087.0
10700,SYR,1992,9424.122590764522
10701,SYR,1993,10002.275987573028
10702,SYR,1994,10072.486536493594
10703,SYR,1995,9969.374045091008
10704,SYR,1996,9856.483113254271
10705,SYR,1997,9517.3721795319
10706,SYR,1998,8826.773523494465
10707,SYR,1999,8742.973560668532
10708,SYR,2000,7960.29181725339
10709,SYR,2001,7668.071651789252
10710,SYR,2002,7509.304243284499
10711,SYR,2003,7529.701614881877
10712,SYR,2004,6986.52380066229
10713,SYR,2005,7051.428477593476
10714,SYR,2006,7037.718229798778
10715,SYR,2007,6901.777865404115
10716,SYR,2008,6779.537095538939
10717,SYR,2009,6600.378719901472
10718,SYR,2010,6586.5183480418145
10719,SYR,2011,6520.612277450118
10720,SYR,2012,5979.0
10721,SYR,2013,4443.685928778878
10722,SYR,2014,3487.6809823836047
10723,SYR,2015,3384.414400143878
10724,SYR,2016,3464.037685420644
10725,SYR,2017,3380.553443830945
10726,SYR,2018,3422.1773432146706
10727,SYR,2019,3418.6954249618716
10728,SYR,2020,3385.419291877841
10729,SYR,2021,2903.7398355317155
10730,SYR,2022,2682.339823438483
10751,MKD,1970,6129.0
10752,MKD,1971,6545.0
10753,MKD,1972,6884.0
10754,MKD,1973,7127.0
10755,MKD,1974,7471.0
10756,MKD,1975,7803.0
10757,MKD,1976,8064.0
10758,MKD,1977,8319.0
10759,MKD,1978,8738.0
10760,MKD,1979,9341.0
10761,MKD,1980,9891.0
10762,MKD,1981,9899.0
10763,MKD,1982,9937.0
10764,MKD,1983,9977.0
10765,MKD,1984,9728.0
10766,MKD,1985,10007.0
10767,MKD,1986,9894.0
10768,MKD,1987,10551.0
10769,MKD,1988,10385.0
10770,MKD,1989,10034.0
10771,MKD,1990,10206.0
10772,MKD,1991,9173.0
10773,MKD,1992,8615.759144166695
10774,MKD,1993,7991.597871797595
10775,MKD,1994,7317.834723748325
10776,MKD,1995,7154.067121350195
10777,MKD,1996,7039.1197988162685
10778,MKD,1997,7095.166536780963
10779,MKD,1998,7179.026197617261
10780,MKD,1999,7411.548004951359
10781,MKD,2000,7732.047103206161
10782,MKD,2001,8083.789724815248
10783,MKD,2002,7835.026934522752
10784,MKD,2003,7964.077765660317
10785,MKD,2004,8160.412847626555
10786,MKD,2005,8561.383654725681
10787,MKD,2006,8984.545176004136
10788,MKD,2007,9466.264087390891
10789,MKD,2008,10099.407044287384
10790,MKD,2009,10674.20835930478
10791,MKD,2010,10657.87793941972
10792,MKD,2011,11038.289575823976
10793,MKD,2012,11321.0
10794,MKD,2013,11255.701047434051
10795,MKD,2014,11568.168643775136
10796,MKD,2015,11968.066277744643
10797,MKD,2016,12412.940670794598
10798,MKD,2017,12752.585075157189
10799,MKD,2018,12878.02101779952
10800,MKD,2019,13238.033916924547
10801,MKD,2020,13751.227996277215
10802,MKD,2021,13125.830528042296
10803,MKD,2022,13692.045849554455
10824,TWN,1970,3720.0
10825,TWN,1971,4044.0
10826,TWN,1972,4470.0
10827,TWN,1973,4962.0
10828,TWN,1974,5496.0
10829,TWN,1975,5455.0
10830,TWN,1976,5614.0
10831,TWN,1977,6245.0
10832,TWN,1978,6752.0
10833,TWN,1979,7519.0
10834,TWN,1980,7967.0
10835,TWN,1981,8384.0
10836,TWN,1982,8749.0
10837,TWN,1983,8910.0
10838,TWN,1984,9530.0
10839,TWN,1985,10394.0
10840,TWN,1986,10779.0
10841,TWN,1987,11918.0
10842,TWN,1988,13705.0
10843,TWN,1989,14183.0
10844,TWN,1990,15203.0
10845,TWN,1991,15841.0
10846,TWN,1992,16934.814283087933
10847,TWN,1993,18101.331840190014
10848,TWN,1994,19087.597762325888
10849,TWN,1995,20269.266376011605
10850,TWN,1996,21329.685994277752
10851,TWN,1997,22390.0519078282
10852,TWN,1998,23437.76776205303
10853,TWN,1999,24131.219974200325
10854,TWN,2000,25471.781236569175
10855,TWN,2001,26787.4456724356
10856,TWN,2002,26203.97590806403
10857,TWN,2003,27425.805914397857
10858,TWN,2004,28348.852507805215
10859,TWN,2005,29975.137825133577
10860,TWN,2006,31374.454421611863
10861,TWN,2007,32867.3671239113
10862,TWN,2008,34761.31136565504
10863,TWN,2009,34762.367306191816
10864,TWN,2010,33974.45410882216
10865,TWN,2011,37385.489357948376
10866,TWN,2012,38565.0
10867,TWN,2013,39291.18391861582
10868,TWN,2014,40140.730537687625
10869,TWN,2015,41930.839322568136
10870,TWN,2016,42438.46020390246
10871,TWN,2017,43262.193509298006
10872,TWN,2018,44618.28984445577
10873,TWN,2019,45817.93617356744
10874,TWN,2020,47200.25286946424
10875,TWN,2021,48779.43868650653
10876,TWN,2022,51943.88228863887
10897,TJK,1970,
10898,TJK,1971,
10899,TJK,1972,
10900,TJK,1973,
10901,TJK,1974,6527.0
10902,TJK,1975,
10903,TJK,1976,
10904,TJK,1977,
10905,TJK,1978,
10906,TJK,1979,
10907,TJK,1980,
10908,TJK,1981,5746.0
10909,TJK,1982,5622.0
10910,TJK,1983,5498.0
10911,TJK,1984,5547.0
10912,TJK,1985,5469.0
10913,TJK,1986,5364.0
10914,TJK,1987,5319.0
10915,TJK,1988,5040.0
10916,TJK,1989,5515.0
10917,TJK,1990,4962.0
10918,TJK,1991,4803.0
10919,TJK,1992,4270.370121797311
10920,TJK,1993,2832.7034244352703
10921,TJK,1994,2482.4135922416535
10922,TJK,1995,1928.3185195337016
10923,TJK,1996,1666.1839582117348
10924,TJK,1997,1559.5211892136726
10925,TJK,1998,1552.6323601705285
10926,TJK,1999,1589.3315551169549
10927,TJK,2000,1621.3205712535982
10928,TJK,2001,1723.3563296469088
10929,TJK,2002,1845.4782189409689
10930,TJK,2003,1982.8836657443285
10931,TJK,2004,2135.908281460682
10932,TJK,2005,2301.292086233067
10933,TJK,2006,2416.8670437122746
10934,TJK,2007,2524.844737494775
10935,TJK,2008,2647.2093871561588
10936,TJK,2009,2801.7761791636535
10937,TJK,2010,2853.8884804558684
10938,TJK,2011,2975.9268086472184
10939,TJK,2012,3111.0
10940,TJK,2013,3283.909282444051
10941,TJK,2014,3464.2069410303793
10942,TJK,2015,3631.879416508331
10943,TJK,2016,3784.343607888181
10944,TJK,2017,3978.5557699345873
10945,TJK,2018,4192.401721367111
10946,TJK,2019,4440.156773402692
10947,TJK,2020,4695.542787924347
10948,TJK,2021,4828.393755925144
10949,TJK,2022,5205.6058456668625
10970,THA,1970,2608.0
10971,THA,1971,2700.0
10972,THA,1972,2750.0
10973,THA,1973,2786.0
10974,THA,1974,2987.0
10975,THA,1975,3045.0
10976,THA,1976,3123.0
10977,THA,1977,3333.0
10978,THA,1978,3585.0
10979,THA,1979,3861.0
10980,THA,1980,3979.0
10981,THA,1981,4071.0
10982,THA,1982,4230.0
10983,THA,1983,4375.0
10984,THA,1984,4538.0
10985,THA,1985,4720.0
10986,THA,1986,4862.0
10987,THA,1987,5053.0
10988,THA,1988,5453.0
10989,THA,1989,6089.0
10990,THA,1990,6735.0
10991,THA,1991,7385.0
10992,THA,1992,7849.744818023884
10993,THA,1993,8409.020942208199
10994,THA,1994,8964.292159989453
10995,THA,1995,9499.51752452374
10996,THA,1996,10080.208263176271
10997,THA,1997,10458.358609825857
10998,THA,1998,9995.618219647871
10999,THA,1999,9077.747796774502
11000,THA,2000,9347.060930016596
11001,THA,2001,9627.10431781556
11002,THA,2002,9818.720536224924
11003,THA,2003,10276.398308003036
11004,THA,2004,10868.83553836039
11005,THA,2005,11408.325704884286
11006,THA,2006,11742.12809366095
11007,THA,2007,12180.711358990808
11008,THA,2008,12694.714634780315
11009,THA,2009,12768.12907692836
11010,THA,2010,12543.398612886303
11011,THA,2011,13343.546749821046
11012,THA,2012,13318.0
11013,THA,2013,14202.250655561857
11014,THA,2014,14504.183137305956
11015,THA,2015,14571.971044652584
11016,THA,2016,14960.908433814262
11017,THA,2017,15411.533795933696
11018,THA,2018,15994.506156893043
11019,THA,2019,16610.05051186261
11020,THA,2020,16905.292327574447
11021,THA,2021,15815.91485952924
11022,THA,2022,16019.518754916817
11043,TGO,1970,1707.0
11044,TGO,1971,1631.0
11045,TGO,1972,1699.0
11046,TGO,1973,1709.0
11047,TGO,1974,1591.0
11048,TGO,1975,1612.0
11049,TGO,1976,1556.0
11050,TGO,1977,1505.0
11051,TGO,1978,1543.0
11052,TGO,1979,1650.0
11053,TGO,1980,1698.0
11054,TGO,1981,1572.0
11055,TGO,1982,1423.0
11056,TGO,1983,1323.0
11057,TGO,1984,1211.0
11058,TGO,1985,1239.0
11059,TGO,1986,1240.0
11060,TGO,1987,1237.0
11061,TGO,1988,1165.0
11062,TGO,1989,1239.0
11063,TGO,1990,1246.0
11064,TGO,1991,1275.0
11065,TGO,1992,1249.1679432148728
11066,TGO,1993,1181.8712650639795
11067,TGO,1994,1003.1648748730222
11068,TGO,1995,1145.7775800738827
11069,TGO,1996,1170.5977170559586
11070,TGO,1997,1215.7399788539417
11071,TGO,1998,1226.3270498998156
11072,TGO,1999,1174.8527369830267
11073,TGO,2000,1183.012966099163
11074,TGO,2001,1150.3659107050587
11075,TGO,2002,1115.5502532020962
11076,TGO,2003,1081.7445152462897
11077,TGO,2004,1114.4638191719616
11078,TGO,2005,1121.8058488923546
11079,TGO,2006,1119.8042690911689
11080,TGO,2007,1144.8814458855
11081,TGO,2008,1145.9206450361482
11082,TGO,2009,1150.3578529388246
11083,TGO,2010,1165.888833713181
11084,TGO,2011,1191.1449266095365
11085,TGO,2012,1227.0
11086,TGO,2013,1263.0
11087,TGO,2014,1292.0
11088,TGO,2015,1334.0
11089,TGO,2016,1370.0
11090,TGO,2017,1412.9878115717115
11091,TGO,2018,1433.7917117585705
11092,TGO,2019,1466.3409759141143
11093,TGO,2020,1501.8667566255235
11094,TGO,2021,1482.751495313325
11095,TGO,2022,1534.8236471011076
11116,TTO,1970,12588.0
11117,TTO,1971,13141.0
11118,TTO,1972,13185.0
11119,TTO,1973,13753.0
11120,TTO,1974,13844.0
11121,TTO,1975,14430.0
11122,TTO,1976,14534.0
11123,TTO,1977,15696.0
11124,TTO,1978,16412.0
11125,TTO,1979,18042.0
11126,TTO,1980,18568.0
11127,TTO,1981,19734.0
11128,TTO,1982,20298.0
11129,TTO,1983,18771.0
11130,TTO,1984,16982.0
11131,TTO,1985,17680.0
11132,TTO,1986,16671.0
11133,TTO,1987,15871.0
11134,TTO,1988,14929.0
11135,TTO,1989,14198.0
11136,TTO,1990,13970.0
11137,TTO,1991,14112.0
11138,TTO,1992,14060.73634791224
11139,TTO,1993,14195.95178689203
11140,TTO,1994,13745.79712311914
11141,TTO,1995,13350.896159820612
11142,TTO,1996,14187.65892557864
11143,TTO,1997,15004.264326534918
11144,TTO,1998,15931.67154762603
11145,TTO,1999,17013.754767816095
11146,TTO,2000,18159.91590151832
11147,TTO,2001,19179.91872757504
11148,TTO,2002,19736.67946804856
11149,TTO,2003,21052.44914125854
11150,TTO,2004,23814.066673498488
11151,TTO,2005,25403.269121355348
11152,TTO,2006,26651.833009766848
11153,TTO,2007,29792.42297643529
11154,TTO,2008,30806.173810743137
11155,TTO,2009,31434.30390141468
11156,TTO,2010,29657.463062082377
11157,TTO,2011,30235.994690181866
11158,TTO,2012,29745.0
11159,TTO,2013,30944.22175941009
11160,TTO,2014,31976.95357984833
11161,TTO,2015,32878.20246743371
11162,TTO,2016,32480.590636657547
11163,TTO,2017,30158.125918600163
11164,TTO,2018,28618.1764787155
11165,TTO,2019,27863.434077002672
11166,TTO,2020,27582.567855183723
11167,TTO,2021,25548.510398614617
11168,TTO,2022,25237.664168378193
11189,TUN,1970,2805.0
11190,TUN,1971,2912.0
11191,TUN,1972,3159.0
11192,TUN,1973,3645.0
11193,TUN,1974,3540.0
11194,TUN,1975,3735.0
11195,TUN,1976,3899.0
11196,TUN,1977,4095.0
11197,TUN,1978,4132.0
11198,TUN,1979,4304.0
11199,TUN,1980,4481.0
11200,TUN,1981,4693.0
11201,TUN,1982,4830.0
11202,TUN,1983,4713.0
11203,TUN,1984,4844.0
11204,TUN,1985,4890.0
11205,TUN,1986,5039.0
11206,TUN,1987,4841.0
11207,TUN,1988,5043.0
11208,TUN,1989,4940.0
11209,TUN,1990,5023.0
11210,TUN,1991,5316.0
11211,TUN,1992,5446.2281757249175
11212,TUN,1993,5789.955052922007
11213,TUN,1994,5843.0684103715685
11214,TUN,1995,5968.844790171844
11215,TUN,1996,6048.7474991021545
11216,TUN,1997,6388.393984452914
11217,TUN,1998,6680.103410227016
11218,TUN,1999,6944.660890067283
11219,TUN,2000,7297.474604205236
11220,TUN,2001,7548.437842258139
11221,TUN,2002,7848.094466525322
11222,TUN,2003,7916.679496117091
11223,TUN,2004,8281.715263149277
11224,TUN,2005,8705.08413958555
11225,TUN,2006,8983.384172259366
11226,TUN,2007,9420.023150983332
11227,TUN,2008,9932.938167715389
11228,TUN,2009,10294.921446404009
11229,TUN,2010,10533.217825231255
11230,TUN,2011,10721.811344221567
11231,TUN,2012,10437.0
11232,TUN,2013,10750.849821816157
11233,TUN,2014,10881.510450057782
11234,TUN,2015,11084.781395957822
11235,TUN,2016,11063.08092636137
11236,TUN,2017,11064.023715502895
11237,TUN,2018,11194.36482191282
11238,TUN,2019,11376.28966218976
11239,TUN,2020,11451.89757469591
11240,TUN,2021,10354.23909638127
11241,TUN,2022,10726.256220168169
11262,TUR,1970,4267.0
11263,TUR,1971,4398.0
11264,TUR,1972,4715.0
11265,TUR,1973,4929.0
11266,TUR,1974,5050.0
11267,TUR,1975,5353.0
11268,TUR,1976,5719.0
11269,TUR,1977,6110.0
11270,TUR,1978,6271.0
11271,TUR,1979,6350.0
11272,TUR,1980,6204.0
11273,TUR,1981,6070.0
11274,TUR,1982,6201.0
11275,TUR,1983,6381.0
11276,TUR,1984,6489.0
11277,TUR,1985,6736.0
11278,TUR,1986,6958.0
11279,TUR,1987,7323.0
11280,TUR,1988,7838.0
11281,TUR,1989,8019.0
11282,TUR,1990,7992.0
11283,TUR,1991,8606.0
11284,TUR,1992,8658.37842796921
11285,TUR,1993,9150.434559004289
11286,TUR,1994,9865.300684435108
11287,TUR,1995,9308.695420908029
11288,TUR,1996,9962.536572317964
11289,TUR,1997,10644.633979720156
11290,TUR,1998,11432.436812926797
11291,TUR,1999,11772.830051334431
11292,TUR,2000,11151.67362088466
11293,TUR,2001,11904.008181075744
11294,TUR,2002,10950.992093676405
11295,TUR,2003,11753.953608919272
11296,TUR,2004,12380.20683194384
11297,TUR,2005,13423.794626208915
11298,TUR,2006,14487.758287957333
11299,TUR,2007,15425.188711193154
11300,TUR,2008,16090.834837989993
11301,TUR,2009,16182.732804414643
11302,TUR,2010,15188.420447724917
11303,TUR,2011,16528.119272825865
11304,TUR,2012,17919.0
11305,TUR,2013,18539.221973778134
11306,TUR,2014,19855.717636344623
11307,TUR,2015,20557.401315525167
11308,TUR,2016,21519.33050572648
11309,TUR,2017,21937.16129674135
11310,TUR,2018,23278.99665955572
11311,TUR,2019,23650.489423952156
11312,TUR,2020,23497.50335772699
11313,TUR,2021,23721.88049784061
11314,TUR,2022,26175.93047554976
11335,TKM,1970,
11336,TKM,1971,
11337,TKM,1972,
11338,TKM,1973,
11339,TKM,1974,7693.0
11340,TKM,1975,
11341,TKM,1976,
11342,TKM,1977,
11343,TKM,1978,
11344,TKM,1979,
11345,TKM,1980,
11346,TKM,1981,6763.0
11347,TKM,1982,6666.0
11348,TKM,1983,6575.0
11349,TKM,1984,6535.0
11350,TKM,1985,6314.0
11351,TKM,1986,6186.0
11352,TKM,1987,6204.0
11353,TKM,1988,6194.0
11354,TKM,1989,6601.0
11355,TKM,1990,5915.0
11356,TKM,1991,5796.0
11357,TKM,1992,5457.756925735311
11358,TKM,1993,4587.7636554110795
11359,TKM,1994,4604.384153414509
11360,TKM,1995,3769.624769245482
11361,TKM,1996,3473.6801892782573
11362,TKM,1997,3226.984836386654
11363,TKM,1998,2856.148606855591
11364,TKM,1999,3037.7043313486065
11365,TKM,2000,3527.160460400249
11366,TKM,2001,4173.194599534994
11367,TKM,2002,5014.062451005454
11368,TKM,2003,5795.640968645097
11369,TKM,2004,6784.561001353469
11370,TKM,2005,7781.743824791977
11371,TKM,2006,8791.675845750144
11372,TKM,2007,9752.355478498552
11373,TKM,2008,10829.375780106502
11374,TKM,2009,12426.718788803995
11375,TKM,2010,13188.447854955197
11376,TKM,2011,14397.149096972053
11377,TKM,2012,16518.0
11378,TKM,2013,17333.727821581546
11379,TKM,2014,17080.462210519865
11380,TKM,2015,17536.7655064105
11381,TKM,2016,17857.25990917966
11382,TKM,2017,17484.64550869838
11383,TKM,2018,18104.43293598298
11384,TKM,2019,18064.108333963595
11385,TKM,2020,17264.170917430805
11386,TKM,2021,16580.840638801958
11387,TKM,2022,17169.060084375782
11408,TZA,1970,883.0
11409,TZA,1971,905.0
11410,TZA,1972,915.0
11411,TZA,1973,945.0
11412,TZA,1974,945.0
11413,TZA,1975,937.0
11414,TZA,1976,956.0
11415,TZA,1977,996.0
11416,TZA,1978,993.0
11417,TZA,1979,993.0
11418,TZA,1980,977.0
11419,TZA,1981,958.0
11420,TZA,1982,920.0
11421,TZA,1983,905.0
11422,TZA,1984,875.0
11423,TZA,1985,870.0
11424,TZA,1986,843.0
11425,TZA,1987,845.0
11426,TZA,1988,859.0
11427,TZA,1989,867.0
11428,TZA,1990,870.0
11429,TZA,1991,875.0
11430,TZA,1992,891.8942647965827
11431,TZA,1993,895.4805987006042
11432,TZA,1994,900.4133422705056
11433,TZA,1995,904.7574646513776
11434,TZA,1996,931.0027659210888
11435,TZA,1997,979.7304350786228
11436,TZA,1998,1017.1681184679212
11437,TZA,1999,1052.0750167956455
11438,TZA,2000,1100.353206858519
11439,TZA,2001,1148.680170099534
11440,TZA,2002,1213.6268753140637
11441,TZA,2003,1293.2050658668406
11442,TZA,2004,1369.9390816150094
11443,TZA,2005,1464.385366938692
11444,TZA,2006,1554.1523158958562
11445,TZA,2007,1621.9965444967752
11446,TZA,2008,1754.462648524997
11447,TZA,2009,1848.174527375122
11448,TZA,2010,1946.8481316239383
11449,TZA,2011,2068.8636615835253
11450,TZA,2012,2227.0
11451,TZA,2013,2271.4642969378106
11452,TZA,2014,2353.3415737859964
11453,TZA,2015,2436.456366677214
11454,TZA,2016,2505.972428743895
11455,TZA,2017,2592.6619462159956
11456,TZA,2018,2683.053556079512
11457,TZA,2019,2785.1823176640764
11458,TZA,2020,2894.647273525394
11459,TZA,2021,2948.4724897505207
11460,TZA,2022,3008.1130797544965
11481,UGA,1970,1404.0
11482,UGA,1971,1382.0
11483,UGA,1972,1385.0
11484,UGA,1973,1364.0
11485,UGA,1974,1331.0
11486,UGA,1975,1302.0
11487,UGA,1976,1243.0
11488,UGA,1977,1219.0
11489,UGA,1978,1207.0
11490,UGA,1979,1111.0
11491,UGA,1980,966.0
11492,UGA,1981,912.0
11493,UGA,1982,923.0
11494,UGA,1983,972.0
11495,UGA,1984,1014.0
11496,UGA,1985,897.0
11497,UGA,1986,886.0
11498,UGA,1987,858.0
11499,UGA,1988,877.0
11500,UGA,1989,902.0
11501,UGA,1990,929.0
11502,UGA,1991,932.0
11503,UGA,1992,915.4053283443002
11504,UGA,1993,934.8262611058482
11505,UGA,1994,959.1881430158104
11506,UGA,1995,994.5333917618376
11507,UGA,1996,1054.7139296053565
11508,UGA,1997,1091.5275264003274
11509,UGA,1998,1107.5009409743204
11510,UGA,1999,1137.638151241129
11511,UGA,2000,1185.4312690393156
11512,UGA,2001,1191.9538798461265
11513,UGA,2002,1255.8844342134323
11514,UGA,2003,1301.0588278641792
11515,UGA,2004,1335.03049678079
11516,UGA,2005,1364.6851931103718
11517,UGA,2006,1451.097326273943
11518,UGA,2007,1501.385499557381
11519,UGA,2008,1569.829840705876
11520,UGA,2009,1679.3994778834551
11521,UGA,2010,1757.38624301723
11522,UGA,2011,1831.2907004674328
11523,UGA,2012,1890.0
11524,UGA,2013,1878.895928781196
11525,UGA,2014,1895.464405554264
11526,UGA,2015,1941.190439361355
11527,UGA,2016,2026.8051534141848
11528,UGA,2017,1953.096521664952
11529,UGA,2018,1998.5994438647892
11530,UGA,2019,2036.3312449662733
11531,UGA,2020,2128.9085948515294
11532,UGA,2021,2032.2618824050696
11533,UGA,2022,2083.828189664253
11554,UKR,1970,
11555,UKR,1971,
11556,UKR,1972,
11557,UKR,1973,
11558,UKR,1974,7849.0
11559,UKR,1975,
11560,UKR,1976,
11561,UKR,1977,
11562,UKR,1978,
11563,UKR,1979,
11564,UKR,1980,
11565,UKR,1981,8467.0
11566,UKR,1982,8695.0
11567,UKR,1983,8934.0
11568,UKR,1984,9288.0
11569,UKR,1985,9476.0
11570,UKR,1986,9387.0
11571,UKR,1987,9408.0
11572,UKR,1988,9648.0
11573,UKR,1989,9704.0
11574,UKR,1990,10082.0
11575,UKR,1991,9607.0
11576,UKR,1992,8899.096690561873
11577,UKR,1993,8130.276785856602
11578,UKR,1994,7090.257341436511
11579,UKR,1995,5585.413321986644
11580,UKR,1996,5024.181735240126
11581,UKR,1997,4636.626309204157
11582,UKR,1998,4612.40421983972
11583,UKR,1999,4640.199197785761
11584,UKR,2000,4751.316240598978
11585,UKR,2001,5165.808153729847
11586,UKR,2002,5793.659759650365
11587,UKR,2003,6262.982424808585
11588,UKR,2004,7029.570523797112
11589,UKR,2005,8049.395377032447
11590,UKR,2006,8496.676338957132
11591,UKR,2007,9355.987925458065
11592,UKR,2008,10355.818446673604
11593,UKR,2009,10824.076461069992
11594,UKR,2010,9381.224975441304
11595,UKR,2011,9601.208608595822
11596,UKR,2012,10333.0
11597,UKR,2013,10381.638185351349
11598,UKR,2014,10405.389314437634
11599,UKR,2015,9817.459393841984
11600,UKR,2016,8959.173499131002
11601,UKR,2017,9221.608186466145
11602,UKR,2018,9477.510214007096
11603,UKR,2019,9827.171393881204
11604,UKR,2020,10139.761229933642
11605,UKR,2021,9769.827945690837
11606,UKR,2022,10133.884720213782
11627,ARE,1970,40639.0
11628,ARE,1971,39135.0
11629,ARE,1972,39540.0
11630,ARE,1973,39540.0
11631,ARE,1974,39669.0
11632,ARE,1975,45347.0
11633,ARE,1976,40591.0
11634,ARE,1977,40803.0
11635,ARE,1978,41915.0
11636,ARE,1979,35936.0
11637,ARE,1980,39534.0
11638,ARE,1981,44168.0
11639,ARE,1982,42456.0
11640,ARE,1983,36635.0
11641,ARE,1984,32737.0
11642,ARE,1985,32135.0
11643,ARE,1986,29562.0
11644,ARE,1987,21949.0
11645,ARE,1988,21487.0
11646,ARE,1989,20215.0
11647,ARE,1990,21072.0
11648,ARE,1991,22254.0
11649,ARE,1992,
11650,ARE,1993,
11651,ARE,1994,25558.756425031963
11652,ARE,1995,28334.582020910093
11653,ARE,1996,31239.91710043245
11654,ARE,1997,34042.74127285471
11655,ARE,1998,38168.4666465487
11656,ARE,1999,39667.794786420614
11657,ARE,2000,42372.43926258263
11658,ARE,2001,48888.03214746027
11659,ARE,2002,51263.37656760322
11660,ARE,2003,54077.466856988634
11661,ARE,2004,59823.267258640735
11662,ARE,2005,64925.67142036073
11663,ARE,2006,65599.05791372634
11664,ARE,2007,67830.92617117109
11665,ARE,2008,65412.80102471114
11666,ARE,2009,63862.08484077144
11667,ARE,2010,58860.53593328092
11668,ARE,2011,60112.401929710366
11669,ARE,2012,65307.0
11670,ARE,2013,66006.99739382941
11671,ARE,2014,66825.30350523994
11672,ARE,2015,67791.38692844106
11673,ARE,2016,71319.60611268003
11674,ARE,2017,74292.95204289131
11675,ARE,2018,73973.29234281687
11676,ARE,2019,74206.48493843887
11677,ARE,2020,74396.14386267077
11678,ARE,2021,70188.27272782834
11679,ARE,2022,72460.0406882181
11700,GBR,1970,16820.0
11701,GBR,1971,17162.0
11702,GBR,1972,17440.0
11703,GBR,1973,18002.0
11704,GBR,1974,19168.0
11705,GBR,1975,18903.0
11706,GBR,1976,18884.0
11707,GBR,1977,19311.0
11708,GBR,1978,19740.0
11709,GBR,1979,20448.0
11710,GBR,1980,20988.0
11711,GBR,1981,20612.0
11712,GBR,1982,20319.0
11713,GBR,1983,20650.0
11714,GBR,1984,21366.0
11715,GBR,1985,21869.0
11716,GBR,1986,22579.0
11717,GBR,1987,23498.0
11718,GBR,1988,24536.0
11719,GBR,1989,25679.0
11720,GBR,1990,26164.0
11721,GBR,1991,26189.0
11722,GBR,1992,25792.01277910844
11723,GBR,1993,25790.184687995672
11724,GBR,1994,26349.341965887485
11725,GBR,1995,27277.54276102584
11726,GBR,1996,27861.21578257752
11727,GBR,1997,28472.248239067303
11728,GBR,1998,29259.763819527383
11729,GBR,1999,30077.38451998016
11730,GBR,2000,30932.53623756816
11731,GBR,2001,31946.036339441373
11732,GBR,2002,32660.441370022447
11733,GBR,2003,33271.302547788306
11734,GBR,2004,34232.42666000616
11735,GBR,2005,34865.78267808615
11736,GBR,2006,35623.6255859275
11737,GBR,2007,36214.06879467632
11738,GBR,2008,36816.677075128326
11739,GBR,2009,36264.790557788256
11740,GBR,2010,34402.357978781125
11741,GBR,2011,34754.472260543975
11742,GBR,2012,34971.0
11743,GBR,2013,35243.64214254814
11744,GBR,2014,35660.55716703867
11745,GBR,2015,36521.86116460704
11746,GBR,2016,37101.22493847404
11747,GBR,2017,37593.90658353903
11748,GBR,2018,38283.93671698943
11749,GBR,2019,38704.602674613714
11750,GBR,2020,39113.01173266413
11751,GBR,2021,34651.183049111096
11752,GBR,2022,37134.328380219384
11773,USA,1970,24195.0
11774,USA,1971,23958.0
11775,USA,1972,24394.0
11776,USA,1973,25414.0
11777,USA,1974,26602.0
11778,USA,1975,26286.0
11779,USA,1976,25956.0
11780,USA,1977,27058.0
11781,USA,1978,28001.0
11782,USA,1979,29286.0
11783,USA,1980,29949.0
11784,USA,1981,29611.0
11785,USA,1982,30056.0
11786,USA,1983,29210.0
11787,USA,1984,30158.0
11788,USA,1985,32076.0
11789,USA,1986,33023.0
11790,USA,1987,33850.0
11791,USA,1988,34730.0
11792,USA,1989,35863.0
11793,USA,1990,36756.0
11794,USA,1991,36982.0
11795,USA,1992,36463.95763729273
11796,USA,1993,37240.2990340352
11797,USA,1994,37761.53516734228
11798,USA,1995,38807.27997199269
11799,USA,1996,39390.6254014683
11800,USA,1997,40412.75103133644
11801,USA,1998,41722.6703296506
11802,USA,1999,43072.75802109557
11803,USA,2000,44575.84862702155
11804,USA,2001,45886.47049828895
11805,USA,2002,45878.009153955805
11806,USA,2003,46266.29589143221
11807,USA,2004,47157.99527113943
11808,USA,2005,48492.71712261176
11809,USA,2006,49654.76142510663
11810,USA,2007,50489.86002183291
11811,USA,2008,50901.74470450649
11812,USA,2009,50275.746337143275
11813,USA,2010,48452.93350407469
11814,USA,2011,49266.91586220606
11815,USA,2012,49675.0
11816,USA,2013,50436.4354973145
11817,USA,2014,51010.79810347045
11818,USA,2015,51796.61921780836
11819,USA,2016,52808.154135428966
11820,USA,2017,53301.01506695151
11821,USA,2018,54152.364518908056
11822,USA,2019,55454.66943794173
11823,USA,2020,56469.26365925514
11824,USA,2021,54379.20651245575
11825,USA,2022,57522.70462551701
11846,URY,1970,7740.0
11847,URY,1971,8030.0
11848,URY,1972,7933.0
11849,URY,1973,7643.0
11850,URY,1974,7885.0
11851,URY,1975,8176.0
11852,URY,1976,8563.0
11853,URY,1977,8853.0
11854,URY,1978,8950.0
11855,URY,1979,9483.0
11856,URY,1980,9966.0
11857,URY,1981,10546.0
11858,URY,1982,10643.0
11859,URY,1983,9578.0
11860,URY,1984,8950.0
11861,URY,1985,8805.0
11862,URY,1986,8901.0
11863,URY,1987,9628.0
11864,URY,1988,10305.0
11865,URY,1989,10256.0
11866,URY,1990,10305.0
11867,URY,1991,10305.0
11868,URY,1992,10586.408414766767
11869,URY,1993,11349.542004280956
11870,URY,1994,11581.704684274522
11871,URY,1995,12344.150140296246
11872,URY,1996,12092.638852246671
11873,URY,1997,12660.162655503667
11874,URY,1998,13226.47779769592
11875,URY,1999,13744.321148516316
11876,URY,2000,13348.756281367088
11877,URY,2001,13050.0639035873
11878,URY,2002,12463.91903980911
11879,URY,2003,11399.580724707435
11880,URY,2004,11438.68613850908
11881,URY,2005,11955.309438553342
11882,URY,2006,12757.498640066233
11883,URY,2007,13223.780764577108
11884,URY,2008,13976.392578731906
11885,URY,2009,14869.92666630942
11886,URY,2010,15143.996123101964
11887,URY,2011,16415.62883173476
11888,URY,2012,17211.0
11889,URY,2013,17776.02749140041
11890,URY,2014,18553.332642626025
11891,URY,2015,19104.3132118841
11892,URY,2016,19123.602932734615
11893,URY,2017,19393.98190078564
11894,URY,2018,19656.62655542169
11895,URY,2019,19697.759966076323
11896,URY,2020,19714.14894879611
11897,URY,2021,18460.03834921669
11898,URY,2022,19222.295834867906
11919,UZB,1970,
11920,UZB,1971,
11921,UZB,1972,
11922,UZB,1973,
11923,UZB,1974,8125.0
11924,UZB,1975,
11925,UZB,1976,
11926,UZB,1977,
11927,UZB,1978,
11928,UZB,1979,
11929,UZB,1980,
11930,UZB,1981,7453.0
11931,UZB,1982,7527.0
11932,UZB,1983,7594.0
11933,UZB,1984,7672.0
11934,UZB,1985,7189.0
11935,UZB,1986,7181.0
11936,UZB,1987,6904.0
11937,UZB,1988,6680.0
11938,UZB,1989,7101.0
11939,UZB,1990,7093.0
11940,UZB,1991,6790.0
11941,UZB,1992,6485.527824276889
11942,UZB,1993,5530.478591343006
11943,UZB,1994,5193.464140177949
11944,UZB,1995,4744.457857055245
11945,UZB,1996,4535.263246411296
11946,UZB,1997,4452.881873653169
11947,UZB,1998,4529.334428545817
11948,UZB,1999,4575.986800198938
11949,UZB,2000,4630.651445684996
11950,UZB,2001,4667.25991024069
11951,UZB,2002,4725.252501412581
11952,UZB,2003,4777.288582671538
11953,UZB,2004,4844.729951296877
11954,UZB,2005,5068.208628019459
11955,UZB,2006,5284.004909239419
11956,UZB,2007,5535.12177857377
11957,UZB,2008,5907.998911216545
11958,UZB,2009,6278.273243067424
11959,UZB,2010,6618.097601072618
11960,UZB,2011,7002.859552872846
11961,UZB,2012,7396.0
11962,UZB,2013,7847.0745809285745
11963,UZB,2014,8340.98818310055
11964,UZB,2015,8831.601152916568
11965,UZB,2016,9381.346864214403
11966,UZB,2017,9845.352192260572
11967,UZB,2018,10182.692816012164
11968,UZB,2019,10682.417894057488
11969,UZB,2020,11219.242899547167
11970,UZB,2021,11341.919401727711
11971,UZB,2022,12076.09157686011
11992,VEN,1970,14655.0
11993,VEN,1971,15289.0
11994,VEN,1972,15192.0
11995,VEN,1973,15135.0
11996,VEN,1974,15540.0
11997,VEN,1975,15943.0
11998,VEN,1976,16385.0
11999,VEN,1977,17174.0
12000,VEN,1978,17693.0
12001,VEN,1979,17481.0
12002,VEN,1980,17135.0
12003,VEN,1981,16270.0
12004,VEN,1982,15750.0
12005,VEN,1983,15423.0
12006,VEN,1984,14155.0
12007,VEN,1985,13597.0
12008,VEN,1986,13270.0
12009,VEN,1987,13751.0
12010,VEN,1988,13866.0
12011,VEN,1989,14308.0
12012,VEN,1990,12750.0
12013,VEN,1991,13251.0
12014,VEN,1992,14274.525487149784
12015,VEN,1993,14901.61635472764
12016,VEN,1994,14693.90203822638
12017,VEN,1995,14129.277975631472
12018,VEN,1996,14448.282191870983
12019,VEN,1997,14211.809414036632
12020,VEN,1998,14894.336745593098
12021,VEN,1999,14739.05065821806
12022,VEN,2000,13669.484604293504
12023,VEN,2001,13992.608807948873
12024,VEN,2002,14298.036957580944
12025,VEN,2003,12856.04918742854
12026,VEN,2004,11728.183005623305
12027,VEN,2005,13713.045236368866
12028,VEN,2006,14944.339489328482
12029,VEN,2007,16253.68575385359
12030,VEN,2008,17386.085276439902
12031,VEN,2009,18019.09018091403
12032,VEN,2010,17242.944826690808
12033,VEN,2011,17105.579327823347
12034,VEN,2012,17746.0
12035,VEN,2013,18486.458202705155
12036,VEN,2014,18484.233988743432
12037,VEN,2015,17579.223347306317
12038,VEN,2016,16333.082942876688
12039,VEN,2017,13428.788576486702
12040,VEN,2018,11363.969178268517
12041,VEN,2019,9446.187714934318
12042,VEN,2020,7061.761533347558
12043,VEN,2021,4952.529594631958
12044,VEN,2022,4896.801878805474
12065,VNM,1970,1178.0
12066,VNM,1971,1172.0
12067,VNM,1972,1202.0
12068,VNM,1973,1278.0
12069,VNM,1974,1333.0
12070,VNM,1975,1248.0
12071,VNM,1976,1132.0
12072,VNM,1977,1290.0
12073,VNM,1978,1304.0
12074,VNM,1979,1285.0
12075,VNM,1980,1267.0
12076,VNM,1981,1207.0
12077,VNM,1982,1223.0
12078,VNM,1983,1293.0
12079,VNM,1984,1333.0
12080,VNM,1985,1420.0
12081,VNM,1986,1471.0
12082,VNM,1987,1481.0
12083,VNM,1988,1500.0
12084,VNM,1989,1556.0
12085,VNM,1990,1588.0
12086,VNM,1991,1634.0
12087,VNM,1992,1688.1598950401428
12088,VNM,1993,1792.6707736381495
12089,VNM,1994,1894.858620295663
12090,VNM,1995,2018.3507030157436
12091,VNM,1996,2167.0420489578314
12092,VNM,1997,2323.046383537817
12093,VNM,1998,2466.873549524783
12094,VNM,1999,2564.2844556497544
12095,VNM,2000,2641.3484975663996
12096,VNM,2001,2773.1016351079197
12097,VNM,2002,2915.6861402415084
12098,VNM,2003,3070.6934784828986
12099,VNM,2004,3242.2854696510985
12100,VNM,2005,3437.6644223214967
12101,VNM,2006,3637.6563793050823
12102,VNM,2007,3828.907673426166
12103,VNM,2008,4037.232859156257
12104,VNM,2009,4200.235230939429
12105,VNM,2010,4360.06172503739
12106,VNM,2011,4571.848584052684
12107,VNM,2012,4786.0
12108,VNM,2013,4987.96428728723
12109,VNM,2014,5199.7790307947325
12110,VNM,2015,5465.483582513126
12111,VNM,2016,5776.464968279421
12112,VNM,2017,6089.623180302986
12113,VNM,2018,6437.738850417648
12114,VNM,2019,6842.138813327312
12115,VNM,2020,7266.048396238919
12116,VNM,2021,7395.361526596984
12117,VNM,2022,7507.758707370352
12138,YEM,1970,1658.0
12139,YEM,1971,1961.0
12140,YEM,1972,2254.0
12141,YEM,1973,2383.0
12142,YEM,1974,2614.0
12143,YEM,1975,2703.0
12144,YEM,1976,2844.0
12145,YEM,1977,3193.0
12146,YEM,1978,3446.0
12147,YEM,1979,3636.0
12148,YEM,1980,3733.0
12149,YEM,1981,3650.0
12150,YEM,1982,3767.0
12151,YEM,1983,3724.0
12152,YEM,1984,3827.0
12153,YEM,1985,3861.0
12154,YEM,1986,3717.0
12155,YEM,1987,3684.0
12156,YEM,1988,3712.0
12157,YEM,1989,3747.0
12158,YEM,1990,3751.0
12159,YEM,1991,3622.0
12160,YEM,1992,3661.923642566381
12161,YEM,1993,3759.718276332795
12162,YEM,1994,3712.341069606074
12163,YEM,1995,3775.0694790013713
12164,YEM,1996,3823.318906002896
12165,YEM,1997,3855.572028098804
12166,YEM,1998,3927.680345307757
12167,YEM,1999,4044.148416518585
12168,YEM,2000,4080.218421657483
12169,YEM,2001,4212.105455723758
12170,YEM,2002,4249.033862041028
12171,YEM,2003,4292.098860408951
12172,YEM,2004,4326.510489125589
12173,YEM,2005,4371.395583773154
12174,YEM,2006,4485.582795708078
12175,YEM,2007,4497.259330502254
12176,YEM,2008,4516.143645657066
12177,YEM,2009,4549.008987048359
12178,YEM,2010,4593.542710018725
12179,YEM,2011,4812.34539486658
12180,YEM,2012,4088.0
12181,YEM,2013,4064.3423064292706
12182,YEM,2014,4139.823175424532
12183,YEM,2015,4019.3998587474753
12184,YEM,2016,2820.617221187428
12185,YEM,2017,2495.499372940501
12186,YEM,2018,2314.9672815952063
12187,YEM,2019,2281.5448647415274
12188,YEM,2020,2265.3430203935445
12189,YEM,2021,2031.4436130163915
12190,YEM,2022,1972.2102539237112
12211,ZMB,1970,1683.0
12212,ZMB,1971,1710.0
12213,ZMB,1972,1661.0
12214,ZMB,1973,1761.0
12215,ZMB,1974,1693.0
12216,ZMB,1975,1776.0
12217,ZMB,1976,1659.0
12218,ZMB,1977,1707.0
12219,ZMB,1978,1578.0
12220,ZMB,1979,1541.0
12221,ZMB,1980,1451.0
12222,ZMB,1981,1452.0
12223,ZMB,1982,1492.0
12224,ZMB,1983,1398.0
12225,ZMB,1984,1320.0
12226,ZMB,1985,1269.0
12227,ZMB,1986,1250.0
12228,ZMB,1987,1215.0
12229,ZMB,1988,1203.0
12230,ZMB,1989,1239.0
12231,ZMB,1990,1215.0
12232,ZMB,1991,1285.0
12233,ZMB,1992,1279.7515311632137
12234,ZMB,1993,1308.8516494552214
12235,ZMB,1994,1312.3370040463594
12236,ZMB,1995,1142.201816497409
12237,ZMB,1996,1180.9438016286122
12238,ZMB,1997,1260.7261920687567
12239,ZMB,1998,1311.3571115227148
12240,ZMB,1999,1308.951469385193
12241,ZMB,2000,1373.8510250414995
12242,ZMB,2001,1428.5023540792963
12243,ZMB,2002,1504.4498690487014
12244,ZMB,2003,1579.0227644596405
12245,ZMB,2004,1698.5515660943915
12246,ZMB,2005,1828.3098624611591
12247,ZMB,2006,1970.0186788822327
12248,ZMB,2007,2133.5938846454
12249,ZMB,2008,2318.6270735262383
12250,ZMB,2009,2504.7569814443345
12251,ZMB,2010,2743.3219210206375
12252,ZMB,2011,3032.067929130341
12253,ZMB,2012,3205.0
12254,ZMB,2013,3344.8651743028568
12255,ZMB,2014,3409.31384389593
12256,ZMB,2015,3461.0899810668607
12257,ZMB,2016,3454.3527073183586
12258,ZMB,2017,3476.8513534909916
12259,ZMB,2018,3489.854708801411
12260,ZMB,2019,3521.505005744813
12261,ZMB,2020,3466.2364125529007
12262,ZMB,2021,3270.5992234999458
12263,ZMB,2022,3321.5944958260097
12284,ZWE,1970,1731.0
12285,ZWE,1971,2043.0
12286,ZWE,1972,2157.0
12287,ZWE,1973,2268.0
12288,ZWE,1974,2283.0
12289,ZWE,1975,2275.0
12290,ZWE,1976,2235.0
12291,ZWE,1977,2163.0
12292,ZWE,1978,1946.0
12293,ZWE,1979,1964.0
12294,ZWE,1980,1930.0
12295,ZWE,1981,2064.0
12296,ZWE,1982,2243.0
12297,ZWE,1983,2240.0
12298,ZWE,1984,2190.0
12299,ZWE,1985,2067.0
12300,ZWE,1986,2128.0
12301,ZWE,1987,2107.0
12302,ZWE,1988,2004.0
12303,ZWE,1989,2114.0
12304,ZWE,1990,2181.0
12305,ZWE,1991,2160.0
12306,ZWE,1992,2222.2553387004546
12307,ZWE,1993,1971.445577004877
12308,ZWE,1994,1948.9105382578728
12309,ZWE,1995,2110.7119843012624
12310,ZWE,1996,2102.859909859986
12311,ZWE,1997,2292.487465296701
12312,ZWE,1998,2326.538888236251
12313,ZWE,1999,2369.019123916858
12314,ZWE,2000,2323.0092753718695
12315,ZWE,2001,2211.196193424148
12316,ZWE,2002,2193.738480509109
12317,ZWE,2003,2025.3177537887889
12318,ZWE,2004,1700.9558583487146
12319,ZWE,2005,1604.503024734718
12320,ZWE,2006,1496.034266700551
12321,ZWE,2007,1455.7286141876027
12322,ZWE,2008,1422.1553208297955
12323,ZWE,2009,1197.5260676682435
12324,ZWE,2010,1285.046588647837
12325,ZWE,2011,1401.8565190725872
12326,ZWE,2012,1515.0
12327,ZWE,2013,1749.8566122348195
12328,ZWE,2014,1766.3789287961536
12329,ZWE,2015,1789.0047733469328
12330,ZWE,2016,1798.7871864555148
12331,ZWE,2017,1782.8301249098747
12332,ZWE,2018,1843.9462298112855
12333,ZWE,2019,1900.199190697413
12334,ZWE,2020,1753.0244485571218
12335,ZWE,2021,1585.9728041575377
12336,ZWE,2022,1687.253154013049
