,country,year,gdppc,pop
20,AFG,1970,1272.0,12431.0
21,AFG,1971,1237.0,12749.0
22,AFG,1972,1007.0,13079.0
23,AFG,1973,1011.0,13421.0
24,AFG,1974,1039.0,13772.0
25,AFG,1975,1074.0,14132.0
26,AFG,1976,1105.0,14501.0
27,AFG,1977,1022.0,14880.0
28,AFG,1978,1070.0,15269.0
29,AFG,1979,1023.0,15556.0
30,AFG,1980,1019.0,15044.0
31,AFG,1981,1144.0,13676.0
32,AFG,1982,1270.0,12583.0
33,AFG,1983,1347.0,12439.0
34,AFG,1984,1337.0,12769.0
35,AFG,1985,1304.0,13120.0
36,AFG,1986,1344.0,13126.0
37,AFG,1987,1211.0,13056.0
38,AFG,1988,1101.0,13169.0
39,AFG,1989,999.0,13503.0
40,AFG,1990,963.0,13568.0
41,AFG,1991,881.1704385887347,13672.0
42,AFG,1992,843.8753488998832,15023.0
43,AFG,1993,578.4027440310482,17003.0
44,AFG,1994,428.4245582895427,18486.0
45,AFG,1995,632.9403962619846,19445.0
46,AFG,1996,600.175264462535,20111.0
47,AFG,1997,570.5981189558812,20769.0
48,AFG,1998,545.0387526687088,21452.0
49,AFG,1999,518.6578667328783,22206.0
50,AFG,2000,502.3727455986333,22461.0
51,AFG,2001,489.6819969074936,22507.0
52,AFG,2002,796.8165632460033,23600.0
53,AFG,2003,842.8051654796586,25005.0
54,AFG,2004,869.0392727868127,25698.0
55,AFG,2005,964.4081099473,26335.0
56,AFG,2006,1057.0965509287612,27154.0
57,AFG,2007,1259.9967427573688,27387.0
58,AFG,2008,1319.6073672855257,27706.0
59,AFG,2009,1557.3206365722815,28484.0
60,AFG,2010,1627.671634100663,29121.0
61,AFG,2011,1792.0,29758.0
62,AFG,2012,1945.0,30420.0
63,AFG,2013,2025.0,31108.0
64,AFG,2014,2022.0,31823.0
65,AFG,2015,1928.0,32564.0
66,AFG,2016,1931.2438124834036,33332.0
67,AFG,2017,1909.7330149329885,34124.811
68,AFG,2018,1888.8139278100407,34940.837
69,AFG,2019,2031.7373493078433,35972.02491585698
70,AFG,2020,1928.4546828441275,37033.645660721726
71,AFG,2021,1485.547006308156,38126.59738038046
72,AFG,2022,1357.9878225212838,39251.804727056006
93,AGO,1970,2818.0,5605.626
94,AGO,1971,2754.0,5752.957
95,AGO,1972,2729.0,5895.212
96,AGO,1973,2852.0,6026.363
97,AGO,1974,2727.0,5987.492
98,AGO,1975,1710.0,5885.455
99,AGO,1976,1521.0,5943.466
100,AGO,1977,1500.0,6163.714
101,AGO,1978,1530.0,6287.18
102,AGO,1979,1527.0,6452.546
103,AGO,1980,1532.0,6743.08
104,AGO,1981,1471.0,6879.574
105,AGO,1982,1374.0,7018.526
106,AGO,1983,1288.0,7240.535
107,AGO,1984,1259.0,7442.448
108,AGO,1985,1242.0,7584.709
109,AGO,1986,1106.0,7748.632
110,AGO,1987,1211.0,7878.396
111,AGO,1988,1360.0,8023.39
112,AGO,1989,1360.0,8153.844
113,AGO,1990,1384.0,8296.606
114,AGO,1991,1437.1472449740334,8587.26
115,AGO,1992,1389.3294866999718,8898.84
116,AGO,1993,1080.480643920332,9241.7
117,AGO,1994,1120.8481500960654,9600.6
118,AGO,1995,1319.158949903447,9963.75
119,AGO,1996,1533.9839313399602,10312.91
120,AGO,1997,1687.317788312541,10651.4
121,AGO,1998,1811.1681411006944,10990.17
122,AGO,1999,1899.415206073724,11333.74
123,AGO,2000,2013.6362295189435,11676.48
124,AGO,2001,2162.4850193097,12030.15
125,AGO,2002,2522.6718607988428,12443.08
126,AGO,2003,2711.9283105741374,12935.95
127,AGO,2004,3064.2986504347236,13480.16
128,AGO,2005,3708.7705819422217,14012.1
129,AGO,2006,4592.337305661669,14534.99
130,AGO,2007,5773.548289088469,15083.68
131,AGO,2008,6743.748195802765,15657.93
132,AGO,2009,7087.604112584768,16260.48
133,AGO,2010,7520.665769678626,16884.7
134,AGO,2011,8016.0,17524.61
135,AGO,2012,8376.94607723474,18201.96
136,AGO,2013,8463.941947082867,18907.51
137,AGO,2014,8548.292822031946,19623.85
138,AGO,2015,8319.567355048026,20353.7
139,AGO,2016,7819.147303059392,21097.59
140,AGO,2017,7535.612410800351,21858.57
141,AGO,2018,7180.355234634125,22638.16
142,AGO,2019,6886.954136020846,23436.91
143,AGO,2020,6279.929084992991,24253.25
144,AGO,2021,6137.003844650216,25089.1
145,AGO,2022,6118.904896629408,25878.2
166,ALB,1970,3194.0,2156.612
167,ALB,1971,3322.0,2208.719
168,ALB,1972,3451.0,2263.554
169,ALB,1973,3623.0,2295.691
170,ALB,1974,3637.0,2347.924
171,ALB,1975,3649.0,2401.108
172,ALB,1976,3665.0,2454.824
173,ALB,1977,3681.0,2509.048
174,ALB,1978,3696.0,2563.376
175,ALB,1979,3716.0,2617.679
176,ALB,1980,3741.0,2671.412
177,ALB,1981,3762.0,2724.272
178,ALB,1982,3783.0,2780.097
179,ALB,1983,3805.0,2837.315
180,ALB,1984,3826.0,2895.998
181,ALB,1985,3846.0,2956.697
182,ALB,1986,3870.0,3015.438
183,ALB,1987,3894.0,3075.321
184,ALB,1988,3920.0,3136.843
185,ALB,1989,3948.0,3195.8
186,ALB,1990,3983.0,3250.778
187,ALB,1991,2942.100598313453,3186.79
188,ALB,1992,2841.7651646645454,3077.55
189,ALB,1993,3137.0239335031047,3071.81
190,ALB,1994,3399.710182724317,3116.77
191,ALB,1995,3666.6505691400903,3163.85
192,ALB,1996,3965.6853153191687,3144.19
193,ALB,1997,3526.985640715551,3124.52
194,ALB,1998,3873.373152052455,3104.85
195,ALB,1999,4432.042637455317,3085.19
196,ALB,2000,4808.479614813517,3064.76
197,ALB,2001,5285.8090964349885,3046.63
198,ALB,2002,5608.962344601074,3037.51
199,ALB,2003,6004.645238992147,3026.17
200,ALB,2004,6419.870395724982,3013.55
201,ALB,2005,6858.467047357238,2998.17
202,ALB,2006,7347.330123046253,2979.31
203,ALB,2007,7866.157747150179,2956.88
204,ALB,2008,8522.129841288606,2934.27
205,ALB,2009,8859.47159720472,2914.57
206,ALB,2010,9222.972752077756,2900.13
207,ALB,2011,9484.0,2892.35
208,ALB,2012,9634.33370462354,2887.57
209,ALB,2013,9748.72726226394,2882.28
210,ALB,2014,9942.276115372832,2876.32
211,ALB,2015,10192.529179769424,2867.95
212,ALB,2016,10547.255209677502,2863.37
213,ALB,2017,10958.306302701956,2860.75
214,ALB,2018,11426.92010466293,2853.7
215,ALB,2019,11715.30631847037,2841.56
216,ALB,2020,11372.54142130636,2825.29
217,ALB,2021,12455.91655367914,2799.23
218,ALB,2022,12978.100729433238,2787.08
239,ARE,1970,39135.0,249.369
240,ARE,1971,39540.0,288.136
241,ARE,1972,39540.0,336.325
242,ARE,1973,39669.0,391.337
243,ARE,1974,45347.0,453.222
244,ARE,1975,40591.0,522.571
245,ARE,1976,40803.0,598.023
246,ARE,1977,41915.0,683.672
247,ARE,1978,35936.0,778.736
248,ARE,1979,39534.0,884.04
249,ARE,1980,44168.0,1000.285
250,ARE,1981,42456.0,1069.722
251,ARE,1982,36635.0,1137.549
252,ARE,1983,32737.0,1209.1
253,ARE,1984,32135.0,1284.385
254,ARE,1985,29562.0,1363.482
255,ARE,1986,21949.0,1446.574
256,ARE,1987,21487.0,1530.444
257,ARE,1988,20215.0,1622.747
258,ARE,1989,21072.0,1722.063
259,ARE,1990,22254.0,1826.25
260,ARE,1991,,1928.84
261,ARE,1992,,2039.66
262,ARE,1993,25558.756425031963,2157.76
263,ARE,1994,28334.582020910093,2281.82
264,ARE,1995,31239.91710043245,2408.58
265,ARE,1996,34042.74127285471,2577.67
266,ARE,1997,38168.4666465487,2748.95
267,ARE,1998,39667.794786420614,2923.33
268,ARE,1999,42372.43926258263,3101.33
269,ARE,2000,48888.03214746027,3283.64
270,ARE,2001,51263.37656760322,3458.06
271,ARE,2002,54077.466856988634,3613.24
272,ARE,2003,59823.267258640735,3753.51
273,ARE,2004,64925.67142036073,3882.1
274,ARE,2005,65599.05791372634,4000.26
275,ARE,2006,67830.92617117109,4531.54
276,ARE,2007,65412.80102471114,5623.0
277,ARE,2008,63862.08484077144,7276.5
278,ARE,2009,58860.53593328092,8164.24
279,ARE,2010,60112.401929710366,8152.21
280,ARE,2011,65307.0,8438.15
281,ARE,2012,66006.99739382941,8747.48
282,ARE,2013,66825.30350523994,9077.22
283,ARE,2014,67791.38692844106,9320.63
284,ARE,2015,71319.60611268003,9460.83
285,ARE,2016,74292.95204289131,9587.25
286,ARE,2017,73973.29234281687,9699.45
287,ARE,2018,74206.48493843887,9796.02
288,ARE,2019,74396.14386267077,9879.31
289,ARE,2020,70188.27272782834,9952.51
290,ARE,2021,72460.0406882181,10018.0
291,ARE,2022,77203.67024077299,10099.28
312,ARG,1970,11639.0,23962.313
313,ARG,1971,12003.0,24363.816
314,ARG,1972,12170.0,24779.799
315,ARG,1973,12691.0,25209.829
316,ARG,1974,13284.0,25646.371
317,ARG,1975,12946.0,26081.88
318,ARG,1976,12696.0,26531.28
319,ARG,1977,13236.0,26983.828
320,ARG,1978,12444.0,27440.272
321,ARG,1979,13114.0,27901.971
322,ARG,1980,13080.0,28369.799
323,ARG,1981,12125.0,28848.0
324,ARG,1982,11550.0,29330.0
325,ARG,1983,11775.0,29784.0
326,ARG,1984,11837.0,30231.0
327,ARG,1985,10895.0,30672.0
328,ARG,1986,11515.0,31145.0
329,ARG,1987,11633.0,31625.0
330,ARG,1988,11244.0,32099.0
331,ARG,1989,10393.0,32572.0
332,ARG,1990,10254.0,33036.0
333,ARG,1991,11223.984636540246,33504.85
334,ARG,1992,12267.083586781191,33967.31
335,ARG,1993,12926.794665217649,34407.62
336,ARG,1994,13571.379431200983,34847.36
337,ARG,1995,13086.036451554311,35274.32
338,ARG,1996,13715.22681870774,35683.44
339,ARG,1997,14722.645940036531,36102.64
340,ARG,1998,15185.958688486142,36518.41
341,ARG,1999,14577.832273029322,36923.91
342,ARG,2000,14368.942737362304,37336.15
343,ARG,2001,13651.98098793502,37713.74
344,ARG,2002,12094.7728377935,38079.14
345,ARG,2003,13088.565010832575,38438.45
346,ARG,2004,14183.225137777,38799.8
347,ARG,2005,15344.157134056735,39171.29
348,ARG,2006,16490.47358157608,39555.98
349,ARG,2007,17891.943410848908,39946.76
350,ARG,2008,18520.30408357946,40342.61
351,ARG,2009,17328.975752420036,40736.44
352,ARG,2010,18979.99170299205,41400.71
353,ARG,2011,20003.0,41880.85
354,ARG,2012,19573.963185451754,42359.71
355,ARG,2013,19821.64247991229,42836.43
356,ARG,2014,19112.23290002307,43310.0
357,ARG,2015,19423.666977703655,43779.41
358,ARG,2016,18819.642886952533,44244.69
359,ARG,2017,19150.5204834216,44705.95
360,ARG,2018,18460.86900858157,45162.39
361,ARG,2019,17912.635765177303,45613.27
362,ARG,2020,15975.838772553549,46057.94
363,ARG,2021,17470.682415187282,46496.42
364,ARG,2022,18292.31782465981,46736.25
385,ARM,1970,,2519.745
386,ARM,1971,,2581.671
387,ARM,1972,,2647.035
388,ARM,1973,9806.0,2712.997
389,ARM,1974,,2776.539
390,ARM,1975,,2834.136
391,ARM,1976,,2892.704
392,ARM,1977,,2954.907
393,ARM,1978,,3014.042
394,ARM,1979,,3066.726
395,ARM,1980,9291.0,3115.289
396,ARM,1981,9548.0,3166.098
397,ARM,1982,9809.0,3218.691
398,ARM,1983,9865.0,3270.153
399,ARM,1984,10181.0,3322.394
400,ARM,1985,10485.0,3373.532
401,ARM,1986,10394.0,3421.978
402,ARM,1987,9789.0,3468.857
403,ARM,1988,9301.0,3515.614
404,ARM,1989,10525.0,3325.992
405,ARM,1990,9669.0,3376.783
406,ARM,1991,8141.671123568718,3434.16
407,ARM,1992,4699.61095270265,3357.25
408,ARM,1993,4130.1472172755,3184.66
409,ARM,1994,4392.979876584909,3059.8
410,ARM,1995,4703.130733517876,2994.93
411,ARM,1996,4811.489547018747,2985.18
412,ARM,1997,4836.044220565851,2978.1
413,ARM,1998,4994.053039773923,2971.93
414,ARM,1999,5000.452449359477,2969.87
415,ARM,2000,5139.825500062924,2966.02
416,ARM,2001,5457.510062027403,2965.48
417,ARM,2002,6082.14618880966,2962.46
418,ARM,2003,6743.240978250471,2955.37
419,ARM,2004,7229.648226319801,2953.25
420,ARM,2005,8006.960425531473,2950.75
421,ARM,2006,8798.750189147131,2947.9
422,ARM,2007,9713.21328027296,2945.51
423,ARM,2008,10080.81283336882,2943.46
424,ARM,2009,8399.086872960954,2941.36
425,ARM,2010,8330.81117545937,2939.17
426,ARM,2011,8465.0,2936.86
427,ARM,2012,9076.433081469568,2934.42
428,ARM,2013,9395.086636007349,2931.62
429,ARM,2014,9745.135587230588,2928.26
430,ARM,2015,10076.35190972202,2924.16
431,ARM,2016,10113.050506422302,2919.23
432,ARM,2017,10894.956738487192,2913.44
433,ARM,2018,11490.36868672189,2906.81
434,ARM,2019,12399.231837035535,2899.3
435,ARM,2020,11546.175309736023,2890.86
436,ARM,2021,12242.47747221923,2881.41
437,ARM,2022,13837.577589310598,2870.57
458,AUS,1970,19166.0,12660.16
459,AUS,1971,19590.0,12937.2
460,AUS,1972,19772.0,13177.0
461,AUS,1973,20527.0,13380.4
462,AUS,1974,20698.0,13599.1
463,AUS,1975,20993.0,13771.4
464,AUS,1976,21613.0,13915.5
465,AUS,1977,21592.0,14074.1
466,AUS,1978,21948.0,14248.6
467,AUS,1979,22826.0,14421.9
468,AUS,1980,22972.0,14615.9
469,AUS,1981,23368.0,14923.26
470,AUS,1982,22972.0,15162.0
471,AUS,1983,22697.0,15348.0
472,AUS,1984,24009.0,15510.0
473,AUS,1985,24927.0,15695.0
474,AUS,1986,25116.0,15900.0
475,AUS,1987,25971.0,16137.0
476,AUS,1988,26702.0,16400.0
477,AUS,1989,27407.0,16681.0
478,AUS,1990,27373.0,16956.0
479,AUS,1991,26861.27495928565,17173.5
480,AUS,1992,27560.178277338375,17366.86
481,AUS,1993,28622.475758458215,17522.06
482,AUS,1994,29844.171324434927,17691.67
483,AUS,1995,30690.062439852092,17889.79
484,AUS,1996,31740.469747404717,18108.29
485,AUS,1997,32857.993780602534,18305.22
486,AUS,1998,34337.13943209703,18488.64
487,AUS,1999,35551.01950597368,18692.03
488,AUS,2000,36603.04499594468,18907.15
489,AUS,2001,37275.991248909515,19151.47
490,AUS,2002,38567.06548833767,19370.56
491,AUS,2003,39523.65519744592,19594.62
492,AUS,2004,40887.72533639703,19805.27
493,AUS,2005,41904.44587071131,20047.81
494,AUS,2006,42650.98593084963,20320.25
495,AUS,2007,44033.58376177127,20694.45
496,AUS,2008,44421.64047072811,21113.35
497,AUS,2009,44686.54138346301,21553.02
498,AUS,2010,45400.22339879672,21890.95
499,AUS,2011,46132.0,22197.18
500,AUS,2012,47045.129467942694,22588.16
501,AUS,2013,47260.95483154365,22980.24
502,AUS,2014,47753.84577656612,23325.62
503,AUS,2015,48145.53099929047,23663.74
504,AUS,2016,48675.13532835784,24036.24
505,AUS,2017,49001.900439710065,24444.62
506,AUS,2018,49614.38597627688,24822.98
507,AUS,2019,49814.66995597035,25203.53
508,AUS,2020,48268.94507651192,25529.04
509,AUS,2021,50704.93485344902,25573.55
510,AUS,2022,52049.427952178994,25826.44
531,AUT,1970,15537.0,7467.086
532,AUT,1971,16259.0,7500.482
533,AUT,1972,17169.0,7544.201
534,AUT,1973,17908.0,7586.115
535,AUT,1974,18583.0,7599.038
536,AUT,1975,18564.0,7578.903
537,AUT,1976,19448.0,7565.525
538,AUT,1977,20350.0,7568.43
539,AUT,1978,20293.0,7562.305
540,AUT,1979,21436.0,7549.425
541,AUT,1980,21932.0,7549.433
542,AUT,1981,21866.0,7564.629
543,AUT,1982,22254.0,7574.613
544,AUT,1983,22944.0,7552.896
545,AUT,1984,23016.0,7554.132
546,AUT,1985,23514.0,7559.776
547,AUT,1986,24039.0,7568.242
548,AUT,1987,24409.0,7578.903
549,AUT,1988,25112.0,7599.791
550,AUT,1989,26078.0,7627.861
551,AUT,1990,26930.0,7722.953
552,AUT,1991,27689.771273580795,7800.45
553,AUT,1992,28072.440346497853,7886.77
554,AUT,1993,28101.228637165088,7952.07
555,AUT,1994,28780.760389788396,7982.74
556,AUT,1995,29621.68192417161,7994.97
557,AUT,1996,30413.15669357546,8005.77
558,AUT,1997,31173.048774493767,8014.85
559,AUT,1998,32376.329513091037,8023.65
560,AUT,1999,33608.29654662761,8039.27
561,AUT,2000,34796.25948255403,8058.63
562,AUT,2001,35272.223953775974,8089.53
563,AUT,2002,35823.58737416037,8129.6
564,AUT,2003,36063.12048965238,8165.94
565,AUT,2004,36957.11224961447,8217.43
566,AUT,2005,37642.76215001923,8273.6
567,AUT,2006,38866.849338781125,8316.52
568,AUT,2007,40305.27430677966,8343.92
569,AUT,2008,40964.79335236901,8370.42
570,AUT,2009,39463.65695690543,8390.48
571,AUT,2010,40288.349293900224,8410.18
572,AUT,2011,41446.0,8437.81
573,AUT,2012,41540.94193797778,8475.81
574,AUT,2013,41301.94214704149,8527.03
575,AUT,2014,41250.50597395657,8594.12
576,AUT,2015,41255.71666478465,8680.21
577,AUT,2016,41545.49870225668,8791.15
578,AUT,2017,42216.919697346675,8846.73
579,AUT,2018,43032.21640387139,8889.62
580,AUT,2019,43488.66812050347,8929.79
581,AUT,2020,40503.0408055729,8969.23
582,AUT,2021,42184.696121489615,9004.1
583,AUT,2022,43792.856399897166,9106.86
604,AZE,1970,,5168.973
605,AZE,1971,,5283.659
606,AZE,1972,,5393.681
607,AZE,1973,7068.0,5497.774
608,AZE,1974,,5599.407
609,AZE,1975,,5696.117
610,AZE,1976,,5789.818
611,AZE,1977,,5886.578
612,AZE,1978,,5986.427
613,AZE,1979,,6082.087
614,AZE,1980,7165.0,6173.361
615,AZE,1981,7490.0,6270.531
616,AZE,1982,7831.0,6369.133
617,AZE,1983,8010.0,6470.276
618,AZE,1984,8360.0,6578.901
619,AZE,1985,8558.0,6681.687
620,AZE,1986,8663.0,6776.473
621,AZE,1987,8995.0,6873.978
622,AZE,1988,9328.0,6975.798
623,AZE,1989,8421.0,7101.735
624,AZE,1990,7394.0,7199.838
625,AZE,1991,7319.136465234125,7299.58
626,AZE,1992,5638.997906821178,7411.83
627,AZE,1993,4315.356714259613,7528.1
628,AZE,1994,3453.3638218242895,7636.64
629,AZE,1995,2999.3190451259916,7731.18
630,AZE,1996,3074.2197345703435,7815.44
631,AZE,1997,3347.612645669422,7897.25
632,AZE,1998,3550.36406585758,7979.03
633,AZE,1999,3959.781476924773,8055.64
634,AZE,2000,4214.888860748278,8127.31
635,AZE,2001,4498.794376997406,8193.79
636,AZE,2002,4880.399890089719,8256.54
637,AZE,2003,5408.522989622949,8319.21
638,AZE,2004,5971.474603100572,8391.14
639,AZE,2005,7553.626395956173,8475.29
640,AZE,2006,10160.346002499396,8565.3
641,AZE,2007,12699.497776711472,8657.37
642,AZE,2008,14072.62657724293,8749.61
643,AZE,2009,15384.293038791626,8841.5
644,AZE,2010,16153.836568386088,8932.65
645,AZE,2011,16176.0,9024.51
646,AZE,2012,16364.532216261734,9117.06
647,AZE,2013,17146.22348332883,9209.84
648,AZE,2014,17451.1004237186,9302.13
649,AZE,2015,17463.75738662594,9392.99
650,AZE,2016,16770.85049020451,9481.38
651,AZE,2017,16647.016593173557,9566.62
652,AZE,2018,16753.20969120899,9648.57
653,AZE,2019,17029.906373504993,9727.2
654,AZE,2020,16189.511046633794,9802.49
655,AZE,2021,16971.724514572026,9874.34
656,AZE,2022,17682.94019914657,9917.5
677,BDI,1970,893.0,3521.913
678,BDI,1971,902.0,3596.811
679,BDI,1972,866.0,3529.983
680,BDI,1973,921.0,3540.066
681,BDI,1974,904.0,3594.958
682,BDI,1975,883.0,3676.308
683,BDI,1976,956.0,3749.077
684,BDI,1977,1020.0,3834.415
685,BDI,1978,1042.0,3929.974
686,BDI,1979,1011.0,4119.789
687,BDI,1980,952.0,4287.693
688,BDI,1981,1014.0,4454.149
689,BDI,1982,985.0,4550.618
690,BDI,1983,991.0,4658.6
691,BDI,1984,968.0,4757.485
692,BDI,1985,1057.0,4848.532
693,BDI,1986,1078.0,4930.967
694,BDI,1987,1095.0,5040.126
695,BDI,1988,1119.0,5156.273
696,BDI,1989,1111.0,5263.204
697,BDI,1990,1124.0,5375.31
698,BDI,1991,1149.7976162526245,5493.167
699,BDI,1992,1128.3474181200982,5652.02
700,BDI,1993,1075.61540247435,5433.427
701,BDI,1994,1057.641368768207,5446.215
702,BDI,1995,934.2030527012048,5812.0
703,BDI,1996,824.5115934290852,5815.0
704,BDI,1997,800.2720178455298,5820.0
705,BDI,1998,808.3240934671277,5955.0
706,BDI,1999,772.3171699988276,6128.0
707,BDI,2000,739.7609163408081,6282.0
708,BDI,2001,730.4278155325185,6466.0
709,BDI,2002,737.2860250789121,6670.0
710,BDI,2003,703.5615336749859,6897.0
711,BDI,2004,709.7372126795278,7167.0
712,BDI,2005,691.619745779627,7439.0
713,BDI,2006,703.3609864382432,7709.0
714,BDI,2007,700.9587235336076,7991.0
715,BDI,2008,708.6785900445112,8318.0
716,BDI,2009,709.0325962292508,8741.0
717,BDI,2010,717.6115064587852,9140.0
718,BDI,2011,719.0,9440.0
719,BDI,2012,727.0,9748.0
720,BDI,2013,738.0,10069.0
721,BDI,2014,748.0,10380.0
722,BDI,2015,694.0,10577.0
723,BDI,2016,704.6350269200744,10721.0
724,BDI,2017,715.0945372986091,10955.0
725,BDI,2018,730.9045976805135,11229.0
726,BDI,2019,738.9830779492221,11601.590529128189
727,BDI,2020,720.4459743972841,11986.544020443214
728,BDI,2021,723.1920741092595,12384.270690582607
729,BDI,2022,717.2284287075476,12795.1943676216
750,BEL,1970,16914.0,9637.8
751,BEL,1971,17486.0,9672.5
752,BEL,1972,18336.0,9709.1
753,BEL,1973,19399.0,9738.4
754,BEL,1974,20153.0,9767.8
755,BEL,1975,19831.0,9794.8
756,BEL,1976,20916.0,9811.0
757,BEL,1977,21025.0,9821.8
758,BEL,1978,21605.0,9829.7
759,BEL,1979,22094.0,9837.2
760,BEL,1980,23060.0,9846.8
761,BEL,1981,22760.0,9852.4
762,BEL,1982,23071.0,9856.303
763,BEL,1983,23071.0,9855.52
764,BEL,1984,23644.0,9855.3
765,BEL,1985,23873.0,9858.2
766,BEL,1986,24221.0,9861.8
767,BEL,1987,24772.0,9870.2
768,BEL,1988,25905.0,9884.0
769,BEL,1989,26690.0,9937.697
770,BEL,1990,27412.0,9969.31
771,BEL,1991,27848.304164473633,10007.31
772,BEL,1992,28199.57377624236,10048.32
773,BEL,1993,27857.249440123524,10087.33
774,BEL,1994,28706.500573956673,10117.33
775,BEL,1995,29370.087081695692,10138.33
776,BEL,1996,29820.299488270775,10158.33
777,BEL,1997,30894.28279758947,10182.34
778,BEL,1998,31480.74344858214,10204.34
779,BEL,1999,32571.67449971978,10227.34
780,BEL,2000,33719.76983855418,10252.35
781,BEL,2001,33923.34204475072,10288.35
782,BEL,2002,34419.693751854655,10334.36
783,BEL,2003,34588.476021026705,10377.36
784,BEL,2004,35740.35246260941,10422.37
785,BEL,2005,36338.38311504945,10480.38
786,BEL,2006,37051.902245853424,10549.39
787,BEL,2007,38082.87333574846,10627.4
788,BEL,2008,38117.34841552228,10711.41
789,BEL,2009,36998.64926229877,10797.42
790,BEL,2010,37739.327492898185,10897.43
791,BEL,2011,38130.0,11039.45
792,BEL,2012,38173.23391642716,11108.46
793,BEL,2013,38169.830165153755,11160.47
794,BEL,2014,38599.42407791561,11210.47
795,BEL,2015,39160.32302813663,11275.48
796,BEL,2016,39456.86337267277,11332.49
797,BEL,2017,39940.823394286126,11376.49
798,BEL,2018,40471.914597792296,11428.5
799,BEL,2019,41155.526780402,11490.51
800,BEL,2020,38763.44257492726,11545.52
801,BEL,2021,40970.80578330413,11593.52
802,BEL,2022,41872.39284922108,11694.54
823,BEN,1970,1543.0,2645.694
824,BEN,1971,1535.0,2717.178
825,BEN,1972,1640.0,2791.434
826,BEN,1973,1666.0,2868.577
827,BEN,1974,1733.0,2949.028
828,BEN,1975,1570.0,3032.648
829,BEN,1976,1548.0,3119.892
830,BEN,1977,1570.0,3210.6
831,BEN,1978,1519.0,3304.94
832,BEN,1979,1594.0,3402.968
833,BEN,1980,1691.0,3510.052
834,BEN,1981,1733.0,3621.538
835,BEN,1982,1862.0,3736.658
836,BEN,1983,1728.0,3855.535
837,BEN,1984,1809.0,3978.703
838,BEN,1985,1886.0,4107.519
839,BEN,1986,1867.0,4240.544
840,BEN,1987,1782.0,4376.709
841,BEN,1988,1780.0,4517.238
842,BEN,1989,1715.0,4663.657
843,BEN,1990,1811.0,4816.993
844,BEN,1991,1812.4214692423927,4977.069
845,BEN,1992,1790.5300658099543,5143.543
846,BEN,1993,1791.963217413003,5392.889
847,BEN,1994,1731.8034170712542,5604.889
848,BEN,1995,1835.574590644367,5720.531
849,BEN,1996,1840.4858440770583,5873.704
850,BEN,1997,1867.6058933198424,6054.757
851,BEN,1998,1862.755734870101,6252.794
852,BEN,1999,1881.6971786275503,6460.886
853,BEN,2000,1908.9366209261184,6677.134
854,BEN,2001,1928.0966305352736,6901.575
855,BEN,2002,1934.3967492016125,7130.417
856,BEN,2003,1919.615102673918,7359.67
857,BEN,2004,1923.719295390708,7589.367
858,BEN,2005,1875.9193239365795,7838.059
859,BEN,2006,1870.53250067736,8088.622
860,BEN,2007,1904.5495815675115,8335.294
861,BEN,2008,1920.306055780088,8602.647
862,BEN,2009,1888.7757792278871,8884.101
863,BEN,2010,1854.6655707280884,9178.58
864,BEN,2011,1836.0,9485.969
865,BEN,2012,1867.0,9805.0
866,BEN,2013,1939.0,10134.821
867,BEN,2014,2008.0,10479.67
868,BEN,2015,2055.0,10841.707
869,BEN,2016,2061.9035813843857,11220.072
870,BEN,2017,2115.586819735045,11612.983
871,BEN,2018,2192.261006100744,12017.978
872,BEN,2019,2276.103867963354,12370.003089624935
873,BEN,2020,2297.769732867594,12724.965068186966
874,BEN,2021,2395.166213335109,13081.027122008843
875,BEN,2022,2477.090227847233,13439.300397556146
896,BFA,1970,1188.0,5303.777
897,BFA,1971,1219.0,5366.018
898,BFA,1972,1253.0,5433.886
899,BFA,1973,1172.0,5507.594
900,BFA,1974,1132.0,5587.373
901,BFA,1975,1068.0,5673.472
902,BFA,1976,1039.0,5764.606
903,BFA,1977,1090.0,5891.063
904,BFA,1978,1189.0,6025.544
905,BFA,1979,1173.0,6168.269
906,BFA,1980,1165.0,6318.189
907,BFA,1981,1186.0,6474.37
908,BFA,1982,1183.0,6637.227
909,BFA,1983,1140.0,6807.281
910,BFA,1984,1129.0,6985.039
911,BFA,1985,1243.0,7170.932
912,BFA,1986,1400.0,7371.099
913,BFA,1987,1336.0,7591.809
914,BFA,1988,1403.0,7833.491
915,BFA,1989,1342.0,8091.541
916,BFA,1990,1286.0,8361.039
917,BFA,1991,1331.2303122712003,8646.02
918,BFA,1992,1264.9919818312696,8942.78
919,BFA,1993,1240.1421651241892,9249.82
920,BFA,1994,1189.1213235421612,9587.39
921,BFA,1995,1191.3073618922276,9924.43
922,BFA,1996,1255.7749222331158,10269.4
923,BFA,1997,1268.263202247024,10507.48
924,BFA,1998,1293.5734035475664,10759.32
925,BFA,1999,1318.719761313887,11074.91
926,BFA,2000,1275.481908179445,11405.08
927,BFA,2001,1283.3821812485476,11827.97
928,BFA,2002,1255.557090878688,12379.55
929,BFA,2003,1277.5808607676336,12829.12
930,BFA,2004,1268.6866270397757,13177.75
931,BFA,2005,1309.9836441120772,13540.36
932,BFA,2006,1322.6371966277084,13916.68
933,BFA,2007,1308.5203168313224,14309.45
934,BFA,2008,1315.453716068977,14721.63
935,BFA,2009,1287.367828372492,15152.19
936,BFA,2010,1326.1975172646494,15599.74
937,BFA,2011,1344.0,16063.83
938,BFA,2012,1387.617055381043,16562.91
939,BFA,2013,1424.2131997801678,17072.15
940,BFA,2014,1443.2962589266474,17575.37
941,BFA,2015,1456.9302901374822,18093.58
942,BFA,2016,1500.0235020185055,18620.83
943,BFA,2017,1548.4810122146737,19157.02
944,BFA,2018,1605.358822499288,19698.41
945,BFA,2019,1651.1173258771164,20242.08
946,BFA,2020,1638.827886419169,20787.68
947,BFA,2021,1706.963253766437,21336.01
948,BFA,2022,1704.9658849384389,21889.26
969,BGD,1970,1004.0,67331.349
970,BGD,1971,934.0,69149.652
971,BGD,1972,807.0,70676.996
972,BGD,1973,792.0,72382.694
973,BGD,1974,872.0,74584.661
974,BGD,1975,843.0,76152.535
975,BGD,1976,862.0,77821.374
976,BGD,1977,843.0,80313.516
977,BGD,1978,878.0,82812.761
978,BGD,1979,894.0,85361.165
979,BGD,1980,875.0,87937.333
980,BGD,1981,878.0,90517.443
981,BGD,1982,869.0,92626.498
982,BGD,1983,891.0,94788.1
983,BGD,1984,918.0,96954.796
984,BGD,1985,925.0,99154.171
985,BGD,1986,944.0,101438.048
986,BGD,1987,960.0,103815.665
987,BGD,1988,964.0,106283.666
988,BGD,1989,966.0,108842.396
989,BGD,1990,1006.0,111436.651
990,BGD,1991,1031.429949157621,113756.21
991,BGD,1992,1062.4603996336396,116169.16
992,BGD,1993,1095.65638403607,118565.77
993,BGD,1994,1136.4184653484454,120934.91
994,BGD,1995,1182.951400412447,123279.0
995,BGD,1996,1234.0840637944411,125622.62
996,BGD,1997,1291.512569507904,128012.4
997,BGD,1998,1348.1499270396002,130475.57
998,BGD,1999,1412.9813212476863,132906.85
999,BGD,2000,1485.309220457969,135207.06
1000,BGD,2001,1551.196476715421,137419.6
1001,BGD,2002,1621.2669713879343,139573.13
1002,BGD,2003,1710.7313512497274,141650.47
1003,BGD,2004,1812.624661427313,143644.05
1004,BGD,2005,1925.606169622288,145546.03
1005,BGD,2006,2057.698392171004,147376.03
1006,BGD,2007,2194.4223378870124,149047.21
1007,BGD,2008,2321.050458754316,150561.73
1008,BGD,2009,2448.8868784386295,152188.83
1009,BGD,2010,2599.2083634666005,153926.8
1010,BGD,2011,2772.0,155634.45
1011,BGD,2012,2914.048779489979,157326.34
1012,BGD,2013,3057.4698265978836,158999.2
1013,BGD,2014,3216.8923341097284,160650.01
1014,BGD,2015,3402.3213512440807,162272.96
1015,BGD,2016,3598.510338838519,163938.02
1016,BGD,2017,3808.872854306307,165654.74
1017,BGD,2018,4056.646515831146,167358.03
1018,BGD,2019,4242.751699683921,169044.68
1019,BGD,2020,4418.9642546993055,170709.31
1020,BGD,2021,4684.003010247773,172354.38
1021,BGD,2022,4925.721185547546,174216.9
1042,BGR,1970,7608.0,8489.574
1043,BGR,1971,7814.0,8536.395
1044,BGR,1972,8145.0,8576.2
1045,BGR,1973,8423.0,8620.997
1046,BGR,1974,8630.0,8678.745
1047,BGR,1975,9295.0,8720.742
1048,BGR,1976,9535.0,8755.037
1049,BGR,1977,9398.0,8797.022
1050,BGR,1978,9594.0,8803.281
1051,BGR,1979,9954.0,8811.589
1052,BGR,1980,9634.0,8843.528
1053,BGR,1981,9860.0,8869.441
1054,BGR,1982,10154.0,8892.098
1055,BGR,1983,9942.0,8910.284
1056,BGR,1984,10249.0,8928.271
1057,BGR,1985,9924.0,8943.573
1058,BGR,1986,10170.0,8958.77
1059,BGR,1987,10173.0,8971.958
1060,BGR,1988,10098.0,8982.025
1061,BGR,1989,9908.0,8990.055
1062,BGR,1990,8922.0,8894.028
1063,BGR,1991,8319.67292857707,8772.37
1064,BGR,1992,7846.11595075794,8658.51
1065,BGR,1993,7959.1636575086,8441.87
1066,BGR,1994,8212.29648627268,8363.16
1067,BGR,1995,8566.602745481097,8284.0
1068,BGR,1996,7901.123625103636,8241.39
1069,BGR,1997,7927.429113727844,8191.37
1070,BGR,1998,8322.082003741638,8136.89
1071,BGR,1999,7921.765283340932,8091.39
1072,BGR,2000,8410.794977581298,8051.53
1073,BGR,2001,8832.290564320296,7798.39
1074,BGR,2002,9471.765661435968,7754.63
1075,BGR,2003,10080.78302382228,7709.95
1076,BGR,2004,10853.785153427416,7668.17
1077,BGR,2005,11758.084065296944,7627.5
1078,BGR,2006,12706.18160283958,7587.22
1079,BGR,2007,13785.227603269834,7548.53
1080,BGR,2008,14761.714726754342,7512.7
1081,BGR,2009,14363.25842683027,7474.98
1082,BGR,2010,14686.46106311002,7424.88
1083,BGR,2011,15112.0,7241.62
1084,BGR,2012,15314.524722925016,7199.8
1085,BGR,2013,15314.154750552516,7159.62
1086,BGR,2014,15550.345646997524,7119.04
1087,BGR,2015,16186.40946316018,7073.75
1088,BGR,2016,16795.82328500534,7024.31
1089,BGR,2017,17386.270794902262,6973.2
1090,BGR,2018,17982.423293048745,6923.03
1091,BGR,2019,18840.76273269419,6874.46
1092,BGR,2020,18203.8329720928,6833.33
1093,BGR,2021,19753.9944646969,6777.86
1094,BGR,2022,20592.455194814112,6720.43
1115,BHR,1970,6038.0,219.543
1116,BHR,1971,6349.0,225.375
1117,BHR,1972,6692.0,230.8
1118,BHR,1973,6975.0,238.977
1119,BHR,1974,7291.0,248.343
1120,BHR,1975,6252.0,258.789
1121,BHR,1976,6875.0,273.661
1122,BHR,1977,7084.0,297.41
1123,BHR,1978,7037.0,322.535
1124,BHR,1979,6730.0,336.07
1125,BHR,1980,6994.0,347.568
1126,BHR,1981,6875.0,363.427
1127,BHR,1982,7036.0,377.967
1128,BHR,1983,7240.0,393.022
1129,BHR,1984,7264.0,408.282
1130,BHR,1985,6972.0,423.95
1131,BHR,1986,6880.0,439.556
1132,BHR,1987,6786.0,454.612
1133,BHR,1988,6802.0,469.484
1134,BHR,1989,6751.0,484.791
1135,BHR,1990,6542.0,500.476
1136,BHR,1991,7059.956872278351,517.15
1137,BHR,1992,7993.892756332573,532.49
1138,BHR,1993,9102.066123852352,546.96
1139,BHR,1994,9935.003930290826,561.67
1140,BHR,1995,10695.392433585435,576.09
1141,BHR,1996,11640.821353114172,590.34
1142,BHR,1997,12528.389518937362,604.57
1143,BHR,1998,13776.008281637318,618.79
1144,BHR,1999,15263.757491334563,633.39
1145,BHR,2000,17021.722379400082,648.13
1146,BHR,2001,18152.9626577984,665.18
1147,BHR,2002,19487.841231923445,707.49
1148,BHR,2003,21391.61192554835,772.98
1149,BHR,2004,23389.602406732047,839.41
1150,BHR,2005,25230.900052167748,906.56
1151,BHR,2006,26840.12427010602,974.28
1152,BHR,2007,28884.697367103305,1042.75
1153,BHR,2008,30612.497813355865,1095.92
1154,BHR,2009,31729.566318699268,1132.61
1155,BHR,2010,34057.71322744991,1167.96
1156,BHR,2011,36372.0,1202.22
1157,BHR,2012,36711.3916621356,1235.51
1158,BHR,2013,37704.2118257463,1268.13
1159,BHR,2014,38364.829470910976,1300.52
1160,BHR,2015,38369.65989222884,1332.67
1161,BHR,2016,38805.39065484862,1364.59
1162,BHR,2017,39553.23971113629,1396.25
1163,BHR,2018,39501.17592248429,1427.59
1164,BHR,2019,39499.70707668937,1458.58
1165,BHR,2020,36890.502952537754,1489.2
1166,BHR,2021,37323.10392430031,1511.24
1167,BHR,2022,38651.60104817371,1520.5
1188,BIH,1970,4251.0,3703.0
1189,BIH,1971,4490.0,3761.0
1190,BIH,1972,4661.0,3819.0
1191,BIH,1973,4801.0,3872.0
1192,BIH,1974,5112.0,3925.0
1193,BIH,1975,5247.0,3980.0
1194,BIH,1976,5268.0,4033.0
1195,BIH,1977,5647.0,4086.0
1196,BIH,1978,5977.0,4135.0
1197,BIH,1979,6376.0,4181.0
1198,BIH,1980,6588.0,4092.0
1199,BIH,1981,6762.0,4135.743
1200,BIH,1982,6841.0,4172.693
1201,BIH,1983,6773.0,4207.275
1202,BIH,1984,6843.0,4241.401
1203,BIH,1985,6875.0,4275.355
1204,BIH,1986,7066.0,4307.685
1205,BIH,1987,6886.0,4338.977
1206,BIH,1988,6668.0,4369.894
1207,BIH,1989,6711.0,4398.322
1208,BIH,1990,5893.0,4423.646
1209,BIH,1991,5128.93944742336,4437.46
1210,BIH,1992,3830.2190609441823,4233.15
1211,BIH,1993,2831.039309133507,3912.7
1212,BIH,1994,3017.0010565547486,3726.53
1213,BIH,1995,3237.3074262945097,3635.99
1214,BIH,1996,4915.325055897521,3648.74
1215,BIH,1997,5913.08121295309,3681.14
1216,BIH,1998,6589.637196947814,3713.47
1217,BIH,1999,7025.973234938385,3810.87
1218,BIH,2000,7082.035272194738,3901.38
1219,BIH,2001,7129.386780241823,3918.64
1220,BIH,2002,7391.592166270746,3923.03
1221,BIH,2003,7551.408080415123,3939.53
1222,BIH,2004,7857.378286374016,3974.55
1223,BIH,2005,8057.682825132652,3991.17
1224,BIH,2006,8410.801004629648,3992.51
1225,BIH,2007,8811.8612403594,3989.88
1226,BIH,2008,9199.261679607163,3986.91
1227,BIH,2009,9018.506245925151,3984.85
1228,BIH,2010,8982.45785298652,3982.7
1229,BIH,2011,8961.0,3979.92
1230,BIH,2012,8894.931401415526,3976.54
1231,BIH,2013,9113.055029976384,3972.56
1232,BIH,2014,9228.81794432688,3968.0
1233,BIH,2015,9639.477649043472,3962.86
1234,BIH,2016,9966.365920485969,3957.16
1235,BIH,2017,10305.932335305108,3950.92
1236,BIH,2018,10718.777861221988,3944.2
1237,BIH,2019,11048.235446717918,3937.02
1238,BIH,2020,10736.168312228834,3929.3
1239,BIH,2021,11553.760708649706,3921.13
1240,BIH,2022,12142.863201077287,3876.28
1261,BLR,1970,,9027.198
1262,BLR,1971,,9101.396
1263,BLR,1972,,9169.156
1264,BLR,1973,8341.0,9236.465
1265,BLR,1974,,9304.311
1266,BLR,1975,,9360.184
1267,BLR,1976,,9405.544
1268,BLR,1977,,9457.385
1269,BLR,1978,,9520.28
1270,BLR,1979,,9581.518
1271,BLR,1980,9487.0,9643.706
1272,BLR,1981,9844.0,9712.761
1273,BLR,1982,10217.0,9778.781
1274,BLR,1983,10667.0,9845.174
1275,BLR,1984,10957.0,9914.262
1276,BLR,1985,11000.0,9981.744
1277,BLR,1986,11230.0,10044.184
1278,BLR,1987,11297.0,10097.446
1279,BLR,1988,11198.0,10149.612
1280,BLR,1989,11893.0,10184.084
1281,BLR,1990,11467.0,10201.0
1282,BLR,1991,11170.761076510917,10205.71
1283,BLR,1992,9960.843147824904,10228.13
1284,BLR,1993,9077.439997808402,10250.71
1285,BLR,1994,7932.001039288072,10238.61
1286,BLR,1995,6993.622120912842,10205.49
1287,BLR,1996,7128.354653886732,10171.23
1288,BLR,1997,7885.01962037309,10129.09
1289,BLR,1998,8481.967108913179,10092.29
1290,BLR,1999,8689.713251926989,10064.2
1291,BLR,2000,9110.979461261824,10033.95
1292,BLR,2001,9462.373906917526,10000.04
1293,BLR,2002,9870.308515825362,9955.44
1294,BLR,2003,10492.987004400124,9905.46
1295,BLR,2004,11615.685585132174,9856.19
1296,BLR,2005,12629.558047952214,9807.0
1297,BLR,2006,13792.553571309354,9764.25
1298,BLR,2007,14856.955773777863,9733.87
1299,BLR,2008,16223.996807883905,9712.59
1300,BLR,2009,16088.725028100594,9696.87
1301,BLR,2010,17172.460341933234,9680.61
1302,BLR,2011,17918.0,9661.81
1303,BLR,2012,18245.00752051267,9643.21
1304,BLR,2013,18456.410667499407,9624.46
1305,BLR,2014,18805.178759987022,9605.22
1306,BLR,2015,18122.864046120045,9585.12
1307,BLR,2016,17701.959316898497,9564.17
1308,BLR,2017,18193.273100172584,9542.35
1309,BLR,2018,18809.49500085152,9519.36
1310,BLR,2019,19130.393987789008,9495.02
1311,BLR,2020,19053.15702050917,9469.35
1312,BLR,2021,19541.914363354965,9442.37
1313,BLR,2022,18699.798236612733,9399.77
1334,BOL,1970,3469.0,4346.218
1335,BOL,1971,3513.0,4454.684
1336,BOL,1972,3602.0,4565.872
1337,BOL,1973,3757.0,4679.923
1338,BOL,1974,3854.0,4796.24
1339,BOL,1975,4010.0,4914.316
1340,BOL,1976,4219.0,4955.744
1341,BOL,1977,4289.0,5079.716
1342,BOL,1978,4328.0,5204.622
1343,BOL,1979,4227.0,5326.981
1344,BOL,1980,4100.0,5441.298
1345,BOL,1981,4060.0,5545.224
1346,BOL,1982,3816.0,5642.224
1347,BOL,1983,3585.0,5737.434
1348,BOL,1984,3561.0,5834.293
1349,BOL,1985,3476.0,5934.935
1350,BOL,1986,3306.0,6041.35
1351,BOL,1987,3330.0,6156.369
1352,BOL,1988,3386.0,6283.164
1353,BOL,1989,3408.0,6423.135
1354,BOL,1990,3502.0,6573.9
1355,BOL,1991,3610.05176589269,6731.48
1356,BOL,1992,3592.136728477069,6893.45
1357,BOL,1993,3670.2744123593734,7049.12
1358,BOL,1994,3765.169484651678,7205.29
1359,BOL,1995,3865.437890859615,7361.89
1360,BOL,1996,3959.445248904976,7518.77
1361,BOL,1997,4079.537865918379,7677.67
1362,BOL,1998,4205.694130849294,7840.31
1363,BOL,1999,4146.470466698207,8006.59
1364,BOL,2000,4173.5494556271815,8176.79
1365,BOL,2001,4166.491663823036,8351.14
1366,BOL,2002,4193.754879231691,8529.38
1367,BOL,2003,4230.372476124638,8710.72
1368,BOL,2004,4330.555773329363,8894.52
1369,BOL,2005,4445.347739995699,9080.52
1370,BOL,2006,4581.902166317692,9268.47
1371,BOL,2007,4713.4483939791435,9457.49
1372,BOL,2008,4924.032322864974,9646.69
1373,BOL,2009,5011.33827045302,9835.72
1374,BOL,2010,5141.758880655595,10024.1
1375,BOL,2011,5331.0,10211.41
1376,BOL,2012,5503.90836808894,10397.21
1377,BOL,2013,5775.751435644671,10581.19
1378,BOL,2014,5988.277547315212,10762.99
1379,BOL,2015,6176.26705563787,10942.24
1380,BOL,2016,6337.798612927752,11118.04
1381,BOL,2017,6503.38722488086,11289.48
1382,BOL,2018,6679.438373851693,11456.22
1383,BOL,2019,6730.809061873835,11620.83
1384,BOL,2020,6062.06482775822,11775.35
1385,BOL,2021,6355.615210539723,11917.27
1386,BOL,2022,6481.39044234345,12059.96
1407,BRA,1970,4635.0,95684.297
1408,BRA,1971,5024.0,98265.0
1409,BRA,1972,5480.0,100874.0
1410,BRA,1973,6086.0,103513.0
1411,BRA,1974,6416.0,106182.0
1412,BRA,1975,6582.0,108879.0
1413,BRA,1976,7079.0,111603.0
1414,BRA,1977,7248.0,114373.0
1415,BRA,1978,7425.0,117207.0
1416,BRA,1979,7736.0,120101.0
1417,BRA,1980,8249.0,123020.0
1418,BRA,1981,7709.0,125992.0
1419,BRA,1982,7587.0,129028.0
1420,BRA,1983,7203.0,131960.0
1421,BRA,1984,7438.0,134699.0
1422,BRA,1985,7862.0,137382.0
1423,BRA,1986,8281.0,140196.0
1424,BRA,1987,8402.0,143027.0
1425,BRA,1988,8230.0,145873.0
1426,BRA,1989,8333.0,148659.0
1427,BRA,1990,7842.0,151170.0
1428,BRA,1991,7888.048527824129,153788.38
1429,BRA,1992,7812.794255396262,156388.15
1430,BRA,1993,8166.235562539795,158974.2
1431,BRA,1994,8615.688661235072,161540.65
1432,BRA,1995,8951.694356675776,164084.6
1433,BRA,1996,9124.5160690394,166624.17
1434,BRA,1997,9409.946484829306,169178.01
1435,BRA,1998,9419.107907290403,171744.07
1436,BRA,1999,9441.758898994258,174320.07
1437,BRA,2000,9834.424436663196,176901.86
1438,BRA,2001,9953.30948413253,179388.87
1439,BRA,2002,10245.06891728294,181720.82
1440,BRA,2003,10354.595358498154,183969.78
1441,BRA,2004,10949.660119887378,186165.41
1442,BRA,2005,11305.771724073142,188329.88
1443,BRA,2006,11766.605732758886,190437.71
1444,BRA,2007,12500.006368400022,192450.05
1445,BRA,2008,13164.01134257424,194457.64
1446,BRA,2009,13180.890928022674,196463.84
1447,BRA,2010,14215.61258144751,198408.09
1448,BRA,2011,14831.0,200152.05
1449,BRA,2012,14985.498339853082,201894.14
1450,BRA,2013,15305.414025936683,203613.88
1451,BRA,2014,15251.88960973912,205358.16
1452,BRA,2015,14583.981967466185,207148.03
1453,BRA,2016,13990.646772827104,208859.27
1454,BRA,2017,14062.749639064205,210537.17
1455,BRA,2018,14197.549718513385,212257.83
1456,BRA,2019,14257.871306763853,213939.88
1457,BRA,2020,13685.925743510985,215577.48
1458,BRA,2021,14292.935059037914,216720.02
1459,BRA,2022,14640.076122577277,217718.33
1480,BRB,1970,10197.0,239.0
1481,BRB,1971,10514.0,241.0
1482,BRB,1972,10567.0,242.0
1483,BRB,1973,10635.0,244.0
1484,BRB,1974,10080.0,246.0
1485,BRB,1975,9825.0,247.0
1486,BRB,1976,10222.0,248.0
1487,BRB,1977,10541.0,249.0
1488,BRB,1978,11014.0,250.0
1489,BRB,1979,11837.0,251.0
1490,BRB,1980,12318.0,252.0
1491,BRB,1981,12065.0,252.0
1492,BRB,1982,11424.0,253.0
1493,BRB,1983,11419.0,255.0
1494,BRB,1984,11772.0,256.0
1495,BRB,1985,11848.0,257.0
1496,BRB,1986,12404.0,258.0
1497,BRB,1987,12683.0,259.0
1498,BRB,1988,13087.0,260.0
1499,BRB,1989,13498.0,261.0
1500,BRB,1990,12994.0,262.0
1501,BRB,1991,12298.506043316776,263.0
1502,BRB,1992,11427.266535386669,265.0
1503,BRB,1993,11343.597356449796,266.0
1504,BRB,1994,11405.559831534869,267.0
1505,BRB,1995,11473.859014208198,268.0
1506,BRB,1996,11760.82543058844,269.0
1507,BRB,1997,12124.508840340635,270.0
1508,BRB,1998,12384.761673771563,271.0
1509,BRB,1999,12237.948549252023,273.0
1510,BRB,2000,12600.02258991168,274.0
1511,BRB,2001,12112.181084984171,275.0
1512,BRB,2002,12025.47326597556,276.0
1513,BRB,2003,12094.819238859292,278.0
1514,BRB,2004,12078.73544492736,279.0
1515,BRB,2005,12379.450180872049,280.0
1516,BRB,2006,12889.87670111237,281.0
1517,BRB,2007,12917.438978136508,282.0
1518,BRB,2008,12786.107370240148,283.0
1519,BRB,2009,12094.323952832176,285.0
1520,BRB,2010,11954.32197476552,286.0
1521,BRB,2011,11870.0,287.0
1522,BRB,2012,11860.0,288.0
1523,BRB,2013,11809.0,289.0
1524,BRB,2014,11780.0,290.0
1525,BRB,2015,11849.0,291.0
1526,BRB,2016,12124.693618121464,291.0
1527,BRB,2017,12157.312126680112,292.336
1528,BRB,2018,12029.747514768049,293.131
1529,BRB,2019,12040.277666500744,293.64664762163557
1530,BRB,2020,10487.38640323072,294.184304592975
1531,BRB,2021,10386.52617137221,294.7156731786848
1532,BRB,2022,11545.847277090235,295.17158113683814
1553,BWA,1970,907.0,583.999
1554,BWA,1971,1113.0,599.647
1555,BWA,1972,1361.0,619.351
1556,BWA,1973,1589.0,643.076
1557,BWA,1974,1656.0,671.769
1558,BWA,1975,1712.0,704.591
1559,BWA,1976,1801.0,741.273
1560,BWA,1977,1889.0,781.472
1561,BWA,1978,2005.0,822.247
1562,BWA,1979,2184.0,862.602
1563,BWA,1980,2348.0,900.476
1564,BWA,1981,2528.0,934.438
1565,BWA,1982,2640.0,970.651
1566,BWA,1983,2848.0,1007.017
1567,BWA,1984,3124.0,1043.396
1568,BWA,1985,3301.0,1079.692
1569,BWA,1986,3432.0,1115.756
1570,BWA,1987,3601.0,1152.012
1571,BWA,1988,3920.0,1188.941
1572,BWA,1989,5066.0,1226.517
1573,BWA,1990,5267.0,1264.612
1574,BWA,1991,5616.011230180464,1302.53
1575,BWA,1992,5733.630021255006,1343.39
1576,BWA,1993,5787.114500569631,1387.03
1577,BWA,1994,5946.427132097851,1430.31
1578,BWA,1995,6318.476423748566,1472.97
1579,BWA,1996,6647.767552670595,1514.71
1580,BWA,1997,7152.147433659421,1555.16
1581,BWA,1998,7185.2722538997405,1593.9
1582,BWA,1999,7876.1385178022865,1630.44
1583,BWA,2000,8044.14204336772,1664.69
1584,BWA,2001,8082.823833508784,1698.06
1585,BWA,2002,8604.067001306265,1730.05
1586,BWA,2003,9042.519733428748,1760.82
1587,BWA,2004,9329.509213978536,1792.27
1588,BWA,2005,9798.087064279383,1824.3
1589,BWA,2006,10665.679526507864,1856.8
1590,BWA,2007,11602.0682465784,1889.67
1591,BWA,2008,12385.149725257235,1922.82
1592,BWA,2009,11494.756543029303,1956.15
1593,BWA,2010,12544.727363329708,1989.59
1594,BWA,2011,13376.0,2023.11
1595,BWA,2012,13134.406319556276,2056.8
1596,BWA,2013,14355.759692061336,2090.75
1597,BWA,2014,14929.677419847656,2124.91
1598,BWA,2015,13980.03637033042,2159.17
1599,BWA,2016,14752.188606549676,2193.52
1600,BWA,2017,15121.661834310446,2227.94
1601,BWA,2018,15515.622556302098,2262.35
1602,BWA,2019,15747.324471006235,2296.67
1603,BWA,2020,14162.68519082018,2330.81
1604,BWA,2021,15612.077773651688,2364.77
1605,BWA,2022,16351.910361085182,2403.02
1626,CAF,1970,1508.0,1839.0
1627,CAF,1971,1427.0,1884.0
1628,CAF,1972,1368.0,1927.0
1629,CAF,1973,1403.0,1965.0
1630,CAF,1974,1333.0,2006.0
1631,CAF,1975,1323.0,2058.0
1632,CAF,1976,1345.0,2112.0
1633,CAF,1977,1417.0,2168.0
1634,CAF,1978,1398.0,2225.0
1635,CAF,1979,1326.0,2285.0
1636,CAF,1980,1234.0,2349.0
1637,CAF,1981,1219.0,2413.0
1638,CAF,1982,1208.0,2478.0
1639,CAF,1983,1105.0,2543.0
1640,CAF,1984,1146.0,2629.0
1641,CAF,1985,1148.0,2714.0
1642,CAF,1986,1162.0,2775.0
1643,CAF,1987,1079.0,2841.0
1644,CAF,1988,1073.0,2917.0
1645,CAF,1989,1070.0,3000.0
1646,CAF,1990,1023.0,3085.0
1647,CAF,1991,1006.99580160323,3174.0
1648,CAF,1992,965.1933763497116,3267.0
1649,CAF,1993,933.0601746632378,3367.0
1650,CAF,1994,952.0174177414632,3466.0
1651,CAF,1995,978.5566147479784,3544.0
1652,CAF,1996,885.8864005963782,3622.0
1653,CAF,1997,917.47997639614,3707.0
1654,CAF,1998,936.2382621382116,3798.0
1655,CAF,1999,967.8432036294956,3889.0
1656,CAF,2000,963.9461805550576,3980.0
1657,CAF,2001,952.5118090677156,4054.0
1658,CAF,2002,928.7716385131732,4128.0
1659,CAF,2003,845.5055450884124,4215.0
1660,CAF,2004,853.1820215903408,4289.0
1661,CAF,2005,858.5237000174835,4363.0
1662,CAF,2006,881.4851651169623,4449.0
1663,CAF,2007,897.4783070138916,4544.0
1664,CAF,2008,901.8513453751752,4641.0
1665,CAF,2009,898.7004801806556,4742.0
1666,CAF,2010,910.3103788607568,4845.0
1667,CAF,2011,909.0,4950.0
1668,CAF,2012,916.0,5057.0
1669,CAF,2013,567.0,5167.0
1670,CAF,2014,561.0,5278.0
1671,CAF,2015,576.0,5392.0
1672,CAF,2016,592.9234516186858,5507.0
1673,CAF,2017,608.2856446716945,5625.118
1674,CAF,2018,619.1874635098058,5745.062
1675,CAF,2019,623.5598233502932,5874.226042751207
1676,CAF,2020,613.7893419743613,6024.986587691716
1677,CAF,2021,606.8591051512815,6153.688299307919
1678,CAF,2022,596.3929987333512,6291.248726525581
1699,CAN,1970,19207.0,21749.986
1700,CAN,1971,20024.0,22026.4
1701,CAN,1972,20837.0,22284.5
1702,CAN,1973,22058.0,22559.5
1703,CAN,1974,22643.0,22874.7
1704,CAN,1975,22819.0,23209.2
1705,CAN,1976,23754.0,23517.5
1706,CAN,1977,24265.0,23796.4
1707,CAN,1978,24994.0,24036.3
1708,CAN,1979,25775.0,24276.9
1709,CAN,1980,25784.0,24593.3
1710,CAN,1981,26256.0,24900.0
1711,CAN,1982,25151.0,25201.9
1712,CAN,1983,25625.0,25456.3
1713,CAN,1984,26836.0,25701.8
1714,CAN,1985,28025.0,25941.6
1715,CAN,1986,28472.0,26203.8
1716,CAN,1987,29246.0,26549.7
1717,CAN,1988,30275.0,26894.8
1718,CAN,1989,30458.0,27379.3
1719,CAN,1990,30082.0,27790.6
1720,CAN,1991,29151.69684885993,28138.13
1721,CAN,1992,29141.192329285823,28473.17
1722,CAN,1993,29657.57435681402,28787.79
1723,CAN,1994,30745.822846121897,29104.83
1724,CAN,1995,31330.72008635295,29407.56
1725,CAN,1996,31594.24180943492,29716.57
1726,CAN,1997,32709.691602793333,30013.37
1727,CAN,1998,33785.74631608327,30263.49
1728,CAN,1999,35345.720956298894,30510.48
1729,CAN,2000,36942.562294285686,30795.95
1730,CAN,2001,37307.205933239486,31132.32
1731,CAN,2002,38123.98642394115,31472.72
1732,CAN,2003,38559.97590268697,31757.69
1733,CAN,2004,39491.57003054623,32055.38
1734,CAN,2005,40485.01924036267,32359.57
1735,CAN,2006,41247.14929668085,32688.16
1736,CAN,2007,41806.865205809154,33007.16
1737,CAN,2008,41896.42558694811,33366.54
1738,CAN,2009,40312.621651062866,33749.68
1739,CAN,2010,41209.4261814782,34127.03
1740,CAN,2011,42197.0,34462.67
1741,CAN,2012,42476.34505066868,34838.91
1742,CAN,2013,43008.83001074117,35208.97
1743,CAN,2014,43800.63917397715,35564.72
1744,CAN,2015,43761.52709036398,35831.15
1745,CAN,2016,43702.07959843087,36239.19
1746,CAN,2017,44493.65111599596,36676.5
1747,CAN,2018,45087.886790366465,37198.22
1748,CAN,2019,45284.213482154024,37736.29
1749,CAN,2020,42493.630617386254,38173.83
1750,CAN,2021,44379.594870856665,38383.48
1751,CAN,2022,45529.64560835027,38684.59
1772,CHE,1970,23478.991767022973,6267.0
1773,CHE,1971,24486.9781291002,6343.293
1774,CHE,1972,25356.910902043855,6401.4
1775,CHE,1973,26003.71517495672,6441.1
1776,CHE,1974,25718.27037296807,6460.0
1777,CHE,1975,24467.99170304896,6403.5
1778,CHE,1976,24752.90730888385,6333.313
1779,CHE,1977,25430.567445403256,6316.424
1780,CHE,1978,26158.800298873663,6332.568
1781,CHE,1979,26641.094951816107,6350.84
1782,CHE,1980,27405.730236248284,6385.229
1783,CHE,1981,27729.584967225976,6425.45
1784,CHE,1982,27660.948497324916,6468.126
1785,CHE,1983,28009.329084104094,6501.073
1786,CHE,1984,28315.0825944092,6529.684
1787,CHE,1985,29416.752244610027,6563.77
1788,CHE,1986,30847.994256707087,6603.192
1789,CHE,1987,31774.37115930647,6649.942
1790,CHE,1988,32482.9076702734,6704.112
1791,CHE,1989,33315.58677040572,6763.653
1792,CHE,1990,34250.0,6836.626
1793,CHE,1991,34128.641907102545,6920.93
1794,CHE,1992,34356.802094625935,6984.31
1795,CHE,1993,34625.5336467752,7030.35
1796,CHE,1994,35423.82782842484,7078.63
1797,CHE,1995,36004.22989374643,7142.01
1798,CHE,1996,36720.49047276632,7174.43
1799,CHE,1997,38165.47735261598,7195.43
1800,CHE,1998,39890.53757516586,7219.39
1801,CHE,1999,41091.6368773432,7257.6
1802,CHE,2000,43251.103753602714,7295.66
1803,CHE,2001,44398.63878146871,7331.76
1804,CHE,2002,44934.31674605356,7384.16
1805,CHE,2003,45441.59928036256,7437.94
1806,CHE,2004,47263.59672625452,7487.68
1807,CHE,2005,49273.90235938695,7532.09
1808,CHE,2006,51862.96477059079,7579.11
1809,CHE,2007,54509.53965985744,7646.97
1810,CHE,2008,56054.8838155727,7737.76
1811,CHE,2009,55171.50070768471,7825.37
1812,CHE,2010,57219.49831206226,7884.37
1813,CHE,2011,58686.0,7959.37
1814,CHE,2012,58750.93843338053,8044.33
1815,CHE,2013,59120.06144481311,8137.37
1816,CHE,2014,59775.53927219261,8237.26
1817,CHE,2015,60070.86539299293,8331.57
1818,CHE,2016,60647.64025932316,8423.05
1819,CHE,2017,60903.22121100031,8502.01
1820,CHE,2018,62185.47798901128,8564.88
1821,CHE,2019,62448.5993632049,8626.19
1822,CHE,2020,60521.26266021757,8689.45
1823,CHE,2021,62595.3100393776,8756.22
1824,CHE,2022,63323.25280180889,8833.8
1845,CHL,1970,8195.0,9368.558
1846,CHL,1971,8773.0,9540.298
1847,CHL,1972,8520.0,9717.524
1848,CHL,1973,7911.0,9896.635
1849,CHL,1974,7857.0,10076.544
1850,CHL,1975,6731.0,10251.542
1851,CHL,1976,6868.0,10432.214
1852,CHL,1977,7438.0,10599.793
1853,CHL,1978,7936.0,10759.823
1854,CHL,1979,8475.0,10922.822
1855,CHL,1980,9024.0,11093.718
1856,CHL,1981,9427.0,11282.304
1857,CHL,1982,8016.0,11487.112
1858,CHL,1983,7667.0,11686.845
1859,CHL,1984,7992.0,11879.139
1860,CHL,1985,8024.0,12068.0
1861,CHL,1986,8325.0,12261.0
1862,CHL,1987,8721.0,12465.0
1863,CHL,1988,9199.0,12679.0
1864,CHL,1989,10005.0,12902.0
1865,CHL,1990,10203.0,13129.0
1866,CHL,1991,10746.491564155878,13371.31
1867,CHL,1992,11773.30070914546,13613.62
1868,CHL,1993,12296.925646305868,13855.93
1869,CHL,1994,12692.551132186198,14098.25
1870,CHL,1995,13715.932995478925,14340.56
1871,CHL,1996,14433.319774238738,14540.37
1872,CHL,1997,15079.8311950225,14740.18
1873,CHL,1998,15259.540847553471,14940.0
1874,CHL,1999,14846.417528318423,15139.81
1875,CHL,2000,15211.623295604437,15339.62
1876,CHL,2001,15448.008813317989,15512.86
1877,CHL,2002,15509.82477517235,15686.11
1878,CHL,2003,15809.17776845465,15859.34
1879,CHL,2004,16478.97278670518,16029.28
1880,CHL,2005,17137.486041466447,16221.79
1881,CHL,2006,17920.803131219684,16364.13
1882,CHL,2007,18487.900735147177,16535.65
1883,CHL,2008,18804.029363329544,16700.27
1884,CHL,2009,18184.481377662123,16863.84
1885,CHL,2010,18909.847276205317,16999.47
1886,CHL,2011,19705.0,17188.98
1887,CHL,2012,20690.79623024789,17377.6
1888,CHL,2013,21171.061311926045,17545.37
1889,CHL,2014,21337.759460089783,17720.43
1890,CHL,2015,21574.0177869608,17903.54
1891,CHL,2016,21715.713791676244,18098.52
1892,CHL,2017,21709.42713934853,18349.61
1893,CHL,2018,22175.66501492856,18680.57
1894,CHL,2019,21924.40757922929,19035.04
1895,CHL,2020,20205.86869447819,19384.81
1896,CHL,2021,22324.961433086897,19604.03
1897,CHL,2022,22740.72142369102,19715.21
1918,CHN,1970,1398.0,818315.0
1919,CHN,1971,1446.0,841105.0
1920,CHN,1972,1431.0,862030.0
1921,CHN,1973,1513.0,881940.0
1922,CHN,1974,1519.0,900350.0
1923,CHN,1975,1594.0,916395.0
1924,CHN,1976,1519.0,930685.0
1925,CHN,1977,1583.0,943455.0
1926,CHN,1978,1744.0,956165.0
1927,CHN,1979,1859.0,969005.0
1928,CHN,1980,1930.0,981235.0
1929,CHN,1981,1962.0,993861.0
1930,CHN,1982,2128.0,1000281.0
1931,CHN,1983,2227.0,1023288.0
1932,CHN,1984,2444.0,1036825.0
1933,CHN,1985,2619.0,1051040.0
1934,CHN,1986,2748.0,1066790.0
1935,CHN,1987,2931.0,1084035.0
1936,CHN,1988,3045.0,1101630.0
1937,CHN,1989,3022.0,1118650.0
1938,CHN,1990,2982.0,1135185.0
1939,CHN,1991,3051.3151251535655,1149978.85
1940,CHN,1992,3227.744141541462,1163362.82
1941,CHN,1993,3506.48009477448,1176726.93
1942,CHN,1994,3730.164094416436,1189961.97
1943,CHN,1995,3999.729180990004,1202581.43
1944,CHN,1996,4219.644172416151,1215171.1
1945,CHN,1997,4310.828198416168,1227452.97
1946,CHN,1998,4309.847175568261,1238722.12
1947,CHN,1999,4466.736250214565,1248899.1
1948,CHN,2000,4730.354351202304,1258400.92
1949,CHN,2001,4995.144724820601,1267177.95
1950,CHN,2002,5343.112257824781,1275379.1
1951,CHN,2003,5649.4632391271925,1283063.96
1952,CHN,2004,6067.591161370288,1290619.75
1953,CHN,2005,6626.591821130525,1298245.04
1954,CHN,2006,7271.035651970811,1305115.74
1955,CHN,2007,7895.712892697418,1311877.23
1956,CHN,2008,8190.112094505943,1318559.28
1957,CHN,2009,8734.04062380443,1324993.12
1958,CHN,2010,9658.41859928433,1331357.45
1959,CHN,2011,10221.0,1339548.68
1960,CHN,2012,10946.83397149056,1349537.02
1961,CHN,2013,11731.294597488408,1357519.74
1962,CHN,2014,12515.198304795971,1366654.2
1963,CHN,2015,13325.431748191117,1373405.76
1964,CHN,2016,14138.954637273522,1382401.21
1965,CHN,2017,15030.447422313577,1390135.72
1966,CHN,2018,15977.007798620576,1395397.96
1967,CHN,2019,16879.53970153226,1400034.69
1968,CHN,2020,17225.968276942745,1402060.16
1969,CHN,2021,18666.604569482603,1402536.74
1970,CHN,2022,19238.17878269338,1401692.8
1991,CIV,1970,2882.0,5579.014
1992,CIV,1971,2874.0,5873.709
1993,CIV,1972,2887.0,6171.63
1994,CIV,1973,2974.0,6465.22
1995,CIV,1974,2931.0,6749.048
1996,CIV,1975,2812.0,7030.905
1997,CIV,1976,3017.0,7334.543
1998,CIV,1977,3033.0,7642.397
1999,CIV,1978,3202.0,7954.372
2000,CIV,1979,3139.0,8270.975
2001,CIV,1980,3253.0,8593.262
2002,CIV,1981,3242.0,8922.474
2003,CIV,1982,3131.0,9259.826
2004,CIV,1983,2901.0,9606.456
2005,CIV,1984,2703.0,9963.431
2006,CIV,1985,2735.0,10331.684
2007,CIV,1986,2718.0,10712.062
2008,CIV,1987,2579.0,11105.274
2009,CIV,1988,2444.0,11511.744
2010,CIV,1989,2343.0,11930.647
2011,CIV,1990,2083.0,12490.877
2012,CIV,1991,2036.2988172831845,13245.63
2013,CIV,1992,2011.5693546476864,13654.48
2014,CIV,1993,1983.2335614586175,14182.68
2015,CIV,1994,1951.5408073289057,14873.8
2016,CIV,1995,2035.1681626694372,15435.83
2017,CIV,1996,2179.0357131070136,15886.71
2018,CIV,1997,2288.8086332209255,16303.87
2019,CIV,1998,2393.498952102205,16676.55
2020,CIV,1999,2417.4575450712673,17105.62
2021,CIV,2000,2352.8563380719256,17552.11
2022,CIV,2001,2342.8275486775547,18009.93
2023,CIV,2002,2298.45658483479,18438.09
2024,CIV,2003,2263.092566697592,18895.19
2025,CIV,2004,2280.7880489612885,19432.14
2026,CIV,2005,2312.8426340106744,19967.69
2027,CIV,2006,2343.9269394541516,20512.46
2028,CIV,2007,2380.1153940089757,21096.92
2029,CIV,2008,2435.270518395371,21698.88
2030,CIV,2009,2508.822125761332,22284.5
2031,CIV,2010,2555.0162890729384,22845.25
2032,CIV,2011,2444.0,23343.36
2033,CIV,2012,2648.7743754976227,23878.67
2034,CIV,2013,2821.876227550647,24492.1
2035,CIV,2014,2995.150119095287,25104.43
2036,CIV,2015,3182.1076827529632,25719.03
2037,CIV,2016,3328.979502708547,26347.76
2038,CIV,2017,3450.2200128125105,26983.57
2039,CIV,2018,3497.8928081418226,27614.17
2040,CIV,2019,3703.087528638841,28251.6
2041,CIV,2020,3682.135289488492,28895.37
2042,CIV,2021,3853.162676998033,29545.71
2043,CIV,2022,4011.712273194948,30279.34
2064,CMR,1970,1565.0,6726.733
2065,CMR,1971,1578.0,6870.244
2066,CMR,1972,1612.0,7021.028
2067,CMR,1973,1599.0,7179.499
2068,CMR,1974,1632.0,7346.174
2069,CMR,1975,1677.0,7521.53
2070,CMR,1976,1664.0,7721.125
2071,CMR,1977,1706.0,7962.216
2072,CMR,1978,1744.0,8212.692
2073,CMR,1979,1785.0,8461.756
2074,CMR,1980,1900.0,8762.486
2075,CMR,1981,2153.0,9047.915
2076,CMR,1982,2257.0,9282.553
2077,CMR,1983,2345.0,9562.721
2078,CMR,1984,2450.0,9867.132
2079,CMR,1985,2585.0,10191.372
2080,CMR,1986,2683.0,10530.147
2081,CMR,1987,2471.0,10867.102
2082,CMR,1988,2287.0,11200.976
2083,CMR,1989,2021.0,11540.121
2084,CMR,1990,1930.0,11884.495
2085,CMR,1991,1833.3544517711457,12257.59
2086,CMR,1992,1754.2467380350993,12637.16
2087,CMR,1993,1677.140026149894,13026.1
2088,CMR,1994,1615.5972736793544,13422.89
2089,CMR,1995,1648.641558277831,13824.41
2090,CMR,1996,1710.105975302545,14231.04
2091,CMR,1997,1780.4966966802665,14642.55
2092,CMR,1998,1847.2189118450951,15059.74
2093,CMR,1999,1902.2660063357869,15483.38
2094,CMR,2000,1961.0878622527105,15913.47
2095,CMR,2001,2028.5473842742197,16353.51
2096,CMR,2002,2084.9206379621032,16815.16
2097,CMR,2003,2143.980043224328,17288.72
2098,CMR,2004,2198.236020142642,17764.35
2099,CMR,2005,2222.910853393813,18249.29
2100,CMR,2006,2269.517951969696,18746.12
2101,CMR,2007,2315.606876761055,19278.26
2102,CMR,2008,2352.7994599899716,19842.9
2103,CMR,2009,2370.130510015936,20418.92
2104,CMR,2010,2420.132849614199,21001.57
2105,CMR,2011,2494.0,21586.3
2106,CMR,2012,2536.546816995786,22181.01
2107,CMR,2013,2590.710065452772,22800.32
2108,CMR,2014,2657.4030077562184,23512.66
2109,CMR,2015,2718.305430542134,24273.08
2110,CMR,2016,2758.0290075926746,24995.01
2111,CMR,2017,2779.5482382746604,25679.72
2112,CMR,2018,2815.316204314165,26373.18
2113,CMR,2019,2832.0767416446974,27114.25
2114,CMR,2020,2769.2867887504317,27878.49
2115,CMR,2021,2791.7901002835106,28662.86
2116,CMR,2022,2812.214739145369,29417.31
2137,D.R. of the Congo,1970,1224.0,21780.955
2138,D.R. of the Congo,1971,1267.0,22385.56
2139,D.R. of the Congo,1972,1235.0,23007.669
2140,D.R. of the Congo,1973,1305.0,23668.471
2141,D.R. of the Congo,1974,1312.0,24333.992
2142,D.R. of the Congo,1975,1213.0,25032.766
2143,D.R. of the Congo,1976,1111.0,25741.477
2144,D.R. of the Congo,1977,1086.0,26483.952
2145,D.R. of the Congo,1978,993.0,27316.663
2146,D.R. of the Congo,1979,961.0,28203.768
2147,D.R. of the Congo,1980,953.0,29012.545
2148,D.R. of the Congo,1981,950.0,29808.023
2149,D.R. of the Congo,1982,920.0,30648.843
2150,D.R. of the Congo,1983,909.0,31446.874
2151,D.R. of the Congo,1984,932.0,32340.981
2152,D.R. of the Congo,1985,909.0,33344.216
2153,D.R. of the Congo,1986,923.0,34376.231
2154,D.R. of the Congo,1987,918.0,35482.158
2155,D.R. of the Congo,1988,894.0,36628.158
2156,D.R. of the Congo,1989,861.0,37804.132
2157,D.R. of the Congo,1990,813.0,39047.458
2158,D.R. of the Congo,1991,737.9344900926812,40406.96
2159,D.R. of the Congo,1992,656.6916511561989,41735.41
2160,D.R. of the Congo,1993,563.7109310053497,43175.46
2161,D.R. of the Congo,1994,525.3887174278694,44701.69
2162,D.R. of the Congo,1995,531.9909214959218,46580.98
2163,D.R. of the Congo,1996,523.8680620418716,47558.52
2164,D.R. of the Congo,1997,489.6421647580353,48436.08
2165,D.R. of the Congo,1998,472.9239644753315,49607.26
2166,D.R. of the Congo,1999,452.004421422413,51181.35
2167,D.R. of the Congo,2000,414.0469470480936,52781.73
2168,D.R. of the Congo,2001,403.6018922541997,54452.9
2169,D.R. of the Congo,2002,413.8252127354915,56170.49
2170,D.R. of the Congo,2003,436.0284862543429,57859.72
2171,D.R. of the Congo,2004,463.9969758388444,59598.53
2172,D.R. of the Congo,2005,490.69049400743734,61473.89
2173,D.R. of the Congo,2006,515.2583658529119,63479.43
2174,D.R. of the Congo,2007,546.0367955120435,65589.54
2175,D.R. of the Congo,2008,578.8487210830294,67799.7
2176,D.R. of the Congo,2009,595.0160551219062,70113.89
2177,D.R. of the Congo,2010,637.1298499052183,72549.62
2178,D.R. of the Congo,2011,681.0,75138.18
2179,D.R. of the Congo,2012,714.7896913111848,77792.05
2180,D.R. of the Congo,2013,756.9059974877464,80533.61
2181,D.R. of the Congo,2014,784.559309315362,83368.34
2182,D.R. of the Congo,2015,806.7694664758218,86229.49
2183,D.R. of the Congo,2016,783.0341445424827,89193.32
2184,D.R. of the Congo,2017,785.1292812160233,92209.29
2185,D.R. of the Congo,2018,796.8924394782723,95231.59
2186,D.R. of the Congo,2019,806.479015430905,98319.94
2187,D.R. of the Congo,2020,794.2714174432007,101499.25
2188,D.R. of the Congo,2021,817.4322286830871,104766.66
2189,D.R. of the Congo,2022,844.1719774649216,108171.07
2210,COG,1970,2396.0,1272.408
2211,COG,1971,2546.0,1305.794
2212,COG,1972,2582.0,1340.458
2213,COG,1973,2950.0,1376.455
2214,COG,1974,2848.0,1414.408
2215,COG,1975,2745.0,1453.65
2216,COG,1976,2794.0,1494.47
2217,COG,1977,2517.0,1536.889
2218,COG,1978,2595.0,1580.962
2219,COG,1979,2807.0,1626.73
2220,COG,1980,3075.0,1674.288
2221,COG,1981,3625.0,1723.743
2222,COG,1982,4355.0,1775.157
2223,COG,1983,4473.0,1828.563
2224,COG,1984,4664.0,1883.981
2225,COG,1985,4484.0,1941.765
2226,COG,1986,4058.0,2002.137
2227,COG,1987,3953.0,2064.973
2228,COG,1988,3908.0,2130.061
2229,COG,1989,3865.0,2197.165
2230,COG,1990,3794.0,2266.001
2231,COG,1991,3862.5743339812216,2332.56
2232,COG,1992,3940.971729102639,2400.51
2233,COG,1993,3874.169784614636,2474.02
2234,COG,1994,3635.98917024344,2549.27
2235,COG,1995,3763.5958011865696,2621.11
2236,COG,1996,3988.87730463448,2692.17
2237,COG,1997,3899.762685426077,2750.14
2238,COG,1998,4042.778281349575,2812.03
2239,COG,1999,3925.686438296262,2885.99
2240,COG,2000,4159.222737395878,2998.67
2241,COG,2001,4256.655371170816,3112.61
2242,COG,2002,4458.634223688346,3180.56
2243,COG,2003,4467.903964405697,3273.98
2244,COG,2004,4560.512514183643,3399.65
2245,COG,2005,4820.707288005168,3542.76
2246,COG,2006,5016.05763935475,3701.68
2247,COG,2007,4844.970239602897,3859.48
2248,COG,2008,5081.13158781301,3989.28
2249,COG,2009,5379.004176901912,4145.51
2250,COG,2010,5738.162993098017,4323.52
2251,COG,2011,5875.0,4467.93
2252,COG,2012,6300.049233682046,4580.93
2253,COG,2013,6140.18659900545,4666.73
2254,COG,2014,6428.496067039417,4756.84
2255,COG,2015,6079.457489405721,4851.33
2256,COG,2016,5315.170143980847,4950.58
2257,COG,2017,4977.342380273524,5054.88
2258,COG,2018,4637.726027591177,5164.37
2259,COG,2019,4583.337145566191,5279.27
2260,COG,2020,4203.110203911664,5400.04
2261,COG,2021,4168.024358496841,5527.18
2262,COG,2022,4187.506998858619,5654.68
2283,COL,1970,4932.0,21429.658
2284,COL,1971,5091.0,21992.579
2285,COL,1972,5348.0,22542.89
2286,COL,1973,5577.0,23069.231
2287,COL,1974,5767.0,23598.0
2288,COL,1975,5772.0,24125.0
2289,COL,1976,5918.0,24638.0
2290,COL,1977,6046.0,25119.0
2291,COL,1978,6443.0,25575.0
2292,COL,1979,6658.0,26072.0
2293,COL,1980,6786.0,26631.0
2294,COL,1981,6782.0,27215.0
2295,COL,1982,6698.0,27826.0
2296,COL,1983,6655.0,28455.0
2297,COL,1984,6741.0,29096.0
2298,COL,1985,6809.0,29748.0
2299,COL,1986,7071.0,30400.0
2300,COL,1987,7296.0,31042.0
2301,COL,1988,7442.0,31673.0
2302,COL,1989,7533.0,32307.0
2303,COL,1990,7693.0,32957.0
2304,COL,1991,7713.022025638145,33633.47
2305,COL,1992,7888.105490293178,34300.11
2306,COL,1993,8180.870530143386,34962.7
2307,COL,1994,8447.857240159066,35587.27
2308,COL,1995,8735.883323055887,36184.29
2309,COL,1996,8770.583203638625,36759.68
2310,COL,1997,8952.472967538566,37307.81
2311,COL,1998,8863.261374059754,37837.72
2312,COL,1999,8382.139863389892,38365.28
2313,COL,2000,8496.791861442363,38910.64
2314,COL,2001,8528.03353336023,39410.81
2315,COL,2002,8630.542429754663,39918.43
2316,COL,2003,8855.21744466881,40415.63
2317,COL,2004,9211.279112500377,40898.58
2318,COL,2005,9524.722706754064,41374.02
2319,COL,2006,10039.683117326103,41862.26
2320,COL,2007,10602.304878412586,42323.94
2321,COL,2008,10846.737686887882,42781.41
2322,COL,2009,10894.102287540152,43264.38
2323,COL,2010,11191.68640656952,43770.9
2324,COL,2011,11788.0,44224.91
2325,COL,2012,12129.80917304497,44660.44
2326,COL,2013,12633.481540068433,45081.37
2327,COL,2014,12981.56496608596,45846.4
2328,COL,2015,13237.290998867446,46289.75
2329,COL,2016,13367.445694441523,46796.16
2330,COL,2017,13380.642413719188,47385.34
2331,COL,2018,13485.702556470873,48221.68
2332,COL,2019,13603.993309076192,49325.84
2333,COL,2020,12377.134949809795,50283.48
2334,COL,2021,13553.399428283312,50978.0
2335,COL,2022,14468.963898271351,51331.73
2356,COM,1970,961.0,237.0
2357,COM,1971,974.0,244.0
2358,COM,1972,966.0,252.0
2359,COM,1973,1006.0,259.0
2360,COM,1974,1004.0,267.0
2361,COM,1975,1038.0,276.0
2362,COM,1976,1009.0,284.0
2363,COM,1977,966.0,309.0
2364,COM,1978,964.0,319.0
2365,COM,1979,1023.0,329.0
2366,COM,1980,1065.0,340.0
2367,COM,1981,1081.0,348.0
2368,COM,1982,1124.0,356.0
2369,COM,1983,1149.0,365.0
2370,COM,1984,1168.0,374.0
2371,COM,1985,1162.0,383.0
2372,COM,1986,1157.0,392.0
2373,COM,1987,1149.0,401.0
2374,COM,1988,1152.0,411.0
2375,COM,1989,1108.0,421.0
2376,COM,1990,1092.0,430.0
2377,COM,1991,1101.0035873777497,440.0
2378,COM,1992,1185.5141209147469,451.0
2379,COM,1993,1210.6352955664297,461.0
2380,COM,1994,1136.7435364022251,472.0
2381,COM,1995,1166.9368473129186,483.0
2382,COM,1996,1141.6015868511531,494.0
2383,COM,1997,1177.5825242030514,506.0
2384,COM,1998,1179.8440566653692,518.0
2385,COM,1999,1189.2566885002002,531.0
2386,COM,2000,1204.4023923591456,545.0
2387,COM,2001,1217.4992213772307,559.0
2388,COM,2002,1229.855923579943,574.0
2389,COM,2003,1240.051336707094,590.0
2390,COM,2004,1247.274948374711,606.0
2391,COM,2005,1265.686703682588,623.0
2392,COM,2006,1388.0026343029183,640.0
2393,COM,2007,1382.539089341962,657.0
2394,COM,2008,1419.3670960848094,674.0
2395,COM,2009,1455.282338335449,690.0
2396,COM,2010,1432.5624208792208,706.0
2397,COM,2011,1479.0,722.0
2398,COM,2012,1509.0,737.0
2399,COM,2013,1619.0,752.0
2400,COM,2014,1647.0,767.0
2401,COM,2015,1696.0,781.0
2402,COM,2016,1705.7402718094625,795.0
2403,COM,2017,1764.7028589171616,808.08
2404,COM,2018,1801.691113768483,821.164
2405,COM,2019,1832.435694921335,836.6847234350063
2406,COM,2020,1869.9440308890576,852.741738479196
2407,COM,2021,1886.060818175428,869.0938725745931
2408,COM,2022,1900.3982544914195,885.118096613093
2429,CPV,1970,1385.0,269.0
2430,CPV,1971,1435.0,273.0
2431,CPV,1972,1457.0,275.0
2432,CPV,1973,1470.0,277.0
2433,CPV,1974,1497.0,279.0
2434,CPV,1975,1237.0,280.0
2435,CPV,1976,1251.0,283.0
2436,CPV,1977,1176.0,286.0
2437,CPV,1978,1275.0,289.0
2438,CPV,1979,1301.0,293.0
2439,CPV,1980,1352.0,296.0
2440,CPV,1981,1447.0,300.0
2441,CPV,1982,1470.0,304.0
2442,CPV,1983,1588.0,308.0
2443,CPV,1984,1626.0,312.0
2444,CPV,1985,1742.0,317.0
2445,CPV,1986,1766.0,321.0
2446,CPV,1987,1817.0,326.0
2447,CPV,1988,1898.0,331.0
2448,CPV,1989,1980.0,335.0
2449,CPV,1990,1965.0,340.0
2450,CPV,1991,1988.3073291102712,347.0
2451,CPV,1992,2029.59604778453,356.0
2452,CPV,1993,2159.220165157935,366.0
2453,CPV,1994,2291.080280147303,376.0
2454,CPV,1995,2444.9031548626062,385.0
2455,CPV,1996,2594.0996861280637,395.0
2456,CPV,1997,2777.4651143132346,404.0
2457,CPV,1998,2999.624524671349,413.0
2458,CPV,1999,3346.8799259861166,422.0
2459,CPV,2000,3583.586818637333,430.0
2460,CPV,2001,3799.032625670076,438.0
2461,CPV,2002,3998.261727569358,447.0
2462,CPV,2003,4185.489119143422,455.0
2463,CPV,2004,4368.054767360322,463.0
2464,CPV,2005,4659.396187372807,471.0
2465,CPV,2006,5140.870644234935,478.0
2466,CPV,2007,5597.850266870618,486.0
2467,CPV,2008,5985.106816776987,494.0
2468,CPV,2009,5926.506489104242,501.0
2469,CPV,2010,6033.7201639414325,509.0
2470,CPV,2011,6295.0,516.0
2471,CPV,2012,6273.0,524.0
2472,CPV,2013,6234.0,531.0
2473,CPV,2014,6262.0,539.0
2474,CPV,2015,6266.0,546.0
2475,CPV,2016,6461.350616883645,553.0
2476,CPV,2017,6676.985947295534,561.899
2477,CPV,2018,6848.756942435138,568.373
2478,CPV,2019,7297.279145550106,574.1721355842592
2479,CPV,2020,5831.9984412922195,579.754350860116
2480,CPV,2021,6173.230123587777,585.013175767942
2481,CPV,2022,7202.7671988606635,590.2113027913068
2502,CRI,1970,5984.0,1735.523
2503,CRI,1971,6199.0,1785.636
2504,CRI,1972,6564.0,1834.796
2505,CRI,1973,6884.0,1886.035
2506,CRI,1974,7061.0,1937.413
2507,CRI,1975,7007.0,1991.58
2508,CRI,1976,7182.0,2048.557
2509,CRI,1977,7602.0,2108.457
2510,CRI,1978,7763.0,2192.367
2511,CRI,1979,7905.0,2259.714
2512,CRI,1980,7828.0,2299.124
2513,CRI,1981,7461.0,2357.285
2514,CRI,1982,6751.0,2424.367
2515,CRI,1983,6743.0,2494.353
2516,CRI,1984,7065.0,2567.516
2517,CRI,1985,6918.0,2643.808
2518,CRI,1986,7087.0,2723.111
2519,CRI,1987,7221.0,2799.811
2520,CRI,1988,7270.0,2875.267
2521,CRI,1989,7489.0,2951.454
2522,CRI,1990,7567.0,3027.175
2523,CRI,1991,7552.362230313143,3097.38
2524,CRI,1992,8038.767757585438,3166.61
2525,CRI,1993,8363.482969201788,3236.54
2526,CRI,1994,8479.568660683775,3331.61
2527,CRI,1995,8576.422396551394,3428.52
2528,CRI,1996,8446.781244562675,3515.6
2529,CRI,1997,8683.948462750068,3607.52
2530,CRI,1998,9053.851624503342,3694.98
2531,CRI,1999,9183.895044964813,3784.67
2532,CRI,2000,9319.766188847345,3867.38
2533,CRI,2001,9451.615274232789,3950.54
2534,CRI,2002,9591.553317847403,4020.87
2535,CRI,2003,9831.249602339947,4079.3
2536,CRI,2004,10086.783665353472,4145.05
2537,CRI,2005,10308.374061873204,4211.57
2538,CRI,2006,10880.476701230988,4278.26
2539,CRI,2007,11584.67665985994,4337.89
2540,CRI,2008,11935.157785616684,4399.99
2541,CRI,2009,11638.001894427154,4467.3
2542,CRI,2010,12031.570909467451,4543.8
2543,CRI,2011,12366.0,4586.73
2544,CRI,2012,12800.047524360542,4647.57
2545,CRI,2013,12952.746484152802,4707.37
2546,CRI,2014,13241.992080830492,4767.64
2547,CRI,2015,13557.923026599548,4826.6
2548,CRI,2016,13959.341886190665,4884.88
2549,CRI,2017,14372.67961374453,4941.67
2550,CRI,2018,14583.144009609705,4997.76
2551,CRI,2019,14775.29207022496,5052.04
2552,CRI,2020,13996.389360173924,5105.3
2553,CRI,2021,14931.956023204828,5157.78
2554,CRI,2022,15496.820570794214,5184.67
2575,CZE,1970,10307.0,14319.0
2576,CZE,1971,10613.0,14381.0
2577,CZE,1972,10932.0,14456.0
2578,CZE,1973,11223.0,14549.0
2579,CZE,1974,11545.0,14658.0
2580,CZE,1975,11794.0,14772.0
2581,CZE,1976,11893.0,14884.0
2582,CZE,1977,12344.0,14990.0
2583,CZE,1978,12411.0,15089.0
2584,CZE,1979,12439.0,15182.0
2585,CZE,1980,12723.0,15255.0
2586,CZE,1981,12612.0,15312.0
2587,CZE,1982,12824.0,15352.0
2588,CZE,1983,12986.0,15388.0
2589,CZE,1984,13260.0,15423.0
2590,CZE,1985,13337.0,15455.0
2591,CZE,1986,13560.0,15481.0
2592,CZE,1987,13603.0,15511.0
2593,CZE,1988,13882.0,15537.0
2594,CZE,1989,13976.0,15559.0
2595,CZE,1990,13570.0,15572.0
2596,CZE,1991,11949.6328228259,15503.45
2597,CZE,1992,11742.929170063038,15536.37
2598,CZE,1993,11879.808529093503,15566.989999999998
2599,CZE,1994,12358.110958170912,15594.259999999998
2600,CZE,1995,13181.29157925007,15605.240000000002
2601,CZE,1996,13981.782808312792,15600.13
2602,CZE,1997,14199.408214625422,15598.23
2603,CZE,1998,14485.927828284492,15596.89
2604,CZE,1999,14769.399758199044,15589.53
2605,CZE,2000,15378.206427039782,15584.37
2606,CZE,2001,15999.640381714526,15515.27
2607,CZE,2002,16595.39877875658,15491.1
2608,CZE,2003,17407.07385006951,15492.65
2609,CZE,2004,18389.22767676436,15500.9
2610,CZE,2005,19774.061178051128,15532.64
2611,CZE,2006,21409.427615836157,15568.83
2612,CZE,2007,23146.207496674164,15630.19
2613,CZE,2008,24256.883223104054,15745.87
2614,CZE,2009,23659.4751223026,15819.17
2615,CZE,2010,24573.309484979825,15856.93
2616,CZE,2011,25289.0,15804.81
2617,CZE,2012,25211.404778609525,15825.44
2618,CZE,2013,25237.068996737788,15833.58
2619,CZE,2014,25808.53720840637,15853.09
2620,CZE,2015,27144.948728160303,15874.91
2621,CZE,2016,27732.625710087515,15905.54
2622,CZE,2017,28926.491560149592,15937.21
2623,CZE,2018,29842.957803433965,15981.48
2624,CZE,2019,30607.314315875192,16031.34
2625,CZE,2020,29043.44079961611,16069.240000000002
2626,CZE,2021,30071.37605739725,16046.68
2627,CZE,2022,30640.913369701004,16099.31
2648,CUB,1970,2976.0,8543.0
2649,CUB,1971,3161.0,8669.0
2650,CUB,1972,3253.0,8830.0
2651,CUB,1973,3486.0,9000.0
2652,CUB,1974,3609.0,9151.0
2653,CUB,1975,3733.0,9287.0
2654,CUB,1976,3786.0,9418.0
2655,CUB,1977,3913.0,9534.0
2656,CUB,1978,4114.0,9630.0
2657,CUB,1979,4183.0,9705.0
2658,CUB,1980,4106.0,9648.0
2659,CUB,1981,4420.0,9706.0
2660,CUB,1982,4487.0,9792.0
2661,CUB,1983,4705.0,9887.0
2662,CUB,1984,5051.0,9983.0
2663,CUB,1985,5120.0,10084.0
2664,CUB,1986,5075.0,10183.0
2665,CUB,1987,4887.0,10279.0
2666,CUB,1988,4994.0,10382.0
2667,CUB,1989,4991.0,10489.0
2668,CUB,1990,4713.0,10597.0
2669,CUB,1991,3982.26572455253,10697.0
2670,CUB,1992,3399.964724510602,10780.0
2671,CUB,1993,2657.465975694371,10850.0
2672,CUB,1994,2683.0984798078575,10893.0
2673,CUB,1995,2860.7572707254844,10921.0
2674,CUB,1996,3249.6353174357732,10963.0
2675,CUB,1997,3425.5617843578816,11014.0
2676,CUB,1998,3415.5452394865824,11064.0
2677,CUB,1999,3623.5953800357993,11108.0
2678,CUB,2000,4009.3398762914,11147.0
2679,CUB,2001,4231.323833386835,11179.0
2680,CUB,2002,4369.040301048368,11210.0
2681,CUB,2003,4506.675854070209,11241.0
2682,CUB,2004,4561.016721751893,11260.0
2683,CUB,2005,4713.7063043150765,11268.0
2684,CUB,2006,5416.141191618224,11266.0
2685,CUB,2007,5635.688254102669,11261.0
2686,CUB,2008,6004.893861824534,11258.0
2687,CUB,2009,6248.304392736064,11260.0
2688,CUB,2010,6578.19058371151,11262.0
2689,CUB,2011,6928.0,11264.0
2690,CUB,2012,7138.0,11262.0
2691,CUB,2013,7379.0,11250.0
2692,CUB,2014,7628.0,11238.0
2693,CUB,2015,7889.0,11214.0
2694,CUB,2016,7928.049886767947,11180.0
2695,CUB,2017,8075.464782421154,11147.407
2696,CUB,2018,8262.988493292847,11116.396
2697,CUB,2019,8257.785032917569,11105.064938927164
2698,CUB,2020,7364.105587639862,11089.365134120348
2699,CUB,2021,7485.820787915659,11045.868068812078
2700,CUB,2022,7648.704164323107,11002.513291877896
2721,CYP,1970,6590.0,614.6
2722,CYP,1971,7382.0,619.8
2723,CYP,1972,7809.0,626.3
2724,CYP,1973,7913.0,633.9
2725,CYP,1974,6503.0,640.7
2726,CYP,1975,5528.0,610.5
2727,CYP,1976,6652.0,598.6
2728,CYP,1977,7704.0,598.4
2729,CYP,1978,8257.0,601.0
2730,CYP,1979,9011.0,605.1
2731,CYP,1980,9451.0,611.0
2732,CYP,1981,9631.0,617.9
2733,CYP,1982,10131.0,624.3
2734,CYP,1983,10544.0,631.8
2735,CYP,1984,11330.0,639.9
2736,CYP,1985,11725.0,647.3
2737,CYP,1986,12121.0,650.0
2738,CYP,1987,12792.0,659.4
2739,CYP,1988,13748.0,664.217
2740,CYP,1989,14712.0,670.912
2741,CYP,1990,15560.0,681.349
2742,CYP,1991,15417.124367832934,700.71
2743,CYP,1992,16570.39730741184,721.06
2744,CYP,1993,16439.239293047358,740.52
2745,CYP,1994,17210.986459556367,758.31
2746,CYP,1995,18751.486548501765,774.89
2747,CYP,1996,18875.288568756372,787.33
2748,CYP,1997,19264.787794686876,798.59
2749,CYP,1998,20212.73897509997,808.47
2750,CYP,1999,21147.525071642056,817.58
2751,CYP,2000,22326.798043224357,826.27
2752,CYP,2001,23095.73595406818,835.2
2753,CYP,2002,23828.073148758296,844.85
2754,CYP,2003,24347.07540799384,855.21
2755,CYP,2004,25355.24018404819,866.72
2756,CYP,2005,26164.20955007925,879.3
2757,CYP,2006,27142.01758224129,894.09
2758,CYP,2007,28109.996129331383,913.33
2759,CYP,2008,28736.97452004266,936.55
2760,CYP,2009,27735.032918020177,962.04
2761,CYP,2010,27630.1039230086,987.53
2762,CYP,2011,27272.0,1013.05
2763,CYP,2012,25933.49468340088,1028.61
2764,CYP,2013,24281.811791416196,1026.21
2765,CYP,2014,24114.58618055048,1014.97
2766,CYP,2015,25081.50298693859,1009.21
2767,CYP,2016,26607.555421689172,1013.86
2768,CYP,2017,27872.81269312518,1023.33
2769,CYP,2018,29089.975508621013,1035.89
2770,CYP,2019,30284.79481465153,1050.04
2771,CYP,2020,28634.45661240419,1062.0
2772,CYP,2021,30252.325663827,1071.94
2773,CYP,2022,31523.497231570513,1086.65
2794,CZE,1970,8748.0,9795.226
2795,CZE,1971,9177.0,9824.749
2796,CZE,1972,9626.0,9862.158
2797,CZE,1973,10026.0,9912.08
2798,CZE,1974,10444.0,9975.77
2799,CZE,1975,10954.0,10042.019
2800,CZE,1976,11317.0,10105.143
2801,CZE,1977,11634.0,10161.915
2802,CZE,1978,12055.0,10212.894
2803,CZE,1979,12164.0,10259.67
2804,CZE,1980,12336.0,10288.726
2805,CZE,1981,12306.0,10297.904
2806,CZE,1982,12109.0,10303.704
2807,CZE,1983,12301.0,10306.888
2808,CZE,1984,12573.0,10309.224
2809,CZE,1985,12855.0,10310.162
2810,CZE,1986,13211.0,10308.836
2811,CZE,1987,13514.0,10311.597
2812,CZE,1988,13791.0,10313.782
2813,CZE,1989,14027.0,10314.343
2814,CZE,1990,14178.0,10309.514
2815,CZE,1991,12724.540854498871,10255.73
2816,CZE,1992,12810.43167060498,10264.81
2817,CZE,1993,12974.197268474312,10277.55
2818,CZE,1994,13517.581905253151,10283.07
2819,CZE,1995,14550.104626676955,10277.7
2820,CZE,1996,15386.320667717478,10262.37
2821,CZE,1997,15494.316947697736,10250.72
2822,CZE,1998,15657.425612746994,10242.06
2823,CZE,1999,16102.507638253432,10229.96
2824,CZE,2000,17056.159501864193,10219.74
2825,CZE,2001,17868.567585214038,10171.67
2826,CZE,2002,18431.027165920303,10148.37
2827,CZE,2003,19344.090163967343,10149.25
2828,CZE,2004,20555.035565163547,10154.49
2829,CZE,2005,22128.580114997705,10181.52
2830,CZE,2006,23888.163965408407,10213.92
2831,CZE,2007,25382.80753138417,10269.67
2832,CZE,2008,26186.045378781564,10376.12
2833,CZE,2009,25093.862877004325,10437.6
2834,CZE,2010,25922.394050569572,10463.23
2835,CZE,2011,26725.0,10442.76
2836,CZE,2012,26483.3804690022,10455.31
2837,CZE,2013,26467.62843467866,10456.73
2838,CZE,2014,27030.189743937062,10470.72
2839,CZE,2015,28437.602968494743,10488.79
2840,CZE,2016,29097.504379879432,10511.01
2841,CZE,2017,30531.383574611275,10535.14
2842,CZE,2018,31405.089152710418,10571.85
2843,CZE,2019,32226.552410735894,10614.52
2844,CZE,2020,30365.368243472636,10645.2
2845,CZE,2021,31452.556354545497,10642.36
2846,CZE,2022,32247.395241658513,10635.49
2867,DEU,1970,17277.0,77783.164
2868,DEU,1971,17657.0,78354.709
2869,DEU,1972,18301.0,78717.088
2870,DEU,1973,19074.0,78950.22
2871,DEU,1974,19228.0,78966.137
2872,DEU,1975,19193.0,78682.325
2873,DEU,1976,20218.0,78298.957
2874,DEU,1977,20837.0,78160.773
2875,DEU,1978,21447.0,78066.074
2876,DEU,1979,22305.0,78081.292
2877,DEU,1980,22497.0,78297.904
2878,DEU,1981,22553.0,78401.83
2879,DEU,1982,22380.0,78335.266
2880,DEU,1983,22840.0,78121.655
2881,DEU,1984,23564.0,77855.422
2882,DEU,1985,24133.0,77684.907
2883,DEU,1986,24657.0,77713.485
2884,DEU,1987,25027.0,77718.298
2885,DEU,1988,25759.0,78030.572
2886,DEU,1989,26393.0,78644.914
2887,DEU,1990,25391.0,79380.394
2888,DEU,1991,26769.960305852994,79989.52
2889,DEU,1992,27385.055559779423,80516.63
2890,DEU,1993,27250.70055747773,80962.72
2891,DEU,1994,28140.05587535537,81163.76
2892,DEU,1995,28868.946166083264,81324.8
2893,DEU,1996,29349.982835455772,81482.83
2894,DEU,1997,30186.94444075555,81526.84
2895,DEU,1998,31129.584397656625,81462.82
2896,DEU,1999,32087.603958850836,81438.82
2897,DEU,2000,33367.28380906572,81473.83
2898,DEU,2001,34260.28763277704,81533.84
2899,DEU,2002,34590.93016148603,81594.85
2900,DEU,2003,34716.44054621595,81565.85
2901,DEU,2004,35528.713472379015,81472.83
2902,DEU,2005,36205.57498422705,81353.8
2903,DEU,2006,38014.13685310267,81189.77
2904,DEU,2007,39752.20673719779,81008.73
2905,DEU,2008,40715.43417294671,80780.68
2906,DEU,2009,38962.93870266321,80499.63
2907,DEU,2010,41109.581818875464,80300.58
2908,DEU,2011,43189.0,80291.58
2909,DEU,2012,43288.31991990925,80442.61
2910,DEU,2013,43359.13650623272,80662.66
2911,DEU,2014,44132.75624401914,80999.73
2912,DEU,2015,44405.1667158815,81703.87
2913,DEU,2016,45030.46826166678,82366.01
2914,DEU,2017,46065.10011064793,82674.07
2915,DEU,2018,46377.39085284696,82923.13
2916,DEU,2019,46761.9460555775,83110.16
2917,DEU,2020,44996.4296207847,83178.18
2918,DEU,2021,46159.05188091431,83213.19
2919,DEU,2022,46647.79191665137,83811.31
2940,DJI,1970,4774.0,180.0
2941,DJI,1971,4846.0,188.0
2942,DJI,1972,4787.0,197.0
2943,DJI,1973,4801.0,206.0
2944,DJI,1974,4414.0,216.0
2945,DJI,1975,4691.0,227.0
2946,DJI,1976,4878.0,237.0
2947,DJI,1977,4036.0,252.0
2948,DJI,1978,3419.0,275.0
2949,DJI,1979,3308.0,299.0
2950,DJI,1980,3167.0,327.0
2951,DJI,1981,3091.0,345.0
2952,DJI,1982,3043.0,356.0
2953,DJI,1983,2963.0,370.0
2954,DJI,1984,2944.0,375.0
2955,DJI,1985,2880.0,382.0
2956,DJI,1986,2743.0,397.0
2957,DJI,1987,2670.0,409.0
2958,DJI,1988,2652.0,417.0
2959,DJI,1989,2436.0,442.0
2960,DJI,1990,2308.0,499.0
2961,DJI,1991,2013.3426862406832,552.0
2962,DJI,1992,2141.6341353721896,547.0
2963,DJI,1993,2290.7846335490713,534.0
2964,DJI,1994,2175.3618733293793,547.0
2965,DJI,1995,2262.4287151931067,553.0
2966,DJI,1996,2081.9954648378903,568.0
2967,DJI,1997,2080.513413466037,592.0
2968,DJI,1998,1974.5656764721496,621.0
2969,DJI,1999,1930.5077921269688,646.0
2970,DJI,2000,1880.9987505422423,669.0
2971,DJI,2001,1845.6990820171227,693.0
2972,DJI,2002,1824.4550865003716,716.0
2973,DJI,2003,1945.665482683428,691.0
2974,DJI,2004,2097.1233787101582,657.0
2975,DJI,2005,2126.8051447305543,666.0
2976,DJI,2006,2342.219160584773,679.0
2977,DJI,2007,2396.018083066779,694.0
2978,DJI,2008,2463.444917893156,709.0
2979,DJI,2009,2521.5047154699196,725.0
2980,DJI,2010,2543.8732949978316,741.0
2981,DJI,2011,2590.0,757.0
2982,DJI,2012,2654.0,774.0
2983,DJI,2013,2724.0,792.0
2984,DJI,2014,2823.0,810.0
2985,DJI,2015,2941.0,828.0
2986,DJI,2016,3084.5424532242337,847.0
2987,DJI,2017,3197.9793568169052,865.267
2988,DJI,2018,3308.116995375578,884.017
2989,DJI,2019,3436.95012252388,898.061625067395
2990,DJI,2020,3426.6960805341964,911.5761065117412
2991,DJI,2021,3541.5712415907765,924.4542483706932
2992,DJI,2022,3623.060244174469,937.241245663537
3013,DMA,1970,1492.0,70.0
3014,DMA,1971,1578.0,71.0
3015,DMA,1972,1674.0,72.0
3016,DMA,1973,1793.0,73.0
3017,DMA,1974,1894.0,73.0
3018,DMA,1975,1940.0,74.0
3019,DMA,1976,2066.0,74.0
3020,DMA,1977,2117.0,74.0
3021,DMA,1978,2365.0,74.0
3022,DMA,1979,1932.0,74.0
3023,DMA,1980,2219.0,74.0
3024,DMA,1981,2499.0,74.0
3025,DMA,1982,2592.0,74.0
3026,DMA,1983,2644.0,74.0
3027,DMA,1984,2802.0,74.0
3028,DMA,1985,2872.0,73.0
3029,DMA,1986,3107.0,72.0
3030,DMA,1987,3370.0,72.0
3031,DMA,1988,3687.0,71.0
3032,DMA,1989,3714.0,71.0
3033,DMA,1990,3939.0,70.0
3034,DMA,1991,4083.995970627622,70.0
3035,DMA,1992,4271.690132860365,70.0
3036,DMA,1993,4339.8169539814435,70.0
3037,DMA,1994,4459.365266500701,71.0
3038,DMA,1995,4606.733655494353,71.0
3039,DMA,1996,4894.841879438699,71.0
3040,DMA,1997,5170.80795096273,70.0
3041,DMA,1998,5462.697093719311,70.0
3042,DMA,1999,5584.023848597831,70.0
3043,DMA,2000,5696.955223607937,71.0
3044,DMA,2001,5799.816229107313,71.0
3045,DMA,2002,5771.374838417473,72.0
3046,DMA,2003,6321.955684692586,72.0
3047,DMA,2004,6602.70000484951,72.0
3048,DMA,2005,6697.5345115596,72.0
3049,DMA,2006,7133.781255069998,72.0
3050,DMA,2007,7698.773584910761,72.0
3051,DMA,2008,8454.062653751644,73.0
3052,DMA,2009,8511.85813036361,73.0
3053,DMA,2010,8768.4774130931,73.0
3054,DMA,2011,8944.0,73.0
3055,DMA,2012,8823.0,73.0
3056,DMA,2013,9145.0,73.0
3057,DMA,2014,9507.0,73.0
3058,DMA,2015,9319.0,74.0
3059,DMA,2016,9567.251383368406,74.0
3060,DMA,2017,8877.881429508374,73.897
3061,DMA,2018,9153.232417678071,74.027
3062,DMA,2019,9575.093023772615,74.65936992220041
3063,DMA,2020,7974.306806519906,75.2520207418494
3064,DMA,2021,8419.473004250714,75.68788563037432
3065,DMA,2022,8879.645784360697,76.02758848114313
3086,DNK,1970,20221.0,4928.757
3087,DNK,1971,20617.0,4963.126
3088,DNK,1972,21579.0,4991.596
3089,DNK,1973,22228.0,5021.861
3090,DNK,1974,21919.0,5045.297
3091,DNK,1975,21712.0,5059.861
3092,DNK,1976,23059.0,5072.596
3093,DNK,1977,23360.0,5088.419
3094,DNK,1978,23632.0,5104.247
3095,DNK,1979,24409.0,5116.8
3096,DNK,1980,24272.0,5123.027
3097,DNK,1981,24063.0,5121.572
3098,DNK,1982,24807.0,5117.81
3099,DNK,1983,25450.0,5114.297
3100,DNK,1984,26581.0,5111.619
3101,DNK,1985,27710.0,5113.691
3102,DNK,1986,28681.0,5120.534
3103,DNK,1987,28728.0,5127.024
3104,DNK,1988,29049.0,5129.516
3105,DNK,1989,29108.0,5132.593
3106,DNK,1990,29412.0,5140.954
3107,DNK,1991,29915.44761677369,5154.96
3108,DNK,1992,30573.57332150537,5171.96
3109,DNK,1993,30649.53798738687,5189.96
3110,DNK,1994,32359.29623614676,5206.97
3111,DNK,1995,33356.14136557561,5230.97
3112,DNK,1996,34325.4425056305,5262.98
3113,DNK,1997,35499.063328550095,5285.98
3114,DNK,1998,36361.22944713951,5303.98
3115,DNK,1999,37523.42416941417,5321.99
3116,DNK,2000,39021.177552135625,5338.99
3117,DNK,2001,39425.86522315358,5357.99
3118,DNK,2002,39709.369288746384,5377.0
3119,DNK,2003,39983.14335353886,5391.0
3120,DNK,2004,41178.562625217965,5404.0
3121,DNK,2005,42264.63025038973,5420.01
3122,DNK,2006,44025.4826886383,5438.01
3123,DNK,2007,44481.46877196547,5461.01
3124,DNK,2008,44246.39868820777,5494.02
3125,DNK,2009,42090.17328831228,5524.03
3126,DNK,2010,42932.39714496129,5548.03
3127,DNK,2011,43575.0,5571.03
3128,DNK,2012,43509.61238198567,5592.04
3129,DNK,2013,43743.60932858168,5614.04
3130,DNK,2014,44215.63376122426,5644.05
3131,DNK,2015,44940.88767348832,5683.05
3132,DNK,2016,46018.98340380225,5730.06
3133,DNK,2017,47022.01152968533,5766.07
3134,DNK,2018,47717.45861212463,5795.08
3135,DNK,2019,48238.65786899667,5818.08
3136,DNK,2020,47171.08707284589,5831.08
3137,DNK,2021,49258.74965876333,5855.09
3138,DNK,2022,50689.67988728573,5907.1
3159,DOM,1970,2488.0,4422.755
3160,DOM,1971,2678.0,4546.974
3161,DOM,1972,2928.0,4671.329
3162,DOM,1973,3196.0,4796.148
3163,DOM,1974,3295.0,4921.761
3164,DOM,1975,3365.0,5048.499
3165,DOM,1976,3504.0,5175.585
3166,DOM,1977,3586.0,5302.8
3167,DOM,1978,3583.0,5431.308
3168,DOM,1979,3649.0,5562.27
3169,DOM,1980,3781.0,5696.855
3170,DOM,1981,3846.0,5831.508
3171,DOM,1982,3826.0,5969.0
3172,DOM,1983,3905.0,6106.0
3173,DOM,1984,3830.0,6242.0
3174,DOM,1985,3653.0,6379.0
3175,DOM,1986,3682.0,6517.0
3176,DOM,1987,3877.0,6657.0
3177,DOM,1988,3821.0,6799.0
3178,DOM,1989,4219.0,6942.0
3179,DOM,1990,3939.0,7083.0
3180,DOM,1991,3969.568673803786,7210.98
3181,DOM,1992,4185.4059382209525,7334.92
3182,DOM,1993,4490.016220777019,7451.17
3183,DOM,1994,4597.150817602258,7565.09
3184,DOM,1995,4851.628765525665,7683.34
3185,DOM,1996,5198.566649164177,7805.77
3186,DOM,1997,5616.889921651133,7928.08
3187,DOM,1998,6012.692550266255,8051.31
3188,DOM,1999,6419.781092878582,8175.45
3189,DOM,2000,6788.0838992463005,8300.57
3190,DOM,2001,6917.030381053836,8426.81
3191,DOM,2002,7327.365957521444,8553.01
3192,DOM,2003,7324.697348047655,8677.89
3193,DOM,2004,7441.447629239874,8801.44
3194,DOM,2005,8156.430953222604,8923.59
3195,DOM,2006,9059.884425319084,9044.31
3196,DOM,2007,9866.45803030943,9163.58
3197,DOM,2008,10225.528842460606,9281.35
3198,DOM,2009,10365.674874801924,9397.51
3199,DOM,2010,11276.46081199416,9511.92
3200,DOM,2011,11679.0,9626.96
3201,DOM,2012,11854.365826170417,9742.24
3202,DOM,2013,12290.1421456646,9854.9
3203,DOM,2014,13011.521729436818,9964.78
3204,DOM,2015,13765.118895315249,10071.71
3205,DOM,2016,14530.099909490284,10176.82
3206,DOM,2017,15053.832397607175,10281.19
3207,DOM,2018,15944.744353560543,10384.55
3208,DOM,2019,16587.236485078345,10486.62
3209,DOM,2020,15325.654565559918,10587.15
3210,DOM,2021,17046.64602563451,10686.38
3211,DOM,2022,17713.520299462227,10793.02
3232,DZA,1970,3585.0,13931.846
3233,DZA,1971,3188.0,14335.388
3234,DZA,1972,3746.0,14760.787
3235,DZA,1973,3757.0,15197.724
3236,DZA,1974,3870.0,15653.2
3237,DZA,1975,4020.0,16140.252
3238,DZA,1976,4157.0,16634.618
3239,DZA,1977,4398.0,17152.804
3240,DZA,1978,4812.0,17685.768
3241,DZA,1979,5088.0,18229.932
3242,DZA,1980,5024.0,18806.061
3243,DZA,1981,4991.0,19407.036
3244,DZA,1982,5145.0,20033.753
3245,DZA,1983,5243.0,20680.982
3246,DZA,1984,5361.0,21340.546
3247,DZA,1985,5469.0,22008.45
3248,DZA,1986,5262.0,22642.538
3249,DZA,1987,5088.0,23254.956
3250,DZA,1988,4850.0,23880.766
3251,DZA,1989,4889.0,24496.305
3252,DZA,1990,4697.0,25089.032
3253,DZA,1991,4708.231913419727,25722.0
3254,DZA,1992,4850.223330744767,26386.97
3255,DZA,1993,4816.923590117468,27045.43
3256,DZA,1994,4856.985389312913,27646.75
3257,DZA,1995,5142.3840043761675,28207.67
3258,DZA,1996,5451.634442085514,28721.5
3259,DZA,1997,5638.480167133529,29200.15
3260,DZA,1998,6069.777316724308,29649.01
3261,DZA,1999,6421.508468348999,30083.24
3262,DZA,2000,6834.553879767644,30514.67
3263,DZA,2001,7218.24576822021,30952.16
3264,DZA,2002,7814.838160308776,31396.8
3265,DZA,2003,8590.177526274332,31846.68
3266,DZA,2004,9182.294183891245,32320.2
3267,DZA,2005,9969.62260937367,32785.04
3268,DZA,2006,10385.77910832959,33286.41
3269,DZA,2007,10974.742286661309,33865.51
3270,DZA,2008,11475.002405825062,34480.04
3271,DZA,2009,11907.021496636984,35126.14
3272,DZA,2010,12587.744251355978,35805.13
3273,DZA,2011,13204.0,36506.26
3274,DZA,2012,13392.944701940112,37214.94
3275,DZA,2013,13508.26444943762,37930.36
3276,DZA,2014,13760.38379007982,38650.34
3277,DZA,2015,14007.893506456534,39372.21
3278,DZA,2016,14198.272761200373,40087.3
3279,DZA,2017,14149.914954507996,40787.44
3280,DZA,2018,14083.772737051351,41470.74
3281,DZA,2019,14000.27914797286,42135.24
3282,DZA,2020,13086.292801166825,42779.11
3283,DZA,2021,13337.261833898425,43401.25
3284,DZA,2022,13506.44438931578,44113.76
3305,ECU,1970,4535.0,5939.246
3306,ECU,1971,4658.0,6116.773
3307,ECU,1972,4801.0,6298.651
3308,ECU,1973,5244.0,6485.013
3309,ECU,1974,5392.0,6675.986
3310,ECU,1975,5514.0,6871.698
3311,ECU,1976,5877.0,7072.687
3312,ECU,1977,6073.0,7278.866
3313,ECU,1978,6314.0,7489.432
3314,ECU,1979,6472.0,7703.577
3315,ECU,1980,6582.0,7920.499
3316,ECU,1981,6664.0,8141.078
3317,ECU,1982,6558.0,8365.85
3318,ECU,1983,6252.0,8593.494
3319,ECU,1984,6336.0,8825.829
3320,ECU,1985,6433.0,9061.664
3321,ECU,1986,6452.0,9301.083
3322,ECU,1987,5893.0,9545.158
3323,ECU,1988,6357.0,9794.122
3324,ECU,1989,6207.0,10048.223
3325,ECU,1990,6221.0,10318.036
3326,ECU,1991,6513.33684307474,10429.92
3327,ECU,1992,6715.474338995894,10553.81
3328,ECU,1993,6770.178561599522,10753.68
3329,ECU,1994,6940.090264709554,11012.55
3330,ECU,1995,6985.15549349466,11265.61
3331,ECU,1996,6993.643845856553,11526.48
3332,ECU,1997,7181.100892942844,11792.47
3333,ECU,1998,7307.1694453508735,12050.63
3334,ECU,1999,6884.79262151431,12268.31
3335,ECU,2000,6908.242975560693,12445.84
3336,ECU,2001,7131.193975132238,12629.12
3337,ECU,2002,7359.707232942879,12827.21
3338,ECU,2003,7468.503537609323,13073.91
3339,ECU,2004,7958.920703386422,13367.8
3340,ECU,2005,8256.7776955984,13661.29
3341,ECU,2006,8521.55980047244,13915.49
3342,ECU,2007,8633.584399572856,14132.75
3343,ECU,2008,9103.871687452474,14351.56
3344,ECU,2009,9081.370487059394,14569.42
3345,ECU,2010,9327.21276477354,14786.12
3346,ECU,2011,9985.0,15002.03
3347,ECU,2012,10398.947800827204,15217.57
3348,ECU,2013,10761.350509926448,15432.56
3349,ECU,2014,11016.16064670058,15646.81
3350,ECU,2015,10878.765277324404,15860.11
3351,ECU,2016,10603.805877018236,16071.88
3352,ECU,2017,10715.150129738133,16281.5
3353,ECU,2018,10716.90381207436,16488.67
3354,ECU,2019,10586.936861661216,16693.09
3355,ECU,2020,9646.065160433587,16894.46
3356,ECU,2021,9937.6964730908,17093.16
3357,ECU,2022,10124.076562210608,17288.38
3378,EGY,1970,1999.0,33574.026
3379,EGY,1971,2045.0,34183.988
3380,EGY,1972,2047.0,34807.417
3381,EGY,1973,2063.0,35480.414
3382,EGY,1974,2099.0,36216.313
3383,EGY,1975,2265.0,36952.499
3384,EGY,1976,2560.0,37736.99
3385,EGY,1977,2817.0,38783.863
3386,EGY,1978,2939.0,40020.461
3387,EGY,1979,3076.0,41257.718
3388,EGY,1980,3298.0,42634.215
3389,EGY,1981,3309.0,44196.104
3390,EGY,1982,3543.0,45681.811
3391,EGY,1983,3701.0,47093.025
3392,EGY,1984,3810.0,48550.155
3393,EGY,1985,3939.0,50052.381
3394,EGY,1986,3921.0,51593.433
3395,EGY,1987,3929.0,52793.544
3396,EGY,1988,4001.0,54015.071
3397,EGY,1989,4030.0,55251.811
3398,EGY,1990,4022.0,56683.22
3399,EGY,1991,4180.132604072728,57731.02
3400,EGY,1992,4338.953753212038,58583.49
3401,EGY,1993,4542.632472525336,59433.58
3402,EGY,1994,4746.588238758654,60299.27
3403,EGY,1995,5001.066691482316,61182.79
3404,EGY,1996,5293.100503977333,62093.83
3405,EGY,1997,5594.597152884716,63365.29
3406,EGY,1998,5884.8017830892995,64666.82
3407,EGY,1999,6211.015802157991,66001.39
3408,EGY,2000,6593.531793090701,67376.68
3409,EGY,2001,6914.9367688433,68790.07
3410,EGY,2002,7142.686391865963,70269.4
3411,EGY,2003,7365.802725390693,71784.5
3412,EGY,2004,7661.859858686246,73297.86
3413,EGY,2005,8021.883480428561,74832.48
3414,EGY,2006,8509.614357973966,76431.65
3415,EGY,2007,9130.597908654292,78139.72
3416,EGY,2008,9698.01663832814,79944.56
3417,EGY,2009,10159.002193951934,81840.23
3418,EGY,2010,10719.291292162376,83844.3
3419,EGY,2011,10737.0,85969.34
3420,EGY,2012,10774.529912485224,88197.56
3421,EGY,2013,10871.144909874583,90566.05
3422,EGY,2014,11135.727124261874,93008.91
3423,EGY,2015,11312.847990951546,95432.34
3424,EGY,2016,11458.447735785956,97882.25
3425,EGY,2017,11545.593430310772,100303.24
3426,EGY,2018,11895.311918349673,102617.05
3427,EGY,2019,12300.201070600771,104815.64
3428,EGY,2020,12234.503481702748,106892.62
3429,EGY,2021,12868.26141909637,108871.4
3430,EGY,2022,13205.40639831306,110593.14
3451,ESP,1970,9502.939890629284,33876.479
3452,ESP,1971,9885.877304701884,34195.056
3453,ESP,1972,10787.692665989698,34513.161
3454,ESP,1973,11629.701737238698,34836.716
3455,ESP,1974,12379.949716151496,35184.287
3456,ESP,1975,12613.324117916534,35563.535
3457,ESP,1976,13044.985993676575,35996.78
3458,ESP,1977,13335.21213888847,36439.0
3459,ESP,1978,13568.676117616167,36861.034
3460,ESP,1979,13678.09341878673,37200.014
3461,ESP,1980,14005.934595454468,37488.36
3462,ESP,1981,13895.314484184271,37750.8
3463,ESP,1982,14046.104162293825,37983.31
3464,ESP,1983,14240.944745992354,38184.166
3465,ESP,1984,14313.326648327433,38362.861
3466,ESP,1985,14696.9656773837,38534.853
3467,ESP,1986,15242.980691686094,38707.556
3468,ESP,1987,16273.085083913356,38880.702
3469,ESP,1988,17275.507552334802,39053.881
3470,ESP,1989,18360.35066269011,39214.523
3471,ESP,1990,19214.999999999996,39350.769
3472,ESP,1991,19958.05964269484,39420.56
3473,ESP,1992,20329.167740836685,39512.73
3474,ESP,1993,20056.539615511396,39599.12
3475,ESP,1994,20673.9544155358,39670.12
3476,ESP,1995,21522.096788725685,39727.55
3477,ESP,1996,22185.06675997645,39892.94
3478,ESP,1997,23113.615070459808,40058.7
3479,ESP,1998,24284.861317461928,40222.83
3480,ESP,1999,25549.53964290926,40378.47
3481,ESP,2000,26994.86012029174,40563.23
3482,ESP,2001,28153.55361296604,40774.93
3483,ESP,2002,28753.322752068387,41432.55
3484,ESP,2003,29371.86492785975,42205.42
3485,ESP,2004,30088.09263524994,42868.51
3486,ESP,2005,30885.602039559926,43672.12
3487,ESP,2006,31907.423509758653,44370.19
3488,ESP,2007,32735.433097933867,45245.87
3489,ESP,2008,32844.326112024,45993.19
3490,ESP,2009,31669.69062082153,46377.65
3491,ESP,2010,31786.404048037,46572.63
3492,ESP,2011,31600.0,46746.44
3493,ESP,2012,30645.215366245026,46776.59
3494,ESP,2013,30327.451849054178,46603.39
3495,ESP,2014,30842.182876356037,46465.24
3496,ESP,2015,32057.098255641897,46420.26
3497,ESP,2016,33002.67434707953,46459.99
3498,ESP,2017,33924.13541909865,46543.01
3499,ESP,2018,34553.62592797743,46738.99
3500,ESP,2019,34957.465528221546,47115.62
3501,ESP,2020,30834.51319742432,47366.01
3502,ESP,2021,32553.051028163532,47341.86
3503,ESP,2022,34123.386709528146,47625.4
3524,EST,1970,,1363.183
3525,EST,1971,,1381.459
3526,EST,1972,,1397.391
3527,EST,1973,13799.0,1410.836
3528,EST,1974,,1422.291
3529,EST,1975,,1432.246
3530,EST,1976,,1442.204
3531,EST,1977,,1453.168
3532,EST,1978,,1463.533
3533,EST,1979,,1472.244
3534,EST,1980,15044.0,1482.196
3535,EST,1981,15478.0,1493.318
3536,EST,1982,15927.0,1504.043
3537,EST,1983,16361.0,1514.671
3538,EST,1984,16660.0,1526.128
3539,EST,1985,16541.0,1538.224
3540,EST,1986,16866.0,1550.072
3541,EST,1987,16898.0,1562.224
3542,EST,1988,17661.0,1569.187
3543,EST,1989,18779.0,1570.926
3544,EST,1990,17247.0,1569.322
3545,EST,1991,15350.6348703369,1559.55
3546,EST,1992,13214.387635358004,1528.72
3547,EST,1993,12207.18423909829,1491.43
3548,EST,1994,12070.060563027124,1467.54
3549,EST,1995,12881.278503808462,1446.51
3550,EST,1996,13547.660907137322,1423.63
3551,EST,1997,15074.7754666063,1404.46
3552,EST,1998,15593.0050531936,1391.57
3553,EST,1999,15335.106288821027,1377.68
3554,EST,2000,16806.974619718145,1399.76
3555,EST,2001,17696.610116415002,1391.17
3556,EST,2002,18589.149478156774,1381.98
3557,EST,2003,19771.742979817005,1373.69
3558,EST,2004,20803.75759258693,1364.8
3559,EST,2005,22518.54124166039,1357.41
3560,EST,2006,24578.81620039129,1349.22
3561,EST,2007,26177.871675225328,1341.42
3562,EST,2008,24429.022210386796,1336.93
3563,EST,2009,20538.04809037838,1334.23
3564,EST,2010,20713.425563726647,1331.84
3565,EST,2011,21997.0,1328.24
3566,EST,2012,22784.30001021475,1323.74
3567,EST,2013,23204.110748860647,1318.75
3568,EST,2014,23982.82757600065,1314.35
3569,EST,2015,24473.65989948074,1311.86
3570,EST,2016,25196.153773217105,1314.45
3571,EST,2017,26661.62675119852,1314.15
3572,EST,2018,27596.41037351653,1317.68
3573,EST,2019,28505.604119981013,1323.36
3574,EST,2020,28261.582572042505,1327.43
3575,EST,2021,30499.15705657188,1328.61
3576,EST,2022,30067.39540974229,1330.34
3597,ETH,1970,948.0,30204.361509643793
3598,ETH,1971,968.0,30852.811089381514
3599,ETH,1972,995.0,31542.82716631561
3600,ETH,1973,1004.0,32264.25566217997
3601,ETH,1974,993.0,33022.36126553671
3602,ETH,1975,972.0,33802.59040234508
3603,ETH,1976,974.0,34659.3117491709
3604,ETH,1977,977.0,35458.04608005814
3605,ETH,1978,952.0,36053.80102622829
3606,ETH,1979,999.0,36499.55484405009
3607,ETH,1980,1033.0,36866.37844171494
3608,ETH,1981,1009.0,38541.53969687756
3609,ETH,1982,980.0,40289.70278718106
3610,ETH,1983,999.0,41502.41849744452
3611,ETH,1984,956.0,42507.413451920525
3612,ETH,1985,880.0,43134.17400451822
3613,ETH,1986,920.0,43916.858340726765
3614,ETH,1987,980.0,45099.104176520494
3615,ETH,1988,969.0,46482.374596108646
3616,ETH,1989,956.0,47870.384476849315
3617,ETH,1990,915.0,49214.12055183682
3618,ETH,1991,810.7901023841508,51120.28
3619,ETH,1992,708.3693502681477,52875.46
3620,ETH,1993,699.227263435479,54165.91
3621,ETH,1994,731.7509294010663,55636.21
3622,ETH,1995,744.1417588870834,57288.95
3623,ETH,1996,782.9941471639609,58915.21
3624,ETH,1997,815.1454566534962,60449.43
3625,ETH,1998,786.2790024837228,61980.65
3626,ETH,1999,761.9032748433058,63575.38
3627,ETH,2000,771.7314860703663,65213.05
3628,ETH,2001,783.8963906541608,66889.11
3629,ETH,2002,793.9148975989551,68649.4
3630,ETH,2003,764.5282753360359,70490.58
3631,ETH,2004,771.4651960833974,72388.73
3632,ETH,2005,829.2431992891461,74326.54
3633,ETH,2006,880.6544436234008,76326.33
3634,ETH,2007,936.3743524245542,78410.72
3635,ETH,2008,989.9803876030172,80563.72
3636,ETH,2009,1043.531853284843,82787.15
3637,ETH,2010,1106.383085139077,85095.87
3638,ETH,2011,1199.0,87530.13
3639,ETH,2012,1291.776901119979,90066.04
3640,ETH,2013,1385.157912455982,92632.26
3641,ETH,2014,1488.9333469822898,95337.07
3642,ETH,2015,1601.2637835740684,98114.47
3643,ETH,2016,1722.3091963076836,100858.15
3644,ETH,2017,1840.3696721833744,103653.99
3645,ETH,2018,1936.8275667246005,106465.63
3646,ETH,2019,2030.6775319000071,109266.63
3647,ETH,2020,2121.8590445605028,112099.9
3648,ETH,2021,2190.675179037729,114964.46
3649,ETH,2022,2289.40903790425,117924.42
3670,FIN,1970,15266.0,4606.307
3671,FIN,1971,15565.0,4612.124
3672,FIN,1972,16654.0,4639.657
3673,FIN,1973,17669.0,4666.081
3674,FIN,1974,18109.0,4690.574
3675,FIN,1975,18237.0,4711.439
3676,FIN,1976,18104.0,4725.664
3677,FIN,1977,18100.0,4738.902
3678,FIN,1978,18425.0,4752.528
3679,FIN,1979,19657.0,4764.69
3680,FIN,1980,20640.0,4779.535
3681,FIN,1981,20935.0,4799.964
3682,FIN,1982,21495.0,4826.933
3683,FIN,1983,21944.0,4855.787
3684,FIN,1984,22486.0,4881.788
3685,FIN,1985,23148.0,4901.783
3686,FIN,1986,23621.0,4917.386
3687,FIN,1987,24519.0,4931.729
3688,FIN,1988,25644.0,4946.633
3689,FIN,1989,27012.0,4962.441
3690,FIN,1990,26884.0,4986.431
3691,FIN,1991,25174.89903403125,5013.73
3692,FIN,1992,24219.760625310748,5042.03
3693,FIN,1993,23943.74494354966,5066.43
3694,FIN,1994,24797.65941273949,5088.33
3695,FIN,1995,25761.624219563422,5107.83
3696,FIN,1996,26637.265654373976,5124.63
3697,FIN,1997,28239.874533728987,5139.83
3698,FIN,1998,29715.34143018029,5153.53
3699,FIN,1999,30986.88831647531,5165.53
3700,FIN,2000,32689.768891566226,5176.23
3701,FIN,2001,33481.67865983225,5188.03
3702,FIN,2002,33986.554080491376,5200.63
3703,FIN,2003,34607.219326032944,5213.03
3704,FIN,2004,35888.61319340034,5228.23
3705,FIN,2005,36787.25740946176,5246.13
3706,FIN,2006,38160.70259066114,5266.33
3707,FIN,2007,39998.52538605329,5288.73
3708,FIN,2008,40129.653338281205,5313.43
3709,FIN,2009,36662.61331080379,5338.93
3710,FIN,2010,37615.11338414859,5363.43
3711,FIN,2011,38432.0,5388.33
3712,FIN,2012,37715.01099099154,5414.03
3713,FIN,2013,37203.14501381203,5439.03
3714,FIN,2014,36907.92240943773,5462.53
3715,FIN,2015,36986.69846443775,5480.53
3716,FIN,2016,37924.151065413025,5495.33
3717,FIN,2017,39043.19293181558,5508.23
3718,FIN,2018,39430.90682442678,5516.23
3719,FIN,2019,39874.802181849154,5521.63
3720,FIN,2020,38871.701847820725,5530.73
3721,FIN,2021,39977.85488818355,5541.53
3722,FIN,2022,40701.466002620546,5556.43
3743,FRA,1970,18187.0,51918.0
3744,FRA,1971,18881.0,52432.0
3745,FRA,1972,19549.0,52894.0
3746,FRA,1973,20441.0,53333.0
3747,FRA,1974,20902.0,53690.0
3748,FRA,1975,20653.0,53955.0
3749,FRA,1976,21465.0,54159.0
3750,FRA,1977,22177.0,54378.0
3751,FRA,1978,22698.0,54602.0
3752,FRA,1979,23326.0,54836.0
3753,FRA,1980,23537.0,55110.0
3754,FRA,1981,23655.0,55399.0
3755,FRA,1982,24120.0,55697.0
3756,FRA,1983,24300.0,55929.0
3757,FRA,1984,24519.0,56246.0
3758,FRA,1985,24755.0,56490.0
3759,FRA,1986,25238.0,56725.0
3760,FRA,1987,25756.0,56989.0
3761,FRA,1988,26763.0,57255.0
3762,FRA,1989,27576.0,57821.0
3763,FRA,1990,28129.0,58168.0
3764,FRA,1991,28294.26379228097,58459.56
3765,FRA,1992,28619.804052963773,58750.12
3766,FRA,1993,28336.160318360813,59005.73
3767,FRA,1994,28907.977358135435,59225.4
3768,FRA,1995,29418.864086617075,59440.08
3769,FRA,1996,29736.64477865526,59651.76
3770,FRA,1997,30341.805869105512,59864.43
3771,FRA,1998,31323.077638975665,60085.1
3772,FRA,1999,32284.61162213565,60395.63
3773,FRA,2000,33409.68148293087,60811.0
3774,FRA,2001,33920.097406561574,61255.33
3775,FRA,2002,34152.77445600494,61702.65
3776,FRA,2003,34292.030131448904,62140.99
3777,FRA,2004,35093.824134976705,62600.29
3778,FRA,2005,35495.46472917733,63072.58
3779,FRA,2006,36166.15968100972,63512.91
3780,FRA,2007,36845.68508689428,63906.32
3781,FRA,2008,36761.792064608555,64263.78
3782,FRA,2009,35534.92715160096,64594.28
3783,FRA,2010,36086.726618151486,64912.8
3784,FRA,2011,36691.0,65231.31
3785,FRA,2012,36625.926898328944,65551.83
3786,FRA,2013,36647.2178013021,65891.32
3787,FRA,2014,36818.53947084249,66211.83
3788,FRA,2015,37077.88969561081,66480.42
3789,FRA,2016,37343.840237178665,66730.05
3790,FRA,2017,38037.33518797257,67014.62
3791,FRA,2018,38555.46543208852,67347.11
3792,FRA,2019,39084.65542048323,67659.64
3793,FRA,2020,35913.81936941929,67901.27
3794,FRA,2021,38242.13474775759,68113.95
3795,FRA,2022,39065.70958246763,68386.54
3816,GAB,1970,5587.0,514.579
3817,GAB,1971,6027.0,525.93
3818,GAB,1972,6559.0,538.009
3819,GAB,1973,6935.0,560.658
3820,GAB,1974,9083.0,597.135
3821,GAB,1975,9985.0,647.436
3822,GAB,1976,12747.0,687.762
3823,GAB,1977,10849.0,706.489
3824,GAB,1978,8013.0,726.421
3825,GAB,1979,8091.0,722.911
3826,GAB,1980,8402.0,713.827
3827,GAB,1981,8625.0,730.836
3828,GAB,1982,8099.0,754.241
3829,GAB,1983,8281.0,779.018
3830,GAB,1984,8612.0,805.26
3831,GAB,1985,8131.0,833.036
3832,GAB,1986,7818.0,859.448
3833,GAB,1987,6320.0,880.916
3834,GAB,1988,6982.0,899.743
3835,GAB,1989,7422.0,918.835
3836,GAB,1990,7646.0,938.084
3837,GAB,1991,8296.57394557838,961.2
3838,GAB,1992,8194.49945140058,969.7
3839,GAB,1993,8551.058722616317,1015.63
3840,GAB,1994,9192.562985022798,1031.9
3841,GAB,1995,9833.989038864813,1041.38
3842,GAB,1996,10389.209794751405,1060.98
3843,GAB,1997,11202.838782070135,1085.8
3844,GAB,1998,11758.160121036552,1110.9
3845,GAB,1999,10648.08948927691,1142.99
3846,GAB,2000,10637.7997208308,1178.63
3847,GAB,2001,11104.553042695374,1207.44
3848,GAB,2002,11141.462673616905,1233.76
3849,GAB,2003,11665.83226434033,1261.56
3850,GAB,2004,12022.507183126563,1297.37
3851,GAB,2005,12437.959684036836,1339.63
3852,GAB,2006,12342.77933006674,1384.12
3853,GAB,2007,13455.612483816918,1433.97
3854,GAB,2008,13330.254768915607,1486.93
3855,GAB,2009,13617.896101733826,1542.22
3856,GAB,2010,14926.69964035508,1600.18
3857,GAB,2011,16403.0,1656.15
3858,GAB,2012,16682.30789929275,1713.93
3859,GAB,2013,16964.44609774818,1778.41
3860,GAB,2014,17098.142681877256,1842.76
3861,GAB,2015,17179.999279600695,1905.12
3862,GAB,2016,16995.237847239205,1966.1
3863,GAB,2017,16576.176036350756,2025.34
3864,GAB,2018,16253.897340665051,2082.91
3865,GAB,2019,16449.71435497889,2138.69
3866,GAB,2020,15745.748639609885,2192.66
3867,GAB,2021,15597.771065444129,2246.31
3868,GAB,2022,15720.901058150084,2292.19
3889,GBR,1970,17162.0,55632.0
3890,GBR,1971,17440.0,55907.0
3891,GBR,1972,18002.0,56079.0
3892,GBR,1973,19168.0,56210.0
3893,GBR,1974,18903.0,56224.0
3894,GBR,1975,18884.0,56215.0
3895,GBR,1976,19311.0,56206.0
3896,GBR,1977,19740.0,56179.0
3897,GBR,1978,20448.0,56167.0
3898,GBR,1979,20988.0,56228.0
3899,GBR,1980,20612.0,56314.0
3900,GBR,1981,20319.0,56382.597
3901,GBR,1982,20650.0,56339.704
3902,GBR,1983,21366.0,56382.623
3903,GBR,1984,21869.0,56462.228
3904,GBR,1985,22579.0,56620.24
3905,GBR,1986,23498.0,56796.26
3906,GBR,1987,24536.0,56981.62
3907,GBR,1988,25679.0,57159.603
3908,GBR,1989,26164.0,57324.472
3909,GBR,1990,26189.0,57493.307
3910,GBR,1991,25792.01277910844,57695.2
3911,GBR,1992,25790.184687995672,57841.85
3912,GBR,1993,26349.341965887485,57971.43
3913,GBR,1994,27277.54276102584,58120.09
3914,GBR,1995,27861.21578257752,58283.82
3915,GBR,1996,28472.248239067303,58423.44
3916,GBR,1997,29259.763819527383,58574.11
3917,GBR,1998,30077.38451998016,58735.82
3918,GBR,1999,30932.53623756816,58945.76
3919,GBR,2000,31946.036339441373,59148.66
3920,GBR,2001,32660.441370022447,59376.67
3921,GBR,2002,33271.302547788306,59630.8
3922,GBR,2003,34232.42666000616,59903.01
3923,GBR,2004,34865.78267808615,60217.4
3924,GBR,2005,35623.6255859275,60682.47
3925,GBR,2006,36214.06879467632,61098.32
3926,GBR,2007,36816.677075128326,61592.51
3927,GBR,2008,36264.790557788256,62099.76
3928,GBR,2009,34402.357978781125,62538.71
3929,GBR,2010,34754.472260543975,63039.94
3930,GBR,2011,34971.0,63567.28
3931,GBR,2012,35243.64214254814,63989.15
3932,GBR,2013,35660.55716703867,64391.94
3933,GBR,2014,36521.86116460704,64885.13
3934,GBR,2015,37101.22493847404,65400.42
3935,GBR,2016,37593.90658353903,65940.82
3936,GBR,2017,38283.93671698943,66334.57
3937,GBR,2018,38704.602674613714,66732.33
3938,GBR,2019,39113.01173266413,67094.94
3939,GBR,2020,34651.183049111096,67380.21
3940,GBR,2021,37134.328380219384,67651.42
3941,GBR,2022,38406.53194877707,68093.38
3962,GEO,1970,,4694.491
3963,GEO,1971,,4741.628
3964,GEO,1972,,4786.475
3965,GEO,1973,9456.0,4825.85
3966,GEO,1974,,4865.233
3967,GEO,1975,,4897.656
3968,GEO,1976,,4930.036
3969,GEO,1977,,4963.464
3970,GEO,1978,,4991.045
3971,GEO,1979,,5018.606
3972,GEO,1980,10519.0,5045.697
3973,GEO,1981,11053.0,5073.148
3974,GEO,1982,11611.0,5101.213
3975,GEO,1983,12234.0,5130.925
3976,GEO,1984,13128.0,5161.724
3977,GEO,1985,13868.0,5192.957
3978,GEO,1986,13839.0,5218.973
3979,GEO,1987,13707.0,5239.97
3980,GEO,1988,14665.0,5320.248
3981,GEO,1989,14161.0,5398.106
3982,GEO,1990,12140.0,5426.207
3983,GEO,1991,9535.050580849726,5425.5
3984,GEO,1992,5286.924817015394,5366.29
3985,GEO,1993,3792.617678132747,5263.78
3986,GEO,1994,3463.476082884932,5141.15
3987,GEO,1995,3610.840758213279,5036.81
3988,GEO,1996,4030.884662956275,4961.31
3989,GEO,1997,4480.8978596311945,4912.17
3990,GEO,1998,4619.90479030964,4878.19
3991,GEO,1999,4763.350556595302,4847.71
3992,GEO,2000,4891.664053707681,4814.41
3993,GEO,2001,5125.127370325453,4788.88
3994,GEO,2002,5406.953326799791,4770.54
3995,GEO,2003,6013.009152625263,4746.33
3996,GEO,2004,6342.7081698624315,4738.53
3997,GEO,2005,6849.7890467790885,4785.64
3998,GEO,2006,7398.052642396951,4826.38
3999,GEO,2007,8300.143880428972,4820.03
4000,GEO,2008,8461.91734250787,4819.39
4001,GEO,2009,8062.083786226312,4851.46
4002,GEO,2010,8443.4360888918,4898.46
4003,GEO,2011,8946.0,4933.83
4004,GEO,2012,9497.121233192604,4945.75
4005,GEO,2013,9856.67887601039,4937.65
4006,GEO,2014,10307.60308643207,4931.38
4007,GEO,2015,10629.593978290002,4926.75
4008,GEO,2016,10945.465518138995,4923.61
4009,GEO,2017,11479.42531534166,4921.95
4010,GEO,2018,12035.715188215598,4921.81
4011,GEO,2019,12631.663683427929,4923.24
4012,GEO,2020,11770.782278923916,4926.16
4013,GEO,2021,12994.772421799053,4929.17
4014,GEO,2022,14360.35973277849,4911.34
4035,GHA,1970,2270.0,8788.945
4036,GHA,1971,2377.0,9065.186
4037,GHA,1972,2235.0,9353.659
4038,GHA,1973,2227.0,9649.467
4039,GHA,1974,2319.0,9904.862
4040,GHA,1975,1988.0,10117.862
4041,GHA,1976,1878.0,10332.93
4042,GHA,1977,1882.0,10538.035
4043,GHA,1978,2008.0,10720.781
4044,GHA,1979,1929.0,10878.796
4045,GHA,1980,1844.0,11016.641
4046,GHA,1981,1820.0,11177.979
4047,GHA,1982,1661.0,11402.289
4048,GHA,1983,1487.0,12152.304
4049,GHA,1984,1530.0,12832.613
4050,GHA,1985,1559.0,13228.425
4051,GHA,1986,1575.0,13781.213
4052,GHA,1987,1605.0,14174.699
4053,GHA,1988,1648.0,14576.594
4054,GHA,1989,1685.0,14987.051
4055,GHA,1990,1693.0,15413.8
4056,GHA,1991,1742.627555797661,15833.22
4057,GHA,1992,1771.6003862853463,16255.8
4058,GHA,1993,1791.112655265993,16751.31
4059,GHA,1994,1813.6117444642,17230.73
4060,GHA,1995,1856.5727820195764,17625.68
4061,GHA,1996,1907.9348395859256,18019.73
4062,GHA,1997,1964.9124281809677,18432.09
4063,GHA,1998,2017.989552947675,18872.79
4064,GHA,1999,2066.7412019192193,19327.32
4065,GHA,2000,2100.293070545185,19792.18
4066,GHA,2001,2143.1062392256526,20280.24
4067,GHA,2002,2192.020266142103,20805.64
4068,GHA,2003,2256.8172967289725,21349.9
4069,GHA,2004,2329.515674312796,21899.81
4070,GHA,2005,2411.287649073024,22468.54
4071,GHA,2006,2503.957697065865,23057.77
4072,GHA,2007,2553.1658623989833,23660.57
4073,GHA,2008,2725.7884260838214,24270.4
4074,GHA,2009,2793.8709448780382,24899.08
4075,GHA,2010,2946.039343235952,25558.59
4076,GHA,2011,3283.0,26244.37
4077,GHA,2012,3467.104258740002,26945.21
4078,GHA,2013,3621.6009278249753,27663.86
4079,GHA,2014,3627.8382692928258,28405.02
4080,GHA,2015,3610.645967199496,29145.61
4081,GHA,2016,3640.7790248286738,29879.33
4082,GHA,2017,3841.879560638968,30617.07
4083,GHA,2018,3983.121633590813,31362.33
4084,GHA,2019,4143.3772788327215,32111.43
4085,GHA,2020,4069.2519024115472,32864.43
4086,GHA,2021,4190.578296752464,33622.19
4087,GHA,2022,4242.41066928283,34280.48
4108,GIN,1970,795.0,3597.353
4109,GIN,1971,822.0,3662.129
4110,GIN,1972,826.0,3728.194
4111,GIN,1973,821.0,3795.61
4112,GIN,1974,848.0,3864.444
4113,GIN,1975,854.0,3934.764
4114,GIN,1976,905.0,4006.591
4115,GIN,1977,858.0,4079.95
4116,GIN,1978,897.0,4154.89
4117,GIN,1979,869.0,4231.47
4118,GIN,1980,872.0,4309.756
4119,GIN,1981,859.0,4389.818
4120,GIN,1982,858.0,4471.714
4121,GIN,1983,850.0,4555.484
4122,GIN,1984,824.0,4760.634
4123,GIN,1985,821.0,5015.682
4124,GIN,1986,819.0,5164.494
4125,GIN,1987,826.0,5279.172
4126,GIN,1988,856.0,5397.044
4127,GIN,1989,869.0,5518.192
4128,GIN,1990,861.0,5806.512
4129,GIN,1991,827.006899123684,6215.029
4130,GIN,1992,833.2267623324658,6435.916
4131,GIN,1993,862.7312853610053,6601.538
4132,GIN,1994,882.4944267995689,6796.459
4133,GIN,1995,906.2643896713406,7008.664
4134,GIN,1996,927.12947969862,7236.079
4135,GIN,1997,976.4966259571524,7295.772
4136,GIN,1998,1010.791902631536,7387.802
4137,GIN,1999,1031.382545338989,7610.461
4138,GIN,2000,1046.567062726806,7780.073
4139,GIN,2001,1090.6519969179155,7821.148
4140,GIN,2002,1148.5446784790645,7905.703
4141,GIN,2003,1146.3352913076974,8120.753
4142,GIN,2004,1159.8250346752704,8316.554
4143,GIN,2005,1186.6047934322464,8477.819
4144,GIN,2006,1188.484575919068,8649.52
4145,GIN,2007,1253.4077187176183,8860.38
4146,GIN,2008,1290.4037004352026,9090.759
4147,GIN,2009,1255.2418552976146,9327.011
4148,GIN,2010,1291.69622840926,9570.543
4149,GIN,2011,1347.0,9824.572
4150,GIN,2012,1397.0,10083.976
4151,GIN,2013,1421.0,10351.174
4152,GIN,2014,1399.0,10631.955
4153,GIN,2015,1364.0,10924.395
4154,GIN,2016,1472.9530188948288,11224.776
4155,GIN,2017,1583.5482417882856,11534.306
4156,GIN,2018,1642.1047920266644,11855.411
4157,GIN,2019,1690.8837251385637,12160.1092224917
4158,GIN,2020,1726.50825466548,12469.471284824993
4159,GIN,2021,1769.8623247193907,12778.020314944552
4160,GIN,2022,1809.2665668339273,13087.213349674756
4181,GMB,1970,1422.0,485.0
4182,GMB,1971,1376.0,501.0
4183,GMB,1972,1334.0,517.0
4184,GMB,1973,1411.0,534.0
4185,GMB,1974,1452.0,550.0
4186,GMB,1975,1497.0,566.0
4187,GMB,1976,1436.0,582.0
4188,GMB,1977,1417.0,599.0
4189,GMB,1978,1446.0,616.0
4190,GMB,1979,1360.0,634.0
4191,GMB,1980,1325.0,652.0
4192,GMB,1981,1521.0,671.0
4193,GMB,1982,1581.0,691.0
4194,GMB,1983,1482.0,711.0
4195,GMB,1984,1462.0,741.0
4196,GMB,1985,1451.0,773.0
4197,GMB,1986,1422.0,805.0
4198,GMB,1987,1406.0,839.0
4199,GMB,1988,1417.0,875.0
4200,GMB,1989,1407.0,912.0
4201,GMB,1990,1400.0,951.0
4202,GMB,1991,1390.7049751233394,991.0
4203,GMB,1992,1391.4054544916785,1034.0
4204,GMB,1993,1385.590811150798,1077.0
4205,GMB,1994,1345.0349874728968,1120.0
4206,GMB,1995,1317.242495730154,1161.0
4207,GMB,1996,1336.8473241266922,1202.0
4208,GMB,1997,1308.4866719431436,1242.0
4209,GMB,1998,1324.9244963565134,1282.0
4210,GMB,1999,1385.6317768709796,1320.0
4211,GMB,2000,1440.8619216741895,1357.0
4212,GMB,2001,1495.0918361570011,1393.0
4213,GMB,2002,1473.400674350363,1431.0
4214,GMB,2003,1478.9562284600831,1469.0
4215,GMB,2004,1585.7992199155708,1508.0
4216,GMB,2005,1541.6115978708276,1548.0
4217,GMB,2006,1530.6844003257577,1589.0
4218,GMB,2007,1557.8473660349152,1630.0
4219,GMB,2008,1618.444482445715,1671.0
4220,GMB,2009,1692.6423491144506,1713.0
4221,GMB,2010,1772.7268528838883,1755.0
4222,GMB,2011,1669.0,1798.0
4223,GMB,2012,1725.0,1840.0
4224,GMB,2013,1767.0,1883.0
4225,GMB,2014,1743.0,1926.0
4226,GMB,2015,1786.0,1968.0
4227,GMB,2016,1770.36448958669,2010.0
4228,GMB,2017,1805.88121666396,2051.363
4229,GMB,2018,1886.053205208154,2092.731
4230,GMB,2019,1952.3260558544305,2147.4836883856133
4231,GMB,2020,1914.1968567045412,2203.2164419329742
4232,GMB,2021,1964.493669936666,2259.6416607343567
4233,GMB,2022,2010.5322346934488,2316.19955211222
4254,GNB,1970,1395.0,620.02
4255,GNB,1971,1333.0,623.282
4256,GNB,1972,1412.0,625.361
4257,GNB,1973,1411.0,633.266
4258,GNB,1974,1458.0,640.043
4259,GNB,1975,1479.0,680.919
4260,GNB,1976,1443.0,732.707
4261,GNB,1977,1317.0,745.228
4262,GNB,1978,1465.0,758.113
4263,GNB,1979,1468.0,771.376
4264,GNB,1980,1207.0,788.956
4265,GNB,1981,1173.0,807.179
4266,GNB,1982,1195.0,825.975
4267,GNB,1983,1129.0,845.311
4268,GNB,1984,1162.0,865.184
4269,GNB,1985,1184.0,885.606
4270,GNB,1986,1146.0,906.596
4271,GNB,1987,1183.0,928.188
4272,GNB,1988,1235.0,950.432
4273,GNB,1989,1259.0,972.126
4274,GNB,1990,1270.0,993.559
4275,GNB,1991,1282.7287925732994,1014.019
4276,GNB,1992,1287.276478237637,1036.22
4277,GNB,1993,1280.3420316640393,1062.762
4278,GNB,1994,1284.9269702677093,1088.105
4279,GNB,1995,1310.1873248410675,1105.764
4280,GNB,1996,1337.4675813593324,1122.655
4281,GNB,1997,1388.1026857943027,1144.911
4282,GNB,1998,1130.8126857095724,1163.292
4283,GNB,1999,1256.082491687944,1182.537
4284,GNB,2000,1230.6406294399242,1207.665
4285,GNB,2001,1233.0719850069206,1233.497
4286,GNB,2002,1196.2325065611392,1260.374
4287,GNB,2003,1181.94349571599,1288.445
4288,GNB,2004,1194.6707917770177,1317.452
4289,GNB,2005,1226.5608858641476,1347.728
4290,GNB,2006,1233.8132378735418,1379.383
4291,GNB,2007,1252.573945375853,1412.264
4292,GNB,2008,1270.7227556518212,1446.297
4293,GNB,2009,1292.0292935725613,1481.09
4294,GNB,2010,1329.3724093189558,1516.078
4295,GNB,2011,1413.0,1551.45
4296,GNB,2012,1361.0,1587.244
4297,GNB,2013,1378.0,1624.345
4298,GNB,2014,1355.0,1663.186
4299,GNB,2015,1393.0,1703.302
4300,GNB,2016,1443.4240208380827,1745.203
4301,GNB,2017,1492.0391837283307,1788.61
4302,GNB,2018,1511.8668326852385,1833.247
4303,GNB,2019,1543.4176040184277,1876.581210406997
4304,GNB,2020,1531.309512560488,1919.79066186794
4305,GNB,2021,1593.8185780472504,1962.5448860295437
4306,GNB,2022,1625.387597148699,2005.25339698954
4327,GNQ,1970,1934.0,270.0
4328,GNQ,1971,1989.0,274.0
4329,GNQ,1972,2007.0,278.0
4330,GNQ,1973,2204.0,271.0
4331,GNQ,1974,2466.0,250.0
4332,GNQ,1975,3080.0,213.0
4333,GNQ,1976,3453.0,191.0
4334,GNQ,1977,3668.0,193.0
4335,GNQ,1978,3451.0,195.0
4336,GNQ,1979,2882.0,221.0
4337,GNQ,1980,2613.0,256.0
4338,GNQ,1981,2603.0,272.0
4339,GNQ,1982,2533.0,285.0
4340,GNQ,1983,2534.0,300.0
4341,GNQ,1984,2437.0,315.0
4342,GNQ,1985,2662.0,325.0
4343,GNQ,1986,2534.0,334.0
4344,GNQ,1987,2579.0,342.0
4345,GNQ,1988,2577.0,352.0
4346,GNQ,1989,2479.0,361.0
4347,GNQ,1990,2474.0,371.0
4348,GNQ,1991,2427.8802495120503,381.0
4349,GNQ,1992,2690.63309412509,392.0
4350,GNQ,1993,2880.2040081888463,403.0
4351,GNQ,1994,3081.152504204578,414.0
4352,GNQ,1995,3364.6325804428425,426.0
4353,GNQ,1996,4426.337826101144,438.0
4354,GNQ,1997,8445.644996727055,451.0
4355,GNQ,1998,9712.22621077315,464.0
4356,GNQ,1999,11690.135158536285,478.0
4357,GNQ,2000,12914.851292130696,491.0
4358,GNQ,2001,21167.74135396339,506.0
4359,GNQ,2002,24845.04222607092,521.0
4360,GNQ,2003,27571.15904360255,536.0
4361,GNQ,2004,33419.88579447368,551.0
4362,GNQ,2005,35569.70762362731,567.0
4363,GNQ,2006,36615.705703717555,583.0
4364,GNQ,2007,41277.75565366894,600.0
4365,GNQ,2008,47562.31952890182,616.0
4366,GNQ,2009,47161.28473806681,633.0
4367,GNQ,2010,42037.897403604875,651.0
4368,GNQ,2011,43841.0,668.0
4369,GNQ,2012,46255.0,686.0
4370,GNQ,2013,43209.0,704.0
4371,GNQ,2014,41907.0,722.0
4372,GNQ,2015,37822.0,741.0
4373,GNQ,2016,33206.63589743496,759.0
4374,GNQ,2017,30206.871657457876,778.358
4375,GNQ,2018,27353.844810174716,797.457
4376,GNQ,2019,25006.34078387603,824.500940466989
4377,GNQ,2020,23300.297648989497,847.3391075460809
4378,GNQ,2021,22537.54059330532,867.7346132571196
4379,GNQ,2022,22707.220253154966,889.2051872729415
4400,GRC,1970,9900.0,8792.806
4401,GRC,1971,10559.0,8831.036
4402,GRC,1972,11795.0,8888.628
4403,GRC,1973,12202.0,8929.086
4404,GRC,1974,11716.0,8962.023
4405,GRC,1975,12309.0,9046.542
4406,GRC,1976,12919.0,9167.19
4407,GRC,1977,13158.0,9308.479
4408,GRC,1978,13860.0,9429.959
4409,GRC,1979,14193.0,9548.258
4410,GRC,1980,14300.0,9642.505
4411,GRC,1981,14180.0,9729.35
4412,GRC,1982,14153.0,9786.48
4413,GRC,1983,14132.0,9840.526
4414,GRC,1984,14453.0,9887.169
4415,GRC,1985,14850.0,9923.253
4416,GRC,1986,15047.0,9951.37
4417,GRC,1987,14944.0,9974.49
4418,GRC,1988,15596.0,9982.723
4419,GRC,1989,16117.0,10030.765
4420,GRC,1990,15964.0,10129.603
4421,GRC,1991,16409.689413848526,10215.35
4422,GRC,1992,16545.963766056062,10290.12
4423,GRC,1993,16331.314704388997,10346.87
4424,GRC,1994,16724.28805618853,10393.81
4425,GRC,1995,17148.197198638813,10421.53
4426,GRC,1996,17719.55738038829,10467.57
4427,GRC,1997,18588.295487953197,10519.36
4428,GRC,1998,19378.709926951826,10577.83
4429,GRC,1999,20076.559375082434,10618.42
4430,GRC,2000,20965.331806698097,10661.93
4431,GRC,2001,21913.79768092266,10717.53
4432,GRC,2002,22893.95911786512,10756.86
4433,GRC,2003,24380.066327361783,10782.59
4434,GRC,2004,25780.385093078436,10809.3
4435,GRC,2005,26091.52417194299,10841.06
4436,GRC,2006,27731.110923369015,10873.66
4437,GRC,2007,28822.915641555985,10901.4
4438,GRC,2008,28907.92502567267,10930.37
4439,GRC,2009,27839.897516969475,10959.14
4440,GRC,2010,26517.46507965097,10973.31
4441,GRC,2011,24349.0,10957.08
4442,GRC,2012,22746.20629506483,10897.95
4443,GRC,2013,22335.270364176395,10819.22
4444,GRC,2014,22591.596909369513,10747.35
4445,GRC,2015,22696.20229940344,10676.84
4446,GRC,2016,22679.809820485447,10632.5
4447,GRC,2017,22972.88961602084,10611.5
4448,GRC,2018,23403.612065299098,10589.99
4449,GRC,2019,23869.792849390768,10578.82
4450,GRC,2020,21767.220165271887,10556.14
4451,GRC,2021,23732.20107260401,10498.74
4452,GRC,2022,25283.906880841605,10437.18
4473,GTM,1970,4653.0,5264.0
4474,GTM,1971,4801.0,5385.0
4475,GTM,1972,5037.0,5510.0
4476,GTM,1973,5255.0,5639.0
4477,GTM,1974,5461.0,5773.0
4478,GTM,1975,5439.0,5910.0
4479,GTM,1976,5705.0,6051.0
4480,GTM,1977,6005.0,6197.0
4481,GTM,1978,6156.0,6346.0
4482,GTM,1979,6298.0,6496.0
4483,GTM,1980,6384.0,6650.0
4484,GTM,1981,6256.0,6829.0
4485,GTM,1982,5903.0,6983.0
4486,GTM,1983,5585.0,7189.0
4487,GTM,1984,5469.0,7380.0
4488,GTM,1985,5292.0,7581.0
4489,GTM,1986,5136.0,7820.0
4490,GTM,1987,5098.0,8160.0
4491,GTM,1988,5086.0,8496.0
4492,GTM,1989,5144.0,8731.0
4493,GTM,1990,5165.0,8966.0
4494,GTM,1991,5166.549866012667,9218.24
4495,GTM,1992,5303.598547425432,9478.43
4496,GTM,1993,5382.978712103502,9750.5
4497,GTM,1994,5414.541153569243,10031.43
4498,GTM,1995,5501.042226782372,10319.05
4499,GTM,1996,5511.904705680813,10609.83
4500,GTM,1997,5601.207505205031,10900.27
4501,GTM,1998,5730.645753626605,11192.91
4502,GTM,1999,5824.883284869329,11487.06
4503,GTM,2000,5860.271852571701,11728.4
4504,GTM,2001,5882.7197059354185,11967.65
4505,GTM,2002,5980.242007724151,12257.69
4506,GTM,2003,6004.144673120455,12556.06
4507,GTM,2004,6070.1942309616525,12873.21
4508,GTM,2005,6130.482337567918,13199.77
4509,GTM,2006,6305.818591459861,13517.37
4510,GTM,2007,6545.752353261084,13827.58
4511,GTM,2008,6604.682423043075,14139.4
4512,GTM,2009,6488.646238166217,14451.98
4513,GTM,2010,6526.457569591022,14769.16
4514,GTM,2011,6650.0,15088.0
4515,GTM,2012,6718.332239117085,15404.53
4516,GTM,2013,6813.411605682604,15718.92
4517,GTM,2014,6978.10584290415,16029.99
4518,GTM,2015,7126.992528560714,16337.36
4519,GTM,2016,7186.659993070903,16635.6
4520,GTM,2017,7279.739953937346,16928.72
4521,GTM,2018,7399.198034153791,17222.86
4522,GTM,2019,7565.846022916714,17517.58
4523,GTM,2020,7309.368193308424,17812.4
4524,GTM,2021,7764.696116345891,18106.11
4525,GTM,2022,7969.431184869257,18348.19
4546,HKG,1970,9250.0,3822.059859257555
4547,HKG,1971,9787.0,3886.2834504216007
4548,HKG,1972,10632.0,3946.458497616943
4549,HKG,1973,11717.0,4009.6116128432254
4550,HKG,1974,11719.0,4085.275791464572
4551,HKG,1975,11456.0,4179.577969043135
4552,HKG,1976,12929.0,4296.139690796933
4553,HKG,1977,13986.0,4431.25599779851
4554,HKG,1978,14689.0,4574.873552020117
4555,HKG,1979,15903.0,4712.754427677291
4556,HKG,1980,17086.0,4834.759886992144
4557,HKG,1981,18301.0,4936.986366967137
4558,HKG,1982,18527.0,5022.736653287799
4559,HKG,1983,19349.0,5097.8775101844685
4560,HKG,1984,21042.0,5171.490108761827
4561,HKG,1985,20883.0,5250.1204391699075
4562,HKG,1986,22823.0,5335.9422229558
4563,HKG,1987,25414.0,5426.563274095321
4564,HKG,1988,27063.0,5518.602358295254
4565,HKG,1989,27377.0,5606.863993082153
4566,HKG,1990,27960.0,5687.959
4567,HKG,1991,29008.69888272773,5735.82
4568,HKG,1992,30202.539384048287,5784.69
4569,HKG,1993,31242.198945436776,5884.4
4570,HKG,1994,32219.357339097583,6018.03
4571,HKG,1995,31941.908676268977,6138.69
4572,HKG,1996,32261.80367248706,6417.9
4573,HKG,1997,33385.8193558232,6470.75
4574,HKG,1998,30866.42845238891,6525.6
4575,HKG,1999,31134.166298431835,6587.42
4576,HKG,2000,32894.01076870469,6646.26
4577,HKG,2001,32734.200466940052,6695.12
4578,HKG,2002,33038.150049321375,6725.03
4579,HKG,2003,33594.31626064747,6712.07
4580,HKG,2004,36052.99121829005,6764.92
4581,HKG,2005,38191.8984279571,6793.84
4582,HKG,2006,40172.8543686446,6837.72
4583,HKG,2007,42230.88634988074,6896.55
4584,HKG,2008,42635.48025605869,6938.43
4585,HKG,2009,41076.234343140764,6953.39
4586,HKG,2010,43170.55153428085,7004.25
4587,HKG,2011,44532.0,7052.11
4588,HKG,2012,44795.11029492749,7129.89
4589,HKG,2013,45997.88881359396,7158.81
4590,HKG,2014,46941.58447711424,7208.67
4591,HKG,2015,47653.696401574525,7270.5
4592,HKG,2016,48385.1150246024,7316.37
4593,HKG,2017,49841.456072608664,7372.21
4594,HKG,2018,50847.72135557016,7432.04
4595,HKG,2019,49631.06158931615,7486.89
4596,HKG,2020,46550.256038765154,7459.96
4597,HKG,2021,50006.34792486015,7392.15
4598,HKG,2022,48289.38231234516,7386.52
4619,HND,1970,2391.0,2760.666
4620,HND,1971,2404.0,2855.882
4621,HND,1972,2448.0,2965.146
4622,HND,1973,2544.0,3077.805
4623,HND,1974,2797.0,2765.159
4624,HND,1975,2764.0,2857.841
4625,HND,1976,2954.0,2954.846
4626,HND,1977,3153.0,3056.115
4627,HND,1978,3346.0,3168.948
4628,HND,1979,3382.0,3280.016
4629,HND,1980,3282.0,3403.436
4630,HND,1981,3231.0,3544.237
4631,HND,1982,3076.0,3671.436
4632,HND,1983,2947.0,3797.761
4633,HND,1984,2968.0,3934.859
4634,HND,1985,2982.0,4079.44
4635,HND,1986,2898.0,4229.325
4636,HND,1987,2970.0,4375.959
4637,HND,1988,3009.0,4517.983
4638,HND,1989,3045.0,4659.331
4639,HND,1990,2960.0,4797.664
4640,HND,1991,2993.1240094653144,4937.206
4641,HND,1992,3094.547750180062,5084.214
4642,HND,1993,3216.880474563878,5237.339
4643,HND,1994,3105.972043854534,5394.923
4644,HND,1995,3163.826279834214,5556.324
4645,HND,1996,3210.270291652771,5718.801
4646,HND,1997,3303.2674734599764,5881.443
4647,HND,1998,3332.9067162957103,6045.973
4648,HND,1999,3215.1847327603577,6198.223
4649,HND,2000,3335.7153697540925,6367.242
4650,HND,2001,3365.232992745498,6535.344
4651,HND,2002,3431.251226302898,6698.324
4652,HND,2003,3527.121790685213,6862.657
4653,HND,2004,3686.666861186227,7028.058
4654,HND,2005,3851.055431267789,7194.127
4655,HND,2006,4045.2976250507822,7359.013
4656,HND,2007,4237.30196547177,7521.702
4657,HND,2008,4358.762942315819,7682.066
4658,HND,2009,4200.160537818666,7838.603
4659,HND,2010,4305.892041781792,7991.283
4660,HND,2011,4421.0,8140.864
4661,HND,2012,4518.0,8287.669
4662,HND,2013,4561.0,8429.445
4663,HND,2014,4620.0,8546.438
4664,HND,2015,4706.0,8660.816
4665,HND,2016,4803.28043081604,8770.113
4666,HND,2017,4949.025285961729,8877.729
4667,HND,2018,5052.2056964208305,9001.592
4668,HND,2019,5099.814302392386,9154.159969341714
4669,HND,2020,4567.885690671236,9303.9289733526
4670,HND,2021,5062.118729298094,9447.85921618732
4671,HND,2022,5186.530263450101,9589.889471718654
4692,HRV,1970,8751.0,4205.389
4693,HRV,1971,9414.0,4215.869
4694,HRV,1972,9631.0,4225.31
4695,HRV,1973,9969.0,4234.664
4696,HRV,1974,10786.0,4245.822
4697,HRV,1975,11053.0,4255.0
4698,HRV,1976,11469.0,4286.311
4699,HRV,1977,12385.0,4318.673
4700,HRV,1978,13265.0,4349.242
4701,HRV,1979,13994.0,4379.909
4702,HRV,1980,14193.0,4383.0
4703,HRV,1981,14182.0,4390.829
4704,HRV,1982,14123.0,4413.368
4705,HRV,1983,13841.0,4430.941
4706,HRV,1984,14104.0,4441.854
4707,HRV,1985,14067.0,4457.874
4708,HRV,1986,14416.0,4471.752
4709,HRV,1987,14362.0,4484.31
4710,HRV,1988,14207.0,4493.676
4711,HRV,1989,13959.0,4501.397
4712,HRV,1990,12948.0,4508.347
4713,HRV,1991,10296.1907490574,4540.64
4714,HRV,1992,9331.89265228301,4490.68
4715,HRV,1993,8739.540239430573,4478.37
4716,HRV,1994,9352.583982835997,4499.27
4717,HRV,1995,10180.251534007484,4480.94
4718,HRV,1996,11030.079309403567,4419.9
4719,HRV,1997,11997.593091916227,4398.39
4720,HRV,1998,12476.046525867669,4395.69
4721,HRV,1999,12579.876775136643,4376.74
4722,HRV,2000,13244.540749737042,4333.77
4723,HRV,2001,13817.680764867187,4170.98
4724,HRV,2002,14683.83770312071,4175.82
4725,HRV,2003,15740.498559112391,4175.93
4726,HRV,2004,16628.57444367401,4178.58
4727,HRV,2005,17581.358351181756,4181.86
4728,HRV,2006,18707.490861564835,4183.16
4729,HRV,2007,19984.037431196295,4182.91
4730,HRV,2008,20717.315738830697,4181.09
4731,HRV,2009,19501.588594766195,4176.67
4732,HRV,2010,19511.3503059546,4167.0
4733,HRV,2011,19813.0,4153.98
4734,HRV,2012,19413.892436251732,4140.53
4735,HRV,2013,19402.938024373812,4126.39
4736,HRV,2014,19403.59466246813,4108.53
4737,HRV,2015,20025.753464687557,4081.3
4738,HRV,2016,20915.22731890756,4046.82
4739,HRV,2017,21852.020568061376,4005.51
4740,HRV,2018,22678.03435094451,3967.71
4741,HRV,2019,23590.277456647196,3944.76
4742,HRV,2020,21672.47793772927,3925.41
4743,HRV,2021,25059.94666497539,3838.57
4744,HRV,2022,26986.75134468592,3790.18
4765,HTI,1970,1567.0,4541.0
4766,HTI,1971,1651.0,4585.0
4767,HTI,1972,1635.0,4677.0
4768,HTI,1973,1678.0,4771.0
4769,HTI,1974,1742.0,4866.0
4770,HTI,1975,1726.0,4963.0
4771,HTI,1976,1835.0,5064.0
4772,HTI,1977,1808.0,5167.0
4773,HTI,1978,1859.0,5270.0
4774,HTI,1979,1959.0,5375.0
4775,HTI,1980,2063.0,5483.0
4776,HTI,1981,1964.0,5595.0
4777,HTI,1982,1855.0,5709.0
4778,HTI,1983,1835.0,5827.0
4779,HTI,1984,1803.0,5950.0
4780,HTI,1985,1776.0,6076.0
4781,HTI,1986,1729.0,6205.0
4782,HTI,1987,1682.0,6335.0
4783,HTI,1988,1701.0,6459.0
4784,HTI,1989,1619.0,6586.0
4785,HTI,1990,1602.0,6725.0
4786,HTI,1991,1628.7187828396118,6850.0
4787,HTI,1992,1535.970673148007,6983.0
4788,HTI,1993,1443.1808409183943,7139.0
4789,HTI,1994,1262.337056938873,7300.0
4790,HTI,1995,1378.5416903588186,7464.0
4791,HTI,1996,1426.4125543445498,7629.0
4792,HTI,1997,1456.233862680955,7792.0
4793,HTI,1998,1480.5769214979248,7957.0
4794,HTI,1999,1513.3318271761614,8121.0
4795,HTI,2000,1520.7292353637615,8279.0
4796,HTI,2001,1501.1024655367005,8430.0
4797,HTI,2002,1494.183677303327,8580.0
4798,HTI,2003,1495.8921279730891,8739.0
4799,HTI,2004,1439.2076587890158,8900.0
4800,HTI,2005,1461.800049352979,9061.0
4801,HTI,2006,1493.0381883452285,9216.0
4802,HTI,2007,1541.7674392197964,9364.0
4803,HTI,2008,1555.4931929743498,9508.0
4804,HTI,2009,1604.112720904786,9652.0
4805,HTI,2010,1556.550433341304,9553.0
4806,HTI,2011,1648.0,9670.0
4807,HTI,2012,1674.0,9793.0
4808,HTI,2013,1722.0,9922.0
4809,HTI,2014,1749.0,10047.0
4810,HTI,2015,1742.0,10254.0
4811,HTI,2016,1748.726927372147,10486.0
4812,HTI,2017,1767.9230045060708,10646.714
4813,HTI,2018,1773.109548514298,10788.44
4814,HTI,2019,1719.4462228532534,10933.44649071444
4815,HTI,2020,1641.7617050038757,11076.83262204015
4816,HTI,2021,1591.760015319581,11214.737549750414
4817,HTI,2022,1546.42219420341,11349.36942986833
4838,HUN,1970,8015.0,10337.004
4839,HUN,1971,8349.0,10364.869
4840,HUN,1972,8505.0,10394.091
4841,HUN,1973,8920.0,10425.984
4842,HUN,1974,9111.0,10471.272
4843,HUN,1975,9253.0,10531.82
4844,HUN,1976,9231.0,10588.729
4845,HUN,1977,9765.0,10637.171
4846,HUN,1978,9967.0,10673.3
4847,HUN,1979,9964.0,10698.234
4848,HUN,1980,10052.0,10711.122
4849,HUN,1981,10123.0,10711.848
4850,HUN,1982,10493.0,10705.535
4851,HUN,1983,10401.0,10689.463
4852,HUN,1984,10696.0,10668.095
4853,HUN,1985,10452.0,10648.713
4854,HUN,1986,10678.0,10630.563
4855,HUN,1987,10861.0,10612.74
4856,HUN,1988,11207.0,10442.5
4857,HUN,1989,11003.0,10397.959
4858,HUN,1990,10296.0,10371.878
4859,HUN,1991,9255.90961746882,10352.87
4860,HUN,1992,9153.920824393475,10330.85
4861,HUN,1993,9294.46401363138,10300.83
4862,HUN,1994,9772.223487554456,10267.81
4863,HUN,1995,10134.833886895496,10335.82
4864,HUN,1996,10359.18141128738,10318.08
4865,HUN,1997,10942.325887995115,10297.31
4866,HUN,1998,11663.028515253676,10273.38
4867,HUN,1999,12316.723995874505,10244.32
4868,HUN,2000,13129.273107833118,10217.74
4869,HUN,2001,13933.561262454808,10194.34
4870,HUN,2002,14899.306265101266,10165.35
4871,HUN,2003,15829.899936480217,10136.27
4872,HUN,2004,16999.005514218454,10113.85
4873,HUN,2005,18140.61741786459,10093.76
4874,HUN,2006,19253.063137393667,10078.05
4875,HUN,2007,19763.790665712164,10062.45
4876,HUN,2008,20380.631763897556,10044.85
4877,HUN,2009,19461.070328242917,10029.3
4878,HUN,2010,20036.33465366331,10006.65
4879,HUN,2011,20886.0,9978.34
4880,HUN,2012,20731.670063284007,9926.94
4881,HUN,2013,21163.564092773035,9899.64
4882,HUN,2014,22118.75004819955,9873.01
4883,HUN,2015,22993.37507631797,9849.56
4884,HUN,2016,23568.925742708747,9820.53
4885,HUN,2017,24641.19805653534,9794.46
4886,HUN,2018,25995.509005591048,9782.04
4887,HUN,2019,27272.312084521,9777.62
4888,HUN,2020,26091.400329999437,9756.62
4889,HUN,2021,28085.962226124888,9716.33
4890,HUN,2022,29451.85578718789,9689.89
4911,IDN,1970,1882.0,117338.24512731524
4912,IDN,1971,1946.0,119766.538
4913,IDN,1972,2117.0,122564.5737153568
4914,IDN,1973,2375.0,125431.88737362334
4915,IDN,1974,2439.0,128369.31580137844
4916,IDN,1975,2386.0,131218.748080617
4917,IDN,1976,2536.0,134314.12714082946
4918,IDN,1977,2670.0,137487.4514026981
4919,IDN,1978,2727.0,140738.77647517674
4920,IDN,1979,2810.0,144073.2169077831
4921,IDN,1980,2981.0,147489.948
4922,IDN,1981,3119.0,150656.8068859295
4923,IDN,1982,2941.0,153895.1741816136
4924,IDN,1983,2994.0,157207.77621267008
4925,IDN,1984,3134.0,160595.3835098858
4926,IDN,1985,3143.0,164060.812
4927,IDN,1986,3269.0,166997.3140479714
4928,IDN,1987,3370.0,169990.20798971545
4929,IDN,1988,3500.0,173040.69640067904
4930,IDN,1989,3747.0,176152.01032159422
4931,IDN,1990,4007.0,179323.40999999997
4932,IDN,1991,4310.777914335127,182435.76
4933,IDN,1992,4536.40989932572,185560.93
4934,IDN,1993,4837.131347219098,188686.76
4935,IDN,1994,5140.024967063988,191866.83
4936,IDN,1995,5494.9037123421485,195127.04
4937,IDN,1996,5851.295543955146,198465.7
4938,IDN,1997,6055.848459302033,201698.33
4939,IDN,1998,5203.579443214507,204871.59
4940,IDN,1999,5186.713407904092,208105.3
4941,IDN,2000,5384.386660454885,211407.57
4942,IDN,2001,5526.147336168685,214475.08
4943,IDN,2002,5720.28186272957,217515.5
4944,IDN,2003,5938.877796230632,220548.61
4945,IDN,2004,6180.909971145314,224472.83
4946,IDN,2005,6482.0120838929315,227533.56
4947,IDN,2006,6782.62453186025,230738.54
4948,IDN,2007,7157.313201750369,233918.42
4949,IDN,2008,7633.165795995926,237056.44
4950,IDN,2009,7935.844291513395,240140.49
4951,IDN,2010,8386.43318624644,243170.65
4952,IDN,2011,8849.0,246150.36
4953,IDN,2012,9272.009119772563,249086.27
4954,IDN,2013,9676.147241246144,251947.06
4955,IDN,2014,10050.716853723688,254701.56
4956,IDN,2015,10432.30479116771,257350.98
4957,IDN,2016,10849.669581175413,259905.6
4958,IDN,2017,11292.258408524542,262379.07
4959,IDN,2018,11768.467550581036,264788.84
4960,IDN,2019,12250.278163963409,267142.33
4961,IDN,2020,11895.075330697577,269436.93
4962,IDN,2021,12233.968593294914,271674.27
4963,IDN,2022,12801.67093446864,273409.14
4984,IND,1970,1384.0,541000.0
4985,IND,1971,1364.0,554000.0
4986,IND,1972,1329.0,567000.0
4987,IND,1973,1360.0,580000.0
4988,IND,1974,1344.0,593000.0
4989,IND,1975,1430.0,607000.0
4990,IND,1976,1417.0,620000.0
4991,IND,1977,1494.0,634000.0
4992,IND,1978,1540.0,648000.0
4993,IND,1979,1427.0,664000.0
4994,IND,1980,1495.0,679000.0
4995,IND,1981,1557.0,692000.0
4996,IND,1982,1570.0,708000.0
4997,IND,1983,1663.0,723000.0
4998,IND,1984,1690.0,739000.0
4999,IND,1985,1720.0,755000.0
5000,IND,1986,1755.0,771000.0
5001,IND,1987,1793.0,788000.0
5002,IND,1988,1938.0,805000.0
5003,IND,1989,2024.0,822000.0
5004,IND,1990,2087.0,839000.0
5005,IND,1991,2062.3101938964883,857530.33
5006,IND,1992,2115.257442888654,875407.18
5007,IND,1993,2176.4277546796197,893369.39
5008,IND,1994,2254.8988565309332,911360.86
5009,IND,1995,2355.963213949457,929359.12
5010,IND,1996,2475.56805896638,947349.69
5011,IND,1997,2514.0217106960536,965307.79
5012,IND,1998,2611.781380479922,983180.71
5013,IND,1999,2707.7406339436475,1000964.74
5014,IND,2000,2753.08550705882,1018667.41
5015,IND,2001,2837.8555311499513,1036256.26
5016,IND,2002,2870.923633325692,1053662.56
5017,IND,2003,3035.9225160240767,1070881.82
5018,IND,2004,3212.5110336341645,1087941.16
5019,IND,2005,3396.6487023021523,1104803.03
5020,IND,2006,3629.4110758938496,1121354.32
5021,IND,2007,3870.6989456960296,1137576.24
5022,IND,2008,4030.654378070055,1153546.77
5023,IND,2009,4270.707793828763,1169239.12
5024,IND,2010,4525.745476807693,1184638.23
5025,IND,2011,4768.0,1199809.73
5026,IND,2012,4982.083174923584,1214838.72
5027,IND,2013,5224.144726688181,1229765.16
5028,IND,2014,5524.114583596415,1244577.0
5029,IND,2015,5869.846531869248,1259235.84
5030,IND,2016,6326.064423371508,1273693.25
5031,IND,2017,6638.727716492645,1287901.85
5032,IND,2018,7046.436408458912,1301821.41
5033,IND,2019,7293.989586302366,1315530.1
5034,IND,2020,6730.546822014761,1329061.88
5035,IND,2021,7315.121362710703,1339912.27
5036,IND,2022,7765.592962073302,1349059.74
5057,IRL,1970,9881.0,2950.1
5058,IRL,1971,10128.0,2978.3
5059,IRL,1972,10621.0,3024.4
5060,IRL,1973,10946.0,3073.2
5061,IRL,1974,11225.0,3124.2
5062,IRL,1975,11662.0,3177.3
5063,IRL,1976,11639.0,3227.8
5064,IRL,1977,12425.0,3271.9
5065,IRL,1978,13150.0,3314.0
5066,IRL,1979,13335.0,3368.2
5067,IRL,1980,13614.0,3401.0
5068,IRL,1981,13893.0,3443.4
5069,IRL,1982,14061.0,3480.0
5070,IRL,1983,13931.0,3504.0
5071,IRL,1984,14435.0,3529.0
5072,IRL,1985,14834.0,3540.0
5073,IRL,1986,14768.0,3540.5
5074,IRL,1987,15458.0,3539.9
5075,IRL,1988,16313.0,3529.6
5076,IRL,1989,17343.0,3513.2
5077,IRL,1990,18838.0,3508.2
5078,IRL,1991,19253.943451180472,3528.21
5079,IRL,1992,20032.71869037672,3557.23
5080,IRL,1993,20627.07857240413,3576.24
5081,IRL,1994,22004.813915300332,3588.25
5082,IRL,1995,24266.14221519151,3603.56
5083,IRL,1996,26562.90898441493,3628.38
5084,IRL,1997,29455.920349476623,3666.6
5085,IRL,1998,31908.647904032827,3716.51
5086,IRL,1999,35377.16219328252,3757.14
5087,IRL,2000,38806.50135741528,3806.64
5088,IRL,2001,40966.33297006363,3866.22
5089,IRL,2002,43012.8146170694,3934.32
5090,IRL,2003,44372.75640648108,3999.5
5091,IRL,2004,47028.86473517585,4069.9
5092,IRL,2005,49223.383055229664,4162.62
5093,IRL,2006,51296.19441464795,4272.5
5094,IRL,2007,52322.23125306971,4402.94
5095,IRL,2008,49583.14152629393,4498.85
5096,IRL,2009,47375.73453925263,4542.01
5097,IRL,2010,48623.81051558438,4562.63
5098,IRL,2011,48980.0,4581.41
5099,IRL,2012,47360.089597748025,4600.32
5100,IRL,2013,48181.23598101256,4622.94
5101,IRL,2014,50732.345955199584,4655.38
5102,IRL,2015,53196.599376056205,4698.72
5103,IRL,2016,53686.843511572435,4751.97
5104,IRL,2017,55465.65182610588,4805.29
5105,IRL,2018,58083.44769518441,4863.7
5106,IRL,2019,59733.91176779393,4930.26
5107,IRL,2020,55134.85649890633,4983.46
5108,IRL,2021,57278.42345862671,5021.78
5109,IRL,2022,60257.083715207715,5117.92
5130,IRN,1970,6677.0,28854.184
5131,IRN,1971,7296.0,29677.875
5132,IRN,1972,8247.0,30522.278
5133,IRN,1973,8706.0,31392.368
5134,IRN,1974,9210.0,32306.077
5135,IRN,1975,9377.0,33265.38
5136,IRN,1976,10665.0,34259.296
5137,IRN,1977,10205.0,35350.26
5138,IRN,1978,8710.0,36510.133
5139,IRN,1979,7678.0,37838.548
5140,IRN,1980,6334.0,39421.764
5141,IRN,1981,5887.0,41141.318
5142,IRN,1982,6535.0,42885.17
5143,IRN,1983,7108.0,44631.806
5144,IRN,1984,6951.0,46409.02
5145,IRN,1985,6853.0,48209.267
5146,IRN,1986,5984.0,50027.034
5147,IRN,1987,5713.0,51607.119
5148,IRN,1988,5249.0,52997.297
5149,IRN,1989,5303.0,54479.33
5150,IRN,1990,5620.0,56668.726
5151,IRN,1991,6380.549889731056,58973.46
5152,IRN,1992,7036.31509003198,60398.76
5153,IRN,1993,6914.766598101254,60738.15
5154,IRN,1994,6884.7061961862,60930.48
5155,IRN,1995,7093.734930216464,61683.46
5156,IRN,1996,7746.409015083896,62412.85
5157,IRN,1997,8113.724178576165,63193.71
5158,IRN,1998,8458.386358180955,63971.98
5159,IRN,1999,8714.626643387242,64703.75
5160,IRN,2000,9104.762991179769,65411.32
5161,IRN,2001,9620.626663182067,66167.23
5162,IRN,2002,10467.370641552168,66689.11
5163,IRN,2003,11502.85215860978,67806.63
5164,IRN,2004,12404.323660768205,68479.51
5165,IRN,2005,13110.142347710524,69324.65
5166,IRN,2006,14185.753313532065,70158.08
5167,IRN,2007,15467.10742416923,71040.08
5168,IRN,2008,15739.983881581284,71941.99
5169,IRN,2009,16575.071120040935,72888.28
5170,IRN,2010,17751.330795081885,73825.85
5171,IRN,2011,18024.0,74625.46
5172,IRN,2012,17556.53301880436,75446.03
5173,IRN,2013,16842.896925218112,76417.71
5174,IRN,2014,17449.937473101483,77521.02
5175,IRN,2015,16922.88101385683,78651.63
5176,IRN,2016,17738.059459515636,79700.02
5177,IRN,2017,18416.47870783314,80724.9
5178,IRN,2018,18154.532900416267,81721.03
5179,IRN,2019,17400.414329628675,82685.07
5180,IRN,2020,17296.263711327592,83613.65
5181,IRN,2021,18052.368971167973,84505.42
5182,IRN,2022,18473.065452494615,85108.18
5203,IRQ,1970,5536.0,9413.671
5204,IRQ,1971,5686.0,9732.199
5205,IRQ,1972,5297.0,10061.506
5206,IRQ,1973,5982.0,10401.956
5207,IRQ,1974,6097.0,10753.925
5208,IRQ,1975,6878.0,11117.804
5209,IRQ,1976,8007.0,11493.995
5210,IRQ,1977,7957.0,11882.916
5211,IRQ,1978,9075.0,12317.137
5212,IRQ,1979,10769.0,12768.376
5213,IRQ,1980,10165.0,13232.839
5214,IRQ,1981,8035.0,13703.103
5215,IRQ,1982,7704.0,14173.318
5216,IRQ,1983,6805.0,14652.218
5217,IRQ,1984,6593.0,15160.546
5218,IRQ,1985,6268.0,15693.62
5219,IRQ,1986,5992.0,16247.34
5220,IRQ,1987,6052.0,16543.189
5221,IRQ,1988,4635.0,17038.084
5222,IRQ,1989,4098.0,17568.414
5223,IRQ,1990,3918.0,18134.702
5224,IRQ,1991,1518.7420827848096,17473.89
5225,IRQ,1992,2046.1808843965368,17862.85
5226,IRQ,1993,2132.382324701761,18404.04
5227,IRQ,1994,2108.538005938978,18967.6
5228,IRQ,1995,1996.927799657097,19555.02
5229,IRQ,1996,2337.5226534014655,20162.66
5230,IRQ,1997,2337.9478790562657,20785.05
5231,IRQ,1998,2794.7864918705027,21421.74
5232,IRQ,1999,3157.11246136115,22076.27
5233,IRQ,2000,3649.492947483389,22748.15
5234,IRQ,2001,4147.648519530656,23439.67
5235,IRQ,2002,4631.652538346694,24212.06
5236,IRQ,2003,3782.4526380147104,24978.66
5237,IRQ,2004,6061.554618446105,25725.62
5238,IRQ,2005,6441.4102161774845,26530.79
5239,IRQ,2006,7117.6135054778115,26705.98
5240,IRQ,2007,7587.605673425584,26428.55
5241,IRQ,2008,8587.264719996962,26968.79
5242,IRQ,2009,9268.7091555216,28023.93
5243,IRQ,2010,10274.330304873409,28956.36
5244,IRQ,2011,11484.0,29973.94
5245,IRQ,2012,12521.54122818344,31321.33
5246,IRQ,2013,12877.204591609185,32779.45
5247,IRQ,2014,12559.503483328872,33856.66
5248,IRQ,2015,12574.507434070309,34674.18
5249,IRQ,2016,14173.762245477825,35437.31
5250,IRQ,2017,13403.637262845936,36199.69
5251,IRQ,2018,13724.742070997776,37015.4
5252,IRQ,2019,14203.61758637821,37845.87
5253,IRQ,2020,11717.375296314593,38673.15
5254,IRQ,2021,12355.586949059649,39491.12
5255,IRQ,2022,13071.9400653723,40364.27
5276,ISL,1970,14830.0,204.104
5277,ISL,1971,16606.0,206.092
5278,ISL,1972,17366.0,209.275
5279,ISL,1973,18277.0,212.364
5280,ISL,1974,19054.0,215.324
5281,ISL,1975,18935.0,218.031
5282,ISL,1976,19877.0,220.133
5283,ISL,1977,21465.0,221.823
5284,ISL,1978,22579.0,223.587
5285,ISL,1979,23443.0,225.749
5286,ISL,1980,24528.0,228.161
5287,ISL,1981,25284.0,230.803
5288,ISL,1982,25477.0,233.997
5289,ISL,1983,24605.0,237.041
5290,ISL,1984,25357.0,239.498
5291,ISL,1985,25990.0,241.403
5292,ISL,1986,27439.0,242.999
5293,ISL,1987,29576.0,244.676
5294,ISL,1988,28934.0,249.885
5295,ISL,1989,28652.0,252.746
5296,ISL,1990,28760.0,254.719
5297,ISL,1991,28258.016773918625,257.93
5298,ISL,1992,26859.281947711668,261.03
5299,ISL,1993,26833.80124049222,263.73
5300,ISL,1994,27457.806857299725,265.93
5301,ISL,1995,27235.833297278037,267.33
5302,ISL,1996,28277.78713527553,268.83
5303,ISL,1997,29939.14278341433,270.83
5304,ISL,1998,31444.61598472512,273.73
5305,ISL,1999,32186.931121894468,277.12
5306,ISL,2000,33108.29099103723,281.12
5307,ISL,2001,33794.45145581882,285.02
5308,ISL,2002,33470.49477312857,287.52
5309,ISL,2003,33920.70867149926,289.22
5310,ISL,2004,36209.24391769578,292.52
5311,ISL,2005,37884.05696917531,295.82
5312,ISL,2006,38707.21313863168,304.22
5313,ISL,2007,41111.15433172196,311.32
5314,ISL,2008,40810.229086209285,319.31
5315,ISL,2009,37701.851081884684,319.11
5316,ISL,2010,36272.68701148201,317.91
5317,ISL,2011,36740.0,318.91
5318,ISL,2012,36933.89395710618,320.61
5319,ISL,2013,38245.497349293546,323.71
5320,ISL,2014,38463.028443709096,327.31
5321,ISL,2015,39756.52712742219,330.71
5322,ISL,2016,41682.867768726086,335.31
5323,ISL,2017,42419.38447995987,343.31
5324,ISL,2018,43321.06283185401,352.6
5325,ISL,2019,43136.606957372525,360.5
5326,ISL,2020,39368.39939902689,366.4
5327,ISL,2021,40412.61674476612,372.4
5328,ISL,2022,42145.593546320735,380.1
5349,ISR,1970,12913.0,2903.434
5350,ISR,1971,13885.0,2996.919
5351,ISR,1972,15108.0,3095.893
5352,ISR,1973,15374.0,3197.411
5353,ISR,1974,15980.0,3285.761
5354,ISR,1975,16176.0,3354.242
5355,ISR,1976,16053.0,3423.635
5356,ISR,1977,15721.0,3495.918
5357,ISR,1978,16139.0,3569.78
5358,ISR,1979,16761.0,3653.48
5359,ISR,1980,17508.0,3737.473
5360,ISR,1981,18103.0,3801.338
5361,ISR,1982,18155.0,3858.421
5362,ISR,1983,18468.0,3926.893
5363,ISR,1984,18305.0,3997.337
5364,ISR,1985,18605.0,4068.47
5365,ISR,1986,19160.0,4139.683
5366,ISR,1987,20196.0,4210.377
5367,ISR,1988,20256.0,4282.043
5368,ISR,1989,20091.0,4355.345
5369,ISR,1990,20829.0,4477.808
5370,ISR,1991,20912.94059462437,4649.53
5371,ISR,1992,21531.596141653485,4823.61
5372,ISR,1993,21484.9793858044,4999.96
5373,ISR,1994,22128.804684392304,5177.51
5374,ISR,1995,23378.15952818054,5356.27
5375,ISR,1996,23979.995274983416,5494.09
5376,ISR,1997,24226.731187719328,5635.49
5377,ISR,1998,24506.160735323432,5775.05
5378,ISR,1999,24644.204273032487,5927.17
5379,ISR,2000,26058.84058707257,6088.39
5380,ISR,2001,25427.319382366648,6236.09
5381,ISR,2002,24823.552894204004,6365.65
5382,ISR,2003,24545.245047545737,6484.47
5383,ISR,2004,25210.87875613714,6602.96
5384,ISR,2005,25686.405701767577,6723.3
5385,ISR,2006,26571.25544327105,6846.15
5386,ISR,2007,27624.88310216695,6971.86
5387,ISR,2008,27857.61866769685,7099.88
5388,ISR,2009,27644.69749458088,7226.38
5389,ISR,2010,28575.531463220977,7360.41
5390,ISR,2011,29370.0,7497.8
5391,ISR,2012,29580.83529937477,7637.02
5392,ISR,2013,30316.601574343185,7780.74
5393,ISR,2014,30906.148225450244,7931.43
5394,ISR,2015,31050.40794692868,8090.84
5395,ISR,2016,31822.87480265819,8251.43
5396,ISR,2017,32549.81845035535,8412.1
5397,ISR,2018,33227.12511661866,8576.02
5398,ISR,2019,33951.890251752986,8741.76
5399,ISR,2020,32730.94254137353,8899.46
5400,ISR,2021,34969.01406308376,9047.25
5401,ISR,2022,36648.91695538968,9187.79
5422,ITA,1970,15492.0,53661.1
5423,ITA,1971,15683.0,54005.5
5424,ITA,1972,16035.0,54365.564
5425,ITA,1973,16950.0,54796.843
5426,ITA,1974,17607.0,55226.259
5427,ITA,1975,17123.0,55571.894
5428,ITA,1976,18147.0,55838.536
5429,ITA,1977,18599.0,56059.245
5430,ITA,1978,19230.0,56240.143
5431,ITA,1979,20275.0,56367.71
5432,ITA,1980,20959.0,56451.247
5433,ITA,1981,21041.0,56502.489
5434,ITA,1982,21123.0,56535.636
5435,ITA,1983,21345.0,56630.129
5436,ITA,1984,21868.0,56696.963
5437,ITA,1985,22469.0,56731.215
5438,ITA,1986,23106.0,56733.833
5439,ITA,1987,23824.0,56729.703
5440,ITA,1988,24743.0,56734.027
5441,ITA,1989,25454.0,56737.529
5442,ITA,1990,26003.0,56742.886
5443,ITA,1991,26570.36300367689,56799.21
5444,ITA,1992,26960.610843483308,56820.82
5445,ITA,1993,26902.398223124954,56855.53
5446,ITA,1994,27668.257997101344,56867.14
5447,ITA,1995,28666.35229534556,56868.04
5448,ITA,1996,29231.2756037388,56884.04
5449,ITA,1997,29960.69977713035,56914.16
5450,ITA,1998,30649.629116416458,56930.46
5451,ITA,1999,31340.481406663963,56940.07
5452,ITA,2000,32716.980050789483,56965.88
5453,ITA,2001,33511.43329684468,57003.59
5454,ITA,2002,33780.05399122097,57113.64
5455,ITA,2003,33917.79936684082,57423.17
5456,ITA,2004,34472.12756983194,57852.35
5457,ITA,2005,34872.12660694891,58190.99
5458,ITA,2006,35713.80418293189,58424.29
5459,ITA,2007,36310.7349426204,58780.74
5460,ITA,2008,35942.93934612822,59235.93
5461,ITA,2009,34055.22557284515,59580.37
5462,ITA,2010,34765.93789539188,59844.38
5463,ITA,2011,35151.0,60051.87
5464,ITA,2012,34010.03518715312,60216.34
5465,ITA,2013,33317.24412503938,60336.79
5466,ITA,2014,33310.70502999905,60345.89
5467,ITA,2015,33620.74085374743,60254.75
5468,ITA,2016,34120.422176858934,60140.3
5469,ITA,2017,34754.7701679821,60027.36
5470,ITA,2018,35149.822737797,59902.2
5471,ITA,2019,35407.241128719455,59754.04
5472,ITA,2020,32385.32709510664,59463.72
5473,ITA,2021,34827.13496942706,59157.89
5474,ITA,2022,36224.29371800584,58966.21
5495,JAM,1970,6135.0,1943.787
5496,JAM,1971,6062.0,1967.012
5497,JAM,1972,6150.0,1997.616
5498,JAM,1973,6583.0,2036.377
5499,JAM,1974,6229.0,2071.146
5500,JAM,1975,6129.0,2104.879
5501,JAM,1976,5681.0,2133.388
5502,JAM,1977,5501.0,2156.814
5503,JAM,1978,5482.0,2179.441
5504,JAM,1979,5318.0,2207.245
5505,JAM,1980,4975.0,2228.803
5506,JAM,1981,5040.0,2258.368
5507,JAM,1982,5019.0,2298.309
5508,JAM,1983,5117.0,2306.556
5509,JAM,1984,5059.0,2313.362
5510,JAM,1985,4814.0,2318.652
5511,JAM,1986,4884.0,2323.182
5512,JAM,1987,5254.0,2326.606
5513,JAM,1988,5397.0,2330.226
5514,JAM,1989,5748.0,2337.517
5515,JAM,1990,6035.0,2347.922
5516,JAM,1991,6116.583318077087,2380.6
5517,JAM,1992,6292.028858163386,2413.42
5518,JAM,1993,6414.47499695309,2446.47
5519,JAM,1994,6517.051589697604,2479.7
5520,JAM,1995,6656.283221580563,2513.04
5521,JAM,1996,6648.933156931844,2546.42
5522,JAM,1997,6523.636361939611,2579.39
5523,JAM,1998,6432.652956466898,2611.52
5524,JAM,1999,6485.322820069727,2642.78
5525,JAM,2000,6531.284758137969,2670.45
5526,JAM,2001,6615.192956377066,2694.39
5527,JAM,2002,6660.763022472471,2707.31
5528,JAM,2003,6908.666752574545,2709.36
5529,JAM,2004,7004.984536464446,2710.51
5530,JAM,2005,7073.770270170164,2710.71
5531,JAM,2006,7286.966682587152,2709.94
5532,JAM,2007,7402.178408572077,2708.17
5533,JAM,2008,7353.1071268786445,2705.41
5534,JAM,2009,7115.373072990181,2701.68
5535,JAM,2010,7025.930177209058,2697.01
5536,JAM,2011,7141.0,2691.54
5537,JAM,2012,7119.505553796556,2686.14
5538,JAM,2013,7147.53380579895,2681.6
5539,JAM,2014,7198.430289774914,2677.95
5540,JAM,2015,7268.231183366261,2675.28
5541,JAM,2016,7381.332418247254,2673.75
5542,JAM,2017,7433.147104870266,2673.14
5543,JAM,2018,7569.062750933488,2673.1
5544,JAM,2019,7641.0816460298365,2673.59
5545,JAM,2020,6880.488352713083,2674.6
5546,JAM,2021,7193.106273759636,2676.07
5547,JAM,2022,7481.66835778115,2675.77
5568,JOR,1970,3818.0,1502.959
5569,JOR,1971,3771.0,1556.226
5570,JOR,1972,3754.0,1613.551
5571,JOR,1973,3806.0,1674.258
5572,JOR,1974,3995.0,1737.593
5573,JOR,1975,4117.0,1802.96
5574,JOR,1976,4935.0,1869.657
5575,JOR,1977,5072.0,1937.652
5576,JOR,1978,5926.0,2006.908
5577,JOR,1979,6247.0,2077.386
5578,JOR,1980,7141.0,2162.807
5579,JOR,1981,7176.0,2253.579
5580,JOR,1982,7401.0,2347.031
5581,JOR,1983,7262.0,2439.504
5582,JOR,1984,7599.0,2532.511
5583,JOR,1985,7578.0,2627.75
5584,JOR,1986,7973.0,2724.221
5585,JOR,1987,7911.0,2820.042
5586,JOR,1988,7571.0,2916.505
5587,JOR,1989,6540.0,3018.99
5588,JOR,1990,6044.0,3262.054
5589,JOR,1991,5900.509320292871,3631.31
5590,JOR,1992,6456.12314842036,3868.76
5591,JOR,1993,6460.662824138845,3986.5
5592,JOR,1994,6538.173254234838,4085.83
5593,JOR,1995,6760.108465082189,4173.72
5594,JOR,1996,6783.22904950219,4276.03
5595,JOR,1997,6942.458967216002,4379.33
5596,JOR,1998,7120.493691528883,4484.22
5597,JOR,1999,7340.493689376685,4591.3
5598,JOR,2000,7621.840619610805,4700.34
5599,JOR,2001,7982.74070250386,4811.12
5600,JOR,2002,8394.055084111911,4923.41
5601,JOR,2003,8669.624649470688,5037.03
5602,JOR,2004,9288.616596052056,5160.83
5603,JOR,2005,9860.808145249524,5295.47
5604,JOR,2006,10404.5617208557,5764.57
5605,JOR,2007,10938.804383314186,6242.51
5606,JOR,2008,11378.25625939966,6397.17
5607,JOR,2009,11651.24975116796,6537.71
5608,JOR,2010,11601.087537414784,6679.88
5609,JOR,2011,11615.0,6839.6
5610,JOR,2012,11704.65707101586,6952.07
5611,JOR,2013,10834.426020005509,7706.49
5612,JOR,2014,9765.810696665814,8839.09
5613,JOR,2015,9307.248097850334,9506.08
5614,JOR,2016,9149.412159168984,9862.89
5615,JOR,2017,9186.47642490901,10066.12
5616,JOR,2018,9174.50142395984,10272.68
5617,JOR,2019,9166.066669962704,10480.27
5618,JOR,2020,8896.382551027444,10628.44
5619,JOR,2021,9019.89487021807,10716.46
5620,JOR,2022,9151.478800964958,10848.72
5641,JPN,1970,15484.0,104344.973
5642,JPN,1971,16004.0,105696.786
5643,JPN,1972,17110.0,107188.273
5644,JPN,1973,18226.0,108706.797
5645,JPN,1974,17765.0,110162.302
5646,JPN,1975,18082.0,111573.116
5647,JPN,1976,18600.0,112774.841
5648,JPN,1977,19230.0,113872.473
5649,JPN,1978,20060.0,114912.911
5650,JPN,1979,20982.0,115890.431
5651,JPN,1980,21404.0,116807.309
5652,JPN,1981,21924.0,117648.092
5653,JPN,1982,22440.0,118454.974
5654,JPN,1983,22805.0,119269.949
5655,JPN,1984,23548.0,120034.697
5656,JPN,1985,24437.0,120754.335
5657,JPN,1986,24992.0,121491.913
5658,JPN,1987,25904.0,122091.325
5659,JPN,1988,27393.0,122613.0
5660,JPN,1989,28601.0,123107.5
5661,JPN,1990,29949.0,123537.399
5662,JPN,1991,30837.43073704086,124027.11
5663,JPN,1992,30977.814490431163,124492.83
5664,JPN,1993,30920.659268311716,124863.61
5665,JPN,1994,31135.427225745774,125041.5
5666,JPN,1995,31887.277635764545,125361.31
5667,JPN,1996,32784.158185979286,125636.15
5668,JPN,1997,33038.29300139854,125935.97
5669,JPN,1998,32558.186616065806,126273.77
5670,JPN,1999,32394.51549054036,126511.63
5671,JPN,2000,33210.80781599041,126755.48
5672,JPN,2001,33246.39206634778,127056.3
5673,JPN,2002,33195.400475895716,127324.14
5674,JPN,2003,33619.94807056829,127558.0
5675,JPN,2004,34313.55688470585,127657.94
5676,JPN,2005,34857.755819604856,127678.93
5677,JPN,2006,35333.11309237394,127761.88
5678,JPN,2007,35892.7127732509,127903.8
5679,JPN,2008,35496.22745171,127968.76
5680,JPN,2009,33590.01094460268,127957.77
5681,JPN,2010,35011.4025017665,127966.76
5682,JPN,2011,34979.0,127754.89
5683,JPN,2012,35537.438764156825,127476.05
5684,JPN,2013,36312.34651581893,127257.18
5685,JPN,2014,36440.2154003201,127186.23
5686,JPN,2015,37053.174046739085,127034.32
5687,JPN,2016,37384.55705421662,126857.42
5688,JPN,2017,38078.9622718879,126630.56
5689,JPN,2018,38403.68119500713,126367.71
5690,JPN,2019,38332.93526364285,126091.78
5691,JPN,2020,36826.638969213906,125633.55
5692,JPN,2021,37678.275798449475,125427.27
5693,JPN,2022,38268.788301490815,124762.11
5714,KAZ,1970,,13106.377
5715,KAZ,1971,,13324.719
5716,KAZ,1972,,13541.694
5717,KAZ,1973,12154.0,13754.298
5718,KAZ,1974,,13971.543
5719,KAZ,1975,,14157.075
5720,KAZ,1976,,14304.436
5721,KAZ,1977,,14454.828
5722,KAZ,1978,,14623.619
5723,KAZ,1979,,14803.694
5724,KAZ,1980,11899.0,14966.718
5725,KAZ,1981,11604.0,15136.447
5726,KAZ,1982,11322.0,15303.467
5727,KAZ,1983,11735.0,15466.787
5728,KAZ,1984,11553.0,15630.279
5729,KAZ,1985,11545.0,15789.549
5730,KAZ,1986,11576.0,15946.119
5731,KAZ,1987,11389.0,16109.358
5732,KAZ,1988,12256.0,16206.749
5733,KAZ,1989,12153.0,16265.063
5734,KAZ,1990,11888.0,16398.131
5735,KAZ,1991,10557.11546438078,16522.46
5736,KAZ,1992,10012.611157722837,16583.48
5737,KAZ,1993,9173.637280947603,16522.64
5738,KAZ,1994,8178.790803694124,16288.69
5739,KAZ,1995,7674.063238419553,16021.62
5740,KAZ,1996,7826.857651200674,15871.75
5741,KAZ,1997,8093.795999765463,15691.72
5742,KAZ,1998,8088.648031706908,15484.89
5743,KAZ,1999,8421.348060463917,15356.53
5744,KAZ,2000,9309.419465185802,15334.8
5745,KAZ,2001,10589.102835279044,15383.37
5746,KAZ,2002,11640.180095676627,15447.1
5747,KAZ,2003,12726.286825699914,15525.67
5748,KAZ,2004,13929.729757013873,15629.39
5749,KAZ,2005,15233.840763004664,15758.32
5750,KAZ,2006,16786.554765093286,15913.64
5751,KAZ,2007,18181.05982153986,16085.79
5752,KAZ,2008,18665.76533203543,16271.34
5753,KAZ,2009,18750.540283577073,16480.18
5754,KAZ,2010,19964.529922988575,16696.7
5755,KAZ,2011,21302.0,16911.32
5756,KAZ,2012,22089.923718804268,17123.68
5757,KAZ,2013,23110.025408993835,17333.36
5758,KAZ,2014,23819.74787260592,17540.03
5759,KAZ,2015,23782.56175517557,17743.13
5760,KAZ,2016,23731.51139526774,17941.33
5761,KAZ,2017,24396.7787940787,18132.9
5762,KAZ,2018,25142.706513208348,18316.33
5763,KAZ,2019,26026.063990443567,18490.91
5764,KAZ,2020,25124.48654506269,18656.43
5765,KAZ,2021,25936.38276048782,18813.39
5766,KAZ,2022,26491.8568103925,19010.9
5787,KEN,1970,1458.0,11247.182
5788,KEN,1971,1500.0,11633.03
5789,KEN,1972,1524.0,12044.785
5790,KEN,1973,1546.0,12482.054
5791,KEN,1974,1564.0,12944.287
5792,KEN,1975,1502.0,13433.414
5793,KEN,1976,1503.0,13951.436
5794,KEN,1977,1580.0,14500.404
5795,KEN,1978,1656.0,15079.69
5796,KEN,1979,1651.0,15690.251
5797,KEN,1980,1675.0,16330.543
5798,KEN,1981,1647.0,16987.225
5799,KEN,1982,1680.0,17659.971
5800,KEN,1983,1627.0,18347.988
5801,KEN,1984,1594.0,19050.214
5802,KEN,1985,1604.0,19761.488
5803,KEN,1986,1658.0,20477.115
5804,KEN,1987,1698.0,21195.78
5805,KEN,1988,1741.0,21915.872
5806,KEN,1989,1761.0,22634.772
5807,KEN,1990,1780.0,23354.478
5808,KEN,1991,1777.783780548638,24104.61
5809,KEN,1992,1724.8744312691024,24986.23
5810,KEN,1993,1698.254146224367,25764.6
5811,KEN,1994,1729.717161151452,26399.45
5812,KEN,1995,1789.894544052528,27091.5
5813,KEN,1996,1851.2813821524276,27812.89
5814,KEN,1997,1846.373835766398,28575.59
5815,KEN,1998,1889.973103668459,29375.16
5816,KEN,1999,1920.8339449326857,30191.65
5817,KEN,2000,1914.8863918102004,31024.77
5818,KEN,2001,1972.381106140012,31919.02
5819,KEN,2002,1961.8949398416116,32865.23
5820,KEN,2003,1997.776820025734,33846.16
5821,KEN,2004,2066.210198119626,34880.3
5822,KEN,2005,2157.841569544736,35961.32
5823,KEN,2006,2255.2585651583754,37092.53
5824,KEN,2007,2380.7763326176305,38248.17
5825,KEN,2008,2357.2325411299603,39440.82
5826,KEN,2009,2404.629579916276,40668.42
5827,KEN,2010,2579.5309176535393,41899.93
5828,KEN,2011,2712.0,43197.68
5829,KEN,2012,2754.764533971864,44470.15
5830,KEN,2013,2786.1372064414063,45639.36
5831,KEN,2014,2852.933016462436,46808.26
5832,KEN,2015,2921.342653418094,47983.12
5833,KEN,2016,2975.479467174077,49095.32
5834,KEN,2017,3020.9817782496148,50201.1
5835,KEN,2018,3120.4313827317205,51357.34
5836,KEN,2019,3207.2622939310386,52522.24
5837,KEN,2020,3129.5852831150996,53691.29
5838,KEN,2021,3292.7584367959853,54866.58
5839,KEN,2022,3403.923807340963,55924.33
5860,KGZ,1970,,2963.792
5861,KGZ,1971,,3029.219
5862,KGZ,1972,,3094.945
5863,KGZ,1973,5941.0,3161.16
5864,KGZ,1974,,3231.885
5865,KGZ,1975,,3300.684
5866,KGZ,1976,,3366.925
5867,KGZ,1977,,3432.218
5868,KGZ,1978,,3496.165
5869,KGZ,1979,,3559.457
5870,KGZ,1980,5848.0,3622.728
5871,KGZ,1981,5789.0,3690.194
5872,KGZ,1982,5726.0,3762.646
5873,KGZ,1983,5992.0,3841.789
5874,KGZ,1984,5952.0,3923.781
5875,KGZ,1985,5616.0,4005.552
5876,KGZ,1986,5413.0,4089.478
5877,KGZ,1987,5241.0,4175.598
5878,KGZ,1988,5679.0,4243.665
5879,KGZ,1989,5719.0,4301.702
5880,KGZ,1990,5742.0,4382.486
5881,KGZ,1991,5161.904116044311,4445.7
5882,KGZ,1992,4362.11265416902,4488.85
5883,KGZ,1993,3764.9421123625634,4479.71
5884,KGZ,1994,2993.827819366951,4472.46
5885,KGZ,1995,2776.0303102192483,4516.18
5886,KGZ,1996,2901.554193957308,4580.16
5887,KGZ,1997,3114.6749563452076,4643.69
5888,KGZ,1998,3105.961049913123,4708.41
5889,KGZ,1999,3144.4611549683736,4773.36
5890,KGZ,2000,3246.3830690680416,4826.16
5891,KGZ,2001,3357.9930090418734,4864.97
5892,KGZ,2002,3299.2459997492856,4901.27
5893,KGZ,2003,3464.82014694552,4945.64
5894,KGZ,2004,3632.147095515402,4998.61
5895,KGZ,2005,3554.1856553323405,5048.18
5896,KGZ,2006,3594.565237588054,5095.6
5897,KGZ,2007,3831.494819860611,5137.44
5898,KGZ,2008,4046.7207864801944,5179.6
5899,KGZ,2009,4075.833939994029,5237.75
5900,KGZ,2010,3977.648892565457,5288.84
5901,KGZ,2011,4142.0,5328.18
5902,KGZ,2012,4103.819897525385,5373.02
5903,KGZ,2013,4509.751501507293,5423.06
5904,KGZ,2014,4644.326135023042,5477.82
5905,KGZ,2015,4772.759897971902,5537.02
5906,KGZ,2016,4925.409447470012,5598.06
5907,KGZ,2017,5104.140189948135,5658.09
5908,KGZ,2018,5226.480546487255,5716.78
5909,KGZ,2019,5412.708154201197,5774.07
5910,KGZ,2020,4899.061185204598,5829.74
5911,KGZ,2021,5035.927289811476,5883.52
5912,KGZ,2022,5304.840702135427,5976.24
5933,KHM,1970,1031.0,7395.691
5934,KHM,1971,980.0,7388.311
5935,KHM,1972,920.0,7452.24
5936,KHM,1973,1239.0,7535.673
5937,KHM,1974,1049.0,7610.236
5938,KHM,1975,925.0,7491.268
5939,KHM,1976,1025.0,7227.154
5940,KHM,1977,1143.0,6991.474
5941,KHM,1978,1291.0,6767.162
5942,KHM,1979,1325.0,6733.638
5943,KHM,1980,1320.0,6888.021
5944,KHM,1981,1301.0,7080.11
5945,KHM,1982,1358.0,7293.842
5946,KHM,1983,1412.0,7520.615
5947,KHM,1984,1476.0,7676.468
5948,KHM,1985,1540.0,7822.12
5949,KHM,1986,1578.0,8079.132
5950,KHM,1987,1490.0,8380.011
5951,KHM,1988,1473.0,8691.85
5952,KHM,1989,1455.0,9013.993
5953,KHM,1990,1404.0,9344.566
5954,KHM,1991,1425.045553471786,9682.91
5955,KHM,1992,1427.2857310323895,10116.79
5956,KHM,1993,1384.292501749733,10595.54
5957,KHM,1994,1416.463739162818,10944.13
5958,KHM,1995,1439.2865435327358,11203.53
5959,KHM,1996,1450.5251233663794,11453.51
5960,KHM,1997,1466.3666982038446,11690.24
5961,KHM,1998,1476.2960083316154,11912.66
5962,KHM,1999,1586.2104587694364,12122.15
5963,KHM,2000,1659.0890898348373,12317.24
5964,KHM,2001,1726.471284318923,12503.66
5965,KHM,2002,1770.9571137654857,12690.54
5966,KHM,2003,1850.2042883747308,12881.4
5967,KHM,2004,1965.8786389334944,13076.05
5968,KHM,2005,2144.844986180705,13275.77
5969,KHM,2006,2286.3846663963645,13460.68
5970,KHM,2007,2422.7565010500275,13630.07
5971,KHM,2008,2482.006831285139,13807.93
5972,KHM,2009,2433.306125136748,13990.17
5973,KHM,2010,2426.686966284998,14161.69
5974,KHM,2011,2496.0,14321.6
5975,KHM,2012,2649.3060781211075,14479.59
5976,KHM,2013,2813.6703885181205,14636.78
5977,KHM,2014,2982.72858537496,14793.43
5978,KHM,2015,3149.874166498582,14994.06
5979,KHM,2016,3312.0814919050836,15238.38
5980,KHM,2017,3488.595142985761,15479.64
5981,KHM,2018,3692.4299528391257,15717.46
5982,KHM,2019,3896.797803857532,15943.72
5983,KHM,2020,3728.198416173488,16148.8
5984,KHM,2021,3796.4843887752886,16338.21
5985,KHM,2022,3944.2467702969593,16514.33
6006,KOR,1970,2974.8072732956584,32241.0
6007,KOR,1971,3221.6744937750714,32883.0
6008,KOR,1972,3387.8905346118213,33505.0
6009,KOR,1973,3822.045799463185,34073.0
6010,KOR,1974,4112.601325032374,34692.0
6011,KOR,1975,4362.006746706523,35281.0
6012,KOR,1976,4855.940724881614,35860.0
6013,KOR,1977,5367.794887355466,36436.0
6014,KOR,1978,5856.49651833948,37019.0
6015,KOR,1979,6265.886205249983,37534.0
6016,KOR,1980,6064.040092821813,38124.0
6017,KOR,1981,6398.8511360217,38723.0
6018,KOR,1982,6821.474936083777,39326.0
6019,KOR,1983,7611.734139861028,39910.0
6020,KOR,1984,8303.518986307037,40406.0
6021,KOR,1985,8859.355336346227,40806.0
6022,KOR,1986,9756.205450692703,41214.0
6023,KOR,1987,10864.97413160522,41622.0
6024,KOR,1988,12039.9457868355,42031.0
6025,KOR,1989,12759.489612075164,42449.0
6026,KOR,1990,13874.0,42869.0
6027,KOR,1991,15056.160326567746,43296.0
6028,KOR,1992,15712.0022092603,43748.0
6029,KOR,1993,16503.433857817592,44195.0
6030,KOR,1994,17720.395308373292,44642.0
6031,KOR,1995,19089.29912557484,45093.0
6032,KOR,1996,20204.56136547132,45525.0
6033,KOR,1997,21055.94615644955,45954.0
6034,KOR,1998,19624.6915876868,46287.0
6035,KOR,1999,21540.692575222503,46617.0
6036,KOR,2000,23108.017536761676,47008.0
6037,KOR,2001,23804.43768515713,47370.0
6038,KOR,2002,25250.637414954017,47645.0
6039,KOR,2003,25679.246561200725,47892.0
6040,KOR,2004,26646.503286459843,48083.0
6041,KOR,2005,27443.283376883013,48185.0
6042,KOR,2006,28516.483775556775,48438.0
6043,KOR,2007,29716.570420277814,48684.0
6044,KOR,2008,30117.728576767186,49055.0
6045,KOR,2009,29967.563070262888,49308.0
6046,KOR,2010,31537.77292717931,49554.0
6047,KOR,2011,32225.0,49937.0
6048,KOR,2012,32826.48165051375,50200.0
6049,KOR,2013,33711.65548677562,50429.0
6050,KOR,2014,34573.08841234377,50747.0
6051,KOR,2015,35357.51986279728,51015.0
6052,KOR,2016,36255.23836314979,51218.0
6053,KOR,2017,37296.045713096246,51362.0
6054,KOR,2018,38214.32540521402,51585.0
6055,KOR,2019,38935.99206126933,51765.0
6056,KOR,2020,38606.98332035484,51836.0
6057,KOR,2021,40277.95211820309,51745.0
6058,KOR,2022,41320.89777310909,51730.69
6079,KWT,1970,48927.0,747.502
6080,KWT,1971,49302.0,793.314
6081,KWT,1972,48283.0,841.934
6082,KWT,1973,42542.0,893.534
6083,KWT,1974,34962.0,948.296
6084,KWT,1975,28950.0,1006.892
6085,KWT,1976,28956.0,1071.549
6086,KWT,1977,26168.0,1140.357
6087,KWT,1978,26363.0,1213.584
6088,KWT,1979,28174.0,1291.514
6089,KWT,1980,21154.0,1369.769
6090,KWT,1981,16402.0,1432.188
6091,KWT,1982,13845.0,1497.494
6092,KWT,1983,14292.0,1565.822
6093,KWT,1984,14384.0,1637.314
6094,KWT,1985,13015.0,1732.824
6095,KWT,1986,13509.0,1811.489
6096,KWT,1987,12416.0,1891.487
6097,KWT,1988,12317.0,1973.148
6098,KWT,1989,12701.0,2056.779
6099,KWT,1990,9757.0,2142.011
6100,KWT,1991,6310.906841937073,945.72
6101,KWT,1992,12965.066926616888,1409.84
6102,KWT,1993,19955.314329145524,1495.6
6103,KWT,1994,24532.413492222782,1583.33
6104,KWT,1995,27552.960982288823,1672.8
6105,KWT,1996,29612.660098999528,1749.58
6106,KWT,1997,31511.19130335695,1810.88
6107,KWT,1998,33331.29862444811,1869.29
6108,KWT,1999,33351.194990545264,1926.06
6109,KWT,2000,35844.74752408508,1982.27
6110,KWT,2001,37225.86941047539,2038.03
6111,KWT,2002,39943.14816272846,2093.88
6112,KWT,2003,48809.71276230893,2150.68
6113,KWT,2004,55911.79359991091,2208.44
6114,KWT,2005,62959.60142173128,2268.12
6115,KWT,2006,68546.14288731133,2328.65
6116,KWT,2007,73096.87097345167,2387.87
6117,KWT,2008,75138.1196927745,2445.57
6118,KWT,2009,70072.72938394904,2501.72
6119,KWT,2010,68865.3096214215,2556.25
6120,KWT,2011,77126.0,2609.09
6121,KWT,2012,80657.13443775402,2660.15
6122,KWT,2013,80098.63837776096,2709.53
6123,KWT,2014,79103.41717825482,2757.31
6124,KWT,2015,78261.19827106388,2803.51
6125,KWT,2016,79289.1733374591,2848.13
6126,KWT,2017,74427.02713451623,2891.16
6127,KWT,2018,75163.98076945363,2932.58
6128,KWT,2019,73748.43881057002,2972.37
6129,KWT,2020,66365.99082465029,3010.53
6130,KWT,2021,66418.20573419507,3047.51
6131,KWT,2022,71533.5138641709,3060.96
6152,LAO,1970,850.0,2845.0
6153,LAO,1971,875.0,2904.0
6154,LAO,1972,886.0,2964.0
6155,LAO,1973,944.0,3027.0
6156,LAO,1974,958.0,3092.0
6157,LAO,1975,999.0,3161.0
6158,LAO,1976,1023.0,3176.0
6159,LAO,1977,993.0,3208.0
6160,LAO,1978,991.0,3248.0
6161,LAO,1979,966.0,3268.0
6162,LAO,1980,1054.0,3293.0
6163,LAO,1981,1199.0,3337.0
6164,LAO,1982,1256.0,3411.0
6165,LAO,1983,1283.0,3495.0
6166,LAO,1984,1344.0,3577.0
6167,LAO,1985,1382.0,3657.0
6168,LAO,1986,1409.0,3762.0
6169,LAO,1987,1350.0,3869.0
6170,LAO,1988,1286.0,3980.0
6171,LAO,1989,1428.0,4094.0
6172,LAO,1990,1481.0,4210.0
6173,LAO,1991,1512.4798702285682,4331.0
6174,LAO,1992,1563.9057366520678,4454.0
6175,LAO,1993,1622.5545160828326,4581.0
6176,LAO,1994,1718.115856298488,4712.0
6177,LAO,1995,1801.5440155534436,4846.0
6178,LAO,1996,1899.895867309289,4948.0
6179,LAO,1997,2002.2359892027025,5055.0
6180,LAO,1998,2050.8838106292883,5168.0
6181,LAO,1999,2167.7796233975246,5286.0
6182,LAO,2000,2262.235649025405,5397.0
6183,LAO,2001,2365.1033363545753,5499.0
6184,LAO,2002,2486.9891913870906,5578.0
6185,LAO,2003,2625.348218633138,5654.0
6186,LAO,2004,2784.680091441686,5746.0
6187,LAO,2005,2948.699618236258,5836.0
6188,LAO,2006,2896.1354787623054,5931.0
6189,LAO,2007,3389.364066917482,6035.0
6190,LAO,2008,3614.476826887085,6145.0
6191,LAO,2009,3843.829749938656,6257.0
6192,LAO,2010,4114.010276081498,6368.0
6193,LAO,2011,4401.0,6477.0
6194,LAO,2012,4670.0,6586.0
6195,LAO,2013,4961.0,6695.0
6196,LAO,2014,5251.0,6804.0
6197,LAO,2015,5559.0,6912.0
6198,LAO,2016,5859.663318233265,7019.0
6199,LAO,2017,6168.17039874989,7126.706
6200,LAO,2018,6454.777867001544,7234.171
6201,LAO,2019,6706.006344744449,7343.164054057519
6202,LAO,2020,6824.144154116059,7452.461543766325
6203,LAO,2021,6961.121418225251,7560.040346587603
6204,LAO,2022,7168.190637426723,7666.356606908566
6225,LBN,1970,7084.0,2383.029
6226,LBN,1971,7533.0,2529.477
6227,LBN,1972,8228.0,2680.396
6228,LBN,1973,8397.0,2825.848
6229,LBN,1974,8383.0,2988.248
6230,LBN,1975,5742.0,3098.996
6231,LBN,1976,2442.0,3119.581
6232,LBN,1977,4417.0,3116.929
6233,LBN,1978,4218.0,3110.678
6234,LBN,1979,4536.0,3100.87
6235,LBN,1980,4608.0,3087.467
6236,LBN,1981,4549.0,3083.231
6237,LBN,1982,2823.0,3088.741
6238,LBN,1983,3402.0,3091.782
6239,LBN,1984,4828.0,3092.361
6240,LBN,1985,5895.0,3090.44
6241,LBN,1986,5400.0,3089.133
6242,LBN,1987,6202.0,3091.699
6243,LBN,1988,4385.0,3098.338
6244,LBN,1989,2488.0,3109.21
6245,LBN,1990,3086.0,3149.674
6246,LBN,1991,4326.299404533239,3211.11
6247,LBN,1992,4618.005428583986,3250.74
6248,LBN,1993,5053.280309316094,3286.19
6249,LBN,1994,5585.666968395444,3319.74
6250,LBN,1995,6095.39700691427,3351.31
6251,LBN,1996,6567.400634391225,3381.01
6252,LBN,1997,6581.053121520845,3408.98
6253,LBN,1998,6994.156938647532,3435.41
6254,LBN,1999,7147.55479752894,3460.18
6255,LBN,2000,7405.707026321809,3499.46
6256,LBN,2001,7836.826603495309,3554.35
6257,LBN,2002,8248.10023107528,3609.52
6258,LBN,2003,8671.187789419218,3664.84
6259,LBN,2004,9491.610652176803,3720.55
6260,LBN,2005,9933.081890460697,3776.51
6261,LBN,2006,10236.86827626687,3852.95
6262,LBN,2007,11276.506686752524,3954.21
6263,LBN,2008,12479.10771337445,4035.67
6264,LBN,2009,14039.34617129224,4081.72
6265,LBN,2010,15622.367105111432,4097.09
6266,LBN,2011,16230.0,4114.73
6267,LBN,2012,16284.7630230297,4206.04
6268,LBN,2013,15145.569358256793,4695.52
6269,LBN,2014,13586.273768366233,5364.5
6270,LBN,2015,12982.721189076505,5639.77
6271,LBN,2016,13073.556155530465,5687.73
6272,LBN,2017,13209.283911936904,5680.12
6273,LBN,2018,13236.691613816594,5561.51
6274,LBN,2019,12854.796577078958,5330.73
6275,LBN,2020,10182.636876101324,4986.19
6276,LBN,2021,10573.861131356723,4801.71
6277,LBN,2022,10341.159377973654,4713.37
6298,LBR,1970,4457.0,1397.0
6299,LBR,1971,4544.0,1440.0
6300,LBR,1972,4568.0,1484.0
6301,LBR,1973,4603.0,1529.0
6302,LBR,1974,4616.0,1577.0
6303,LBR,1975,4326.0,1618.0
6304,LBR,1976,4415.0,1661.0
6305,LBR,1977,4339.0,1706.0
6306,LBR,1978,4463.0,1754.0
6307,LBR,1979,4546.0,1804.0
6308,LBR,1980,4138.0,1858.0
6309,LBR,1981,3862.0,1913.0
6310,LBR,1982,3813.0,1972.0
6311,LBR,1983,3572.0,2033.0
6312,LBR,1984,3443.0,2096.0
6313,LBR,1985,3269.0,2163.0
6314,LBR,1986,3129.0,2233.0
6315,LBR,1987,3084.0,2306.0
6316,LBR,1988,3070.0,2382.0
6317,LBR,1989,3054.0,2462.0
6318,LBR,1990,1690.0,2178.0
6319,LBR,1991,1568.4043286983122,1907.0
6320,LBR,1992,915.120585248132,2009.0
6321,LBR,1993,560.3330147474942,2084.0
6322,LBR,1994,418.12158214497464,2069.0
6323,LBR,1995,377.58008600533714,2075.0
6324,LBR,1996,391.0859171717719,2130.0
6325,LBR,1997,701.7853850108825,2317.0
6326,LBR,1998,772.6764682845994,2584.0
6327,LBR,1999,848.4211681365946,2741.0
6328,LBR,2000,971.9330161461148,2847.0
6329,LBR,2001,1097.2495869058737,2917.0
6330,LBR,2002,1342.758761250616,2978.0
6331,LBR,2003,851.9109502106338,2983.0
6332,LBR,2004,760.8757761095105,3005.0
6333,LBR,2005,755.2235910448753,3138.0
6334,LBR,2006,769.2929535293048,3311.0
6335,LBR,2007,768.2070408451428,3469.0
6336,LBR,2008,811.1580337845761,3603.0
6337,LBR,2009,838.4520362621203,3708.0
6338,LBR,2010,854.2349728657374,3817.0
6339,LBR,2011,820.0,3984.0
6340,LBR,2012,853.0,4141.0
6341,LBR,2013,900.0,4244.0
6342,LBR,2014,884.0,4348.0
6343,LBR,2015,865.0,4460.0
6344,LBR,2016,843.5262300831839,4576.0
6345,LBR,2017,848.2952239989679,4689.021
6346,LBR,2018,842.3757235618091,4809.768
6347,LBR,2019,807.3494040129257,4904.104315435603
6348,LBR,2020,768.4054462244039,5004.733456684483
6349,LBR,2021,790.2841169364428,5108.841998418208
6350,LBR,2022,811.2146171951392,5216.327634261199
6371,LBY,1970,6591.0,1999.162
6372,LBY,1971,6008.0,2077.381
6373,LBY,1972,6237.0,2183.877
6374,LBY,1973,6005.0,2312.369
6375,LBY,1974,6923.0,2451.375
6376,LBY,1975,6872.0,2569.606
6377,LBY,1976,8142.0,2666.16
6378,LBY,1977,8682.0,2721.783
6379,LBY,1978,8730.0,2796.747
6380,LBY,1979,9086.0,2928.575
6381,LBY,1980,8741.0,3065.365
6382,LBY,1981,6760.0,3204.071
6383,LBY,1982,6661.0,3344.074
6384,LBY,1983,6237.0,3484.531
6385,LBY,1984,5695.0,3624.92
6386,LBY,1985,6092.0,3675.422
6387,LBY,1986,5370.0,3699.538
6388,LBY,1987,4465.0,3799.845
6389,LBY,1988,4670.0,3913.314
6390,LBY,1989,4873.0,4026.847
6391,LBY,1990,4921.0,4139.825
6392,LBY,1991,5977.336924783058,4247.59
6393,LBY,1992,6113.3535083834295,4354.04
6394,LBY,1993,6190.681383145807,4458.63
6395,LBY,1994,6645.076570544713,4562.71
6396,LBY,1995,6898.952376397879,4630.2
6397,LBY,1996,7543.935430735358,4667.56
6398,LBY,1997,8422.214675783796,4747.36
6399,LBY,1998,8545.48067270692,4870.13
6400,LBY,1999,9064.067319389056,4993.03
6401,LBY,2000,9770.980438899314,5115.5
6402,LBY,2001,10354.482576624623,5236.93
6403,LBY,2002,10787.674732527088,5356.65
6404,LBY,2003,12870.57452617692,5475.69
6405,LBY,2004,14193.259007830184,5595.3
6406,LBY,2005,16538.556629333652,5715.32
6407,LBY,2006,18657.06165054426,5835.48
6408,LBY,2007,20731.717782800333,5967.49
6409,LBY,2008,25140.598828815702,6114.68
6410,LBY,2009,26403.78804299887,6270.3
6411,LBY,2010,29157.142083381335,6431.65
6412,LBY,2011,12893.0,6143.65
6413,LBY,2012,25302.51626186175,5848.66
6414,LBY,2013,20190.090227968107,6010.44
6415,LBY,2014,15154.098245791236,6162.58
6416,LBY,2015,14720.547614873803,6290.6
6417,LBY,2016,14219.171598320956,6415.31
6418,LBY,2017,18455.95253043557,6548.55
6419,LBY,2018,19504.555642363055,6688.55
6420,LBY,2019,16971.502279517455,6826.22
6421,LBY,2020,11741.864485139677,6960.23
6422,LBY,2021,14797.097464611928,7088.09
6423,LBY,2022,12755.20378686715,7169.19
6444,LCA,1970,2203.0,103.0
6445,LCA,1971,2265.0,105.0
6446,LCA,1972,2279.0,107.0
6447,LCA,1973,2268.0,109.0
6448,LCA,1974,2356.0,111.0
6449,LCA,1975,2428.0,112.0
6450,LCA,1976,2820.0,115.0
6451,LCA,1977,3027.0,117.0
6452,LCA,1978,3196.0,119.0
6453,LCA,1979,3247.0,120.0
6454,LCA,1980,3011.0,122.0
6455,LCA,1981,3051.0,124.0
6456,LCA,1982,3102.0,126.0
6457,LCA,1983,3229.0,127.0
6458,LCA,1984,3403.0,129.0
6459,LCA,1985,3606.0,131.0
6460,LCA,1986,4157.0,133.0
6461,LCA,1987,4224.0,134.0
6462,LCA,1988,4779.0,135.0
6463,LCA,1989,5093.0,136.0
6464,LCA,1990,5203.0,138.0
6465,LCA,1991,5270.254596019766,139.0
6466,LCA,1992,5737.28842208217,141.0
6467,LCA,1993,5804.055737735578,143.0
6468,LCA,1994,5945.768565259041,145.0
6469,LCA,1995,6095.830092752419,146.0
6470,LCA,1996,6330.934458708241,148.0
6471,LCA,1997,6344.784646072032,150.0
6472,LCA,1998,6831.229608176917,151.0
6473,LCA,1999,7111.868498438591,152.0
6474,LCA,2000,7191.274730625037,153.0
6475,LCA,2001,7014.288076158722,154.0
6476,LCA,2002,7141.754537060838,155.0
6477,LCA,2003,7602.128975099487,156.0
6478,LCA,2004,8322.345450112154,157.0
6479,LCA,2005,8418.911481220062,157.0
6480,LCA,2006,9135.339530732512,158.0
6481,LCA,2007,9377.895824374842,159.0
6482,LCA,2008,9931.684182477486,160.0
6483,LCA,2009,10061.634176036254,160.0
6484,LCA,2010,10058.623167880573,161.0
6485,LCA,2011,10255.0,162.0
6486,LCA,2012,10067.0,162.0
6487,LCA,2013,10037.0,163.0
6488,LCA,2014,10035.0,163.0
6489,LCA,2015,10185.0,164.0
6490,LCA,2016,10486.955408239572,164.0
6491,LCA,2017,10796.24708512731,164.994
6492,LCA,2018,11060.510536581329,165.51
6493,LCA,2019,10977.81895925403,166.15663973961142
6494,LCA,2020,8164.906432742802,166.76513238667025
6495,LCA,2021,9067.72075035536,167.15032497976253
6496,LCA,2022,10452.164586324086,167.3419908594171
6517,LKA,1970,2389.0,12618.72
6518,LKA,1971,2322.0,12869.417
6519,LKA,1972,2327.0,13116.399
6520,LKA,1973,2378.0,13351.662
6521,LKA,1974,2418.0,13562.004
6522,LKA,1975,2434.0,13779.193
6523,LKA,1976,2464.0,14013.106
6524,LKA,1977,2582.0,14249.606
6525,LKA,1978,2694.0,14511.088
6526,LKA,1979,2815.0,14796.646
6527,LKA,1980,2917.0,15055.97
6528,LKA,1981,3049.0,15315.491
6529,LKA,1982,3151.0,15575.466
6530,LKA,1983,3268.0,15784.464
6531,LKA,1984,3387.0,15976.917
6532,LKA,1985,3484.0,16188.11
6533,LKA,1986,3607.0,16423.789
6534,LKA,1987,3590.0,16663.116
6535,LKA,1988,3633.0,16903.079
6536,LKA,1989,3677.0,17142.293
6537,LKA,1990,3864.0,17365.08
6538,LKA,1991,4214.981900863511,17511.0
6539,LKA,1992,4020.974175499325,17716.45
6540,LKA,1993,4247.023034623755,17969.63
6541,LKA,1994,4500.8195552981315,18237.52
6542,LKA,1995,4702.294694659047,18476.69
6543,LKA,1996,5187.708829550781,18692.69
6544,LKA,1997,5628.53029882429,18915.8
6545,LKA,1998,5440.2210189103525,19124.2
6546,LKA,1999,5488.515373190962,19353.93
6547,LKA,2000,5841.094138774196,19609.64
6548,LKA,2001,5620.96581354052,19838.15
6549,LKA,2002,5721.308690943176,20060.27
6550,LKA,2003,5963.569712578056,20297.12
6551,LKA,2004,6191.966443165941,20528.7
6552,LKA,2005,6491.198233887651,20703.16
6553,LKA,2006,6904.036139768964,20917.43
6554,LKA,2007,7283.6321055447,21119.85
6555,LKA,2008,7622.408932412526,21315.43
6556,LKA,2009,7796.647424034445,21502.54
6557,LKA,2010,8319.70286162119,21712.65
6558,LKA,2011,8918.0,21917.65
6559,LKA,2012,9599.044793971574,22120.31
6560,LKA,2013,9898.523366371355,22320.26
6561,LKA,2014,10437.810557761171,22517.08
6562,LKA,2015,10784.184599999484,22710.51
6563,LKA,2016,11236.11952335734,22898.68
6564,LKA,2017,11868.201665106862,23079.82
6565,LKA,2018,12051.54682423908,23253.73
6566,LKA,2019,11939.549660268758,23420.22
6567,LKA,2020,11447.249328773152,23579.31
6568,LKA,2021,11751.948619091754,23732.1
6569,LKA,2022,10705.481483137308,23796.09
6590,LSO,1970,1073.0,1067.0
6591,LSO,1971,952.0,1092.0
6592,LSO,1972,1108.0,1117.0
6593,LSO,1973,1364.0,1142.0
6594,LSO,1974,1414.0,1169.0
6595,LSO,1975,1270.0,1195.0
6596,LSO,1976,1447.0,1223.0
6597,LSO,1977,1658.0,1255.0
6598,LSO,1978,1934.0,1289.0
6599,LSO,1979,1678.0,1323.0
6600,LSO,1980,1589.0,1359.0
6601,LSO,1981,1564.0,1395.0
6602,LSO,1982,1576.0,1433.0
6603,LSO,1983,1561.0,1471.0
6604,LSO,1984,1589.0,1511.0
6605,LSO,1985,1600.0,1552.0
6606,LSO,1986,1645.0,1587.0
6607,LSO,1987,1621.0,1616.0
6608,LSO,1988,1736.0,1645.0
6609,LSO,1989,1804.0,1674.0
6610,LSO,1990,1882.0,1703.0
6611,LSO,1991,1853.5429790111668,1732.0
6612,LSO,1992,1914.623820451812,1762.0
6613,LSO,1993,1903.676222578414,1791.0
6614,LSO,1994,1924.0946524523515,1819.0
6615,LSO,1995,1888.699020483546,1848.0
6616,LSO,1996,1931.660774529102,1869.0
6617,LSO,1997,1940.3105805192445,1884.0
6618,LSO,1998,1922.6793812805745,1897.0
6619,LSO,1999,1923.9032325474288,1908.0
6620,LSO,2000,1967.4332743614511,1916.0
6621,LSO,2001,1997.357609551416,1922.0
6622,LSO,2002,1959.0278939923892,1926.0
6623,LSO,2003,2003.08991926606,1926.0
6624,LSO,2004,2004.060178121236,1925.0
6625,LSO,2005,2013.807757097969,1922.0
6626,LSO,2006,2056.3296635696347,1919.0
6627,LSO,2007,2106.8401402624795,1917.0
6628,LSO,2008,2177.8573505655204,1915.0
6629,LSO,2009,2199.394858486537,1916.0
6630,LSO,2010,2313.882128366408,1920.0
6631,LSO,2011,2346.0,1925.0
6632,LSO,2012,2456.0,1930.0
6633,LSO,2013,2559.0,1936.0
6634,LSO,2014,2644.0,1942.0
6635,LSO,2015,2710.0,1948.0
6636,LSO,2016,2774.5995649959696,1953.0
6637,LSO,2017,2654.4136349031955,1958.042
6638,LSO,2018,2582.512009291792,1962.461
6639,LSO,2019,2514.224368021087,1987.1790675968384
6640,LSO,2020,2297.3830274590377,2012.5337247619104
6641,LSO,2021,2311.89088424953,2036.9562648032295
6642,LSO,2022,2312.9582259665026,2058.715485514898
6663,LTU,1970,,3137.562
6664,LTU,1971,,3177.533
6665,LTU,1972,,3213.271
6666,LTU,1973,12103.0,3245.551
6667,LTU,1974,,3276.362
6668,LTU,1975,,3305.195
6669,LTU,1976,,3333.542
6670,LTU,1977,,3361.419
6671,LTU,1978,,3386.988
6672,LTU,1979,,3410.869
6673,LTU,1980,12734.0,3435.289
6674,LTU,1981,13190.0,3462.341
6675,LTU,1982,13654.0,3491.974
6676,LTU,1983,13718.0,3523.38
6677,LTU,1984,13796.0,3555.054
6678,LTU,1985,13287.0,3587.032
6679,LTU,1986,13667.0,3619.593
6680,LTU,1987,13831.0,3653.339
6681,LTU,1988,14851.0,3673.95
6682,LTU,1989,14693.0,3681.25
6683,LTU,1990,13809.0,3694.836
6684,LTU,1991,12999.30885694802,3676.1
6685,LTU,1992,10240.939230175538,3628.51
6686,LTU,1993,8621.09647172474,3565.24
6687,LTU,1994,7830.005134689356,3532.75
6688,LTU,1995,8299.469932459284,3520.29
6689,LTU,1996,8793.700797853546,3493.61
6690,LTU,1997,9592.63965461508,3468.01
6691,LTU,1998,10382.117408001002,3442.88
6692,LTU,1999,10336.395162425892,3418.54
6693,LTU,2000,10806.873896077645,3394.58
6694,LTU,2001,11606.72892967804,3366.76
6695,LTU,2002,12490.621163017631,3339.84
6696,LTU,2003,13917.50766002349,3312.81
6697,LTU,2004,14995.766976190702,3275.83
6698,LTU,2005,16417.948426279625,3222.88
6699,LTU,2006,17916.05915944606,3171.87
6700,LTU,2007,20138.47241012252,3134.41
6701,LTU,2008,20879.802470177132,3102.34
6702,LTU,2009,17983.34904192825,3068.09
6703,LTU,2010,18663.760946132526,3004.42
6704,LTU,2011,20243.0,2937.33
6705,LTU,2012,21305.002988915698,2898.19
6706,LTU,2013,22285.684320715773,2869.01
6707,LTU,2014,23273.172142362593,2844.45
6708,LTU,2015,23968.847156078493,2817.81
6709,LTU,2016,24886.84008424979,2782.23
6710,LTU,2017,26318.02302779184,2743.6
6711,LTU,2018,27631.460432687298,2717.54
6712,LTU,2019,28986.052459000013,2710.36
6713,LTU,2020,28971.84423726417,2711.09
6714,LTU,2021,30557.03005861456,2724.18
6715,LTU,2022,30863.32101606195,2748.06
6736,LUX,1970,20763.0,339.174
6737,LUX,1971,21117.0,342.4
6738,LUX,1972,22236.0,346.6
6739,LUX,1973,23820.0,350.45
6740,LUX,1974,24503.0,355.05
6741,LUX,1975,22643.0,358.95
6742,LUX,1976,23100.0,360.75
6743,LUX,1977,23417.0,361.45
6744,LUX,1978,24331.0,362.1
6745,LUX,1979,24836.0,363.0
6746,LUX,1980,24951.0,364.4
6747,LUX,1981,25136.0,365.4
6748,LUX,1982,25005.0,365.718
6749,LUX,1983,25738.0,365.885
6750,LUX,1984,27303.0,366.272
6751,LUX,1985,28032.0,367.169
6752,LUX,1986,30051.0,369.019
6753,LUX,1987,30533.0,371.66
6754,LUX,1988,33351.0,375.624
6755,LUX,1989,36442.0,377.621
6756,LUX,1990,36706.0,382.966
6757,LUX,1991,39198.2989972173,388.18
6758,LUX,1992,39231.59350188635,393.5
6759,LUX,1993,40179.49453548041,399.11
6760,LUX,1994,40990.712825112685,404.93
6761,LUX,1995,40838.56460274642,410.64
6762,LUX,1996,40687.90296279235,415.61
6763,LUX,1997,42311.34295374878,421.01
6764,LUX,1998,44142.560310701294,426.38
6765,LUX,1999,47061.11105669248,432.53
6766,LUX,2000,50063.824076531,438.19
6767,LUX,2001,50527.66394141982,443.08
6768,LUX,2002,51709.73585396883,447.89
6769,LUX,2003,51717.03305825775,453.51
6770,LUX,2004,52624.16248290635,459.78
6771,LUX,2005,53262.093930996925,466.99
6772,LUX,2006,54920.81002465592,474.24
6773,LUX,2007,58369.70148034947,482.03
6774,LUX,2008,56383.190819386706,490.58
6775,LUX,2009,52731.389494684634,499.6
6776,LUX,2010,54086.33729664133,508.94
6777,LUX,2011,54031.0,520.87
6778,LUX,2012,53675.45980204135,532.97
6779,LUX,2013,53973.39435153653,546.84
6780,LUX,2014,54100.08638349217,559.87
6781,LUX,2015,54251.44801924006,570.98
6782,LUX,2016,55516.09603164462,585.75
6783,LUX,2017,55037.18671363309,598.63
6784,LUX,2018,54625.962158566785,610.49
6785,LUX,2019,54751.602331303264,623.22
6786,LUX,2020,53489.33174392858,632.84
6787,LUX,2021,55346.675082632995,642.81
6788,LUX,2022,55484.778101286385,651.14
6809,LVA,1970,,2361.159
6810,LVA,1971,,2381.641
6811,LVA,1972,,2401.244
6812,LVA,1973,12506.0,2421.355
6813,LVA,1974,,2442.473
6814,LVA,1975,,2461.606
6815,LVA,1976,,2476.76
6816,LVA,1977,,2491.407
6817,LVA,1978,,2504.508
6818,LVA,1979,,2514.167
6819,LVA,1980,13739.0,2524.543
6820,LVA,1981,13970.0,2536.976
6821,LVA,1982,14190.0,2552.229
6822,LVA,1983,14376.0,2569.826
6823,LVA,1984,14682.0,2587.996
6824,LVA,1985,14273.0,2606.405
6825,LVA,1986,14539.0,2626.695
6826,LVA,1987,14360.0,2648.965
6827,LVA,1988,14875.0,2664.068
6828,LVA,1989,15661.0,2667.309
6829,LVA,1990,15806.0,2663.59
6830,LVA,1991,13774.934038170124,2651.03
6831,LVA,1992,9411.194969327687,2613.31
6832,LVA,1993,8439.330349110962,2560.65
6833,LVA,1994,8704.266153240394,2516.97
6834,LVA,1995,8709.070051213881,2480.44
6835,LVA,1996,8947.268137286272,2452.65
6836,LVA,1997,9773.499502588302,2428.33
6837,LVA,1998,10429.766635807431,2405.54
6838,LVA,1999,10707.70573751051,2386.06
6839,LVA,2000,11309.740390128512,2363.21
6840,LVA,2001,12103.828171716055,2333.36
6841,LVA,2002,13015.474503405068,2306.09
6842,LVA,2003,14142.124547396872,2283.84
6843,LVA,2004,15371.1813266083,2258.8
6844,LVA,2005,17069.6571716176,2234.59
6845,LVA,2006,19128.689244258698,2214.54
6846,LVA,2007,21042.36647070566,2196.94
6847,LVA,2008,20342.198290255565,2173.68
6848,LVA,2009,17582.111669833408,2138.01
6849,LVA,2010,17140.226514886952,2093.39
6850,LVA,2011,18428.0,2055.01
6851,LVA,2012,19970.030413494103,2029.87
6852,LVA,2013,20581.917289477988,2009.07
6853,LVA,2014,21168.53600006688,1990.55
6854,LVA,2015,22179.420213778216,1973.64
6855,LVA,2016,22913.023038341264,1955.7
6856,LVA,2017,23893.83156269365,1937.55
6857,LVA,2018,25039.86567851188,1922.67
6858,LVA,2019,25858.601683899466,1909.64
6859,LVA,2020,25453.065151316023,1897.33
6860,LVA,2021,26738.61446244282,1879.51
6861,LVA,2022,27220.30360627796,1882.73
6882,MAR,1970,2576.0,15909.275
6883,MAR,1971,2654.0,16313.391
6884,MAR,1972,2660.0,16660.67
6885,MAR,1973,2700.0,16998.378
6886,MAR,1974,2791.0,17335.236
6887,MAR,1975,2919.0,17687.376
6888,MAR,1976,3175.0,18042.963
6889,MAR,1977,3268.0,18396.941
6890,MAR,1978,3298.0,18758.283
6891,MAR,1979,3382.0,19125.959
6892,MAR,1980,3622.0,19487.272
6893,MAR,1981,3457.0,19846.221
6894,MAR,1982,3725.0,20198.73
6895,MAR,1983,3606.0,20750.247
6896,MAR,1984,3657.0,21315.514
6897,MAR,1985,3784.0,21885.901
6898,MAR,1986,3977.0,22457.811
6899,MAR,1987,3790.0,23029.46
6900,MAR,1988,4077.0,23600.498
6901,MAR,1989,4073.0,24169.813
6902,MAR,1990,4130.0,24734.809
6903,MAR,1991,4353.7296889409035,25205.99
6904,MAR,1992,4194.446909789483,25668.24
6905,MAR,1993,4097.280627699567,26132.61
6906,MAR,1994,4461.062591096579,26597.09
6907,MAR,1995,4156.925051450954,27011.65
6908,MAR,1996,4603.651958431055,27371.21
6909,MAR,1997,4469.189823566713,27721.24
6910,MAR,1998,4729.182939040482,28061.72
6911,MAR,1999,4720.771347617782,28399.78
6912,MAR,2000,4753.638253651218,28744.15
6913,MAR,2001,5042.0731098194365,29093.76
6914,MAR,2002,5140.872532311595,29447.49
6915,MAR,2003,5386.850380083709,29805.9
6916,MAR,2004,5584.153849676644,30168.74
6917,MAR,2005,5708.031140956663,30551.82
6918,MAR,2006,6076.952533670616,30953.2
6919,MAR,2007,6228.431666892243,31354.08
6920,MAR,2008,6530.978071948748,31754.08
6921,MAR,2009,6741.460269991847,32153.76
6922,MAR,2010,6931.55829013224,32553.12
6923,MAR,2011,7226.0,32950.91
6924,MAR,2012,7355.325972853022,33345.93
6925,MAR,2013,7599.724309025034,33737.17
6926,MAR,2014,7714.631888235978,34123.69
6927,MAR,2015,7959.5277682139,34510.84
6928,MAR,2016,7912.222090693927,34898.05
6929,MAR,2017,8222.670232146993,35278.97
6930,MAR,2018,8385.94955729587,35652.66
6931,MAR,2019,8540.803443894769,36018.27
6932,MAR,2020,7849.207931212453,36375.13
6933,MAR,2021,8391.294664532728,36723.46
6934,MAR,2022,8400.126970931335,37101.22
6955,MDA,1970,,3594.517
6956,MDA,1971,,3648.754
6957,MDA,1972,,3703.001
6958,MDA,1973,8552.0,3752.827
6959,MDA,1974,,3800.643
6960,MDA,1975,,3846.519
6961,MDA,1976,,3885.894
6962,MDA,1977,,3920.281
6963,MDA,1978,,3947.422
6964,MDA,1979,,3969.989
6965,MDA,1980,9078.0,3996.278
6966,MDA,1981,9538.0,4026.204
6967,MDA,1982,10026.0,4055.086
6968,MDA,1983,10378.0,4082.711
6969,MDA,1984,10508.0,4113.243
6970,MDA,1985,9398.0,4148.172
6971,MDA,1986,9937.0,4183.283
6972,MDA,1987,9852.0,4216.682
6973,MDA,1988,9731.0,4289.659
6974,MDA,1989,10288.0,4359.496
6975,MDA,1990,9835.0,4394.0
6976,MDA,1991,7957.688345154006,4400.57
6977,MDA,1992,5546.366403875545,4402.35
6978,MDA,1993,5383.858205235667,4400.8
6979,MDA,1994,3662.2087632454704,4391.94
6980,MDA,1995,3558.826698727752,4374.99
6981,MDA,1996,3305.4966522157943,4353.79
6982,MDA,1997,3322.478992532379,4324.04
6983,MDA,1998,3078.0096314989737,4285.7
6984,MDA,1999,2949.9066108079396,4244.18
6985,MDA,2000,2989.534798311321,4199.33
6986,MDA,2001,3150.631434393432,4154.0
6987,MDA,2002,3373.7091597677427,4107.59
6988,MDA,2003,3575.268010479867,4059.43
6989,MDA,2004,3813.4311340442496,4012.88
6990,MDA,2005,4073.673609345101,3966.31
6991,MDA,2006,4243.070448307113,3918.92
6992,MDA,2007,4342.745574660048,3873.07
6993,MDA,2008,4652.45725879469,3829.19
6994,MDA,2009,4342.527899279536,3787.94
6995,MDA,2010,4615.324044361896,3748.22
6996,MDA,2011,4892.0,3709.19
6997,MDA,2012,4914.037958167865,3670.77
6998,MDA,2013,5414.350535415374,3632.88
6999,MDA,2014,5744.251779820272,3595.45
7000,MDA,2015,5784.491679479232,3558.37
7001,MDA,2016,6102.694537539031,3521.54
7002,MDA,2017,6425.865449026022,3484.9
7003,MDA,2018,6760.111395337349,3448.41
7004,MDA,2019,7078.229925539575,3411.99
7005,MDA,2020,6560.747769686751,3375.58
7006,MDA,2021,7557.3855325458735,3339.07
7007,MDA,2022,6674.871287709826,3569.74
7028,MDG,1970,1954.0,6765.644
7029,MDG,1971,1986.0,6920.494
7030,MDG,1972,1916.0,7082.43
7031,MDG,1973,1824.0,7250.455
7032,MDG,1974,1816.0,7423.573
7033,MDG,1975,1795.0,7603.79
7034,MDG,1976,1694.0,7807.4
7035,MDG,1977,1691.0,8011.695
7036,MDG,1978,1604.0,8224.285
7037,MDG,1979,1714.0,8453.131
7038,MDG,1980,1680.0,8691.245
7039,MDG,1981,1492.0,8938.764
7040,MDG,1982,1423.0,9195.873
7041,MDG,1983,1395.0,9463.017
7042,MDG,1984,1305.0,9740.535
7043,MDG,1985,1296.0,10028.632
7044,MDG,1986,1267.0,10327.391
7045,MDG,1987,1258.0,10636.882
7046,MDG,1988,1240.0,10957.343
7047,MDG,1989,1251.0,11289.164
7048,MDG,1990,1262.0,11632.868
7049,MDG,1991,1160.670533644055,11988.69
7050,MDG,1992,1152.6460623318474,12356.54
7051,MDG,1993,1154.1894836927777,12736.24
7052,MDG,1994,1132.1717646415016,13127.69
7053,MDG,1995,1129.8485481073742,13531.15
7054,MDG,1996,1132.4437234951688,13946.65
7055,MDG,1997,1152.1545829273098,14374.0
7056,MDG,1998,1174.2272274808554,14813.09
7057,MDG,1999,1206.8937614601623,15259.21
7058,MDG,2000,1238.7764128262836,15706.79
7059,MDG,2001,1290.1064455092514,16161.78
7060,MDG,2002,1110.821697808672,16630.79
7061,MDG,2003,1198.4432505746915,17113.62
7062,MDG,2004,1239.896974885536,17610.28
7063,MDG,2005,1276.486788139317,18119.86
7064,MDG,2006,1322.4795193682355,18640.92
7065,MDG,2007,1384.1850036771834,19173.15
7066,MDG,2008,1458.7853395069988,19716.71
7067,MDG,2009,1367.6862572519497,20271.5
7068,MDG,2010,1349.6198337375167,20837.29
7069,MDG,2011,1347.0,21413.24
7070,MDG,2012,1350.638040004712,21998.58
7071,MDG,2013,1345.350945044516,22592.99
7072,MDG,2014,1354.1408001073978,23195.82
7073,MDG,2015,1360.7545006851938,23806.04
7074,MDG,2016,1379.3698342593648,24422.51
7075,MDG,2017,1398.0183426717206,25044.46
7076,MDG,2018,1407.442425894754,25671.33
7077,MDG,2019,1434.2703140960969,26302.33
7078,MDG,2020,1300.542836411424,26936.34
7079,MDG,2021,1343.4438578473782,27572.94
7080,MDG,2022,1367.0937832263344,28236.68
7101,MEX,1970,6873.0,52775.158
7102,MEX,1971,6912.0,54406.901
7103,MEX,1972,7256.0,55984.294
7104,MEX,1973,7597.0,57557.303
7105,MEX,1974,7801.0,59122.839
7106,MEX,1975,8011.0,60678.045
7107,MEX,1976,8131.0,62219.964
7108,MEX,1977,8177.0,63759.976
7109,MEX,1978,8690.0,65295.99
7110,MEX,1979,9307.0,66825.878
7111,MEX,1980,9929.0,68347.479
7112,MEX,1981,10538.0,69969.263
7113,MEX,1982,10240.0,71640.904
7114,MEX,1983,9656.0,73362.881
7115,MEX,1984,9777.0,75080.138
7116,MEX,1985,9785.0,76767.225
7117,MEX,1986,9283.0,78442.43
7118,MEX,1987,9256.0,80122.492
7119,MEX,1988,9193.0,81781.816
7120,MEX,1989,9392.0,83366.836
7121,MEX,1990,9699.0,84913.652
7122,MEX,1991,10008.55074402065,86440.96
7123,MEX,1992,10262.210680323857,87905.84
7124,MEX,1993,10357.829066512122,89337.57
7125,MEX,1994,10721.008231258847,90755.64
7126,MEX,1995,9944.95271764715,92155.18
7127,MEX,1996,10386.499120858674,93507.91
7128,MEX,1997,11030.343186999262,94803.1
7129,MEX,1998,11510.877396985585,96051.47
7130,MEX,1999,11894.202848912391,97242.3
7131,MEX,2000,12613.396051909382,98402.89
7132,MEX,2001,12565.465172055608,99598.6
7133,MEX,2002,12645.503583245143,100862.57
7134,MEX,2003,12793.95561894545,102132.4
7135,MEX,2004,13287.599901797115,103333.96
7136,MEX,2005,13655.801157462844,104508.0
7137,MEX,2006,14287.558268468329,105737.62
7138,MEX,2007,14684.727956137704,107082.63
7139,MEX,2008,14808.089963376902,108554.11
7140,MEX,2009,14026.988962508143,110060.75
7141,MEX,2010,14697.29811084571,111467.53
7142,MEX,2011,15210.0,112826.32
7143,MEX,2012,15547.994521281404,114162.63
7144,MEX,2013,15614.78168757982,115471.31
7145,MEX,2014,15883.876915366996,116756.83
7146,MEX,2015,16235.004341326458,118017.14
7147,MEX,2016,16705.0464647827,117443.95
7148,MEX,2017,16900.131009812096,118799.05
7149,MEX,2018,17055.116395989793,120288.77
7150,MEX,2019,16802.014276655613,121872.37
7151,MEX,2020,15253.691313136262,123260.43
7152,MEX,2021,15853.37632930669,124461.88
7153,MEX,2022,16235.455392709897,125246.73
7174,MKD,1970,6545.0,1574.407
7175,MKD,1971,6884.0,1596.091
7176,MKD,1972,7127.0,1617.701
7177,MKD,1973,7471.0,1639.236
7178,MKD,1974,7803.0,1661.657
7179,MKD,1975,8064.0,1684.0
7180,MKD,1976,8319.0,1706.445
7181,MKD,1977,8738.0,1727.797
7182,MKD,1978,9341.0,1747.113
7183,MKD,1979,9891.0,1768.203
7184,MKD,1980,9899.0,1792.0
7185,MKD,1981,9937.0,1808.103
7186,MKD,1982,9977.0,1823.791
7187,MKD,1983,9728.0,1831.444
7188,MKD,1984,10007.0,1837.295
7189,MKD,1985,9894.0,1844.74
7190,MKD,1986,10551.0,1850.679
7191,MKD,1987,10385.0,1856.378
7192,MKD,1988,10034.0,1858.92
7193,MKD,1989,10206.0,1863.007
7194,MKD,1990,9173.0,1861.361
7195,MKD,1991,8615.759144166695,1867.71
7196,MKD,1992,7991.597871797595,1889.36
7197,MKD,1993,7317.834723748325,1917.56
7198,MKD,1994,7154.067121350195,1935.03
7199,MKD,1995,7039.1197988162685,1954.05
7200,MKD,1996,7095.166536780963,1971.1
7201,MKD,1997,7179.026197617261,1984.86
7202,MKD,1998,7411.548004951359,1995.47
7203,MKD,1999,7732.047103206161,2005.7
7204,MKD,2000,8083.789724815248,2017.37
7205,MKD,2001,7835.026934522752,2025.86
7206,MKD,2002,7964.077765660317,2011.21
7207,MKD,2003,8160.412847626555,2017.79
7208,MKD,2004,8561.383654725681,2023.53
7209,MKD,2005,8984.545176004136,2027.83
7210,MKD,2006,9466.264087390891,2031.19
7211,MKD,2007,10099.407044287384,2034.5
7212,MKD,2008,10674.20835930478,2037.83
7213,MKD,2009,10657.87793941972,2041.58
7214,MKD,2010,11038.289575823976,2045.89
7215,MKD,2011,11321.0,2049.42
7216,MKD,2012,11255.701047434051,2051.91
7217,MKD,2013,11568.168643775136,2054.88
7218,MKD,2014,11968.066277744643,2058.31
7219,MKD,2015,12412.940670794598,2061.06
7220,MKD,2016,12752.585075157189,2063.31
7221,MKD,2017,12878.02101779952,2065.31
7222,MKD,2018,13238.033916924547,2067.02
7223,MKD,2019,13751.227996277215,2067.69
7224,MKD,2020,13125.830528042296,2064.65
7225,MKD,2021,13692.045849554455,2057.08
7226,MKD,2022,14050.995220494258,2047.56
7247,MLI,1970,934.0,5546.065
7248,MLI,1971,945.0,5671.505
7249,MLI,1972,971.0,5801.204
7250,MLI,1973,926.0,5935.323
7251,MLI,1974,883.0,6074.032
7252,MLI,1975,982.0,6217.503
7253,MLI,1976,1090.0,6365.926
7254,MLI,1977,1148.0,6454.823
7255,MLI,1978,1101.0,6550.2
7256,MLI,1979,1345.0,6651.246
7257,MLI,1980,1168.0,6758.153
7258,MLI,1981,1111.0,6871.186
7259,MLI,1982,1030.0,6988.555
7260,MLI,1983,1057.0,7108.978
7261,MLI,1984,1084.0,7233.025
7262,MLI,1985,1089.0,7361.326
7263,MLI,1986,1138.0,7494.408
7264,MLI,1987,1138.0,7632.679
7265,MLI,1988,1116.0,7777.037
7266,MLI,1989,1205.0,7927.759
7267,MLI,1990,1191.0,8084.632
7268,MLI,1991,1186.7576821061425,8653.43
7269,MLI,1992,1115.4059709719274,8960.98
7270,MLI,1993,1115.100172601165,9191.58
7271,MLI,1994,1111.7853665954442,9462.97
7272,MLI,1995,1100.2432497144953,9758.43
7273,MLI,1996,1130.5096649594225,10075.07
7274,MLI,1997,1160.9516652043324,10158.19
7275,MLI,1998,1167.4325780704648,10286.32
7276,MLI,1999,1192.3168188946438,10596.34
7277,MLI,2000,1153.0461453554185,10832.5
7278,MLI,2001,1309.2558397068744,10889.69
7279,MLI,2002,1321.3388265733836,11007.42
7280,MLI,2003,1391.2634712829354,11306.84
7281,MLI,2004,1366.9830665779407,11579.46
7282,MLI,2005,1414.7927385625292,11804.0
7283,MLI,2006,1438.2079327040642,12043.06
7284,MLI,2007,1441.205936709517,12336.65
7285,MLI,2008,1460.495980038843,12657.42
7286,MLI,2009,1477.4183743876558,12986.36
7287,MLI,2010,1504.9956122694275,13325.44
7288,MLI,2011,1500.0,13679.13
7289,MLI,2012,1449.195949731137,14040.31
7290,MLI,2013,1444.187901831615,14412.34
7291,MLI,2014,1505.6677272326094,14803.27
7292,MLI,2015,1555.804568664512,15210.44
7293,MLI,2016,1602.781914597663,15628.65
7294,MLI,2017,1642.5181485559388,16059.6
7295,MLI,2018,1673.8774703125134,16506.64
7296,MLI,2019,1706.0105060362946,16967.46
7297,MLI,2020,1638.9304502976336,17442.21
7298,MLI,2021,1643.0143721173124,17930.39
7299,MLI,2022,1651.941309062707,18494.05
7320,MLT,1970,3889.0,325.569
7321,MLT,1971,3987.0,325.468
7322,MLT,1972,4299.0,319.43
7323,MLT,1973,4442.0,321.838
7324,MLT,1974,4863.0,323.524
7325,MLT,1975,5738.0,327.842
7326,MLT,1976,6684.0,329.354
7327,MLT,1977,7438.0,332.066
7328,MLT,1978,8080.0,339.786
7329,MLT,1979,8745.0,346.876
7330,MLT,1980,8920.0,364.001
7331,MLT,1981,9224.0,363.652
7332,MLT,1982,9526.0,360.222
7333,MLT,1983,9586.0,355.773
7334,MLT,1984,9797.0,351.379
7335,MLT,1985,10176.0,347.039
7336,MLT,1986,10584.0,346.625
7337,MLT,1987,10943.0,349.047
7338,MLT,1988,11765.0,351.951
7339,MLT,1989,12607.0,355.323
7340,MLT,1990,13259.0,359.107
7341,MLT,1991,13834.927031726536,362.7
7342,MLT,1992,14341.301596372025,366.15
7343,MLT,1993,14840.319300841204,370.39
7344,MLT,1994,15539.059462853587,374.12
7345,MLT,1995,16417.17321677853,377.55
7346,MLT,1996,16932.04784205388,379.77
7347,MLT,1997,17694.789590346605,382.55
7348,MLT,1998,18488.66584927667,385.03
7349,MLT,1999,19254.364806360405,387.24
7350,MLT,2000,20434.549470482267,389.72
7351,MLT,2001,20413.05002831469,392.86
7352,MLT,2002,20873.984135075105,395.69
7353,MLT,2003,21273.134299891713,398.32
7354,MLT,2004,21233.00101435247,400.91
7355,MLT,2005,21905.215301151515,403.55
7356,MLT,2006,22233.7176167616,405.0
7357,MLT,2007,23048.26343246353,406.49
7358,MLT,2008,23674.59430565875,409.13
7359,MLT,2009,22927.655023136584,412.2
7360,MLT,2010,23632.624639066184,414.21
7361,MLT,2011,23871.0,416.01
7362,MLT,2012,24629.777369544292,419.8
7363,MLT,2013,25611.12142374041,425.81
7364,MLT,2014,27007.890967294632,434.61
7365,MLT,2015,28906.48112712545,445.08
7366,MLT,2016,29207.270281846828,455.39
7367,MLT,2017,31495.49438510636,468.21
7368,MLT,2018,32292.822622605316,484.93
7369,MLT,2019,33220.28456962831,504.43
7370,MLT,2020,29703.76200401182,515.56
7371,MLT,2021,33031.18172471114,518.36
7372,MLT,2022,34496.338374992985,530.35
7393,MMR,1970,1023.0,27392.973
7394,MMR,1971,1036.0,27926.302
7395,MMR,1972,1023.0,28474.102
7396,MMR,1973,1001.0,29234.935
7397,MMR,1974,1033.0,29798.623
7398,MMR,1975,1057.0,30335.029
7399,MMR,1976,1103.0,30871.589
7400,MMR,1977,1148.0,31407.912
7401,MMR,1978,1205.0,31863.413
7402,MMR,1979,1240.0,32405.341
7403,MMR,1980,1320.0,33061.428
7404,MMR,1981,1369.0,33669.419
7405,MMR,1982,1417.0,34306.454
7406,MMR,1983,1451.0,34980.263
7407,MMR,1984,1492.0,35670.645
7408,MMR,1985,1506.0,36345.622
7409,MMR,1986,1465.0,36997.574
7410,MMR,1987,1382.0,37625.379
7411,MMR,1988,1207.0,38196.363
7412,MMR,1989,1234.0,38721.319
7413,MMR,1990,1253.0,39242.996
7414,MMR,1991,1205.0714613849889,39884.71
7415,MMR,1992,1283.8254830248727,40419.18
7416,MMR,1993,1321.8101935535624,41003.15
7417,MMR,1994,1373.9628865796824,41732.02
7418,MMR,1995,1423.6504850766937,42463.26
7419,MMR,1996,1469.0317370745165,43143.13
7420,MMR,1997,1505.9804638374535,43782.22
7421,MMR,1998,1547.0283397327264,44407.0
7422,MMR,1999,1667.661226356314,45018.42
7423,MMR,2000,1843.494517527998,45616.38
7424,MMR,2001,1996.3736867825307,46171.26
7425,MMR,2002,2175.8834327673317,46689.77
7426,MMR,2003,2410.569762054218,47201.05
7427,MMR,2004,2664.941253862452,47699.22
7428,MMR,2005,2947.0989157758963,48196.25
7429,MMR,2006,3246.693421759015,48673.71
7430,MMR,2007,3542.588426898593,49151.45
7431,MMR,2008,3585.7652216670704,49504.89
7432,MMR,2009,3673.436656697227,49896.47
7433,MMR,2010,3772.998541225463,50284.71
7434,MMR,2011,3884.0,50813.36
7435,MMR,2012,4091.201818102005,51368.72
7436,MMR,2013,4371.002736462297,51878.33
7437,MMR,2014,4684.643122007296,52374.25
7438,MMR,2015,4984.668832386767,52900.21
7439,MMR,2016,5252.832208764598,53416.38
7440,MMR,2017,5503.631896954114,53913.68
7441,MMR,2018,5803.431070384382,54403.34
7442,MMR,2019,6140.884701072777,54884.2
7443,MMR,2020,6282.811713203451,55355.1
7444,MMR,2021,5113.336847752783,55814.8
7445,MMR,2022,5177.432821804038,56210.31
7466,MNE,1970,4857.0,514.472
7467,MNE,1971,4994.0,519.914
7468,MNE,1972,5206.0,527.678
7469,MNE,1973,5137.0,534.461
7470,MNE,1974,5394.0,542.221
7471,MNE,1975,5512.0,549.0
7472,MNE,1976,5740.0,554.552
7473,MNE,1977,6298.0,560.073
7474,MNE,1978,6583.0,565.561
7475,MNE,1979,6523.0,571.018
7476,MNE,1980,7992.0,560.0
7477,MNE,1981,7635.0,560.09
7478,MNE,1982,7790.0,562.548
7479,MNE,1983,7610.0,565.705
7480,MNE,1984,7828.0,558.389
7481,MNE,1985,7804.0,560.562
7482,MNE,1986,8021.0,564.558
7483,MNE,1987,7592.0,569.473
7484,MNE,1988,7299.0,574.401
7485,MNE,1989,7278.0,578.981
7486,MNE,1990,6605.0,583.202
7487,MNE,1991,6068.215155121114,590.872
7488,MNE,1992,4605.298853657336,621.621
7489,MNE,1993,2981.804595717488,622.526
7490,MNE,1994,3073.9207262323207,623.015
7491,MNE,1995,3571.072375996292,623.521
7492,MNE,1996,4663.160068685614,623.97
7493,MNE,1997,5121.728205681126,623.786
7494,MNE,1998,5522.104394005713,623.492
7495,MNE,1999,5142.729068401965,623.269
7496,MNE,2000,6046.14222843826,622.985
7497,MNE,2001,6429.561141850434,622.684
7498,MNE,2002,6897.724960376603,621.991
7499,MNE,2003,7445.050118255445,620.914
7500,MNE,2004,8193.749691552164,620.511
7501,MNE,2005,9002.218204676312,620.641
7502,MNE,2006,10307.646972987595,620.482
7503,MNE,2007,12027.429376495937,620.495
7504,MNE,2008,13550.356381549684,621.0
7505,MNE,2009,13459.499158641718,621.968
7506,MNE,2010,14509.765564414824,622.553
7507,MNE,2011,15747.0,622.433
7508,MNE,2012,15421.0,622.079
7509,MNE,2013,16064.0,621.602
7510,MNE,2014,16437.0,620.896
7511,MNE,2015,17249.0,619.722
7512,MNE,2016,17777.416928555278,618.125
7513,MNE,2017,18640.19586379621,616.289
7514,MNE,2018,19617.215109901575,614.249
7515,MNE,2019,20448.54809589768,613.2188558234553
7516,MNE,2020,17355.623874323574,611.9075863711587
7517,MNE,2021,19656.557287798227,610.7509844581166
7518,MNE,2022,20941.804623317003,609.9951562945895
7539,MNG,1970,1226.0,1248.0
7540,MNG,1971,1246.0,1283.0
7541,MNG,1972,1256.0,1321.0
7542,MNG,1973,1328.0,1360.0
7543,MNG,1974,1342.0,1403.0
7544,MNG,1975,1387.0,1446.0
7545,MNG,1976,1401.0,1487.0
7546,MNG,1977,1470.0,1528.0
7547,MNG,1978,1537.0,1572.0
7548,MNG,1979,1556.0,1617.0
7549,MNG,1980,1618.0,1655.0
7550,MNG,1981,1714.0,1694.0
7551,MNG,1982,1814.0,1734.0
7552,MNG,1983,1876.0,1774.0
7553,MNG,1984,1940.0,1816.0
7554,MNG,1985,2004.0,1859.0
7555,MNG,1986,2142.0,1903.0
7556,MNG,1987,2168.0,1947.0
7557,MNG,1988,2227.0,1992.0
7558,MNG,1989,2232.0,2070.0
7559,MNG,1990,2123.0,2121.0
7560,MNG,1991,1976.0231202514672,2170.0
7561,MNG,1992,1841.01246368828,2210.0
7562,MNG,1993,1846.225553882722,2242.0
7563,MNG,1994,1955.4772619808953,2272.0
7564,MNG,1995,2147.828702490129,2306.0
7565,MNG,1996,2271.7987112750016,2341.0
7566,MNG,1997,2445.0126790429244,2372.0
7567,MNG,1998,2620.4890571996657,2403.0
7568,MNG,1999,2801.861814692823,2433.0
7569,MNG,2000,2936.0627786972627,2461.0
7570,MNG,2001,3133.5559121507085,2489.0
7571,MNG,2002,3401.9464532370725,2519.0
7572,MNG,2003,3775.4379347429303,2547.0
7573,MNG,2004,4334.231383759123,2574.0
7574,MNG,2005,4822.233569068163,2602.0
7575,MNG,2006,5426.853605469195,2633.0
7576,MNG,2007,6196.589225016245,2666.0
7577,MNG,2008,6982.146430012929,2702.0
7578,MNG,2009,7126.8087057500925,2741.0
7579,MNG,2010,7830.06414593609,2783.0
7580,MNG,2011,9484.0,2827.0
7581,MNG,2012,10493.0,2870.0
7582,MNG,2013,11545.0,2912.0
7583,MNG,2014,12283.0,2953.0
7584,MNG,2015,12398.0,2993.0
7585,MNG,2016,12313.543593575492,3031.0
7586,MNG,2017,12728.355138058,3068.243
7587,MNG,2018,13419.57770121529,3103.428
7588,MNG,2019,13871.330127961975,3170.55698642632
7589,MNG,2020,12990.328563230378,3231.2770423114353
7590,MNG,2021,12992.166560057296,3283.7009955767894
7591,MNG,2022,13442.906241343517,3333.3167504736903
7612,MOZ,1970,2778.0,9304.375
7613,MOZ,1971,2895.0,9539.059
7614,MOZ,1972,2906.0,9809.596
7615,MOZ,1973,2986.0,10087.915
7616,MOZ,1974,2684.0,10370.281
7617,MOZ,1975,2238.0,10432.604
7618,MOZ,1976,2064.0,10769.649
7619,MOZ,1977,2013.0,11127.868
7620,MOZ,1978,1969.0,11466.483
7621,MOZ,1979,1937.0,11828.029
7622,MOZ,1980,1945.0,12102.619
7623,MOZ,1981,1940.0,12363.234
7624,MOZ,1982,1852.0,12587.333
7625,MOZ,1983,1694.0,12772.841
7626,MOZ,1984,1629.0,12922.824
7627,MOZ,1985,1466.0,13062.6
7628,MOZ,1986,1479.0,13143.017
7629,MOZ,1987,1562.0,12894.849
7630,MOZ,1988,1701.0,12523.013
7631,MOZ,1989,1776.0,12482.096
7632,MOZ,1990,1776.0,12666.573
7633,MOZ,1991,1719.0991199089242,12856.79
7634,MOZ,1992,1482.416625375586,13005.63
7635,MOZ,1993,1439.2897045371517,13398.38
7636,MOZ,1994,1312.372021709233,14312.76
7637,MOZ,1995,1165.810160021586,15118.36
7638,MOZ,1996,1325.5953686560963,15519.74
7639,MOZ,1997,1323.6936143948903,15860.95
7640,MOZ,1998,1335.6607344147017,16200.16
7641,MOZ,1999,1301.576300184304,16522.2
7642,MOZ,2000,1196.014879449412,16840.86
7643,MOZ,2001,1219.3810190487925,17175.66
7644,MOZ,2002,1199.7331227106677,17525.04
7645,MOZ,2003,1155.7036946054411,17888.5
7646,MOZ,2004,1125.8321178410647,18263.58
7647,MOZ,2005,1107.5338041693162,18652.46
7648,MOZ,2006,1099.341782650686,19058.65
7649,MOZ,2007,1067.966456225928,19479.58
7650,MOZ,2008,1031.3622064849949,19928.36
7651,MOZ,2009,991.7452353145684,20418.49
7652,MOZ,2010,956.5304846939824,20950.31
7653,MOZ,2011,925.0,21534.73
7654,MOZ,2012,964.582332241387,22149.89
7655,MOZ,2013,1003.728694676223,22768.38
7656,MOZ,2014,1049.1934887179698,23393.39
7657,MOZ,2015,1090.3977532633162,24022.7
7658,MOZ,2016,1102.8173101812074,24660.45
7659,MOZ,2017,1114.368422771037,25317.81
7660,MOZ,2018,1122.585570792069,25998.05
7661,MOZ,2019,1118.630328232767,26693.96
7662,MOZ,2020,1076.6940425279995,27401.14
7663,MOZ,2021,1073.569964381188,28120.63
7664,MOZ,2022,1087.8360020802634,28903.0
7685,MRT,1970,1548.0,1289.0
7686,MRT,1971,1533.0,1311.0
7687,MRT,1972,1511.0,1333.0
7688,MRT,1973,1473.0,1356.0
7689,MRT,1974,1570.0,1380.0
7690,MRT,1975,1699.0,1404.0
7691,MRT,1976,1779.0,1430.0
7692,MRT,1977,1742.0,1456.0
7693,MRT,1978,1581.0,1484.0
7694,MRT,1979,1706.0,1514.0
7695,MRT,1980,1682.0,1545.0
7696,MRT,1981,1714.0,1578.0
7697,MRT,1982,1548.0,1612.0
7698,MRT,1983,1553.0,1648.0
7699,MRT,1984,1486.0,1685.0
7700,MRT,1985,1502.0,1723.0
7701,MRT,1986,1553.0,1764.0
7702,MRT,1987,1551.0,1805.0
7703,MRT,1988,1533.0,1849.0
7704,MRT,1989,1559.0,1886.0
7705,MRT,1990,1511.0,1925.0
7706,MRT,1991,1547.5434702826892,1973.0
7707,MRT,1992,1559.9048586606198,2043.0
7708,MRT,1993,1668.7220858563026,2119.0
7709,MRT,1994,1732.9970409786945,2183.0
7710,MRT,1995,1686.1977262538564,2235.0
7711,MRT,1996,1873.0508680719656,2271.0
7712,MRT,1997,1799.8251812544347,2315.0
7713,MRT,1998,1841.207484819557,2374.0
7714,MRT,1999,1954.2294307256675,2437.0
7715,MRT,2000,1934.7420357703168,2501.0
7716,MRT,2001,1964.4456268968715,2566.0
7717,MRT,2002,1967.4483087341591,2632.0
7718,MRT,2003,2076.2331265156,2699.0
7719,MRT,2004,2185.9502589616172,2768.0
7720,MRT,2005,2371.006677034165,2838.0
7721,MRT,2006,2807.1989381020244,2909.0
7722,MRT,2007,2875.034723800106,2981.0
7723,MRT,2008,2895.6649916028105,3055.0
7724,MRT,2009,2855.574604756298,3129.0
7725,MRT,2010,2982.7488004864113,3205.0
7726,MRT,2011,3104.0,3282.0
7727,MRT,2012,3213.0,3359.0
7728,MRT,2013,3319.0,3438.0
7729,MRT,2014,3459.0,3517.0
7730,MRT,2015,3424.0,3597.0
7731,MRT,2016,3376.7524621543976,3677.0
7732,MRT,2017,3495.2229707538154,3758.571
7733,MRT,2018,3567.1013704552147,3840.429
7734,MRT,2019,3659.10314894174,3942.1672150266745
7735,MRT,2020,3532.2977351312065,4045.360413232266
7736,MRT,2021,3527.427831896272,4150.005896872933
7737,MRT,2022,3680.366246224115,4258.963274421454
7758,MUS,1970,4662.0,829.511
7759,MUS,1971,4804.0,841.079
7760,MUS,1972,5128.0,851.334
7761,MUS,1973,5668.0,861.239
7762,MUS,1974,6038.0,873.292
7763,MUS,1975,6030.0,885.461
7764,MUS,1976,7264.0,897.811
7765,MUS,1977,7610.0,913.025
7766,MUS,1978,7763.0,929.367
7767,MUS,1979,7889.0,946.64
7768,MUS,1980,6970.0,963.701
7769,MUS,1981,7264.0,979.05
7770,MUS,1982,7563.0,992.04
7771,MUS,1983,7516.0,1002.175
7772,MUS,1984,7798.0,1012.042
7773,MUS,1985,8265.0,1020.544
7774,MUS,1986,9001.0,1028.233
7775,MUS,1987,9840.0,1036.272
7776,MUS,1988,10418.0,1044.942
7777,MUS,1989,10806.0,1053.403
7778,MUS,1990,11489.0,1061.598
7779,MUS,1991,11643.398201006125,1071.72
7780,MUS,1992,12002.380150241945,1084.81
7781,MUS,1993,12228.814079767331,1098.64
7782,MUS,1994,12381.066574186869,1111.3
7783,MUS,1995,12567.928192990208,1123.12
7784,MUS,1996,12841.93053084664,1135.34
7785,MUS,1997,13198.294920247428,1148.35
7786,MUS,1998,13607.884650004664,1160.66
7787,MUS,1999,13572.680281248277,1173.13
7788,MUS,2000,14272.30092371748,1186.45
7789,MUS,2001,14347.610817617318,1199.08
7790,MUS,2002,14196.040774451008,1210.67
7791,MUS,2003,14623.308505073224,1221.98
7792,MUS,2004,14854.61368792551,1232.85
7793,MUS,2005,14725.164159799027,1243.23
7794,MUS,2006,15042.54139763051,1252.89
7795,MUS,2007,15519.41864738926,1261.22
7796,MUS,2008,15957.960224953567,1268.9
7797,MUS,2009,16029.263886274308,1275.68
7798,MUS,2010,16269.320153638684,1281.61
7799,MUS,2011,16483.0,1285.62
7800,MUS,2012,17021.246228047617,1288.49
7801,MUS,2013,17555.554165873356,1291.25
7802,MUS,2014,18192.18747429924,1293.75
7803,MUS,2015,18828.00090117624,1296.2
7804,MUS,2016,19525.31519052267,1298.18
7805,MUS,2017,20259.8873394489,1300.38
7806,MUS,2018,21040.637996962865,1302.3
7807,MUS,2019,21624.842214480148,1303.75
7808,MUS,2020,18445.97490973305,1305.31
7809,MUS,2021,19069.04830968499,1306.84
7810,MUS,2022,20643.093950299542,1307.39
7831,MWI,1970,713.0,4508.062
7832,MWI,1971,794.0,4630.328
7833,MWI,1972,851.0,4760.666
7834,MWI,1973,896.0,4900.549
7835,MWI,1974,928.0,5072.873
7836,MWI,1975,934.0,5317.309
7837,MWI,1976,942.0,5530.771
7838,MWI,1977,961.0,5702.228
7839,MWI,1978,1015.0,5880.328
7840,MWI,1979,1030.0,6065.654
7841,MWI,1980,1004.0,6258.512
7842,MWI,1981,925.0,6459.263
7843,MWI,1982,904.0,6668.216
7844,MWI,1983,913.0,6883.756
7845,MWI,1984,925.0,7104.46
7846,MWI,1985,966.0,7330.508
7847,MWI,1986,936.0,7608.484
7848,MWI,1987,905.0,8049.175
7849,MWI,1988,872.0,8579.782
7850,MWI,1989,864.0,9082.018
7851,MWI,1990,861.0,9536.25
7852,MWI,1991,899.975111985489,9891.9
7853,MWI,1992,802.9305001829443,10246.3
7854,MWI,1993,865.763191642982,10400.7
7855,MWI,1994,791.5500602937615,10182.4
7856,MWI,1995,906.8790169328316,10095.71
7857,MWI,1996,972.8213561368592,10345.9
7858,MWI,1997,1005.8521386730674,10654.69
7859,MWI,1998,986.0287117254078,10975.63
7860,MWI,1999,989.8359268128082,11309.82
7861,MWI,2000,967.0872078365064,11657.9
7862,MWI,2001,899.2305028956672,12019.52
7863,MWI,2002,886.1978351532919,12394.83
7864,MWI,2003,905.7954573417188,12786.22
7865,MWI,2004,922.761274523614,13196.07
7866,MWI,2005,920.0499453683124,13624.51
7867,MWI,2006,929.4761925608914,14071.9
7868,MWI,2007,982.3916452607176,14538.9
7869,MWI,2008,1017.8208100763349,15026.01
7870,MWI,2009,1061.9494613142765,15525.1
7871,MWI,2010,1091.5876453348292,16027.92
7872,MWI,2011,1102.0,16533.89
7873,MWI,2012,1089.306420894477,17042.02
7874,MWI,2013,1112.7039040025431,17551.22
7875,MWI,2014,1142.9806596280062,18060.22
7876,MWI,2015,1144.3241294161178,18571.17
7877,MWI,2016,1138.736299468755,19085.93
7878,MWI,2017,1153.0430247575991,19603.08
7879,MWI,2018,1172.6712847901124,20121.52
7880,MWI,2019,1205.4770715379748,20640.32
7881,MWI,2020,1186.6827178733677,21158.65
7882,MWI,2021,1211.209253928855,21676.94
7883,MWI,2022,1190.0508476931934,22238.84
7904,MYS,1970,3314.0,10910.216
7905,MYS,1971,3475.0,11171.333
7906,MYS,1972,3649.0,11441.462
7907,MYS,1973,4081.0,11711.866
7908,MYS,1974,4285.0,11986.26
7909,MYS,1975,4221.0,12267.303
7910,MYS,1976,4638.0,12553.963
7911,MYS,1977,4903.0,12845.381
7912,MYS,1978,5214.0,13138.53
7913,MYS,1979,5510.0,13443.844
7914,MYS,1980,5829.0,13764.352
7915,MYS,1981,6095.0,14096.09
7916,MYS,1982,6303.0,14441.17
7917,MYS,1983,6529.0,14792.539
7918,MYS,1984,6867.0,15157.163
7919,MYS,1985,6626.0,15545.309
7920,MYS,1986,6543.0,15941.987
7921,MYS,1987,6723.0,16333.264
7922,MYS,1988,7144.0,16731.412
7923,MYS,1989,7634.0,17120.824
7924,MYS,1990,8179.0,17507.289
7925,MYS,1991,8781.208893108405,17971.11
7926,MYS,1992,9383.9321554432,18440.22
7927,MYS,1993,10131.929337681157,18925.81
7928,MYS,1994,10867.256099167236,19430.32
7929,MYS,1995,11725.092539240552,19939.05
7930,MYS,1996,12668.668326380066,20459.16
7931,MYS,1997,13344.5706070554,21011.08
7932,MYS,1998,12129.63578542647,21582.19
7933,MYS,1999,12636.607156270931,22131.86
7934,MYS,2000,13474.701462099618,22694.62
7935,MYS,2001,13307.214860642716,23290.71
7936,MYS,2002,13809.872051197268,23874.25
7937,MYS,2003,14362.155661441326,24436.91
7938,MYS,2004,15087.251433577863,24993.25
7939,MYS,2005,15651.11804453899,25543.29
7940,MYS,2006,16353.924095490169,26086.03
7941,MYS,2007,17209.58455344142,26620.39
7942,MYS,2008,17865.640878888928,27160.8
7943,MYS,2009,17430.444562265613,27714.8
7944,MYS,2010,18574.2996268691,28267.91
7945,MYS,2011,19390.0,28750.37
7946,MYS,2012,20162.177866482707,29162.8
7947,MYS,2013,20819.163319335446,29568.22
7948,MYS,2014,21769.005866699557,29976.74
7949,MYS,2015,22550.34217805674,30387.02
7950,MYS,2016,23251.90298401355,30781.6
7951,MYS,2017,24301.55892980997,31164.1
7952,MYS,2018,25175.799568359595,31538.78
7953,MYS,2019,25986.41141789413,31903.36
7954,MYS,2020,24279.315633018203,32256.84
7955,MYS,2021,24764.64969856618,32602.51
7956,MYS,2022,26628.70757540267,32956.32
7977,NAM,1970,6164.0,764.683
7978,NAM,1971,6258.0,792.629
7979,NAM,1972,6156.0,821.782
7980,NAM,1973,6177.0,851.258
7981,NAM,1974,6387.0,882.005
7982,NAM,1975,6293.0,915.325
7983,NAM,1976,6150.0,950.488
7984,NAM,1977,5984.0,977.026
7985,NAM,1978,6027.0,997.913
7986,NAM,1979,6073.0,1027.78
7987,NAM,1980,6293.0,1058.021
7988,NAM,1981,6271.0,1074.493
7989,NAM,1982,6064.0,1099.174
7990,NAM,1983,5734.0,1134.308
7991,NAM,1984,5539.0,1169.498
7992,NAM,1985,5396.0,1204.172
7993,NAM,1986,5530.0,1240.345
7994,NAM,1987,5595.0,1278.282
7995,NAM,1988,5386.0,1332.831
7996,NAM,1989,5208.0,1408.635
7997,NAM,1990,5007.0,1470.569
7998,NAM,1991,5239.034116635993,1511.62
7999,NAM,1992,5532.672487158338,1551.1
8000,NAM,1993,5294.242733896669,1592.2
8001,NAM,1994,5545.462306906096,1633.59
8002,NAM,1995,5638.766624120424,1674.93
8003,NAM,1996,5687.116663685837,1716.34
8004,NAM,1997,5796.631736921494,1757.56
8005,NAM,1998,5859.883448695939,1798.52
8006,NAM,1999,5926.427739552253,1840.87
8007,NAM,2000,5971.814786549045,1893.31
8008,NAM,2001,5888.432065195969,1945.46
8009,NAM,2002,6069.320281063856,1980.76
8010,NAM,2003,6082.426321145825,2007.98
8011,NAM,2004,6712.771784025929,2034.39
8012,NAM,2005,6807.57570891404,2059.96
8013,NAM,2006,7208.688501105284,2085.78
8014,NAM,2007,7509.526810882397,2112.89
8015,NAM,2008,7618.030976697601,2141.15
8016,NAM,2009,7548.128938553046,2170.49
8017,NAM,2010,7905.540897682571,2200.81
8018,NAM,2011,8203.0,2232.03
8019,NAM,2012,8482.415254649208,2267.77
8020,NAM,2013,8788.874722722334,2311.59
8021,NAM,2014,9134.854658438671,2359.55
8022,NAM,2015,9333.582793985172,2407.78
8023,NAM,2016,9152.548366244138,2456.24
8024,NAM,2017,8882.616850997629,2504.89
8025,NAM,2018,8805.333864300244,2553.66
8026,NAM,2019,8567.793425562822,2602.44
8027,NAM,2020,7734.605479768219,2651.12
8028,NAM,2021,7796.061589871414,2700.08
8029,NAM,2022,7979.328208841891,2739.42
8050,NER,1970,1337.0,4840.501
8051,NER,1971,1382.0,4948.667
8052,NER,1972,1282.0,5060.262
8053,NER,1973,1039.0,5175.408
8054,NER,1974,1105.0,5294.763
8055,NER,1975,1050.0,5419.038
8056,NER,1976,1033.0,5547.894
8057,NER,1977,1087.0,5682.086
8058,NER,1978,1205.0,5815.607
8059,NER,1979,1261.0,5952.447
8060,NER,1980,1291.0,6093.469
8061,NER,1981,1277.0,6238.998
8062,NER,1982,1231.0,6389.183
8063,NER,1983,1180.0,6544.13
8064,NER,1984,956.0,6704.046
8065,NER,1985,950.0,6869.209
8066,NER,1986,969.0,7039.813
8067,NER,1987,912.0,7215.959
8068,NER,1988,939.0,7399.129
8069,NER,1989,915.0,7607.564
8070,NER,1990,872.0,7841.73
8071,NER,1991,865.9134209642032,8071.91
8072,NER,1992,785.2636183236978,8312.79
8073,NER,1993,771.5414227419169,8570.2
8074,NER,1994,776.8025247493501,8840.45
8075,NER,1995,702.4933944459684,9133.07
8076,NER,1996,712.8558452721954,9442.83
8077,NER,1997,693.1093824969898,9752.03
8078,NER,1998,755.247969163888,10078.64
8079,NER,1999,736.9175247637983,10423.85
8080,NER,2000,693.3765476234711,10785.06
8081,NER,2001,723.3113582928088,11170.25
8082,NER,2002,734.5915805707739,11580.19
8083,NER,2003,758.1143313685333,12014.68
8084,NER,2004,725.1316362673381,12472.32
8085,NER,2005,757.243914388136,12953.98
8086,NER,2006,771.4196599452945,13459.04
8087,NER,2007,766.1869433852501,13986.38
8088,NER,2008,809.4503920715074,14531.93
8089,NER,2009,775.2534426935458,15092.16
8090,NER,2010,810.1572528803077,15668.71
8091,NER,2011,799.0,16263.26
8092,NER,2012,849.7977412647973,16903.09
8093,NER,2013,861.015605626731,17568.89
8094,NER,2014,884.3457684003448,18241.88
8095,NER,2015,888.3684966672369,18957.02
8096,NER,2016,903.5715487256052,19708.07
8097,NER,2017,913.811523462254,20461.78
8098,NER,2018,942.5486044098856,21227.97
8099,NER,2019,964.324343317027,22023.2
8100,NER,2020,962.7822900384816,22841.55
8101,NER,2021,941.2575174364652,23690.75
8102,NER,2022,1007.7209474542524,24586.92
8123,NGA,1970,1744.0,55585.637
8124,NGA,1971,1894.0,57234.219
8125,NGA,1972,1908.0,58941.176
8126,NGA,1973,2012.0,60702.378
8127,NGA,1974,2179.0,62523.705
8128,NGA,1975,2051.0,64421.5
8129,NGA,1976,2208.0,66392.898
8130,NGA,1977,2220.0,68421.168
8131,NGA,1978,2028.0,70483.446
8132,NGA,1979,2104.0,72588.342
8133,NGA,1980,2080.0,74821.273
8134,NGA,1981,1855.0,77149.584
8135,NGA,1982,1784.0,79510.977
8136,NGA,1983,1631.0,81163.741
8137,NGA,1984,1527.0,82724.29
8138,NGA,1985,1621.0,84889.378
8139,NGA,1986,1610.0,87092.237
8140,NGA,1987,1556.0,89405.017
8141,NGA,1988,1667.0,91760.42
8142,NGA,1989,1729.0,94159.653
8143,NGA,1990,1773.0,96603.759
8144,NGA,1991,1759.0034969673438,98958.07
8145,NGA,1992,1793.9401366740867,101378.15
8146,NGA,1993,1817.7495101846284,103916.25
8147,NGA,1994,1820.3046246113097,106570.58
8148,NGA,1995,1851.0374805896056,109342.8
8149,NGA,1996,1924.0884038456277,112235.15
8150,NGA,1997,1977.2856291147405,115250.51
8151,NGA,1998,2025.8649217896864,118391.17
8152,NGA,1999,2034.82752406394,121649.22
8153,NGA,2000,2144.825404335654,125013.93
8154,NGA,2001,2282.8230182916363,128512.68
8155,NGA,2002,2609.129445093547,132165.34
8156,NGA,2003,2848.2812973717623,135971.21
8157,NGA,2004,3136.6274258695394,139900.21
8158,NGA,2005,3347.820466846664,143913.81
8159,NGA,2006,3564.632342456331,148018.57
8160,NGA,2007,3817.483522507349,152194.87
8161,NGA,2008,4084.200260359434,156434.06
8162,NGA,2009,4416.346991611453,160750.76
8163,NGA,2010,4904.865862629963,165142.01
8164,NGA,2011,5136.0,169607.43
8165,NGA,2012,5216.315621041093,174142.21
8166,NGA,2013,5356.3886564568675,178736.59
8167,NGA,2014,5550.7269752146685,183361.7
8168,NGA,2015,5558.025667462321,187978.54
8169,NGA,2016,5337.129442955359,192593.55
8170,NGA,2017,5248.688403316564,197417.01
8171,NGA,2018,5215.37559870875,202498.1
8172,NGA,2019,5197.0825127987455,207698.62
8173,NGA,2020,4976.322358449507,213020.61
8174,NGA,2021,5029.088207032856,218473.32
8175,NGA,2022,5070.492915765747,223735.37
8196,NIC,1970,4463.0,2053.0
8197,NIC,1971,4533.0,2120.0
8198,NIC,1972,4543.0,2183.0
8199,NIC,1973,4637.0,2248.0
8200,NIC,1974,5064.0,2320.0
8201,NIC,1975,5013.0,2395.0
8202,NIC,1976,5099.0,2473.0
8203,NIC,1977,5247.0,2554.0
8204,NIC,1978,4771.0,2608.0
8205,NIC,1979,3405.0,2687.0
8206,NIC,1980,3414.0,2803.0
8207,NIC,1981,3480.0,2899.0
8208,NIC,1982,3360.0,2976.0
8209,NIC,1983,3437.0,3044.0
8210,NIC,1984,3308.0,3114.0
8211,NIC,1985,3107.0,3180.0
8212,NIC,1986,3011.0,3248.0
8213,NIC,1987,2922.0,3322.0
8214,NIC,1988,2498.0,3404.0
8215,NIC,1989,2393.0,3492.0
8216,NIC,1990,2291.0,3644.0
8217,NIC,1991,2209.7942483077627,3839.0
8218,NIC,1992,2163.4165916844263,4007.0
8219,NIC,1993,2114.6918975367407,4156.0
8220,NIC,1994,2154.299011959488,4289.0
8221,NIC,1995,2264.092518252075,4402.0
8222,NIC,1996,2395.2021732858275,4503.0
8223,NIC,1997,2482.690824004514,4598.0
8224,NIC,1998,2569.828330482171,4689.0
8225,NIC,1999,2748.1270002457577,4778.0
8226,NIC,2000,2858.526912402704,4866.0
8227,NIC,2001,2944.244526766683,4952.0
8228,NIC,2002,2969.457584869204,5036.0
8229,NIC,2003,3049.1499913269267,5116.0
8230,NIC,2004,3220.2610365237183,5193.0
8231,NIC,2005,3370.77750867683,5267.0
8232,NIC,2006,3525.5536519620005,5338.0
8233,NIC,2007,3729.851433342894,5408.0
8234,NIC,2008,3856.552283010685,5476.0
8235,NIC,2009,3771.947048728716,5541.0
8236,NIC,2010,3916.965925691713,5604.0
8237,NIC,2011,4189.0,5666.0
8238,NIC,2012,4376.0,5728.0
8239,NIC,2013,4527.0,5789.0
8240,NIC,2014,4685.0,5849.0
8241,NIC,2015,4866.0,5908.0
8242,NIC,2016,5015.864324456716,5967.0
8243,NIC,2017,5174.223937230618,6025.951
8244,NIC,2018,4930.429632849396,6085.213
8245,NIC,2019,4721.727406340627,6170.109452268658
8246,NIC,2020,4575.186325096798,6255.265155790277
8247,NIC,2021,4978.84140892313,6342.896708777671
8248,NIC,2022,5092.841227313294,6433.497614508797
8269,NLD,1970,19075.0,13032.335
8270,NLD,1971,19636.0,13193.776
8271,NLD,1972,20079.0,13329.874
8272,NLD,1973,20851.0,13438.404
8273,NLD,1974,21514.0,13540.584
8274,NLD,1975,21318.0,13653.438
8275,NLD,1976,22132.0,13769.913
8276,NLD,1977,22598.0,13852.989
8277,NLD,1978,22992.0,13936.754
8278,NLD,1979,23347.0,14030.002
8279,NLD,1980,23438.0,14143.901
8280,NLD,1981,23153.0,14246.049
8281,NLD,1982,22780.0,14310.401
8282,NLD,1983,23086.0,14362.381
8283,NLD,1984,23750.0,14420.022
8284,NLD,1985,24361.0,14491.38
8285,NLD,1986,24893.0,14571.875
8286,NLD,1987,25085.0,14665.278
8287,NLD,1988,25574.0,14761.339
8288,NLD,1989,26612.0,14848.907
8289,NLD,1990,27515.0,14951.51
8290,NLD,1991,28126.78128729326,15072.55
8291,NLD,1992,28555.731843562444,15186.58
8292,NLD,1993,28879.99563778952,15294.61
8293,NLD,1994,29727.555977579766,15385.64
8294,NLD,1995,30680.346818344584,15464.33
8295,NLD,1996,31811.739177846182,15535.36
8296,NLD,1997,33199.63247748674,15616.39
8297,NLD,1998,34688.551972478344,15712.42
8298,NLD,1999,36409.076594083985,15817.46
8299,NLD,2000,37899.95037765948,15931.5
8300,NLD,2001,38636.22114859548,16051.54
8301,NLD,2002,38653.123690763896,16154.57
8302,NLD,2003,38803.95858555849,16230.6
8303,NLD,2004,39682.37611246844,16287.62
8304,NLD,2005,40679.48952082843,16325.63
8305,NLD,2006,42286.51007982917,16351.64
8306,NLD,2007,44008.75173113088,16387.65
8307,NLD,2008,44840.71137006535,16451.68
8308,NLD,2009,43178.50694578154,16535.7
8309,NLD,2010,43812.34916817474,16620.73
8310,NLD,2011,44591.0,16698.76
8311,NLD,2012,43968.25377669789,16760.78
8312,NLD,2013,43782.968262272545,16809.8
8313,NLD,2014,44245.55891701035,16870.82
8314,NLD,2015,44912.6652330096,16945.85
8315,NLD,2016,45654.468892801175,17035.88
8316,NLD,2017,46706.43859939366,17136.91
8317,NLD,2018,47528.90299759168,17237.95
8318,NLD,2019,48142.67175996077,17350.99
8319,NLD,2020,46014.48428690067,17448.02
8320,NLD,2021,48001.83815004105,17539.05
8321,NLD,2022,49669.86855501835,17709.11
8342,NOR,1970,15983.0,3877.386
8343,NOR,1971,16692.0,3903.039
8344,NOR,1972,17409.0,3933.004
8345,NOR,1973,18050.0,3960.613
8346,NOR,1974,18691.0,3985.258
8347,NOR,1975,19560.0,4007.313
8348,NOR,1976,20610.0,4026.152
8349,NOR,1977,21399.0,4043.205
8350,NOR,1978,22061.0,4058.671
8351,NOR,1979,22971.0,4072.517
8352,NOR,1980,24031.0,4085.62
8353,NOR,1981,24179.0,4099.702
8354,NOR,1982,24141.0,4114.787
8355,NOR,1983,24924.0,4128.432
8356,NOR,1984,26321.0,4140.095
8357,NOR,1985,27608.0,4152.419
8358,NOR,1986,28504.0,4166.596
8359,NOR,1987,28953.0,4186.147
8360,NOR,1988,28786.0,4208.729
8361,NOR,1989,28942.0,4226.142
8362,NOR,1990,29434.0,4242.006
8363,NOR,1991,31127.67514275106,4263.01
8364,NOR,1992,33041.20543946448,4287.02
8365,NOR,1993,34819.51677543695,4313.02
8366,NOR,1994,37492.83768381588,4338.03
8367,NOR,1995,40043.79829397424,4360.03
8368,NOR,1996,43133.1434703702,4382.04
8369,NOR,1997,46556.479232082784,4406.04
8370,NOR,1998,48956.729327077825,4432.05
8371,NOR,1999,51129.18287611082,4463.06
8372,NOR,2000,54039.960727798505,4492.07
8373,NOR,2001,56578.377089947855,4515.07
8374,NOR,2002,58840.41420772429,4539.08
8375,NOR,2003,60852.25952013438,4566.08
8376,NOR,2004,64824.14443014642,4593.09
8377,NOR,2005,68108.55554368123,4624.1
8378,NOR,2006,71310.52895068977,4662.11
8379,NOR,2007,74879.80862329547,4710.12
8380,NOR,2008,76522.06344265514,4769.13
8381,NOR,2009,76625.63387616538,4830.15
8382,NOR,2010,78476.14531495779,4890.16
8383,NOR,2011,80623.0,4954.17
8384,NOR,2012,81725.21850568223,5020.19
8385,NOR,2013,81564.2937502866,5081.21
8386,NOR,2014,82311.32497785415,5138.22
8387,NOR,2015,82983.99523508434,5191.23
8388,NOR,2016,83213.01259246765,5237.24
8389,NOR,2017,84600.70739739561,5278.25
8390,NOR,2018,84739.91970070468,5313.26
8391,NOR,2019,85115.3230859659,5349.27
8392,NOR,2020,83543.09832942951,5380.28
8393,NOR,2021,86334.59325126758,5409.28
8394,NOR,2022,88366.21932847245,5458.29
8415,NPL,1970,1055.0,11919.0
8416,NPL,1971,1022.0,12155.0
8417,NPL,1972,1034.0,12389.0
8418,NPL,1973,1009.0,12631.0
8419,NPL,1974,1052.0,12884.0
8420,NPL,1975,1047.0,13146.0
8421,NPL,1976,1071.0,13418.0
8422,NPL,1977,1081.0,13700.0
8423,NPL,1978,1105.0,13994.0
8424,NPL,1979,1106.0,14298.0
8425,NPL,1980,1057.0,14613.0
8426,NPL,1981,1119.0,14946.0
8427,NPL,1982,1135.0,15298.0
8428,NPL,1983,1076.0,15664.0
8429,NPL,1984,1152.0,16044.0
8430,NPL,1985,1194.0,16439.0
8431,NPL,1986,1218.0,16848.0
8432,NPL,1987,1208.0,17273.0
8433,NPL,1988,1269.0,17714.0
8434,NPL,1989,1290.0,18173.0
8435,NPL,1990,1315.0,18649.0
8436,NPL,1991,1360.7835450119917,19150.0
8437,NPL,1992,1374.6611849864776,19705.0
8438,NPL,1993,1385.2410615719575,20278.0
8439,NPL,1994,1456.020296565261,20844.0
8440,NPL,1995,1468.0789453289217,21359.0
8441,NPL,1996,1511.7336730097186,21804.0
8442,NPL,1997,1558.3987854155582,22241.0
8443,NPL,1998,1570.6634930142088,22672.0
8444,NPL,1999,1609.1802762204345,23087.0
8445,NPL,2000,1676.7456451078976,23487.0
8446,NPL,2001,1738.3141794103872,23887.0
8447,NPL,2002,1709.778699379073,24273.0
8448,NPL,2003,1747.776601385109,24645.0
8449,NPL,2004,1802.1438478506327,24989.0
8450,NPL,2005,1836.3057151746216,25255.0
8451,NPL,2006,1884.1871667937132,25484.0
8452,NPL,2007,1927.3865031104444,25732.0
8453,NPL,2008,2021.1540837983848,25998.0
8454,NPL,2009,2085.2436141145413,26298.0
8455,NPL,2010,2152.274587448379,26664.0
8456,NPL,2011,2189.0,27081.0
8457,NPL,2012,2258.0,27505.0
8458,NPL,2013,2316.0,27917.0
8459,NPL,2014,2421.0,28311.0
8460,NPL,2015,2455.0,28678.0
8461,NPL,2016,2443.432481768947,29034.0
8462,NPL,2017,2632.340821601693,29384.297
8463,NPL,2018,2800.859682238255,29717.587
8464,NPL,2019,2953.560230153333,30057.209274333425
8465,NPL,2020,2832.860944763906,30595.26388743286
8466,NPL,2021,2902.0501722250265,31310.780375216294
8467,NPL,2022,3013.5177675161785,31845.144620307663
8488,NZL,1970,17835.0,2828.05
8489,NZL,1971,18452.0,2875.3
8490,NZL,1972,18889.0,2929.1
8491,NZL,1973,19804.0,2992.3
8492,NZL,1974,20529.0,3058.4
8493,NZL,1975,19907.0,3117.8
8494,NZL,1976,20161.0,3153.55
8495,NZL,1977,19110.0,3164.9
8496,NZL,1978,19182.0,3165.8
8497,NZL,1979,19580.0,3164.55
8498,NZL,1980,19681.0,3170.15
8499,NZL,1981,20537.0,3185.45
8500,NZL,1982,20715.0,3217.0
8501,NZL,1983,21015.0,3258.0
8502,NZL,1984,21783.0,3298.0
8503,NZL,1985,21780.0,3324.0
8504,NZL,1986,22124.0,3341.0
8505,NZL,1987,22142.0,3352.0
8506,NZL,1988,22022.0,3361.0
8507,NZL,1989,22107.0,3378.0
8508,NZL,1990,21817.0,3414.0
8509,NZL,1991,21125.894441464632,3548.31
8510,NZL,1992,21093.06134026169,3585.26
8511,NZL,1993,21897.675589250273,3628.78
8512,NZL,1994,23076.8580370377,3678.58
8513,NZL,1995,23751.903279923343,3735.46
8514,NZL,1996,24321.248009389717,3792.85
8515,NZL,1997,24802.129652390377,3838.19
8516,NZL,1998,24861.415744330163,3868.26
8517,NZL,1999,25867.99278194082,3889.61
8518,NZL,2000,26823.01745930254,3912.39
8519,NZL,2001,27167.31853490533,3946.9
8520,NZL,2002,28065.855955148236,4018.26
8521,NZL,2003,28876.28695203709,4094.07
8522,NZL,2004,29806.73526544015,4151.15
8523,NZL,2005,30270.247318837275,4198.42
8524,NZL,2006,30798.6310699084,4247.71
8525,NZL,2007,31784.44081904042,4286.78
8526,NZL,2008,31444.63323540741,4322.92
8527,NZL,2009,31233.075830391692,4370.39
8528,NZL,2010,31586.08932678963,4415.83
8529,NZL,2011,32057.0,4445.89
8530,NZL,2012,32714.73260944279,4471.4
8531,NZL,2013,33109.26129665986,4515.73
8532,NZL,2014,33591.32021166519,4597.11
8533,NZL,2015,34248.47720110293,4694.58
8534,NZL,2016,34879.93804063972,4799.84
8535,NZL,2017,35573.96344750606,4896.5
8536,NZL,2018,36420.04873497191,4982.03
8537,NZL,2019,36912.075718532695,5073.53
8538,NZL,2020,35853.692992715216,5159.06
8539,NZL,2021,37837.45806607527,5188.31
8540,NZL,2022,38250.12239372281,5244.5
8561,OMN,1970,6056.0,778.536
8562,OMN,1971,5923.0,802.594
8563,OMN,1972,6271.0,829.05
8564,OMN,1973,5227.0,856.714
8565,OMN,1974,5644.0,884.395
8566,OMN,1975,6802.0,913.285
8567,OMN,1976,7328.0,956.453
8568,OMN,1977,6998.0,1004.533
8569,OMN,1978,6513.0,1058.744
8570,OMN,1979,6446.0,1115.515
8571,OMN,1980,6491.0,1174.857
8572,OMN,1981,7210.0,1237.945
8573,OMN,1982,7651.0,1301.048
8574,OMN,1983,8521.0,1363.189
8575,OMN,1984,9526.0,1423.521
8576,OMN,1985,10433.0,1481.587
8577,OMN,1986,10268.0,1537.697
8578,OMN,1987,10699.0,1593.882
8579,OMN,1988,10633.0,1651.822
8580,OMN,1989,10692.0,1711.642
8581,OMN,1990,10327.0,1772.974
8582,OMN,1991,11131.000161499864,1843.81
8583,OMN,1992,12251.157612838057,1916.36
8584,OMN,1993,13226.643232366689,1990.54
8585,OMN,1994,14079.533055632632,2052.01
8586,OMN,1995,15292.175962180614,2113.06
8587,OMN,1996,16491.167828769783,2173.41
8588,OMN,1997,18518.480505769527,2232.74
8589,OMN,1998,20213.02037793395,2290.9
8590,OMN,1999,21519.670874485146,2347.74
8591,OMN,2000,24186.36539832847,2403.18
8592,OMN,2001,26431.100510242468,2457.3
8593,OMN,2002,27141.842908555063,2510.22
8594,OMN,2003,27313.979688054027,2562.0
8595,OMN,2004,28607.084364072365,2612.83
8596,OMN,2005,30392.56006950844,2663.04
8597,OMN,2006,33374.89387593973,2713.22
8598,OMN,2007,36424.97935431351,2764.07
8599,OMN,2008,40909.93793079612,2816.38
8600,OMN,2009,44244.64655098686,2870.78
8601,OMN,2010,46182.160122218935,2927.5
8602,OMN,2011,44454.0,2986.38
8603,OMN,2012,47427.58310966899,3047.23
8604,OMN,2013,48900.75666507833,3109.91
8605,OMN,2014,48528.4104469355,3174.26
8606,OMN,2015,49926.876575049,3240.14
8607,OMN,2016,51382.73606636621,3307.2
8608,OMN,2017,50502.680279503904,3375.06
8609,OMN,2018,50135.401923433776,3443.54
8610,OMN,2019,48596.52895658961,3512.44
8611,OMN,2020,46133.20980381452,3581.59
8612,OMN,2021,46573.575763828216,3650.68
8613,OMN,2022,47988.64770074963,3695.77
8634,PAK,1970,1517.0,65705.964
8635,PAK,1971,1484.0,67491.369
8636,PAK,1972,1455.0,69325.921
8637,PAK,1973,1521.0,71121.085
8638,PAK,1974,1533.0,72911.78
8639,PAK,1975,1559.0,74711.541
8640,PAK,1976,1604.0,76456.121
8641,PAK,1977,1631.0,78152.686
8642,PAK,1978,1720.0,80051.3
8643,PAK,1979,1733.0,82374.302
8644,PAK,1980,1851.0,85219.117
8645,PAK,1981,1924.0,88417.079
8646,PAK,1982,2002.0,91465.209
8647,PAK,1983,2077.0,94154.723
8648,PAK,1984,2106.0,96501.806
8649,PAK,1985,2230.0,99076.266
8650,PAK,1986,2302.0,102065.71
8651,PAK,1987,2364.0,105208.431
8652,PAK,1988,2442.0,108407.786
8653,PAK,1989,2487.0,111528.381
8654,PAK,1990,2531.0,114606.69
8655,PAK,1991,2644.574215569029,117782.05
8656,PAK,1992,2732.381621099054,119973.85
8657,PAK,1993,2777.332031983147,122051.82
8658,PAK,1994,2855.9061964784687,124813.1
8659,PAK,1995,2947.682626212989,127886.09
8660,PAK,1996,2979.808225508058,131362.55
8661,PAK,1997,2986.7055656454686,134716.84
8662,PAK,1998,3035.4517015776883,138043.66
8663,PAK,1999,3111.9585703627713,141497.13
8664,PAK,2000,3154.5115800695457,145759.03
8665,PAK,2001,3176.9467765872632,150447.74
8666,PAK,2002,3265.6866153770698,154584.56
8667,PAK,2003,3437.9918213428978,158208.72
8668,PAK,2004,3664.53343212702,161555.54
8669,PAK,2005,3883.934514913529,165074.62
8670,PAK,2006,4062.666456993414,168846.15
8671,PAK,2007,4160.365169369131,172882.36
8672,PAK,2008,4224.404803717347,176808.99
8673,PAK,2009,4288.461819263837,180689.63
8674,PAK,2010,4354.266950826545,184989.0
8675,PAK,2011,4464.0,189313.83
8676,PAK,2012,4538.345659254035,193569.43
8677,PAK,2013,4638.161854593577,197994.08
8678,PAK,2014,4750.8781699193805,202387.19
8679,PAK,2015,4889.914999073702,206716.33
8680,PAK,2016,5030.835315005946,210928.54
8681,PAK,2017,5189.93690240922,215275.67
8682,PAK,2018,5299.070726267489,219926.58
8683,PAK,2019,5219.534107146035,224604.37
8684,PAK,2020,5242.695082296415,229276.42
8685,PAK,2021,5463.774527616066,233941.75
8686,PAK,2022,5531.7229733188515,238413.04
8707,PAN,1970,5131.0,1531.0
8708,PAN,1971,5471.0,1574.0
8709,PAN,1972,5571.0,1617.0
8710,PAN,1973,5719.0,1660.0
8711,PAN,1974,5695.0,1707.0
8712,PAN,1975,5649.0,1749.0
8713,PAN,1976,5604.0,1792.0
8714,PAN,1977,5512.0,1842.0
8715,PAN,1978,5946.0,1875.0
8716,PAN,1979,6075.0,1918.0
8717,PAN,1980,6849.0,1960.0
8718,PAN,1981,7313.0,1999.0
8719,PAN,1982,7444.0,2040.0
8720,PAN,1983,7186.0,2081.0
8721,PAN,1984,7192.0,2123.0
8722,PAN,1985,7404.0,2168.0
8723,PAN,1986,7578.0,2212.0
8724,PAN,1987,7653.0,2257.0
8725,PAN,1988,6743.0,2302.0
8726,PAN,1989,6715.0,2347.0
8727,PAN,1990,7119.0,2393.0
8728,PAN,1991,7659.470068810521,2441.0
8729,PAN,1992,8148.631578366972,2489.0
8730,PAN,1993,8450.671662660901,2538.0
8731,PAN,1994,8549.647580230898,2588.0
8732,PAN,1995,8555.783356594811,2638.0
8733,PAN,1996,8652.075758425297,2690.0
8734,PAN,1997,9054.722042605272,2744.0
8735,PAN,1998,9560.335446830137,2797.0
8736,PAN,1999,9784.694118187648,2848.0
8737,PAN,2000,9898.787780608176,2900.0
8738,PAN,2001,9804.558814722486,2952.0
8739,PAN,2002,9879.4543564848,3003.0
8740,PAN,2003,10153.772014301005,3054.0
8741,PAN,2004,10769.523182504085,3104.0
8742,PAN,2005,11389.243951547502,3155.0
8743,PAN,2006,12195.746842831204,3206.0
8744,PAN,2007,13492.38297776926,3258.0
8745,PAN,2008,14466.96734178384,3310.0
8746,PAN,2009,14515.766021072732,3360.0
8747,PAN,2010,15169.124712275998,3411.0
8748,PAN,2011,16762.0,3460.0
8749,PAN,2012,18051.0,3510.0
8750,PAN,2013,18979.0,3559.0
8751,PAN,2014,19855.0,3608.0
8752,PAN,2015,20723.0,3657.0
8753,PAN,2016,21445.12474748985,3705.0
8754,PAN,2017,22331.217072729338,3753.142
8755,PAN,2018,22843.750444334593,3800.644
8756,PAN,2019,23218.4307781181,3862.0318205267145
8757,PAN,2020,18840.739095054367,3918.4804750307
8758,PAN,2021,21539.070766353063,3970.373198267093
8759,PAN,2022,23557.019553502487,4022.670142923783
8780,PER,1970,6143.0,13192.8
8781,PER,1971,6242.0,13568.3
8782,PER,1972,6264.0,13954.7
8783,PER,1973,6413.0,14350.3
8784,PER,1974,6566.0,14753.1
8785,PER,1975,6896.0,15161.199
8786,PER,1976,6808.0,15573.199
8787,PER,1977,6626.0,15990.099
8788,PER,1978,6454.0,16414.399
8789,PER,1979,6664.0,16848.699
8790,PER,1980,6795.0,17295.298
8791,PER,1981,6921.0,17754.798
8792,PER,1982,6770.0,18173.0
8793,PER,1983,5729.0,18591.0
8794,PER,1984,5859.0,19011.0
8795,PER,1985,5844.0,19432.0
8796,PER,1986,6290.0,19855.0
8797,PER,1987,6682.0,20280.0
8798,PER,1988,6003.0,20710.0
8799,PER,1989,5160.0,21151.0
8800,PER,1990,4795.0,21600.0
8801,PER,1991,4812.211783683929,22540.28
8802,PER,1992,4698.483047665015,23517.24
8803,PER,1993,4857.021153915113,18966.65
8804,PER,1994,5361.422622433439,19306.39
8805,PER,1995,5668.032852865704,19642.37
8806,PER,1996,5739.790044365207,19976.27
8807,PER,1997,6027.816438107846,20308.83
8808,PER,1998,5926.7329222811695,20638.13
8809,PER,1999,5945.195331123355,20962.98
8810,PER,2000,6038.244426976612,21291.22
8811,PER,2001,6010.225032486101,21630.64
8812,PER,2002,6274.418486889141,21979.9
8813,PER,2003,6472.340881281997,22338.7
8814,PER,2004,6731.004687316251,22706.95
8815,PER,2005,7091.133296825651,23055.48
8816,PER,2006,7560.897175590482,23380.2
8817,PER,2007,8138.364968767314,23707.79
8818,PER,2008,8812.618181733798,23944.04
8819,PER,2009,8836.016607564105,24086.7
8820,PER,2010,9507.7801294655,24227.87
8821,PER,2011,10044.0,24363.99
8822,PER,2012,10605.588696987215,24490.6
8823,PER,2013,11173.43797592101,24606.54
8824,PER,2014,11389.862201766016,24713.97
8825,PER,2015,11713.570189017371,24812.48
8826,PER,2016,12132.03511095255,24903.64
8827,PER,2017,12390.033317724596,24999.33
8828,PER,2018,12677.874570671223,25403.39
8829,PER,2019,12680.353829006037,25965.57
8830,PER,2020,11136.991090246232,26307.71
8831,PER,2021,12550.460889975757,26508.32
8832,PER,2022,12762.966819894918,26771.02
8853,PHL,1970,2812.0,38603.696
8854,PHL,1971,2882.0,39718.094
8855,PHL,1972,2954.0,40850.141
8856,PHL,1973,3131.0,41998.117
8857,PHL,1974,3154.0,43162.098
8858,PHL,1975,3241.0,44336.842
8859,PHL,1976,3430.0,45574.35
8860,PHL,1977,3524.0,46850.962
8861,PHL,1978,3606.0,48171.78
8862,PHL,1979,3703.0,49537.371
8863,PHL,1980,3787.0,50940.182
8864,PHL,1981,3819.0,52227.598
8865,PHL,1982,3859.0,53557.177
8866,PHL,1983,3837.0,54885.412
8867,PHL,1984,3469.0,56257.879
8868,PHL,1985,3135.0,57705.685
8869,PHL,1986,3161.0,59185.949
8870,PHL,1987,3218.0,60648.112
8871,PHL,1988,3355.0,62080.71
8872,PHL,1989,3481.0,63554.672
8873,PHL,1990,3502.0,65087.72
8874,PHL,1991,3432.582750874769,66549.41
8875,PHL,1992,3399.242617959663,67929.79
8876,PHL,1993,3427.1294302854944,69347.84
8877,PHL,1994,3529.007334686565,70860.01
8878,PHL,1995,3637.625561314352,72503.97
8879,PHL,1996,3790.7787888230337,74238.79
8880,PHL,1997,3928.014381430732,75956.95
8881,PHL,1998,3852.632743171977,77636.64
8882,PHL,1999,3917.0886431100816,79345.75
8883,PHL,2000,4033.5608918822336,81131.21
8884,PHL,2001,4090.218328993514,83022.56
8885,PHL,2002,4181.375748205981,84875.55
8886,PHL,2003,4333.213811692893,86696.97
8887,PHL,2004,4562.502675564325,88568.1
8888,PHL,2005,4721.000727072252,90418.14
8889,PHL,2006,4908.616862332096,92253.0
8890,PHL,2007,5172.661871018685,94098.39
8891,PHL,2008,5328.682449645144,95922.8
8892,PHL,2009,5338.306243301913,97627.16
8893,PHL,2010,5694.046728858069,99316.85
8894,PHL,2011,5851.0,100998.65
8895,PHL,2012,6155.8294933463385,102618.25
8896,PHL,2013,6465.517991009674,104298.92
8897,PHL,2014,6760.762822589173,106075.91
8898,PHL,2015,7070.475789002368,107868.13
8899,PHL,2016,7463.518188004978,109492.99
8900,PHL,2017,7865.814871472137,111093.8
8901,PHL,2018,8234.928093332479,112842.96
8902,PHL,2019,8602.145534202311,114635.9
8903,PHL,2020,7624.413564948383,117026.22
8904,PHL,2021,7894.177952445973,119473.07
8905,PHL,2022,8370.666118920128,121234.2
8926,POL,1970,7058.0,32526.0
8927,POL,1971,7503.0,32777.81
8928,POL,1972,7986.0,33039.545
8929,POL,1973,8512.0,33331.131
8930,POL,1974,8928.0,33642.89
8931,POL,1975,9258.0,33969.24
8932,POL,1976,9397.0,34299.428
8933,POL,1977,9483.0,34621.254
8934,POL,1978,9741.0,34929.072
8935,POL,1979,9471.0,35256.645
8936,POL,1980,9149.0,35578.016
8937,POL,1981,8584.0,35901.961
8938,POL,1982,8429.0,36227.381
8939,POL,1983,8764.0,36571.418
8940,POL,1984,9006.0,36904.134
8941,POL,1985,9022.0,37225.792
8942,POL,1986,9240.0,37504.275
8943,POL,1987,9059.0,37740.71
8944,POL,1988,9228.0,37866.84
8945,POL,1989,9060.0,37970.155
8946,POL,1990,8150.0,38119.408
8947,POL,1991,7625.84268658559,38197.59
8948,POL,1992,7873.92490222084,38261.74
8949,POL,1993,8229.529071554278,38309.85
8950,POL,1994,8721.827380289787,38340.92
8951,POL,1995,9408.2745367175,38363.47
8952,POL,1996,10066.171033531757,38377.51
8953,POL,1997,10811.274224041745,38380.51
8954,POL,1998,11413.25589938339,38372.49
8955,POL,1999,12058.419766451196,38358.46
8956,POL,2000,12732.166764174506,38344.43
8957,POL,2001,13017.584250694908,38339.42
8958,POL,2002,13415.5709344415,38320.37
8959,POL,2003,14035.636389115967,38283.29
8960,POL,2004,14906.09421678974,38268.25
8961,POL,2005,15580.93671792739,38249.21
8962,POL,2006,16711.447988068474,38220.14
8963,POL,2007,18067.42798412524,38204.11
8964,POL,2008,19011.54609190548,38204.11
8965,POL,2009,19718.464438679377,38571.95
8966,POL,2010,20608.69309473939,38606.03
8967,POL,2011,21837.0,38615.05
8968,POL,2012,22169.82560164373,38623.07
8969,POL,2013,22378.30419480347,38591.0
8970,POL,2014,23247.8180652457,38572.96
8971,POL,2015,24285.1415102141,38543.89
8972,POL,2016,25020.620325784213,38515.83
8973,POL,2017,26310.11373000858,38510.81
8974,POL,2018,27880.835095239196,38501.79
8975,POL,2019,29142.024249741866,38474.73
8976,POL,2020,28577.141385891355,38442.66
8977,POL,2021,30687.66286250352,38250.21
8978,POL,2022,32468.40269329398,37914.44
8999,PRI,1970,10117.0,2722.0
9000,PRI,1971,10587.0,2766.0
9001,PRI,1972,11046.0,2847.0
9002,PRI,1973,11639.0,2863.0
9003,PRI,1974,11552.0,2887.0
9004,PRI,1975,11073.0,2935.0
9005,PRI,1976,11308.0,3026.0
9006,PRI,1977,11832.0,3081.0
9007,PRI,1978,12463.0,3118.0
9008,PRI,1979,13012.0,3168.0
9009,PRI,1980,13040.0,3210.0
9010,PRI,1981,13061.0,3239.0
9011,PRI,1982,12511.0,3279.0
9012,PRI,1983,12428.0,3316.0
9013,PRI,1984,13201.0,3350.0
9014,PRI,1985,13345.0,3382.0
9015,PRI,1986,14304.0,3413.0
9016,PRI,1987,14870.0,3444.0
9017,PRI,1988,15701.0,3475.0
9018,PRI,1989,16332.0,3506.0
9019,PRI,1990,16799.0,3537.0
9020,PRI,1991,17332.180555569845,3562.0
9021,PRI,1992,18290.732312059263,3585.0
9022,PRI,1993,19278.626736749982,3615.0
9023,PRI,1994,20213.114289924142,3649.0
9024,PRI,1995,21267.376948546833,3683.0
9025,PRI,1996,21856.017436291193,3725.0
9026,PRI,1997,23069.027284417825,3759.0
9027,PRI,1998,24586.22177832383,3781.0
9028,PRI,1999,26186.29957210674,3800.0
9029,PRI,2000,27392.458835101163,3811.0
9030,PRI,2001,29517.04844797766,3819.0
9031,PRI,2002,30218.01310480458,3824.0
9032,PRI,2003,30688.10105113071,3826.0
9033,PRI,2004,32110.836956060444,3827.0
9034,PRI,2005,32013.54085987913,3822.0
9035,PRI,2006,32195.16059855685,3805.0
9036,PRI,2007,32511.114306762483,3783.0
9037,PRI,2008,32604.09006210383,3761.0
9038,PRI,2009,32648.10443234164,3741.0
9039,PRI,2010,33195.44278777433,3722.0
9040,PRI,2011,33981.0,3679.0
9041,PRI,2012,34395.0,3636.0
9042,PRI,2013,34736.0,3589.0
9043,PRI,2014,34787.0,3534.0
9044,PRI,2015,35384.0,3473.0
9045,PRI,2016,35594.52195288389,3411.0
9046,PRI,2017,35248.396888220675,3351.827
9047,PRI,2018,34190.109014779955,3294.626
9048,PRI,2019,35041.328143130086,3268.4398659048125
9049,PRI,2020,33787.398225739256,3247.2751726551837
9050,PRI,2021,34095.49101001594,3231.8545154152916
9051,PRI,2022,35280.66642312488,3228.260398534135
9072,PRK,1970,,14062.0
9073,PRK,1971,,14527.0
9074,PRK,1972,,14956.0
9075,PRK,1973,,15349.0
9076,PRK,1974,,15702.0
9077,PRK,1975,,16014.0
9078,PRK,1976,,16294.0
9079,PRK,1977,,16563.0
9080,PRK,1978,,16830.0
9081,PRK,1979,,17104.0
9082,PRK,1980,,17390.0
9083,PRK,1981,,17675.0
9084,PRK,1982,,17952.0
9085,PRK,1983,,18237.0
9086,PRK,1984,,18530.0
9087,PRK,1985,,18831.0
9088,PRK,1986,,19137.0
9089,PRK,1987,,19449.0
9090,PRK,1988,,19769.0
9091,PRK,1989,,20103.0
9092,PRK,1990,2455.8185769482334,20451.0
9093,PRK,1991,2315.958868695438,20813.0
9094,PRK,1992,2120.546124627793,21182.0
9095,PRK,1993,1996.293340475905,21563.0
9096,PRK,1994,1925.956032988804,21852.0
9097,PRK,1995,1816.0090099400352,22107.0
9098,PRK,1996,1733.0995057492387,22324.0
9099,PRK,1997,1604.8995267445302,22443.0
9100,PRK,1998,1579.9309296418764,22483.0
9101,PRK,1999,1664.6421502877936,22594.0
9102,PRK,2000,1657.1444357722455,22785.0
9103,PRK,2001,1704.3732616171671,22977.0
9104,PRK,2002,1710.9495720157613,23165.0
9105,PRK,2003,1729.6220787206848,23330.0
9106,PRK,2004,1753.6919336925446,23477.0
9107,PRK,2005,1808.0618257976384,23621.0
9108,PRK,2006,1778.4956591552389,23764.0
9109,PRK,2007,1746.9275624945565,23908.0
9110,PRK,2008,1794.6573716776577,24051.0
9111,PRK,2009,1768.889749799751,24191.0
9112,PRK,2010,1751.4362816113617,24326.0
9113,PRK,2011,1756.6108066887382,24457.0
9114,PRK,2012,1770.920941542846,24589.0
9115,PRK,2013,1781.3008453449445,24720.0
9116,PRK,2014,1791.3436400976298,24852.0
9117,PRK,2015,1762.5166753384246,24983.0
9118,PRK,2016,1821.212087906053,25115.0
9119,PRK,2017,1749.0595279869335,25248.14
9120,PRK,2018,1668.5445737640475,25381.085
9121,PRK,2019,1666.8143771736584,25497.201102182204
9122,PRK,2020,1584.377085405004,25608.103918512123
9123,PRK,2021,1577.132110470986,25711.498076983145
9124,PRK,2022,1568.8469895998494,25808.028209628625
9145,PRT,1970,8724.0,9044.2
9146,PRT,1971,9358.0,8990.45
9147,PRT,1972,10130.0,8970.45
9148,PRT,1973,11258.0,8975.95
9149,PRT,1974,11234.0,9098.3
9150,PRT,1975,10388.0,9411.09
9151,PRT,1976,10861.0,9621.97
9152,PRT,1977,11422.0,9662.6
9153,PRT,1978,11700.0,9698.78
9154,PRT,1979,12326.0,9724.56
9155,PRT,1980,12822.0,9777.8
9156,PRT,1981,12934.0,9850.079
9157,PRT,1982,13198.0,9859.65
9158,PRT,1983,13158.0,9872.243
9159,PRT,1984,12894.0,9885.387
9160,PRT,1985,13240.0,9897.192
9161,PRT,1986,13774.0,9907.411
9162,PRT,1987,14641.0,9915.289
9163,PRT,1988,15729.0,9920.611
9164,PRT,1989,16533.0,9923.147
9165,PRT,1990,17256.0,9922.689
9166,PRT,1991,17949.808301173023,9894.62
9167,PRT,1992,18598.528110745836,9890.64
9168,PRT,1993,18519.933184056696,9901.66
9169,PRT,1994,18819.02641793187,9925.49
9170,PRT,1995,19262.030321388447,9953.68
9171,PRT,1996,19939.31129143236,9991.11
9172,PRT,1997,20810.178605354424,10035.88
9173,PRT,1998,21782.118696572663,10086.71
9174,PRT,1999,22589.92161795095,10143.9
9175,PRT,2000,23372.040142230104,10215.47
9176,PRT,2001,23751.37172554714,10287.75
9177,PRT,2002,23896.45964001251,10344.24
9178,PRT,2003,23677.51885243508,10383.15
9179,PRT,2004,24142.76657092593,10408.07
9180,PRT,2005,24377.949873274138,10427.33
9181,PRT,2006,24809.039589187923,10446.19
9182,PRT,2007,25477.205995874305,10466.74
9183,PRT,2008,25590.88043553619,10481.83
9184,PRT,2009,24902.45692035445,10491.76
9185,PRT,2010,25463.163102150593,10496.63
9186,PRT,2011,25133.0,10481.24
9187,PRT,2012,24211.437538256683,10438.75
9188,PRT,2013,24119.960836086902,10381.66
9189,PRT,2014,24442.386247150665,10325.87
9190,PRT,2015,24983.702146500676,10283.18
9191,PRT,2016,25568.694824878698,10250.82
9192,PRT,2017,26529.98675137185,10225.8
9193,PRT,2018,27329.69037420464,10209.42
9194,PRT,2019,28056.056109858426,10211.9
9195,PRT,2020,25700.28384167499,10222.62
9196,PRT,2021,27138.478461994975,10213.59
9197,PRT,2022,28992.0582921732,10199.79
9218,PRY,1970,2825.0,2476.785
9219,PRY,1971,2906.0,2544.518
9220,PRY,1972,3017.0,2614.104
9221,PRY,1973,3150.0,2693.0
9222,PRY,1974,3319.0,2774.0
9223,PRY,1975,3464.0,2852.0
9224,PRY,1976,3629.0,2922.0
9225,PRY,1977,3945.0,2987.0
9226,PRY,1978,4302.0,3054.0
9227,PRY,1979,4693.0,3122.0
9228,PRY,1980,5113.0,3196.0
9229,PRY,1981,5424.0,3279.0
9230,PRY,1982,5230.0,3370.0
9231,PRY,1983,4935.0,3467.0
9232,PRY,1984,4945.0,3568.0
9233,PRY,1985,4994.0,3673.0
9234,PRY,1986,4854.0,3781.0
9235,PRY,1987,4919.0,3893.0
9236,PRY,1988,5082.0,4007.0
9237,PRY,1989,5222.0,4124.0
9238,PRY,1990,5230.0,4244.0
9239,PRY,1991,5224.29964823441,4367.11
9240,PRY,1992,5186.563954119006,4491.94
9241,PRY,1993,5270.899491641785,4618.32
9242,PRY,1994,5305.500600004414,4746.18
9243,PRY,1995,5463.622803755436,4875.43
9244,PRY,1996,5360.743303438505,5005.93
9245,PRY,1997,5399.425768816535,5133.38
9246,PRY,1998,5321.919255014399,5253.41
9247,PRY,1999,5150.408535771523,5365.67
9248,PRY,2000,4896.429548054788,5473.21
9249,PRY,2001,4918.045924705952,5579.17
9250,PRY,2002,5571.427457826614,5683.44
9251,PRY,2003,5726.990011574312,5785.84
9252,PRY,2004,5876.660274280204,5886.18
9253,PRY,2005,5922.7908497059425,5984.27
9254,PRY,2006,6128.642431612889,6079.9
9255,PRY,2007,6383.485205573556,6173.12
9256,PRY,2008,6713.030207716694,6264.03
9257,PRY,2009,6376.941542522253,6352.42
9258,PRY,2010,7139.026843533729,6438.09
9259,PRY,2011,7377.0,6522.07
9260,PRY,2012,7232.376097145511,6605.39
9261,PRY,2013,7735.564733585137,6687.87
9262,PRY,2014,8047.593473162891,6769.34
9263,PRY,2015,8188.403618735497,6849.66
9264,PRY,2016,8438.709446905918,6930.16
9265,PRY,2017,8741.24486477908,7012.11
9266,PRY,2018,8915.668486218812,7095.2
9267,PRY,2019,8776.075922181637,7179.08
9268,PRY,2020,8603.078968662478,7263.39
9269,PRY,2021,8845.659158428356,7347.97
9270,PRY,2022,8762.771473614272,7432.31
9291,PSE,1970,3008.0,1032.0
9292,PSE,1971,3338.0,1060.0
9293,PSE,1972,3797.0,1089.0
9294,PSE,1973,3537.0,1124.0
9295,PSE,1974,4159.0,1166.0
9296,PSE,1975,4085.0,1201.0
9297,PSE,1976,4605.0,1228.0
9298,PSE,1977,4439.0,1261.0
9299,PSE,1978,4874.0,1296.0
9300,PSE,1979,4677.0,1329.0
9301,PSE,1980,5239.0,1360.0
9302,PSE,1981,4811.0,1389.0
9303,PSE,1982,5088.0,1425.0
9304,PSE,1983,4733.0,1474.0
9305,PSE,1984,4807.0,1524.0
9306,PSE,1985,4619.0,1576.0
9307,PSE,1986,5330.0,1630.0
9308,PSE,1987,5004.0,1691.0
9309,PSE,1988,4745.0,1758.0
9310,PSE,1989,4682.0,1821.0
9311,PSE,1990,5345.0,1898.0
9312,PSE,1991,4732.1707378122765,1998.0
9313,PSE,1992,5410.624860513377,2106.0
9314,PSE,1993,5527.994894591654,2218.0
9315,PSE,1994,5893.470080553527,2349.0
9316,PSE,1995,5756.845080127221,2506.0
9317,PSE,1996,5320.255431795181,2671.0
9318,PSE,1997,5598.02091623714,2832.0
9319,PSE,1998,6051.882863054289,2915.0
9320,PSE,1999,6204.646561776398,2996.0
9321,PSE,2000,5377.393510417403,3075.0
9322,PSE,2001,4626.303136294866,3155.0
9323,PSE,2002,3842.146373133057,3235.0
9324,PSE,2003,4158.299311881024,3315.0
9325,PSE,2004,4358.517574802476,3396.0
9326,PSE,2005,4589.625827493029,3478.0
9327,PSE,2006,4193.15374550199,3559.0
9328,PSE,2007,4250.988726059923,3642.0
9329,PSE,2008,4287.209196593138,3727.0
9330,PSE,2009,4426.316815164755,3817.0
9331,PSE,2010,4548.53105311676,3907.0
9332,PSE,2011,4863.0,3997.0
9333,PSE,2012,5054.0,4088.0
9334,PSE,2013,5054.0,4178.0
9335,PSE,2014,4939.0,4269.0
9336,PSE,2015,5003.0,4359.0
9337,PSE,2016,5316.988319387711,4451.0
9338,PSE,2017,5269.6026726028185,4532.880337765375
9339,PSE,2018,5218.156432716277,4615.079767666213
9340,PSE,2019,5176.979557656634,4715.1767043987675
9341,PSE,2020,4490.754810288136,4820.457692101141
9342,PSE,2021,4698.932604647453,4929.930673594411
9343,PSE,2022,4775.202059145595,5041.986076921295
9364,QAT,1970,51921.0,115.302
9365,QAT,1971,59731.0,124.489
9366,QAT,1972,62416.0,134.408
9367,QAT,1973,68407.0,145.116
9368,QAT,1974,57594.0,156.679
9369,QAT,1975,54866.0,169.163
9370,QAT,1976,55169.0,180.95
9371,QAT,1977,45999.0,193.557
9372,QAT,1978,47072.0,207.043
9373,QAT,1979,45806.0,221.469
9374,QAT,1980,45860.0,236.9
9375,QAT,1981,37307.0,249.278
9376,QAT,1982,29046.0,259.611
9377,QAT,1983,23146.0,292.415
9378,QAT,1984,20354.0,324.468
9379,QAT,1985,16558.0,356.031
9380,QAT,1986,12881.0,387.261
9381,QAT,1987,12819.0,396.947
9382,QAT,1988,12492.0,413.461
9383,QAT,1989,12137.0,430.159
9384,QAT,1990,11705.0,446.131
9385,QAT,1991,12417.64270753359,461.76
9386,QAT,1992,15042.123159110415,477.12
9387,QAT,1993,16221.045570990258,493.02
9388,QAT,1994,17955.31481774725,508.97
9389,QAT,1995,19959.703059990767,524.67
9390,QAT,1996,22395.263887484165,540.24
9391,QAT,1997,30989.14972756169,563.67
9392,QAT,1998,36448.05653884442,595.17
9393,QAT,1999,40135.17472946597,626.82
9394,QAT,2000,45788.122704193,658.68
9395,QAT,2001,50525.70583935578,691.14
9396,QAT,2002,57541.10338929801,724.03
9397,QAT,2003,62234.213824204206,757.24
9398,QAT,2004,74372.93251805927,849.69
9399,QAT,2005,76808.42001416511,1001.11
9400,QAT,2006,90120.91798318898,1152.85
9401,QAT,2007,97912.69049207192,1305.6
9402,QAT,2008,107402.05610585344,1459.76
9403,QAT,2009,115283.41660227132,1614.84
9404,QAT,2010,134802.78185178977,1770.35
9405,QAT,2011,155533.0,1904.09
9406,QAT,2012,154339.816050374,2009.57
9407,QAT,2013,155657.12776683117,2103.27
9408,QAT,2014,157712.90912789595,2186.58
9409,QAT,2015,159800.18870866153,2260.59
9410,QAT,2016,160051.23540942746,2326.2
9411,QAT,2017,153819.10224360012,2384.19
9412,QAT,2018,152453.80563669704,2435.25
9413,QAT,2019,150732.22033810467,2480.01
9414,QAT,2020,143118.52374306676,2519.01
9415,QAT,2021,143468.7564605031,2552.79
9416,QAT,2022,149171.10570103163,2559.33
9437,ROU,1970,4547.402146183206,20252.541
9438,ROU,1971,5134.186718340132,20469.658
9439,ROU,1972,5413.41779052776,20662.648
9440,ROU,1973,5541.713361608214,20827.525
9441,ROU,1974,5796.996026582673,21028.841
9442,ROU,1975,5995.4506623028055,21245.103
9443,ROU,1976,6243.146319445189,21445.698
9444,ROU,1977,6322.240335288323,21658.597
9445,ROU,1978,6476.156522655519,21831.875
9446,ROU,1979,6612.02235326066,22001.388
9447,ROU,1980,6591.636513949968,22130.036
9448,ROU,1981,6514.126853161042,22256.551
9449,ROU,1982,6490.436690532253,22356.726
9450,ROU,1983,6418.193880459252,22407.281
9451,ROU,1984,6659.454043513265,22453.788
9452,ROU,1985,6628.606205102942,22521.195
9453,ROU,1986,6718.444626288143,22599.678
9454,ROU,1987,6551.89904388016,22686.371
9455,ROU,1988,6511.956109065193,22768.897
9456,ROU,1989,6281.154179014025,22852.123
9457,ROU,1990,5596.0,22865.945
9458,ROU,1991,5033.141019477643,22825.56
9459,ROU,1992,4818.30439775258,22797.03
9460,ROU,1993,5055.917170261037,22765.76
9461,ROU,1994,5427.070568283564,22733.02
9462,ROU,1995,6014.689713970484,22687.41
9463,ROU,1996,6476.474475399121,22622.47
9464,ROU,1997,6446.417752776129,22557.74
9465,ROU,1998,6407.4668817494485,22511.38
9466,ROU,1999,6613.93288019736,22414.43
9467,ROU,2000,7089.9461257364155,22262.41
9468,ROU,2001,7860.443226116575,22106.06
9469,ROU,2002,8673.618743410765,21930.79
9470,ROU,2003,9369.2331638451,21828.19
9471,ROU,2004,10531.171802216866,21704.23
9472,ROU,2005,11313.822419190725,21570.5
9473,ROU,2006,12823.23183934203,21443.09
9474,ROU,2007,14418.829976779476,21128.67
9475,ROU,2008,16347.34353433489,20779.48
9476,ROU,2009,15866.126776608,20607.06
9477,ROU,2010,16377.328022560869,20485.0
9478,ROU,2011,17174.0,20384.7
9479,ROU,2012,17580.932300095516,20296.19
9480,ROU,2013,17691.442894540312,20223.86
9481,ROU,2014,18487.25965078638,20150.77
9482,ROU,2015,19162.18651066976,20055.46
9483,ROU,2016,19825.60255468913,19938.27
9484,ROU,2017,23003.695205853583,19823.44
9485,ROU,2018,24000.455994795153,19713.07
9486,ROU,2019,23267.51545911466,19622.4
9487,ROU,2020,24799.711832890163,19496.17
9488,ROU,2021,26102.587643082406,19351.32
9489,ROU,2022,26197.90495028856,19266.49
9510,RUS,1970,9234.0,130245.476
9511,RUS,1971,9567.0,130977.408
9512,RUS,1972,9785.0,131768.681
9513,RUS,1973,10492.0,132556.176
9514,RUS,1974,10801.0,133378.674
9515,RUS,1975,11164.0,134293.372
9516,RUS,1976,11426.0,135269.263
9517,RUS,1977,11692.0,136263.686
9518,RUS,1978,11829.0,137245.87
9519,RUS,1979,11867.0,138163.68
9520,RUS,1980,12204.0,139038.849
9521,RUS,1981,12274.0,139899.972
9522,RUS,1982,12267.0,140821.82
9523,RUS,1983,12420.0,141861.725
9524,RUS,1984,12379.0,142922.263
9525,RUS,1985,12475.0,143937.997
9526,RUS,1986,12694.0,144966.55
9527,RUS,1987,12597.0,145958.907
9528,RUS,1988,12720.0,146865.701
9529,RUS,1989,12766.0,147351.694
9530,RUS,1990,12400.0,147973.0
9531,RUS,1991,12012.235520911763,148397.82
9532,RUS,1992,10487.547701220914,148541.79
9533,RUS,1993,9789.066758780478,148462.38
9534,RUS,1994,8743.746867305255,148411.5
9535,RUS,1995,8586.323562815192,148379.39
9536,RUS,1996,8479.380775595977,148163.72
9537,RUS,1997,8813.350058351298,147918.96
9538,RUS,1998,8557.495150908202,147674.36
9539,RUS,1999,9340.029375033197,147218.35
9540,RUS,2000,10552.884609580398,146600.43
9541,RUS,2001,11391.194503473524,145980.01
9542,RUS,2002,12259.47691558721,145310.02
9543,RUS,2003,13521.23894476872,144652.13
9544,RUS,2004,14880.97870450909,144070.82
9545,RUS,2005,16243.100494106367,143522.29
9546,RUS,2006,18008.336075159772,143053.11
9547,RUS,2007,20018.122985683018,142808.57
9548,RUS,2008,21563.461915437165,142745.83
9549,RUS,2009,20335.557700868165,142788.81
9550,RUS,2010,21737.38391897307,142852.94
9551,RUS,2011,23130.0,142964.38
9552,RUS,2012,24020.311183798607,143205.19
9553,RUS,2013,24389.97358790331,143510.48
9554,RUS,2014,24135.03574084397,146094.16
9555,RUS,2015,23607.954048943615,146409.55
9556,RUS,2016,23610.36882307424,146678.1
9557,RUS,2017,24013.96727467266,146845.96
9558,RUS,2018,24690.082293377545,146834.16
9559,RUS,2019,25244.118677579016,146768.26
9560,RUS,2020,24625.384368269115,146463.36
9561,RUS,2021,26119.94763869551,145849.13
9562,RUS,2022,25437.10802228907,146692.81
9583,RWA,1970,1337.0,3769.171
9584,RWA,1971,1315.0,3880.225
9585,RWA,1972,1282.0,3992.121
9586,RWA,1973,1288.0,4109.838
9587,RWA,1974,1262.0,4226.38
9588,RWA,1975,1199.0,4356.863
9589,RWA,1976,1387.0,4502.352
9590,RWA,1977,1409.0,4657.072
9591,RWA,1978,1495.0,4818.993
9592,RWA,1979,1584.0,4975.585
9593,RWA,1980,1672.0,5138.478
9594,RWA,1981,1706.0,5306.749
9595,RWA,1982,1680.0,5480.042
9596,RWA,1983,1722.0,5658.948
9597,RWA,1984,1597.0,5828.738
9598,RWA,1985,1621.0,5981.814
9599,RWA,1986,1642.0,6156.947
9600,RWA,1987,1586.0,6366.208
9601,RWA,1988,1538.0,6587.74
9602,RWA,1989,1476.0,6803.562
9603,RWA,1990,1398.0,6981.76
9604,RWA,1991,1282.2594020098666,7149.42
9605,RWA,1992,1301.68900792678,7329.21
9606,RWA,1993,1110.920857073888,7649.58
9607,RWA,1994,707.2970999965479,5992.26
9608,RWA,1995,1049.2385340757571,5264.51
9609,RWA,1996,976.4079106126928,6334.89
9610,RWA,1997,932.0058921572738,7394.52
9611,RWA,1998,950.3894736889112,7720.69
9612,RWA,1999,975.8359224734272,7808.2
9613,RWA,2000,1023.6182271306598,7867.75
9614,RWA,2001,1067.2347821601004,7981.2
9615,RWA,2002,1154.1060934850136,8143.59
9616,RWA,2003,1130.0414042181624,8288.24
9617,RWA,2004,1159.0281083995703,8467.88
9618,RWA,2005,1210.510543125559,8645.38
9619,RWA,2006,1261.7609170744302,8834.08
9620,RWA,2007,1291.1933253131835,9060.34
9621,RWA,2008,1364.7450128933217,9290.01
9622,RWA,2009,1384.258851213705,9489.34
9623,RWA,2010,1416.3923071164816,9702.25
9624,RWA,2011,1449.0,9973.22
9625,RWA,2012,1528.551959470961,10271.2
9626,RWA,2013,1552.425348105303,10589.99
9627,RWA,2014,1601.3937994861476,10899.89
9628,RWA,2015,1708.3466517492332,11122.15
9629,RWA,2016,1774.9014560703008,11344.4
9630,RWA,2017,1799.4739939307942,11634.05
9631,RWA,2018,1908.0489403418296,11913.21
9632,RWA,2019,2042.852962183972,12180.7
9633,RWA,2020,1935.2662175115968,12426.22
9634,RWA,2021,2106.9736460457234,12654.66
9635,RWA,2022,2198.066263846081,12950.59
9656,SAU,1970,12153.0,6109.051
9657,SAU,1971,13509.0,6287.454
9658,SAU,1972,15138.0,6472.756
9659,SAU,1973,17598.0,6666.928
9660,SAU,1974,19659.0,6868.001
9661,SAU,1975,18788.0,7204.82
9662,SAU,1976,19297.0,7620.435
9663,SAU,1977,20824.0,8128.505
9664,SAU,1978,20593.0,8708.801
9665,SAU,1979,20472.0,9346.019
9666,SAU,1980,21068.0,9999.161
9667,SAU,1981,21393.0,10627.409
9668,SAU,1982,20535.0,11254.672
9669,SAU,1983,17315.0,11912.032
9670,SAU,1984,16343.0,12606.94
9671,SAU,1985,14422.0,13330.067
9672,SAU,1986,12897.0,13998.295
9673,SAU,1987,12919.0,14619.745
9674,SAU,1988,12795.0,15233.131
9675,SAU,1989,12758.0,15829.361
9676,SAU,1990,14335.0,16060.761
9677,SAU,1991,16830.4130827267,16592.96
9678,SAU,1992,17905.28016427932,17095.64
9679,SAU,1993,18101.092218880305,17568.72
9680,SAU,1994,18678.931493161912,18012.7
9681,SAU,1995,19223.331069507774,18430.53
9682,SAU,1996,20280.49318462111,18819.82
9683,SAU,1997,21087.42735287861,19187.72
9684,SAU,1998,22310.917817841902,19558.46
9685,SAU,1999,22058.573068283844,19963.7
9686,SAU,2000,23904.515387401043,20425.95
9687,SAU,2001,24191.995817002055,20956.44
9688,SAU,2002,24053.97391079058,21549.33
9689,SAU,2003,27367.093750673943,22188.86
9690,SAU,2004,30233.510921129888,22850.36
9691,SAU,2005,32700.332598371617,23516.1
9692,SAU,2006,34483.04354429613,24177.78
9693,SAU,2007,36070.317065963885,24841.07
9694,SAU,2008,39393.42885649509,25518.05
9695,SAU,2009,39671.5553186176,26227.03
9696,SAU,2010,42737.65472414734,27068.45
9697,SAU,2011,48470.0,27809.99
9698,SAU,2012,49835.04741610159,28516.26
9699,SAU,2013,50021.11997734756,29219.97
9700,SAU,2014,50790.99046582962,29936.1
9701,SAU,2015,51941.59890346145,30645.9
9702,SAU,2016,51959.074712164904,31359.54
9703,SAU,2017,50593.26959586979,32183.66
9704,SAU,2018,50906.483336460784,32869.17
9705,SAU,2019,50123.33643593941,33660.57
9706,SAU,2020,46723.92940487973,34541.89
9707,SAU,2021,49841.14561838652,33651.45
9708,SAU,2022,53516.909037017474,34080.56
9729,SDN,1970,1415.0,10834.032140700623
9730,SDN,1971,1471.0,11144.25608810816
9731,SDN,1972,1400.0,11470.05892791179
9732,SDN,1973,1243.0,11875.807117880804
9733,SDN,1974,1328.0,12235.579266586044
9734,SDN,1975,1451.0,12616.551784344378
9735,SDN,1976,1664.0,13020.447888699677
9736,SDN,1977,1857.0,13440.771528837922
9737,SDN,1978,1766.0,13918.121647230077
9738,SDN,1979,1524.0,14447.785129955431
9739,SDN,1980,1484.0,14980.121053568468
9740,SDN,1981,1466.0,15481.144393549304
9741,SDN,1982,1599.0,16004.04151682632
9742,SDN,1983,1527.0,17091.375285605074
9743,SDN,1984,1404.0,17657.16426005938
9744,SDN,1985,1274.0,18255.8428804398
9745,SDN,1986,1286.0,18772.789284856954
9746,SDN,1987,1288.0,19174.178748097373
9747,SDN,1988,1282.0,19492.45459252815
9748,SDN,1989,1353.0,19911.553200221857
9749,SDN,1990,1211.0,20469.274562034647
9750,SDN,1991,1277.6891533943106,21253.92
9751,SDN,1992,1336.0544325201806,22068.64
9752,SDN,1993,1374.3846461085054,22828.99
9753,SDN,1994,1386.1075886094598,23354.38
9754,SDN,1995,1467.70853275204,23891.85
9755,SDN,1996,1551.8573888285,24441.7
9756,SDN,1997,1714.3775453239894,25004.2
9757,SDN,1998,1785.0995752469096,25579.64
9758,SDN,1999,1837.4980953785284,26168.33
9759,SDN,2000,1951.4658011046365,26770.57
9760,SDN,2001,2075.62212564054,27386.67
9761,SDN,2002,2205.572361176137,28016.94
9762,SDN,2003,2373.0568747422217,28661.72
9763,SDN,2004,2461.3003000273293,29321.34
9764,SDN,2005,2642.52081684144,29996.14
9765,SDN,2006,2903.8008913327817,30686.47
9766,SDN,2007,3233.697682179404,31392.69
9767,SDN,2008,3478.88758155617,32136.6
9768,SDN,2009,3580.187810849938,33078.09
9769,SDN,2010,3707.302678122843,33890.88
9770,SDN,2011,3669.0,34568.26
9771,SDN,2012,2982.5592742963513,35292.96
9772,SDN,2013,2973.4576224664247,36093.08
9773,SDN,2014,3031.0373827463864,37057.77
9774,SDN,2015,3087.5115855376976,38164.74
9775,SDN,2016,3139.7502420574533,39293.66
9776,SDN,2017,3068.751122609184,40511.52
9777,SDN,2018,2908.528982674828,41764.36
9778,SDN,2019,2757.3863129199635,42952.28
9779,SDN,2020,2586.8955093733543,44121.15
9780,SDN,2021,2532.705787434565,45290.49
9781,SDN,2022,2405.274971339159,46497.72
9802,SEN,1970,2287.0,4317.891
9803,SEN,1971,2216.0,4450.142
9804,SEN,1972,2289.0,4588.696
9805,SEN,1973,2096.0,4727.163
9806,SEN,1974,2118.0,4872.244
9807,SEN,1975,2225.0,4989.168
9808,SEN,1976,2370.0,5100.499
9809,SEN,1977,2236.0,5262.5
9810,SEN,1978,2082.0,5430.859
9811,SEN,1979,2158.0,5605.756
9812,SEN,1980,2021.0,5787.32
9813,SEN,1981,1943.0,5975.667
9814,SEN,1982,2168.0,6169.733
9815,SEN,1983,2153.0,6368.519
9816,SEN,1984,1989.0,6573.248
9817,SEN,1985,2000.0,6785.11
9818,SEN,1986,2031.0,7004.26
9819,SEN,1987,2048.0,7230.787
9820,SEN,1988,2085.0,7464.761
9821,SEN,1989,1980.0,7729.5
9822,SEN,1990,1999.0,8000.632
9823,SEN,1991,1982.6259578746592,8225.3
9824,SEN,1992,1942.926726530026,8448.71
9825,SEN,1993,1906.8238689207417,8668.16
9826,SEN,1994,1847.5982737306877,8891.17
9827,SEN,1995,1886.5428196677524,9121.43
9828,SEN,1996,1866.342285022694,9356.96
9829,SEN,1997,1866.3910630853445,9590.23
9830,SEN,1998,1915.429657904623,9836.75
9831,SEN,1999,1978.0964215931492,10070.4
9832,SEN,2000,1983.5240474896116,10304.7
9833,SEN,2001,2009.9422831921877,10575.71
9834,SEN,2002,1959.6140988765064,10863.98
9835,SEN,2003,2025.0234547341772,11171.51
9836,SEN,2004,2074.953811620793,11498.25
9837,SEN,2005,2121.158601643095,11838.69
9838,SEN,2006,2104.4369069665604,12203.57
9839,SEN,2007,2137.671646782461,12584.19
9840,SEN,2008,2146.7914646431427,12978.49
9841,SEN,2009,2129.336394837854,13382.26
9842,SEN,2010,2151.324705419998,13793.58
9843,SEN,2011,2123.0,14225.82
9844,SEN,2012,2141.3882665162037,14668.23
9845,SEN,2013,2127.3863949429815,15120.9
9846,SEN,2014,2191.976632482056,15588.73
9847,SEN,2015,2262.312317152156,16065.75
9848,SEN,2016,2335.865301267428,16548.85
9849,SEN,2017,2435.960554734759,17044.25
9850,SEN,2018,2514.807178840567,17534.96
9851,SEN,2019,2559.8177360224777,18021.47
9852,SEN,2020,2524.2655476212267,18517.62
9853,SEN,2021,2607.232089168679,19016.07
9854,SEN,2022,2660.681725052497,19511.54
9875,SGP,1970,6650.0,2074.507
9876,SGP,1971,7318.0,2112.9
9877,SGP,1972,8155.0,2152.4
9878,SGP,1973,8894.0,2193.0
9879,SGP,1974,9314.0,2229.8
9880,SGP,1975,9602.0,2262.6
9881,SGP,1976,10178.0,2293.3
9882,SGP,1977,10790.0,2325.3
9883,SGP,1978,11588.0,2353.6
9884,SGP,1979,12521.0,2383.5
9885,SGP,1980,13601.0,2413.9
9886,SGP,1981,14335.0,2535.368
9887,SGP,1982,14687.0,2651.869
9888,SGP,1983,15720.0,2689.263
9889,SGP,1984,16767.0,2743.297
9890,SGP,1985,16611.0,2749.897
9891,SGP,1986,16831.0,2750.069
9892,SGP,1987,18345.0,2794.552
9893,SGP,1988,19853.0,2869.266
9894,SGP,1989,21221.0,2957.752
9895,SGP,1990,22666.0,3047.1
9896,SGP,1991,23636.682687565295,3135.1
9897,SGP,1992,24775.571191949388,3231.11
9898,SGP,1993,27073.71455274396,3313.11
9899,SGP,1994,29454.612461151275,3419.11
9900,SGP,1995,30957.28716510822,3524.12
9901,SGP,1996,32724.48753287557,3671.12
9902,SGP,1997,34868.065969204246,3796.12
9903,SGP,1998,33590.481925885586,3927.13
9904,SGP,1999,35156.118273986554,3959.13
9905,SGP,2000,37772.75969269712,4028.13
9906,SGP,2001,36864.57512439727,4138.14
9907,SGP,2002,37829.90433699141,4176.14
9908,SGP,2003,38950.74593767965,4115.14
9909,SGP,2004,42111.166223490945,4167.14
9910,SGP,2005,44698.8385991564,4266.14
9911,SGP,2006,48073.588087781725,4401.14
9912,SGP,2007,51844.06179987221,4589.15
9913,SGP,2008,52180.17317591849,4839.16
9914,SGP,2009,51344.47804006122,4988.16
9915,SGP,2010,58612.73104901974,5077.17
9916,SGP,2011,61672.0,5184.17
9917,SGP,2012,62855.523463330705,5312.17
9918,SGP,2013,64821.9276146262,5399.18
9919,SGP,2014,66498.55574905686,5470.18
9920,SGP,2015,67673.94135324587,5535.18
9921,SGP,2016,69211.04659674014,5607.18
9922,SGP,2017,72292.0362293825,5612.18
9923,SGP,2018,74518.15224723525,5639.19
9924,SGP,2019,74649.73548482923,5704.19
9925,SGP,2020,71964.69921997073,5686.19
9926,SGP,2021,77945.48593929896,5716.2
9927,SGP,2022,80320.0872024852,5749.51
9948,SLE,1970,1553.0,2789.0
9949,SLE,1971,1535.0,2834.0
9950,SLE,1972,1525.0,2879.0
9951,SLE,1973,1553.0,2925.0
9952,SLE,1974,1581.0,2974.0
9953,SLE,1975,1551.0,3030.0
9954,SLE,1976,1511.0,3088.0
9955,SLE,1977,1495.0,3148.0
9956,SLE,1978,1524.0,3208.0
9957,SLE,1979,1572.0,3271.0
9958,SLE,1980,1584.0,3335.0
9959,SLE,1981,1615.0,3402.0
9960,SLE,1982,1610.0,3472.0
9961,SLE,1983,1575.0,3546.0
9962,SLE,1984,1608.0,3623.0
9963,SLE,1985,1610.0,3703.0
9964,SLE,1986,1597.0,3787.0
9965,SLE,1987,1624.0,3876.0
9966,SLE,1988,1626.0,3968.0
9967,SLE,1989,1642.0,4064.0
9968,SLE,1990,1635.0,4228.0
9969,SLE,1991,1467.388793727372,4335.0
9970,SLE,1992,1354.9681968921225,4246.0
9971,SLE,1993,1405.1628052991766,4100.0
9972,SLE,1994,1500.2092032660337,3978.0
9973,SLE,1995,1383.1081263582323,3881.0
9974,SLE,1996,1060.5624229843488,3811.0
9975,SLE,1997,885.2984434245676,3765.0
9976,SLE,1998,882.7293411817113,3746.0
9977,SLE,1999,814.1232670083349,3736.0
9978,SLE,2000,828.7938643016843,3809.0
9979,SLE,2001,923.045794079924,4043.0
9980,SLE,2002,1101.7503787079663,4287.0
9981,SLE,2003,1156.5191198609707,4466.0
9982,SLE,2004,1197.1529299055676,4602.0
9983,SLE,2005,1223.701532685877,4708.0
9984,SLE,2006,1247.2527561665413,4818.0
9985,SLE,2007,1320.7576623169489,4918.0
9986,SLE,2008,1363.4875553892348,5023.0
9987,SLE,2009,1378.3579388606304,5132.0
9988,SLE,2010,1421.152059855328,5246.0
9989,SLE,2011,1479.0,5364.0
9990,SLE,2012,1665.0,5486.0
9991,SLE,2013,1965.0,5613.0
9992,SLE,2014,2007.0,5744.0
9993,SLE,2015,1563.0,5879.0
9994,SLE,2016,1622.4203469810366,6019.0
9995,SLE,2017,1643.3286980211972,6163.195
9996,SLE,2018,1660.4270190798857,6312.212
9997,SLE,2019,1707.371384348127,6461.196879177326
9998,SLE,2020,1635.7129817131436,6611.462462878507
9999,SLE,2021,1665.1047733503528,6761.349857344117
10000,SLE,2022,1690.498186605573,6909.957350235417
10021,SLV,1970,3488.0,3603.907
10022,SLV,1971,3553.0,3710.335
10023,SLV,1972,3668.0,3791.291
10024,SLV,1973,3767.0,3878.991
10025,SLV,1974,3912.0,3973.004
10026,SLV,1975,4030.0,4072.847
10027,SLV,1976,4084.0,4176.875
10028,SLV,1977,4221.0,4285.219
10029,SLV,1978,4375.0,4399.428
10030,SLV,1979,4194.0,4511.75
10031,SLV,1980,3781.0,4570.41
10032,SLV,1981,3507.0,4519.721
10033,SLV,1982,3339.0,4479.917
10034,SLV,1983,3330.0,4526.713
10035,SLV,1984,3357.0,4593.745
10036,SLV,1985,3366.0,4671.054
10037,SLV,1986,3327.0,4758.322
10038,SLV,1987,3351.0,4850.135
10039,SLV,1988,3344.0,4938.989
10040,SLV,1989,3322.0,5024.777
10041,SLV,1990,3378.0,5109.818
10042,SLV,1991,3493.5760993829613,5196.237
10043,SLV,1992,3750.517218149534,5286.006
10044,SLV,1993,4052.957777811832,5330.663
10045,SLV,1994,4316.398047135765,5388.412
10046,SLV,1995,4592.283572034612,5469.886
10047,SLV,1996,4671.3390162401065,5551.117
10048,SLV,1997,4882.680166858979,5620.865
10049,SLV,1998,5077.892057876197,5692.741
10050,SLV,1999,5263.886755364256,5766.694
10051,SLV,2000,5403.714735813695,5825.336
10052,SLV,2001,5550.186827886887,5855.648
10053,SLV,2002,5751.060665261519,5868.695
10054,SLV,2003,5957.201137600365,5880.201
10055,SLV,2004,6145.979871833931,5887.619
10056,SLV,2005,6441.495818668856,5899.475
10057,SLV,2006,6782.2312136035125,5905.773
10058,SLV,2007,7139.182139582173,5911.386
10059,SLV,2008,7312.655835061748,5933.968
10060,SLV,2009,7166.159194236818,5954.121
10061,SLV,2010,7351.114557716724,5966.82
10062,SLV,2011,7607.0,5984.029
10063,SLV,2012,7726.0,6032.632
10064,SLV,2013,7845.0,6120.762
10065,SLV,2014,7935.0,6178.56
10066,SLV,2015,8109.0,6205.417
10067,SLV,2016,8289.273325022343,6248.422
10068,SLV,2017,8454.199857591828,6304.028
10069,SLV,2018,8644.790469756123,6368.351
10070,SLV,2019,8849.833948588395,6372.2828061579485
10071,SLV,2020,8137.974501038323,6384.980257063906
10072,SLV,2021,9017.391421748993,6406.730501399858
10073,SLV,2022,9218.905498814594,6429.281312202552
10094,SRB,1970,6515.0,7248.285
10095,SRB,1971,7084.0,7306.432
10096,SRB,1972,7347.0,7337.52
10097,SRB,1973,7716.0,7368.646
10098,SRB,1974,8322.0,7399.811
10099,SRB,1975,8498.0,7431.015
10100,SRB,1976,8877.0,7462.259
10101,SRB,1977,9529.0,7493.541
10102,SRB,1978,9958.0,7524.862
10103,SRB,1979,10772.0,7556.223
10104,SRB,1980,10724.0,7587.622
10105,SRB,1981,10888.0,7619.061
10106,SRB,1982,10949.0,7645.035
10107,SRB,1983,10707.0,7670.692
10108,SRB,1984,10866.0,7695.799
10109,SRB,1985,10839.0,7719.7
10110,SRB,1986,11180.0,7739.838
10111,SRB,1987,10973.0,7755.9
10112,SRB,1988,10793.0,7768.886
10113,SRB,1989,10963.0,7779.554
10114,SRB,1990,9754.0,7786.397
10115,SRB,1991,8858.006877188405,7684.95
10116,SRB,1992,6567.669791318865,7645.53
10117,SRB,1993,4673.641582575963,7639.68
10118,SRB,1994,4910.816393581955,7634.41
10119,SRB,1995,5325.488232393373,7624.99
10120,SRB,1996,5710.196717778003,7641.35
10121,SRB,1997,6288.024121515584,7627.47
10122,SRB,1998,6603.711178938227,7609.13
10123,SRB,1999,5532.541325559333,7610.97
10124,SRB,2000,6059.583022178812,7586.69
10125,SRB,2001,6542.67954226357,7573.65
10126,SRB,2002,7155.57619129481,7570.22
10127,SRB,2003,7637.832244100493,7550.6
10128,SRB,2004,8512.167897092968,7533.0
10129,SRB,2005,9198.414474122346,7510.4
10130,SRB,2006,9902.426087512946,7480.93
10131,SRB,2007,10768.94237882069,7450.66
10132,SRB,2008,11650.228005412013,7419.01
10133,SRB,2009,11576.588805870948,7389.32
10134,SRB,2010,11963.555065920891,7359.68
10135,SRB,2011,12463.0,7304.24
10136,SRB,2012,12438.255912530254,7268.89
10137,SRB,2013,12860.450783178694,7233.62
10138,SRB,2014,12717.726229595755,7198.53
10139,SRB,2015,13013.853795209632,7161.78
10140,SRB,2016,13518.949698102368,7124.37
10141,SRB,2017,13876.650483954423,7086.56
10142,SRB,2018,14579.8590396635,7047.95
10143,SRB,2019,15293.246244553162,7010.24
10144,SRB,2020,15256.421028303836,6963.69
10145,SRB,2021,16563.828727107542,6898.29
10146,SRB,2022,17097.685872556907,6833.36
10167,STP,1970,2243.0,74.0
10168,STP,1971,2326.0,75.0
10169,STP,1972,2324.0,77.0
10170,STP,1973,2313.0,78.0
10171,STP,1974,2399.0,80.0
10172,STP,1975,2469.0,82.0
10173,STP,1976,2432.0,84.0
10174,STP,1977,2911.0,87.0
10175,STP,1978,2909.0,89.0
10176,STP,1979,3295.0,92.0
10177,STP,1980,3182.0,94.0
10178,STP,1981,2783.0,96.0
10179,STP,1982,2817.0,98.0
10180,STP,1983,2656.0,100.0
10181,STP,1984,2447.0,102.0
10182,STP,1985,2622.0,104.0
10183,STP,1986,2418.0,106.0
10184,STP,1987,2299.0,109.0
10185,STP,1988,2295.0,111.0
10186,STP,1989,2316.0,113.0
10187,STP,1990,2217.0,116.0
10188,STP,1991,2203.008131751142,119.0
10189,STP,1992,2185.464325489205,121.0
10190,STP,1993,2183.874280737866,123.0
10191,STP,1994,2204.876640693227,125.0
10192,STP,1995,2219.4813618441863,127.0
10193,STP,1996,2221.0535196854676,130.0
10194,STP,1997,2209.4181975595952,132.0
10195,STP,1998,2228.905063327373,135.0
10196,STP,1999,2247.1224156594976,138.0
10197,STP,2000,2218.8196207945666,141.0
10198,STP,2001,2245.606316518989,144.0
10199,STP,2002,2250.089429771749,147.0
10200,STP,2003,2363.182417572882,151.0
10201,STP,2004,2408.760664050671,154.0
10202,STP,2005,2532.8706478194363,158.0
10203,STP,2006,2713.761850655758,161.0
10204,STP,2007,2752.087700585701,165.0
10205,STP,2008,2925.8857811955354,168.0
10206,STP,2009,2949.8867163522204,172.0
10207,STP,2010,3093.3452151814904,176.0
10208,STP,2011,3179.0,180.0
10209,STP,2012,3217.0,183.0
10210,STP,2013,3314.0,187.0
10211,STP,2014,3474.0,190.0
10212,STP,2015,3545.0,194.0
10213,STP,2016,3629.338157439893,198.0
10214,STP,2017,3707.359780275195,201.025
10215,STP,2018,3756.814005307032,204.454
10216,STP,2019,3781.2275982850574,207.60288414149448
10217,STP,2020,3826.375376957381,211.51311139185407
10218,STP,2021,3821.0011049889026,215.8335158698615
10219,STP,2022,3751.642818665164,219.9672123173594
10240,Former USSR,1970,8886.0,242478.0
10241,Former USSR,1971,9033.0,244887.0
10242,Former USSR,1972,8995.0,247343.0
10243,Former USSR,1973,9658.0,249712.0
10244,Former USSR,1974,9844.0,252111.0
10245,Former USSR,1975,9779.0,254519.0
10246,Former USSR,1976,10143.0,256883.0
10247,Former USSR,1977,10288.0,259225.0
10248,Former USSR,1978,10455.0,261525.0
10249,Former USSR,1979,10316.0,263751.0
10250,Former USSR,1980,10245.0,265926.0
10251,Former USSR,1981,10254.0,268123.0
10252,Former USSR,1982,10418.0,270390.0
10253,Former USSR,1983,10659.0,272717.0
10254,Former USSR,1984,10694.0,275330.0
10255,Former USSR,1985,10692.0,277812.0
10256,Former USSR,1986,11035.0,280296.0
10257,Former USSR,1987,11081.0,282718.0
10258,Former USSR,1988,11226.0,285020.0
10259,Former USSR,1989,11336.0,286462.0
10260,Former USSR,1990,10989.0,288361.0
10261,Former USSR,1991,10388.253152316058,289958.95
10262,Former USSR,1992,8977.548232605532,290958.57
10263,Former USSR,1993,8199.730361978818,291188.5
10264,Former USSR,1994,7166.393754026559,291007.08
10265,Former USSR,1995,6887.729814186356,290778.81
10266,Former USSR,1996,6786.941834625831,290515.69
10267,Former USSR,1997,7031.8301345656255,290183.65
10268,Former USSR,1998,6975.523697988598,289843.00999999995
10269,Former USSR,1999,7419.675732420548,289339.29000000004
10270,Former USSR,2000,8193.515775879474,288729.68
10271,Former USSR,2001,8850.158787739676,288097.13
10272,Former USSR,2002,9487.504522283189,287462.75999999995
10273,Former USSR,2003,10390.942317860005,286887.01
10274,Former USSR,2004,11428.941184750842,286456.69
10275,Former USSR,2005,12426.28070519227,286149.53
10276,Former USSR,2006,13749.922270102574,285979.85
10277,Former USSR,2007,15215.92451495476,286071.38
10278,Former USSR,2008,16226.696923868894,286405.88
10279,Former USSR,2009,15416.604522798412,286956.82
10280,Former USSR,2010,16344.52314185233,287528.95
10281,Former USSR,2011,17391.0,288146.19
10282,Former USSR,2012,17984.63955764927,288971.56
10283,Former USSR,2013,18324.27042751271,289870.01
10284,Former USSR,2014,18281.468740971137,292715.84
10285,Former USSR,2015,17920.439790863307,293226.27
10286,Former USSR,2016,17987.48396571879,293975.82999999996
10287,Former USSR,2017,18368.7157506612,294650.68
10288,Former USSR,2018,18906.76139034202,295243.77999999997
10289,Former USSR,2019,19369.4286693932,295881.01
10290,Former USSR,2020,18851.242339041684,296210.85
10291,Former USSR,2021,19871.10178166326,296102.41000000003
10292,Former USSR,2022,19354.708071185574,294378.63
10313,SVK,1970,,4523.873
10314,SVK,1971,,4556.627
10315,SVK,1972,,4593.433
10316,SVK,1973,,4637.193
10317,SVK,1974,,4682.1
10318,SVK,1975,,4729.718
10319,SVK,1976,,4778.54
10320,SVK,1977,,4827.803
10321,SVK,1978,,4876.017
10322,SVK,1979,,4922.558
10323,SVK,1980,,4965.958
10324,SVK,1981,,5013.692
10325,SVK,1982,,5048.043
10326,SVK,1983,,5081.376
10327,SVK,1984,,5114.08
10328,SVK,1985,11815.0,5144.632
10329,SVK,1986,12242.0,5172.084
10330,SVK,1987,12473.0,5199.318
10331,SVK,1988,12659.0,5223.222
10332,SVK,1989,12734.0,5244.662
10333,SVK,1990,12374.0,5262.616
10334,SVK,1991,10537.410328102422,5247.72
10335,SVK,1992,9838.614858401148,5271.56
10336,SVK,1993,10481.115283624136,5289.44
10337,SVK,1994,11063.948714243934,5311.19
10338,SVK,1995,11874.398003782331,5327.54
10339,SVK,1996,12622.909575022642,5337.76
10340,SVK,1997,13335.458993944932,5347.51
10341,SVK,1998,13822.187404715623,5354.83
10342,SVK,1999,13750.333090346365,5359.57
10343,SVK,2000,13904.985372649817,5364.63
10344,SVK,2001,14361.901212738569,5343.6
10345,SVK,2002,14984.731124978656,5342.73
10346,SVK,2003,15773.094799653822,5343.4
10347,SVK,2004,16570.8618948388,5346.41
10348,SVK,2005,17649.520382025807,5351.12
10349,SVK,2006,19099.42767736892,5354.91
10350,SVK,2007,21109.938847246776,5360.52
10351,SVK,2008,22231.988155805393,5369.75
10352,SVK,2009,20953.03666184011,5381.57
10353,SVK,2010,21941.21216159036,5393.7
10354,SVK,2011,22483.0,5362.05
10355,SVK,2012,22745.20359264121,5370.13
10356,SVK,2013,22860.525289030276,5376.85
10357,SVK,2014,23453.04070011222,5382.37
10358,SVK,2015,24647.71891500122,5386.12
10359,SVK,2016,25087.71398638774,5394.53
10360,SVK,2017,25788.75568340106,5402.07
10361,SVK,2018,26790.651474299288,5409.63
10362,SVK,2019,27429.22525481252,5416.82
10363,SVK,2020,26468.295104739835,5424.04
10364,SVK,2021,27365.6226058327,5404.32
10365,SVK,2022,27519.287937396715,5463.82
10386,SVN,1970,12803.0,1675.739
10387,SVN,1971,13657.0,1685.624
10388,SVN,1972,14269.0,1694.51
10389,SVN,1973,15079.0,1703.373
10390,SVN,1974,16420.0,1713.184
10391,SVN,1975,17205.0,1722.0
10392,SVN,1976,17462.0,1734.454
10393,SVN,1977,18595.0,1746.919
10394,SVN,1978,20014.0,1759.395
10395,SVN,1979,21367.0,1772.854
10396,SVN,1980,21151.0,1833.0
10397,SVN,1981,20929.0,1839.256
10398,SVN,1982,20535.0,1861.252
10399,SVN,1983,20451.0,1878.555
10400,SVN,1984,20650.0,1896.413
10401,SVN,1985,20663.0,1914.22
10402,SVN,1986,21122.0,1932.129
10403,SVN,1987,20851.0,1945.87
10404,SVN,1988,20083.0,1961.775
10405,SVN,1989,19837.0,1976.217
10406,SVN,1990,18093.0,1991.21
10407,SVN,1991,16401.959143209984,1999.48
10408,SVN,1992,15462.710161800307,1999.21
10409,SVN,1993,15872.120262629578,1999.93
10410,SVN,1994,16664.705793480003,2001.04
10411,SVN,1995,17816.801007646427,2002.83
10412,SVN,1996,18376.246201058384,2004.0
10413,SVN,1997,19258.945870208223,2000.45
10414,SVN,1998,19851.0571234378,1996.44
10415,SVN,1999,20793.918028220585,1997.81
10416,SVN,2000,21501.33672789827,2003.54
10417,SVN,2001,22006.953787735067,2006.11
10418,SVN,2002,22725.31198460027,2009.21
10419,SVN,2003,23257.421804062007,2010.47
10420,SVN,2004,24150.58403741057,2011.47
10421,SVN,2005,24966.938788671512,2015.03
10422,SVN,2006,26182.779667560655,2022.12
10423,SVN,2007,27832.763784800765,2033.22
10424,SVN,2008,28473.59572919677,2036.34
10425,SVN,2009,25905.5126735662,2056.17
10426,SVN,2010,26000.92065154155,2063.38
10427,SVN,2011,26004.0,2067.43
10428,SVN,2012,25269.23230597422,2071.39
10429,SVN,2013,24975.362422209382,2074.19
10430,SVN,2014,25638.66031616144,2076.46
10431,SVN,2015,26186.24869395546,2077.97
10432,SVN,2016,27004.71609980923,2079.31
10433,SVN,2017,28288.89031743463,2080.5
10434,SVN,2018,29461.344295007955,2086.69
10435,SVN,2019,30229.29866394322,2103.86
10436,SVN,2020,28733.302552143603,2117.75
10437,SVN,2021,31019.943002566433,2122.71
10438,SVN,2022,32673.76078945573,2123.58
10459,SWE,1970,20269.0,8043.0
10460,SWE,1971,20320.0,8098.0
10461,SWE,1972,20725.0,8122.0
10462,SWE,1973,21509.0,8137.0
10463,SWE,1974,22132.0,8161.0
10464,SWE,1975,22607.0,8193.0
10465,SWE,1976,22765.0,8222.0
10466,SWE,1977,22322.0,8252.0
10467,SWE,1978,22646.0,8276.0
10468,SWE,1979,23465.0,8294.0
10469,SWE,1980,23809.0,8310.0
10470,SWE,1981,23777.0,8320.0
10471,SWE,1982,24002.0,8325.0
10472,SWE,1983,24412.0,8329.0
10473,SWE,1984,25357.0,8337.0
10474,SWE,1985,25805.0,8350.0
10475,SWE,1986,26309.0,8370.0
10476,SWE,1987,27016.0,8398.0
10477,SWE,1988,27468.0,8436.0
10478,SWE,1989,27933.0,8493.0
10479,SWE,1990,28068.0,8559.0
10480,SWE,1991,27614.034633396557,8617.0
10481,SWE,1992,27198.52871669005,8668.0
10482,SWE,1993,26558.825037287952,8718.7
10483,SWE,1994,27505.955365905447,8780.8
10484,SWE,1995,28519.444061538572,8827.0
10485,SWE,1996,29012.104700260545,8841.1
10486,SWE,1997,29862.666688537214,8846.2
10487,SWE,1998,31187.16462765559,8851.1
10488,SWE,1999,32705.21494834704,8858.0
10489,SWE,2000,34202.60423690123,8872.2
10490,SWE,2001,34666.662647201985,8896.1
10491,SWE,2002,35569.77395565354,8925.1
10492,SWE,2003,36435.75404729284,8958.3
10493,SWE,2004,38016.063467838416,8993.6
10494,SWE,2005,39258.99201022208,9029.7
10495,SWE,2006,40992.29948287679,9080.6
10496,SWE,2007,42399.84444197382,9148.19
10497,SWE,2008,42189.96398768368,9219.74
10498,SWE,2009,40116.31067653794,9298.62
10499,SWE,2010,42634.75446263513,9378.24
10500,SWE,2011,42079.0,9449.32
10501,SWE,2012,41523.14327866962,9519.48
10502,SWE,2013,41661.80656239522,9600.49
10503,SWE,2014,42346.83738208002,9696.22
10504,SWE,2015,43782.457073897145,9799.3
10505,SWE,2016,44131.03197238085,9923.2
10506,SWE,2017,44658.48268067305,10057.81
10507,SWE,2018,45003.492394454086,10175.33
10508,SWE,2019,45434.40294807441,10279.01
10509,SWE,2020,44128.33196694781,10353.56
10510,SWE,2021,46226.54465711257,10415.93
10511,SWE,2022,47126.12706715542,10487.06
10532,SWZ,1970,1704.0,455.145
10533,SWZ,1971,1722.0,467.416
10534,SWZ,1972,1889.0,480.105
10535,SWZ,1973,1902.0,493.232
10536,SWZ,1974,2204.0,506.812
10537,SWZ,1975,2856.0,520.864
10538,SWZ,1976,3142.0,535.618
10539,SWZ,1977,3083.0,551.42
10540,SWZ,1978,3030.0,568.347
10541,SWZ,1979,2990.0,588.291
10542,SWZ,1980,2946.0,611.456
10543,SWZ,1981,3049.0,631.276
10544,SWZ,1982,3005.0,649.864
10545,SWZ,1983,2888.0,672.532
10546,SWZ,1984,2858.0,696.517
10547,SWZ,1985,2812.0,721.809
10548,SWZ,1986,3210.0,749.671
10549,SWZ,1987,3403.0,777.809
10550,SWZ,1988,3492.0,815.127
10551,SWZ,1989,3668.0,849.082
10552,SWZ,1990,3881.0,881.354
10553,SWZ,1991,3851.2898253408503,921.478
10554,SWZ,1992,3901.400080273145,956.68
10555,SWZ,1993,3982.279378771353,984.309
10556,SWZ,1994,4134.208101060545,987.944
10557,SWZ,1995,4383.677498614182,993.789
10558,SWZ,1996,4514.549089619057,1018.491
10559,SWZ,1997,4620.918494284041,1031.563
10560,SWZ,1998,4712.536264487054,1032.922
10561,SWZ,1999,4827.286285655636,1033.082
10562,SWZ,2000,4894.520737984168,1031.828
10563,SWZ,2001,4976.904948171795,1029.857
10564,SWZ,2002,5136.724846010962,1027.991
10565,SWZ,2003,5377.557617340607,1026.252
10566,SWZ,2004,5559.470083461372,1024.634
10567,SWZ,2005,5867.2334289240525,1023.13
10568,SWZ,2006,6187.7661584555235,1021.329
10569,SWZ,2007,6467.820388739696,1018.811
10570,SWZ,2008,6791.392164676074,1016.974
10571,SWZ,2009,7011.0953016053345,1017.183
10572,SWZ,2010,7192.751951767251,1019.398
10573,SWZ,2011,7389.0,1024.153
10574,SWZ,2012,7552.0,1031.925
10575,SWZ,2013,7805.0,1041.209
10576,SWZ,2014,7927.0,1050.527
10577,SWZ,2015,7969.0,1059.815
10578,SWZ,2016,7993.149505711394,1069.06
10579,SWZ,2017,8092.340340156796,1078.215
10580,SWZ,2018,8219.499420037926,1087.2
10581,SWZ,2019,8375.425303861011,1095.805386977908
10582,SWZ,2020,8167.689638966547,1106.15058926534
10583,SWZ,2021,8725.72467687463,1117.03356968291
10584,SWZ,2022,8522.449728189442,1125.8394523399988
10605,SYC,1970,3537.0,54.0
10606,SYC,1971,3987.0,56.0
10607,SYC,1972,4149.0,57.0
10608,SYC,1973,4468.0,58.0
10609,SYC,1974,4457.0,58.0
10610,SYC,1975,4506.0,60.0
10611,SYC,1976,5149.0,61.0
10612,SYC,1977,5491.0,62.0
10613,SYC,1978,5906.0,62.0
10614,SYC,1979,6709.0,63.0
10615,SYC,1980,6424.0,64.0
10616,SYC,1981,5928.0,65.0
10617,SYC,1982,5786.0,65.0
10618,SYC,1983,5638.0,66.0
10619,SYC,1984,6030.0,66.0
10620,SYC,1985,6585.0,67.0
10621,SYC,1986,6601.0,68.0
10622,SYC,1987,6827.0,68.0
10623,SYC,1988,7114.0,69.0
10624,SYC,1989,7755.0,70.0
10625,SYC,1990,8239.0,71.0
10626,SYC,1991,8570.673852880072,72.0
10627,SYC,1992,9304.808067773713,73.0
10628,SYC,1993,10009.914074817369,73.0
10629,SYC,1994,10060.824837873231,74.0
10630,SYC,1995,10135.095823001377,75.0
10631,SYC,1996,10468.990582426552,76.0
10632,SYC,1997,12233.04969535414,76.0
10633,SYC,1998,13801.187252065483,77.0
10634,SYC,1999,14235.786766214333,78.0
10635,SYC,2000,14379.8320383995,79.0
10636,SYC,2001,14221.162706473831,80.0
10637,SYC,2002,14581.411389936886,81.0
10638,SYC,2003,13835.993648382717,82.0
10639,SYC,2004,13735.897555839423,83.0
10640,SYC,2005,15172.563175786852,84.0
10641,SYC,2006,16824.612539785216,85.0
10642,SYC,2007,18832.825863713213,86.0
10643,SYC,2008,18687.39099928381,87.0
10644,SYC,2009,18743.996915386622,87.0
10645,SYC,2010,20147.178153080706,88.0
10646,SYC,2011,21545.0,89.0
10647,SYC,2012,22130.0,90.0
10648,SYC,2013,23036.0,91.0
10649,SYC,2014,24250.0,92.0
10650,SYC,2015,25690.0,92.0
10651,SYC,2016,28588.602978612664,93.0
10652,SYC,2017,30072.226064925148,93.92
10653,SYC,2018,31524.876704013608,94.633
10654,SYC,2019,32745.87089386999,95.8005267553176
10655,SYC,2020,29647.482192686766,96.86249881184467
10656,SYC,2021,30125.953814800247,97.72621160803484
10657,SYC,2022,31055.390262848887,98.32007152209968
10678,SYR,1970,5643.0,6258.053
10679,SYR,1971,5992.0,6478.681
10680,SYR,1972,7243.0,6701.172
10681,SYR,1973,6403.0,6931.304
10682,SYR,1974,7685.0,7169.339
10683,SYR,1975,8878.0,7415.548
10684,SYR,1976,9526.0,7670.214
10685,SYR,1977,9094.0,7932.503
10686,SYR,1978,9561.0,8203.499
10687,SYR,1979,9580.0,8483.754
10688,SYR,1980,10374.0,8773.582
10689,SYR,1981,10984.0,9073.312
10690,SYR,1982,10817.0,9410.494
10691,SYR,1983,10581.0,9757.388
10692,SYR,1984,9792.0,10114.082
10693,SYR,1985,10026.0,10480.643
10694,SYR,1986,9200.0,10856.962
10695,SYR,1987,9055.0,11242.847
10696,SYR,1988,9913.0,11632.19
10697,SYR,1989,8735.0,12018.448
10698,SYR,1990,9087.0,12436.046
10699,SYR,1991,9424.122590764522,12866.89
10700,SYR,1992,10002.275987573028,13243.44
10701,SYR,1993,10072.486536493594,13614.95
10702,SYR,1994,9969.374045091008,13989.11
10703,SYR,1995,9856.483113254271,14365.8
10704,SYR,1996,9517.3721795319,14749.97
10705,SYR,1997,8826.773523494465,15139.29
10706,SYR,1998,8742.973560668532,15532.82
10707,SYR,1999,7960.29181725339,15929.63
10708,SYR,2000,7668.071651789252,16329.3
10709,SYR,2001,7509.304243284499,16730.17
10710,SYR,2002,7529.701614881877,17131.64
10711,SYR,2003,6986.52380066229,17533.99
10712,SYR,2004,7051.428477593476,17941.8
10713,SYR,2005,7037.718229798778,18423.16
10714,SYR,2006,6901.777865404115,19251.67
10715,SYR,2007,6779.537095538939,20493.05
10716,SYR,2008,6600.378719901472,21220.64
10717,SYR,2009,6586.5183480418145,21541.96
10718,SYR,2010,6520.612277450118,22050.23
10719,SYR,2011,5979.0,22457.61
10720,SYR,2012,4443.685928778878,22258.03
10721,SYR,2013,3487.6809823836047,20900.65
10722,SYR,2014,3384.414400143878,19317.7
10723,SYR,2015,3464.037685420644,18272.11
10724,SYR,2016,3380.553443830945,17669.14
10725,SYR,2017,3422.1773432146706,17327.22
10726,SYR,2018,3418.6954249618716,17600.86
10727,SYR,2019,3385.419291877841,18439.99
10728,SYR,2020,2903.7398355317155,19241.48
10729,SYR,2021,2682.339823438483,20225.61
10730,SYR,2022,2494.7612946409154,20985.23
10751,TCD,1970,880.0,3727.238
10752,TCD,1971,877.0,3806.002
10753,TCD,1972,800.0,3886.643
10754,TCD,1973,746.0,3969.803
10755,TCD,1974,829.0,4055.702
10756,TCD,1975,952.0,4144.061
10757,TCD,1976,918.0,4234.743
10758,TCD,1977,830.0,4327.777
10759,TCD,1978,808.0,4424.045
10760,TCD,1979,622.0,4524.409
10761,TCD,1980,583.0,4522.391
10762,TCD,1981,521.0,4514.94
10763,TCD,1982,524.0,4732.876
10764,TCD,1983,577.0,4971.162
10765,TCD,1984,601.0,5025.174
10766,TCD,1985,642.0,5066.042
10767,TCD,1986,662.0,5214.2
10768,TCD,1987,663.0,5391.517
10769,TCD,1988,692.0,5556.341
10770,TCD,1989,685.0,5714.913
10771,TCD,1990,692.0,5841.411
10772,TCD,1991,703.2837422701148,6033.85
10773,TCD,1992,698.739002074788,6274.97
10774,TCD,1993,680.8005404764043,6210.9
10775,TCD,1994,713.8270847717725,6321.82
10776,TCD,1995,700.7076235119544,6585.55
10777,TCD,1996,694.1050198248446,6862.34
10778,TCD,1997,719.1531161232232,7079.8
10779,TCD,1998,753.8607994162044,7309.66
10780,TCD,1999,733.781232654736,7559.33
10781,TCD,2000,716.0423633332267,7820.61
10782,TCD,2001,783.0551642261155,8092.47
10783,TCD,2002,831.8291855031645,8394.56
10784,TCD,2003,925.5126163056394,8762.83
10785,TCD,2004,1200.272558584737,9191.33
10786,TCD,2005,1266.105032898219,9593.55
10787,TCD,2006,1225.5163120917607,9966.84
10788,TCD,2007,1422.3407897432285,10338.16
10789,TCD,2008,1422.2312009935542,10727.73
10790,TCD,2009,1533.1794860451162,11139.07
10791,TCD,2010,1720.3343471054616,11550.06
10792,TCD,2011,1661.0,11982.78
10793,TCD,2012,1742.6540489050933,12427.19
10794,TCD,2013,1776.0920830641928,12894.7
10795,TCD,2014,1829.834659019249,13378.71
10796,TCD,2015,1802.3212001455688,13823.36
10797,TCD,2016,1648.0383635792052,14277.22
10798,TCD,2017,1555.7141640074565,14764.54
10799,TCD,2018,1541.4716178237677,15251.88
10800,TCD,2019,1543.8028787517364,15749.52
10801,TCD,2020,1463.5312650403762,16257.49
10802,TCD,2021,1402.673171106424,16775.93
10803,TCD,2022,1393.5634155801697,17306.72
10824,TGO,1970,1631.0,1964.0
10825,TGO,1971,1699.0,2021.0
10826,TGO,1972,1709.0,2080.0
10827,TGO,1973,1591.0,2140.0
10828,TGO,1974,1612.0,2202.0
10829,TGO,1975,1556.0,2267.0
10830,TGO,1976,1505.0,2333.0
10831,TGO,1977,1543.0,2402.0
10832,TGO,1978,1650.0,2472.0
10833,TGO,1979,1698.0,2547.0
10834,TGO,1980,1572.0,2626.0
10835,TGO,1981,1423.0,2720.0
10836,TGO,1982,1323.0,2817.0
10837,TGO,1983,1211.0,2918.0
10838,TGO,1984,1239.0,3022.0
10839,TGO,1985,1240.0,3129.0
10840,TGO,1986,1237.0,3241.0
10841,TGO,1987,1165.0,3356.0
10842,TGO,1988,1239.0,3475.0
10843,TGO,1989,1246.0,3597.0
10844,TGO,1990,1275.0,3721.0
10845,TGO,1991,1249.1679432148728,3846.0
10846,TGO,1992,1181.8712650639795,3973.0
10847,TGO,1993,1003.1648748730222,3953.0
10848,TGO,1994,1145.7775800738827,3982.0
10849,TGO,1995,1170.5977170559586,4203.0
10850,TGO,1996,1215.7399788539417,4402.0
10851,TGO,1997,1226.3270498998156,4572.0
10852,TGO,1998,1174.8527369830267,4715.0
10853,TGO,1999,1183.012966099163,4852.0
10854,TGO,2000,1150.3659107050587,4992.0
10855,TGO,2001,1115.5502532020962,5135.0
10856,TGO,2002,1081.7445152462897,5278.0
10857,TGO,2003,1114.4638191719616,5425.0
10858,TGO,2004,1121.8058488923546,5578.0
10859,TGO,2005,1119.8042690911689,5715.0
10860,TGO,2006,1144.8814458855,5865.0
10861,TGO,2007,1145.9206450361482,6042.0
10862,TGO,2008,1150.3578529388246,6220.0
10863,TGO,2009,1165.888833713181,6405.0
10864,TGO,2010,1191.1449266095365,6587.0
10865,TGO,2011,1227.0,6772.0
10866,TGO,2012,1263.0,6961.0
10867,TGO,2013,1292.0,7154.0
10868,TGO,2014,1334.0,7351.0
10869,TGO,2015,1370.0,7552.0
10870,TGO,2016,1412.9878115717115,7757.0
10871,TGO,2017,1433.7917117585705,7965.055
10872,TGO,2018,1466.3409759141143,8176.449
10873,TGO,2019,1501.8667566255235,8376.031614185926
10874,TGO,2020,1482.751495313325,8578.734754849795
10875,TGO,2021,1534.8236471011076,8784.245454829375
10876,TGO,2022,1586.588847532188,8991.403296919261
10897,THA,1970,2700.0,37090.871
10898,THA,1971,2750.0,38201.901
10899,THA,1972,2786.0,39276.153
10900,THA,1973,2987.0,40302.225
10901,THA,1974,3045.0,41305.651
10902,THA,1975,3123.0,42272.0
10903,THA,1976,3333.0,43221.022
10904,THA,1977,3585.0,44148.285
10905,THA,1978,3861.0,45056.957
10906,THA,1979,3979.0,46003.776
10907,THA,1980,4071.0,47025.764
10908,THA,1981,4230.0,47936.504
10909,THA,1982,4375.0,48827.16
10910,THA,1983,4538.0,49694.245
10911,THA,1984,4720.0,50533.778
10912,THA,1985,4862.0,51341.809
10913,THA,1986,5053.0,52129.476
10914,THA,1987,5453.0,52910.342
10915,THA,1988,6089.0,53683.427
10916,THA,1989,6735.0,54445.689
10917,THA,1990,7385.0,55196.722
10918,THA,1991,7849.744818023884,55781.62
10919,THA,1992,8409.020942208199,56306.7
10920,THA,1993,8964.292159989453,56859.28
10921,THA,1994,9499.51752452374,57409.77
10922,THA,1995,10080.208263176271,57935.9
10923,THA,1996,10458.358609825857,58449.96
10924,THA,1997,9995.618219647871,58949.87
10925,THA,1998,9077.747796774502,59410.62
10926,THA,1999,9347.060930016596,59747.56
10927,THA,2000,9627.10431781556,60165.31
10928,THA,2001,9818.720536224924,60746.0
10929,THA,2002,10276.398308003036,61322.79
10930,THA,2003,10868.83553836039,61883.59
10931,THA,2004,11408.325704884286,62425.1
10932,THA,2005,11742.12809366095,62956.09
10933,THA,2006,12180.711358990808,63466.5
10934,THA,2007,12694.714634780315,63937.43
10935,THA,2008,12768.12907692836,64380.68
10936,THA,2009,12543.398612886303,64803.79
10937,THA,2010,13343.546749821046,65208.25
10938,THA,2011,13318.0,65598.65
10939,THA,2012,14202.250655561857,65969.88
10940,THA,2013,14504.183137305956,66332.3
10941,THA,2014,14571.971044652584,66673.4
10942,THA,2015,14960.908433814262,66975.32
10943,THA,2016,15411.533795933696,67250.33
10944,THA,2017,15994.506156893043,67506.48
10945,THA,2018,16610.05051186261,67749.94
10946,THA,2019,16905.292327574447,67974.61
10947,THA,2020,15815.91485952924,68180.23
10948,THA,2021,16019.518754916817,68365.79
10949,THA,2022,16421.072993706417,68457.39
10970,TJK,1970,,2938.516
10971,TJK,1971,,3039.443
10972,TJK,1972,,3145.141
10973,TJK,1973,6527.0,3242.778
10974,TJK,1974,,3344.985
10975,TJK,1975,,3448.869
10976,TJK,1976,,3553.782
10977,TJK,1977,,3659.375
10978,TJK,1978,,3760.973
10979,TJK,1979,,3862.932
10980,TJK,1980,5746.0,3966.0
10981,TJK,1981,5622.0,4073.0
10982,TJK,1982,5498.0,4185.0
10983,TJK,1983,5547.0,4304.0
10984,TJK,1984,5469.0,4431.0
10985,TJK,1985,5364.0,4569.0
10986,TJK,1986,5319.0,4716.0
10987,TJK,1987,5040.0,4865.0
10988,TJK,1988,5515.0,5006.0
10989,TJK,1989,4962.0,5148.0
10990,TJK,1990,4803.0,5272.0
10991,TJK,1991,4270.370121797311,5406.82
10992,TJK,1992,2832.7034244352703,5499.68
10993,TJK,1993,2482.4135922416535,5546.28
10994,TJK,1994,1928.3185195337016,5604.13
10995,TJK,1995,1666.1839582117348,5677.87
10996,TJK,1996,1559.5211892136726,5764.0
10997,TJK,1997,1552.6323601705285,5864.32
10998,TJK,1998,1589.3315551169549,5983.12
10999,TJK,1999,1621.3205712535982,6110.48
11000,TJK,2000,1723.3563296469088,6229.31
11001,TJK,2001,1845.4782189409689,6338.71
11002,TJK,2002,1982.8836657443285,6451.61
11003,TJK,2003,2135.908281460682,6567.44
11004,TJK,2004,2301.292086233067,6688.02
11005,TJK,2005,2416.8670437122746,6814.33
11006,TJK,2006,2524.844737494775,6943.47
11007,TJK,2007,2647.2093871561588,7075.79
11008,TJK,2008,2801.7761791636535,7210.76
11009,TJK,2009,2853.8884804558684,7347.59
11010,TJK,2010,2975.9268086472184,7485.37
11011,TJK,2011,3111.0,7624.35
11012,TJK,2012,3283.909282444051,7764.62
11013,TJK,2013,3464.2069410303793,7905.18
11014,TJK,2014,3631.879416508331,8045.42
11015,TJK,2015,3784.343607888181,8184.56
11016,TJK,2016,3978.5557699345873,8322.2
11017,TJK,2017,4192.401721367111,8458.44
11018,TJK,2018,4440.156773402692,8593.44
11019,TJK,2019,4695.542787924347,8727.38
11020,TJK,2020,4828.393755925144,8859.84
11021,TJK,2021,5205.6058456668625,8990.31
11022,TJK,2022,5507.545199832879,9177.23
11043,TKM,1970,,2181.272
11044,TKM,1971,,2246.71
11045,TKM,1972,,2313.102
11046,TKM,1973,7693.0,2379.578
11047,TKM,1974,,2450.654
11048,TKM,1975,,2523.906
11049,TKM,1976,,2594.288
11050,TKM,1977,,2663.744
11051,TKM,1978,,2733.933
11052,TKM,1979,,2804.142
11053,TKM,1980,6763.0,2875.133
11054,TKM,1981,6666.0,2946.676
11055,TKM,1982,6575.0,3018.436
11056,TKM,1983,6535.0,3091.431
11057,TKM,1984,6314.0,3164.611
11058,TKM,1985,6186.0,3240.472
11059,TKM,1986,6204.0,3323.673
11060,TKM,1987,6194.0,3410.704
11061,TKM,1988,6601.0,3492.186
11062,TKM,1989,5915.0,3572.0
11063,TKM,1990,5796.0,3658.0
11064,TKM,1991,5457.756925735311,3744.76
11065,TKM,1992,4587.7636554110795,3829.75
11066,TKM,1993,4604.384153414509,3917.47
11067,TKM,1994,3769.624769245482,4003.4
11068,TKM,1995,3473.6801892782573,4078.21
11069,TKM,1996,3226.984836386654,4142.14
11070,TKM,1997,2856.148606855591,4200.06
11071,TKM,1998,3037.7043313486065,4261.7
11072,TKM,1999,3527.160460400249,4324.13
11073,TKM,2000,4173.194599534994,4384.94
11074,TKM,2001,5014.062451005454,4444.05
11075,TKM,2002,5795.640968645097,4502.08
11076,TKM,2003,6784.561001353469,4555.59
11077,TKM,2004,7781.743824791977,4607.91
11078,TKM,2005,8791.675845750144,4663.56
11079,TKM,2006,9752.355478498552,4718.86
11080,TKM,2007,10829.375780106502,4773.47
11081,TKM,2008,12426.718788803995,4828.41
11082,TKM,2009,13188.447854955197,4883.76
11083,TKM,2010,14397.149096972053,4939.53
11084,TKM,2011,16518.0,4995.78
11085,TKM,2012,17333.727821581546,5052.65
11086,TKM,2013,17080.462210519865,5110.29
11087,TKM,2014,17536.7655064105,5168.55
11088,TKM,2015,17857.25990917966,5227.35
11089,TKM,2016,17484.64550869838,5286.59
11090,TKM,2017,18104.43293598298,5345.93
11091,TKM,2018,18064.108333963595,5405.12
11092,TKM,2019,17264.170917430805,5463.9
11093,TKM,2020,16580.840638801958,5521.99
11094,TKM,2021,17169.060084375782,5579.18
11095,TKM,2022,17234.555571228917,5657.41
11116,TTO,1970,13141.0,955.0
11117,TTO,1971,13185.0,961.605
11118,TTO,1972,13753.0,975.199
11119,TTO,1973,13844.0,984.786
11120,TTO,1974,14430.0,995.364
11121,TTO,1975,14534.0,1006.931
11122,TTO,1976,15696.0,1021.48
11123,TTO,1977,16412.0,1039.009
11124,TTO,1978,18042.0,1055.527
11125,TTO,1979,18568.0,1073.027
11126,TTO,1980,19734.0,1090.513
11127,TTO,1981,20298.0,1107.0
11128,TTO,1982,18771.0,1127.0
11129,TTO,1983,16982.0,1148.0
11130,TTO,1984,17680.0,1169.0
11131,TTO,1985,16671.0,1189.0
11132,TTO,1986,15871.0,1208.0
11133,TTO,1987,14929.0,1225.0
11134,TTO,1988,14198.0,1238.0
11135,TTO,1989,13970.0,1248.0
11136,TTO,1990,14112.0,1255.0
11137,TTO,1991,14060.73634791224,1262.02
11138,TTO,1992,14195.95178689203,1270.34
11139,TTO,1993,13745.79712311914,1277.87
11140,TTO,1994,13350.896159820612,1283.55
11141,TTO,1995,14187.65892557864,1288.17
11142,TTO,1996,15004.264326534918,1291.81
11143,TTO,1997,15931.67154762603,1294.91
11144,TTO,1998,17013.754767816095,1297.85
11145,TTO,1999,18159.91590151832,1300.57
11146,TTO,2000,19179.91872757504,1303.29
11147,TTO,2001,19736.67946804856,1307.96
11148,TTO,2002,21052.44914125854,1314.11
11149,TTO,2003,23814.066673498488,1320.06
11150,TTO,2004,25403.269121355348,1326.19
11151,TTO,2005,26651.833009766848,1331.84
11152,TTO,2006,29792.42297643529,1337.68
11153,TTO,2007,30806.173810743137,1344.33
11154,TTO,2008,31434.30390141468,1351.84
11155,TTO,2009,29657.463062082377,1358.82
11156,TTO,2010,30235.994690181866,1365.44
11157,TTO,2011,29745.0,1372.31
11158,TTO,2012,30944.22175941009,1378.91
11159,TTO,2013,31976.95357984833,1385.67
11160,TTO,2014,32878.20246743371,1392.47
11161,TTO,2015,32480.590636657547,1398.86
11162,TTO,2016,30158.125918600163,1404.68
11163,TTO,2017,28618.1764787155,1410.59
11164,TTO,2018,27863.434077002672,1436.18
11165,TTO,2019,27582.567855183723,1452.4
11166,TTO,2020,25548.510398614617,1447.64
11167,TTO,2021,25237.664168378193,1450.42
11168,TTO,2022,25773.004998991753,1455.53
11189,TUN,1970,2912.0,5098.627
11190,TUN,1971,3159.0,5197.559
11191,TUN,1972,3645.0,5303.507
11192,TUN,1973,3540.0,5426.213
11193,TUN,1974,3735.0,5556.437
11194,TUN,1975,3899.0,5703.966
11195,TUN,1976,4095.0,5859.294
11196,TUN,1977,4132.0,6005.061
11197,TUN,1978,4304.0,6136.282
11198,TUN,1979,4481.0,6280.477
11199,TUN,1980,4693.0,6443.183
11200,TUN,1981,4830.0,6605.707
11201,TUN,1982,4713.0,6734.098
11202,TUN,1983,4844.0,6859.89
11203,TUN,1984,4890.0,7184.53
11204,TUN,1985,5039.0,7363.698
11205,TUN,1986,4841.0,7547.08
11206,TUN,1987,5043.0,7728.019
11207,TUN,1988,4940.0,7898.56
11208,TUN,1989,5023.0,8056.693
11209,TUN,1990,5316.0,8211.005
11210,TUN,1991,5446.2281757249175,8370.4
11211,TUN,1992,5789.955052922007,8529.4
11212,TUN,1993,5843.0684103715685,8686.87
11213,TUN,1994,5968.844790171844,8838.28
11214,TUN,1995,6048.7474991021545,8969.21
11215,TUN,1996,6388.393984452914,9092.03
11216,TUN,1997,6680.103410227016,9208.78
11217,TUN,1998,6944.660890067283,9316.58
11218,TUN,1999,7297.474604205236,9416.71
11219,TUN,2000,7548.437842258139,9514.4
11220,TUN,2001,7848.094466525322,9613.11
11221,TUN,2002,7916.679496117091,9710.83
11222,TUN,2003,8281.715263149277,9809.57
11223,TUN,2004,8705.08413958555,9905.97
11224,TUN,2005,8983.384172259366,9996.71
11225,TUN,2006,9420.023150983332,10086.63
11226,TUN,2007,9932.938167715389,10178.44
11227,TUN,2008,10294.921446404009,10273.64
11228,TUN,2009,10533.217825231255,10376.67
11229,TUN,2010,10721.811344221567,10491.23
11230,TUN,2011,10437.0,10612.25
11231,TUN,2012,10750.849821816157,10736.9
11232,TUN,2013,10881.510450057782,10865.75
11233,TUN,2014,11084.781395957822,10996.09
11234,TUN,2015,11063.08092636137,11124.31
11235,TUN,2016,11064.023715502895,11247.61
11236,TUN,2017,11194.36482191282,11365.44
11237,TUN,2018,11376.28966218976,11477.26
11238,TUN,2019,11451.89757469591,11582.54
11239,TUN,2020,10354.23909638127,11680.79
11240,TUN,2021,10726.256220168169,11772.36
11241,TUN,2022,10913.845489085925,11861.81
11262,TUR,1970,4398.0,35758.382
11263,TUR,1971,4715.0,36579.964
11264,TUR,1972,4929.0,37492.953
11265,TUR,1973,5050.0,38503.442
11266,TUR,1974,5353.0,39512.945
11267,TUR,1975,5719.0,40529.798
11268,TUR,1976,6110.0,41471.745
11269,TUR,1977,6271.0,42376.642
11270,TUR,1978,6350.0,43274.733
11271,TUR,1979,6204.0,44165.463
11272,TUR,1980,6070.0,45047.973
11273,TUR,1981,6201.0,46253.234
11274,TUR,1982,6381.0,47464.184
11275,TUR,1983,6489.0,48660.621
11276,TUR,1984,6736.0,49839.742
11277,TUR,1985,6958.0,50997.013
11278,TUR,1986,7323.0,52127.339
11279,TUR,1987,7838.0,53242.665
11280,TUR,1988,8019.0,54355.531
11281,TUR,1989,7992.0,55462.482
11282,TUR,1990,8606.0,56560.676
11283,TUR,1991,8658.37842796921,57520.11
11284,TUR,1992,9150.434559004289,58475.45
11285,TUR,1993,9865.300684435108,59426.68
11286,TUR,1994,9308.695420908029,60374.83
11287,TUR,1995,9962.536572317964,61317.85
11288,TUR,1996,10644.633979720156,62256.76
11289,TUR,1997,11432.436812926797,63191.57
11290,TUR,1998,11772.830051334431,64096.63
11291,TUR,1999,11151.67362088466,65020.15
11292,TUR,2000,11904.008181075744,65948.8
11293,TUR,2001,10950.992093676405,66869.25
11294,TUR,2002,11753.953608919272,67728.13
11295,TUR,2003,12380.20683194384,68540.83
11296,TUR,2004,13423.794626208915,69365.84
11297,TUR,2005,14487.758287957333,70223.69
11298,TUR,2006,15425.188711193154,71106.17
11299,TUR,2007,16090.834837989993,71991.73
11300,TUR,2008,16182.732804414643,72909.09
11301,TUR,2009,15188.420447724917,73921.89
11302,TUR,2010,16528.119272825865,75053.72
11303,TUR,2011,17919.0,76164.0
11304,TUR,2012,18539.221973778134,77140.88
11305,TUR,2013,19855.717636344623,78138.29
11306,TUR,2014,20557.401315525167,79199.31
11307,TUR,2015,21519.33050572648,80262.39
11308,TUR,2016,21937.16129674135,81350.1
11309,TUR,2017,23278.99665955572,82412.15
11310,TUR,2018,23650.489423952156,83534.74
11311,TUR,2019,23497.50335772699,84737.37
11312,TUR,2020,23721.88049784061,85564.44
11313,TUR,2021,26175.93047554976,86346.36
11314,TUR,2022,27361.987659454844,87201.13
11335,TWN,1970,4044.0,14532.0
11336,TWN,1971,4470.0,14862.0
11337,TWN,1972,4962.0,15168.0
11338,TWN,1973,5496.0,15454.0
11339,TWN,1974,5455.0,15752.0
11340,TWN,1975,5614.0,16061.0
11341,TWN,1976,6245.0,16435.0
11342,TWN,1977,6752.0,16753.0
11343,TWN,1978,7519.0,17090.0
11344,TWN,1979,7967.0,17448.0
11345,TWN,1980,8384.0,17788.0
11346,TWN,1981,8749.0,18097.0
11347,TWN,1982,8910.0,18399.0
11348,TWN,1983,9530.0,18657.0
11349,TWN,1984,10394.0,18918.0
11350,TWN,1985,10779.0,19148.0
11351,TWN,1986,11918.0,19332.0
11352,TWN,1987,13705.0,19536.0
11353,TWN,1988,14183.0,19752.0
11354,TWN,1989,15203.0,19943.0
11355,TWN,1990,15841.0,20172.0
11356,TWN,1991,16934.814283087933,20384.72
11357,TWN,1992,18101.331840190014,20578.81
11358,TWN,1993,19087.597762325888,20776.63
11359,TWN,1994,20269.266376011605,20982.73
11360,TWN,1995,21329.685994277752,21178.86
11361,TWN,1996,22390.0519078282,21345.28
11362,TWN,1997,23437.76776205303,21525.16
11363,TWN,1998,24131.219974200325,21720.04
11364,TWN,1999,25471.781236569175,21892.5
11365,TWN,2000,26787.4456724356,22068.32
11366,TWN,2001,26203.97590806403,22224.35
11367,TWN,2002,27425.805914397857,22344.24
11368,TWN,2003,28348.852507805215,22443.24
11369,TWN,2004,29975.137825133577,22527.75
11370,TWN,2005,31374.454421611863,22608.01
11371,TWN,2006,32867.3671239113,22696.25
11372,TWN,2007,34761.31136565504,22781.09
11373,TWN,2008,34762.367306191816,22852.0
11374,TWN,2009,33974.45410882216,22929.42
11375,TWN,2010,37385.489357948376,22989.87
11376,TWN,2011,38565.0,23040.24
11377,TWN,2012,39291.18391861582,23116.9
11378,TWN,2013,40140.730537687625,23189.72
11379,TWN,2014,41930.839322568136,23247.31
11380,TWN,2015,42438.46020390246,23305.97
11381,TWN,2016,43262.193509298006,23357.18
11382,TWN,2017,44618.28984445577,23397.13
11383,TWN,2018,45817.93617356744,23419.53
11384,TWN,2019,47200.25286946424,23430.22
11385,TWN,2020,48779.43868650653,23439.58
11386,TWN,2021,51943.88228863887,23448.55
11387,TWN,2022,53142.98296097826,23481.45
11408,TZA,1970,905.0,13806.869
11409,TZA,1971,915.0,14236.867
11410,TZA,1972,945.0,14706.593
11411,TZA,1973,945.0,15201.384
11412,TZA,1974,937.0,15681.232
11413,TZA,1975,956.0,16147.863
11414,TZA,1976,996.0,16625.711
11415,TZA,1977,993.0,17129.565
11416,TZA,1978,993.0,17647.395
11417,TZA,1979,977.0,18144.828
11418,TZA,1980,958.0,18665.062
11419,TZA,1981,920.0,19212.004
11420,TZA,1982,905.0,19776.786
11421,TZA,1983,875.0,20368.423
11422,TZA,1984,870.0,20984.094
11423,TZA,1985,843.0,21618.434
11424,TZA,1986,845.0,22284.172
11425,TZA,1987,859.0,23016.721
11426,TZA,1988,867.0,23763.758
11427,TZA,1989,870.0,24484.892
11428,TZA,1990,875.0,25214.284
11429,TZA,1991,891.8942647965827,25935.79
11430,TZA,1992,895.4805987006042,26697.6
11431,TZA,1993,900.4133422705056,27606.45
11432,TZA,1994,904.7574646513776,28697.51
11433,TZA,1995,931.0027659210888,29646.47
11434,TZA,1996,979.7304350786228,30291.33
11435,TZA,1997,1017.1681184679212,31028.08
11436,TZA,1998,1052.0750167956455,31951.02
11437,TZA,1999,1100.353206858519,32912.42
11438,TZA,2000,1148.680170099534,33953.49
11439,TZA,2001,1213.6268753140637,34973.97
11440,TZA,2002,1293.2050658668406,36021.41
11441,TZA,2003,1369.9390816150094,37099.9
11442,TZA,2004,1464.385366938692,38167.0
11443,TZA,2005,1554.1523158958562,39261.76
11444,TZA,2006,1621.9965444967752,40387.27
11445,TZA,2007,1754.462648524997,41556.62
11446,TZA,2008,1848.174527375122,42741.37
11447,TZA,2009,1946.8481316239383,43889.49
11448,TZA,2010,2068.8636615835253,45131.64
11449,TZA,2011,2227.0,46530.99
11450,TZA,2012,2271.4642969378106,47965.47
11451,TZA,2013,2353.3415737859964,49436.5
11452,TZA,2014,2436.456366677214,50964.61
11453,TZA,2015,2505.972428743895,52603.67
11454,TZA,2016,2592.6619462159956,54336.3
11455,TZA,2017,2683.053556079512,56061.93
11456,TZA,2018,2785.1823176640764,57764.51
11457,TZA,2019,2894.647273525394,59464.56
11458,TZA,2020,2948.4724897505207,61190.55
11459,TZA,2021,3008.1130797544965,62944.43
11460,TZA,2022,3057.3287251849197,64834.51
11481,UGA,1970,1382.0,9742.933
11482,UGA,1971,1385.0,10008.815
11483,UGA,1972,1364.0,10224.459
11484,UGA,1973,1331.0,10428.151
11485,UGA,1974,1302.0,10672.198
11486,UGA,1975,1243.0,10952.422
11487,UGA,1976,1219.0,11242.107
11488,UGA,1977,1207.0,11541.051
11489,UGA,1978,1111.0,11850.352
11490,UGA,1979,966.0,12138.465
11491,UGA,1980,912.0,12414.719
11492,UGA,1981,923.0,12725.252
11493,UGA,1982,972.0,13078.93
11494,UGA,1983,1014.0,13470.393
11495,UGA,1984,897.0,13919.514
11496,UGA,1985,886.0,14391.743
11497,UGA,1986,858.0,14910.724
11498,UGA,1987,877.0,15520.093
11499,UGA,1988,902.0,16176.418
11500,UGA,1989,929.0,16832.384
11501,UGA,1990,932.0,17455.758
11502,UGA,1991,915.4053283443002,18067.32
11503,UGA,1992,934.8262611058482,18702.53
11504,UGA,1993,959.1881430158104,19391.08
11505,UGA,1994,994.5333917618376,20103.19
11506,UGA,1995,1054.7139296053565,20679.68
11507,UGA,1996,1091.5275264003274,21269.68
11508,UGA,1997,1107.5009409743204,21926.05
11509,UGA,1998,1137.638151241129,22621.76
11510,UGA,1999,1185.4312690393156,23407.56
11511,UGA,2000,1191.9538798461265,24194.8
11512,UGA,2001,1255.8844342134323,24992.16
11513,UGA,2002,1301.0588278641792,25845.76
11514,UGA,2003,1335.03049678079,26661.41
11515,UGA,2004,1364.6851931103718,27413.94
11516,UGA,2005,1451.097326273943,28200.12
11517,UGA,2006,1501.385499557381,29021.36
11518,UGA,2007,1569.829840705876,29846.46
11519,UGA,2008,1679.3994778834551,30647.21
11520,UGA,2009,1757.38624301723,31469.29
11521,UGA,2010,1831.2907004674328,32342.51
11522,UGA,2011,1890.0,33257.06
11523,UGA,2012,1878.895928781196,34234.08
11524,UGA,2013,1895.464405554264,35271.19
11525,UGA,2014,1941.190439361355,36418.95
11526,UGA,2015,2026.8051534141848,37673.11
11527,UGA,2016,1953.096521664952,39157.03
11528,UGA,2017,1998.5994438647892,40879.06
11529,UGA,2018,2036.3312449662733,42329.09
11530,UGA,2019,2128.9085948515294,43639.18
11531,UGA,2020,2032.2618824050696,45119.75
11532,UGA,2021,2083.828189664253,46645.17
11533,UGA,2022,2122.027929667799,48065.07
11554,UKR,1970,,47235.697
11555,UKR,1971,,47637.239
11556,UKR,1972,,48026.627
11557,UKR,1973,7849.0,48367.002
11558,UKR,1974,,48676.939
11559,UKR,1975,,48973.428
11560,UKR,1976,,49233.524
11561,UKR,1977,,49453.675
11562,UKR,1978,,49642.987
11563,UKR,1979,,49835.012
11564,UKR,1980,8467.0,50046.649
11565,UKR,1981,8695.0,50235.677
11566,UKR,1982,8934.0,50397.455
11567,UKR,1983,9288.0,50573.066
11568,UKR,1984,9476.0,50769.375
11569,UKR,1985,9387.0,50944.248
11570,UKR,1986,9408.0,51095.072
11571,UKR,1987,9648.0,51218.101
11572,UKR,1988,9704.0,51422.963
11573,UKR,1989,10082.0,51501.478
11574,UKR,1990,9607.0,51622.275
11575,UKR,1991,8899.096690561873,51730.36
11576,UKR,1992,8130.276785856602,51869.14
11577,UKR,1993,7090.257341436511,51887.21
11578,UKR,1994,5585.413321986644,51637.84
11579,UKR,1995,5024.181735240126,51247.74
11580,UKR,1996,4636.626309204157,50813.39
11581,UKR,1997,4612.40421983972,50371.4
11582,UKR,1998,4640.199197785761,49941.24
11583,UKR,1999,4751.316240598978,49491.19
11584,UKR,2000,5165.808153729847,49013.83
11585,UKR,2001,5793.659759650365,48520.34
11586,UKR,2002,6262.982424808585,48074.07
11587,UKR,2003,7029.570523797112,47692.44
11588,UKR,2004,8049.395377032447,47342.45
11589,UKR,2005,8496.676338957132,47002.64
11590,UKR,2006,9355.987925458065,46685.26
11591,UKR,2007,10355.818446673604,46406.83
11592,UKR,2008,10824.076461069992,46155.64
11593,UKR,2009,9381.224975441304,45950.76
11594,UKR,2010,9601.208608595822,45768.17
11595,UKR,2011,10333.0,45603.52
11596,UKR,2012,10381.638185351349,45491.54
11597,UKR,2013,10405.389314437634,45388.61
11598,UKR,2014,9817.459393841984,44943.74
11599,UKR,2015,8959.173499131002,44428.81
11600,UKR,2016,9221.608186466145,44207.71
11601,UKR,2017,9477.510214007096,44029.19
11602,UKR,2018,9827.171393881204,43943.68
11603,UKR,2019,10139.761229933642,43951.4
11604,UKR,2020,9769.827945690837,43903.66
11605,UKR,2021,10133.884720213782,43745.64
11606,UKR,2022,7749.099445225775,39897.11
11627,URY,1970,8030.0,2823.659
11628,URY,1971,7933.0,2826.042
11629,URY,1972,7643.0,2829.526
11630,URY,1973,7885.0,2834.115
11631,URY,1974,8176.0,2838.213
11632,URY,1975,8563.0,2844.0
11633,URY,1976,8853.0,2861.0
11634,URY,1977,8950.0,2879.0
11635,URY,1978,9483.0,2897.0
11636,URY,1979,9966.0,2914.0
11637,URY,1980,10546.0,2930.0
11638,URY,1981,10643.0,2848.0
11639,URY,1982,9578.0,2968.0
11640,URY,1983,8950.0,2989.0
11641,URY,1984,8805.0,3008.0
11642,URY,1985,8901.0,3012.0
11643,URY,1986,9628.0,3031.0
11644,URY,1987,10305.0,3049.0
11645,URY,1988,10256.0,3068.0
11646,URY,1989,10305.0,3088.0
11647,URY,1990,10305.0,3110.0
11648,URY,1991,10586.408414766767,3123.7
11649,URY,1992,11349.542004280956,3136.53
11650,URY,1993,11581.704684274522,3149.03
11651,URY,1994,12344.150140296246,3162.34
11652,URY,1995,12092.638852246671,3175.45
11653,URY,1996,12660.162655503667,3189.66
11654,URY,1997,13226.47779769592,3206.58
11655,URY,1998,13744.321148516316,3221.7
11656,URY,1999,13348.756281367088,3233.83
11657,URY,2000,13050.0639035873,3245.77
11658,URY,2001,12463.91903980911,3257.26
11659,URY,2002,11399.580724707435,3267.74
11660,URY,2003,11438.68613850908,3276.88
11661,URY,2004,11955.309438553342,3284.75
11662,URY,2005,12757.498640066233,3291.25
11663,URY,2006,13223.780764577108,3297.7
11664,URY,2007,13976.392578731906,3305.39
11665,URY,2008,14869.92666630942,3313.13
11666,URY,2009,15143.996123101964,3320.9
11667,URY,2010,16415.62883173476,3328.71
11668,URY,2011,17211.0,3336.69
11669,URY,2012,17776.02749140041,3344.93
11670,URY,2013,18553.332642626025,3353.43
11671,URY,2014,19104.3132118841,3362.2
11672,URY,2015,19123.602932734615,3371.27
11673,URY,2016,19393.98190078564,3380.45
11674,URY,2017,19656.62655542169,3389.58
11675,URY,2018,19697.759966076323,3398.67
11676,URY,2019,19714.14894879611,3407.73
11677,URY,2020,18460.03834921669,3416.7
11678,URY,2021,19222.295834867906,3425.65
11679,URY,2022,20181.93966293775,3422.18
11700,USA,1970,23958.0,205052.0
11701,USA,1971,24394.0,207661.0
11702,USA,1972,25414.0,209896.0
11703,USA,1973,26602.0,211909.0
11704,USA,1974,26286.0,213854.0
11705,USA,1975,25956.0,215973.0
11706,USA,1976,27058.0,218035.0
11707,USA,1977,28001.0,220239.0
11708,USA,1978,29286.0,222585.0
11709,USA,1979,29949.0,225055.0
11710,USA,1980,29611.0,227726.463
11711,USA,1981,30056.0,229966.237
11712,USA,1982,29210.0,232187.835
11713,USA,1983,30158.0,234307.207
11714,USA,1984,32076.0,236348.292
11715,USA,1985,33023.0,238466.283
11716,USA,1986,33850.0,240650.755
11717,USA,1987,34730.0,242803.533
11718,USA,1988,35863.0,245021.414
11719,USA,1989,36756.0,247341.697
11720,USA,1990,36982.0,250131.894
11721,USA,1991,36463.95763729273,252981.0
11722,USA,1992,37240.2990340352,256514.0
11723,USA,1993,37761.53516734228,259919.0
11724,USA,1994,38807.27997199269,263126.0
11725,USA,1995,39390.6254014683,266278.0
11726,USA,1996,40412.75103133644,269394.0
11727,USA,1997,41722.6703296506,272647.0
11728,USA,1998,43072.75802109557,275854.0
11729,USA,1999,44575.84862702155,279040.0
11730,USA,2000,45886.47049828895,282162.0
11731,USA,2001,45878.009153955805,284969.0
11732,USA,2002,46266.29589143221,287625.0
11733,USA,2003,47157.99527113943,290108.0
11734,USA,2004,48492.71712261176,292805.0
11735,USA,2005,49654.76142510663,295517.0
11736,USA,2006,50489.86002183291,298380.0
11737,USA,2007,50901.74470450649,301231.0
11738,USA,2008,50275.746337143275,304094.0
11739,USA,2009,48452.93350407469,306772.0
11740,USA,2010,49266.91586220606,309327.0
11741,USA,2011,49675.0,311583.0
11742,USA,2012,50436.4354973145,313878.0
11743,USA,2013,51010.79810347045,316060.0
11744,USA,2014,51796.61921780836,318386.0
11745,USA,2015,52808.154135428966,320739.0
11746,USA,2016,53301.01506695151,323072.0
11747,USA,2017,54152.364518908056,325122.0
11748,USA,2018,55454.66943794173,326838.0
11749,USA,2019,56469.26365925514,328330.0
11750,USA,2020,54379.20651245575,331512.0
11751,USA,2021,57522.70462551701,332032.0
11752,USA,2022,58487.46586089506,333288.0
11773,UZB,1970,,11940.155
11774,UZB,1971,,12334.057
11775,UZB,1972,,12741.848
11776,UZB,1973,8125.0,13147.733
11777,UZB,1974,,13568.7
11778,UZB,1975,,13987.696
11779,UZB,1976,,14404.009
11780,UZB,1977,,14808.95
11781,UZB,1978,,15207.113
11782,UZB,1979,,15605.49
11783,UZB,1980,7453.0,15994.0
11784,UZB,1981,7527.0,16400.0
11785,UZB,1982,7594.0,16830.0
11786,UZB,1983,7672.0,17171.0
11787,UZB,1984,7189.0,17729.0
11788,UZB,1985,7181.0,18215.0
11789,UZB,1986,6904.0,18718.0
11790,UZB,1987,6680.0,19219.0
11791,UZB,1988,7101.0,19625.0
11792,UZB,1989,7093.0,20033.0
11793,UZB,1990,6790.0,20530.0
11794,UZB,1991,6485.527824276889,21058.83
11795,UZB,1992,5530.478591343006,21609.49
11796,UZB,1993,5193.464140177949,22127.44
11797,UZB,1994,4744.457857055245,22603.66
11798,UZB,1995,4535.263246411296,23067.16
11799,UZB,1996,4452.881873653169,23523.69
11800,UZB,1997,4529.334428545817,23952.05
11801,UZB,1998,4575.986800198938,24342.16
11802,UZB,1999,4630.651445684996,24701.37
11803,UZB,2000,4667.25991024069,25041.64
11804,UZB,2001,4725.252501412581,25372.2
11805,UZB,2002,4777.288582671538,25696.13
11806,UZB,2003,4844.729951296877,25991.96
11807,UZB,2004,5068.208628019459,26268.07
11808,UZB,2005,5284.004909239419,26540.34
11809,UZB,2006,5535.12177857377,26811.53
11810,UZB,2007,5907.998911216545,27080.87
11811,UZB,2008,6278.273243067424,27347.11
11812,UZB,2009,6618.097601072618,27608.51
11813,UZB,2010,7002.859552872846,27868.64
11814,UZB,2011,7396.0,28131.88
11815,UZB,2012,7847.0745809285745,28397.85
11816,UZB,2013,8340.98818310055,28665.75
11817,UZB,2014,8831.601152916568,28934.33
11818,UZB,2015,9381.346864214403,29205.15
11819,UZB,2016,9845.352192260572,29479.53
11820,UZB,2017,10182.692816012164,29755.61
11821,UZB,2018,10682.417894057488,30031.42
11822,UZB,2019,11219.242899547167,30304.98
11823,UZB,2020,11341.919401727711,30575.54
11824,UZB,2021,12076.09157686011,30842.58
11825,UZB,2022,12559.401549577797,31336.88
11846,VEN,1970,15289.0,10758.017
11847,VEN,1971,15192.0,11151.693
11848,VEN,1972,15135.0,11515.649
11849,VEN,1973,15540.0,11893.035
11850,VEN,1974,15943.0,12280.562
11851,VEN,1975,16385.0,12674.987
11852,VEN,1976,17174.0,13082.017
11853,VEN,1977,17693.0,13503.563
11854,VEN,1978,17481.0,13930.824
11855,VEN,1979,17135.0,14355.117
11856,VEN,1980,16270.0,14767.89
11857,VEN,1981,15750.0,15166.255
11858,VEN,1982,15423.0,15620.766
11859,VEN,1983,14155.0,16084.417
11860,VEN,1984,13597.0,16544.524
11861,VEN,1985,13270.0,16997.509
11862,VEN,1986,13751.0,17450.161
11863,VEN,1987,13866.0,17910.182
11864,VEN,1988,14308.0,18378.534
11865,VEN,1989,12750.0,18850.722
11866,VEN,1990,13251.0,19325.222
11867,VEN,1991,14274.525487149784,19764.74
11868,VEN,1992,14901.61635472764,20202.87
11869,VEN,1993,14693.90203822638,20638.76
11870,VEN,1994,14129.277975631472,21071.75
11871,VEN,1995,14448.282191870983,21501.33
11872,VEN,1996,14211.809414036632,21927.75
11873,VEN,1997,14894.336745593098,22351.31
11874,VEN,1998,14739.05065821806,22771.61
11875,VEN,1999,13669.484604293504,23188.24
11876,VEN,2000,13992.608807948873,23600.76
11877,VEN,2001,14298.036957580944,24011.17
11878,VEN,2002,12856.04918742854,24424.59
11879,VEN,2003,11728.183005623305,24840.5
11880,VEN,2004,13713.045236368866,25254.6
11881,VEN,2005,14944.339489328482,25666.6
11882,VEN,2006,16253.68575385359,26078.92
11883,VEN,2007,17386.085276439902,26588.89
11884,VEN,2008,18019.09018091403,27098.32
11885,VEN,2009,17242.944826690808,27510.3
11886,VEN,2010,17105.579327823347,27920.23
11887,VEN,2011,17746.0,28326.87
11888,VEN,2012,18486.458202705155,28722.1
11889,VEN,2013,18484.233988743432,29111.34
11890,VEN,2014,17579.223347306317,29418.09
11891,VEN,2015,16333.082942876688,29692.83
11892,VEN,2016,13428.788576486702,29960.68
11893,VEN,2017,11363.969178268517,29856.26
11894,VEN,2018,9446.187714934318,28858.1
11895,VEN,2019,7061.761533347558,27920.92
11896,VEN,2020,4952.529594631958,27870.5
11897,VEN,2021,4896.801878805474,28315.65
11898,VEN,2022,5267.1753046442545,28417.9
11919,VNM,1970,1172.0,42576.676
11920,VNM,1971,1202.0,43614.366
11921,VNM,1972,1278.0,44655.014
11922,VNM,1973,1333.0,45736.496
11923,VNM,1974,1248.0,46902.295
11924,VNM,1975,1132.0,48075.207
11925,VNM,1976,1290.0,49273.016
11926,VNM,1977,1304.0,50533.506
11927,VNM,1978,1285.0,51662.728
11928,VNM,1979,1267.0,52668.447
11929,VNM,1980,1207.0,53715.202
11930,VNM,1981,1223.0,54902.677
11931,VNM,1982,1293.0,56142.181
11932,VNM,1983,1333.0,57436.347
11933,VNM,1984,1420.0,58762.04
11934,VNM,1985,1471.0,60093.068
11935,VNM,1986,1481.0,61439.826
11936,VNM,1987,1500.0,62826.491
11937,VNM,1988,1556.0,64211.347
11938,VNM,1989,1588.0,65868.481
11939,VNM,1990,1634.0,67282.704
11940,VNM,1991,1688.1598950401428,68674.51
11941,VNM,1992,1792.6707736381495,70031.62
11942,VNM,1993,1894.858620295663,71356.58
11943,VNM,1994,2018.3507030157436,72653.82
11944,VNM,1995,2167.0420489578314,73903.63
11945,VNM,1996,2323.046383537817,75095.72
11946,VNM,1997,2466.873549524783,76233.82
11947,VNM,1998,2564.2844556497544,77323.05
11948,VNM,1999,2641.3484975663996,78394.49
11949,VNM,2000,2773.1016351079197,79471.69
11950,VNM,2001,2915.6861402415084,80545.82
11951,VNM,2002,3070.6934784828986,81637.38
11952,VNM,2003,3242.2854696510985,82720.33
11953,VNM,2004,3437.6644223214967,83821.16
11954,VNM,2005,3637.6563793050823,84941.68
11955,VNM,2006,3828.907673426166,86036.4
11956,VNM,2007,4037.232859156257,87135.53
11957,VNM,2008,4200.235230939429,88252.63
11958,VNM,2009,4360.06172503739,89372.8
11959,VNM,2010,4571.848584052684,90481.18
11960,VNM,2011,4786.0,91591.04
11961,VNM,2012,4987.96428728723,92720.42
11962,VNM,2013,5199.7790307947325,93883.34
11963,VNM,2014,5465.483582513126,95055.28
11964,VNM,2015,5776.464968279421,96221.85
11965,VNM,2016,6089.623180302986,97379.86
11966,VNM,2017,6437.738850417648,98506.84
11967,VNM,2018,6842.138813327312,99603.57
11968,VNM,2019,7266.048396238919,100694.78
11969,VNM,2020,7395.361526596984,101770.5
11970,VNM,2021,7507.758707370352,102815.24
11971,VNM,2022,8050.358830663885,103573.51
11992,YEM,1970,1961.0,7098.239
11993,YEM,1971,2254.0,7251.383
11994,YEM,1972,2383.0,7407.075
11995,YEM,1973,2614.0,7579.501
11996,YEM,1974,2703.0,7755.019
11997,YEM,1975,2844.0,7934.497
11998,YEM,1976,3193.0,8170.521
11999,YEM,1977,3446.0,8403.99
12000,YEM,1978,3636.0,8641.036
12001,YEM,1979,3733.0,8883.381
12002,YEM,1980,3650.0,9132.545
12003,YEM,1981,3767.0,9390.138
12004,YEM,1982,3724.0,9657.618
12005,YEM,1983,3827.0,9936.258
12006,YEM,1984,3861.0,10229.272
12007,YEM,1985,3717.0,10539.928
12008,YEM,1986,3684.0,10869.58
12009,YEM,1987,3712.0,11219.34
12010,YEM,1988,3747.0,11591.069
12011,YEM,1989,3751.0,11986.392
12012,YEM,1990,3622.0,12416.08
12013,YEM,1991,3661.923642566381,12882.42
12014,YEM,1992,3759.718276332795,13368.0
12015,YEM,1993,3712.341069606074,13885.76
12016,YEM,1994,3775.0694790013713,14394.75
12017,YEM,1995,3823.318906002896,14831.57
12018,YEM,1996,3855.572028098804,15283.82
12019,YEM,1997,3927.680345307757,15741.18
12020,YEM,1998,4044.148416518585,16224.22
12021,YEM,1999,4080.218421657483,16728.3
12022,YEM,2000,4212.105455723758,17235.92
12023,YEM,2001,4249.033862041028,17762.37
12024,YEM,2002,4292.098860408951,18309.57
12025,YEM,2003,4326.510489125589,18854.79
12026,YEM,2004,4371.395583773154,19409.69
12027,YEM,2005,4485.582795708078,20000.01
12028,YEM,2006,4497.259330502254,20610.7
12029,YEM,2007,4516.143645657066,21236.42
12030,YEM,2008,4549.008987048359,21877.51
12031,YEM,2009,4593.542710018725,22533.0
12032,YEM,2010,4812.34539486658,23195.12
12033,YEM,2011,4088.0,23880.46
12034,YEM,2012,4064.3423064292706,24594.25
12035,YEM,2013,4139.823175424532,25310.62
12036,YEM,2014,4019.3998587474753,26019.67
12037,YEM,2015,2820.617221187428,26698.17
12038,YEM,2016,2495.499372940501,27347.41
12039,YEM,2017,2314.9672815952063,27984.86
12040,YEM,2018,2281.5448647415274,28608.34
12041,YEM,2019,2265.3430203935445,29216.33
12042,YEM,2020,2031.4436130163915,29810.96
12043,YEM,2021,1972.2102539237112,30399.24
12044,YEM,2022,1959.3194980156536,31058.23
12065,Former Yugoslavia,1970,6288.0,19840.0
12066,Former Yugoslavia,1971,6730.0,20015.0
12067,Former Yugoslavia,1972,6948.0,20197.0
12068,Former Yugoslavia,1973,7226.0,20367.0
12069,Former Yugoslavia,1974,7767.0,20550.0
12070,Former Yugoslavia,1975,7976.0,20732.0
12071,Former Yugoslavia,1976,8207.0,20930.0
12072,Former Yugoslavia,1977,8780.0,21126.0
12073,Former Yugoslavia,1978,9283.0,21309.0
12074,Former Yugoslavia,1979,9873.0,21490.0
12075,Former Yugoslavia,1980,10037.0,21615.0
12076,Former Yugoslavia,1981,10106.0,21707.0
12077,Former Yugoslavia,1982,10080.0,21885.0
12078,Former Yugoslavia,1983,9907.0,22018.0
12079,Former Yugoslavia,1984,10029.0,22087.0
12080,Former Yugoslavia,1985,10009.0,22216.0
12081,Former Yugoslavia,1986,10299.0,22339.0
12082,Former Yugoslavia,1987,10119.0,22435.0
12083,Former Yugoslavia,1988,9884.0,22536.0
12084,Former Yugoslavia,1989,9887.0,22634.0
12085,Former Yugoslavia,1990,9000.0,23016.0
12086,Former Yugoslavia,1991,7867.9598388173745,23097.0
12087,Former Yugoslavia,1992,6506.901941521455,22905.0
12088,Former Yugoslavia,1993,5552.536993505627,22666.0
12089,Former Yugoslavia,1994,5851.690742181291,22583.0
12090,Former Yugoslavia,1995,6285.908546823549,22554.0
12091,Former Yugoslavia,1996,6938.206765048188,22502.0
12092,Former Yugoslavia,1997,7697.678649667557,22521.0
12093,Former Yugoslavia,1998,8152.8538890536865,22586.0
12094,Former Yugoslavia,1999,8035.61179862598,22541.0
12095,Former Yugoslavia,2000,8472.589152917037,22507.0
12096,Former Yugoslavia,2001,8827.675459763366,22580.0
12097,Former Yugoslavia,2002,9266.389589670263,22689.0
12098,Former Yugoslavia,2003,9686.030682864664,22784.0
12099,Former Yugoslavia,2004,10317.228942692149,22881.0
12100,Former Yugoslavia,2005,10881.867263282466,22951.0
12101,Former Yugoslavia,2006,11598.9793154583,23000.0
12102,Former Yugoslavia,2007,12461.669708266078,23028.0
12103,Former Yugoslavia,2008,13125.143353293388,23038.0
12104,Former Yugoslavia,2009,14028.419546965251,22209.0
12105,Former Yugoslavia,2010,14250.789453253348,22165.0
12106,Former Yugoslavia,2011,14540.0,22113.0
12107,Former Yugoslavia,2012,14331.0,22060.0
12108,Former Yugoslavia,2013,14500.0,22005.0
12109,Former Yugoslavia,2014,14627.0,21946.0
12110,Former Yugoslavia,2015,14971.0,21882.0
12111,Former Yugoslavia,2016,15537.365721397526,21817.0
12112,Former Yugoslavia,2017,16128.635112929163,21481.76457868063
12113,Former Yugoslavia,2018,16824.553738923572,21423.565236194812
12114,Former Yugoslavia,2019,17524.21218322897,21319.595865111525
12115,Former Yugoslavia,2020,16757.93855234225,21192.265501501577
12116,Former Yugoslavia,2021,18491.68177352843,21027.533800226265
12117,Former Yugoslavia,2022,19352.383894078004,20862.72005479975
12138,ZAF,1970,6448.0,22739.921
12139,ZAF,1971,6591.0,23338.08
12140,ZAF,1972,6550.0,23935.81
12141,ZAF,1973,6655.0,24549.294
12142,ZAF,1974,6853.0,25178.954
12143,ZAF,1975,6808.0,25815.144
12144,ZAF,1976,6802.0,26467.896
12145,ZAF,1977,6623.0,27129.932
12146,ZAF,1978,6653.0,27809.087
12147,ZAF,1979,6746.0,28505.816
12148,ZAF,1980,6998.0,29251.588
12149,ZAF,1981,7141.0,30168.679
12150,ZAF,1982,6891.0,31140.029
12151,ZAF,1983,6554.0,32143.96
12152,ZAF,1984,6672.0,33181.594
12153,ZAF,1985,6385.0,34254.092
12154,ZAF,1986,6236.0,35101.383
12155,ZAF,1987,6212.0,35947.696
12156,ZAF,1988,6319.0,36794.884
12157,ZAF,1989,6306.0,37639.331
12158,ZAF,1990,6111.0,38476.273
12159,ZAF,1991,6034.900557114825,39417.52
12160,ZAF,1992,5901.98447170031,40421.53
12161,ZAF,1993,5965.911487412407,41435.99
12162,ZAF,1994,6172.973613474759,42419.07
12163,ZAF,1995,6406.428128841841,43328.95
12164,ZAF,1996,6725.790935832589,44144.7
12165,ZAF,1997,6950.471643426508,44887.24
12166,ZAF,1998,7024.295510532468,45577.49
12167,ZAF,1999,7234.285803996856,46257.29
12168,ZAF,2000,7582.778143416393,46958.0
12169,ZAF,2001,7839.62528898219,47819.76
12170,ZAF,2002,8171.206707295855,48479.69
12171,ZAF,2003,8451.452498574428,48951.36
12172,ZAF,2004,8877.92099152592,49478.46
12173,ZAF,2005,9393.69335105247,50053.67
12174,ZAF,2006,9978.470967190984,50666.53
12175,ZAF,2007,10576.291271810242,51339.0
12176,ZAF,2008,10977.146797314368,52077.36
12177,ZAF,2009,10873.04634767249,52861.73
12178,ZAF,2010,11318.60454926229,53681.67
12179,ZAF,2011,11838.0,54518.34
12180,ZAF,2012,11938.225360272434,55356.05
12181,ZAF,2013,12048.068706129014,56214.68
12182,ZAF,2014,12034.149275332167,57075.4
12183,ZAF,2015,12009.910456869906,57946.58
12184,ZAF,2016,11908.11140360691,58830.32
12185,ZAF,2017,11867.522167448227,59715.09
12186,ZAF,2018,11873.299867563794,60594.64
12187,ZAF,2019,11739.935508497538,61468.96
12188,ZAF,2020,10839.1330806975,62354.78
12189,ZAF,2021,11273.159112407797,62899.66
12190,ZAF,2022,11415.886895189937,63381.79
12211,ZMB,1970,1710.0,4251.612
12212,ZMB,1971,1661.0,4376.371
12213,ZMB,1972,1761.0,4506.497
12214,ZMB,1973,1693.0,4642.941
12215,ZMB,1974,1776.0,4784.668
12216,ZMB,1975,1659.0,4923.73
12217,ZMB,1976,1707.0,5067.045
12218,ZMB,1977,1578.0,5216.55
12219,ZMB,1978,1541.0,5371.218
12220,ZMB,1979,1451.0,5531.99
12221,ZMB,1980,1452.0,5699.777
12222,ZMB,1981,1492.0,5885.614
12223,ZMB,1982,1398.0,6102.344
12224,ZMB,1983,1320.0,6340.246
12225,ZMB,1984,1269.0,6567.207
12226,ZMB,1985,1250.0,6784.665
12227,ZMB,1986,1215.0,7029.393
12228,ZMB,1987,1203.0,7282.298
12229,ZMB,1988,1239.0,7517.299
12230,ZMB,1989,1215.0,7746.084
12231,ZMB,1990,1285.0,7977.698
12232,ZMB,1991,1279.7515311632137,8211.85
12233,ZMB,1992,1308.8516494552214,8451.92
12234,ZMB,1993,1312.3370040463594,8696.67
12235,ZMB,1994,1142.201816497409,8948.6
12236,ZMB,1995,1180.9438016286122,9200.74
12237,ZMB,1996,1260.7261920687567,9457.43
12238,ZMB,1997,1311.3571115227148,9741.81
12239,ZMB,1998,1308.951469385193,10031.67
12240,ZMB,1999,1373.8510250414995,10327.47
12241,ZMB,2000,1428.5023540792963,10648.5
12242,ZMB,2001,1504.4498690487014,10980.14
12243,ZMB,2002,1579.0227644596405,11290.49
12244,ZMB,2003,1698.5515660943915,11592.96
12245,ZMB,2004,1828.3098624611591,11907.31
12246,ZMB,2005,1970.0186788822327,12243.44
12247,ZMB,2006,2133.5938846454,12611.89
12248,ZMB,2007,2318.6270735262383,13004.51
12249,ZMB,2008,2504.7569814443345,13412.32
12250,ZMB,2009,2743.3219210206375,13822.49
12251,ZMB,2010,3032.067929130341,14254.91
12252,ZMB,2011,3205.0,14709.49
12253,ZMB,2012,3344.8651743028568,15165.31
12254,ZMB,2013,3409.31384389593,15631.04
12255,ZMB,2014,3461.0899810668607,16120.57
12256,ZMB,2015,3454.3527073183586,16623.65
12257,ZMB,2016,3476.8513534909916,17139.89
12258,ZMB,2017,3489.854708801411,17674.37
12259,ZMB,2018,3521.505005744813,18222.27
12260,ZMB,2019,3466.2364125529007,18779.59
12261,ZMB,2020,3270.5992234999458,19348.63
12262,ZMB,2021,3321.5944958260097,19927.76
12263,ZMB,2022,3342.4213246285044,20485.03
12284,ZWE,1970,2043.0,5514.536
12285,ZWE,1971,2157.0,5684.187
12286,ZWE,1972,2268.0,5861.135
12287,ZWE,1973,2283.0,6001.949
12288,ZWE,1974,2275.0,6172.535
12289,ZWE,1975,2235.0,6341.797
12290,ZWE,1976,2163.0,6496.418
12291,ZWE,1977,1946.0,6642.107
12292,ZWE,1978,1964.0,6767.223
12293,ZWE,1979,1930.0,6887.132
12294,ZWE,1980,2064.0,7169.968
12295,ZWE,1981,2243.0,7429.223
12296,ZWE,1982,2240.0,7636.524
12297,ZWE,1983,2190.0,7928.344
12298,ZWE,1984,2067.0,8241.214
12299,ZWE,1985,2128.0,8560.488
12300,ZWE,1986,2107.0,8876.783
12301,ZWE,1987,2004.0,9216.479
12302,ZWE,1988,2114.0,9560.047
12303,ZWE,1989,2181.0,9868.2
12304,ZWE,1990,2160.0,10156.044
12305,ZWE,1991,2222.2553387004546,10435.28
12306,ZWE,1992,1971.445577004877,10719.94
12307,ZWE,1993,1948.9105382578728,10983.81
12308,ZWE,1994,2110.7119843012624,11108.81
12309,ZWE,1995,2102.859909859986,11208.45
12310,ZWE,1996,2292.487465296701,11404.98
12311,ZWE,1997,2326.538888236251,11610.62
12312,ZWE,1998,2369.019123916858,11812.61
12313,ZWE,1999,2323.0092753718695,11985.01
12314,ZWE,2000,2211.196193424148,12104.31
12315,ZWE,2001,2193.738480509109,12208.01
12316,ZWE,2002,2025.3177537887889,12280.78
12317,ZWE,2003,1700.9558583487146,12317.79
12318,ZWE,2004,1604.503024734718,12335.81
12319,ZWE,2005,1496.034266700551,12328.91
12320,ZWE,2006,1455.7286141876027,12394.48
12321,ZWE,2007,1422.1553208297955,12494.49
12322,ZWE,2008,1197.5260676682435,12567.78
12323,ZWE,2009,1285.046588647837,12665.53
12324,ZWE,2010,1401.8565190725872,12781.92
12325,ZWE,2011,1515.0,12907.0
12326,ZWE,2012,1749.8566122348195,13036.17
12327,ZWE,2013,1766.3789287961536,13169.29
12328,ZWE,2014,1789.0047733469328,13314.02
12329,ZWE,2015,1798.7871864555148,13479.17
12330,ZWE,2016,1782.8301249098747,13664.82
12331,ZWE,2017,1843.9462298112855,13870.26
12332,ZWE,2018,1900.199190697413,14096.56
12333,ZWE,2019,1753.0244485571218,14344.59
12334,ZWE,2020,1585.9728041575377,14614.82
12335,ZWE,2021,1687.253154013049,14900.01
12336,ZWE,2022,1703.5293725691904,15204.66
