,year,Tax revenue (% of GDP),country
0,1960,..,AFG
1,1960,..,ALB
2,1960,..,DZA
3,1960,..,ASM
4,1960,..,AND
5,1960,..,AGO
6,1960,..,ATG
7,1960,..,ARG
8,1960,..,ARM
9,1960,..,ABW
10,1960,..,AUS
11,1960,..,AUT
12,1960,..,AZE
13,1960,..,BHS
14,1960,..,BHR
15,1960,..,BGD
16,1960,..,BRB
17,1960,..,BLR
18,1960,..,BEL
19,1960,..,BLZ
20,1960,..,BEN
21,1960,..,BMU
22,1960,..,BTN
23,1960,..,BOL
24,1960,..,BIH
25,1960,..,BWA
26,1960,..,BRA
27,1960,..,VGB
28,1960,..,BRN
29,1960,..,BGR
30,1960,..,BFA
31,1960,..,BDI
32,1960,..,CPV
33,1960,..,KHM
34,1960,..,CMR
35,1960,..,CAN
36,1960,..,CYM
37,1960,..,CAF
38,1960,..,TCD
39,1960,..,Channel Islands
40,1960,..,CHL
41,1960,..,CHN
42,1960,..,COL
43,1960,..,COM
44,1960,..,COD
45,1960,..,COG
46,1960,..,CRI
47,1960,..,CIV
48,1960,..,HRV
49,1960,..,CUB
50,1960,..,CUW
51,1960,..,CYP
52,1960,..,CZE
53,1960,..,DNK
54,1960,..,DJI
55,1960,..,DMA
56,1960,..,DOM
57,1960,..,ECU
58,1960,..,EGY
59,1960,..,SLV
60,1960,..,GNQ
61,1960,..,ERI
62,1960,..,EST
63,1960,..,SWZ
64,1960,..,ETH
65,1960,..,FRO
66,1960,..,FJI
67,1960,..,FIN
68,1960,..,FRA
69,1960,..,PYF
70,1960,..,GAB
71,1960,..,GMB
72,1960,..,GEO
73,1960,..,DEU
74,1960,..,GHA
75,1960,..,GIB
76,1960,..,GRC
77,1960,..,GRL
78,1960,..,GRD
79,1960,..,GUM
80,1960,..,GTM
81,1960,..,GIN
82,1960,..,GNB
83,1960,..,GUY
84,1960,..,HTI
85,1960,..,HND
86,1960,..,HKG
87,1960,..,HUN
88,1960,..,ISL
89,1960,..,IND
90,1960,..,IDN
91,1960,..,IRN
92,1960,..,IRQ
93,1960,..,IRL
94,1960,..,IMN
95,1960,..,ISR
96,1960,..,ITA
97,1960,..,JAM
98,1960,..,JPN
99,1960,..,JOR
100,1960,..,KAZ
101,1960,..,KEN
102,1960,..,KIR
103,1960,..,PRK
104,1960,..,KOR
105,1960,..,XKX
106,1960,..,KWT
107,1960,..,KGZ
108,1960,..,LAO
109,1960,..,LVA
110,1960,..,LBN
111,1960,..,LSO
112,1960,..,LBR
113,1960,..,LBY
114,1960,..,LIE
115,1960,..,LTU
116,1960,..,LUX
117,1960,..,MAC
118,1960,..,MDG
119,1960,..,MWI
120,1960,..,MYS
121,1960,..,MDV
122,1960,..,MLI
123,1960,..,MLT
124,1960,..,MHL
125,1960,..,MRT
126,1960,..,MUS
127,1960,..,MEX
128,1960,..,FSM
129,1960,..,MDA
130,1960,..,MCO
131,1960,..,MNG
132,1960,..,MNE
133,1960,..,MAR
134,1960,..,MOZ
135,1960,..,MMR
136,1960,..,NAM
137,1960,..,NRU
138,1960,..,NPL
139,1960,..,NLD
140,1960,..,NCL
141,1960,..,NZL
142,1960,..,NIC
143,1960,..,NER
144,1960,..,NGA
145,1960,..,MKD
146,1960,..,MNP
147,1960,..,NOR
148,1960,..,OMN
149,1960,..,PAK
150,1960,..,PLW
151,1960,..,PAN
152,1960,..,PNG
153,1960,..,PRY
154,1960,..,PER
155,1960,..,PHL
156,1960,..,POL
157,1960,..,PRT
158,1960,..,PRI
159,1960,..,QAT
160,1960,..,ROU
161,1960,..,RUS
162,1960,..,RWA
163,1960,..,WSM
164,1960,..,SMR
165,1960,..,STP
166,1960,..,SAU
167,1960,..,SEN
168,1960,..,SRB
169,1960,..,SYC
170,1960,..,SLE
171,1960,..,SGP
172,1960,..,SXM
173,1960,..,SVK
174,1960,..,SVN
175,1960,..,SLB
176,1960,..,SOM
177,1960,..,ZAF
178,1960,..,SSD
179,1960,..,ESP
180,1960,..,LKA
181,1960,..,KNA
182,1960,..,LCA
183,1960,..,MAF
184,1960,..,VCT
185,1960,..,SDN
186,1960,..,SUR
187,1960,..,SWE
188,1960,..,CHE
189,1960,..,SYR
190,1960,..,TJK
191,1960,..,TZA
192,1960,..,THA
193,1960,..,TLS
194,1960,..,TGO
195,1960,..,TON
196,1960,..,TTO
197,1960,..,TUN
198,1960,..,TUR
199,1960,..,TKM
200,1960,..,TCA
201,1960,..,TUV
202,1960,..,UGA
203,1960,..,UKR
204,1960,..,ARE
205,1960,..,GBR
206,1960,..,USA
207,1960,..,URY
208,1960,..,UZB
209,1960,..,VUT
210,1960,..,VEN
211,1960,..,VNM
212,1960,..,VIR
213,1960,..,PSE
214,1960,..,YEM
215,1960,..,ZMB
216,1960,..,ZWE
220,1960,,Data from database: World Development Indicators
221,1960,,Last Updated: 10/07/2025
222,1961,..,AFG
223,1961,..,ALB
224,1961,..,DZA
225,1961,..,ASM
226,1961,..,AND
227,1961,..,AGO
228,1961,..,ATG
229,1961,..,ARG
230,1961,..,ARM
231,1961,..,ABW
232,1961,..,AUS
233,1961,..,AUT
234,1961,..,AZE
235,1961,..,BHS
236,1961,..,BHR
237,1961,..,BGD
238,1961,..,BRB
239,1961,..,BLR
240,1961,..,BEL
241,1961,..,BLZ
242,1961,..,BEN
243,1961,..,BMU
244,1961,..,BTN
245,1961,..,BOL
246,1961,..,BIH
247,1961,..,BWA
248,1961,..,BRA
249,1961,..,VGB
250,1961,..,BRN
251,1961,..,BGR
252,1961,..,BFA
253,1961,..,BDI
254,1961,..,CPV
255,1961,..,KHM
256,1961,..,CMR
257,1961,..,CAN
258,1961,..,CYM
259,1961,..,CAF
260,1961,..,TCD
261,1961,..,Channel Islands
262,1961,..,CHL
263,1961,..,CHN
264,1961,..,COL
265,1961,..,COM
266,1961,..,COD
267,1961,..,COG
268,1961,..,CRI
269,1961,..,CIV
270,1961,..,HRV
271,1961,..,CUB
272,1961,..,CUW
273,1961,..,CYP
274,1961,..,CZE
275,1961,..,DNK
276,1961,..,DJI
277,1961,..,DMA
278,1961,..,DOM
279,1961,..,ECU
280,1961,..,EGY
281,1961,..,SLV
282,1961,..,GNQ
283,1961,..,ERI
284,1961,..,EST
285,1961,..,SWZ
286,1961,..,ETH
287,1961,..,FRO
288,1961,..,FJI
289,1961,..,FIN
290,1961,..,FRA
291,1961,..,PYF
292,1961,..,GAB
293,1961,..,GMB
294,1961,..,GEO
295,1961,..,DEU
296,1961,..,GHA
297,1961,..,GIB
298,1961,..,GRC
299,1961,..,GRL
300,1961,..,GRD
301,1961,..,GUM
302,1961,..,GTM
303,1961,..,GIN
304,1961,..,GNB
305,1961,..,GUY
306,1961,..,HTI
307,1961,..,HND
308,1961,..,HKG
309,1961,..,HUN
310,1961,..,ISL
311,1961,..,IND
312,1961,..,IDN
313,1961,..,IRN
314,1961,..,IRQ
315,1961,..,IRL
316,1961,..,IMN
317,1961,..,ISR
318,1961,..,ITA
319,1961,..,JAM
320,1961,..,JPN
321,1961,..,JOR
322,1961,..,KAZ
323,1961,..,KEN
324,1961,..,KIR
325,1961,..,PRK
326,1961,..,KOR
327,1961,..,XKX
328,1961,..,KWT
329,1961,..,KGZ
330,1961,..,LAO
331,1961,..,LVA
332,1961,..,LBN
333,1961,..,LSO
334,1961,..,LBR
335,1961,..,LBY
336,1961,..,LIE
337,1961,..,LTU
338,1961,..,LUX
339,1961,..,MAC
340,1961,..,MDG
341,1961,..,MWI
342,1961,..,MYS
343,1961,..,MDV
344,1961,..,MLI
345,1961,..,MLT
346,1961,..,MHL
347,1961,..,MRT
348,1961,..,MUS
349,1961,..,MEX
350,1961,..,FSM
351,1961,..,MDA
352,1961,..,MCO
353,1961,..,MNG
354,1961,..,MNE
355,1961,..,MAR
356,1961,..,MOZ
357,1961,..,MMR
358,1961,..,NAM
359,1961,..,NRU
360,1961,..,NPL
361,1961,..,NLD
362,1961,..,NCL
363,1961,..,NZL
364,1961,..,NIC
365,1961,..,NER
366,1961,..,NGA
367,1961,..,MKD
368,1961,..,MNP
369,1961,..,NOR
370,1961,..,OMN
371,1961,..,PAK
372,1961,..,PLW
373,1961,..,PAN
374,1961,..,PNG
375,1961,..,PRY
376,1961,..,PER
377,1961,..,PHL
378,1961,..,POL
379,1961,..,PRT
380,1961,..,PRI
381,1961,..,QAT
382,1961,..,ROU
383,1961,..,RUS
384,1961,..,RWA
385,1961,..,WSM
386,1961,..,SMR
387,1961,..,STP
388,1961,..,SAU
389,1961,..,SEN
390,1961,..,SRB
391,1961,..,SYC
392,1961,..,SLE
393,1961,..,SGP
394,1961,..,SXM
395,1961,..,SVK
396,1961,..,SVN
397,1961,..,SLB
398,1961,..,SOM
399,1961,..,ZAF
400,1961,..,SSD
401,1961,..,ESP
402,1961,..,LKA
403,1961,..,KNA
404,1961,..,LCA
405,1961,..,MAF
406,1961,..,VCT
407,1961,..,SDN
408,1961,..,SUR
409,1961,..,SWE
410,1961,..,CHE
411,1961,..,SYR
412,1961,..,TJK
413,1961,..,TZA
414,1961,..,THA
415,1961,..,TLS
416,1961,..,TGO
417,1961,..,TON
418,1961,..,TTO
419,1961,..,TUN
420,1961,..,TUR
421,1961,..,TKM
422,1961,..,TCA
423,1961,..,TUV
424,1961,..,UGA
425,1961,..,UKR
426,1961,..,ARE
427,1961,..,GBR
428,1961,..,USA
429,1961,..,URY
430,1961,..,UZB
431,1961,..,VUT
432,1961,..,VEN
433,1961,..,VNM
434,1961,..,VIR
435,1961,..,PSE
436,1961,..,YEM
437,1961,..,ZMB
438,1961,..,ZWE
442,1961,,Data from database: World Development Indicators
443,1961,,Last Updated: 10/07/2025
444,1962,..,AFG
445,1962,..,ALB
446,1962,..,DZA
447,1962,..,ASM
448,1962,..,AND
449,1962,..,AGO
450,1962,..,ATG
451,1962,..,ARG
452,1962,..,ARM
453,1962,..,ABW
454,1962,..,AUS
455,1962,..,AUT
456,1962,..,AZE
457,1962,..,BHS
458,1962,..,BHR
459,1962,..,BGD
460,1962,..,BRB
461,1962,..,BLR
462,1962,..,BEL
463,1962,..,BLZ
464,1962,..,BEN
465,1962,..,BMU
466,1962,..,BTN
467,1962,..,BOL
468,1962,..,BIH
469,1962,..,BWA
470,1962,..,BRA
471,1962,..,VGB
472,1962,..,BRN
473,1962,..,BGR
474,1962,..,BFA
475,1962,..,BDI
476,1962,..,CPV
477,1962,..,KHM
478,1962,..,CMR
479,1962,..,CAN
480,1962,..,CYM
481,1962,..,CAF
482,1962,..,TCD
483,1962,..,Channel Islands
484,1962,..,CHL
485,1962,..,CHN
486,1962,..,COL
487,1962,..,COM
488,1962,..,COD
489,1962,..,COG
490,1962,..,CRI
491,1962,..,CIV
492,1962,..,HRV
493,1962,..,CUB
494,1962,..,CUW
495,1962,..,CYP
496,1962,..,CZE
497,1962,..,DNK
498,1962,..,DJI
499,1962,..,DMA
500,1962,..,DOM
501,1962,..,ECU
502,1962,..,EGY
503,1962,..,SLV
504,1962,..,GNQ
505,1962,..,ERI
506,1962,..,EST
507,1962,..,SWZ
508,1962,..,ETH
509,1962,..,FRO
510,1962,..,FJI
511,1962,..,FIN
512,1962,..,FRA
513,1962,..,PYF
514,1962,..,GAB
515,1962,..,GMB
516,1962,..,GEO
517,1962,..,DEU
518,1962,..,GHA
519,1962,..,GIB
520,1962,..,GRC
521,1962,..,GRL
522,1962,..,GRD
523,1962,..,GUM
524,1962,..,GTM
525,1962,..,GIN
526,1962,..,GNB
527,1962,..,GUY
528,1962,..,HTI
529,1962,..,HND
530,1962,..,HKG
531,1962,..,HUN
532,1962,..,ISL
533,1962,..,IND
534,1962,..,IDN
535,1962,..,IRN
536,1962,..,IRQ
537,1962,..,IRL
538,1962,..,IMN
539,1962,..,ISR
540,1962,..,ITA
541,1962,..,JAM
542,1962,..,JPN
543,1962,..,JOR
544,1962,..,KAZ
545,1962,..,KEN
546,1962,..,KIR
547,1962,..,PRK
548,1962,..,KOR
549,1962,..,XKX
550,1962,..,KWT
551,1962,..,KGZ
552,1962,..,LAO
553,1962,..,LVA
554,1962,..,LBN
555,1962,..,LSO
556,1962,..,LBR
557,1962,..,LBY
558,1962,..,LIE
559,1962,..,LTU
560,1962,..,LUX
561,1962,..,MAC
562,1962,..,MDG
563,1962,..,MWI
564,1962,..,MYS
565,1962,..,MDV
566,1962,..,MLI
567,1962,..,MLT
568,1962,..,MHL
569,1962,..,MRT
570,1962,..,MUS
571,1962,..,MEX
572,1962,..,FSM
573,1962,..,MDA
574,1962,..,MCO
575,1962,..,MNG
576,1962,..,MNE
577,1962,..,MAR
578,1962,..,MOZ
579,1962,..,MMR
580,1962,..,NAM
581,1962,..,NRU
582,1962,..,NPL
583,1962,..,NLD
584,1962,..,NCL
585,1962,..,NZL
586,1962,..,NIC
587,1962,..,NER
588,1962,..,NGA
589,1962,..,MKD
590,1962,..,MNP
591,1962,..,NOR
592,1962,..,OMN
593,1962,..,PAK
594,1962,..,PLW
595,1962,..,PAN
596,1962,..,PNG
597,1962,..,PRY
598,1962,..,PER
599,1962,..,PHL
600,1962,..,POL
601,1962,..,PRT
602,1962,..,PRI
603,1962,..,QAT
604,1962,..,ROU
605,1962,..,RUS
606,1962,..,RWA
607,1962,..,WSM
608,1962,..,SMR
609,1962,..,STP
610,1962,..,SAU
611,1962,..,SEN
612,1962,..,SRB
613,1962,..,SYC
614,1962,..,SLE
615,1962,..,SGP
616,1962,..,SXM
617,1962,..,SVK
618,1962,..,SVN
619,1962,..,SLB
620,1962,..,SOM
621,1962,..,ZAF
622,1962,..,SSD
623,1962,..,ESP
624,1962,..,LKA
625,1962,..,KNA
626,1962,..,LCA
627,1962,..,MAF
628,1962,..,VCT
629,1962,..,SDN
630,1962,..,SUR
631,1962,..,SWE
632,1962,..,CHE
633,1962,..,SYR
634,1962,..,TJK
635,1962,..,TZA
636,1962,..,THA
637,1962,..,TLS
638,1962,..,TGO
639,1962,..,TON
640,1962,..,TTO
641,1962,..,TUN
642,1962,..,TUR
643,1962,..,TKM
644,1962,..,TCA
645,1962,..,TUV
646,1962,..,UGA
647,1962,..,UKR
648,1962,..,ARE
649,1962,..,GBR
650,1962,..,USA
651,1962,..,URY
652,1962,..,UZB
653,1962,..,VUT
654,1962,..,VEN
655,1962,..,VNM
656,1962,..,VIR
657,1962,..,PSE
658,1962,..,YEM
659,1962,..,ZMB
660,1962,..,ZWE
664,1962,,Data from database: World Development Indicators
665,1962,,Last Updated: 10/07/2025
666,1963,..,AFG
667,1963,..,ALB
668,1963,..,DZA
669,1963,..,ASM
670,1963,..,AND
671,1963,..,AGO
672,1963,..,ATG
673,1963,..,ARG
674,1963,..,ARM
675,1963,..,ABW
676,1963,..,AUS
677,1963,..,AUT
678,1963,..,AZE
679,1963,..,BHS
680,1963,..,BHR
681,1963,..,BGD
682,1963,..,BRB
683,1963,..,BLR
684,1963,..,BEL
685,1963,..,BLZ
686,1963,..,BEN
687,1963,..,BMU
688,1963,..,BTN
689,1963,..,BOL
690,1963,..,BIH
691,1963,..,BWA
692,1963,..,BRA
693,1963,..,VGB
694,1963,..,BRN
695,1963,..,BGR
696,1963,..,BFA
697,1963,..,BDI
698,1963,..,CPV
699,1963,..,KHM
700,1963,..,CMR
701,1963,..,CAN
702,1963,..,CYM
703,1963,..,CAF
704,1963,..,TCD
705,1963,..,Channel Islands
706,1963,..,CHL
707,1963,..,CHN
708,1963,..,COL
709,1963,..,COM
710,1963,..,COD
711,1963,..,COG
712,1963,..,CRI
713,1963,..,CIV
714,1963,..,HRV
715,1963,..,CUB
716,1963,..,CUW
717,1963,..,CYP
718,1963,..,CZE
719,1963,..,DNK
720,1963,..,DJI
721,1963,..,DMA
722,1963,..,DOM
723,1963,..,ECU
724,1963,..,EGY
725,1963,..,SLV
726,1963,..,GNQ
727,1963,..,ERI
728,1963,..,EST
729,1963,..,SWZ
730,1963,..,ETH
731,1963,..,FRO
732,1963,..,FJI
733,1963,..,FIN
734,1963,..,FRA
735,1963,..,PYF
736,1963,..,GAB
737,1963,..,GMB
738,1963,..,GEO
739,1963,..,DEU
740,1963,..,GHA
741,1963,..,GIB
742,1963,..,GRC
743,1963,..,GRL
744,1963,..,GRD
745,1963,..,GUM
746,1963,..,GTM
747,1963,..,GIN
748,1963,..,GNB
749,1963,..,GUY
750,1963,..,HTI
751,1963,..,HND
752,1963,..,HKG
753,1963,..,HUN
754,1963,..,ISL
755,1963,..,IND
756,1963,..,IDN
757,1963,..,IRN
758,1963,..,IRQ
759,1963,..,IRL
760,1963,..,IMN
761,1963,..,ISR
762,1963,..,ITA
763,1963,..,JAM
764,1963,..,JPN
765,1963,..,JOR
766,1963,..,KAZ
767,1963,..,KEN
768,1963,..,KIR
769,1963,..,PRK
770,1963,..,KOR
771,1963,..,XKX
772,1963,..,KWT
773,1963,..,KGZ
774,1963,..,LAO
775,1963,..,LVA
776,1963,..,LBN
777,1963,..,LSO
778,1963,..,LBR
779,1963,..,LBY
780,1963,..,LIE
781,1963,..,LTU
782,1963,..,LUX
783,1963,..,MAC
784,1963,..,MDG
785,1963,..,MWI
786,1963,..,MYS
787,1963,..,MDV
788,1963,..,MLI
789,1963,..,MLT
790,1963,..,MHL
791,1963,..,MRT
792,1963,..,MUS
793,1963,..,MEX
794,1963,..,FSM
795,1963,..,MDA
796,1963,..,MCO
797,1963,..,MNG
798,1963,..,MNE
799,1963,..,MAR
800,1963,..,MOZ
801,1963,..,MMR
802,1963,..,NAM
803,1963,..,NRU
804,1963,..,NPL
805,1963,..,NLD
806,1963,..,NCL
807,1963,..,NZL
808,1963,..,NIC
809,1963,..,NER
810,1963,..,NGA
811,1963,..,MKD
812,1963,..,MNP
813,1963,..,NOR
814,1963,..,OMN
815,1963,..,PAK
816,1963,..,PLW
817,1963,..,PAN
818,1963,..,PNG
819,1963,..,PRY
820,1963,..,PER
821,1963,..,PHL
822,1963,..,POL
823,1963,..,PRT
824,1963,..,PRI
825,1963,..,QAT
826,1963,..,ROU
827,1963,..,RUS
828,1963,..,RWA
829,1963,..,WSM
830,1963,..,SMR
831,1963,..,STP
832,1963,..,SAU
833,1963,..,SEN
834,1963,..,SRB
835,1963,..,SYC
836,1963,..,SLE
837,1963,..,SGP
838,1963,..,SXM
839,1963,..,SVK
840,1963,..,SVN
841,1963,..,SLB
842,1963,..,SOM
843,1963,..,ZAF
844,1963,..,SSD
845,1963,..,ESP
846,1963,..,LKA
847,1963,..,KNA
848,1963,..,LCA
849,1963,..,MAF
850,1963,..,VCT
851,1963,..,SDN
852,1963,..,SUR
853,1963,..,SWE
854,1963,..,CHE
855,1963,..,SYR
856,1963,..,TJK
857,1963,..,TZA
858,1963,..,THA
859,1963,..,TLS
860,1963,..,TGO
861,1963,..,TON
862,1963,..,TTO
863,1963,..,TUN
864,1963,..,TUR
865,1963,..,TKM
866,1963,..,TCA
867,1963,..,TUV
868,1963,..,UGA
869,1963,..,UKR
870,1963,..,ARE
871,1963,..,GBR
872,1963,..,USA
873,1963,..,URY
874,1963,..,UZB
875,1963,..,VUT
876,1963,..,VEN
877,1963,..,VNM
878,1963,..,VIR
879,1963,..,PSE
880,1963,..,YEM
881,1963,..,ZMB
882,1963,..,ZWE
886,1963,,Data from database: World Development Indicators
887,1963,,Last Updated: 10/07/2025
888,1964,..,AFG
889,1964,..,ALB
890,1964,..,DZA
891,1964,..,ASM
892,1964,..,AND
893,1964,..,AGO
894,1964,..,ATG
895,1964,..,ARG
896,1964,..,ARM
897,1964,..,ABW
898,1964,..,AUS
899,1964,..,AUT
900,1964,..,AZE
901,1964,..,BHS
902,1964,..,BHR
903,1964,..,BGD
904,1964,..,BRB
905,1964,..,BLR
906,1964,..,BEL
907,1964,..,BLZ
908,1964,..,BEN
909,1964,..,BMU
910,1964,..,BTN
911,1964,..,BOL
912,1964,..,BIH
913,1964,..,BWA
914,1964,..,BRA
915,1964,..,VGB
916,1964,..,BRN
917,1964,..,BGR
918,1964,..,BFA
919,1964,..,BDI
920,1964,..,CPV
921,1964,..,KHM
922,1964,..,CMR
923,1964,..,CAN
924,1964,..,CYM
925,1964,..,CAF
926,1964,..,TCD
927,1964,..,Channel Islands
928,1964,..,CHL
929,1964,..,CHN
930,1964,..,COL
931,1964,..,COM
932,1964,..,COD
933,1964,..,COG
934,1964,..,CRI
935,1964,..,CIV
936,1964,..,HRV
937,1964,..,CUB
938,1964,..,CUW
939,1964,..,CYP
940,1964,..,CZE
941,1964,..,DNK
942,1964,..,DJI
943,1964,..,DMA
944,1964,..,DOM
945,1964,..,ECU
946,1964,..,EGY
947,1964,..,SLV
948,1964,..,GNQ
949,1964,..,ERI
950,1964,..,EST
951,1964,..,SWZ
952,1964,..,ETH
953,1964,..,FRO
954,1964,..,FJI
955,1964,..,FIN
956,1964,..,FRA
957,1964,..,PYF
958,1964,..,GAB
959,1964,..,GMB
960,1964,..,GEO
961,1964,..,DEU
962,1964,..,GHA
963,1964,..,GIB
964,1964,..,GRC
965,1964,..,GRL
966,1964,..,GRD
967,1964,..,GUM
968,1964,..,GTM
969,1964,..,GIN
970,1964,..,GNB
971,1964,..,GUY
972,1964,..,HTI
973,1964,..,HND
974,1964,..,HKG
975,1964,..,HUN
976,1964,..,ISL
977,1964,..,IND
978,1964,..,IDN
979,1964,..,IRN
980,1964,..,IRQ
981,1964,..,IRL
982,1964,..,IMN
983,1964,..,ISR
984,1964,..,ITA
985,1964,..,JAM
986,1964,..,JPN
987,1964,..,JOR
988,1964,..,KAZ
989,1964,..,KEN
990,1964,..,KIR
991,1964,..,PRK
992,1964,..,KOR
993,1964,..,XKX
994,1964,..,KWT
995,1964,..,KGZ
996,1964,..,LAO
997,1964,..,LVA
998,1964,..,LBN
999,1964,..,LSO
1000,1964,..,LBR
1001,1964,..,LBY
1002,1964,..,LIE
1003,1964,..,LTU
1004,1964,..,LUX
1005,1964,..,MAC
1006,1964,..,MDG
1007,1964,..,MWI
1008,1964,..,MYS
1009,1964,..,MDV
1010,1964,..,MLI
1011,1964,..,MLT
1012,1964,..,MHL
1013,1964,..,MRT
1014,1964,..,MUS
1015,1964,..,MEX
1016,1964,..,FSM
1017,1964,..,MDA
1018,1964,..,MCO
1019,1964,..,MNG
1020,1964,..,MNE
1021,1964,..,MAR
1022,1964,..,MOZ
1023,1964,..,MMR
1024,1964,..,NAM
1025,1964,..,NRU
1026,1964,..,NPL
1027,1964,..,NLD
1028,1964,..,NCL
1029,1964,..,NZL
1030,1964,..,NIC
1031,1964,..,NER
1032,1964,..,NGA
1033,1964,..,MKD
1034,1964,..,MNP
1035,1964,..,NOR
1036,1964,..,OMN
1037,1964,..,PAK
1038,1964,..,PLW
1039,1964,..,PAN
1040,1964,..,PNG
1041,1964,..,PRY
1042,1964,..,PER
1043,1964,..,PHL
1044,1964,..,POL
1045,1964,..,PRT
1046,1964,..,PRI
1047,1964,..,QAT
1048,1964,..,ROU
1049,1964,..,RUS
1050,1964,..,RWA
1051,1964,..,WSM
1052,1964,..,SMR
1053,1964,..,STP
1054,1964,..,SAU
1055,1964,..,SEN
1056,1964,..,SRB
1057,1964,..,SYC
1058,1964,..,SLE
1059,1964,..,SGP
1060,1964,..,SXM
1061,1964,..,SVK
1062,1964,..,SVN
1063,1964,..,SLB
1064,1964,..,SOM
1065,1964,..,ZAF
1066,1964,..,SSD
1067,1964,..,ESP
1068,1964,..,LKA
1069,1964,..,KNA
1070,1964,..,LCA
1071,1964,..,MAF
1072,1964,..,VCT
1073,1964,..,SDN
1074,1964,..,SUR
1075,1964,..,SWE
1076,1964,..,CHE
1077,1964,..,SYR
1078,1964,..,TJK
1079,1964,..,TZA
1080,1964,..,THA
1081,1964,..,TLS
1082,1964,..,TGO
1083,1964,..,TON
1084,1964,..,TTO
1085,1964,..,TUN
1086,1964,..,TUR
1087,1964,..,TKM
1088,1964,..,TCA
1089,1964,..,TUV
1090,1964,..,UGA
1091,1964,..,UKR
1092,1964,..,ARE
1093,1964,..,GBR
1094,1964,..,USA
1095,1964,..,URY
1096,1964,..,UZB
1097,1964,..,VUT
1098,1964,..,VEN
1099,1964,..,VNM
1100,1964,..,VIR
1101,1964,..,PSE
1102,1964,..,YEM
1103,1964,..,ZMB
1104,1964,..,ZWE
1108,1964,,Data from database: World Development Indicators
1109,1964,,Last Updated: 10/07/2025
1110,1965,..,AFG
1111,1965,..,ALB
1112,1965,..,DZA
1113,1965,..,ASM
1114,1965,..,AND
1115,1965,..,AGO
1116,1965,..,ATG
1117,1965,..,ARG
1118,1965,..,ARM
1119,1965,..,ABW
1120,1965,..,AUS
1121,1965,..,AUT
1122,1965,..,AZE
1123,1965,..,BHS
1124,1965,..,BHR
1125,1965,..,BGD
1126,1965,..,BRB
1127,1965,..,BLR
1128,1965,..,BEL
1129,1965,..,BLZ
1130,1965,..,BEN
1131,1965,..,BMU
1132,1965,..,BTN
1133,1965,..,BOL
1134,1965,..,BIH
1135,1965,..,BWA
1136,1965,..,BRA
1137,1965,..,VGB
1138,1965,..,BRN
1139,1965,..,BGR
1140,1965,..,BFA
1141,1965,..,BDI
1142,1965,..,CPV
1143,1965,..,KHM
1144,1965,..,CMR
1145,1965,..,CAN
1146,1965,..,CYM
1147,1965,..,CAF
1148,1965,..,TCD
1149,1965,..,Channel Islands
1150,1965,..,CHL
1151,1965,..,CHN
1152,1965,..,COL
1153,1965,..,COM
1154,1965,..,COD
1155,1965,..,COG
1156,1965,..,CRI
1157,1965,..,CIV
1158,1965,..,HRV
1159,1965,..,CUB
1160,1965,..,CUW
1161,1965,..,CYP
1162,1965,..,CZE
1163,1965,..,DNK
1164,1965,..,DJI
1165,1965,..,DMA
1166,1965,..,DOM
1167,1965,..,ECU
1168,1965,..,EGY
1169,1965,..,SLV
1170,1965,..,GNQ
1171,1965,..,ERI
1172,1965,..,EST
1173,1965,..,SWZ
1174,1965,..,ETH
1175,1965,..,FRO
1176,1965,..,FJI
1177,1965,..,FIN
1178,1965,..,FRA
1179,1965,..,PYF
1180,1965,..,GAB
1181,1965,..,GMB
1182,1965,..,GEO
1183,1965,..,DEU
1184,1965,..,GHA
1185,1965,..,GIB
1186,1965,..,GRC
1187,1965,..,GRL
1188,1965,..,GRD
1189,1965,..,GUM
1190,1965,..,GTM
1191,1965,..,GIN
1192,1965,..,GNB
1193,1965,..,GUY
1194,1965,..,HTI
1195,1965,..,HND
1196,1965,..,HKG
1197,1965,..,HUN
1198,1965,..,ISL
1199,1965,..,IND
1200,1965,..,IDN
1201,1965,..,IRN
1202,1965,..,IRQ
1203,1965,..,IRL
1204,1965,..,IMN
1205,1965,..,ISR
1206,1965,..,ITA
1207,1965,..,JAM
1208,1965,..,JPN
1209,1965,..,JOR
1210,1965,..,KAZ
1211,1965,..,KEN
1212,1965,..,KIR
1213,1965,..,PRK
1214,1965,..,KOR
1215,1965,..,XKX
1216,1965,..,KWT
1217,1965,..,KGZ
1218,1965,..,LAO
1219,1965,..,LVA
1220,1965,..,LBN
1221,1965,..,LSO
1222,1965,..,LBR
1223,1965,..,LBY
1224,1965,..,LIE
1225,1965,..,LTU
1226,1965,..,LUX
1227,1965,..,MAC
1228,1965,..,MDG
1229,1965,..,MWI
1230,1965,..,MYS
1231,1965,..,MDV
1232,1965,..,MLI
1233,1965,..,MLT
1234,1965,..,MHL
1235,1965,..,MRT
1236,1965,..,MUS
1237,1965,..,MEX
1238,1965,..,FSM
1239,1965,..,MDA
1240,1965,..,MCO
1241,1965,..,MNG
1242,1965,..,MNE
1243,1965,..,MAR
1244,1965,..,MOZ
1245,1965,..,MMR
1246,1965,..,NAM
1247,1965,..,NRU
1248,1965,..,NPL
1249,1965,..,NLD
1250,1965,..,NCL
1251,1965,..,NZL
1252,1965,..,NIC
1253,1965,..,NER
1254,1965,..,NGA
1255,1965,..,MKD
1256,1965,..,MNP
1257,1965,..,NOR
1258,1965,..,OMN
1259,1965,..,PAK
1260,1965,..,PLW
1261,1965,..,PAN
1262,1965,..,PNG
1263,1965,..,PRY
1264,1965,..,PER
1265,1965,..,PHL
1266,1965,..,POL
1267,1965,..,PRT
1268,1965,..,PRI
1269,1965,..,QAT
1270,1965,..,ROU
1271,1965,..,RUS
1272,1965,..,RWA
1273,1965,..,WSM
1274,1965,..,SMR
1275,1965,..,STP
1276,1965,..,SAU
1277,1965,..,SEN
1278,1965,..,SRB
1279,1965,..,SYC
1280,1965,..,SLE
1281,1965,..,SGP
1282,1965,..,SXM
1283,1965,..,SVK
1284,1965,..,SVN
1285,1965,..,SLB
1286,1965,..,SOM
1287,1965,..,ZAF
1288,1965,..,SSD
1289,1965,..,ESP
1290,1965,..,LKA
1291,1965,..,KNA
1292,1965,..,LCA
1293,1965,..,MAF
1294,1965,..,VCT
1295,1965,..,SDN
1296,1965,..,SUR
1297,1965,..,SWE
1298,1965,..,CHE
1299,1965,..,SYR
1300,1965,..,TJK
1301,1965,..,TZA
1302,1965,..,THA
1303,1965,..,TLS
1304,1965,..,TGO
1305,1965,..,TON
1306,1965,..,TTO
1307,1965,..,TUN
1308,1965,..,TUR
1309,1965,..,TKM
1310,1965,..,TCA
1311,1965,..,TUV
1312,1965,..,UGA
1313,1965,..,UKR
1314,1965,..,ARE
1315,1965,..,GBR
1316,1965,..,USA
1317,1965,..,URY
1318,1965,..,UZB
1319,1965,..,VUT
1320,1965,..,VEN
1321,1965,..,VNM
1322,1965,..,VIR
1323,1965,..,PSE
1324,1965,..,YEM
1325,1965,..,ZMB
1326,1965,..,ZWE
1330,1965,,Data from database: World Development Indicators
1331,1965,,Last Updated: 10/07/2025
1332,1966,..,AFG
1333,1966,..,ALB
1334,1966,..,DZA
1335,1966,..,ASM
1336,1966,..,AND
1337,1966,..,AGO
1338,1966,..,ATG
1339,1966,..,ARG
1340,1966,..,ARM
1341,1966,..,ABW
1342,1966,..,AUS
1343,1966,..,AUT
1344,1966,..,AZE
1345,1966,..,BHS
1346,1966,..,BHR
1347,1966,..,BGD
1348,1966,..,BRB
1349,1966,..,BLR
1350,1966,..,BEL
1351,1966,..,BLZ
1352,1966,..,BEN
1353,1966,..,BMU
1354,1966,..,BTN
1355,1966,..,BOL
1356,1966,..,BIH
1357,1966,..,BWA
1358,1966,..,BRA
1359,1966,..,VGB
1360,1966,..,BRN
1361,1966,..,BGR
1362,1966,..,BFA
1363,1966,..,BDI
1364,1966,..,CPV
1365,1966,..,KHM
1366,1966,..,CMR
1367,1966,..,CAN
1368,1966,..,CYM
1369,1966,..,CAF
1370,1966,..,TCD
1371,1966,..,Channel Islands
1372,1966,..,CHL
1373,1966,..,CHN
1374,1966,..,COL
1375,1966,..,COM
1376,1966,..,COD
1377,1966,..,COG
1378,1966,..,CRI
1379,1966,..,CIV
1380,1966,..,HRV
1381,1966,..,CUB
1382,1966,..,CUW
1383,1966,..,CYP
1384,1966,..,CZE
1385,1966,..,DNK
1386,1966,..,DJI
1387,1966,..,DMA
1388,1966,..,DOM
1389,1966,..,ECU
1390,1966,..,EGY
1391,1966,..,SLV
1392,1966,..,GNQ
1393,1966,..,ERI
1394,1966,..,EST
1395,1966,..,SWZ
1396,1966,..,ETH
1397,1966,..,FRO
1398,1966,..,FJI
1399,1966,..,FIN
1400,1966,..,FRA
1401,1966,..,PYF
1402,1966,..,GAB
1403,1966,..,GMB
1404,1966,..,GEO
1405,1966,..,DEU
1406,1966,..,GHA
1407,1966,..,GIB
1408,1966,..,GRC
1409,1966,..,GRL
1410,1966,..,GRD
1411,1966,..,GUM
1412,1966,..,GTM
1413,1966,..,GIN
1414,1966,..,GNB
1415,1966,..,GUY
1416,1966,..,HTI
1417,1966,..,HND
1418,1966,..,HKG
1419,1966,..,HUN
1420,1966,..,ISL
1421,1966,..,IND
1422,1966,..,IDN
1423,1966,..,IRN
1424,1966,..,IRQ
1425,1966,..,IRL
1426,1966,..,IMN
1427,1966,..,ISR
1428,1966,..,ITA
1429,1966,..,JAM
1430,1966,..,JPN
1431,1966,..,JOR
1432,1966,..,KAZ
1433,1966,..,KEN
1434,1966,..,KIR
1435,1966,..,PRK
1436,1966,..,KOR
1437,1966,..,XKX
1438,1966,..,KWT
1439,1966,..,KGZ
1440,1966,..,LAO
1441,1966,..,LVA
1442,1966,..,LBN
1443,1966,..,LSO
1444,1966,..,LBR
1445,1966,..,LBY
1446,1966,..,LIE
1447,1966,..,LTU
1448,1966,..,LUX
1449,1966,..,MAC
1450,1966,..,MDG
1451,1966,..,MWI
1452,1966,..,MYS
1453,1966,..,MDV
1454,1966,..,MLI
1455,1966,..,MLT
1456,1966,..,MHL
1457,1966,..,MRT
1458,1966,..,MUS
1459,1966,..,MEX
1460,1966,..,FSM
1461,1966,..,MDA
1462,1966,..,MCO
1463,1966,..,MNG
1464,1966,..,MNE
1465,1966,..,MAR
1466,1966,..,MOZ
1467,1966,..,MMR
1468,1966,..,NAM
1469,1966,..,NRU
1470,1966,..,NPL
1471,1966,..,NLD
1472,1966,..,NCL
1473,1966,..,NZL
1474,1966,..,NIC
1475,1966,..,NER
1476,1966,..,NGA
1477,1966,..,MKD
1478,1966,..,MNP
1479,1966,..,NOR
1480,1966,..,OMN
1481,1966,..,PAK
1482,1966,..,PLW
1483,1966,..,PAN
1484,1966,..,PNG
1485,1966,..,PRY
1486,1966,..,PER
1487,1966,..,PHL
1488,1966,..,POL
1489,1966,..,PRT
1490,1966,..,PRI
1491,1966,..,QAT
1492,1966,..,ROU
1493,1966,..,RUS
1494,1966,..,RWA
1495,1966,..,WSM
1496,1966,..,SMR
1497,1966,..,STP
1498,1966,..,SAU
1499,1966,..,SEN
1500,1966,..,SRB
1501,1966,..,SYC
1502,1966,..,SLE
1503,1966,..,SGP
1504,1966,..,SXM
1505,1966,..,SVK
1506,1966,..,SVN
1507,1966,..,SLB
1508,1966,..,SOM
1509,1966,..,ZAF
1510,1966,..,SSD
1511,1966,..,ESP
1512,1966,..,LKA
1513,1966,..,KNA
1514,1966,..,LCA
1515,1966,..,MAF
1516,1966,..,VCT
1517,1966,..,SDN
1518,1966,..,SUR
1519,1966,..,SWE
1520,1966,..,CHE
1521,1966,..,SYR
1522,1966,..,TJK
1523,1966,..,TZA
1524,1966,..,THA
1525,1966,..,TLS
1526,1966,..,TGO
1527,1966,..,TON
1528,1966,..,TTO
1529,1966,..,TUN
1530,1966,..,TUR
1531,1966,..,TKM
1532,1966,..,TCA
1533,1966,..,TUV
1534,1966,..,UGA
1535,1966,..,UKR
1536,1966,..,ARE
1537,1966,..,GBR
1538,1966,..,USA
1539,1966,..,URY
1540,1966,..,UZB
1541,1966,..,VUT
1542,1966,..,VEN
1543,1966,..,VNM
1544,1966,..,VIR
1545,1966,..,PSE
1546,1966,..,YEM
1547,1966,..,ZMB
1548,1966,..,ZWE
1552,1966,,Data from database: World Development Indicators
1553,1966,,Last Updated: 10/07/2025
1554,1967,..,AFG
1555,1967,..,ALB
1556,1967,..,DZA
1557,1967,..,ASM
1558,1967,..,AND
1559,1967,..,AGO
1560,1967,..,ATG
1561,1967,..,ARG
1562,1967,..,ARM
1563,1967,..,ABW
1564,1967,..,AUS
1565,1967,..,AUT
1566,1967,..,AZE
1567,1967,..,BHS
1568,1967,..,BHR
1569,1967,..,BGD
1570,1967,..,BRB
1571,1967,..,BLR
1572,1967,..,BEL
1573,1967,..,BLZ
1574,1967,..,BEN
1575,1967,..,BMU
1576,1967,..,BTN
1577,1967,..,BOL
1578,1967,..,BIH
1579,1967,..,BWA
1580,1967,..,BRA
1581,1967,..,VGB
1582,1967,..,BRN
1583,1967,..,BGR
1584,1967,..,BFA
1585,1967,..,BDI
1586,1967,..,CPV
1587,1967,..,KHM
1588,1967,..,CMR
1589,1967,..,CAN
1590,1967,..,CYM
1591,1967,..,CAF
1592,1967,..,TCD
1593,1967,..,Channel Islands
1594,1967,..,CHL
1595,1967,..,CHN
1596,1967,..,COL
1597,1967,..,COM
1598,1967,..,COD
1599,1967,..,COG
1600,1967,..,CRI
1601,1967,..,CIV
1602,1967,..,HRV
1603,1967,..,CUB
1604,1967,..,CUW
1605,1967,..,CYP
1606,1967,..,CZE
1607,1967,..,DNK
1608,1967,..,DJI
1609,1967,..,DMA
1610,1967,..,DOM
1611,1967,..,ECU
1612,1967,..,EGY
1613,1967,..,SLV
1614,1967,..,GNQ
1615,1967,..,ERI
1616,1967,..,EST
1617,1967,..,SWZ
1618,1967,..,ETH
1619,1967,..,FRO
1620,1967,..,FJI
1621,1967,..,FIN
1622,1967,..,FRA
1623,1967,..,PYF
1624,1967,..,GAB
1625,1967,..,GMB
1626,1967,..,GEO
1627,1967,..,DEU
1628,1967,..,GHA
1629,1967,..,GIB
1630,1967,..,GRC
1631,1967,..,GRL
1632,1967,..,GRD
1633,1967,..,GUM
1634,1967,..,GTM
1635,1967,..,GIN
1636,1967,..,GNB
1637,1967,..,GUY
1638,1967,..,HTI
1639,1967,..,HND
1640,1967,..,HKG
1641,1967,..,HUN
1642,1967,..,ISL
1643,1967,..,IND
1644,1967,..,IDN
1645,1967,..,IRN
1646,1967,..,IRQ
1647,1967,..,IRL
1648,1967,..,IMN
1649,1967,..,ISR
1650,1967,..,ITA
1651,1967,..,JAM
1652,1967,..,JPN
1653,1967,..,JOR
1654,1967,..,KAZ
1655,1967,..,KEN
1656,1967,..,KIR
1657,1967,..,PRK
1658,1967,..,KOR
1659,1967,..,XKX
1660,1967,..,KWT
1661,1967,..,KGZ
1662,1967,..,LAO
1663,1967,..,LVA
1664,1967,..,LBN
1665,1967,..,LSO
1666,1967,..,LBR
1667,1967,..,LBY
1668,1967,..,LIE
1669,1967,..,LTU
1670,1967,..,LUX
1671,1967,..,MAC
1672,1967,..,MDG
1673,1967,..,MWI
1674,1967,..,MYS
1675,1967,..,MDV
1676,1967,..,MLI
1677,1967,..,MLT
1678,1967,..,MHL
1679,1967,..,MRT
1680,1967,..,MUS
1681,1967,..,MEX
1682,1967,..,FSM
1683,1967,..,MDA
1684,1967,..,MCO
1685,1967,..,MNG
1686,1967,..,MNE
1687,1967,..,MAR
1688,1967,..,MOZ
1689,1967,..,MMR
1690,1967,..,NAM
1691,1967,..,NRU
1692,1967,..,NPL
1693,1967,..,NLD
1694,1967,..,NCL
1695,1967,..,NZL
1696,1967,..,NIC
1697,1967,..,NER
1698,1967,..,NGA
1699,1967,..,MKD
1700,1967,..,MNP
1701,1967,..,NOR
1702,1967,..,OMN
1703,1967,..,PAK
1704,1967,..,PLW
1705,1967,..,PAN
1706,1967,..,PNG
1707,1967,..,PRY
1708,1967,..,PER
1709,1967,..,PHL
1710,1967,..,POL
1711,1967,..,PRT
1712,1967,..,PRI
1713,1967,..,QAT
1714,1967,..,ROU
1715,1967,..,RUS
1716,1967,..,RWA
1717,1967,..,WSM
1718,1967,..,SMR
1719,1967,..,STP
1720,1967,..,SAU
1721,1967,..,SEN
1722,1967,..,SRB
1723,1967,..,SYC
1724,1967,..,SLE
1725,1967,..,SGP
1726,1967,..,SXM
1727,1967,..,SVK
1728,1967,..,SVN
1729,1967,..,SLB
1730,1967,..,SOM
1731,1967,..,ZAF
1732,1967,..,SSD
1733,1967,..,ESP
1734,1967,..,LKA
1735,1967,..,KNA
1736,1967,..,LCA
1737,1967,..,MAF
1738,1967,..,VCT
1739,1967,..,SDN
1740,1967,..,SUR
1741,1967,..,SWE
1742,1967,..,CHE
1743,1967,..,SYR
1744,1967,..,TJK
1745,1967,..,TZA
1746,1967,..,THA
1747,1967,..,TLS
1748,1967,..,TGO
1749,1967,..,TON
1750,1967,..,TTO
1751,1967,..,TUN
1752,1967,..,TUR
1753,1967,..,TKM
1754,1967,..,TCA
1755,1967,..,TUV
1756,1967,..,UGA
1757,1967,..,UKR
1758,1967,..,ARE
1759,1967,..,GBR
1760,1967,..,USA
1761,1967,..,URY
1762,1967,..,UZB
1763,1967,..,VUT
1764,1967,..,VEN
1765,1967,..,VNM
1766,1967,..,VIR
1767,1967,..,PSE
1768,1967,..,YEM
1769,1967,..,ZMB
1770,1967,..,ZWE
1774,1967,,Data from database: World Development Indicators
1775,1967,,Last Updated: 10/07/2025
1776,1968,..,AFG
1777,1968,..,ALB
1778,1968,..,DZA
1779,1968,..,ASM
1780,1968,..,AND
1781,1968,..,AGO
1782,1968,..,ATG
1783,1968,..,ARG
1784,1968,..,ARM
1785,1968,..,ABW
1786,1968,..,AUS
1787,1968,..,AUT
1788,1968,..,AZE
1789,1968,..,BHS
1790,1968,..,BHR
1791,1968,..,BGD
1792,1968,..,BRB
1793,1968,..,BLR
1794,1968,..,BEL
1795,1968,..,BLZ
1796,1968,..,BEN
1797,1968,..,BMU
1798,1968,..,BTN
1799,1968,..,BOL
1800,1968,..,BIH
1801,1968,..,BWA
1802,1968,..,BRA
1803,1968,..,VGB
1804,1968,..,BRN
1805,1968,..,BGR
1806,1968,..,BFA
1807,1968,..,BDI
1808,1968,..,CPV
1809,1968,..,KHM
1810,1968,..,CMR
1811,1968,..,CAN
1812,1968,..,CYM
1813,1968,..,CAF
1814,1968,..,TCD
1815,1968,..,Channel Islands
1816,1968,..,CHL
1817,1968,..,CHN
1818,1968,..,COL
1819,1968,..,COM
1820,1968,..,COD
1821,1968,..,COG
1822,1968,..,CRI
1823,1968,..,CIV
1824,1968,..,HRV
1825,1968,..,CUB
1826,1968,..,CUW
1827,1968,..,CYP
1828,1968,..,CZE
1829,1968,..,DNK
1830,1968,..,DJI
1831,1968,..,DMA
1832,1968,..,DOM
1833,1968,..,ECU
1834,1968,..,EGY
1835,1968,..,SLV
1836,1968,..,GNQ
1837,1968,..,ERI
1838,1968,..,EST
1839,1968,..,SWZ
1840,1968,..,ETH
1841,1968,..,FRO
1842,1968,..,FJI
1843,1968,..,FIN
1844,1968,..,FRA
1845,1968,..,PYF
1846,1968,..,GAB
1847,1968,..,GMB
1848,1968,..,GEO
1849,1968,..,DEU
1850,1968,..,GHA
1851,1968,..,GIB
1852,1968,..,GRC
1853,1968,..,GRL
1854,1968,..,GRD
1855,1968,..,GUM
1856,1968,..,GTM
1857,1968,..,GIN
1858,1968,..,GNB
1859,1968,..,GUY
1860,1968,..,HTI
1861,1968,..,HND
1862,1968,..,HKG
1863,1968,..,HUN
1864,1968,..,ISL
1865,1968,..,IND
1866,1968,..,IDN
1867,1968,..,IRN
1868,1968,..,IRQ
1869,1968,..,IRL
1870,1968,..,IMN
1871,1968,..,ISR
1872,1968,..,ITA
1873,1968,..,JAM
1874,1968,..,JPN
1875,1968,..,JOR
1876,1968,..,KAZ
1877,1968,..,KEN
1878,1968,..,KIR
1879,1968,..,PRK
1880,1968,..,KOR
1881,1968,..,XKX
1882,1968,..,KWT
1883,1968,..,KGZ
1884,1968,..,LAO
1885,1968,..,LVA
1886,1968,..,LBN
1887,1968,..,LSO
1888,1968,..,LBR
1889,1968,..,LBY
1890,1968,..,LIE
1891,1968,..,LTU
1892,1968,..,LUX
1893,1968,..,MAC
1894,1968,..,MDG
1895,1968,..,MWI
1896,1968,..,MYS
1897,1968,..,MDV
1898,1968,..,MLI
1899,1968,..,MLT
1900,1968,..,MHL
1901,1968,..,MRT
1902,1968,..,MUS
1903,1968,..,MEX
1904,1968,..,FSM
1905,1968,..,MDA
1906,1968,..,MCO
1907,1968,..,MNG
1908,1968,..,MNE
1909,1968,..,MAR
1910,1968,..,MOZ
1911,1968,..,MMR
1912,1968,..,NAM
1913,1968,..,NRU
1914,1968,..,NPL
1915,1968,..,NLD
1916,1968,..,NCL
1917,1968,..,NZL
1918,1968,..,NIC
1919,1968,..,NER
1920,1968,..,NGA
1921,1968,..,MKD
1922,1968,..,MNP
1923,1968,..,NOR
1924,1968,..,OMN
1925,1968,..,PAK
1926,1968,..,PLW
1927,1968,..,PAN
1928,1968,..,PNG
1929,1968,..,PRY
1930,1968,..,PER
1931,1968,..,PHL
1932,1968,..,POL
1933,1968,..,PRT
1934,1968,..,PRI
1935,1968,..,QAT
1936,1968,..,ROU
1937,1968,..,RUS
1938,1968,..,RWA
1939,1968,..,WSM
1940,1968,..,SMR
1941,1968,..,STP
1942,1968,..,SAU
1943,1968,..,SEN
1944,1968,..,SRB
1945,1968,..,SYC
1946,1968,..,SLE
1947,1968,..,SGP
1948,1968,..,SXM
1949,1968,..,SVK
1950,1968,..,SVN
1951,1968,..,SLB
1952,1968,..,SOM
1953,1968,..,ZAF
1954,1968,..,SSD
1955,1968,..,ESP
1956,1968,..,LKA
1957,1968,..,KNA
1958,1968,..,LCA
1959,1968,..,MAF
1960,1968,..,VCT
1961,1968,..,SDN
1962,1968,..,SUR
1963,1968,..,SWE
1964,1968,..,CHE
1965,1968,..,SYR
1966,1968,..,TJK
1967,1968,..,TZA
1968,1968,..,THA
1969,1968,..,TLS
1970,1968,..,TGO
1971,1968,..,TON
1972,1968,..,TTO
1973,1968,..,TUN
1974,1968,..,TUR
1975,1968,..,TKM
1976,1968,..,TCA
1977,1968,..,TUV
1978,1968,..,UGA
1979,1968,..,UKR
1980,1968,..,ARE
1981,1968,..,GBR
1982,1968,..,USA
1983,1968,..,URY
1984,1968,..,UZB
1985,1968,..,VUT
1986,1968,..,VEN
1987,1968,..,VNM
1988,1968,..,VIR
1989,1968,..,PSE
1990,1968,..,YEM
1991,1968,..,ZMB
1992,1968,..,ZWE
1996,1968,,Data from database: World Development Indicators
1997,1968,,Last Updated: 10/07/2025
1998,1969,..,AFG
1999,1969,..,ALB
2000,1969,..,DZA
2001,1969,..,ASM
2002,1969,..,AND
2003,1969,..,AGO
2004,1969,..,ATG
2005,1969,..,ARG
2006,1969,..,ARM
2007,1969,..,ABW
2008,1969,..,AUS
2009,1969,..,AUT
2010,1969,..,AZE
2011,1969,..,BHS
2012,1969,..,BHR
2013,1969,..,BGD
2014,1969,..,BRB
2015,1969,..,BLR
2016,1969,..,BEL
2017,1969,..,BLZ
2018,1969,..,BEN
2019,1969,..,BMU
2020,1969,..,BTN
2021,1969,..,BOL
2022,1969,..,BIH
2023,1969,..,BWA
2024,1969,..,BRA
2025,1969,..,VGB
2026,1969,..,BRN
2027,1969,..,BGR
2028,1969,..,BFA
2029,1969,..,BDI
2030,1969,..,CPV
2031,1969,..,KHM
2032,1969,..,CMR
2033,1969,..,CAN
2034,1969,..,CYM
2035,1969,..,CAF
2036,1969,..,TCD
2037,1969,..,Channel Islands
2038,1969,..,CHL
2039,1969,..,CHN
2040,1969,..,COL
2041,1969,..,COM
2042,1969,..,COD
2043,1969,..,COG
2044,1969,..,CRI
2045,1969,..,CIV
2046,1969,..,HRV
2047,1969,..,CUB
2048,1969,..,CUW
2049,1969,..,CYP
2050,1969,..,CZE
2051,1969,..,DNK
2052,1969,..,DJI
2053,1969,..,DMA
2054,1969,..,DOM
2055,1969,..,ECU
2056,1969,..,EGY
2057,1969,..,SLV
2058,1969,..,GNQ
2059,1969,..,ERI
2060,1969,..,EST
2061,1969,..,SWZ
2062,1969,..,ETH
2063,1969,..,FRO
2064,1969,..,FJI
2065,1969,..,FIN
2066,1969,..,FRA
2067,1969,..,PYF
2068,1969,..,GAB
2069,1969,..,GMB
2070,1969,..,GEO
2071,1969,..,DEU
2072,1969,..,GHA
2073,1969,..,GIB
2074,1969,..,GRC
2075,1969,..,GRL
2076,1969,..,GRD
2077,1969,..,GUM
2078,1969,..,GTM
2079,1969,..,GIN
2080,1969,..,GNB
2081,1969,..,GUY
2082,1969,..,HTI
2083,1969,..,HND
2084,1969,..,HKG
2085,1969,..,HUN
2086,1969,..,ISL
2087,1969,..,IND
2088,1969,..,IDN
2089,1969,..,IRN
2090,1969,..,IRQ
2091,1969,..,IRL
2092,1969,..,IMN
2093,1969,..,ISR
2094,1969,..,ITA
2095,1969,..,JAM
2096,1969,..,JPN
2097,1969,..,JOR
2098,1969,..,KAZ
2099,1969,..,KEN
2100,1969,..,KIR
2101,1969,..,PRK
2102,1969,..,KOR
2103,1969,..,XKX
2104,1969,..,KWT
2105,1969,..,KGZ
2106,1969,..,LAO
2107,1969,..,LVA
2108,1969,..,LBN
2109,1969,..,LSO
2110,1969,..,LBR
2111,1969,..,LBY
2112,1969,..,LIE
2113,1969,..,LTU
2114,1969,..,LUX
2115,1969,..,MAC
2116,1969,..,MDG
2117,1969,..,MWI
2118,1969,..,MYS
2119,1969,..,MDV
2120,1969,..,MLI
2121,1969,..,MLT
2122,1969,..,MHL
2123,1969,..,MRT
2124,1969,..,MUS
2125,1969,..,MEX
2126,1969,..,FSM
2127,1969,..,MDA
2128,1969,..,MCO
2129,1969,..,MNG
2130,1969,..,MNE
2131,1969,..,MAR
2132,1969,..,MOZ
2133,1969,..,MMR
2134,1969,..,NAM
2135,1969,..,NRU
2136,1969,..,NPL
2137,1969,..,NLD
2138,1969,..,NCL
2139,1969,..,NZL
2140,1969,..,NIC
2141,1969,..,NER
2142,1969,..,NGA
2143,1969,..,MKD
2144,1969,..,MNP
2145,1969,..,NOR
2146,1969,..,OMN
2147,1969,..,PAK
2148,1969,..,PLW
2149,1969,..,PAN
2150,1969,..,PNG
2151,1969,..,PRY
2152,1969,..,PER
2153,1969,..,PHL
2154,1969,..,POL
2155,1969,..,PRT
2156,1969,..,PRI
2157,1969,..,QAT
2158,1969,..,ROU
2159,1969,..,RUS
2160,1969,..,RWA
2161,1969,..,WSM
2162,1969,..,SMR
2163,1969,..,STP
2164,1969,..,SAU
2165,1969,..,SEN
2166,1969,..,SRB
2167,1969,..,SYC
2168,1969,..,SLE
2169,1969,..,SGP
2170,1969,..,SXM
2171,1969,..,SVK
2172,1969,..,SVN
2173,1969,..,SLB
2174,1969,..,SOM
2175,1969,..,ZAF
2176,1969,..,SSD
2177,1969,..,ESP
2178,1969,..,LKA
2179,1969,..,KNA
2180,1969,..,LCA
2181,1969,..,MAF
2182,1969,..,VCT
2183,1969,..,SDN
2184,1969,..,SUR
2185,1969,..,SWE
2186,1969,..,CHE
2187,1969,..,SYR
2188,1969,..,TJK
2189,1969,..,TZA
2190,1969,..,THA
2191,1969,..,TLS
2192,1969,..,TGO
2193,1969,..,TON
2194,1969,..,TTO
2195,1969,..,TUN
2196,1969,..,TUR
2197,1969,..,TKM
2198,1969,..,TCA
2199,1969,..,TUV
2200,1969,..,UGA
2201,1969,..,UKR
2202,1969,..,ARE
2203,1969,..,GBR
2204,1969,..,USA
2205,1969,..,URY
2206,1969,..,UZB
2207,1969,..,VUT
2208,1969,..,VEN
2209,1969,..,VNM
2210,1969,..,VIR
2211,1969,..,PSE
2212,1969,..,YEM
2213,1969,..,ZMB
2214,1969,..,ZWE
2218,1969,,Data from database: World Development Indicators
2219,1969,,Last Updated: 10/07/2025
2220,1970,..,AFG
2221,1970,..,ALB
2222,1970,..,DZA
2223,1970,..,ASM
2224,1970,..,AND
2225,1970,..,AGO
2226,1970,..,ATG
2227,1970,..,ARG
2228,1970,..,ARM
2229,1970,..,ABW
2230,1970,..,AUS
2231,1970,..,AUT
2232,1970,..,AZE
2233,1970,..,BHS
2234,1970,..,BHR
2235,1970,..,BGD
2236,1970,..,BRB
2237,1970,..,BLR
2238,1970,..,BEL
2239,1970,..,BLZ
2240,1970,..,BEN
2241,1970,..,BMU
2242,1970,..,BTN
2243,1970,..,BOL
2244,1970,..,BIH
2245,1970,..,BWA
2246,1970,..,BRA
2247,1970,..,VGB
2248,1970,..,BRN
2249,1970,..,BGR
2250,1970,..,BFA
2251,1970,..,BDI
2252,1970,..,CPV
2253,1970,..,KHM
2254,1970,..,CMR
2255,1970,..,CAN
2256,1970,..,CYM
2257,1970,..,CAF
2258,1970,..,TCD
2259,1970,..,Channel Islands
2260,1970,..,CHL
2261,1970,..,CHN
2262,1970,..,COL
2263,1970,..,COM
2264,1970,..,COD
2265,1970,..,COG
2266,1970,..,CRI
2267,1970,..,CIV
2268,1970,..,HRV
2269,1970,..,CUB
2270,1970,..,CUW
2271,1970,..,CYP
2272,1970,..,CZE
2273,1970,..,DNK
2274,1970,..,DJI
2275,1970,..,DMA
2276,1970,..,DOM
2277,1970,..,ECU
2278,1970,..,EGY
2279,1970,..,SLV
2280,1970,..,GNQ
2281,1970,..,ERI
2282,1970,..,EST
2283,1970,..,SWZ
2284,1970,..,ETH
2285,1970,..,FRO
2286,1970,..,FJI
2287,1970,..,FIN
2288,1970,..,FRA
2289,1970,..,PYF
2290,1970,..,GAB
2291,1970,..,GMB
2292,1970,..,GEO
2293,1970,..,DEU
2294,1970,..,GHA
2295,1970,..,GIB
2296,1970,..,GRC
2297,1970,..,GRL
2298,1970,..,GRD
2299,1970,..,GUM
2300,1970,..,GTM
2301,1970,..,GIN
2302,1970,..,GNB
2303,1970,..,GUY
2304,1970,..,HTI
2305,1970,..,HND
2306,1970,..,HKG
2307,1970,..,HUN
2308,1970,..,ISL
2309,1970,..,IND
2310,1970,..,IDN
2311,1970,..,IRN
2312,1970,..,IRQ
2313,1970,..,IRL
2314,1970,..,IMN
2315,1970,..,ISR
2316,1970,..,ITA
2317,1970,..,JAM
2318,1970,..,JPN
2319,1970,..,JOR
2320,1970,..,KAZ
2321,1970,..,KEN
2322,1970,..,KIR
2323,1970,..,PRK
2324,1970,..,KOR
2325,1970,..,XKX
2326,1970,..,KWT
2327,1970,..,KGZ
2328,1970,..,LAO
2329,1970,..,LVA
2330,1970,..,LBN
2331,1970,..,LSO
2332,1970,..,LBR
2333,1970,..,LBY
2334,1970,..,LIE
2335,1970,..,LTU
2336,1970,..,LUX
2337,1970,..,MAC
2338,1970,..,MDG
2339,1970,..,MWI
2340,1970,..,MYS
2341,1970,..,MDV
2342,1970,..,MLI
2343,1970,..,MLT
2344,1970,..,MHL
2345,1970,..,MRT
2346,1970,..,MUS
2347,1970,..,MEX
2348,1970,..,FSM
2349,1970,..,MDA
2350,1970,..,MCO
2351,1970,..,MNG
2352,1970,..,MNE
2353,1970,..,MAR
2354,1970,..,MOZ
2355,1970,..,MMR
2356,1970,..,NAM
2357,1970,..,NRU
2358,1970,..,NPL
2359,1970,..,NLD
2360,1970,..,NCL
2361,1970,..,NZL
2362,1970,..,NIC
2363,1970,..,NER
2364,1970,..,NGA
2365,1970,..,MKD
2366,1970,..,MNP
2367,1970,..,NOR
2368,1970,..,OMN
2369,1970,..,PAK
2370,1970,..,PLW
2371,1970,..,PAN
2372,1970,..,PNG
2373,1970,..,PRY
2374,1970,..,PER
2375,1970,..,PHL
2376,1970,..,POL
2377,1970,..,PRT
2378,1970,..,PRI
2379,1970,..,QAT
2380,1970,..,ROU
2381,1970,..,RUS
2382,1970,..,RWA
2383,1970,..,WSM
2384,1970,..,SMR
2385,1970,..,STP
2386,1970,..,SAU
2387,1970,..,SEN
2388,1970,..,SRB
2389,1970,..,SYC
2390,1970,..,SLE
2391,1970,..,SGP
2392,1970,..,SXM
2393,1970,..,SVK
2394,1970,..,SVN
2395,1970,..,SLB
2396,1970,..,SOM
2397,1970,..,ZAF
2398,1970,..,SSD
2399,1970,..,ESP
2400,1970,..,LKA
2401,1970,..,KNA
2402,1970,..,LCA
2403,1970,..,MAF
2404,1970,..,VCT
2405,1970,..,SDN
2406,1970,..,SUR
2407,1970,..,SWE
2408,1970,..,CHE
2409,1970,..,SYR
2410,1970,..,TJK
2411,1970,..,TZA
2412,1970,..,THA
2413,1970,..,TLS
2414,1970,..,TGO
2415,1970,..,TON
2416,1970,..,TTO
2417,1970,..,TUN
2418,1970,..,TUR
2419,1970,..,TKM
2420,1970,..,TCA
2421,1970,..,TUV
2422,1970,..,UGA
2423,1970,..,UKR
2424,1970,..,ARE
2425,1970,..,GBR
2426,1970,..,USA
2427,1970,..,URY
2428,1970,..,UZB
2429,1970,..,VUT
2430,1970,..,VEN
2431,1970,..,VNM
2432,1970,..,VIR
2433,1970,..,PSE
2434,1970,..,YEM
2435,1970,..,ZMB
2436,1970,..,ZWE
2440,1970,,Data from database: World Development Indicators
2441,1970,,Last Updated: 10/07/2025
2442,1971,..,AFG
2443,1971,..,ALB
2444,1971,..,DZA
2445,1971,..,ASM
2446,1971,..,AND
2447,1971,..,AGO
2448,1971,..,ATG
2449,1971,..,ARG
2450,1971,..,ARM
2451,1971,..,ABW
2452,1971,..,AUS
2453,1971,..,AUT
2454,1971,..,AZE
2455,1971,..,BHS
2456,1971,..,BHR
2457,1971,..,BGD
2458,1971,..,BRB
2459,1971,..,BLR
2460,1971,..,BEL
2461,1971,..,BLZ
2462,1971,..,BEN
2463,1971,..,BMU
2464,1971,..,BTN
2465,1971,..,BOL
2466,1971,..,BIH
2467,1971,..,BWA
2468,1971,..,BRA
2469,1971,..,VGB
2470,1971,..,BRN
2471,1971,..,BGR
2472,1971,..,BFA
2473,1971,..,BDI
2474,1971,..,CPV
2475,1971,..,KHM
2476,1971,..,CMR
2477,1971,..,CAN
2478,1971,..,CYM
2479,1971,..,CAF
2480,1971,..,TCD
2481,1971,..,Channel Islands
2482,1971,..,CHL
2483,1971,..,CHN
2484,1971,..,COL
2485,1971,..,COM
2486,1971,..,COD
2487,1971,..,COG
2488,1971,..,CRI
2489,1971,..,CIV
2490,1971,..,HRV
2491,1971,..,CUB
2492,1971,..,CUW
2493,1971,..,CYP
2494,1971,..,CZE
2495,1971,..,DNK
2496,1971,..,DJI
2497,1971,..,DMA
2498,1971,..,DOM
2499,1971,..,ECU
2500,1971,..,EGY
2501,1971,..,SLV
2502,1971,..,GNQ
2503,1971,..,ERI
2504,1971,..,EST
2505,1971,..,SWZ
2506,1971,..,ETH
2507,1971,..,FRO
2508,1971,..,FJI
2509,1971,..,FIN
2510,1971,..,FRA
2511,1971,..,PYF
2512,1971,..,GAB
2513,1971,..,GMB
2514,1971,..,GEO
2515,1971,..,DEU
2516,1971,..,GHA
2517,1971,..,GIB
2518,1971,..,GRC
2519,1971,..,GRL
2520,1971,..,GRD
2521,1971,..,GUM
2522,1971,..,GTM
2523,1971,..,GIN
2524,1971,..,GNB
2525,1971,..,GUY
2526,1971,..,HTI
2527,1971,..,HND
2528,1971,..,HKG
2529,1971,..,HUN
2530,1971,..,ISL
2531,1971,..,IND
2532,1971,..,IDN
2533,1971,..,IRN
2534,1971,..,IRQ
2535,1971,..,IRL
2536,1971,..,IMN
2537,1971,..,ISR
2538,1971,..,ITA
2539,1971,..,JAM
2540,1971,..,JPN
2541,1971,..,JOR
2542,1971,..,KAZ
2543,1971,..,KEN
2544,1971,..,KIR
2545,1971,..,PRK
2546,1971,..,KOR
2547,1971,..,XKX
2548,1971,..,KWT
2549,1971,..,KGZ
2550,1971,..,LAO
2551,1971,..,LVA
2552,1971,..,LBN
2553,1971,..,LSO
2554,1971,..,LBR
2555,1971,..,LBY
2556,1971,..,LIE
2557,1971,..,LTU
2558,1971,..,LUX
2559,1971,..,MAC
2560,1971,..,MDG
2561,1971,..,MWI
2562,1971,..,MYS
2563,1971,..,MDV
2564,1971,..,MLI
2565,1971,..,MLT
2566,1971,..,MHL
2567,1971,..,MRT
2568,1971,..,MUS
2569,1971,..,MEX
2570,1971,..,FSM
2571,1971,..,MDA
2572,1971,..,MCO
2573,1971,..,MNG
2574,1971,..,MNE
2575,1971,..,MAR
2576,1971,..,MOZ
2577,1971,..,MMR
2578,1971,..,NAM
2579,1971,..,NRU
2580,1971,..,NPL
2581,1971,..,NLD
2582,1971,..,NCL
2583,1971,..,NZL
2584,1971,..,NIC
2585,1971,..,NER
2586,1971,..,NGA
2587,1971,..,MKD
2588,1971,..,MNP
2589,1971,..,NOR
2590,1971,..,OMN
2591,1971,..,PAK
2592,1971,..,PLW
2593,1971,..,PAN
2594,1971,..,PNG
2595,1971,..,PRY
2596,1971,..,PER
2597,1971,..,PHL
2598,1971,..,POL
2599,1971,..,PRT
2600,1971,..,PRI
2601,1971,..,QAT
2602,1971,..,ROU
2603,1971,..,RUS
2604,1971,..,RWA
2605,1971,..,WSM
2606,1971,..,SMR
2607,1971,..,STP
2608,1971,..,SAU
2609,1971,..,SEN
2610,1971,..,SRB
2611,1971,..,SYC
2612,1971,..,SLE
2613,1971,..,SGP
2614,1971,..,SXM
2615,1971,..,SVK
2616,1971,..,SVN
2617,1971,..,SLB
2618,1971,..,SOM
2619,1971,..,ZAF
2620,1971,..,SSD
2621,1971,..,ESP
2622,1971,..,LKA
2623,1971,..,KNA
2624,1971,..,LCA
2625,1971,..,MAF
2626,1971,..,VCT
2627,1971,..,SDN
2628,1971,..,SUR
2629,1971,..,SWE
2630,1971,..,CHE
2631,1971,..,SYR
2632,1971,..,TJK
2633,1971,..,TZA
2634,1971,..,THA
2635,1971,..,TLS
2636,1971,..,TGO
2637,1971,..,TON
2638,1971,..,TTO
2639,1971,..,TUN
2640,1971,..,TUR
2641,1971,..,TKM
2642,1971,..,TCA
2643,1971,..,TUV
2644,1971,..,UGA
2645,1971,..,UKR
2646,1971,..,ARE
2647,1971,..,GBR
2648,1971,..,USA
2649,1971,..,URY
2650,1971,..,UZB
2651,1971,..,VUT
2652,1971,..,VEN
2653,1971,..,VNM
2654,1971,..,VIR
2655,1971,..,PSE
2656,1971,..,YEM
2657,1971,..,ZMB
2658,1971,..,ZWE
2662,1971,,Data from database: World Development Indicators
2663,1971,,Last Updated: 10/07/2025
2664,1972,..,AFG
2665,1972,..,ALB
2666,1972,..,DZA
2667,1972,..,ASM
2668,1972,..,AND
2669,1972,..,AGO
2670,1972,..,ATG
2671,1972,..,ARG
2672,1972,..,ARM
2673,1972,..,ABW
2674,1972,17.8414294693364,AUS
2675,1972,17.9591290000284,AUT
2676,1972,..,AZE
2677,1972,..,BHS
2678,1972,..,BHR
2679,1972,..,BGD
2680,1972,..,BRB
2681,1972,..,BLR
2682,1972,..,BEL
2683,1972,..,BLZ
2684,1972,..,BEN
2685,1972,..,BMU
2686,1972,..,BTN
2687,1972,..,BOL
2688,1972,..,BIH
2689,1972,..,BWA
2690,1972,..,BRA
2691,1972,..,VGB
2692,1972,..,BRN
2693,1972,..,BGR
2694,1972,..,BFA
2695,1972,..,BDI
2696,1972,..,CPV
2697,1972,..,KHM
2698,1972,..,CMR
2699,1972,..,CAN
2700,1972,..,CYM
2701,1972,..,CAF
2702,1972,..,TCD
2703,1972,..,Channel Islands
2704,1972,15.9224229894982,CHL
2705,1972,..,CHN
2706,1972,..,COL
2707,1972,..,COM
2708,1972,..,COD
2709,1972,..,COG
2710,1972,11.4413690693542,CRI
2711,1972,..,CIV
2712,1972,..,HRV
2713,1972,..,CUB
2714,1972,..,CUW
2715,1972,..,CYP
2716,1972,..,CZE
2717,1972,29.0094807210035,DNK
2718,1972,..,DJI
2719,1972,..,DMA
2720,1972,13.8522692965684,DOM
2721,1972,..,ECU
2722,1972,..,EGY
2723,1972,..,SLV
2724,1972,..,GNQ
2725,1972,..,ERI
2726,1972,..,EST
2727,1972,..,SWZ
2728,1972,..,ETH
2729,1972,..,FRO
2730,1972,..,FJI
2731,1972,21.7635809565054,FIN
2732,1972,18.8487701577415,FRA
2733,1972,..,PYF
2734,1972,..,GAB
2735,1972,..,GMB
2736,1972,..,GEO
2737,1972,10.7447372460267,DEU
2738,1972,..,GHA
2739,1972,..,GIB
2740,1972,13.084667541896,GRC
2741,1972,..,GRL
2742,1972,..,GRD
2743,1972,..,GUM
2744,1972,..,GTM
2745,1972,..,GIN
2746,1972,..,GNB
2747,1972,..,GUY
2748,1972,..,HTI
2749,1972,10.6724788712627,HND
2750,1972,..,HKG
2751,1972,..,HUN
2752,1972,22.8181417045732,ISL
2753,1972,..,IND
2754,1972,12.4452234881683,IDN
2755,1972,8.26551326942823,IRN
2756,1972,..,IRQ
2757,1972,21.8599894203651,IRL
2758,1972,..,IMN
2759,1972,24.3967033069387,ISR
2760,1972,..,ITA
2761,1972,..,JAM
2762,1972,..,JPN
2763,1972,..,JOR
2764,1972,..,KAZ
2765,1972,..,KEN
2766,1972,..,KIR
2767,1972,..,PRK
2768,1972,11.1535487499121,KOR
2769,1972,..,XKX
2770,1972,37.431693989071,KWT
2771,1972,..,KGZ
2772,1972,..,LAO
2773,1972,..,LVA
2774,1972,..,LBN
2775,1972,..,LSO
2776,1972,..,LBR
2777,1972,..,LBY
2778,1972,..,LIE
2779,1972,..,LTU
2780,1972,16.6648840163336,LUX
2781,1972,..,MAC
2782,1972,..,MDG
2783,1972,..,MWI
2784,1972,..,MYS
2785,1972,..,MDV
2786,1972,..,MLI
2787,1972,21.1711890730043,MLT
2788,1972,..,MHL
2789,1972,..,MRT
2790,1972,..,MUS
2791,1972,7.61061946902655,MEX
2792,1972,..,FSM
2793,1972,..,MDA
2794,1972,..,MCO
2795,1972,..,MNG
2796,1972,..,MNE
2797,1972,..,MAR
2798,1972,..,MOZ
2799,1972,..,MMR
2800,1972,..,NAM
2801,1972,..,NRU
2802,1972,..,NPL
2803,1972,..,NLD
2804,1972,..,NCL
2805,1972,24.4664634146341,NZL
2806,1972,..,NIC
2807,1972,..,NER
2808,1972,..,NGA
2809,1972,..,MKD
2810,1972,..,MNP
2811,1972,22.9516797537644,NOR
2812,1972,..,OMN
2813,1972,..,PAK
2814,1972,..,PLW
2815,1972,..,PAN
2816,1972,..,PNG
2817,1972,..,PRY
2818,1972,12.6535900162032,PER
2819,1972,..,PHL
2820,1972,..,POL
2821,1972,..,PRT
2822,1972,..,PRI
2823,1972,..,QAT
2824,1972,..,ROU
2825,1972,..,RUS
2826,1972,..,RWA
2827,1972,..,WSM
2828,1972,..,SMR
2829,1972,..,STP
2830,1972,..,SAU
2831,1972,..,SEN
2832,1972,..,SRB
2833,1972,..,SYC
2834,1972,..,SLE
2835,1972,14.5501848885249,SGP
2836,1972,..,SXM
2837,1972,..,SVK
2838,1972,..,SVN
2839,1972,..,SLB
2840,1972,..,SOM
2841,1972,15.0270614453996,ZAF
2842,1972,..,SSD
2843,1972,8.96520744575022,ESP
2844,1972,..,LKA
2845,1972,..,KNA
2846,1972,..,LCA
2847,1972,..,MAF
2848,1972,..,VCT
2849,1972,..,SDN
2850,1972,..,SUR
2851,1972,19.0589592275641,SWE
2852,1972,6.79436718037962,CHE
2853,1972,..,SYR
2854,1972,..,TJK
2855,1972,..,TZA
2856,1972,11.0411523477572,THA
2857,1972,..,TLS
2858,1972,..,TGO
2859,1972,..,TON
2860,1972,..,TTO
2861,1972,17.7892271662763,TUN
2862,1972,13.420961604981,TUR
2863,1972,..,TKM
2864,1972,..,TCA
2865,1972,..,TUV
2866,1972,..,UGA
2867,1972,..,UKR
2868,1972,..,ARE
2869,1972,23.0184853204808,GBR
2870,1972,11.819937300154,USA
2871,1972,13.6809499225607,URY
2872,1972,..,UZB
2873,1972,..,VUT
2874,1972,..,VEN
2875,1972,..,VNM
2876,1972,..,VIR
2877,1972,..,PSE
2878,1972,..,YEM
2879,1972,..,ZMB
2880,1972,..,ZWE
2884,1972,,Data from database: World Development Indicators
2885,1972,,Last Updated: 10/07/2025
2886,1973,..,AFG
2887,1973,..,ALB
2888,1973,..,DZA
2889,1973,..,ASM
2890,1973,..,AND
2891,1973,..,AGO
2892,1973,..,ATG
2893,1973,..,ARG
2894,1973,..,ARM
2895,1973,..,ABW
2896,1973,17.0185861667536,AUS
2897,1973,18.2685059577451,AUT
2898,1973,..,AZE
2899,1973,..,BHS
2900,1973,..,BHR
2901,1973,..,BGD
2902,1973,..,BRB
2903,1973,..,BLR
2904,1973,..,BEL
2905,1973,..,BLZ
2906,1973,..,BEN
2907,1973,..,BMU
2908,1973,..,BTN
2909,1973,..,BOL
2910,1973,..,BIH
2911,1973,..,BWA
2912,1973,..,BRA
2913,1973,..,VGB
2914,1973,..,BRN
2915,1973,..,BGR
2916,1973,..,BFA
2917,1973,..,BDI
2918,1973,..,CPV
2919,1973,..,KHM
2920,1973,..,CMR
2921,1973,..,CAN
2922,1973,..,CYM
2923,1973,..,CAF
2924,1973,..,TCD
2925,1973,..,Channel Islands
2926,1973,17.0051881634313,CHL
2927,1973,..,CHN
2928,1973,..,COL
2929,1973,..,COM
2930,1973,..,COD
2931,1973,..,COG
2932,1973,12.4970478184578,CRI
2933,1973,..,CIV
2934,1973,..,HRV
2935,1973,..,CUB
2936,1973,..,CUW
2937,1973,..,CYP
2938,1973,..,CZE
2939,1973,28.9334901464964,DNK
2940,1973,..,DJI
2941,1973,..,DMA
2942,1973,13.4382463323098,DOM
2943,1973,..,ECU
2944,1973,..,EGY
2945,1973,..,SLV
2946,1973,..,GNQ
2947,1973,..,ERI
2948,1973,..,EST
2949,1973,..,SWZ
2950,1973,..,ETH
2951,1973,..,FRO
2952,1973,..,FJI
2953,1973,22.0017598266341,FIN
2954,1973,17.9861410611766,FRA
2955,1973,..,PYF
2956,1973,..,GAB
2957,1973,..,GMB
2958,1973,..,GEO
2959,1973,10.8795347401674,DEU
2960,1973,..,GHA
2961,1973,..,GIB
2962,1973,12.6597206904643,GRC
2963,1973,..,GRL
2964,1973,..,GRD
2965,1973,..,GUM
2966,1973,..,GTM
2967,1973,..,GIN
2968,1973,..,GNB
2969,1973,..,GUY
2970,1973,..,HTI
2971,1973,10.827397853556,HND
2972,1973,..,HKG
2973,1973,..,HUN
2974,1973,22.8736844027421,ISL
2975,1973,..,IND
2976,1973,13.8152634228685,IDN
2977,1973,7.54781091069934,IRN
2978,1973,..,IRQ
2979,1973,22.1692960061957,IRL
2980,1973,..,IMN
2981,1973,23.1042456881669,ISR
2982,1973,12.5217463831364,ITA
2983,1973,..,JAM
2984,1973,..,JPN
2985,1973,..,JOR
2986,1973,..,KAZ
2987,1973,..,KEN
2988,1973,..,KIR
2989,1973,..,PRK
2990,1973,10.4752772601451,KOR
2991,1973,..,XKX
2992,1973,37.2171311015523,KWT
2993,1973,..,KGZ
2994,1973,..,LAO
2995,1973,..,LVA
2996,1973,..,LBN
2997,1973,..,LSO
2998,1973,..,LBR
2999,1973,..,LBY
3000,1973,..,LIE
3001,1973,..,LTU
3002,1973,17.1956175543491,LUX
3003,1973,..,MAC
3004,1973,..,MDG
3005,1973,..,MWI
3006,1973,..,MYS
3007,1973,..,MDV
3008,1973,..,MLI
3009,1973,22.0143962946863,MLT
3010,1973,..,MHL
3011,1973,..,MRT
3012,1973,14.2257807791147,MUS
3013,1973,7.09117221418234,MEX
3014,1973,..,FSM
3015,1973,..,MDA
3016,1973,..,MCO
3017,1973,..,MNG
3018,1973,..,MNE
3019,1973,..,MAR
3020,1973,..,MOZ
3021,1973,9.42479753366172,MMR
3022,1973,..,NAM
3023,1973,..,NRU
3024,1973,..,NPL
3025,1973,22.4276186738389,NLD
3026,1973,..,NCL
3027,1973,26.0515161395501,NZL
3028,1973,..,NIC
3029,1973,..,NER
3030,1973,..,NGA
3031,1973,..,MKD
3032,1973,..,MNP
3033,1973,20.6899205713934,NOR
3034,1973,..,OMN
3035,1973,..,PAK
3036,1973,..,PLW
3037,1973,..,PAN
3038,1973,..,PNG
3039,1973,..,PRY
3040,1973,10.8112534413125,PER
3041,1973,..,PHL
3042,1973,..,POL
3043,1973,11.4863384793651,PRT
3044,1973,..,PRI
3045,1973,..,QAT
3046,1973,..,ROU
3047,1973,..,RUS
3048,1973,8.63114789471918,RWA
3049,1973,..,WSM
3050,1973,..,SMR
3051,1973,..,STP
3052,1973,..,SAU
3053,1973,..,SEN
3054,1973,..,SRB
3055,1973,..,SYC
3056,1973,..,SLE
3057,1973,14.7851013890492,SGP
3058,1973,..,SXM
3059,1973,..,SVK
3060,1973,..,SVN
3061,1973,..,SLB
3062,1973,..,SOM
3063,1973,15.6695403543733,ZAF
3064,1973,..,SSD
3065,1973,9.3275176773888,ESP
3066,1973,..,LKA
3067,1973,..,KNA
3068,1973,..,LCA
3069,1973,..,MAF
3070,1973,..,VCT
3071,1973,..,SDN
3072,1973,..,SUR
3073,1973,17.6132616195021,SWE
3074,1973,6.46873345591447,CHE
3075,1973,..,SYR
3076,1973,..,TJK
3077,1973,..,TZA
3078,1973,10.1733454910943,THA
3079,1973,..,TLS
3080,1973,..,TGO
3081,1973,..,TON
3082,1973,..,TTO
3083,1973,18.9524884912707,TUN
3084,1973,14.3131868131868,TUR
3085,1973,..,TKM
3086,1973,..,TCA
3087,1973,..,TUV
3088,1973,..,UGA
3089,1973,..,UKR
3090,1973,..,ARE
3091,1973,21.0715830724992,GBR
3092,1973,11.4952124913005,USA
3093,1973,10.4473219540906,URY
3094,1973,..,UZB
3095,1973,..,VUT
3096,1973,..,VEN
3097,1973,..,VNM
3098,1973,..,VIR
3099,1973,..,PSE
3100,1973,..,YEM
3101,1973,..,ZMB
3102,1973,..,ZWE
3106,1973,,Data from database: World Development Indicators
3107,1973,,Last Updated: 10/07/2025
3108,1974,..,AFG
3109,1974,..,ALB
3110,1974,..,DZA
3111,1974,..,ASM
3112,1974,..,AND
3113,1974,..,AGO
3114,1974,..,ATG
3115,1974,..,ARG
3116,1974,..,ARM
3117,1974,..,ABW
3118,1974,18.0574192800225,AUS
3119,1974,18.4696840464656,AUT
3120,1974,..,AZE
3121,1974,..,BHS
3122,1974,..,BHR
3123,1974,..,BGD
3124,1974,..,BRB
3125,1974,..,BLR
3126,1974,..,BEL
3127,1974,..,BLZ
3128,1974,..,BEN
3129,1974,..,BMU
3130,1974,..,BTN
3131,1974,..,BOL
3132,1974,..,BIH
3133,1974,..,BWA
3134,1974,..,BRA
3135,1974,..,VGB
3136,1974,..,BRN
3137,1974,..,BGR
3138,1974,..,BFA
3139,1974,..,BDI
3140,1974,..,CPV
3141,1974,..,KHM
3142,1974,..,CMR
3143,1974,..,CAN
3144,1974,..,CYM
3145,1974,..,CAF
3146,1974,..,TCD
3147,1974,..,Channel Islands
3148,1974,15.9688988775224,CHL
3149,1974,..,CHN
3150,1974,..,COL
3151,1974,..,COM
3152,1974,..,COD
3153,1974,..,COG
3154,1974,13.6201639990327,CRI
3155,1974,..,CIV
3156,1974,..,HRV
3157,1974,..,CUB
3158,1974,..,CUW
3159,1974,..,CYP
3160,1974,..,CZE
3161,1974,29.1380271543528,DNK
3162,1974,..,DJI
3163,1974,..,DMA
3164,1974,14.4204805687528,DOM
3165,1974,..,ECU
3166,1974,..,EGY
3167,1974,..,SLV
3168,1974,..,GNQ
3169,1974,..,ERI
3170,1974,..,EST
3171,1974,..,SWZ
3172,1974,..,ETH
3173,1974,..,FRO
3174,1974,..,FJI
3175,1974,21.346377560581,FIN
3176,1974,19.0368005240054,FRA
3177,1974,..,PYF
3178,1974,..,GAB
3179,1974,..,GMB
3180,1974,..,GEO
3181,1974,10.4369869044173,DEU
3182,1974,..,GHA
3183,1974,..,GIB
3184,1974,12.8146380636764,GRC
3185,1974,..,GRL
3186,1974,..,GRD
3187,1974,..,GUM
3188,1974,..,GTM
3189,1974,..,GIN
3190,1974,..,GNB
3191,1974,..,GUY
3192,1974,..,HTI
3193,1974,11.1213146447559,HND
3194,1974,..,HKG
3195,1974,..,HUN
3196,1974,23.7712728129934,ISL
3197,1974,8.18112088549798,IND
3198,1974,15.9693686963018,IDN
3199,1974,5.41779096390687,IRN
3200,1974,..,IRQ
3201,1974,21.9972647794861,IRL
3202,1974,..,IMN
3203,1974,29.1161380434793,ISR
3204,1974,13.4671317145917,ITA
3205,1974,..,JAM
3206,1974,..,JPN
3207,1974,..,JOR
3208,1974,..,KAZ
3209,1974,..,KEN
3210,1974,..,KIR
3211,1974,..,PRK
3212,1974,11.5749525616698,KOR
3213,1974,..,XKX
3214,1974,32.677682472533,KWT
3215,1974,..,KGZ
3216,1974,..,LAO
3217,1974,..,LVA
3218,1974,..,LBN
3219,1974,..,LSO
3220,1974,..,LBR
3221,1974,..,LBY
3222,1974,..,LIE
3223,1974,..,LTU
3224,1974,17.6591034149909,LUX
3225,1974,..,MAC
3226,1974,..,MDG
3227,1974,..,MWI
3228,1974,..,MYS
3229,1974,..,MDV
3230,1974,..,MLI
3231,1974,20.6659996999455,MLT
3232,1974,..,MHL
3233,1974,..,MRT
3234,1974,11.5117151543568,MUS
3235,1974,8,MEX
3236,1974,..,FSM
3237,1974,..,MDA
3238,1974,..,MCO
3239,1974,..,MNG
3240,1974,..,MNE
3241,1974,..,MAR
3242,1974,..,MOZ
3243,1974,7.612796448263,MMR
3244,1974,..,NAM
3245,1974,..,NRU
3246,1974,..,NPL
3247,1974,21.1850923390379,NLD
3248,1974,..,NCL
3249,1974,28.3580613254204,NZL
3250,1974,..,NIC
3251,1974,..,NER
3252,1974,..,NGA
3253,1974,..,MKD
3254,1974,..,MNP
3255,1974,20.4622985922237,NOR
3256,1974,..,OMN
3257,1974,..,PAK
3258,1974,..,PLW
3259,1974,..,PAN
3260,1974,..,PNG
3261,1974,..,PRY
3262,1974,11.0008606335556,PER
3263,1974,..,PHL
3264,1974,..,POL
3265,1974,11.779689116903,PRT
3266,1974,..,PRI
3267,1974,..,QAT
3268,1974,..,ROU
3269,1974,..,RUS
3270,1974,10.1813104856358,RWA
3271,1974,..,WSM
3272,1974,..,SMR
3273,1974,..,STP
3274,1974,..,SAU
3275,1974,..,SEN
3276,1974,..,SRB
3277,1974,..,SYC
3278,1974,..,SLE
3279,1974,15.0646071356204,SGP
3280,1974,..,SXM
3281,1974,..,SVK
3282,1974,..,SVN
3283,1974,..,SLB
3284,1974,..,SOM
3285,1974,15.5068804892792,ZAF
3286,1974,..,SSD
3287,1974,8.58695519290787,ESP
3288,1974,..,LKA
3289,1974,..,KNA
3290,1974,..,LCA
3291,1974,..,MAF
3292,1974,..,VCT
3293,1974,..,SDN
3294,1974,..,SUR
3295,1974,17.0962014085753,SWE
3296,1974,6.6238750271988,CHE
3297,1974,..,SYR
3298,1974,..,TJK
3299,1974,..,TZA
3300,1974,12.5838106133193,THA
3301,1974,..,TLS
3302,1974,..,TGO
3303,1974,..,TON
3304,1974,..,TTO
3305,1974,17.8640651246931,TUN
3306,1974,13.1706333198871,TUR
3307,1974,..,TKM
3308,1974,..,TCA
3309,1974,..,TUV
3310,1974,..,UGA
3311,1974,..,UKR
3312,1974,..,ARE
3313,1974,23.7460735062314,GBR
3314,1974,11.8376203613283,USA
3315,1974,12.7103552666726,URY
3316,1974,..,UZB
3317,1974,..,VUT
3318,1974,..,VEN
3319,1974,..,VNM
3320,1974,..,VIR
3321,1974,..,PSE
3322,1974,..,YEM
3323,1974,..,ZMB
3324,1974,..,ZWE
3328,1974,,Data from database: World Development Indicators
3329,1974,,Last Updated: 10/07/2025
3330,1975,..,AFG
3331,1975,..,ALB
3332,1975,..,DZA
3333,1975,..,ASM
3334,1975,..,AND
3335,1975,..,AGO
3336,1975,..,ATG
3337,1975,..,ARG
3338,1975,..,ARM
3339,1975,..,ABW
3340,1975,19.8748175592231,AUS
3341,1975,18.0817489742431,AUT
3342,1975,..,AZE
3343,1975,..,BHS
3344,1975,..,BHR
3345,1975,..,BGD
3346,1975,..,BRB
3347,1975,..,BLR
3348,1975,..,BEL
3349,1975,..,BLZ
3350,1975,..,BEN
3351,1975,..,BMU
3352,1975,..,BTN
3353,1975,..,BOL
3354,1975,..,BIH
3355,1975,..,BWA
3356,1975,..,BRA
3357,1975,..,VGB
3358,1975,..,BRN
3359,1975,..,BGR
3360,1975,..,BFA
3361,1975,..,BDI
3362,1975,..,CPV
3363,1975,..,KHM
3364,1975,..,CMR
3365,1975,..,CAN
3366,1975,..,CYM
3367,1975,..,CAF
3368,1975,..,TCD
3369,1975,..,Channel Islands
3370,1975,20.0985522076665,CHL
3371,1975,..,CHN
3372,1975,..,COL
3373,1975,..,COM
3374,1975,..,COD
3375,1975,..,COG
3376,1975,12.4370708760522,CRI
3377,1975,..,CIV
3378,1975,..,HRV
3379,1975,..,CUB
3380,1975,..,CUW
3381,1975,13.3891041568466,CYP
3382,1975,..,CZE
3383,1975,26.7550208677107,DNK
3384,1975,..,DJI
3385,1975,..,DMA
3386,1975,16.0813514114248,DOM
3387,1975,..,ECU
3388,1975,20.5216145931482,EGY
3389,1975,..,SLV
3390,1975,..,GNQ
3391,1975,..,ERI
3392,1975,..,EST
3393,1975,..,SWZ
3394,1975,..,ETH
3395,1975,..,FRO
3396,1975,..,FJI
3397,1975,22.1574909021636,FIN
3398,1975,17.9230619949189,FRA
3399,1975,..,PYF
3400,1975,..,GAB
3401,1975,..,GMB
3402,1975,..,GEO
3403,1975,10.0082100578304,DEU
3404,1975,..,GHA
3405,1975,..,GIB
3406,1975,12.8821094708042,GRC
3407,1975,..,GRL
3408,1975,..,GRD
3409,1975,..,GUM
3410,1975,..,GTM
3411,1975,..,GIN
3412,1975,..,GNB
3413,1975,..,GUY
3414,1975,..,HTI
3415,1975,11.085409252669,HND
3416,1975,..,HKG
3417,1975,..,HUN
3418,1975,22.8823321850546,ISL
3419,1975,9.02450290812779,IND
3420,1975,16.5552699228792,IDN
3421,1975,8.19407845339376,IRN
3422,1975,..,IRQ
3423,1975,21.2956185658417,IRL
3424,1975,..,IMN
3425,1975,28.9105062580199,ISR
3426,1975,12.6845882359329,ITA
3427,1975,..,JAM
3428,1975,..,JPN
3429,1975,..,JOR
3430,1975,..,KAZ
3431,1975,..,KEN
3432,1975,..,KIR
3433,1975,..,PRK
3434,1975,13.2118062141963,KOR
3435,1975,..,XKX
3436,1975,..,KWT
3437,1975,..,KGZ
3438,1975,..,LAO
3439,1975,..,LVA
3440,1975,..,LBN
3441,1975,..,LSO
3442,1975,..,LBR
3443,1975,..,LBY
3444,1975,..,LIE
3445,1975,..,LTU
3446,1975,20.6651716622617,LUX
3447,1975,..,MAC
3448,1975,..,MDG
3449,1975,..,MWI
3450,1975,..,MYS
3451,1975,..,MDV
3452,1975,..,MLI
3453,1975,18.874721892246,MLT
3454,1975,..,MHL
3455,1975,..,MRT
3456,1975,16.2645284795091,MUS
3457,1975,9.18181818181818,MEX
3458,1975,..,FSM
3459,1975,..,MDA
3460,1975,..,MCO
3461,1975,..,MNG
3462,1975,..,MNE
3463,1975,..,MAR
3464,1975,..,MOZ
3465,1975,7.92264763025389,MMR
3466,1975,..,NAM
3467,1975,..,NRU
3468,1975,..,NPL
3469,1975,22.3038880763896,NLD
3470,1975,..,NCL
3471,1975,27.9768177028451,NZL
3472,1975,..,NIC
3473,1975,..,NER
3474,1975,..,NGA
3475,1975,..,MKD
3476,1975,..,MNP
3477,1975,20.3859201973826,NOR
3478,1975,..,OMN
3479,1975,..,PAK
3480,1975,..,PLW
3481,1975,..,PAN
3482,1975,..,PNG
3483,1975,..,PRY
3484,1975,11.5577315476657,PER
3485,1975,..,PHL
3486,1975,..,POL
3487,1975,12.3141501736832,PRT
3488,1975,..,PRI
3489,1975,..,QAT
3490,1975,..,ROU
3491,1975,..,RUS
3492,1975,7.52131880293373,RWA
3493,1975,..,WSM
3494,1975,..,SMR
3495,1975,..,STP
3496,1975,..,SAU
3497,1975,..,SEN
3498,1975,..,SRB
3499,1975,..,SYC
3500,1975,..,SLE
3501,1975,16.5711247241181,SGP
3502,1975,..,SXM
3503,1975,..,SVK
3504,1975,..,SVN
3505,1975,..,SLB
3506,1975,..,SOM
3507,1975,16.2874251497006,ZAF
3508,1975,..,SSD
3509,1975,8.7684123481647,ESP
3510,1975,..,LKA
3511,1975,..,KNA
3512,1975,..,LCA
3513,1975,..,MAF
3514,1975,..,VCT
3515,1975,..,SDN
3516,1975,..,SUR
3517,1975,16.5046011056733,SWE
3518,1975,6.69634943681695,CHE
3519,1975,..,SYR
3520,1975,..,TJK
3521,1975,..,TZA
3522,1975,11.1938679968034,THA
3523,1975,..,TLS
3524,1975,..,TGO
3525,1975,..,TON
3526,1975,..,TTO
3527,1975,20.2251062363615,TUN
3528,1975,14.7223084083152,TUR
3529,1975,..,TKM
3530,1975,..,TCA
3531,1975,..,TUV
3532,1975,..,UGA
3533,1975,..,UKR
3534,1975,..,ARE
3535,1975,24.2656075553197,GBR
3536,1975,11.1858004966455,USA
3537,1975,12.2361269118948,URY
3538,1975,..,UZB
3539,1975,..,VUT
3540,1975,..,VEN
3541,1975,..,VNM
3542,1975,..,VIR
3543,1975,..,PSE
3544,1975,..,YEM
3545,1975,..,ZMB
3546,1975,..,ZWE
3550,1975,,Data from database: World Development Indicators
3551,1975,,Last Updated: 10/07/2025
3552,1976,..,AFG
3553,1976,..,ALB
3554,1976,..,DZA
3555,1976,..,ASM
3556,1976,..,AND
3557,1976,..,AGO
3558,1976,..,ATG
3559,1976,..,ARG
3560,1976,..,ARM
3561,1976,..,ABW
3562,1976,20.3001835654897,AUS
3563,1976,17.9325719284559,AUT
3564,1976,..,AZE
3565,1976,..,BHS
3566,1976,..,BHR
3567,1976,..,BGD
3568,1976,..,BRB
3569,1976,..,BLR
3570,1976,..,BEL
3571,1976,..,BLZ
3572,1976,13.0574947445606,BEN
3573,1976,..,BMU
3574,1976,..,BTN
3575,1976,..,BOL
3576,1976,..,BIH
3577,1976,..,BWA
3578,1976,..,BRA
3579,1976,..,VGB
3580,1976,..,BRN
3581,1976,..,BGR
3582,1976,..,BFA
3583,1976,..,BDI
3584,1976,..,CPV
3585,1976,..,KHM
3586,1976,..,CMR
3587,1976,..,CAN
3588,1976,..,CYM
3589,1976,..,CAF
3590,1976,..,TCD
3591,1976,..,Channel Islands
3592,1976,18.0745799385956,CHL
3593,1976,..,CHN
3594,1976,..,COL
3595,1976,..,COM
3596,1976,..,COD
3597,1976,..,COG
3598,1976,12.1882799048153,CRI
3599,1976,..,CIV
3600,1976,..,HRV
3601,1976,..,CUB
3602,1976,..,CUW
3603,1976,12.1203957799436,CYP
3604,1976,..,CZE
3605,1976,26.5288296049769,DNK
3606,1976,..,DJI
3607,1976,..,DMA
3608,1976,13.2633177274453,DOM
3609,1976,..,ECU
3610,1976,17.3313844226352,EGY
3611,1976,..,SLV
3612,1976,..,GNQ
3613,1976,..,ERI
3614,1976,..,EST
3615,1976,..,SWZ
3616,1976,..,ETH
3617,1976,..,FRO
3618,1976,..,FJI
3619,1976,24.6998680457492,FIN
3620,1976,19.0358476768203,FRA
3621,1976,..,PYF
3622,1976,..,GAB
3623,1976,..,GMB
3624,1976,..,GEO
3625,1976,10.133208586243,DEU
3626,1976,..,GHA
3627,1976,..,GIB
3628,1976,14.2986221674795,GRC
3629,1976,..,GRL
3630,1976,..,GRD
3631,1976,..,GUM
3632,1976,..,GTM
3633,1976,..,GIN
3634,1976,..,GNB
3635,1976,..,GUY
3636,1976,..,HTI
3637,1976,11.6617215008057,HND
3638,1976,..,HKG
3639,1976,..,HUN
3640,1976,21.7702454898503,ISL
3641,1976,9.18183799053208,IND
3642,1976,17.8900476507594,IDN
3643,1976,7.56205850414773,IRN
3644,1976,..,IRQ
3645,1976,23.6649435338006,IRL
3646,1976,..,IMN
3647,1976,32.1188752097416,ISR
3648,1976,14.0410227581286,ITA
3649,1976,..,JAM
3650,1976,..,JPN
3651,1976,..,JOR
3652,1976,..,KAZ
3653,1976,..,KEN
3654,1976,..,KIR
3655,1976,..,PRK
3656,1976,14.4616107456746,KOR
3657,1976,..,XKX
3658,1976,..,KWT
3659,1976,..,KGZ
3660,1976,..,LAO
3661,1976,..,LVA
3662,1976,..,LBN
3663,1976,..,LSO
3664,1976,..,LBR
3665,1976,..,LBY
3666,1976,..,LIE
3667,1976,..,LTU
3668,1976,20.3338890647363,LUX
3669,1976,..,MAC
3670,1976,..,MDG
3671,1976,..,MWI
3672,1976,..,MYS
3673,1976,..,MDV
3674,1976,..,MLI
3675,1976,17.7326365800818,MLT
3676,1976,..,MHL
3677,1976,..,MRT
3678,1976,19.8538586225002,MUS
3679,1976,9.04449307075128,MEX
3680,1976,..,FSM
3681,1976,..,MDA
3682,1976,..,MCO
3683,1976,..,MNG
3684,1976,..,MNE
3685,1976,..,MAR
3686,1976,..,MOZ
3687,1976,8.80519186781064,MMR
3688,1976,..,NAM
3689,1976,..,NRU
3690,1976,..,NPL
3691,1976,22.2715663063658,NLD
3692,1976,..,NCL
3693,1976,27.5565740475508,NZL
3694,1976,..,NIC
3695,1976,9.42103314061603,NER
3696,1976,..,NGA
3697,1976,..,MKD
3698,1976,..,MNP
3699,1976,21.531825065394,NOR
3700,1976,..,OMN
3701,1976,..,PAK
3702,1976,..,PLW
3703,1976,..,PAN
3704,1976,..,PNG
3705,1976,..,PRY
3706,1976,11.2290743405043,PER
3707,1976,..,PHL
3708,1976,..,POL
3709,1976,13.8437889356835,PRT
3710,1976,..,PRI
3711,1976,..,QAT
3712,1976,..,ROU
3713,1976,..,RUS
3714,1976,9.90625535512987,RWA
3715,1976,..,WSM
3716,1976,..,SMR
3717,1976,..,STP
3718,1976,..,SAU
3719,1976,..,SEN
3720,1976,..,SRB
3721,1976,..,SYC
3722,1976,..,SLE
3723,1976,15.9963741551915,SGP
3724,1976,..,SXM
3725,1976,..,SVK
3726,1976,..,SVN
3727,1976,..,SLB
3728,1976,..,SOM
3729,1976,16.2116088645446,ZAF
3730,1976,..,SSD
3731,1976,9.02823843313477,ESP
3732,1976,..,LKA
3733,1976,..,KNA
3734,1976,..,LCA
3735,1976,..,MAF
3736,1976,..,VCT
3737,1976,..,SDN
3738,1976,..,SUR
3739,1976,19.3932279861527,SWE
3740,1976,7.685615007616,CHE
3741,1976,..,SYR
3742,1976,..,TJK
3743,1976,..,TZA
3744,1976,10.7838382002175,THA
3745,1976,..,TLS
3746,1976,..,TGO
3747,1976,..,TON
3748,1976,29.5887032330892,TTO
3749,1976,19.9482669425763,TUN
3750,1976,16.2657920310982,TUR
3751,1976,..,TKM
3752,1976,..,TCA
3753,1976,..,TUV
3754,1976,..,UGA
3755,1976,..,UKR
3756,1976,..,ARE
3757,1976,23.8006952491309,GBR
3758,1976,10.7488368815829,USA
3759,1976,15.5233345443736,URY
3760,1976,..,UZB
3761,1976,..,VUT
3762,1976,..,VEN
3763,1976,..,VNM
3764,1976,..,VIR
3765,1976,..,PSE
3766,1976,..,YEM
3767,1976,..,ZMB
3768,1976,..,ZWE
3772,1976,,Data from database: World Development Indicators
3773,1976,,Last Updated: 10/07/2025
3774,1977,..,AFG
3775,1977,..,ALB
3776,1977,..,DZA
3777,1977,..,ASM
3778,1977,..,AND
3779,1977,..,AGO
3780,1977,..,ATG
3781,1977,..,ARG
3782,1977,..,ARM
3783,1977,..,ABW
3784,1977,20.5342757652929,AUS
3785,1977,18.0700711099904,AUT
3786,1977,..,AZE
3787,1977,..,BHS
3788,1977,..,BHR
3789,1977,..,BGD
3790,1977,..,BRB
3791,1977,..,BLR
3792,1977,..,BEL
3793,1977,..,BLZ
3794,1977,12.9726711934565,BEN
3795,1977,..,BMU
3796,1977,..,BTN
3797,1977,..,BOL
3798,1977,..,BIH
3799,1977,..,BWA
3800,1977,..,BRA
3801,1977,..,VGB
3802,1977,..,BRN
3803,1977,..,BGR
3804,1977,..,BFA
3805,1977,..,BDI
3806,1977,..,CPV
3807,1977,..,KHM
3808,1977,..,CMR
3809,1977,..,CAN
3810,1977,..,CYM
3811,1977,..,CAF
3812,1977,..,TCD
3813,1977,..,Channel Islands
3814,1977,18.3521918042929,CHL
3815,1977,..,CHN
3816,1977,..,COL
3817,1977,..,COM
3818,1977,..,COD
3819,1977,..,COG
3820,1977,12.3050282048147,CRI
3821,1977,..,CIV
3822,1977,..,HRV
3823,1977,..,CUB
3824,1977,..,CUW
3825,1977,13.2309141254979,CYP
3826,1977,..,CZE
3827,1977,27.1102705101025,DNK
3828,1977,..,DJI
3829,1977,..,DMA
3830,1977,12.5373329554621,DOM
3831,1977,..,ECU
3832,1977,25.5179722042899,EGY
3833,1977,..,SLV
3834,1977,..,GNQ
3835,1977,..,ERI
3836,1977,..,EST
3837,1977,..,SWZ
3838,1977,..,ETH
3839,1977,..,FRO
3840,1977,..,FJI
3841,1977,24.2183463714478,FIN
3842,1977,18.3996877814681,FRA
3843,1977,..,PYF
3844,1977,..,GAB
3845,1977,..,GMB
3846,1977,..,GEO
3847,1977,10.4525700227949,DEU
3848,1977,..,GHA
3849,1977,..,GIB
3850,1977,14.1618784901922,GRC
3851,1977,..,GRL
3852,1977,..,GRD
3853,1977,..,GUM
3854,1977,..,GTM
3855,1977,..,GIN
3856,1977,..,GNB
3857,1977,..,GUY
3858,1977,..,HTI
3859,1977,13.093741033056,HND
3860,1977,..,HKG
3861,1977,..,HUN
3862,1977,20.7487963512355,ISL
3863,1977,8.59709420636431,IND
3864,1977,17.7215988890467,IDN
3865,1977,8.21632300829319,IRN
3866,1977,..,IRQ
3867,1977,22.5330295914282,IRL
3868,1977,..,IMN
3869,1977,33.4116335801615,ISR
3870,1977,14.8751564599166,ITA
3871,1977,..,JAM
3872,1977,..,JPN
3873,1977,..,JOR
3874,1977,..,KAZ
3875,1977,..,KEN
3876,1977,..,KIR
3877,1977,..,PRK
3878,1977,14.1336299783428,KOR
3879,1977,..,XKX
3880,1977,4.61580222111909,KWT
3881,1977,..,KGZ
3882,1977,..,LAO
3883,1977,..,LVA
3884,1977,..,LBN
3885,1977,..,LSO
3886,1977,..,LBR
3887,1977,..,LBY
3888,1977,..,LIE
3889,1977,..,LTU
3890,1977,22.8167549575026,LUX
3891,1977,..,MAC
3892,1977,..,MDG
3893,1977,..,MWI
3894,1977,..,MYS
3895,1977,..,MDV
3896,1977,..,MLI
3897,1977,18.3548309199279,MLT
3898,1977,..,MHL
3899,1977,..,MRT
3900,1977,19.4532571440434,MUS
3901,1977,9.95132504056247,MEX
3902,1977,..,FSM
3903,1977,..,MDA
3904,1977,..,MCO
3905,1977,..,MNG
3906,1977,..,MNE
3907,1977,..,MAR
3908,1977,..,MOZ
3909,1977,10.4564792033779,MMR
3910,1977,..,NAM
3911,1977,..,NRU
3912,1977,..,NPL
3913,1977,23.360548909343,NLD
3914,1977,..,NCL
3915,1977,29.6042958511794,NZL
3916,1977,..,NIC
3917,1977,9.15454538429602,NER
3918,1977,..,NGA
3919,1977,..,MKD
3920,1977,..,MNP
3921,1977,22.0805727526158,NOR
3922,1977,..,OMN
3923,1977,..,PAK
3924,1977,..,PLW
3925,1977,..,PAN
3926,1977,..,PNG
3927,1977,..,PRY
3928,1977,11.6716743004451,PER
3929,1977,..,PHL
3930,1977,..,POL
3931,1977,14.112765323655,PRT
3932,1977,..,PRI
3933,1977,..,QAT
3934,1977,..,ROU
3935,1977,..,RUS
3936,1977,10.901857372713,RWA
3937,1977,..,WSM
3938,1977,..,SMR
3939,1977,..,STP
3940,1977,..,SAU
3941,1977,..,SEN
3942,1977,..,SRB
3943,1977,..,SYC
3944,1977,..,SLE
3945,1977,16.7245554386909,SGP
3946,1977,..,SXM
3947,1977,..,SVK
3948,1977,..,SVN
3949,1977,..,SLB
3950,1977,..,SOM
3951,1977,17.1174142480211,ZAF
3952,1977,..,SSD
3953,1977,8.90677067872316,ESP
3954,1977,..,LKA
3955,1977,..,KNA
3956,1977,..,LCA
3957,1977,..,MAF
3958,1977,..,VCT
3959,1977,..,SDN
3960,1977,..,SUR
3961,1977,19.9994242625824,SWE
3962,1977,7.38017137221,CHE
3963,1977,..,SYR
3964,1977,..,TJK
3965,1977,..,TZA
3966,1977,11.6089217201833,THA
3967,1977,..,TLS
3968,1977,..,TGO
3969,1977,..,TON
3970,1977,32.6213360237893,TTO
3971,1977,21.2692184862448,TUN
3972,1977,16.6619331629272,TUR
3973,1977,..,TKM
3974,1977,..,TCA
3975,1977,..,TUV
3976,1977,..,UGA
3977,1977,..,UKR
3978,1977,..,ARE
3979,1977,23.3257744536389,GBR
3980,1977,11.6186463229876,USA
3981,1977,15.8476947618923,URY
3982,1977,..,UZB
3983,1977,..,VUT
3984,1977,..,VEN
3985,1977,..,VNM
3986,1977,..,VIR
3987,1977,..,PSE
3988,1977,..,YEM
3989,1977,..,ZMB
3990,1977,..,ZWE
3994,1977,,Data from database: World Development Indicators
3995,1977,,Last Updated: 10/07/2025
3996,1978,..,AFG
3997,1978,..,ALB
3998,1978,..,DZA
3999,1978,..,ASM
4000,1978,..,AND
4001,1978,..,AGO
4002,1978,..,ATG
4003,1978,..,ARG
4004,1978,..,ARM
4005,1978,..,ABW
4006,1978,20.4056768101733,AUS
4007,1978,18.8513880825742,AUT
4008,1978,..,AZE
4009,1978,..,BHS
4010,1978,..,BHR
4011,1978,..,BGD
4012,1978,..,BRB
4013,1978,..,BLR
4014,1978,..,BEL
4015,1978,..,BLZ
4016,1978,12.26007922036,BEN
4017,1978,..,BMU
4018,1978,..,BTN
4019,1978,..,BOL
4020,1978,..,BIH
4021,1978,..,BWA
4022,1978,..,BRA
4023,1978,..,VGB
4024,1978,..,BRN
4025,1978,..,BGR
4026,1978,..,BFA
4027,1978,..,BDI
4028,1978,..,CPV
4029,1978,..,KHM
4030,1978,..,CMR
4031,1978,..,CAN
4032,1978,..,CYM
4033,1978,..,CAF
4034,1978,..,TCD
4035,1978,..,Channel Islands
4036,1978,18.2460516351824,CHL
4037,1978,..,CHN
4038,1978,..,COL
4039,1978,..,COM
4040,1978,..,COD
4041,1978,..,COG
4042,1978,12.6515622799897,CRI
4043,1978,..,CIV
4044,1978,..,HRV
4045,1978,..,CUB
4046,1978,..,CUW
4047,1978,13.5794674015489,CYP
4048,1978,..,CZE
4049,1978,28.1555652564996,DNK
4050,1978,..,DJI
4051,1978,..,DMA
4052,1978,11.3509631632308,DOM
4053,1978,..,ECU
4054,1978,23.0710966447624,EGY
4055,1978,..,SLV
4056,1978,..,GNQ
4057,1978,..,ERI
4058,1978,..,EST
4059,1978,..,SWZ
4060,1978,..,ETH
4061,1978,..,FRO
4062,1978,..,FJI
4063,1978,22.4166806084128,FIN
4064,1978,18.438578314968,FRA
4065,1978,..,PYF
4066,1978,..,GAB
4067,1978,..,GMB
4068,1978,..,GEO
4069,1978,10.4549552861147,DEU
4070,1978,..,GHA
4071,1978,..,GIB
4072,1978,14.4878235873885,GRC
4073,1978,..,GRL
4074,1978,..,GRD
4075,1978,..,GUM
4076,1978,..,GTM
4077,1978,..,GIN
4078,1978,..,GNB
4079,1978,..,GUY
4080,1978,..,HTI
4081,1978,7.90057711513867,HND
4082,1978,..,HKG
4083,1978,..,HUN
4084,1978,21.1488951530527,ISL
4085,1978,9.30227453027132,IND
4086,1978,17.8932559570914,IDN
4087,1978,8.87085856943341,IRN
4088,1978,..,IRQ
4089,1978,22.1093717583247,IRL
4090,1978,..,IMN
4091,1978,31.5696554914307,ISR
4092,1978,15.5860591681051,ITA
4093,1978,..,JAM
4094,1978,..,JPN
4095,1978,..,JOR
4096,1978,..,KAZ
4097,1978,..,KEN
4098,1978,..,KIR
4099,1978,..,PRK
4100,1978,14.5540559343259,KOR
4101,1978,..,XKX
4102,1978,7.59796449593134,KWT
4103,1978,..,KGZ
4104,1978,..,LAO
4105,1978,..,LVA
4106,1978,..,LBN
4107,1978,..,LSO
4108,1978,..,LBR
4109,1978,..,LBY
4110,1978,..,LIE
4111,1978,..,LTU
4112,1978,23.6738678197696,LUX
4113,1978,..,MAC
4114,1978,..,MDG
4115,1978,..,MWI
4116,1978,..,MYS
4117,1978,..,MDV
4118,1978,..,MLI
4119,1978,19.1585531758364,MLT
4120,1978,..,MHL
4121,1978,..,MRT
4122,1978,17.4937681927493,MUS
4123,1978,10.7402652973898,MEX
4124,1978,..,FSM
4125,1978,..,MDA
4126,1978,..,MCO
4127,1978,..,MNG
4128,1978,..,MNE
4129,1978,..,MAR
4130,1978,..,MOZ
4131,1978,10.0094338048831,MMR
4132,1978,..,NAM
4133,1978,..,NRU
4134,1978,..,NPL
4135,1978,23.155638977222,NLD
4136,1978,..,NCL
4137,1978,28.2120699379583,NZL
4138,1978,..,NIC
4139,1978,9.49659853127037,NER
4140,1978,..,NGA
4141,1978,..,MKD
4142,1978,..,MNP
4143,1978,21.8195311763235,NOR
4144,1978,..,OMN
4145,1978,..,PAK
4146,1978,..,PLW
4147,1978,..,PAN
4148,1978,..,PNG
4149,1978,..,PRY
4150,1978,12.4930216048552,PER
4151,1978,..,PHL
4152,1978,..,POL
4153,1978,13.4569738287582,PRT
4154,1978,..,PRI
4155,1978,..,QAT
4156,1978,..,ROU
4157,1978,..,RUS
4158,1978,9.71992482034203,RWA
4159,1978,..,WSM
4160,1978,..,SMR
4161,1978,..,STP
4162,1978,..,SAU
4163,1978,..,SEN
4164,1978,..,SRB
4165,1978,..,SYC
4166,1978,..,SLE
4167,1978,15.9346472237067,SGP
4168,1978,..,SXM
4169,1978,..,SVK
4170,1978,..,SVN
4171,1978,..,SLB
4172,1978,..,SOM
4173,1978,17.3411177466797,ZAF
4174,1978,..,SSD
4175,1978,9.50628595310636,ESP
4176,1978,..,LKA
4177,1978,..,KNA
4178,1978,..,LCA
4179,1978,..,MAF
4180,1978,..,VCT
4181,1978,..,SDN
4182,1978,..,SUR
4183,1978,18.3386953008863,SWE
4184,1978,7.55642504355539,CHE
4185,1978,..,SYR
4186,1978,..,TJK
4187,1978,..,TZA
4188,1978,11.6614089766394,THA
4189,1978,..,TLS
4190,1978,..,TGO
4191,1978,..,TON
4192,1978,28.7498820266487,TTO
4193,1978,22.617657715689,TUN
4194,1978,16.5117896200771,TUR
4195,1978,..,TKM
4196,1978,..,TCA
4197,1978,..,TUV
4198,1978,..,UGA
4199,1978,..,UKR
4200,1978,..,ARE
4201,1978,22.1542220674458,GBR
4202,1978,11.5423590501612,USA
4203,1978,16.0230726836872,URY
4204,1978,..,UZB
4205,1978,..,VUT
4206,1978,..,VEN
4207,1978,..,VNM
4208,1978,..,VIR
4209,1978,..,PSE
4210,1978,..,YEM
4211,1978,..,ZMB
4212,1978,..,ZWE
4216,1978,,Data from database: World Development Indicators
4217,1978,,Last Updated: 10/07/2025
4218,1979,..,AFG
4219,1979,..,ALB
4220,1979,..,DZA
4221,1979,..,ASM
4222,1979,..,AND
4223,1979,..,AGO
4224,1979,..,ATG
4225,1979,..,ARG
4226,1979,..,ARM
4227,1979,..,ABW
4228,1979,19.7696058204845,AUS
4229,1979,18.6230604142437,AUT
4230,1979,..,AZE
4231,1979,..,BHS
4232,1979,..,BHR
4233,1979,..,BGD
4234,1979,..,BRB
4235,1979,..,BLR
4236,1979,..,BEL
4237,1979,..,BLZ
4238,1979,10.7891425473787,BEN
4239,1979,..,BMU
4240,1979,..,BTN
4241,1979,..,BOL
4242,1979,..,BIH
4243,1979,..,BWA
4244,1979,..,BRA
4245,1979,..,VGB
4246,1979,..,BRN
4247,1979,..,BGR
4248,1979,..,BFA
4249,1979,..,BDI
4250,1979,..,CPV
4251,1979,..,KHM
4252,1979,..,CMR
4253,1979,..,CAN
4254,1979,..,CYM
4255,1979,..,CAF
4256,1979,..,TCD
4257,1979,..,Channel Islands
4258,1979,17.5877044630684,CHL
4259,1979,..,CHN
4260,1979,..,COL
4261,1979,..,COM
4262,1979,..,COD
4263,1979,..,COG
4264,1979,11.883970601474,CRI
4265,1979,..,CIV
4266,1979,..,HRV
4267,1979,..,CUB
4268,1979,..,CUW
4269,1979,14.1997457898254,CYP
4270,1979,..,CZE
4271,1979,28.5925495239975,DNK
4272,1979,..,DJI
4273,1979,..,DMA
4274,1979,11.0314977813341,DOM
4275,1979,..,ECU
4276,1979,21.285197869102,EGY
4277,1979,..,SLV
4278,1979,..,GNQ
4279,1979,..,ERI
4280,1979,..,EST
4281,1979,..,SWZ
4282,1979,..,ETH
4283,1979,..,FRO
4284,1979,..,FJI
4285,1979,21.1858770392257,FIN
4286,1979,19.0092416851206,FRA
4287,1979,..,PYF
4288,1979,..,GAB
4289,1979,..,GMB
4290,1979,..,GEO
4291,1979,10.3419883863164,DEU
4292,1979,..,GHA
4293,1979,..,GIB
4294,1979,14.0920525588091,GRC
4295,1979,..,GRL
4296,1979,..,GRD
4297,1979,..,GUM
4298,1979,..,GTM
4299,1979,..,GIN
4300,1979,..,GNB
4301,1979,..,GUY
4302,1979,..,HTI
4303,1979,8.13705009680964,HND
4304,1979,..,HKG
4305,1979,..,HUN
4306,1979,21.897958218155,ISL
4307,1979,9.68904892316569,IND
4308,1979,20.2838996546491,IDN
4309,1979,5.99337474220936,IRN
4310,1979,..,IRQ
4311,1979,21.9642399897563,IRL
4312,1979,..,IMN
4313,1979,35.9137239940502,ISR
4314,1979,15.7435641128121,ITA
4315,1979,..,JAM
4316,1979,..,JPN
4317,1979,..,JOR
4318,1979,..,KAZ
4319,1979,..,KEN
4320,1979,..,KIR
4321,1979,..,PRK
4322,1979,14.7458668057514,KOR
4323,1979,..,XKX
4324,1979,2.17842633347251,KWT
4325,1979,..,KGZ
4326,1979,..,LAO
4327,1979,..,LVA
4328,1979,..,LBN
4329,1979,..,LSO
4330,1979,..,LBR
4331,1979,..,LBY
4332,1979,..,LIE
4333,1979,..,LTU
4334,1979,21.882178756466,LUX
4335,1979,..,MAC
4336,1979,..,MDG
4337,1979,..,MWI
4338,1979,..,MYS
4339,1979,2.49532127261385,MDV
4340,1979,..,MLI
4341,1979,..,MLT
4342,1979,..,MHL
4343,1979,..,MRT
4344,1979,16.2820848639983,MUS
4345,1979,11.3428943937419,MEX
4346,1979,..,FSM
4347,1979,..,MDA
4348,1979,..,MCO
4349,1979,..,MNG
4350,1979,..,MNE
4351,1979,..,MAR
4352,1979,..,MOZ
4353,1979,10.2114167420344,MMR
4354,1979,..,NAM
4355,1979,..,NRU
4356,1979,..,NPL
4357,1979,23.0860471816569,NLD
4358,1979,..,NCL
4359,1979,29.1553923463471,NZL
4360,1979,..,NIC
4361,1979,10.9097835281136,NER
4362,1979,..,NGA
4363,1979,..,MKD
4364,1979,..,MNP
4365,1979,22.2386989114235,NOR
4366,1979,..,OMN
4367,1979,..,PAK
4368,1979,..,PLW
4369,1979,..,PAN
4370,1979,..,PNG
4371,1979,..,PRY
4372,1979,13.8068828547123,PER
4373,1979,..,PHL
4374,1979,..,POL
4375,1979,13.7676883482653,PRT
4376,1979,..,PRI
4377,1979,..,QAT
4378,1979,..,ROU
4379,1979,..,RUS
4380,1979,11.7021939827298,RWA
4381,1979,..,WSM
4382,1979,..,SMR
4383,1979,..,STP
4384,1979,..,SAU
4385,1979,..,SEN
4386,1979,..,SRB
4387,1979,..,SYC
4388,1979,..,SLE
4389,1979,16.0397706847293,SGP
4390,1979,..,SXM
4391,1979,..,SVK
4392,1979,..,SVN
4393,1979,..,SLB
4394,1979,..,SOM
4395,1979,17.6488319517709,ZAF
4396,1979,..,SSD
4397,1979,9.67707069138485,ESP
4398,1979,..,LKA
4399,1979,..,KNA
4400,1979,..,LCA
4401,1979,..,MAF
4402,1979,..,VCT
4403,1979,..,SDN
4404,1979,..,SUR
4405,1979,16.8285641812245,SWE
4406,1979,7.12646196832764,CHE
4407,1979,..,SYR
4408,1979,..,TJK
4409,1979,..,TZA
4410,1979,12.3741280520453,THA
4411,1979,..,TLS
4412,1979,..,TGO
4413,1979,..,TON
4414,1979,29.1821328394696,TTO
4415,1979,21.7967145790554,TUN
4416,1979,14.5927072459595,TUR
4417,1979,..,TKM
4418,1979,..,TCA
4419,1979,..,TUV
4420,1979,..,UGA
4421,1979,..,UKR
4422,1979,..,ARE
4423,1979,21.9037787093631,GBR
4424,1979,12.0038076635128,USA
4425,1979,14.4470007195075,URY
4426,1979,..,UZB
4427,1979,..,VUT
4428,1979,..,VEN
4429,1979,..,VNM
4430,1979,..,VIR
4431,1979,..,PSE
4432,1979,..,YEM
4433,1979,..,ZMB
4434,1979,..,ZWE
4438,1979,,Data from database: World Development Indicators
4439,1979,,Last Updated: 10/07/2025
4440,1980,..,AFG
4441,1980,..,ALB
4442,1980,..,DZA
4443,1980,..,ASM
4444,1980,..,AND
4445,1980,..,AGO
4446,1980,..,ATG
4447,1980,..,ARG
4448,1980,..,ARM
4449,1980,..,ABW
4450,1980,20.4124385279391,AUS
4451,1980,18.6510584687095,AUT
4452,1980,..,AZE
4453,1980,..,BHS
4454,1980,..,BHR
4455,1980,..,BGD
4456,1980,..,BRB
4457,1980,..,BLR
4458,1980,..,BEL
4459,1980,..,BLZ
4460,1980,..,BEN
4461,1980,..,BMU
4462,1980,..,BTN
4463,1980,..,BOL
4464,1980,..,BIH
4465,1980,..,BWA
4466,1980,..,BRA
4467,1980,..,VGB
4468,1980,..,BRN
4469,1980,..,BGR
4470,1980,..,BFA
4471,1980,..,BDI
4472,1980,..,CPV
4473,1980,..,KHM
4474,1980,..,CMR
4475,1980,..,CAN
4476,1980,..,CYM
4477,1980,..,CAF
4478,1980,..,TCD
4479,1980,..,Channel Islands
4480,1980,18.6925787568221,CHL
4481,1980,..,CHN
4482,1980,..,COL
4483,1980,..,COM
4484,1980,..,COD
4485,1980,..,COG
4486,1980,11.6168139669017,CRI
4487,1980,..,CIV
4488,1980,..,HRV
4489,1980,..,CUB
4490,1980,..,CUW
4491,1980,14.7875835738943,CYP
4492,1980,..,CZE
4493,1980,28.6532702152372,DNK
4494,1980,..,DJI
4495,1980,..,DMA
4496,1980,10.3071894458166,DOM
4497,1980,..,ECU
4498,1980,..,EGY
4499,1980,..,SLV
4500,1980,..,GNQ
4501,1980,..,ERI
4502,1980,..,EST
4503,1980,..,SWZ
4504,1980,..,ETH
4505,1980,..,FRO
4506,1980,..,FJI
4507,1980,21.4562024663807,FIN
4508,1980,19.4796702830561,FRA
4509,1980,..,PYF
4510,1980,..,GAB
4511,1980,..,GMB
4512,1980,..,GEO
4513,1980,10.2450315018311,DEU
4514,1980,..,GHA
4515,1980,..,GIB
4516,1980,13.9654045414103,GRC
4517,1980,..,GRL
4518,1980,..,GRD
4519,1980,..,GUM
4520,1980,..,GTM
4521,1980,..,GIN
4522,1980,..,GNB
4523,1980,..,GUY
4524,1980,..,HTI
4525,1980,8.81390861118508,HND
4526,1980,..,HKG
4527,1980,..,HUN
4528,1980,21.2116394703051,ISL
4529,1980,9.02607173865502,IND
4530,1980,21.7798383565442,IDN
4531,1980,5.17028487619847,IRN
4532,1980,..,IRQ
4533,1980,24.2268822227446,IRL
4534,1980,..,IMN
4535,1980,34.1271082428797,ISR
4536,1980,17.3283132693152,ITA
4537,1980,..,JAM
4538,1980,..,JPN
4539,1980,..,JOR
4540,1980,..,KAZ
4541,1980,..,KEN
4542,1980,..,KIR
4543,1980,..,PRK
4544,1980,14.6632733460709,KOR
4545,1980,..,XKX
4546,1980,2.69990950265057,KWT
4547,1980,..,KGZ
4548,1980,..,LAO
4549,1980,..,LVA
4550,1980,..,LBN
4551,1980,..,LSO
4552,1980,..,LBR
4553,1980,..,LBY
4554,1980,..,LIE
4555,1980,..,LTU
4556,1980,22.3360867723821,LUX
4557,1980,..,MAC
4558,1980,..,MDG
4559,1980,..,MWI
4560,1980,..,MYS
4561,1980,5.11540860885839,MDV
4562,1980,..,MLI
4563,1980,19.6942424223645,MLT
4564,1980,..,MHL
4565,1980,..,MRT
4566,1980,18.1697558918347,MUS
4567,1980,11.4238504988874,MEX
4568,1980,..,FSM
4569,1980,..,MDA
4570,1980,..,MCO
4571,1980,..,MNG
4572,1980,..,MNE
4573,1980,..,MAR
4574,1980,..,MOZ
4575,1980,9.61174895435775,MMR
4576,1980,..,NAM
4577,1980,..,NRU
4578,1980,..,NPL
4579,1980,23.0408988335812,NLD
4580,1980,..,NCL
4581,1980,29.324088682222,NZL
4582,1980,..,NIC
4583,1980,11.7645285971099,NER
4584,1980,..,NGA
4585,1980,..,MKD
4586,1980,..,MNP
4587,1980,25.1138152375746,NOR
4588,1980,..,OMN
4589,1980,..,PAK
4590,1980,..,PLW
4591,1980,..,PAN
4592,1980,..,PNG
4593,1980,..,PRY
4594,1980,17.9617137691423,PER
4595,1980,..,PHL
4596,1980,..,POL
4597,1980,15.1808512375022,PRT
4598,1980,..,PRI
4599,1980,..,QAT
4600,1980,..,ROU
4601,1980,..,RUS
4602,1980,10.4676359309849,RWA
4603,1980,..,WSM
4604,1980,..,SMR
4605,1980,..,STP
4606,1980,..,SAU
4607,1980,..,SEN
4608,1980,..,SRB
4609,1980,..,SYC
4610,1980,..,SLE
4611,1980,16.9929183288493,SGP
4612,1980,..,SXM
4613,1980,..,SVK
4614,1980,..,SVN
4615,1980,..,SLB
4616,1980,..,SOM
4617,1980,17.796573660554,ZAF
4618,1980,..,SSD
4619,1980,9.67711017321328,ESP
4620,1980,..,LKA
4621,1980,..,KNA
4622,1980,..,LCA
4623,1980,..,MAF
4624,1980,..,VCT
4625,1980,..,SDN
4626,1980,..,SUR
4627,1980,16.3265116231049,SWE
4628,1980,7.29219795830241,CHE
4629,1980,..,SYR
4630,1980,..,TJK
4631,1980,..,TZA
4632,1980,13.1431496747109,THA
4633,1980,..,TLS
4634,1980,..,TGO
4635,1980,..,TON
4636,1980,35.650808499265,TTO
4637,1980,20.9913853975427,TUN
4638,1980,14.3386991932092,TUR
4639,1980,..,TKM
4640,1980,..,TCA
4641,1980,..,TUV
4642,1980,..,UGA
4643,1980,..,UKR
4644,1980,..,ARE
4645,1980,23.876065932529,GBR
4646,1980,12.1383526516402,USA
4647,1980,15.8257776235304,URY
4648,1980,..,UZB
4649,1980,..,VUT
4650,1980,..,VEN
4651,1980,..,VNM
4652,1980,..,VIR
4653,1980,..,PSE
4654,1980,..,YEM
4655,1980,..,ZMB
4656,1980,..,ZWE
4660,1980,,Data from database: World Development Indicators
4661,1980,,Last Updated: 10/07/2025
4662,1981,..,AFG
4663,1981,..,ALB
4664,1981,..,DZA
4665,1981,..,ASM
4666,1981,..,AND
4667,1981,..,AGO
4668,1981,..,ATG
4669,1981,..,ARG
4670,1981,..,ARM
4671,1981,..,ABW
4672,1981,21.4623260698346,AUS
4673,1981,19.0243413980395,AUT
4674,1981,..,AZE
4675,1981,..,BHS
4676,1981,..,BHR
4677,1981,..,BGD
4678,1981,..,BRB
4679,1981,..,BLR
4680,1981,..,BEL
4681,1981,..,BLZ
4682,1981,..,BEN
4683,1981,..,BMU
4684,1981,..,BTN
4685,1981,..,BOL
4686,1981,..,BIH
4687,1981,..,BWA
4688,1981,..,BRA
4689,1981,..,VGB
4690,1981,..,BRN
4691,1981,..,BGR
4692,1981,..,BFA
4693,1981,..,BDI
4694,1981,..,CPV
4695,1981,..,KHM
4696,1981,..,CMR
4697,1981,..,CAN
4698,1981,..,CYM
4699,1981,..,CAF
4700,1981,..,TCD
4701,1981,..,Channel Islands
4702,1981,19.7371408422216,CHL
4703,1981,..,CHN
4704,1981,..,COL
4705,1981,..,COM
4706,1981,..,COD
4707,1981,..,COG
4708,1981,12.381200780513,CRI
4709,1981,..,CIV
4710,1981,..,HRV
4711,1981,..,CUB
4712,1981,..,CUW
4713,1981,13.7933786511882,CYP
4714,1981,..,CZE
4715,1981,28.2384517828259,DNK
4716,1981,..,DJI
4717,1981,..,DMA
4718,1981,9.71261555552617,DOM
4719,1981,..,ECU
4720,1981,26.2442996941523,EGY
4721,1981,..,SLV
4722,1981,..,GNQ
4723,1981,..,ERI
4724,1981,..,EST
4725,1981,..,SWZ
4726,1981,..,ETH
4727,1981,..,FRO
4728,1981,..,FJI
4729,1981,22.5311105709769,FIN
4730,1981,19.5700098171539,FRA
4731,1981,..,PYF
4732,1981,..,GAB
4733,1981,..,GMB
4734,1981,..,GEO
4735,1981,10.0200259386562,DEU
4736,1981,..,GHA
4737,1981,..,GIB
4738,1981,12.4966362809105,GRC
4739,1981,..,GRL
4740,1981,..,GRD
4741,1981,..,GUM
4742,1981,..,GTM
4743,1981,..,GIN
4744,1981,..,GNB
4745,1981,..,GUY
4746,1981,..,HTI
4747,1981,8.64389432718534,HND
4748,1981,..,HKG
4749,1981,35.13355273722,HUN
4750,1981,22.5516185255441,ISL
4751,1981,9.21369031479097,IND
4752,1981,21.9464341903122,IDN
4753,1981,6.97903559997781,IRN
4754,1981,..,IRQ
4755,1981,25.3142279070789,IRL
4756,1981,..,IMN
4757,1981,32.6964901184032,ISR
4758,1981,17.7434444136809,ITA
4759,1981,..,JAM
4760,1981,..,JPN
4761,1981,..,JOR
4762,1981,..,KAZ
4763,1981,..,KEN
4764,1981,..,KIR
4765,1981,..,PRK
4766,1981,14.6527668724255,KOR
4767,1981,..,XKX
4768,1981,3.73615036971713,KWT
4769,1981,..,KGZ
4770,1981,..,LAO
4771,1981,..,LVA
4772,1981,..,LBN
4773,1981,..,LSO
4774,1981,..,LBR
4775,1981,..,LBY
4776,1981,..,LIE
4777,1981,..,LTU
4778,1981,22.7961717039032,LUX
4779,1981,..,MAC
4780,1981,..,MDG
4781,1981,..,MWI
4782,1981,..,MYS
4783,1981,6.89145223306714,MDV
4784,1981,..,MLI
4785,1981,19.234036012698,MLT
4786,1981,..,MHL
4787,1981,..,MRT
4788,1981,17.4078943455856,MUS
4789,1981,10.5458420369711,MEX
4790,1981,..,FSM
4791,1981,..,MDA
4792,1981,..,MCO
4793,1981,..,MNG
4794,1981,..,MNE
4795,1981,..,MAR
4796,1981,..,MOZ
4797,1981,9.9277052238806,MMR
4798,1981,..,NAM
4799,1981,..,NRU
4800,1981,..,NPL
4801,1981,21.8719291918288,NLD
4802,1981,..,NCL
4803,1981,30.0531914893617,NZL
4804,1981,..,NIC
4805,1981,..,NER
4806,1981,..,NGA
4807,1981,..,MKD
4808,1981,..,MNP
4809,1981,26.2502979345941,NOR
4810,1981,..,OMN
4811,1981,..,PAK
4812,1981,..,PLW
4813,1981,..,PAN
4814,1981,..,PNG
4815,1981,..,PRY
4816,1981,15.1163298650848,PER
4817,1981,..,PHL
4818,1981,..,POL
4819,1981,16.0913627186259,PRT
4820,1981,..,PRI
4821,1981,..,QAT
4822,1981,4.38832772166105,ROU
4823,1981,..,RUS
4824,1981,..,RWA
4825,1981,..,WSM
4826,1981,..,SMR
4827,1981,..,STP
4828,1981,..,SAU
4829,1981,..,SEN
4830,1981,..,SRB
4831,1981,..,SYC
4832,1981,..,SLE
4833,1981,17.8802055877702,SGP
4834,1981,..,SXM
4835,1981,..,SVK
4836,1981,..,SVN
4837,1981,..,SLB
4838,1981,..,SOM
4839,1981,17.0628463768825,ZAF
4840,1981,..,SSD
4841,1981,9.97520821722151,ESP
4842,1981,..,LKA
4843,1981,..,KNA
4844,1981,..,LCA
4845,1981,..,MAF
4846,1981,..,VCT
4847,1981,..,SDN
4848,1981,..,SUR
4849,1981,16.7359966843511,SWE
4850,1981,7.30752885885387,CHE
4851,1981,..,SYR
4852,1981,..,TJK
4853,1981,..,TZA
4854,1981,13.4769763614363,THA
4855,1981,..,TLS
4856,1981,..,TGO
4857,1981,..,TON
4858,1981,34.8441690006555,TTO
4859,1981,21.6386352715041,TUN
4860,1981,15.268953297051,TUR
4861,1981,..,TKM
4862,1981,..,TCA
4863,1981,..,TUV
4864,1981,..,UGA
4865,1981,..,UKR
4866,1981,..,ARE
4867,1981,24.639426203616,GBR
4868,1981,12.5505099560623,USA
4869,1981,16.7390648061183,URY
4870,1981,..,UZB
4871,1981,..,VUT
4872,1981,..,VEN
4873,1981,..,VNM
4874,1981,..,VIR
4875,1981,..,PSE
4876,1981,..,YEM
4877,1981,..,ZMB
4878,1981,..,ZWE
4882,1981,,Data from database: World Development Indicators
4883,1981,,Last Updated: 10/07/2025
4884,1982,..,AFG
4885,1982,..,ALB
4886,1982,..,DZA
4887,1982,..,ASM
4888,1982,..,AND
4889,1982,..,AGO
4890,1982,..,ATG
4891,1982,..,ARG
4892,1982,..,ARM
4893,1982,..,ABW
4894,1982,21.5859206186739,AUS
4895,1982,18.2619499707381,AUT
4896,1982,..,AZE
4897,1982,..,BHS
4898,1982,..,BHR
4899,1982,..,BGD
4900,1982,..,BRB
4901,1982,..,BLR
4902,1982,..,BEL
4903,1982,..,BLZ
4904,1982,..,BEN
4905,1982,..,BMU
4906,1982,5.72036429409445,BTN
4907,1982,..,BOL
4908,1982,..,BIH
4909,1982,..,BWA
4910,1982,..,BRA
4911,1982,..,VGB
4912,1982,..,BRN
4913,1982,..,BGR
4914,1982,..,BFA
4915,1982,..,BDI
4916,1982,..,CPV
4917,1982,..,KHM
4918,1982,..,CMR
4919,1982,..,CAN
4920,1982,..,CYM
4921,1982,..,CAF
4922,1982,..,TCD
4923,1982,..,Channel Islands
4924,1982,19.5721637532703,CHL
4925,1982,..,CHN
4926,1982,..,COL
4927,1982,..,COM
4928,1982,..,COD
4929,1982,..,COG
4930,1982,12.6557483542812,CRI
4931,1982,..,CIV
4932,1982,..,HRV
4933,1982,..,CUB
4934,1982,..,CUW
4935,1982,14.2413895442656,CYP
4936,1982,..,CZE
4937,1982,27.247412038156,DNK
4938,1982,..,DJI
4939,1982,..,DMA
4940,1982,7.97832450347147,DOM
4941,1982,..,ECU
4942,1982,21.6957605985037,EGY
4943,1982,..,SLV
4944,1982,..,GNQ
4945,1982,..,ERI
4946,1982,..,EST
4947,1982,..,SWZ
4948,1982,..,ETH
4949,1982,..,FRO
4950,1982,..,FJI
4951,1982,22.1680113766175,FIN
4952,1982,19.8282142358137,FRA
4953,1982,..,PYF
4954,1982,..,GAB
4955,1982,..,GMB
4956,1982,..,GEO
4957,1982,9.75867311270948,DEU
4958,1982,..,GHA
4959,1982,..,GIB
4960,1982,15.1455194050877,GRC
4961,1982,..,GRL
4962,1982,..,GRD
4963,1982,..,GUM
4964,1982,..,GTM
4965,1982,..,GIN
4966,1982,..,GNB
4967,1982,..,GUY
4968,1982,..,HTI
4969,1982,..,HND
4970,1982,..,HKG
4971,1982,33.9232085555418,HUN
4972,1982,22.9506919406386,ISL
4973,1982,9.26912135161155,IND
4974,1982,20.0561437871232,IDN
4975,1982,5.92293172685558,IRN
4976,1982,..,IRQ
4977,1982,26.3844219361834,IRL
4978,1982,..,IMN
4979,1982,37.0795788750341,ISR
4980,1982,19.3437090497929,ITA
4981,1982,..,JAM
4982,1982,..,JPN
4983,1982,..,JOR
4984,1982,..,KAZ
4985,1982,..,KEN
4986,1982,..,KIR
4987,1982,..,PRK
4988,1982,14.696281503877,KOR
4989,1982,..,XKX
4990,1982,3.44477901726507,KWT
4991,1982,..,KGZ
4992,1982,..,LAO
4993,1982,..,LVA
4994,1982,..,LBN
4995,1982,28.9883547464767,LSO
4996,1982,..,LBR
4997,1982,..,LBY
4998,1982,..,LIE
4999,1982,..,LTU
5000,1982,22.9337644029616,LUX
5001,1982,..,MAC
5002,1982,..,MDG
5003,1982,..,MWI
5004,1982,..,MYS
5005,1982,12.2199592668024,MDV
5006,1982,..,MLI
5007,1982,18.5109664648153,MLT
5008,1982,..,MHL
5009,1982,..,MRT
5010,1982,16.4387939435229,MUS
5011,1982,11.2178724526942,MEX
5012,1982,..,FSM
5013,1982,..,MDA
5014,1982,..,MCO
5015,1982,..,MNG
5016,1982,..,MNE
5017,1982,..,MAR
5018,1982,..,MOZ
5019,1982,9.83102245487561,MMR
5020,1982,..,NAM
5021,1982,..,NRU
5022,1982,..,NPL
5023,1982,21.654059321893,NLD
5024,1982,..,NCL
5025,1982,30.5081680631744,NZL
5026,1982,..,NIC
5027,1982,..,NER
5028,1982,..,NGA
5029,1982,..,MKD
5030,1982,..,MNP
5031,1982,25.3130526185618,NOR
5032,1982,..,OMN
5033,1982,..,PAK
5034,1982,..,PLW
5035,1982,..,PAN
5036,1982,..,PNG
5037,1982,..,PRY
5038,1982,14.792993420102,PER
5039,1982,..,PHL
5040,1982,..,POL
5041,1982,16.5947178932806,PRT
5042,1982,..,PRI
5043,1982,..,QAT
5044,1982,4.07478691229035,ROU
5045,1982,..,RUS
5046,1982,..,RWA
5047,1982,..,WSM
5048,1982,..,SMR
5049,1982,..,STP
5050,1982,..,SAU
5051,1982,..,SEN
5052,1982,..,SRB
5053,1982,..,SYC
5054,1982,..,SLE
5055,1982,18.9163419773286,SGP
5056,1982,..,SXM
5057,1982,..,SVK
5058,1982,..,SVN
5059,1982,..,SLB
5060,1982,..,SOM
5061,1982,18.1279214374544,ZAF
5062,1982,..,SSD
5063,1982,9.23424171292918,ESP
5064,1982,..,LKA
5065,1982,..,KNA
5066,1982,..,LCA
5067,1982,..,MAF
5068,1982,..,VCT
5069,1982,..,SDN
5070,1982,..,SUR
5071,1982,16.3941345721985,SWE
5072,1982,7.60063645322698,CHE
5073,1982,..,SYR
5074,1982,..,TJK
5075,1982,..,TZA
5076,1982,12.6405557683168,THA
5077,1982,..,TLS
5078,1982,..,TGO
5079,1982,..,TON
5080,1982,..,TTO
5081,1982,22.7812005661477,TUN
5082,1982,..,TUR
5083,1982,..,TKM
5084,1982,..,TCA
5085,1982,..,TUV
5086,1982,..,UGA
5087,1982,..,UKR
5088,1982,..,ARE
5089,1982,25.8661393285258,GBR
5090,1982,11.9786266418126,USA
5091,1982,14.0055537773472,URY
5092,1982,..,UZB
5093,1982,..,VUT
5094,1982,..,VEN
5095,1982,..,VNM
5096,1982,..,VIR
5097,1982,..,PSE
5098,1982,..,YEM
5099,1982,..,ZMB
5100,1982,..,ZWE
5104,1982,,Data from database: World Development Indicators
5105,1982,,Last Updated: 10/07/2025
5106,1983,..,AFG
5107,1983,..,ALB
5108,1983,..,DZA
5109,1983,..,ASM
5110,1983,..,AND
5111,1983,..,AGO
5112,1983,..,ATG
5113,1983,..,ARG
5114,1983,..,ARM
5115,1983,..,ABW
5116,1983,21.7148679611856,AUS
5117,1983,18.1034977014108,AUT
5118,1983,..,AZE
5119,1983,..,BHS
5120,1983,..,BHR
5121,1983,..,BGD
5122,1983,..,BRB
5123,1983,..,BLR
5124,1983,..,BEL
5125,1983,..,BLZ
5126,1983,..,BEN
5127,1983,..,BMU
5128,1983,6.63490069992768,BTN
5129,1983,..,BOL
5130,1983,..,BIH
5131,1983,..,BWA
5132,1983,..,BRA
5133,1983,..,VGB
5134,1983,..,BRN
5135,1983,..,BGR
5136,1983,..,BFA
5137,1983,..,BDI
5138,1983,..,CPV
5139,1983,..,KHM
5140,1983,..,CMR
5141,1983,..,CAN
5142,1983,..,CYM
5143,1983,..,CAF
5144,1983,..,TCD
5145,1983,..,Channel Islands
5146,1983,18.5989682489998,CHL
5147,1983,..,CHN
5148,1983,..,COL
5149,1983,..,COM
5150,1983,..,COD
5151,1983,..,COG
5152,1983,15.2187698161065,CRI
5153,1983,..,CIV
5154,1983,..,HRV
5155,1983,..,CUB
5156,1983,..,CUW
5157,1983,15.4059994941628,CYP
5158,1983,..,CZE
5159,1983,27.9510693488915,DNK
5160,1983,..,DJI
5161,1983,..,DMA
5162,1983,8.45715029390712,DOM
5163,1983,..,ECU
5164,1983,21.0827067669173,EGY
5165,1983,..,SLV
5166,1983,..,GNQ
5167,1983,..,ERI
5168,1983,..,EST
5169,1983,..,SWZ
5170,1983,..,ETH
5171,1983,..,FRO
5172,1983,..,FJI
5173,1983,22.3450781048171,FIN
5174,1983,19.673068243953,FRA
5175,1983,..,PYF
5176,1983,..,GAB
5177,1983,..,GMB
5178,1983,..,GEO
5179,1983,9.71481031802017,DEU
5180,1983,..,GHA
5181,1983,..,GIB
5182,1983,15.8178508235395,GRC
5183,1983,..,GRL
5184,1983,..,GRD
5185,1983,..,GUM
5186,1983,..,GTM
5187,1983,..,GIN
5188,1983,..,GNB
5189,1983,..,GUY
5190,1983,..,HTI
5191,1983,..,HND
5192,1983,..,HKG
5193,1983,36.6336484207121,HUN
5194,1983,20.5732602976068,ISL
5195,1983,9.26849740618579,IND
5196,1983,18.822865330757,IDN
5197,1983,6.03398096950243,IRN
5198,1983,..,IRQ
5199,1983,27.5352570573049,IRL
5200,1983,..,IMN
5201,1983,37.0620973055973,ISR
5202,1983,21.0797519723819,ITA
5203,1983,..,JAM
5204,1983,..,JPN
5205,1983,..,JOR
5206,1983,..,KAZ
5207,1983,..,KEN
5208,1983,..,KIR
5209,1983,..,PRK
5210,1983,14.8016821361896,KOR
5211,1983,..,XKX
5212,1983,3.23829933001231,KWT
5213,1983,..,KGZ
5214,1983,..,LAO
5215,1983,..,LVA
5216,1983,..,LBN
5217,1983,34.95877761032,LSO
5218,1983,..,LBR
5219,1983,..,LBY
5220,1983,..,LIE
5221,1983,..,LTU
5222,1983,25.4522842339065,LUX
5223,1983,..,MAC
5224,1983,..,MDG
5225,1983,..,MWI
5226,1983,..,MYS
5227,1983,12.6318371351484,MDV
5228,1983,..,MLI
5229,1983,17.8628441766262,MLT
5230,1983,..,MHL
5231,1983,..,MRT
5232,1983,18.8367193058753,MUS
5233,1983,12.9993944590934,MEX
5234,1983,..,FSM
5235,1983,..,MDA
5236,1983,..,MCO
5237,1983,..,MNG
5238,1983,..,MNE
5239,1983,..,MAR
5240,1983,..,MOZ
5241,1983,9.23669818868891,MMR
5242,1983,..,NAM
5243,1983,..,NRU
5244,1983,..,NPL
5245,1983,20.7555405437618,NLD
5246,1983,..,NCL
5247,1983,28.3057125091243,NZL
5248,1983,..,NIC
5249,1983,..,NER
5250,1983,..,NGA
5251,1983,..,MKD
5252,1983,..,MNP
5253,1983,24.5587192015247,NOR
5254,1983,..,OMN
5255,1983,..,PAK
5256,1983,..,PLW
5257,1983,..,PAN
5258,1983,..,PNG
5259,1983,..,PRY
5260,1983,11.8977309203536,PER
5261,1983,..,PHL
5262,1983,..,POL
5263,1983,18.3379740217818,PRT
5264,1983,..,PRI
5265,1983,..,QAT
5266,1983,4.02497723429166,ROU
5267,1983,..,RUS
5268,1983,..,RWA
5269,1983,..,WSM
5270,1983,..,SMR
5271,1983,..,STP
5272,1983,..,SAU
5273,1983,..,SEN
5274,1983,..,SRB
5275,1983,..,SYC
5276,1983,..,SLE
5277,1983,18.7608387198487,SGP
5278,1983,..,SXM
5279,1983,..,SVK
5280,1983,..,SVN
5281,1983,..,SLB
5282,1983,..,SOM
5283,1983,17.9500097965124,ZAF
5284,1983,..,SSD
5285,1983,10.6460464598035,ESP
5286,1983,..,LKA
5287,1983,..,KNA
5288,1983,..,LCA
5289,1983,..,MAF
5290,1983,..,VCT
5291,1983,..,SDN
5292,1983,..,SUR
5293,1983,16.8595049294873,SWE
5294,1983,7.63540611246903,CHE
5295,1983,..,SYR
5296,1983,..,TJK
5297,1983,..,TZA
5298,1983,14.1395824361608,THA
5299,1983,..,TLS
5300,1983,..,TGO
5301,1983,..,TON
5302,1983,..,TTO
5303,1983,23.0676946419435,TUN
5304,1983,13.9380690071769,TUR
5305,1983,..,TKM
5306,1983,..,TCA
5307,1983,..,TUV
5308,1983,..,UGA
5309,1983,..,UKR
5310,1983,..,ARE
5311,1983,24.6485304999056,GBR
5312,1983,10.3482682349497,USA
5313,1983,15.1212976424642,URY
5314,1983,..,UZB
5315,1983,..,VUT
5316,1983,..,VEN
5317,1983,..,VNM
5318,1983,..,VIR
5319,1983,..,PSE
5320,1983,..,YEM
5321,1983,..,ZMB
5322,1983,..,ZWE
5326,1983,,Data from database: World Development Indicators
5327,1983,,Last Updated: 10/07/2025
5328,1984,..,AFG
5329,1984,..,ALB
5330,1984,..,DZA
5331,1984,..,ASM
5332,1984,..,AND
5333,1984,..,AGO
5334,1984,..,ATG
5335,1984,..,ARG
5336,1984,..,ARM
5337,1984,..,ABW
5338,1984,21.012386928912,AUS
5339,1984,19.0386492459139,AUT
5340,1984,..,AZE
5341,1984,..,BHS
5342,1984,..,BHR
5343,1984,..,BGD
5344,1984,..,BRB
5345,1984,..,BLR
5346,1984,..,BEL
5347,1984,..,BLZ
5348,1984,..,BEN
5349,1984,..,BMU
5350,1984,7.60358124617063,BTN
5351,1984,..,BOL
5352,1984,..,BIH
5353,1984,..,BWA
5354,1984,..,BRA
5355,1984,..,VGB
5356,1984,..,BRN
5357,1984,..,BGR
5358,1984,..,BFA
5359,1984,..,BDI
5360,1984,..,CPV
5361,1984,..,KHM
5362,1984,..,CMR
5363,1984,..,CAN
5364,1984,..,CYM
5365,1984,..,CAF
5366,1984,..,TCD
5367,1984,..,Channel Islands
5368,1984,19.7245477999565,CHL
5369,1984,..,CHN
5370,1984,..,COL
5371,1984,..,COM
5372,1984,..,COD
5373,1984,..,COG
5374,1984,14.7168072809855,CRI
5375,1984,..,CIV
5376,1984,..,HRV
5377,1984,..,CUB
5378,1984,..,CUW
5379,1984,16.1320463218441,CYP
5380,1984,..,CZE
5381,1984,29.1268445120761,DNK
5382,1984,..,DJI
5383,1984,..,DMA
5384,1984,9.02277039848197,DOM
5385,1984,..,ECU
5386,1984,18.4462025316456,EGY
5387,1984,..,SLV
5388,1984,..,GNQ
5389,1984,..,ERI
5390,1984,..,EST
5391,1984,..,SWZ
5392,1984,..,ETH
5393,1984,..,FRO
5394,1984,..,FJI
5395,1984,22.7460622224696,FIN
5396,1984,19.7779996227244,FRA
5397,1984,..,PYF
5398,1984,..,GAB
5399,1984,..,GMB
5400,1984,..,GEO
5401,1984,10.1536576327918,DEU
5402,1984,..,GHA
5403,1984,..,GIB
5404,1984,14.1672041573083,GRC
5405,1984,..,GRL
5406,1984,..,GRD
5407,1984,..,GUM
5408,1984,..,GTM
5409,1984,..,GIN
5410,1984,..,GNB
5411,1984,..,GUY
5412,1984,..,HTI
5413,1984,..,HND
5414,1984,..,HKG
5415,1984,34.5596716860911,HUN
5416,1984,20.9447080459971,ISL
5417,1984,9.30653986438454,IND
5418,1984,17.4843891433901,IDN
5419,1984,6.43709659562234,IRN
5420,1984,..,IRQ
5421,1984,28.1194500194906,IRL
5422,1984,..,IMN
5423,1984,35.6004009579406,ISR
5424,1984,20.9076465769338,ITA
5425,1984,..,JAM
5426,1984,..,JPN
5427,1984,..,JOR
5428,1984,..,KAZ
5429,1984,..,KEN
5430,1984,..,KIR
5431,1984,..,PRK
5432,1984,13.8946677303976,KOR
5433,1984,..,XKX
5434,1984,3.12861410380172,KWT
5435,1984,..,KGZ
5436,1984,..,LAO
5437,1984,..,LVA
5438,1984,..,LBN
5439,1984,38.6935165135429,LSO
5440,1984,..,LBR
5441,1984,..,LBY
5442,1984,..,LIE
5443,1984,..,LTU
5444,1984,24.8941813701325,LUX
5445,1984,..,MAC
5446,1984,..,MDG
5447,1984,..,MWI
5448,1984,..,MYS
5449,1984,9.26165803108808,MDV
5450,1984,..,MLI
5451,1984,16.8415187923307,MLT
5452,1984,..,MHL
5453,1984,..,MRT
5454,1984,19.2581157792252,MUS
5455,1984,12.6232738045011,MEX
5456,1984,..,FSM
5457,1984,..,MDA
5458,1984,..,MCO
5459,1984,..,MNG
5460,1984,..,MNE
5461,1984,..,MAR
5462,1984,..,MOZ
5463,1984,8.58443574407767,MMR
5464,1984,..,NAM
5465,1984,..,NRU
5466,1984,..,NPL
5467,1984,20.1281034260548,NLD
5468,1984,..,NCL
5469,1984,28.6586095488812,NZL
5470,1984,..,NIC
5471,1984,..,NER
5472,1984,..,NGA
5473,1984,..,MKD
5474,1984,..,MNP
5475,1984,24.5323661463496,NOR
5476,1984,..,OMN
5477,1984,..,PAK
5478,1984,..,PLW
5479,1984,..,PAN
5480,1984,..,PNG
5481,1984,..,PRY
5482,1984,13.0404097287834,PER
5483,1984,..,PHL
5484,1984,..,POL
5485,1984,18.0106344112315,PRT
5486,1984,..,PRI
5487,1984,..,QAT
5488,1984,4.05219948535719,ROU
5489,1984,..,RUS
5490,1984,..,RWA
5491,1984,..,WSM
5492,1984,..,SMR
5493,1984,..,STP
5494,1984,..,SAU
5495,1984,..,SEN
5496,1984,..,SRB
5497,1984,..,SYC
5498,1984,..,SLE
5499,1984,17.663382090754,SGP
5500,1984,..,SXM
5501,1984,..,SVK
5502,1984,..,SVN
5503,1984,..,SLB
5504,1984,..,SOM
5505,1984,19.1003697876317,ZAF
5506,1984,..,SSD
5507,1984,10.5971991573856,ESP
5508,1984,..,LKA
5509,1984,..,KNA
5510,1984,..,LCA
5511,1984,..,MAF
5512,1984,..,VCT
5513,1984,..,SDN
5514,1984,..,SUR
5515,1984,17.716331243855,SWE
5516,1984,7.79276889758414,CHE
5517,1984,..,SYR
5518,1984,..,TJK
5519,1984,..,TZA
5520,1984,14.1067937803599,THA
5521,1984,..,TLS
5522,1984,..,TGO
5523,1984,..,TON
5524,1984,..,TTO
5525,1984,22.9789158505396,TUN
5526,1984,10.8009692186697,TUR
5527,1984,..,TKM
5528,1984,..,TCA
5529,1984,..,TUV
5530,1984,..,UGA
5531,1984,..,UKR
5532,1984,..,ARE
5533,1984,24.7776311010935,GBR
5534,1984,10.1597156537786,USA
5535,1984,13.8692566470918,URY
5536,1984,..,UZB
5537,1984,..,VUT
5538,1984,..,VEN
5539,1984,..,VNM
5540,1984,..,VIR
5541,1984,..,PSE
5542,1984,..,YEM
5543,1984,..,ZMB
5544,1984,..,ZWE
5548,1984,,Data from database: World Development Indicators
5549,1984,,Last Updated: 10/07/2025
5550,1985,..,AFG
5551,1985,..,ALB
5552,1985,..,DZA
5553,1985,..,ASM
5554,1985,..,AND
5555,1985,..,AGO
5556,1985,..,ATG
5557,1985,..,ARG
5558,1985,..,ARM
5559,1985,..,ABW
5560,1985,22.4927070992726,AUS
5561,1985,18.174972932622,AUT
5562,1985,..,AZE
5563,1985,..,BHS
5564,1985,..,BHR
5565,1985,..,BGD
5566,1985,..,BRB
5567,1985,..,BLR
5568,1985,..,BEL
5569,1985,..,BLZ
5570,1985,..,BEN
5571,1985,..,BMU
5572,1985,6.72879359981909,BTN
5573,1985,8.25811409262511,BOL
5574,1985,..,BIH
5575,1985,..,BWA
5576,1985,..,BRA
5577,1985,..,VGB
5578,1985,..,BRN
5579,1985,..,BGR
5580,1985,..,BFA
5581,1985,..,BDI
5582,1985,..,CPV
5583,1985,..,KHM
5584,1985,..,CMR
5585,1985,..,CAN
5586,1985,..,CYM
5587,1985,..,CAF
5588,1985,..,TCD
5589,1985,..,Channel Islands
5590,1985,17.9129369664579,CHL
5591,1985,..,CHN
5592,1985,..,COL
5593,1985,..,COM
5594,1985,..,COD
5595,1985,..,COG
5596,1985,13.2730530245079,CRI
5597,1985,..,CIV
5598,1985,..,HRV
5599,1985,..,CUB
5600,1985,..,CUW
5601,1985,16.5564691732432,CYP
5602,1985,..,CZE
5603,1985,30.6034943812589,DNK
5604,1985,..,DJI
5605,1985,..,DMA
5606,1985,9.69124558967762,DOM
5607,1985,..,ECU
5608,1985,17.254691689008,EGY
5609,1985,..,SLV
5610,1985,..,GNQ
5611,1985,..,ERI
5612,1985,..,EST
5613,1985,..,SWZ
5614,1985,..,ETH
5615,1985,..,FRO
5616,1985,..,FJI
5617,1985,23.4859382548383,FIN
5618,1985,19.8639637697076,FRA
5619,1985,..,PYF
5620,1985,..,GAB
5621,1985,..,GMB
5622,1985,..,GEO
5623,1985,10.1597578749204,DEU
5624,1985,..,GHA
5625,1985,..,GIB
5626,1985,14.0069320569322,GRC
5627,1985,..,GRL
5628,1985,..,GRD
5629,1985,..,GUM
5630,1985,..,GTM
5631,1985,..,GIN
5632,1985,..,GNB
5633,1985,..,GUY
5634,1985,..,HTI
5635,1985,..,HND
5636,1985,..,HKG
5637,1985,29.8572341905933,HUN
5638,1985,20.1044476012051,ISL
5639,1985,10.0754185428104,IND
5640,1985,18.7508973741776,IDN
5641,1985,7.3298096379008,IRN
5642,1985,..,IRQ
5643,1985,27.2055781763724,IRL
5644,1985,..,IMN
5645,1985,33.443111666243,ISR
5646,1985,20.3492079288755,ITA
5647,1985,..,JAM
5648,1985,..,JPN
5649,1985,..,JOR
5650,1985,..,KAZ
5651,1985,..,KEN
5652,1985,..,KIR
5653,1985,..,PRK
5654,1985,13.499421874805,KOR
5655,1985,..,XKX
5656,1985,1.93800252405449,KWT
5657,1985,..,KGZ
5658,1985,..,LAO
5659,1985,..,LVA
5660,1985,..,LBN
5661,1985,35.5810898750737,LSO
5662,1985,..,LBR
5663,1985,..,LBY
5664,1985,..,LIE
5665,1985,..,LTU
5666,1985,24.8655249714358,LUX
5667,1985,..,MAC
5668,1985,..,MDG
5669,1985,..,MWI
5670,1985,..,MYS
5671,1985,9.99113867966327,MDV
5672,1985,..,MLI
5673,1985,17.6766655483894,MLT
5674,1985,..,MHL
5675,1985,..,MRT
5676,1985,17.7713156969784,MUS
5677,1985,12.3125786260335,MEX
5678,1985,..,FSM
5679,1985,..,MDA
5680,1985,..,MCO
5681,1985,..,MNG
5682,1985,..,MNE
5683,1985,..,MAR
5684,1985,..,MOZ
5685,1985,8.25519326447815,MMR
5686,1985,..,NAM
5687,1985,..,NRU
5688,1985,..,NPL
5689,1985,20.31235651826,NLD
5690,1985,..,NCL
5691,1985,29.6938796658998,NZL
5692,1985,..,NIC
5693,1985,..,NER
5694,1985,..,NGA
5695,1985,..,MKD
5696,1985,..,MNP
5697,1985,25.6546029352669,NOR
5698,1985,..,OMN
5699,1985,..,PAK
5700,1985,..,PLW
5701,1985,..,PAN
5702,1985,..,PNG
5703,1985,..,PRY
5704,1985,14.9629940376237,PER
5705,1985,..,PHL
5706,1985,..,POL
5707,1985,17.6159182852221,PRT
5708,1985,..,PRI
5709,1985,..,QAT
5710,1985,4.20183486238532,ROU
5711,1985,..,RUS
5712,1985,..,RWA
5713,1985,..,WSM
5714,1985,..,SMR
5715,1985,..,STP
5716,1985,..,SAU
5717,1985,..,SEN
5718,1985,..,SRB
5719,1985,28.8148273894139,SYC
5720,1985,..,SLE
5721,1985,15.6621670565894,SGP
5722,1985,..,SXM
5723,1985,..,SVK
5724,1985,..,SVN
5725,1985,..,SLB
5726,1985,..,SOM
5727,1985,20.813175645104,ZAF
5728,1985,..,SSD
5729,1985,12.5941795282168,ESP
5730,1985,..,LKA
5731,1985,..,KNA
5732,1985,..,LCA
5733,1985,..,MAF
5734,1985,..,VCT
5735,1985,..,SDN
5736,1985,..,SUR
5737,1985,20.2224341906198,SWE
5738,1985,7.67208944759306,CHE
5739,1985,..,SYR
5740,1985,..,TJK
5741,1985,..,TZA
5742,1985,13.6878368964254,THA
5743,1985,..,TLS
5744,1985,..,TGO
5745,1985,..,TON
5746,1985,..,TTO
5747,1985,21.9996295399171,TUN
5748,1985,11.3456141100711,TUR
5749,1985,..,TKM
5750,1985,..,TCA
5751,1985,..,TUV
5752,1985,..,UGA
5753,1985,..,UKR
5754,1985,..,ARE
5755,1985,25.1335734201353,GBR
5756,1985,10.3842401634117,USA
5757,1985,15.9497526489956,URY
5758,1985,..,UZB
5759,1985,..,VUT
5760,1985,..,VEN
5761,1985,..,VNM
5762,1985,..,VIR
5763,1985,..,PSE
5764,1985,..,YEM
5765,1985,..,ZMB
5766,1985,..,ZWE
5770,1985,,Data from database: World Development Indicators
5771,1985,,Last Updated: 10/07/2025
5772,1986,..,AFG
5773,1986,..,ALB
5774,1986,..,DZA
5775,1986,..,ASM
5776,1986,..,AND
5777,1986,..,AGO
5778,1986,..,ATG
5779,1986,..,ARG
5780,1986,..,ARM
5781,1986,..,ABW
5782,1986,22.554863440345,AUS
5783,1986,18.0430086929315,AUT
5784,1986,..,AZE
5785,1986,..,BHS
5786,1986,..,BHR
5787,1986,..,BGD
5788,1986,..,BRB
5789,1986,..,BLR
5790,1986,..,BEL
5791,1986,..,BLZ
5792,1986,..,BEN
5793,1986,..,BMU
5794,1986,7.1119929270911,BTN
5795,1986,8.01995452889205,BOL
5796,1986,..,BIH
5797,1986,..,BWA
5798,1986,..,BRA
5799,1986,..,VGB
5800,1986,..,BRN
5801,1986,..,BGR
5802,1986,..,BFA
5803,1986,..,BDI
5804,1986,..,CPV
5805,1986,..,KHM
5806,1986,..,CMR
5807,1986,..,CAN
5808,1986,..,CYM
5809,1986,..,CAF
5810,1986,..,TCD
5811,1986,..,Channel Islands
5812,1986,17.6978797236696,CHL
5813,1986,..,CHN
5814,1986,..,COL
5815,1986,..,COM
5816,1986,..,COD
5817,1986,..,COG
5818,1986,13.2573983298679,CRI
5819,1986,..,CIV
5820,1986,..,HRV
5821,1986,..,CUB
5822,1986,..,CUW
5823,1986,16.701230847832,CYP
5824,1986,..,CZE
5825,1986,32.8665235959333,DNK
5826,1986,..,DJI
5827,1986,..,DMA
5828,1986,11.2818955384209,DOM
5829,1986,..,ECU
5830,1986,16.3197278911565,EGY
5831,1986,..,SLV
5832,1986,..,GNQ
5833,1986,..,ERI
5834,1986,..,EST
5835,1986,..,SWZ
5836,1986,..,ETH
5837,1986,..,FRO
5838,1986,..,FJI
5839,1986,23.9809213034645,FIN
5840,1986,19.8274464354591,FRA
5841,1986,..,PYF
5842,1986,..,GAB
5843,1986,..,GMB
5844,1986,..,GEO
5845,1986,9.90160625351422,DEU
5846,1986,..,GHA
5847,1986,..,GIB
5848,1986,15.8125098602694,GRC
5849,1986,..,GRL
5850,1986,..,GRD
5851,1986,..,GUM
5852,1986,..,GTM
5853,1986,..,GIN
5854,1986,..,GNB
5855,1986,..,GUY
5856,1986,..,HTI
5857,1986,..,HND
5858,1986,..,HKG
5859,1986,34.1303782570866,HUN
5860,1986,20.3038898940401,ISL
5861,1986,10.4273088592738,IND
5862,1986,14.620769821124,IDN
5863,1986,6.78425089061527,IRN
5864,1986,..,IRQ
5865,1986,27.3535413039757,IRL
5866,1986,..,IMN
5867,1986,32.5223804455938,ISR
5868,1986,22.1253960450252,ITA
5869,1986,..,JAM
5870,1986,..,JPN
5871,1986,..,JOR
5872,1986,..,KAZ
5873,1986,..,KEN
5874,1986,..,KIR
5875,1986,..,PRK
5876,1986,13.238718347578,KOR
5877,1986,..,XKX
5878,1986,2.09502176890991,KWT
5879,1986,..,KGZ
5880,1986,..,LAO
5881,1986,..,LVA
5882,1986,..,LBN
5883,1986,31.6971536025787,LSO
5884,1986,..,LBR
5885,1986,..,LBY
5886,1986,..,LIE
5887,1986,..,LTU
5888,1986,24.1607882704428,LUX
5889,1986,..,MAC
5890,1986,..,MDG
5891,1986,..,MWI
5892,1986,..,MYS
5893,1986,10.2897693672383,MDV
5894,1986,..,MLI
5895,1986,17.1803216090225,MLT
5896,1986,..,MHL
5897,1986,..,MRT
5898,1986,17.5419850967209,MUS
5899,1986,11.8649988837766,MEX
5900,1986,..,FSM
5901,1986,..,MDA
5902,1986,..,MCO
5903,1986,..,MNG
5904,1986,..,MNE
5905,1986,..,MAR
5906,1986,..,MOZ
5907,1986,7.41173670242276,MMR
5908,1986,..,NAM
5909,1986,..,NRU
5910,1986,..,NPL
5911,1986,21.2274059070687,NLD
5912,1986,..,NCL
5913,1986,30.183079391921,NZL
5914,1986,..,NIC
5915,1986,..,NER
5916,1986,..,NGA
5917,1986,..,MKD
5918,1986,..,MNP
5919,1986,25.6212279519927,NOR
5920,1986,..,OMN
5921,1986,..,PAK
5922,1986,..,PLW
5923,1986,..,PAN
5924,1986,..,PNG
5925,1986,..,PRY
5926,1986,13.3821098484947,PER
5927,1986,..,PHL
5928,1986,..,POL
5929,1986,17.5512542254756,PRT
5930,1986,..,PRI
5931,1986,..,QAT
5932,1986,4.46458383019318,ROU
5933,1986,..,RUS
5934,1986,..,RWA
5935,1986,..,WSM
5936,1986,..,SMR
5937,1986,..,STP
5938,1986,..,SAU
5939,1986,..,SEN
5940,1986,..,SRB
5941,1986,30.0370562177124,SYC
5942,1986,..,SLE
5943,1986,12.7357694649656,SGP
5944,1986,..,SXM
5945,1986,..,SVK
5946,1986,..,SVN
5947,1986,..,SLB
5948,1986,..,SOM
5949,1986,20.1171711868654,ZAF
5950,1986,..,SSD
5951,1986,14.4403252170179,ESP
5952,1986,..,LKA
5953,1986,..,KNA
5954,1986,..,LCA
5955,1986,..,MAF
5956,1986,..,VCT
5957,1986,..,SDN
5958,1986,..,SUR
5959,1986,19.1743284036649,SWE
5960,1986,8.30925643584495,CHE
5961,1986,..,SYR
5962,1986,..,TJK
5963,1986,..,TZA
5964,1986,13.6161466582071,THA
5965,1986,..,TLS
5966,1986,..,TGO
5967,1986,..,TON
5968,1986,..,TTO
5969,1986,22.5168984972907,TUN
5970,1986,11.7281951788689,TUR
5971,1986,..,TKM
5972,1986,..,TCA
5973,1986,..,TUV
5974,1986,..,UGA
5975,1986,..,UKR
5976,1986,..,ARE
5977,1986,24.5006836277848,GBR
5978,1986,10.1630458873215,USA
5979,1986,16.7632284386865,URY
5980,1986,..,UZB
5981,1986,..,VUT
5982,1986,..,VEN
5983,1986,..,VNM
5984,1986,..,VIR
5985,1986,..,PSE
5986,1986,..,YEM
5987,1986,..,ZMB
5988,1986,..,ZWE
5992,1986,,Data from database: World Development Indicators
5993,1986,,Last Updated: 10/07/2025
5994,1987,..,AFG
5995,1987,..,ALB
5996,1987,..,DZA
5997,1987,..,ASM
5998,1987,..,AND
5999,1987,..,AGO
6000,1987,..,ATG
6001,1987,..,ARG
6002,1987,..,ARM
6003,1987,..,ABW
6004,1987,23.2112052408456,AUS
6005,1987,17.7897642109356,AUT
6006,1987,..,AZE
6007,1987,..,BHS
6008,1987,..,BHR
6009,1987,..,BGD
6010,1987,..,BRB
6011,1987,..,BLR
6012,1987,..,BEL
6013,1987,..,BLZ
6014,1987,..,BEN
6015,1987,..,BMU
6016,1987,..,BTN
6017,1987,7.94905256695826,BOL
6018,1987,..,BIH
6019,1987,..,BWA
6020,1987,..,BRA
6021,1987,..,VGB
6022,1987,..,BRN
6023,1987,..,BGR
6024,1987,..,BFA
6025,1987,..,BDI
6026,1987,..,CPV
6027,1987,..,KHM
6028,1987,..,CMR
6029,1987,..,CAN
6030,1987,..,CYM
6031,1987,..,CAF
6032,1987,..,TCD
6033,1987,..,Channel Islands
6034,1987,16.5445349918325,CHL
6035,1987,..,CHN
6036,1987,..,COL
6037,1987,..,COM
6038,1987,..,COD
6039,1987,..,COG
6040,1987,14.4341578176762,CRI
6041,1987,..,CIV
6042,1987,..,HRV
6043,1987,..,CUB
6044,1987,..,CUW
6045,1987,16.3313115500614,CYP
6046,1987,..,CZE
6047,1987,32.2898571607778,DNK
6048,1987,..,DJI
6049,1987,..,DMA
6050,1987,11.2446214001321,DOM
6051,1987,..,ECU
6052,1987,14.5708737864078,EGY
6053,1987,..,SLV
6054,1987,..,GNQ
6055,1987,..,ERI
6056,1987,..,EST
6057,1987,..,SWZ
6058,1987,..,ETH
6059,1987,..,FRO
6060,1987,..,FJI
6061,1987,22.6733444515387,FIN
6062,1987,20.0390899078666,FRA
6063,1987,..,PYF
6064,1987,..,GAB
6065,1987,..,GMB
6066,1987,..,GEO
6067,1987,10.0478215258496,DEU
6068,1987,..,GHA
6069,1987,..,GIB
6070,1987,16.586142787069,GRC
6071,1987,..,GRL
6072,1987,..,GRD
6073,1987,..,GUM
6074,1987,..,GTM
6075,1987,..,GIN
6076,1987,..,GNB
6077,1987,..,GUY
6078,1987,..,HTI
6079,1987,..,HND
6080,1987,..,HKG
6081,1987,34.1481003703144,HUN
6082,1987,20.6938340196252,ISL
6083,1987,10.4083099657377,IND
6084,1987,15.083694595844,IDN
6085,1987,6.00533842477042,IRN
6086,1987,..,IRQ
6087,1987,27.4480500856862,IRL
6088,1987,..,IMN
6089,1987,29.9367185613175,ISR
6090,1987,21.4429170554543,ITA
6091,1987,..,JAM
6092,1987,..,JPN
6093,1987,..,JOR
6094,1987,..,KAZ
6095,1987,..,KEN
6096,1987,..,KIR
6097,1987,..,PRK
6098,1987,13.4562826936888,KOR
6099,1987,..,XKX
6100,1987,1.26738031622326,KWT
6101,1987,..,KGZ
6102,1987,..,LAO
6103,1987,..,LVA
6104,1987,..,LBN
6105,1987,31.9131915923134,LSO
6106,1987,..,LBR
6107,1987,..,LBY
6108,1987,..,LIE
6109,1987,..,LTU
6110,1987,24.3602784760468,LUX
6111,1987,..,MAC
6112,1987,..,MDG
6113,1987,..,MWI
6114,1987,..,MYS
6115,1987,12.2840690978887,MDV
6116,1987,..,MLI
6117,1987,16.5521534464962,MLT
6118,1987,..,MHL
6119,1987,..,MRT
6120,1987,17.5760856015597,MUS
6121,1987,12.7475743653032,MEX
6122,1987,..,FSM
6123,1987,..,MDA
6124,1987,..,MCO
6125,1987,..,MNG
6126,1987,..,MNE
6127,1987,..,MAR
6128,1987,..,MOZ
6129,1987,6.3655418074506,MMR
6130,1987,..,NAM
6131,1987,..,NRU
6132,1987,..,NPL
6133,1987,22.5021232879089,NLD
6134,1987,..,NCL
6135,1987,33.2464585760716,NZL
6136,1987,..,NIC
6137,1987,..,NER
6138,1987,..,NGA
6139,1987,..,MKD
6140,1987,..,MNP
6141,1987,23.628152987837,NOR
6142,1987,..,OMN
6143,1987,..,PAK
6144,1987,..,PLW
6145,1987,..,PAN
6146,1987,..,PNG
6147,1987,..,PRY
6148,1987,9.97441585342314,PER
6149,1987,..,PHL
6150,1987,..,POL
6151,1987,15.5744268546693,PRT
6152,1987,..,PRI
6153,1987,..,QAT
6154,1987,4.4633771151343,ROU
6155,1987,..,RUS
6156,1987,..,RWA
6157,1987,..,WSM
6158,1987,..,SMR
6159,1987,..,STP
6160,1987,..,SAU
6161,1987,..,SEN
6162,1987,..,SRB
6163,1987,32.7633815655736,SYC
6164,1987,..,SLE
6165,1987,13.0780798911075,SGP
6166,1987,..,SXM
6167,1987,..,SVK
6168,1987,..,SVN
6169,1987,..,SLB
6170,1987,..,SOM
6171,1987,19.9058763673366,ZAF
6172,1987,..,SSD
6173,1987,15.5766802739623,ESP
6174,1987,..,LKA
6175,1987,..,KNA
6176,1987,..,LCA
6177,1987,..,MAF
6178,1987,..,VCT
6179,1987,..,SDN
6180,1987,..,SUR
6181,1987,21.6012049697405,SWE
6182,1987,7.96664369750685,CHE
6183,1987,..,SYR
6184,1987,..,TJK
6185,1987,..,TZA
6186,1987,13.6499906061981,THA
6187,1987,..,TLS
6188,1987,..,TGO
6189,1987,..,TON
6190,1987,..,TTO
6191,1987,20.5617711846477,TUN
6192,1987,12.1419557050878,TUR
6193,1987,..,TKM
6194,1987,..,TCA
6195,1987,..,TUV
6196,1987,..,UGA
6197,1987,..,UKR
6198,1987,..,ARE
6199,1987,23.1587950829559,GBR
6200,1987,10.9488457256785,USA
6201,1987,15.9654463471062,URY
6202,1987,..,UZB
6203,1987,..,VUT
6204,1987,..,VEN
6205,1987,..,VNM
6206,1987,..,VIR
6207,1987,..,PSE
6208,1987,..,YEM
6209,1987,..,ZMB
6210,1987,..,ZWE
6214,1987,,Data from database: World Development Indicators
6215,1987,,Last Updated: 10/07/2025
6216,1988,..,AFG
6217,1988,..,ALB
6218,1988,..,DZA
6219,1988,..,ASM
6220,1988,..,AND
6221,1988,..,AGO
6222,1988,..,ATG
6223,1988,..,ARG
6224,1988,..,ARM
6225,1988,..,ABW
6226,1988,23.1291322377704,AUS
6227,1988,18.6357946612864,AUT
6228,1988,..,AZE
6229,1988,..,BHS
6230,1988,..,BHR
6231,1988,..,BGD
6232,1988,..,BRB
6233,1988,..,BLR
6234,1988,..,BEL
6235,1988,..,BLZ
6236,1988,..,BEN
6237,1988,..,BMU
6238,1988,6.22493994439051,BTN
6239,1988,7.28055147595597,BOL
6240,1988,..,BIH
6241,1988,..,BWA
6242,1988,..,BRA
6243,1988,..,VGB
6244,1988,..,BRN
6245,1988,..,BGR
6246,1988,..,BFA
6247,1988,..,BDI
6248,1988,..,CPV
6249,1988,..,KHM
6250,1988,..,CMR
6251,1988,..,CAN
6252,1988,..,CYM
6253,1988,..,CAF
6254,1988,..,TCD
6255,1988,..,Channel Islands
6256,1988,14.3013857925166,CHL
6257,1988,..,CHN
6258,1988,..,COL
6259,1988,..,COM
6260,1988,..,COD
6261,1988,..,COG
6262,1988,14.7022326120795,CRI
6263,1988,..,CIV
6264,1988,..,HRV
6265,1988,..,CUB
6266,1988,..,CUW
6267,1988,17.3866421933943,CYP
6268,1988,..,CZE
6269,1988,32.4493923075407,DNK
6270,1988,..,DJI
6271,1988,..,DMA
6272,1988,11.7008873533127,DOM
6273,1988,..,ECU
6274,1988,14.349025974026,EGY
6275,1988,..,SLV
6276,1988,..,GNQ
6277,1988,..,ERI
6278,1988,..,EST
6279,1988,..,SWZ
6280,1988,..,ETH
6281,1988,..,FRO
6282,1988,..,FJI
6283,1988,24.1936366598384,FIN
6284,1988,19.3648715377277,FRA
6285,1988,..,PYF
6286,1988,..,GAB
6287,1988,..,GMB
6288,1988,..,GEO
6289,1988,9.7806399941492,DEU
6290,1988,..,GHA
6291,1988,..,GIB
6292,1988,15.3105815237433,GRC
6293,1988,..,GRL
6294,1988,..,GRD
6295,1988,..,GUM
6296,1988,..,GTM
6297,1988,..,GIN
6298,1988,..,GNB
6299,1988,..,GUY
6300,1988,..,HTI
6301,1988,..,HND
6302,1988,..,HKG
6303,1988,33.5211515596914,HUN
6304,1988,22.3058644657361,ISL
6305,1988,10.3567380103189,IND
6306,1988,15.0839380513536,IDN
6307,1988,5.43455242310344,IRN
6308,1988,..,IRQ
6309,1988,28.7512582256717,IRL
6310,1988,..,IMN
6311,1988,28.268450594268,ISR
6312,1988,23.1869646681084,ITA
6313,1988,23.4781336217276,JAM
6314,1988,..,JPN
6315,1988,..,JOR
6316,1988,..,KAZ
6317,1988,..,KEN
6318,1988,..,KIR
6319,1988,..,PRK
6320,1988,13.3744581138904,KOR
6321,1988,..,XKX
6322,1988,1.22982057143041,KWT
6323,1988,..,KGZ
6324,1988,..,LAO
6325,1988,..,LVA
6326,1988,..,LBN
6327,1988,30.6437131263782,LSO
6328,1988,..,LBR
6329,1988,..,LBY
6330,1988,..,LIE
6331,1988,..,LTU
6332,1988,23.5610686583078,LUX
6333,1988,..,MAC
6334,1988,..,MDG
6335,1988,..,MWI
6336,1988,..,MYS
6337,1988,13.5706565793029,MDV
6338,1988,..,MLI
6339,1988,17.5989121840081,MLT
6340,1988,..,MHL
6341,1988,..,MRT
6342,1988,19.0101606257892,MUS
6343,1988,11.4119619762249,MEX
6344,1988,..,FSM
6345,1988,..,MDA
6346,1988,..,MCO
6347,1988,..,MNG
6348,1988,..,MNE
6349,1988,..,MAR
6350,1988,..,MOZ
6351,1988,4.49352671473442,MMR
6352,1988,..,NAM
6353,1988,..,NRU
6354,1988,..,NPL
6355,1988,22.57585646093,NLD
6356,1988,..,NCL
6357,1988,32.7002865819753,NZL
6358,1988,..,NIC
6359,1988,..,NER
6360,1988,..,NGA
6361,1988,..,MKD
6362,1988,..,MNP
6363,1988,22.154275663922,NOR
6364,1988,..,OMN
6365,1988,..,PAK
6366,1988,..,PLW
6367,1988,..,PAN
6368,1988,..,PNG
6369,1988,..,PRY
6370,1988,9.6635826761263,PER
6371,1988,..,PHL
6372,1988,..,POL
6373,1988,16.9867320693814,PRT
6374,1988,..,PRI
6375,1988,..,QAT
6376,1988,4.52625437572929,ROU
6377,1988,..,RUS
6378,1988,..,RWA
6379,1988,..,WSM
6380,1988,..,SMR
6381,1988,..,STP
6382,1988,..,SAU
6383,1988,..,SEN
6384,1988,..,SRB
6385,1988,33.8303356555854,SYC
6386,1988,..,SLE
6387,1988,14.0720126215791,SGP
6388,1988,..,SXM
6389,1988,..,SVK
6390,1988,..,SVN
6391,1988,..,SLB
6392,1988,..,SOM
6393,1988,20.8386212498096,ZAF
6394,1988,..,SSD
6395,1988,15.4079672737735,ESP
6396,1988,..,LKA
6397,1988,..,KNA
6398,1988,..,LCA
6399,1988,..,MAF
6400,1988,..,VCT
6401,1988,..,SDN
6402,1988,..,SUR
6403,1988,21.703621069141,SWE
6404,1988,8.33860184481515,CHE
6405,1988,..,SYR
6406,1988,..,TJK
6407,1988,..,TZA
6408,1988,14.8067322617296,THA
6409,1988,..,TLS
6410,1988,..,TGO
6411,1988,..,TON
6412,1988,..,TTO
6413,1988,20.5008890838972,TUN
6414,1988,11.0271659012029,TUR
6415,1988,..,TKM
6416,1988,..,TCA
6417,1988,..,TUV
6418,1988,..,UGA
6419,1988,..,UKR
6420,1988,..,ARE
6421,1988,22.990749915473,GBR
6422,1988,10.5959432728889,USA
6423,1988,15.1891030767731,URY
6424,1988,..,UZB
6425,1988,..,VUT
6426,1988,..,VEN
6427,1988,..,VNM
6428,1988,..,VIR
6429,1988,..,PSE
6430,1988,..,YEM
6431,1988,..,ZMB
6432,1988,..,ZWE
6436,1988,,Data from database: World Development Indicators
6437,1988,,Last Updated: 10/07/2025
6438,1989,..,AFG
6439,1989,..,ALB
6440,1989,..,DZA
6441,1989,..,ASM
6442,1989,..,AND
6443,1989,..,AGO
6444,1989,..,ATG
6445,1989,..,ARG
6446,1989,..,ARM
6447,1989,..,ABW
6448,1989,22.6439122406864,AUS
6449,1989,17.8757688140675,AUT
6450,1989,..,AZE
6451,1989,..,BHS
6452,1989,..,BHR
6453,1989,..,BGD
6454,1989,..,BRB
6455,1989,..,BLR
6456,1989,..,BEL
6457,1989,..,BLZ
6458,1989,..,BEN
6459,1989,..,BMU
6460,1989,5.41139381452257,BTN
6461,1989,7.09474320469439,BOL
6462,1989,..,BIH
6463,1989,..,BWA
6464,1989,..,BRA
6465,1989,..,VGB
6466,1989,..,BRN
6467,1989,..,BGR
6468,1989,..,BFA
6469,1989,..,BDI
6470,1989,..,CPV
6471,1989,..,KHM
6472,1989,..,CMR
6473,1989,..,CAN
6474,1989,..,CYM
6475,1989,..,CAF
6476,1989,..,TCD
6477,1989,..,Channel Islands
6478,1989,13.8639366518689,CHL
6479,1989,..,CHN
6480,1989,..,COL
6481,1989,..,COM
6482,1989,..,COD
6483,1989,..,COG
6484,1989,13.7047507846128,CRI
6485,1989,..,CIV
6486,1989,..,HRV
6487,1989,..,CUB
6488,1989,..,CUW
6489,1989,18.3570374303086,CYP
6490,1989,..,CZE
6491,1989,31.4237824649966,DNK
6492,1989,..,DJI
6493,1989,..,DMA
6494,1989,12.3845917958153,DOM
6495,1989,..,ECU
6496,1989,13.838961038961,EGY
6497,1989,..,SLV
6498,1989,..,GNQ
6499,1989,..,ERI
6500,1989,..,EST
6501,1989,..,SWZ
6502,1989,..,ETH
6503,1989,..,FRO
6504,1989,..,FJI
6505,1989,24.65258657057,FIN
6506,1989,19.0634903538658,FRA
6507,1989,..,PYF
6508,1989,..,GAB
6509,1989,..,GMB
6510,1989,..,GEO
6511,1989,10.213302792935,DEU
6512,1989,..,GHA
6513,1989,..,GIB
6514,1989,13.1836602159742,GRC
6515,1989,..,GRL
6516,1989,..,GRD
6517,1989,..,GUM
6518,1989,..,GTM
6519,1989,7.82541461561339,GIN
6520,1989,..,GNB
6521,1989,..,GUY
6522,1989,..,HTI
6523,1989,..,HND
6524,1989,..,HKG
6525,1989,28.8376371736574,HUN
6526,1989,23.4416548703798,ISL
6527,1989,10.4683445142138,IND
6528,1989,15.9572018252866,IDN
6529,1989,5.36975044366856,IRN
6530,1989,..,IRQ
6531,1989,25.8291536818143,IRL
6532,1989,..,IMN
6533,1989,26.5109337708267,ISR
6534,1989,23.8926058636591,ITA
6535,1989,24.4940968000882,JAM
6536,1989,..,JPN
6537,1989,..,JOR
6538,1989,..,KAZ
6539,1989,..,KEN
6540,1989,..,KIR
6541,1989,..,PRK
6542,1989,12.835807572656,KOR
6543,1989,..,XKX
6544,1989,1.17599291111473,KWT
6545,1989,..,KGZ
6546,1989,..,LAO
6547,1989,..,LVA
6548,1989,..,LBN
6549,1989,34.1989953962846,LSO
6550,1989,..,LBR
6551,1989,..,LBY
6552,1989,..,LIE
6553,1989,..,LTU
6554,1989,22.5975801145433,LUX
6555,1989,..,MAC
6556,1989,..,MDG
6557,1989,..,MWI
6558,1989,..,MYS
6559,1989,..,MDV
6560,1989,..,MLI
6561,1989,17.8970137020048,MLT
6562,1989,..,MHL
6563,1989,..,MRT
6564,1989,19.8262230758598,MUS
6565,1989,12.1392112213917,MEX
6566,1989,..,FSM
6567,1989,..,MDA
6568,1989,..,MCO
6569,1989,..,MNG
6570,1989,..,MNE
6571,1989,..,MAR
6572,1989,..,MOZ
6573,1989,4.26178737654007,MMR
6574,1989,..,NAM
6575,1989,..,NRU
6576,1989,..,NPL
6577,1989,21.8612157478355,NLD
6578,1989,..,NCL
6579,1989,..,NZL
6580,1989,..,NIC
6581,1989,..,NER
6582,1989,..,NGA
6583,1989,..,MKD
6584,1989,..,MNP
6585,1989,20.477650020603,NOR
6586,1989,..,OMN
6587,1989,..,PAK
6588,1989,..,PLW
6589,1989,..,PAN
6590,1989,..,PNG
6591,1989,..,PRY
6592,1989,7.92165902441559,PER
6593,1989,..,PHL
6594,1989,..,POL
6595,1989,17.7391216077902,PRT
6596,1989,..,PRI
6597,1989,..,QAT
6598,1989,5.1175,ROU
6599,1989,..,RUS
6600,1989,10.8269292690858,RWA
6601,1989,..,WSM
6602,1989,..,SMR
6603,1989,..,STP
6604,1989,..,SAU
6605,1989,..,SEN
6606,1989,..,SRB
6607,1989,34.5749514418399,SYC
6608,1989,..,SLE
6609,1989,15.687873622744,SGP
6610,1989,..,SXM
6611,1989,..,SVK
6612,1989,..,SVN
6613,1989,..,SLB
6614,1989,..,SOM
6615,1989,23.1888353711251,ZAF
6616,1989,..,SSD
6617,1989,16.7399100903837,ESP
6618,1989,..,LKA
6619,1989,..,KNA
6620,1989,..,LCA
6621,1989,..,MAF
6622,1989,..,VCT
6623,1989,..,SDN
6624,1989,..,SUR
6625,1989,21.3182515108084,SWE
6626,1989,7.82486553334724,CHE
6627,1989,..,SYR
6628,1989,..,TJK
6629,1989,..,TZA
6630,1989,15.5805728846838,THA
6631,1989,..,TLS
6632,1989,..,TGO
6633,1989,..,TON
6634,1989,..,TTO
6635,1989,20.151409295196,TUN
6636,1989,11.2491911321247,TUR
6637,1989,..,TKM
6638,1989,..,TCA
6639,1989,..,TUV
6640,1989,..,UGA
6641,1989,..,UKR
6642,1989,..,ARE
6643,1989,22.7622715847149,GBR
6644,1989,10.7824403801772,USA
6645,1989,14.532178094581,URY
6646,1989,..,UZB
6647,1989,..,VUT
6648,1989,..,VEN
6649,1989,..,VNM
6650,1989,..,VIR
6651,1989,..,PSE
6652,1989,..,YEM
6653,1989,..,ZMB
6654,1989,..,ZWE
6658,1989,,Data from database: World Development Indicators
6659,1989,,Last Updated: 10/07/2025
6660,1990,..,AFG
6661,1990,..,ALB
6662,1990,..,DZA
6663,1990,..,ASM
6664,1990,..,AND
6665,1990,..,AGO
6666,1990,..,ATG
6667,1990,4.83851314669697,ARG
6668,1990,..,ARM
6669,1990,..,ABW
6670,1990,22.429781840016,AUS
6671,1990,18.0517896686192,AUT
6672,1990,..,AZE
6673,1990,13.8629185091598,BHS
6674,1990,4.56210399299131,BHR
6675,1990,..,BGD
6676,1990,..,BRB
6677,1990,..,BLR
6678,1990,..,BEL
6679,1990,16.1597368180572,BLZ
6680,1990,..,BEN
6681,1990,..,BMU
6682,1990,4.60005636623578,BTN
6683,1990,7.23622459330852,BOL
6684,1990,..,BIH
6685,1990,27.5016129375315,BWA
6686,1990,..,BRA
6687,1990,..,VGB
6688,1990,..,BRN
6689,1990,23.8331284450966,BGR
6690,1990,..,BFA
6691,1990,..,BDI
6692,1990,..,CPV
6693,1990,..,KHM
6694,1990,9.76735861979995,CMR
6695,1990,14.1121292420859,CAN
6696,1990,..,CYM
6697,1990,..,CAF
6698,1990,..,TCD
6699,1990,..,Channel Islands
6700,1990,13.1916391519859,CHL
6701,1990,..,CHN
6702,1990,..,COL
6703,1990,..,COM
6704,1990,9.29067611352159,COD
6705,1990,..,COG
6706,1990,13.0573346474185,CRI
6707,1990,18.0109074301712,CIV
6708,1990,..,HRV
6709,1990,..,CUB
6710,1990,..,CUW
6711,1990,18.029893977896,CYP
6712,1990,..,CZE
6713,1990,29.7309607065473,DNK
6714,1990,..,DJI
6715,1990,..,DMA
6716,1990,10.2967892812404,DOM
6717,1990,..,ECU
6718,1990,13.2348643006263,EGY
6719,1990,..,SLV
6720,1990,..,GNQ
6721,1990,..,ERI
6722,1990,..,EST
6723,1990,..,SWZ
6724,1990,8.42888434813352,ETH
6725,1990,..,FRO
6726,1990,22.7570707070707,FJI
6727,1990,24.4172393128129,FIN
6728,1990,18.9060035959745,FRA
6729,1990,..,PYF
6730,1990,..,GAB
6731,1990,18.2047799785766,GMB
6732,1990,..,GEO
6733,1990,9.79639199253197,DEU
6734,1990,11.4367986938714,GHA
6735,1990,..,GIB
6736,1990,15.3345693084335,GRC
6737,1990,..,GRL
6738,1990,..,GRD
6739,1990,..,GUM
6740,1990,6.86521167042449,GTM
6741,1990,8.30241553782468,GIN
6742,1990,..,GNB
6743,1990,..,GUY
6744,1990,..,HTI
6745,1990,..,HND
6746,1990,..,HKG
6747,1990,28.0331616252036,HUN
6748,1990,23.5075072541552,ISL
6749,1990,9.99359139610285,IND
6750,1990,19.1370837619352,IDN
6751,1990,5.57223654550186,IRN
6752,1990,..,IRQ
6753,1990,25.3599191864928,IRL
6754,1990,..,IMN
6755,1990,25.5402891697639,ISR
6756,1990,24.1221330622167,ITA
6757,1990,23.4864850280994,JAM
6758,1990,..,JPN
6759,1990,18.0065915758212,JOR
6760,1990,..,KAZ
6761,1990,..,KEN
6762,1990,..,KIR
6763,1990,..,PRK
6764,1990,13.4191812569245,KOR
6765,1990,..,XKX
6766,1990,1.54507084715104,KWT
6767,1990,..,KGZ
6768,1990,..,LAO
6769,1990,..,LVA
6770,1990,..,LBN
6771,1990,..,LSO
6772,1990,..,LBR
6773,1990,..,LBY
6774,1990,..,LIE
6775,1990,..,LTU
6776,1990,22.8762783310351,LUX
6777,1990,..,MAC
6778,1990,7.39190795400097,MDG
6779,1990,..,MWI
6780,1990,..,MYS
6781,1990,13.9623192639112,MDV
6782,1990,..,MLI
6783,1990,18.2170565106161,MLT
6784,1990,..,MHL
6785,1990,..,MRT
6786,1990,19.3857925267581,MUS
6787,1990,11.8483646611837,MEX
6788,1990,..,FSM
6789,1990,..,MDA
6790,1990,..,MCO
6791,1990,..,MNG
6792,1990,..,MNE
6793,1990,18.676721475858,MAR
6794,1990,..,MOZ
6795,1990,6.19778414572987,MMR
6796,1990,23.0105648831849,NAM
6797,1990,..,NRU
6798,1990,6.99669296820608,NPL
6799,1990,23.2519977765877,NLD
6800,1990,..,NCL
6801,1990,..,NZL
6802,1990,26.2658373469951,NIC
6803,1990,..,NER
6804,1990,..,NGA
6805,1990,..,MKD
6806,1990,..,MNP
6807,1990,21.3044817639536,NOR
6808,1990,..,OMN
6809,1990,..,PAK
6810,1990,..,PLW
6811,1990,..,PAN
6812,1990,20.0734672648072,PNG
6813,1990,..,PRY
6814,1990,10.7238952091512,PER
6815,1990,12.3546103589205,PHL
6816,1990,..,POL
6817,1990,17.6685020230288,PRT
6818,1990,..,PRI
6819,1990,..,QAT
6820,1990,23.0563002680965,ROU
6821,1990,..,RUS
6822,1990,8.78380627032784,RWA
6823,1990,..,WSM
6824,1990,..,SMR
6825,1990,..,STP
6826,1990,..,SAU
6827,1990,..,SEN
6828,1990,..,SRB
6829,1990,..,SYC
6830,1990,..,SLE
6831,1990,14.5462695925654,SGP
6832,1990,..,SXM
6833,1990,..,SVK
6834,1990,..,SVN
6835,1990,..,SLB
6836,1990,..,SOM
6837,1990,21.1874515142874,ZAF
6838,1990,..,SSD
6839,1990,15.722037702761,ESP
6840,1990,19.0208338512791,LKA
6841,1990,14.3862938970338,KNA
6842,1990,..,LCA
6843,1990,..,MAF
6844,1990,18.2591411269819,VCT
6845,1990,..,SDN
6846,1990,..,SUR
6847,1990,21.6511372715562,SWE
6848,1990,7.9537221560364,CHE
6849,1990,..,SYR
6850,1990,..,TJK
6851,1990,..,TZA
6852,1990,16.9073230109204,THA
6853,1990,..,TLS
6854,1990,..,TGO
6855,1990,..,TON
6856,1990,..,TTO
6857,1990,19.9534010743641,TUN
6858,1990,11.5583312683401,TUR
6859,1990,..,TKM
6860,1990,..,TCA
6861,1990,..,TUV
6862,1990,..,UGA
6863,1990,..,UKR
6864,1990,..,ARE
6865,1990,24.1512945995683,GBR
6866,1990,10.4652847558268,USA
6867,1990,16.2025863999242,URY
6868,1990,..,UZB
6869,1990,20.1851383479185,VUT
6870,1990,..,VEN
6871,1990,..,VNM
6872,1990,..,VIR
6873,1990,..,PSE
6874,1990,..,YEM
6875,1990,19.4828833598024,ZMB
6876,1990,..,ZWE
6880,1990,,Data from database: World Development Indicators
6881,1990,,Last Updated: 10/07/2025
6882,1991,..,AFG
6883,1991,..,ALB
6884,1991,..,DZA
6885,1991,..,ASM
6886,1991,..,AND
6887,1991,..,AGO
6888,1991,..,ATG
6889,1991,5.00823654744009,ARG
6890,1991,..,ARM
6891,1991,..,ABW
6892,1991,22.3284023383703,AUS
6893,1991,18.2386167567911,AUT
6894,1991,..,AZE
6895,1991,13.6379999742861,BHS
6896,1991,4.43354361335122,BHR
6897,1991,..,BGD
6898,1991,..,BRB
6899,1991,..,BLR
6900,1991,..,BEL
6901,1991,15.4255568581477,BLZ
6902,1991,..,BEN
6903,1991,..,BMU
6904,1991,5.15290674353183,BTN
6905,1991,7.93272957509908,BOL
6906,1991,..,BIH
6907,1991,25.557193488693,BWA
6908,1991,..,BRA
6909,1991,..,VGB
6910,1991,..,BRN
6911,1991,22.3338246131172,BGR
6912,1991,..,BFA
6913,1991,15.142662979358,BDI
6914,1991,..,CPV
6915,1991,..,KHM
6916,1991,8.90515524474841,CMR
6917,1991,14.3976756016547,CAN
6918,1991,..,CYM
6919,1991,..,CAF
6920,1991,..,TCD
6921,1991,..,Channel Islands
6922,1991,15.0741621731857,CHL
6923,1991,..,CHN
6924,1991,..,COL
6925,1991,..,COM
6926,1991,4.144,COD
6927,1991,..,COG
6928,1991,10.5863515072178,CRI
6929,1991,..,CIV
6930,1991,14.4957108971146,HRV
6931,1991,..,CUB
6932,1991,..,CUW
6933,1991,16.980221989016,CYP
6934,1991,..,CZE
6935,1991,29.1386375357092,DNK
6936,1991,..,DJI
6937,1991,..,DMA
6938,1991,7.59081769799995,DOM
6939,1991,..,ECU
6940,1991,14.7377777777778,EGY
6941,1991,..,SLV
6942,1991,..,GNQ
6943,1991,..,ERI
6944,1991,17.5799392838281,EST
6945,1991,..,SWZ
6946,1991,7.26923684243452,ETH
6947,1991,..,FRO
6948,1991,21.871694417238,FJI
6949,1991,24.4354630930636,FIN
6950,1991,19.0732292787978,FRA
6951,1991,..,PYF
6952,1991,..,GAB
6953,1991,..,GMB
6954,1991,..,GEO
6955,1991,11.5872606982866,DEU
6956,1991,13.1595956217207,GHA
6957,1991,..,GIB
6958,1991,..,GRC
6959,1991,..,GRL
6960,1991,..,GRD
6961,1991,..,GUM
6962,1991,7.32568643787739,GTM
6963,1991,7.36967442326664,GIN
6964,1991,..,GNB
6965,1991,..,GUY
6966,1991,..,HTI
6967,1991,..,HND
6968,1991,..,HKG
6969,1991,25.4661872727268,HUN
6970,1991,22.856920901229,ISL
6971,1991,10.1709224201253,IND
6972,1991,17.1896969094773,IDN
6973,1991,6.16189081195031,IRN
6974,1991,..,IRQ
6975,1991,25.6292256645924,IRL
6976,1991,..,IMN
6977,1991,19.1399638784649,ISR
6978,1991,24.7514761679175,ITA
6979,1991,23.0828644767169,JAM
6980,1991,12.9040620944778,JPN
6981,1991,17.9499661933739,JOR
6982,1991,..,KAZ
6983,1991,..,KEN
6984,1991,..,KIR
6985,1991,..,PRK
6986,1991,12.5358223795587,KOR
6987,1991,..,XKX
6988,1991,0.255607395220378,KWT
6989,1991,..,KGZ
6990,1991,..,LAO
6991,1991,..,LVA
6992,1991,..,LBN
6993,1991,27.756576351192,LSO
6994,1991,..,LBR
6995,1991,..,LBY
6996,1991,..,LIE
6997,1991,18.2852443213261,LTU
6998,1991,21.6080563317211,LUX
6999,1991,..,MAC
7000,1991,5.62645103861063,MDG
7001,1991,..,MWI
7002,1991,..,MYS
7003,1991,14.6140952989065,MDV
7004,1991,..,MLI
7005,1991,18.4817231961888,MLT
7006,1991,..,MHL
7007,1991,..,MRT
7008,1991,20.0238380895215,MUS
7009,1991,11.5944926057709,MEX
7010,1991,..,FSM
7011,1991,..,MDA
7012,1991,..,MCO
7013,1991,..,MNG
7014,1991,..,MNE
7015,1991,18.4154193783175,MAR
7016,1991,..,MOZ
7017,1991,5.61020629285277,MMR
7018,1991,26.9573305262972,NAM
7019,1991,..,NRU
7020,1991,6.62030193617176,NPL
7021,1991,24.455125791806,NLD
7022,1991,..,NCL
7023,1991,..,NZL
7024,1991,18.2393673743543,NIC
7025,1991,..,NER
7026,1991,..,NGA
7027,1991,..,MKD
7028,1991,..,MNP
7029,1991,21.5761049099656,NOR
7030,1991,..,OMN
7031,1991,..,PAK
7032,1991,..,PLW
7033,1991,..,PAN
7034,1991,17.7335256268028,PNG
7035,1991,..,PRY
7036,1991,11.0279442716709,PER
7037,1991,12.8095883534011,PHL
7038,1991,..,POL
7039,1991,18.2911382360453,PRT
7040,1991,..,PRI
7041,1991,..,QAT
7042,1991,22.5218930078497,ROU
7043,1991,..,RUS
7044,1991,9.26006396078645,RWA
7045,1991,..,WSM
7046,1991,..,SMR
7047,1991,..,STP
7048,1991,..,SAU
7049,1991,..,SEN
7050,1991,..,SRB
7051,1991,..,SYC
7052,1991,..,SLE
7053,1991,15.1815315980586,SGP
7054,1991,..,SXM
7055,1991,..,SVK
7056,1991,..,SVN
7057,1991,..,SLB
7058,1991,..,SOM
7059,1991,20.9961429260192,ZAF
7060,1991,..,SSD
7061,1991,15.7882501324313,ESP
7062,1991,18.3047979696249,LKA
7063,1991,14.5853625768314,KNA
7064,1991,..,LCA
7065,1991,..,MAF
7066,1991,19.5773501540608,VCT
7067,1991,..,SDN
7068,1991,..,SUR
7069,1991,19.695476246688,SWE
7070,1991,7.7608400962141,CHE
7071,1991,..,SYR
7072,1991,..,TJK
7073,1991,..,TZA
7074,1991,17.4135039767451,THA
7075,1991,..,TLS
7076,1991,..,TGO
7077,1991,..,TON
7078,1991,..,TTO
7079,1991,20.3844107475392,TUN
7080,1991,12.4951735146288,TUR
7081,1991,..,TKM
7082,1991,..,TCA
7083,1991,..,TUV
7084,1991,..,UGA
7085,1991,..,UKR
7086,1991,..,ARE
7087,1991,24.847137041141,GBR
7088,1991,10.3203424286825,USA
7089,1991,16.7932403160897,URY
7090,1991,..,UZB
7091,1991,..,VUT
7092,1991,..,VEN
7093,1991,..,VNM
7094,1991,..,VIR
7095,1991,..,PSE
7096,1991,..,YEM
7097,1991,17.4938311988777,ZMB
7098,1991,..,ZWE
7102,1991,,Data from database: World Development Indicators
7103,1991,,Last Updated: 10/07/2025
7104,1992,..,AFG
7105,1992,..,ALB
7106,1992,..,DZA
7107,1992,..,ASM
7108,1992,..,AND
7109,1992,..,AGO
7110,1992,..,ATG
7111,1992,5.54792213441138,ARG
7112,1992,..,ARM
7113,1992,..,ABW
7114,1992,20.6400018900019,AUS
7115,1992,18.9948808846593,AUT
7116,1992,..,AZE
7117,1992,15.4326149887424,BHS
7118,1992,4.74094781737692,BHR
7119,1992,..,BGD
7120,1992,..,BRB
7121,1992,20.5434782608696,BLR
7122,1992,..,BEL
7123,1992,14.8386355475763,BLZ
7124,1992,..,BEN
7125,1992,..,BMU
7126,1992,5.27110995217359,BTN
7127,1992,8.89978861639267,BOL
7128,1992,..,BIH
7129,1992,27.8455400724745,BWA
7130,1992,..,BRA
7131,1992,..,VGB
7132,1992,..,BRN
7133,1992,16.9033864541833,BGR
7134,1992,..,BFA
7135,1992,15.1227839627811,BDI
7136,1992,..,CPV
7137,1992,..,KHM
7138,1992,9.75370088625251,CMR
7139,1992,14.3088598010122,CAN
7140,1992,..,CYM
7141,1992,..,CAF
7142,1992,..,TCD
7143,1992,..,Channel Islands
7144,1992,15.5435493385271,CHL
7145,1992,..,CHN
7146,1992,..,COL
7147,1992,..,COM
7148,1992,2.72687382297552,COD
7149,1992,..,COG
7150,1992,11.976548253817,CRI
7151,1992,..,CIV
7152,1992,19.2137006940934,HRV
7153,1992,..,CUB
7154,1992,..,CUW
7155,1992,18.0663250931717,CYP
7156,1992,..,CZE
7157,1992,29.4762042121132,DNK
7158,1992,..,DJI
7159,1992,..,DMA
7160,1992,10.8703353772716,DOM
7161,1992,..,ECU
7162,1992,18.4802300503235,EGY
7163,1992,..,SLV
7164,1992,..,GNQ
7165,1992,..,ERI
7166,1992,12.5027143560438,EST
7167,1992,..,SWZ
7168,1992,5.46444020842868,ETH
7169,1992,..,FRO
7170,1992,21.5925668634943,FJI
7171,1992,24.8828310328108,FIN
7172,1992,18.6235360567864,FRA
7173,1992,..,PYF
7174,1992,..,GAB
7175,1992,..,GMB
7176,1992,..,GEO
7177,1992,11.700050880466,DEU
7178,1992,10.7686571823574,GHA
7179,1992,..,GIB
7180,1992,..,GRC
7181,1992,..,GRL
7182,1992,..,GRD
7183,1992,..,GUM
7184,1992,8.31394870079594,GTM
7185,1992,7.43568715023211,GIN
7186,1992,..,GNB
7187,1992,..,GUY
7188,1992,..,HTI
7189,1992,..,HND
7190,1992,..,HKG
7191,1992,23.9958935451066,HUN
7192,1992,23.1609551950494,ISL
7193,1992,9.80522844222105,IND
7194,1992,17.1229526962939,IDN
7195,1992,6.88118064602608,IRN
7196,1992,..,IRQ
7197,1992,25.9323859859113,IRL
7198,1992,..,IMN
7199,1992,25.3599904892229,ISR
7200,1992,25.4391730902623,ITA
7201,1992,23.4680682029233,JAM
7202,1992,11.4171816474572,JPN
7203,1992,22.9722468424551,JOR
7204,1992,..,KAZ
7205,1992,..,KEN
7206,1992,..,KIR
7207,1992,..,PRK
7208,1992,12.7307408496336,KOR
7209,1992,..,XKX
7210,1992,0.0858148101636521,KWT
7211,1992,..,KGZ
7212,1992,..,LAO
7213,1992,..,LVA
7214,1992,..,LBN
7215,1992,28.3015262506093,LSO
7216,1992,..,LBR
7217,1992,..,LBY
7218,1992,..,LIE
7219,1992,..,LTU
7220,1992,22.1858223535426,LUX
7221,1992,..,MAC
7222,1992,6.99104373069705,MDG
7223,1992,..,MWI
7224,1992,..,MYS
7225,1992,14.9589823640772,MDV
7226,1992,..,MLI
7227,1992,18.9630567866397,MLT
7228,1992,..,MHL
7229,1992,..,MRT
7230,1992,18.8958729076362,MUS
7231,1992,11.6024353429574,MEX
7232,1992,..,FSM
7233,1992,..,MDA
7234,1992,..,MCO
7235,1992,11.0813657403444,MNG
7236,1992,..,MNE
7237,1992,20.6514295555341,MAR
7238,1992,..,MOZ
7239,1992,5.03739654451358,MMR
7240,1992,25.1057047193092,NAM
7241,1992,..,NRU
7242,1992,6.48334407233372,NPL
7243,1992,23.6017749970879,NLD
7244,1992,..,NCL
7245,1992,..,NZL
7246,1992,19.8495091477019,NIC
7247,1992,..,NER
7248,1992,..,NGA
7249,1992,..,MKD
7250,1992,..,MNP
7251,1992,20.7364963171495,NOR
7252,1992,..,OMN
7253,1992,..,PAK
7254,1992,..,PLW
7255,1992,..,PAN
7256,1992,18.2841581813876,PNG
7257,1992,..,PRY
7258,1992,11.9830523810582,PER
7259,1992,13.5388730593237,PHL
7260,1992,..,POL
7261,1992,20.0262630313972,PRT
7262,1992,..,PRI
7263,1992,..,QAT
7264,1992,22.4129237709812,ROU
7265,1992,..,RUS
7266,1992,9.04825873562898,RWA
7267,1992,..,WSM
7268,1992,..,SMR
7269,1992,..,STP
7270,1992,..,SAU
7271,1992,..,SEN
7272,1992,..,SRB
7273,1992,..,SYC
7274,1992,..,SLE
7275,1992,16.1033535012871,SGP
7276,1992,..,SXM
7277,1992,..,SVK
7278,1992,16.4630274989398,SVN
7279,1992,..,SLB
7280,1992,..,SOM
7281,1992,18.8799893109627,ZAF
7282,1992,..,SSD
7283,1992,16.0329147110598,ESP
7284,1992,17.9534568745988,LKA
7285,1992,14.5234562613763,KNA
7286,1992,..,LCA
7287,1992,..,MAF
7288,1992,18.4815051700245,VCT
7289,1992,..,SDN
7290,1992,..,SUR
7291,1992,17.1665542902679,SWE
7292,1992,7.91935844669559,CHE
7293,1992,..,SYR
7294,1992,..,TJK
7295,1992,..,TZA
7296,1992,15.5917839860999,THA
7297,1992,..,TLS
7298,1992,..,TGO
7299,1992,..,TON
7300,1992,..,TTO
7301,1992,20.4993506398751,TUN
7302,1992,12.968826598181,TUR
7303,1992,..,TKM
7304,1992,..,TCA
7305,1992,..,TUV
7306,1992,..,UGA
7307,1992,..,UKR
7308,1992,..,ARE
7309,1992,24.2803159914902,GBR
7310,1992,9.98416183728209,USA
7311,1992,17.2408574744059,URY
7312,1992,..,UZB
7313,1992,..,VUT
7314,1992,..,VEN
7315,1992,..,VNM
7316,1992,..,VIR
7317,1992,..,PSE
7318,1992,..,YEM
7319,1992,18.7109262523615,ZMB
7320,1992,..,ZWE
7324,1992,,Data from database: World Development Indicators
7325,1992,,Last Updated: 10/07/2025
7326,1993,..,AFG
7327,1993,..,ALB
7328,1993,..,DZA
7329,1993,..,ASM
7330,1993,..,AND
7331,1993,..,AGO
7332,1993,..,ATG
7333,1993,8.01513800555669,ARG
7334,1993,..,ARM
7335,1993,..,ABW
7336,1993,19.9804605282411,AUS
7337,1993,19.0099150208509,AUT
7338,1993,..,AZE
7339,1993,15.3945666235446,BHS
7340,1993,4.70474275851932,BHR
7341,1993,..,BGD
7342,1993,..,BRB
7343,1993,26.6395939086294,BLR
7344,1993,..,BEL
7345,1993,14.5175001660357,BLZ
7346,1993,..,BEN
7347,1993,..,BMU
7348,1993,6.48847259207354,BTN
7349,1993,9.51634540053983,BOL
7350,1993,..,BIH
7351,1993,23.6847992198649,BWA
7352,1993,..,BRA
7353,1993,..,VGB
7354,1993,..,BRN
7355,1993,15.2137838742054,BGR
7356,1993,..,BFA
7357,1993,14.9289163092236,BDI
7358,1993,..,CPV
7359,1993,..,KHM
7360,1993,6.55007578773669,CMR
7361,1993,13.6523358280781,CAN
7362,1993,..,CYM
7363,1993,..,CAF
7364,1993,..,TCD
7365,1993,..,Channel Islands
7366,1993,16.1030196183924,CHL
7367,1993,..,CHN
7368,1993,..,COL
7369,1993,..,COM
7370,1993,3.40808940069341,COD
7371,1993,..,COG
7372,1993,12.0352693137855,CRI
7373,1993,..,CIV
7374,1993,20.9797310204422,HRV
7375,1993,..,CUB
7376,1993,..,CUW
7377,1993,19.4570496400761,CYP
7378,1993,18.6166021635235,CZE
7379,1993,30.8662585269785,DNK
7380,1993,..,DJI
7381,1993,..,DMA
7382,1993,11.154462736089,DOM
7383,1993,..,ECU
7384,1993,18.764175257732,EGY
7385,1993,..,SLV
7386,1993,..,GNQ
7387,1993,..,ERI
7388,1993,15.427659641998,EST
7389,1993,..,SWZ
7390,1993,5.76799563491457,ETH
7391,1993,..,FRO
7392,1993,21.4021803766105,FJI
7393,1993,22.4449646330741,FIN
7394,1993,18.5020170657823,FRA
7395,1993,..,PYF
7396,1993,..,GAB
7397,1993,..,GMB
7398,1993,..,GEO
7399,1993,11.4183937086733,DEU
7400,1993,13.1492471785336,GHA
7401,1993,..,GIB
7402,1993,..,GRC
7403,1993,..,GRL
7404,1993,..,GRD
7405,1993,..,GUM
7406,1993,7.81982716975758,GTM
7407,1993,..,GIN
7408,1993,..,GNB
7409,1993,..,GUY
7410,1993,..,HTI
7411,1993,..,HND
7412,1993,..,HKG
7413,1993,24.9289055431283,HUN
7414,1993,22.5063505657288,ISL
7415,1993,8.53523362003571,IND
7416,1993,14.3564203316314,IDN
7417,1993,3.86024599156306,IRN
7418,1993,..,IRQ
7419,1993,25.8405331609262,IRL
7420,1993,..,IMN
7421,1993,25.6999865824019,ISR
7422,1993,26.2145186977532,ITA
7423,1993,21.3287135032817,JAM
7424,1993,11.3792369362166,JPN
7425,1993,20.9162290186387,JOR
7426,1993,..,KAZ
7427,1993,..,KEN
7428,1993,..,KIR
7429,1993,..,PRK
7430,1993,12.4997898035194,KOR
7431,1993,..,XKX
7432,1993,1.09262406559551,KWT
7433,1993,..,KGZ
7434,1993,..,LAO
7435,1993,..,LVA
7436,1993,..,LBN
7437,1993,29.67252715708,LSO
7438,1993,..,LBR
7439,1993,..,LBY
7440,1993,..,LIE
7441,1993,12.496575136765,LTU
7442,1993,23.7543663412643,LUX
7443,1993,..,MAC
7444,1993,6.77059792619114,MDG
7445,1993,..,MWI
7446,1993,..,MYS
7447,1993,13.7345373227277,MDV
7448,1993,..,MLI
7449,1993,19.4313728061964,MLT
7450,1993,..,MHL
7451,1993,..,MRT
7452,1993,17.8601562223385,MUS
7453,1993,8.56713248361392,MEX
7454,1993,..,FSM
7455,1993,..,MDA
7456,1993,..,MCO
7457,1993,17.5173290209183,MNG
7458,1993,..,MNE
7459,1993,20.2477033406709,MAR
7460,1993,..,MOZ
7461,1993,4.72801035299943,MMR
7462,1993,26.1303454598085,NAM
7463,1993,..,NRU
7464,1993,6.6546373561321,NPL
7465,1993,24.2803317656498,NLD
7466,1993,..,NCL
7467,1993,..,NZL
7468,1993,18.9808828317596,NIC
7469,1993,..,NER
7470,1993,..,NGA
7471,1993,..,MKD
7472,1993,..,MNP
7473,1993,20.7364733031642,NOR
7474,1993,..,OMN
7475,1993,..,PAK
7476,1993,..,PLW
7477,1993,..,PAN
7478,1993,19.864395636005,PNG
7479,1993,..,PRY
7480,1993,12.1654220628628,PER
7481,1993,13.6808811803346,PHL
7482,1993,..,POL
7483,1993,18.5866180720035,PRT
7484,1993,..,PRI
7485,1993,..,QAT
7486,1993,19.6623543856497,ROU
7487,1993,..,RUS
7488,1993,..,RWA
7489,1993,..,WSM
7490,1993,..,SMR
7491,1993,..,STP
7492,1993,..,SAU
7493,1993,..,SEN
7494,1993,..,SRB
7495,1993,33.2339771505786,SYC
7496,1993,..,SLE
7497,1993,16.2903339457186,SGP
7498,1993,..,SXM
7499,1993,..,SVK
7500,1993,17.291197229388,SVN
7501,1993,..,SLB
7502,1993,..,SOM
7503,1993,19.8688359609019,ZAF
7504,1993,..,SSD
7505,1993,14.8926439687233,ESP
7506,1993,17.4699988990422,LKA
7507,1993,15.1978543544809,KNA
7508,1993,..,LCA
7509,1993,..,MAF
7510,1993,18.7056129775041,VCT
7511,1993,..,SDN
7512,1993,..,SUR
7513,1993,15.4689970557973,SWE
7514,1993,7.33965146589565,CHE
7515,1993,..,SYR
7516,1993,..,TJK
7517,1993,..,TZA
7518,1993,15.3992767110393,THA
7519,1993,..,TLS
7520,1993,..,TGO
7521,1993,..,TON
7522,1993,..,TTO
7523,1993,21.0079792675442,TUN
7524,1993,13.3427715713127,TUR
7525,1993,..,TKM
7526,1993,..,TCA
7527,1993,..,TUV
7528,1993,..,UGA
7529,1993,..,UKR
7530,1993,..,ARE
7531,1993,22.9810917661155,GBR
7532,1993,10.3049343163775,USA
7533,1993,19.389494107735,URY
7534,1993,..,UZB
7535,1993,..,VUT
7536,1993,..,VEN
7537,1993,..,VNM
7538,1993,..,VIR
7539,1993,..,PSE
7540,1993,..,YEM
7541,1993,15.0401711168061,ZMB
7542,1993,..,ZWE
7546,1993,,Data from database: World Development Indicators
7547,1993,,Last Updated: 10/07/2025
7548,1994,..,AFG
7549,1994,..,ALB
7550,1994,..,DZA
7551,1994,..,ASM
7552,1994,..,AND
7553,1994,..,AGO
7554,1994,..,ATG
7555,1994,8.12643722809198,ARG
7556,1994,..,ARM
7557,1994,..,ABW
7558,1994,20.0076293834129,AUS
7559,1994,18.4177127144409,AUT
7560,1994,25.5591673338671,AZE
7561,1994,16.7167842896594,BHS
7562,1994,4.54981588369713,BHR
7563,1994,..,BGD
7564,1994,..,BRB
7565,1994,24.7501826561007,BLR
7566,1994,..,BEL
7567,1994,14.9793474038586,BLZ
7568,1994,..,BEN
7569,1994,..,BMU
7570,1994,6.19493563212013,BTN
7571,1994,10.0454684272089,BOL
7572,1994,..,BIH
7573,1994,19.9167439175835,BWA
7574,1994,..,BRA
7575,1994,..,VGB
7576,1994,..,BRN
7577,1994,21.2389649923897,BGR
7578,1994,..,BFA
7579,1994,15.6160547727238,BDI
7580,1994,..,CPV
7581,1994,..,KHM
7582,1994,5.8984195225778,CMR
7583,1994,13.0736945245539,CAN
7584,1994,..,CYM
7585,1994,..,CAF
7586,1994,..,TCD
7587,1994,..,Channel Islands
7588,1994,15.5051415719314,CHL
7589,1994,..,CHN
7590,1994,..,COL
7591,1994,..,COM
7592,1994,2.65117845020956,COD
7593,1994,..,COG
7594,1994,11.5807869301161,CRI
7595,1994,..,CIV
7596,1994,26.1624426755314,HRV
7597,1994,..,CUB
7598,1994,..,CUW
7599,1994,20.803407505746,CYP
7600,1994,16.5352256889033,CZE
7601,1994,31.5895044604022,DNK
7602,1994,..,DJI
7603,1994,..,DMA
7604,1994,10.5341580201292,DOM
7605,1994,..,ECU
7606,1994,19.0474285714286,EGY
7607,1994,..,SLV
7608,1994,..,GNQ
7609,1994,..,ERI
7610,1994,20.2755035622768,EST
7611,1994,..,SWZ
7612,1994,7.49133792136953,ETH
7613,1994,..,FRO
7614,1994,21.4900303018967,FJI
7615,1994,23.1348851429808,FIN
7616,1994,19.1964876614466,FRA
7617,1994,..,PYF
7618,1994,..,GAB
7619,1994,..,GMB
7620,1994,..,GEO
7621,1994,11.6240302064178,DEU
7622,1994,..,GHA
7623,1994,..,GIB
7624,1994,..,GRC
7625,1994,..,GRL
7626,1994,..,GRD
7627,1994,..,GUM
7628,1994,6.76522723609661,GTM
7629,1994,..,GIN
7630,1994,..,GNB
7631,1994,..,GUY
7632,1994,..,HTI
7633,1994,..,HND
7634,1994,..,HKG
7635,1994,24.1158616614856,HUN
7636,1994,22.2547882840136,ISL
7637,1994,8.98177201647929,IND
7638,1994,15.9484191945104,IDN
7639,1994,4.37123611620784,IRN
7640,1994,..,IRQ
7641,1994,27.0565038489058,IRL
7642,1994,..,IMN
7643,1994,26.1532946109755,ISR
7644,1994,25.0362996791444,ITA
7645,1994,21.1031675539708,JAM
7646,1994,..,JPN
7647,1994,19.990820003213,JOR
7648,1994,..,KAZ
7649,1994,..,KEN
7650,1994,..,KIR
7651,1994,..,PRK
7652,1994,12.6877415814616,KOR
7653,1994,..,XKX
7654,1994,1.42276428547822,KWT
7655,1994,..,KGZ
7656,1994,..,LAO
7657,1994,10.0722305470785,LVA
7658,1994,..,LBN
7659,1994,29.8707957503943,LSO
7660,1994,..,LBR
7661,1994,..,LBY
7662,1994,..,LIE
7663,1994,13.1113779630717,LTU
7664,1994,25.0283129775525,LUX
7665,1994,..,MAC
7666,1994,6.49953285523943,MDG
7667,1994,..,MWI
7668,1994,..,MYS
7669,1994,13.0045821514292,MDV
7670,1994,..,MLI
7671,1994,18.1654042953756,MLT
7672,1994,..,MHL
7673,1994,..,MRT
7674,1994,18.038632188371,MUS
7675,1994,8.09605918537858,MEX
7676,1994,..,FSM
7677,1994,..,MDA
7678,1994,..,MCO
7679,1994,11.3241649294688,MNG
7680,1994,..,MNE
7681,1994,18.8549351466086,MAR
7682,1994,..,MOZ
7683,1994,4.25171345046186,MMR
7684,1994,24.0886148869007,NAM
7685,1994,..,NRU
7686,1994,7.72913404793448,NPL
7687,1994,21.8146512904741,NLD
7688,1994,..,NCL
7689,1994,..,NZL
7690,1994,8.9936659409003,NIC
7691,1994,..,NER
7692,1994,..,NGA
7693,1994,..,MKD
7694,1994,..,MNP
7695,1994,21.7428519841916,NOR
7696,1994,..,OMN
7697,1994,..,PAK
7698,1994,..,PLW
7699,1994,..,PAN
7700,1994,20.5960074498671,PNG
7701,1994,..,PRY
7702,1994,12.9721441686363,PER
7703,1994,14.0378887210762,PHL
7704,1994,22.7826807304818,POL
7705,1994,19.3537381086109,PRT
7706,1994,..,PRI
7707,1994,..,QAT
7708,1994,17.7871428356453,ROU
7709,1994,..,RUS
7710,1994,..,RWA
7711,1994,..,WSM
7712,1994,..,SMR
7713,1994,..,STP
7714,1994,..,SAU
7715,1994,..,SEN
7716,1994,..,SRB
7717,1994,30.0451246282241,SYC
7718,1994,..,SLE
7719,1994,16.6131522787889,SGP
7720,1994,..,SXM
7721,1994,..,SVK
7722,1994,18.8542111413136,SVN
7723,1994,..,SLB
7724,1994,..,SOM
7725,1994,19.6043743222704,ZAF
7726,1994,..,SSD
7727,1994,15.1175677438788,ESP
7728,1994,17.1679756304785,LKA
7729,1994,15.2460065501361,KNA
7730,1994,..,LCA
7731,1994,..,MAF
7732,1994,19.7701796591084,VCT
7733,1994,..,SDN
7734,1994,..,SUR
7735,1994,14.8430690976516,SWE
7736,1994,7.85574635967433,CHE
7737,1994,..,SYR
7738,1994,..,TJK
7739,1994,..,TZA
7740,1994,16.0356890181589,THA
7741,1994,..,TLS
7742,1994,..,TGO
7743,1994,..,TON
7744,1994,..,TTO
7745,1994,20.7641427107969,TUN
7746,1994,15.2014676965386,TUR
7747,1994,..,TKM
7748,1994,..,TCA
7749,1994,..,TUV
7750,1994,..,UGA
7751,1994,..,UKR
7752,1994,..,ARE
7753,1994,23.7970949924584,GBR
7754,1994,10.6235066354376,USA
7755,1994,19.0344093835043,URY
7756,1994,..,UZB
7757,1994,..,VUT
7758,1994,..,VEN
7759,1994,..,VNM
7760,1994,..,VIR
7761,1994,..,PSE
7762,1994,..,YEM
7763,1994,17.2365182861065,ZMB
7764,1994,..,ZWE
7768,1994,,Data from database: World Development Indicators
7769,1994,,Last Updated: 10/07/2025
7770,1995,..,AFG
7771,1995,11.2022198544936,ALB
7772,1995,..,DZA
7773,1995,..,ASM
7774,1995,..,AND
7775,1995,..,AGO
7776,1995,..,ATG
7777,1995,8.05435765172309,ARG
7778,1995,..,ARM
7779,1995,..,ABW
7780,1995,21.1595939061725,AUS
7781,1995,24.6852666278446,AUT
7782,1995,17.9540725466304,AZE
7783,1995,17.3461650627005,BHS
7784,1995,4.21857580880695,BHR
7785,1995,..,BGD
7786,1995,..,BRB
7787,1995,19.8876469280001,BLR
7788,1995,25.62241940319,BEL
7789,1995,14.1987058177156,BLZ
7790,1995,..,BEN
7791,1995,..,BMU
7792,1995,6.89825503766094,BTN
7793,1995,9.72232949409585,BOL
7794,1995,..,BIH
7795,1995,16.7657958548749,BWA
7796,1995,..,BRA
7797,1995,..,VGB
7798,1995,..,BRN
7799,1995,11.1566642653274,BGR
7800,1995,..,BFA
7801,1995,16.6782065784591,BDI
7802,1995,..,CPV
7803,1995,..,KHM
7804,1995,7.18366897108368,CMR
7805,1995,13.2870622555226,CAN
7806,1995,..,CYM
7807,1995,..,CAF
7808,1995,..,TCD
7809,1995,..,Channel Islands
7810,1995,15.0239221881507,CHL
7811,1995,..,CHN
7812,1995,..,COL
7813,1995,..,COM
7814,1995,4.93161576886034,COD
7815,1995,..,COG
7816,1995,12.2450379591895,CRI
7817,1995,18.8190745863034,CIV
7818,1995,23.490744304433,HRV
7819,1995,..,CUB
7820,1995,..,CUW
7821,1995,18.4350342490507,CYP
7822,1995,16.1241883041147,CZE
7823,1995,31.7355683200248,DNK
7824,1995,..,DJI
7825,1995,..,DMA
7826,1995,10.5746248391509,DOM
7827,1995,..,ECU
7828,1995,17.6230392156863,EGY
7829,1995,..,SLV
7830,1995,..,GNQ
7831,1995,..,ERI
7832,1995,22.8390173739655,EST
7833,1995,..,SWZ
7834,1995,8.22432020449962,ETH
7835,1995,..,FRO
7836,1995,22.2061424086037,FJI
7837,1995,20.7223678062852,FIN
7838,1995,19.5966740550192,FRA
7839,1995,..,PYF
7840,1995,..,GAB
7841,1995,..,GMB
7842,1995,5.41484296030328,GEO
7843,1995,11.444000568442,DEU
7844,1995,..,GHA
7845,1995,..,GIB
7846,1995,18.8429151205785,GRC
7847,1995,..,GRL
7848,1995,..,GRD
7849,1995,..,GUM
7850,1995,7.71473124255776,GTM
7851,1995,..,GIN
7852,1995,..,GNB
7853,1995,..,GUY
7854,1995,..,HTI
7855,1995,..,HND
7856,1995,..,HKG
7857,1995,23.0916335586681,HUN
7858,1995,22.5133473452549,ISL
7859,1995,9.22682469090603,IND
7860,1995,14.9647722699912,IDN
7861,1995,6.22079867839147,IRN
7862,1995,..,IRQ
7863,1995,26.5265891801017,IRL
7864,1995,..,IMN
7865,1995,25.7264777343865,ISR
7866,1995,24.3070085648874,ITA
7867,1995,21.7440400125625,JAM
7868,1995,..,JPN
7869,1995,20.7086346957389,JOR
7870,1995,..,KAZ
7871,1995,..,KEN
7872,1995,..,KIR
7873,1995,..,PRK
7874,1995,12.9920949919083,KOR
7875,1995,..,XKX
7876,1995,1.14618124453099,KWT
7877,1995,..,KGZ
7878,1995,..,LAO
7879,1995,14.0329400611727,LVA
7880,1995,..,LBN
7881,1995,28.750497175983,LSO
7882,1995,..,LBR
7883,1995,..,LBY
7884,1995,..,LIE
7885,1995,19.6892251282717,LTU
7886,1995,24.4732270691556,LUX
7887,1995,..,MAC
7888,1995,6.84586581735106,MDG
7889,1995,..,MWI
7890,1995,..,MYS
7891,1995,13.5963884925789,MDV
7892,1995,..,MLI
7893,1995,20.3481282370681,MLT
7894,1995,..,MHL
7895,1995,..,MRT
7896,1995,15.9001352002415,MUS
7897,1995,8.03161830575895,MEX
7898,1995,..,FSM
7899,1995,..,MDA
7900,1995,..,MCO
7901,1995,9.77395635608051,MNG
7902,1995,..,MNE
7903,1995,18.351209036907,MAR
7904,1995,..,MOZ
7905,1995,3.74448720005159,MMR
7906,1995,25.0186945495627,NAM
7907,1995,..,NRU
7908,1995,8.98551385878864,NPL
7909,1995,20.8394943520628,NLD
7910,1995,..,NCL
7911,1995,..,NZL
7912,1995,9.40273440161028,NIC
7913,1995,..,NER
7914,1995,..,NGA
7915,1995,..,MKD
7916,1995,..,MNP
7917,1995,23.0049068773115,NOR
7918,1995,..,OMN
7919,1995,..,PAK
7920,1995,..,PLW
7921,1995,..,PAN
7922,1995,19.7271538573297,PNG
7923,1995,..,PRY
7924,1995,13.6847575729859,PER
7925,1995,14.2662552351009,PHL
7926,1995,22.2838435133567,POL
7927,1995,19.6949300211616,PRT
7928,1995,..,PRI
7929,1995,..,QAT
7930,1995,17.4020445168581,ROU
7931,1995,..,RUS
7932,1995,..,RWA
7933,1995,..,WSM
7934,1995,..,SMR
7935,1995,..,STP
7936,1995,..,SAU
7937,1995,..,SEN
7938,1995,..,SRB
7939,1995,25.9736557691361,SYC
7940,1995,..,SLE
7941,1995,15.7685036472599,SGP
7942,1995,..,SXM
7943,1995,..,SVK
7944,1995,21.4743733800061,SVN
7945,1995,..,SLB
7946,1995,..,SOM
7947,1995,20.2955260214681,ZAF
7948,1995,..,SSD
7949,1995,..,ESP
7950,1995,17.7520171555561,LKA
7951,1995,..,KNA
7952,1995,..,LCA
7953,1995,..,MAF
7954,1995,19.221302829282,VCT
7955,1995,..,SDN
7956,1995,..,SUR
7957,1995,26.757719814716,SWE
7958,1995,7.91546148574552,CHE
7959,1995,..,SYR
7960,1995,..,TJK
7961,1995,..,TZA
7962,1995,16.4409308201272,THA
7963,1995,..,TLS
7964,1995,..,TGO
7965,1995,..,TON
7966,1995,..,TTO
7967,1995,20.4858138143774,TUN
7968,1995,13.976774696349,TUR
7969,1995,..,TKM
7970,1995,..,TCA
7971,1995,..,TUV
7972,1995,..,UGA
7973,1995,..,UKR
7974,1995,..,ARE
7975,1995,23.2315738191807,GBR
7976,1995,10.980989035111,USA
7977,1995,16.8787580283368,URY
7978,1995,..,UZB
7979,1995,17.9014774800558,VUT
7980,1995,..,VEN
7981,1995,..,VNM
7982,1995,..,VIR
7983,1995,..,PSE
7984,1995,..,YEM
7985,1995,15.6895001581762,ZMB
7986,1995,..,ZWE
7990,1995,,Data from database: World Development Indicators
7991,1995,,Last Updated: 10/07/2025
7992,1996,..,AFG
7993,1996,8.76625058391996,ALB
7994,1996,..,DZA
7995,1996,..,ASM
7996,1996,..,AND
7997,1996,..,AGO
7998,1996,..,ATG
7999,1996,8.17178777492906,ARG
8000,1996,..,ARM
8001,1996,..,ABW
8002,1996,21.8723592497859,AUS
8003,1996,26.0699077341455,AUT
8004,1996,9.85045743980092,AZE
8005,1996,17.0490440565254,BHS
8006,1996,4.43507307923291,BHR
8007,1996,..,BGD
8008,1996,..,BRB
8009,1996,18.7997748111698,BLR
8010,1996,26.0298916733672,BEL
8011,1996,14.7286830816243,BLZ
8012,1996,..,BEN
8013,1996,..,BMU
8014,1996,7.85249702894329,BTN
8015,1996,12.2938525238754,BOL
8016,1996,..,BIH
8017,1996,14.9371078939367,BWA
8018,1996,..,BRA
8019,1996,..,VGB
8020,1996,..,BRN
8021,1996,12.0685973776701,BGR
8022,1996,..,BFA
8023,1996,13.4389965792474,BDI
8024,1996,..,CPV
8025,1996,..,KHM
8026,1996,..,CMR
8027,1996,13.8784928253593,CAN
8028,1996,..,CYM
8029,1996,..,CAF
8030,1996,..,TCD
8031,1996,..,Channel Islands
8032,1996,16.0605426587527,CHL
8033,1996,..,CHN
8034,1996,..,COL
8035,1996,..,COM
8036,1996,4.76004711918406,COD
8037,1996,..,COG
8038,1996,12.6428152370212,CRI
8039,1996,..,CIV
8040,1996,23.1204865642999,HRV
8041,1996,..,CUB
8042,1996,..,CUW
8043,1996,17.8419789921569,CYP
8044,1996,15.2021454386609,CZE
8045,1996,32.029247489339,DNK
8046,1996,..,DJI
8047,1996,..,DMA
8048,1996,10.3443425255087,DOM
8049,1996,..,ECU
8050,1996,17.4629468177855,EGY
8051,1996,..,SLV
8052,1996,..,GNQ
8053,1996,..,ERI
8054,1996,21.8490911610692,EST
8055,1996,..,SWZ
8056,1996,8.734556381743,ETH
8057,1996,..,FRO
8058,1996,21.2078200321371,FJI
8059,1996,21.9333771340596,FIN
8060,1996,20.5321010378968,FRA
8061,1996,..,PYF
8062,1996,..,GAB
8063,1996,..,GMB
8064,1996,7.87643789582526,GEO
8065,1996,10.8612643630481,DEU
8066,1996,..,GHA
8067,1996,..,GIB
8068,1996,19.075319278645,GRC
8069,1996,..,GRL
8070,1996,..,GRD
8071,1996,..,GUM
8072,1996,8.52966373904846,GTM
8073,1996,..,GIN
8074,1996,..,GNB
8075,1996,..,GUY
8076,1996,..,HTI
8077,1996,..,HND
8078,1996,..,HKG
8079,1996,22.8304438930091,HUN
8080,1996,23.4478366335022,ISL
8081,1996,9.23146869089268,IND
8082,1996,14.234801940785,IDN
8083,1996,7.94631513984084,IRN
8084,1996,..,IRQ
8085,1996,27.2110374805352,IRL
8086,1996,..,IMN
8087,1996,25.1648234699065,ISR
8088,1996,24.2472073845421,ITA
8089,1996,20.1091995719527,JAM
8090,1996,..,JPN
8091,1996,21.6896734261748,JOR
8092,1996,..,KAZ
8093,1996,..,KEN
8094,1996,..,KIR
8095,1996,..,PRK
8096,1996,13.2343650587174,KOR
8097,1996,..,XKX
8098,1996,0.965097411205735,KWT
8099,1996,..,KGZ
8100,1996,..,LAO
8101,1996,13.509170834561,LVA
8102,1996,..,LBN
8103,1996,26.9618996861051,LSO
8104,1996,..,LBR
8105,1996,..,LBY
8106,1996,..,LIE
8107,1996,18.8020042195713,LTU
8108,1996,24.6973870800268,LUX
8109,1996,13.1032462308042,MAC
8110,1996,..,MDG
8111,1996,..,MWI
8112,1996,19.3779263159554,MYS
8113,1996,13.4521788341822,MDV
8114,1996,..,MLI
8115,1996,18.2113724879265,MLT
8116,1996,..,MHL
8117,1996,..,MRT
8118,1996,14.6161928118565,MUS
8119,1996,8.31438930391734,MEX
8120,1996,..,FSM
8121,1996,12.0896762347,MDA
8122,1996,..,MCO
8123,1996,9.60234781614151,MNG
8124,1996,..,MNE
8125,1996,..,MAR
8126,1996,..,MOZ
8127,1996,3.9593171544736,MMR
8128,1996,23.9866294787519,NAM
8129,1996,..,NRU
8130,1996,8.71991418688457,NPL
8131,1996,21.4375905010136,NLD
8132,1996,..,NCL
8133,1996,..,NZL
8134,1996,9.49444128842394,NIC
8135,1996,..,NER
8136,1996,..,NGA
8137,1996,..,MKD
8138,1996,..,MNP
8139,1996,23.9368258567593,NOR
8140,1996,..,OMN
8141,1996,..,PAK
8142,1996,..,PLW
8143,1996,..,PAN
8144,1996,22.4631845408922,PNG
8145,1996,..,PRY
8146,1996,14.1998141675147,PER
8147,1996,14.8266416552207,PHL
8148,1996,21.572394641671,POL
8149,1996,20.5167584296485,PRT
8150,1996,..,PRI
8151,1996,..,QAT
8152,1996,16.1077302703794,ROU
8153,1996,..,RUS
8154,1996,..,RWA
8155,1996,..,WSM
8156,1996,..,SMR
8157,1996,..,STP
8158,1996,..,SAU
8159,1996,..,SEN
8160,1996,..,SRB
8161,1996,25.3182096721425,SYC
8162,1996,..,SLE
8163,1996,15.8973671573725,SGP
8164,1996,..,SXM
8165,1996,..,SVK
8166,1996,22.2304492806794,SVN
8167,1996,..,SLB
8168,1996,..,SOM
8169,1996,20.9846364817904,ZAF
8170,1996,..,SSD
8171,1996,..,ESP
8172,1996,16.950690509915,LKA
8173,1996,..,KNA
8174,1996,..,LCA
8175,1996,..,MAF
8176,1996,19.9548613438806,VCT
8177,1996,..,SDN
8178,1996,..,SUR
8179,1996,27.2917046550957,SWE
8180,1996,8.33804506820865,CHE
8181,1996,..,SYR
8182,1996,..,TJK
8183,1996,..,TZA
8184,1996,16.7262176292695,THA
8185,1996,..,TLS
8186,1996,..,TGO
8187,1996,..,TON
8188,1996,..,TTO
8189,1996,19.8376192549157,TUN
8190,1996,15.1995210542093,TUR
8191,1996,..,TKM
8192,1996,..,TCA
8193,1996,..,TUV
8194,1996,..,UGA
8195,1996,..,UKR
8196,1996,..,ARE
8197,1996,23.0650125880089,GBR
8198,1996,11.373914577285,USA
8199,1996,17.3511022349298,URY
8200,1996,..,UZB
8201,1996,18.5719178082192,VUT
8202,1996,..,VEN
8203,1996,..,VNM
8204,1996,..,VIR
8205,1996,..,PSE
8206,1996,..,YEM
8207,1996,16.1056179545653,ZMB
8208,1996,..,ZWE
8212,1996,,Data from database: World Development Indicators
8213,1996,,Last Updated: 10/07/2025
8214,1997,..,AFG
8215,1997,9.75303831787712,ALB
8216,1997,..,DZA
8217,1997,..,ASM
8218,1997,..,AND
8219,1997,..,AGO
8220,1997,..,ATG
8221,1997,8.69008635554994,ARG
8222,1997,..,ARM
8223,1997,..,ABW
8224,1997,22.3755759747784,AUS
8225,1997,26.926211709083,AUT
8226,1997,10.693809961055,AZE
8227,1997,10.3952396894681,BHS
8228,1997,4.48333472278643,BHR
8229,1997,..,BGD
8230,1997,..,BRB
8231,1997,20.7345909549383,BLR
8232,1997,26.5670243171063,BEL
8233,1997,14.7248683306618,BLZ
8234,1997,..,BEN
8235,1997,..,BMU
8236,1997,6.79327260704803,BTN
8237,1997,12.6203460249816,BOL
8238,1997,..,BIH
8239,1997,..,BWA
8240,1997,..,BRA
8241,1997,..,VGB
8242,1997,..,BRN
8243,1997,18.5226349001335,BGR
8244,1997,..,BFA
8245,1997,11.4203617269545,BDI
8246,1997,..,CPV
8247,1997,..,KHM
8248,1997,..,CMR
8249,1997,14.5677283478242,CAN
8250,1997,..,CYM
8251,1997,..,CAF
8252,1997,..,TCD
8253,1997,..,Channel Islands
8254,1997,15.7811009565986,CHL
8255,1997,..,CHN
8256,1997,..,COL
8257,1997,..,COM
8258,1997,4.05375005067188,COD
8259,1997,..,COG
8260,1997,12.613164915421,CRI
8261,1997,..,CIV
8262,1997,22.2841315073274,HRV
8263,1997,..,CUB
8264,1997,..,CUW
8265,1997,17.1172284731415,CYP
8266,1997,14.9979091243393,CZE
8267,1997,31.8221219420916,DNK
8268,1997,..,DJI
8269,1997,..,DMA
8270,1997,11.4087879252525,DOM
8271,1997,..,ECU
8272,1997,15.9646483640466,EGY
8273,1997,..,SLV
8274,1997,..,GNQ
8275,1997,..,ERI
8276,1997,21.9671891680782,EST
8277,1997,..,SWZ
8278,1997,10.2666068991452,ETH
8279,1997,..,FRO
8280,1997,..,FJI
8281,1997,22.6246794987541,FIN
8282,1997,21.2050966247779,FRA
8283,1997,..,PYF
8284,1997,..,GAB
8285,1997,..,GMB
8286,1997,10.6237239017322,GEO
8287,1997,10.6964792240669,DEU
8288,1997,..,GHA
8289,1997,..,GIB
8290,1997,20.1397117181124,GRC
8291,1997,..,GRL
8292,1997,..,GRD
8293,1997,..,GUM
8294,1997,8.69766927303715,GTM
8295,1997,..,GIN
8296,1997,..,GNB
8297,1997,..,GUY
8298,1997,..,HTI
8299,1997,..,HND
8300,1997,..,HKG
8301,1997,20.8898361559331,HUN
8302,1997,21.9969035759941,ISL
8303,1997,9.00857773269381,IND
8304,1997,16.0118484144708,IDN
8305,1997,10.1579620986255,IRN
8306,1997,..,IRQ
8307,1997,26.8735851463462,IRL
8308,1997,..,IMN
8309,1997,25.5649158029725,ISR
8310,1997,25.7112738331661,ITA
8311,1997,19.9140942077378,JAM
8312,1997,..,JPN
8313,1997,19.0557296634419,JOR
8314,1997,6.78722058676219,KAZ
8315,1997,..,KEN
8316,1997,..,KIR
8317,1997,..,PRK
8318,1997,12.9018021711367,KOR
8319,1997,..,XKX
8320,1997,1.17305875069243,KWT
8321,1997,..,KGZ
8322,1997,..,LAO
8323,1997,16.0773374239137,LVA
8324,1997,11.9327257731959,LBN
8325,1997,29.2124748908169,LSO
8326,1997,..,LBR
8327,1997,..,LBY
8328,1997,..,LIE
8329,1997,21.5404183195114,LTU
8330,1997,25.244152327397,LUX
8331,1997,15.946757302324,MAC
8332,1997,..,MDG
8333,1997,..,MWI
8334,1997,19.7533668092053,MYS
8335,1997,14.4455044389877,MDV
8336,1997,..,MLI
8337,1997,20.050663768797,MLT
8338,1997,..,MHL
8339,1997,..,MRT
8340,1997,15.7810071488851,MUS
8341,1997,8.59224064670855,MEX
8342,1997,..,FSM
8343,1997,18.2831060982003,MDA
8344,1997,..,MCO
8345,1997,10.5724331514759,MNG
8346,1997,..,MNE
8347,1997,19.4054874639843,MAR
8348,1997,..,MOZ
8349,1997,4.41523918074799,MMR
8350,1997,26.6687060096273,NAM
8351,1997,..,NRU
8352,1997,8.72365986603116,NPL
8353,1997,20.9029919385381,NLD
8354,1997,..,NCL
8355,1997,..,NZL
8356,1997,10.589091758038,NIC
8357,1997,..,NER
8358,1997,..,NGA
8359,1997,..,MKD
8360,1997,..,MNP
8361,1997,23.8919165191792,NOR
8362,1997,..,OMN
8363,1997,..,PAK
8364,1997,..,PLW
8365,1997,..,PAN
8366,1997,23.7232047008306,PNG
8367,1997,..,PRY
8368,1997,14.3987605306478,PER
8369,1997,14.8614949312421,PHL
8370,1997,20.8348034382337,POL
8371,1997,20.2643012437292,PRT
8372,1997,..,PRI
8373,1997,..,QAT
8374,1997,17.0360116234838,ROU
8375,1997,..,RUS
8376,1997,..,RWA
8377,1997,..,WSM
8378,1997,..,SMR
8379,1997,..,STP
8380,1997,..,SAU
8381,1997,..,SEN
8382,1997,..,SRB
8383,1997,25.3436766978578,SYC
8384,1997,..,SLE
8385,1997,15.312341085021,SGP
8386,1997,..,SXM
8387,1997,..,SVK
8388,1997,21.8096257331822,SVN
8389,1997,..,SLB
8390,1997,..,SOM
8391,1997,21.2498395625278,ZAF
8392,1997,..,SSD
8393,1997,..,ESP
8394,1997,16.0076920311995,LKA
8395,1997,..,KNA
8396,1997,..,LCA
8397,1997,..,MAF
8398,1997,20.5648682613048,VCT
8399,1997,..,SDN
8400,1997,..,SUR
8401,1997,27.5039952111175,SWE
8402,1997,8.32392921234567,CHE
8403,1997,..,SYR
8404,1997,..,TJK
8405,1997,..,TZA
8406,1997,16.1054792572039,THA
8407,1997,..,TLS
8408,1997,..,TGO
8409,1997,..,TON
8410,1997,..,TTO
8411,1997,18.4410331511459,TUN
8412,1997,19.050538393081,TUR
8413,1997,..,TKM
8414,1997,..,TCA
8415,1997,..,TUV
8416,1997,..,UGA
8417,1997,..,UKR
8418,1997,0.992336343973077,ARE
8419,1997,23.7371316491942,GBR
8420,1997,11.8281999339672,USA
8421,1997,16.780792455572,URY
8422,1997,..,UZB
8423,1997,18.0915016136177,VUT
8424,1997,..,VEN
8425,1997,..,VNM
8426,1997,..,VIR
8427,1997,..,PSE
8428,1997,..,YEM
8429,1997,16.0500956738796,ZMB
8430,1997,..,ZWE
8434,1997,,Data from database: World Development Indicators
8435,1997,,Last Updated: 10/07/2025
8436,1998,..,AFG
8437,1998,14.2642010672685,ALB
8438,1998,..,DZA
8439,1998,..,ASM
8440,1998,..,AND
8441,1998,..,AGO
8442,1998,..,ATG
8443,1998,9.03052618638845,ARG
8444,1998,..,ARM
8445,1998,..,ABW
8446,1998,22.2288032041274,AUS
8447,1998,27.02386308091,AUT
8448,1998,12.6793349997094,AZE
8449,1998,9.97250198295972,BHS
8450,1998,4.98151845306491,BHR
8451,1998,..,BGD
8452,1998,..,BRB
8453,1998,17.1123289388046,BLR
8454,1998,27.1630417867819,BEL
8455,1998,14.6014523937601,BLZ
8456,1998,..,BEN
8457,1998,..,BMU
8458,1998,8.31144869899844,BTN
8459,1998,13.5465291507295,BOL
8460,1998,..,BIH
8461,1998,..,BWA
8462,1998,..,BRA
8463,1998,..,VGB
8464,1998,..,BRN
8465,1998,19.3755012747903,BGR
8466,1998,..,BFA
8467,1998,13.8542953523238,BDI
8468,1998,..,CPV
8469,1998,..,KHM
8470,1998,9.69459913614923,CMR
8471,1998,14.668397589042,CAN
8472,1998,..,CYM
8473,1998,..,CAF
8474,1998,..,TCD
8475,1998,..,Channel Islands
8476,1998,15.771289644969,CHL
8477,1998,..,CHN
8478,1998,13.7437321544523,COL
8479,1998,..,COM
8480,1998,5.34976331444522,COD
8481,1998,..,COG
8482,1998,12.8238649326758,CRI
8483,1998,..,CIV
8484,1998,24.2414820697298,HRV
8485,1998,..,CUB
8486,1998,..,CUW
8487,1998,18.3161200731276,CYP
8488,1998,14.2860567923411,CZE
8489,1998,32.2070729134714,DNK
8490,1998,..,DJI
8491,1998,..,DMA
8492,1998,11.4316696590021,DOM
8493,1998,..,ECU
8494,1998,..,EGY
8495,1998,9.87978982523739,SLV
8496,1998,..,GNQ
8497,1998,..,ERI
8498,1998,22.1073473986806,EST
8499,1998,..,SWZ
8500,1998,10.987988994342,ETH
8501,1998,..,FRO
8502,1998,..,FJI
8503,1998,22.7175727179879,FIN
8504,1998,23.1752076924494,FRA
8505,1998,..,PYF
8506,1998,..,GAB
8507,1998,..,GMB
8508,1998,10.0157304713168,GEO
8509,1998,10.7927073495161,DEU
8510,1998,..,GHA
8511,1998,..,GIB
8512,1998,21.2361125370926,GRC
8513,1998,..,GRL
8514,1998,..,GRD
8515,1998,..,GUM
8516,1998,9.37193397451466,GTM
8517,1998,..,GIN
8518,1998,..,GNB
8519,1998,..,GUY
8520,1998,..,HTI
8521,1998,..,HND
8522,1998,..,HKG
8523,1998,20.7321964296248,HUN
8524,1998,23.955228336234,ISL
8525,1998,8.11314351097825,IND
8526,1998,15.0275881804252,IDN
8527,1998,8.64437605391793,IRN
8528,1998,..,IRQ
8529,1998,26.4943284050314,IRL
8530,1998,..,IMN
8531,1998,24.7122735398622,ISR
8532,1998,24.5925369294623,ITA
8533,1998,20.851857286619,JAM
8534,1998,..,JPN
8535,1998,18.1234625120325,JOR
8536,1998,7.29479389602331,KAZ
8537,1998,..,KEN
8538,1998,..,KIR
8539,1998,..,PRK
8540,1998,12.6202187465621,KOR
8541,1998,..,XKX
8542,1998,1.49244292670587,KWT
8543,1998,..,KGZ
8544,1998,..,LAO
8545,1998,17.0893602714196,LVA
8546,1998,12.6332288041608,LBN
8547,1998,25.0805433413429,LSO
8548,1998,..,LBR
8549,1998,..,LBY
8550,1998,..,LIE
8551,1998,22.089202319472,LTU
8552,1998,25.6011769443944,LUX
8553,1998,14.2216711530661,MAC
8554,1998,..,MDG
8555,1998,..,MWI
8556,1998,16.7301574972727,MYS
8557,1998,14.2002404743947,MDV
8558,1998,..,MLI
8559,1998,18.3363556192471,MLT
8560,1998,..,MHL
8561,1998,..,MRT
8562,1998,15.7808862294593,MUS
8563,1998,7.70264913994996,MEX
8564,1998,..,FSM
8565,1998,18.0802408389372,MDA
8566,1998,..,MCO
8567,1998,8.35867208733412,MNG
8568,1998,..,MNE
8569,1998,17.2315353065392,MAR
8570,1998,..,MOZ
8571,1998,3.51930951883989,MMR
8572,1998,25.6934877320742,NAM
8573,1998,..,NRU
8574,1998,8.63933254666024,NPL
8575,1998,20.6795681277685,NLD
8576,1998,..,NCL
8577,1998,..,NZL
8578,1998,11.0364830637541,NIC
8579,1998,..,NER
8580,1998,..,NGA
8581,1998,..,MKD
8582,1998,..,MNP
8583,1998,23.9569539127065,NOR
8584,1998,..,OMN
8585,1998,..,PAK
8586,1998,..,PLW
8587,1998,..,PAN
8588,1998,20.4802911476754,PNG
8589,1998,..,PRY
8590,1998,14.2348049647571,PER
8591,1998,13.6754637567029,PHL
8592,1998,20.0841792848044,POL
8593,1998,20.3818669861493,PRT
8594,1998,..,PRI
8595,1998,..,QAT
8596,1998,17.7360387162672,ROU
8597,1998,..,RUS
8598,1998,..,RWA
8599,1998,..,WSM
8600,1998,..,SMR
8601,1998,..,STP
8602,1998,..,SAU
8603,1998,..,SEN
8604,1998,..,SRB
8605,1998,24.8466651315736,SYC
8606,1998,..,SLE
8607,1998,14.0310256358429,SGP
8608,1998,..,SXM
8609,1998,..,SVK
8610,1998,22.4780960046814,SVN
8611,1998,..,SLB
8612,1998,..,SOM
8613,1998,21.9639431431796,ZAF
8614,1998,..,SSD
8615,1998,..,ESP
8616,1998,14.4764269842611,LKA
8617,1998,..,KNA
8618,1998,..,LCA
8619,1998,..,MAF
8620,1998,21.1743013769244,VCT
8621,1998,619.716328234893,SDN
8622,1998,..,SUR
8623,1998,29.6617437759601,SWE
8624,1998,9.26195695886805,CHE
8625,1998,..,SYR
8626,1998,7.68906661464937,TJK
8627,1998,..,TZA
8628,1998,13.7881674416943,THA
8629,1998,..,TLS
8630,1998,..,TGO
8631,1998,..,TON
8632,1998,..,TTO
8633,1998,19.18316383043,TUN
8634,1998,14.6683801012076,TUR
8635,1998,..,TKM
8636,1998,..,TCA
8637,1998,..,TUV
8638,1998,..,UGA
8639,1998,..,UKR
8640,1998,1.07587239217888,ARE
8641,1998,25.0251126438531,GBR
8642,1998,12.3298307799882,USA
8643,1998,16.9828417745635,URY
8644,1998,..,UZB
8645,1998,17.7355218704219,VUT
8646,1998,..,VEN
8647,1998,..,VNM
8648,1998,..,VIR
8649,1998,..,PSE
8650,1998,..,YEM
8651,1998,16.1881871288854,ZMB
8652,1998,..,ZWE
8656,1998,,Data from database: World Development Indicators
8657,1998,,Last Updated: 10/07/2025
8658,1999,..,AFG
8659,1999,..,ALB
8660,1999,..,DZA
8661,1999,..,ASM
8662,1999,..,AND
8663,1999,16.2939716615223,AGO
8664,1999,..,ATG
8665,1999,9.07612433559182,ARG
8666,1999,..,ARM
8667,1999,..,ABW
8668,1999,22.4149937199163,AUS
8669,1999,26.7081532349359,AUT
8670,1999,12.7334587163254,AZE
8671,1999,10.3236780424448,BHS
8672,1999,4.40879662320093,BHR
8673,1999,..,BGD
8674,1999,..,BRB
8675,1999,16.6724761934976,BLR
8676,1999,27.0095118766394,BEL
8677,1999,12.7474631342164,BLZ
8678,1999,..,BEN
8679,1999,..,BMU
8680,1999,7.36250647127559,BTN
8681,1999,12.0397851865925,BOL
8682,1999,..,BIH
8683,1999,..,BWA
8684,1999,..,BRA
8685,1999,..,VGB
8686,1999,..,BRN
8687,1999,20.0322957340146,BGR
8688,1999,..,BFA
8689,1999,13.1656455862978,BDI
8690,1999,..,CPV
8691,1999,..,KHM
8692,1999,9.70701807917569,CMR
8693,1999,14.6999207275996,CAN
8694,1999,..,CYM
8695,1999,..,CAF
8696,1999,..,TCD
8697,1999,..,Channel Islands
8698,1999,15.0949570823752,CHL
8699,1999,..,CHN
8700,1999,13.4769212818618,COL
8701,1999,..,COM
8702,1999,3.45979673835024,COD
8703,1999,..,COG
8704,1999,13.1337581607143,CRI
8705,1999,..,CIV
8706,1999,23.3889108662375,HRV
8707,1999,..,CUB
8708,1999,..,CUW
8709,1999,18.8469269058609,CYP
8710,1999,14.7763284118601,CZE
8711,1999,32.0893083367811,DNK
8712,1999,..,DJI
8713,1999,..,DMA
8714,1999,11.5292954816426,DOM
8715,1999,..,ECU
8716,1999,..,EGY
8717,1999,10.4317569074698,SLV
8718,1999,..,GNQ
8719,1999,..,ERI
8720,1999,20.9245903191704,EST
8721,1999,25.056044327891,SWZ
8722,1999,10.6198479060259,ETH
8723,1999,..,FRO
8724,1999,..,FJI
8725,1999,22.3921883866087,FIN
8726,1999,23.7873401244886,FRA
8727,1999,..,PYF
8728,1999,..,GAB
8729,1999,..,GMB
8730,1999,11.1912784236245,GEO
8731,1999,11.4113920394369,DEU
8732,1999,..,GHA
8733,1999,..,GIB
8734,1999,22.2860306923914,GRC
8735,1999,..,GRL
8736,1999,..,GRD
8737,1999,..,GUM
8738,1999,10.2471509266561,GTM
8739,1999,..,GIN
8740,1999,..,GNB
8741,1999,..,GUY
8742,1999,..,HTI
8743,1999,..,HND
8744,1999,..,HKG
8745,1999,21.7636593019673,HUN
8746,1999,25.860394313446,ISL
8747,1999,8.63830002757078,IND
8748,1999,16.3158356093432,IDN
8749,1999,8.32782333658207,IRN
8750,1999,..,IRQ
8751,1999,26.6510599729647,IRL
8752,1999,..,IMN
8753,1999,24.6614452362533,ISR
8754,1999,24.9421319541757,ITA
8755,1999,21.892234514133,JAM
8756,1999,..,JPN
8757,1999,18.1087863212364,JOR
8758,1999,7.74536993437448,KAZ
8759,1999,..,KEN
8760,1999,..,KIR
8761,1999,..,PRK
8762,1999,12.7918903108108,KOR
8763,1999,..,XKX
8764,1999,..,KWT
8765,1999,..,KGZ
8766,1999,..,LAO
8767,1999,16.3873375463237,LVA
8768,1999,13.3726880982344,LBN
8769,1999,24.7222153263144,LSO
8770,1999,..,LBR
8771,1999,..,LBY
8772,1999,..,LIE
8773,1999,22.1120160562633,LTU
8774,1999,25.1003284591765,LUX
8775,1999,14.192466022015,MAC
8776,1999,..,MDG
8777,1999,..,MWI
8778,1999,14.0937080235667,MYS
8779,1999,14.0915704652276,MDV
8780,1999,..,MLI
8781,1999,20.5102729866255,MLT
8782,1999,..,MHL
8783,1999,..,MRT
8784,1999,16.5261463793959,MUS
8785,1999,8.18517646667802,MEX
8786,1999,..,FSM
8787,1999,15.0573539668779,MDA
8788,1999,..,MCO
8789,1999,9.80581787762116,MNG
8790,1999,..,MNE
8791,1999,17.8825477889844,MAR
8792,1999,..,MOZ
8793,1999,2.75274845684649,MMR
8794,1999,27.9151280086767,NAM
8795,1999,..,NRU
8796,1999,8.42250523336725,NPL
8797,1999,21.186119963917,NLD
8798,1999,..,NCL
8799,1999,..,NZL
8800,1999,10.7189463745964,NIC
8801,1999,..,NER
8802,1999,..,NGA
8803,1999,..,MKD
8804,1999,..,MNP
8805,1999,24.254241932058,NOR
8806,1999,..,OMN
8807,1999,..,PAK
8808,1999,..,PLW
8809,1999,..,PAN
8810,1999,21.7881674633561,PNG
8811,1999,..,PRY
8812,1999,12.9941892981826,PER
8813,1999,12.8954370860496,PHL
8814,1999,17.9929799484054,POL
8815,1999,20.9446611864112,PRT
8816,1999,..,PRI
8817,1999,..,QAT
8818,1999,17.0566189702212,ROU
8819,1999,11.2428726496447,RUS
8820,1999,..,RWA
8821,1999,..,WSM
8822,1999,..,SMR
8823,1999,..,STP
8824,1999,..,SAU
8825,1999,..,SEN
8826,1999,..,SRB
8827,1999,25.5816131823445,SYC
8828,1999,..,SLE
8829,1999,14.5317174065401,SGP
8830,1999,..,SXM
8831,1999,..,SVK
8832,1999,23.104109441746,SVN
8833,1999,..,SLB
8834,1999,..,SOM
8835,1999,21.7599312426722,ZAF
8836,1999,..,SSD
8837,1999,..,ESP
8838,1999,15.0120754491787,LKA
8839,1999,..,KNA
8840,1999,..,LCA
8841,1999,..,MAF
8842,1999,20.6931199878666,VCT
8843,1999,638.661722364669,SDN
8844,1999,..,SUR
8845,1999,30.27043363357,SWE
8846,1999,8.91888653246466,CHE
8847,1999,..,SYR
8848,1999,8.20944237918216,TJK
8849,1999,..,TZA
8850,1999,12.8892155998986,THA
8851,1999,..,TLS
8852,1999,..,TGO
8853,1999,..,TON
8854,1999,..,TTO
8855,1999,19.1311664547799,TUN
8856,1999,..,TUR
8857,1999,..,TKM
8858,1999,..,TCA
8859,1999,..,TUV
8860,1999,..,UGA
8861,1999,12.9917511231045,UKR
8862,1999,1.1224470054107,ARE
8863,1999,25.4816687882459,GBR
8864,1999,12.2599824818828,USA
8865,1999,15.278285168979,URY
8866,1999,..,UZB
8867,1999,17.1248518486399,VUT
8868,1999,..,VEN
8869,1999,..,VNM
8870,1999,..,VIR
8871,1999,..,PSE
8872,1999,..,YEM
8873,1999,16.9543084891968,ZMB
8874,1999,..,ZWE
8878,1999,,Data from database: World Development Indicators
8879,1999,,Last Updated: 10/07/2025
8880,2000,..,AFG
8881,2000,..,ALB
8882,2000,..,DZA
8883,2000,..,ASM
8884,2000,..,AND
8885,2000,28.7033821587261,AGO
8886,2000,..,ATG
8887,2000,9.62260350188905,ARG
8888,2000,..,ARM
8889,2000,..,ABW
8890,2000,23.0241415839463,AUS
8891,2000,26.3582503226179,AUT
8892,2000,..,AZE
8893,2000,10.6786875949518,BHS
8894,2000,3.73277772071662,BHR
8895,2000,..,BGD
8896,2000,..,BRB
8897,2000,16.6247345026167,BLR
8898,2000,27.2747413568488,BEL
8899,2000,13.0247168320309,BLZ
8900,2000,..,BEN
8901,2000,..,BMU
8902,2000,9.54839427433829,BTN
8903,2000,12.3308028811412,BOL
8904,2000,..,BIH
8905,2000,..,BWA
8906,2000,..,BRA
8907,2000,..,VGB
8908,2000,..,BRN
8909,2000,20.4579930652149,BGR
8910,2000,..,BFA
8911,2000,..,BDI
8912,2000,..,CPV
8913,2000,..,KHM
8914,2000,..,CMR
8915,2000,14.8577431846106,CAN
8916,2000,..,CYM
8917,2000,..,CAF
8918,2000,..,TCD
8919,2000,..,Channel Islands
8920,2000,16.0724036282154,CHL
8921,2000,..,CHN
8922,2000,11.219754185325,COL
8923,2000,..,COM
8924,2000,0.779702331211264,COD
8925,2000,..,COG
8926,2000,12.8397128305791,CRI
8927,2000,..,CIV
8928,2000,22.7851981653961,HRV
8929,2000,..,CUB
8930,2000,..,CUW
8931,2000,20.7966335767945,CYP
8932,2000,14.3940909280327,CZE
8933,2000,31.500941763127,DNK
8934,2000,..,DJI
8935,2000,..,DMA
8936,2000,12.1644136566349,DOM
8937,2000,..,ECU
8938,2000,..,EGY
8939,2000,10.6054956959982,SLV
8940,2000,..,GNQ
8941,2000,..,ERI
8942,2000,19.6861614691059,EST
8943,2000,18.1332688579557,SWZ
8944,2000,..,ETH
8945,2000,..,FRO
8946,2000,..,FJI
8947,2000,24.2502896191691,FIN
8948,2000,23.5306025928572,FRA
8949,2000,..,PYF
8950,2000,..,GAB
8951,2000,..,GMB
8952,2000,11.4014330393341,GEO
8953,2000,11.6587154757097,DEU
8954,2000,..,GHA
8955,2000,..,GIB
8956,2000,23.309875911687,GRC
8957,2000,..,GRL
8958,2000,..,GRD
8959,2000,..,GUM
8960,2000,10.0649764496874,GTM
8961,2000,..,GIN
8962,2000,..,GNB
8963,2000,..,GUY
8964,2000,..,HTI
8965,2000,..,HND
8966,2000,..,HKG
8967,2000,22.3512215738023,HUN
8968,2000,25.105572588889,ISL
8969,2000,8.81014349636308,IND
8970,2000,..,IDN
8971,2000,5.86128209638759,IRN
8972,2000,..,IRQ
8973,2000,26.3499404107767,IRL
8974,2000,..,IMN
8975,2000,26.2937081408298,ISR
8976,2000,23.7479315027136,ITA
8977,2000,22.4946625353317,JAM
8978,2000,..,JPN
8979,2000,18.9981162585227,JOR
8980,2000,10.2213950712596,KAZ
8981,2000,..,KEN
8982,2000,..,KIR
8983,2000,..,PRK
8984,2000,14.2617780767866,KOR
8985,2000,..,XKX
8986,2000,..,KWT
8987,2000,..,KGZ
8988,2000,..,LAO
8989,2000,14.9292896748727,LVA
8990,2000,11.9012298232129,LBN
8991,2000,22.9395558569836,LSO
8992,2000,..,LBR
8993,2000,..,LBY
8994,2000,..,LIE
8995,2000,20.254820822897,LTU
8996,2000,25.4725968954966,LUX
8997,2000,14.9228529121374,MAC
8998,2000,..,MDG
8999,2000,..,MWI
9000,2000,13.6669089031737,MYS
9001,2000,13.796110041301,MDV
9002,2000,10.7850780299968,MLI
9003,2000,21.0263341126726,MLT
9004,2000,..,MHL
9005,2000,..,MRT
9006,2000,16.7284303346812,MUS
9007,2000,9.13229541250167,MEX
9008,2000,..,FSM
9009,2000,14.7257496118183,MDA
9010,2000,..,MCO
9011,2000,13.9101606963282,MNG
9012,2000,..,MNE
9013,2000,..,MAR
9014,2000,..,MOZ
9015,2000,2.96650745818451,MMR
9016,2000,27.4285090407923,NAM
9017,2000,..,NRU
9018,2000,8.73598111139219,NPL
9019,2000,20.9294302628756,NLD
9020,2000,..,NCL
9021,2000,..,NZL
9022,2000,10.6468701120311,NIC
9023,2000,..,NER
9024,2000,..,NGA
9025,2000,..,MKD
9026,2000,..,MNP
9027,2000,26.6719544744926,NOR
9028,2000,..,OMN
9029,2000,..,PAK
9030,2000,..,PLW
9031,2000,..,PAN
9032,2000,18.9759649951725,PNG
9033,2000,..,PRY
9034,2000,12.6086474992247,PER
9035,2000,12.440324756341,PHL
9036,2000,16.8889497903998,POL
9037,2000,20.880088684727,PRT
9038,2000,..,PRI
9039,2000,..,QAT
9040,2000,17.962709479419,ROU
9041,2000,13.7255344540838,RUS
9042,2000,..,RWA
9043,2000,..,WSM
9044,2000,..,SMR
9045,2000,..,STP
9046,2000,..,SAU
9047,2000,..,SEN
9048,2000,..,SRB
9049,2000,24.5127813836835,SYC
9050,2000,..,SLE
9051,2000,14.8557890847443,SGP
9052,2000,..,SXM
9053,2000,..,SVK
9054,2000,22.393054209072,SVN
9055,2000,..,SLB
9056,2000,..,SOM
9057,2000,20.9760632464162,ZAF
9058,2000,..,SSD
9059,2000,..,ESP
9060,2000,14.5027655060765,LKA
9061,2000,16.5283443522296,KNA
9062,2000,17.0513314535346,LCA
9063,2000,..,MAF
9064,2000,19.6990915175096,VCT
9065,2000,..,SDN
9066,2000,..,SUR
9067,2000,29.8510040310695,SWE
9068,2000,10.032345418206,CHE
9069,2000,..,SYR
9070,2000,7.70308389768848,TJK
9071,2000,..,TZA
9072,2000,12.9767329017598,THA
9073,2000,..,TLS
9074,2000,..,TGO
9075,2000,..,TON
9076,2000,..,TTO
9077,2000,19.2923685337066,TUN
9078,2000,..,TUR
9079,2000,..,TKM
9080,2000,..,TCA
9081,2000,..,TUV
9082,2000,..,UGA
9083,2000,13.6153819949128,UKR
9084,2000,..,ARE
9085,2000,26.089164498452,GBR
9086,2000,12.9707952978416,USA
9087,2000,14.6991370386579,URY
9088,2000,..,UZB
9089,2000,..,VUT
9090,2000,..,VEN
9091,2000,..,VNM
9092,2000,..,VIR
9093,2000,..,PSE
9094,2000,..,YEM
9095,2000,..,ZMB
9096,2000,..,ZWE
9100,2000,,Data from database: World Development Indicators
9101,2000,,Last Updated: 10/07/2025
9102,2001,..,AFG
9103,2001,..,ALB
9104,2001,..,DZA
9105,2001,..,ASM
9106,2001,..,AND
9107,2001,29.2466757235017,AGO
9108,2001,..,ATG
9109,2001,9.32489879390056,ARG
9110,2001,..,ARM
9111,2001,..,ABW
9112,2001,24.8578601700306,AUS
9113,2001,28.1049696740217,AUT
9114,2001,..,AZE
9115,2001,9.85954269322648,BHS
9116,2001,4.10364290899394,BHR
9117,2001,6.61116027143823,BGD
9118,2001,..,BRB
9119,2001,15.7546642442876,BLR
9120,2001,26.7865121102057,BEL
9121,2001,13.9030951568895,BLZ
9122,2001,..,BEN
9123,2001,..,BMU
9124,2001,8.18849908664852,BTN
9125,2001,11.7825460461138,BOL
9126,2001,..,BIH
9127,2001,..,BWA
9128,2001,..,BRA
9129,2001,..,VGB
9130,2001,..,BRN
9131,2001,19.7804941270264,BGR
9132,2001,..,BFA
9133,2001,..,BDI
9134,2001,..,CPV
9135,2001,..,KHM
9136,2001,..,CMR
9137,2001,14.1814798149467,CAN
9138,2001,..,CYM
9139,2001,..,CAF
9140,2001,..,TCD
9141,2001,..,Channel Islands
9142,2001,15.9131257668038,CHL
9143,2001,..,CHN
9144,2001,..,COL
9145,2001,..,COM
9146,2001,2.75245906279561,COD
9147,2001,9.07093687448128,COG
9148,2001,13.3610338036884,CRI
9149,2001,9.53622594518063,CIV
9150,2001,21.8785131056257,HRV
9151,2001,..,CUB
9152,2001,..,CUW
9153,2001,21.2956362120587,CYP
9154,2001,14.6706596068644,CZE
9155,2001,30.1926754363636,DNK
9156,2001,..,DJI
9157,2001,..,DMA
9158,2001,13.3805069856065,DOM
9159,2001,..,ECU
9160,2001,..,EGY
9161,2001,13.3067008259599,SLV
9162,2001,..,GNQ
9163,2001,..,ERI
9164,2001,19.2347051088645,EST
9165,2001,17.7385378464628,SWZ
9166,2001,8.08387167264084,ETH
9167,2001,..,FRO
9168,2001,..,FJI
9169,2001,21.8922226909061,FIN
9170,2001,23.563254487096,FRA
9171,2001,..,PYF
9172,2001,..,GAB
9173,2001,..,GMB
9174,2001,11.8046748576566,GEO
9175,2001,10.9562611305698,DEU
9176,2001,17.1929278946802,GHA
9177,2001,..,GIB
9178,2001,21.6130465155138,GRC
9179,2001,..,GRL
9180,2001,..,GRD
9181,2001,..,GUM
9182,2001,11.0386722099797,GTM
9183,2001,..,GIN
9184,2001,..,GNB
9185,2001,..,GUY
9186,2001,..,HTI
9187,2001,..,HND
9188,2001,..,HKG
9189,2001,21.3797375690868,HUN
9190,2001,22.7640673734124,ISL
9191,2001,8.07945444456957,IND
9192,2001,11.5781845835748,IDN
9193,2001,5.74690355849208,IRN
9194,2001,..,IRQ
9195,2001,24.2082381522214,IRL
9196,2001,..,IMN
9197,2001,25.8332781210338,ISR
9198,2001,23.325203414184,ITA
9199,2001,21.4148130153716,JAM
9200,2001,..,JPN
9201,2001,18.6804846237252,JOR
9202,2001,9.64230065323767,KAZ
9203,2001,..,KEN
9204,2001,..,KIR
9205,2001,..,PRK
9206,2001,13.5487884169826,KOR
9207,2001,..,XKX
9208,2001,..,KWT
9209,2001,..,KGZ
9210,2001,..,LAO
9211,2001,14.824440332671,LVA
9212,2001,11.8780771977299,LBN
9213,2001,25.7822061516583,LSO
9214,2001,..,LBR
9215,2001,..,LBY
9216,2001,..,LIE
9217,2001,19.3676371569545,LTU
9218,2001,24.9848941927661,LUX
9219,2001,16.3975835244593,MAC
9220,2001,..,MDG
9221,2001,..,MWI
9222,2001,17.7948888050621,MYS
9223,2001,9.82630738897756,MDV
9224,2001,10.585476749792,MLI
9225,2001,22.1709588902169,MLT
9226,2001,..,MHL
9227,2001,..,MRT
9228,2001,14.939651933863,MUS
9229,2001,..,MEX
9230,2001,..,FSM
9231,2001,12.1712003093085,MDA
9232,2001,..,MCO
9233,2001,14.6620591872387,MNG
9234,2001,..,MNE
9235,2001,..,MAR
9236,2001,..,MOZ
9237,2001,2.25714041101971,MMR
9238,2001,26.3094628493947,NAM
9239,2001,..,NRU
9240,2001,8.80257474738339,NPL
9241,2001,21.0083633404495,NLD
9242,2001,..,NCL
9243,2001,28.5576325439741,NZL
9244,2001,9.80250806649996,NIC
9245,2001,..,NER
9246,2001,..,NGA
9247,2001,..,MKD
9248,2001,..,MNP
9249,2001,26.039313005359,NOR
9250,2001,..,OMN
9251,2001,..,PAK
9252,2001,..,PLW
9253,2001,..,PAN
9254,2001,24.6964496984504,PNG
9255,2001,..,PRY
9256,2001,12.8971056336871,PER
9257,2001,12.2655086469998,PHL
9258,2001,15.9791418620791,POL
9259,2001,20.5206092087241,PRT
9260,2001,..,PRI
9261,2001,..,QAT
9262,2001,16.6334160764758,ROU
9263,2001,15.778699595813,RUS
9264,2001,..,RWA
9265,2001,..,WSM
9266,2001,..,SMR
9267,2001,..,STP
9268,2001,..,SAU
9269,2001,..,SEN
9270,2001,..,SRB
9271,2001,..,SYC
9272,2001,..,SLE
9273,2001,14.5855191514965,SGP
9274,2001,..,SXM
9275,2001,..,SVK
9276,2001,22.3700713225283,SVN
9277,2001,..,SLB
9278,2001,..,SOM
9279,2001,21.7005914264295,ZAF
9280,2001,..,SSD
9281,2001,..,ESP
9282,2001,14.6255003915026,LKA
9283,2001,15.7303370786517,KNA
9284,2001,16.489850746888,LCA
9285,2001,..,MAF
9286,2001,19.3628494753066,VCT
9287,2001,..,SDN
9288,2001,..,SUR
9289,2001,27.8809197863781,SWE
9290,2001,8.97063263009422,CHE
9291,2001,..,SYR
9292,2001,8.20192682736563,TJK
9293,2001,..,TZA
9294,2001,13.0702183217552,THA
9295,2001,..,TLS
9296,2001,..,TGO
9297,2001,..,TON
9298,2001,22.1212859407496,TTO
9299,2001,19.597497669027,TUN
9300,2001,..,TUR
9301,2001,..,TKM
9302,2001,..,TCA
9303,2001,..,TUV
9304,2001,..,UGA
9305,2001,11.6624126908962,UKR
9306,2001,..,ARE
9307,2001,25.7422554934628,GBR
9308,2001,11.8577047719749,USA
9309,2001,15.3059815839749,URY
9310,2001,..,UZB
9311,2001,..,VUT
9312,2001,..,VEN
9313,2001,..,VNM
9314,2001,..,VIR
9315,2001,..,PSE
9316,2001,..,YEM
9317,2001,16.5407044588153,ZMB
9318,2001,..,ZWE
9322,2001,,Data from database: World Development Indicators
9323,2001,,Last Updated: 10/07/2025
9324,2002,..,AFG
9325,2002,15.8747643037774,ALB
9326,2002,..,DZA
9327,2002,..,ASM
9328,2002,..,AND
9329,2002,15.5328118307446,AGO
9330,2002,..,ATG
9331,2002,9.81895834666325,ARG
9332,2002,..,ARM
9333,2002,..,ABW
9334,2002,23.5481448774929,AUS
9335,2002,27.1759762710679,AUT
9336,2002,..,AZE
9337,2002,8.99909471285283,BHS
9338,2002,3.57899289191497,BHR
9339,2002,6.69138419067813,BGD
9340,2002,..,BRB
9341,2002,14.2010383230738,BLR
9342,2002,25.712345094836,BEL
9343,2002,14.460330213313,BLZ
9344,2002,..,BEN
9345,2002,..,BMU
9346,2002,8.88044240255123,BTN
9347,2002,13.1841049760332,BOL
9348,2002,..,BIH
9349,2002,..,BWA
9350,2002,..,BRA
9351,2002,..,VGB
9352,2002,..,BRN
9353,2002,18.1476658113756,BGR
9354,2002,9.66138376801539,BFA
9355,2002,..,BDI
9356,2002,..,CPV
9357,2002,7.77854123062594,KHM
9358,2002,..,CMR
9359,2002,13.3776274685072,CAN
9360,2002,..,CYM
9361,2002,..,CAF
9362,2002,..,TCD
9363,2002,..,Channel Islands
9364,2002,16.0730676241399,CHL
9365,2002,..,CHN
9366,2002,..,COL
9367,2002,..,COM
9368,2002,4.23547372723084,COD
9369,2002,8.14290465105231,COG
9370,2002,13.368108901546,CRI
9371,2002,10.0548462063633,CIV
9372,2002,22.222094450956,HRV
9373,2002,..,CUB
9374,2002,..,CUW
9375,2002,21.4312693114226,CYP
9376,2002,14.4922139897488,CZE
9377,2002,30.1937128403241,DNK
9378,2002,..,DJI
9379,2002,..,DMA
9380,2002,13.2167276126136,DOM
9381,2002,..,ECU
9382,2002,13.4077593032462,EGY
9383,2002,12.0994707415286,SLV
9384,2002,..,GNQ
9385,2002,..,ERI
9386,2002,19.6286040279847,EST
9387,2002,17.0698445294653,SWZ
9388,2002,9.70983167885198,ETH
9389,2002,..,FRO
9390,2002,..,FJI
9391,2002,22.4744004311506,FIN
9392,2002,22.764124672502,FRA
9393,2002,..,PYF
9394,2002,..,GAB
9395,2002,..,GMB
9396,2002,11.6215128755365,GEO
9397,2002,10.8344127806563,DEU
9398,2002,17.4931112111661,GHA
9399,2002,..,GIB
9400,2002,21.8769704329815,GRC
9401,2002,..,GRL
9402,2002,..,GRD
9403,2002,..,GUM
9404,2002,12.0735961626442,GTM
9405,2002,..,GIN
9406,2002,..,GNB
9407,2002,..,GUY
9408,2002,..,HTI
9409,2002,..,HND
9410,2002,..,HKG
9411,2002,20.8845406070754,HUN
9412,2002,22.5927118214864,ISL
9413,2002,8.67627393090217,IND
9414,2002,11.8269595891699,IDN
9415,2002,4.99437771164826,IRN
9416,2002,..,IRQ
9417,2002,23.5168457829207,IRL
9418,2002,..,IMN
9419,2002,24.8500452649404,ISR
9420,2002,22.802206942667,ITA
9421,2002,21.8590101924323,JAM
9422,2002,..,JPN
9423,2002,17.4816014130115,JOR
9424,2002,12.1343597833771,KAZ
9425,2002,..,KEN
9426,2002,..,KIR
9427,2002,..,PRK
9428,2002,13.2486667899345,KOR
9429,2002,..,XKX
9430,2002,..,KWT
9431,2002,..,KGZ
9432,2002,..,LAO
9433,2002,14.4970645128657,LVA
9434,2002,14.4305901911887,LBN
9435,2002,24.1941630480867,LSO
9436,2002,..,LBR
9437,2002,..,LBY
9438,2002,..,LIE
9439,2002,19.1715740989114,LTU
9440,2002,24.7817028715337,LUX
9441,2002,17.2348113306315,MAC
9442,2002,..,MDG
9443,2002,..,MWI
9444,2002,17.4469550876406,MYS
9445,2002,9.50792544852813,MDV
9446,2002,11.1732839031018,MLI
9447,2002,23.1452750797684,MLT
9448,2002,..,MHL
9449,2002,..,MRT
9450,2002,14.8071830302121,MUS
9451,2002,..,MEX
9452,2002,..,FSM
9453,2002,12.8813543692286,MDA
9454,2002,..,MCO
9455,2002,13.3692402225643,MNG
9456,2002,..,MNE
9457,2002,17.1115740310881,MAR
9458,2002,..,MOZ
9459,2002,2.0010471703619,MMR
9460,2002,26.0619966741516,NAM
9461,2002,..,NRU
9462,2002,8.56058314089016,NPL
9463,2002,21.0800932986811,NLD
9464,2002,..,NCL
9465,2002,28.2080536465923,NZL
9466,2002,10.3954991061828,NIC
9467,2002,..,NER
9468,2002,..,NGA
9469,2002,..,MKD
9470,2002,..,MNP
9471,2002,27.1341211972036,NOR
9472,2002,..,OMN
9473,2002,..,PAK
9474,2002,..,PLW
9475,2002,..,PAN
9476,2002,21.0132469649522,PNG
9477,2002,..,PRY
9478,2002,12.4871426273152,PER
9479,2002,11.6681306910299,PHL
9480,2002,16.7881339290098,POL
9481,2002,20.8393087479958,PRT
9482,2002,..,PRI
9483,2002,..,QAT
9484,2002,16.4891000614035,ROU
9485,2002,13.6349660680486,RUS
9486,2002,..,RWA
9487,2002,..,WSM
9488,2002,18.098258600823,SMR
9489,2002,..,STP
9490,2002,..,SAU
9491,2002,..,SEN
9492,2002,..,SRB
9493,2002,..,SYC
9494,2002,..,SLE
9495,2002,12.6887393397993,SGP
9496,2002,..,SXM
9497,2002,..,SVK
9498,2002,23.0535311221809,SVN
9499,2002,..,SLB
9500,2002,..,SOM
9501,2002,20.8248927712355,ZAF
9502,2002,..,SSD
9503,2002,..,ESP
9504,2002,14.0203617835683,LKA
9505,2002,21.0250383397169,KNA
9506,2002,16.6644444444444,LCA
9507,2002,..,MAF
9508,2002,20.7166127142278,VCT
9509,2002,..,SDN
9510,2002,..,SUR
9511,2002,26.7106878934456,SWE
9512,2002,8.9557042716729,CHE
9513,2002,..,SYR
9514,2002,..,TJK
9515,2002,..,TZA
9516,2002,13.4703127620992,THA
9517,2002,..,TLS
9518,2002,..,TGO
9519,2002,..,TON
9520,2002,20.4554983123112,TTO
9521,2002,19.5406246580672,TUN
9522,2002,..,TUR
9523,2002,..,TKM
9524,2002,..,TCA
9525,2002,..,TUV
9526,2002,..,UGA
9527,2002,12.6327971410023,UKR
9528,2002,..,ARE
9529,2002,24.9615800725006,GBR
9530,2002,9.86801667620084,USA
9531,2002,15.7776762187295,URY
9532,2002,..,UZB
9533,2002,..,VUT
9534,2002,..,VEN
9535,2002,..,VNM
9536,2002,..,VIR
9537,2002,..,PSE
9538,2002,..,YEM
9539,2002,15.4400128684589,ZMB
9540,2002,..,ZWE
9544,2002,,Data from database: World Development Indicators
9545,2002,,Last Updated: 10/07/2025
9546,2003,..,AFG
9547,2003,16.6323426421383,ALB
9548,2003,..,DZA
9549,2003,..,ASM
9550,2003,..,AND
9551,2003,17.1715803572772,AGO
9552,2003,..,ATG
9553,2003,12.5187797002949,ARG
9554,2003,..,ARM
9555,2003,..,ABW
9556,2003,24.2999696180339,AUS
9557,2003,26.8133590933971,AUT
9558,2003,..,AZE
9559,2003,9.28851905674012,BHS
9560,2003,3.30681318786877,BHR
9561,2003,6.96521390375867,BGD
9562,2003,25.2434179778782,BRB
9563,2003,17.6881219095961,BLR
9564,2003,25.0766180109402,BEL
9565,2003,14.5081748032699,BLZ
9566,2003,..,BEN
9567,2003,..,BMU
9568,2003,8.93520956577544,BTN
9569,2003,12.9730003183325,BOL
9570,2003,..,BIH
9571,2003,..,BWA
9572,2003,..,BRA
9573,2003,..,VGB
9574,2003,..,BRN
9575,2003,20.1151861523983,BGR
9576,2003,9.86131120448803,BFA
9577,2003,..,BDI
9578,2003,..,CPV
9579,2003,6.95765269452965,KHM
9580,2003,..,CMR
9581,2003,13.2289347132717,CAN
9582,2003,..,CYM
9583,2003,..,CAF
9584,2003,..,TCD
9585,2003,..,Channel Islands
9586,2003,15.7688272670367,CHL
9587,2003,..,CHN
9588,2003,11.2588268638482,COL
9589,2003,..,COM
9590,2003,4.04019790111332,COD
9591,2003,8.64750467565705,COG
9592,2003,13.5849516097946,CRI
9593,2003,9.6568945061175,CIV
9594,2003,21.6704960225351,HRV
9595,2003,..,CUB
9596,2003,..,CUW
9597,2003,22.0150698014494,CYP
9598,2003,14.9342597779117,CZE
9599,2003,30.2738918313787,DNK
9600,2003,..,DJI
9601,2003,..,DMA
9602,2003,11.7451429764128,DOM
9603,2003,..,ECU
9604,2003,13.3499401197605,EGY
9605,2003,12.6782970945656,SLV
9606,2003,..,GNQ
9607,2003,..,ERI
9608,2003,19.8240184627071,EST
9609,2003,18.1611691797217,SWZ
9610,2003,9.11689550681182,ETH
9611,2003,..,FRO
9612,2003,..,FJI
9613,2003,22.0632242245277,FIN
9614,2003,22.2935305694438,FRA
9615,2003,..,PYF
9616,2003,..,GAB
9617,2003,..,GMB
9618,2003,10.9223385995026,GEO
9619,2003,11.0075820796944,DEU
9620,2003,18.4776861347961,GHA
9621,2003,..,GIB
9622,2003,20.2520438018772,GRC
9623,2003,..,GRL
9624,2003,..,GRD
9625,2003,..,GUM
9626,2003,11.8583959396845,GTM
9627,2003,..,GIN
9628,2003,..,GNB
9629,2003,..,GUY
9630,2003,..,HTI
9631,2003,13.7464657766749,HND
9632,2003,..,HKG
9633,2003,20.6845560575176,HUN
9634,2003,23.6770823338554,ISL
9635,2003,9.10808432214403,IND
9636,2003,12.3855320643093,IDN
9637,2003,5.20132534960526,IRN
9638,2003,..,IRQ
9639,2003,24.1607391790456,IRL
9640,2003,..,IMN
9641,2003,24.118580255124,ISR
9642,2003,22.6869498480048,ITA
9643,2003,24.071100071624,JAM
9644,2003,..,JPN
9645,2003,18.2179368351156,JOR
9646,2003,13.0832376530724,KAZ
9647,2003,..,KEN
9648,2003,..,KIR
9649,2003,..,PRK
9650,2003,13.6934575722654,KOR
9651,2003,..,XKX
9652,2003,..,KWT
9653,2003,..,KGZ
9654,2003,..,LAO
9655,2003,14.866193192414,LVA
9656,2003,15.3767134599505,LBN
9657,2003,27.1148820182378,LSO
9658,2003,..,LBR
9659,2003,..,LBY
9660,2003,..,LIE
9661,2003,19.0360058326697,LTU
9662,2003,24.6300961285092,LUX
9663,2003,20.0476737851754,MAC
9664,2003,8.59780028612767,MDG
9665,2003,..,MWI
9666,2003,15.4956551225138,MYS
9667,2003,9.42070183448992,MDV
9668,2003,12.7679538099709,MLI
9669,2003,23.3406075323108,MLT
9670,2003,..,MHL
9671,2003,..,MRT
9672,2003,15.8814971482717,MUS
9673,2003,..,MEX
9674,2003,..,FSM
9675,2003,14.6728701256381,MDA
9676,2003,..,MCO
9677,2003,18.0387455713481,MNG
9678,2003,..,MNE
9679,2003,16.8582507292145,MAR
9680,2003,..,MOZ
9681,2003,2.21041186420545,MMR
9682,2003,23.1947692240056,NAM
9683,2003,..,NRU
9684,2003,8.65181185256516,NPL
9685,2003,20.0840549930958,NLD
9686,2003,..,NCL
9687,2003,29.2481384340701,NZL
9688,2003,11.7208158960434,NIC
9689,2003,..,NER
9690,2003,..,NGA
9691,2003,..,MKD
9692,2003,..,MNP
9693,2003,25.8695458085888,NOR
9694,2003,..,OMN
9695,2003,..,PAK
9696,2003,..,PLW
9697,2003,..,PAN
9698,2003,..,PNG
9699,2003,..,PRY
9700,2003,13.411521163568,PER
9701,2003,11.6664325949085,PHL
9702,2003,16.6652745114418,POL
9703,2003,19.895163383583,PRT
9704,2003,..,PRI
9705,2003,..,QAT
9706,2003,17.7747637527772,ROU
9707,2003,13.3140302043711,RUS
9708,2003,..,RWA
9709,2003,..,WSM
9710,2003,16.905495491106,SMR
9711,2003,..,STP
9712,2003,..,SAU
9713,2003,..,SEN
9714,2003,..,SRB
9715,2003,..,SYC
9716,2003,..,SLE
9717,2003,12.4460741638593,SGP
9718,2003,..,SXM
9719,2003,..,SVK
9720,2003,23.273576238028,SVN
9721,2003,..,SLB
9722,2003,..,SOM
9723,2003,20.4927670870354,ZAF
9724,2003,..,SSD
9725,2003,..,ESP
9726,2003,12.7106758527447,LKA
9727,2003,21.5039688175606,KNA
9728,2003,16.1669542385596,LCA
9729,2003,..,MAF
9730,2003,19.8270642788518,VCT
9731,2003,..,SDN
9732,2003,..,SUR
9733,2003,26.9156662988358,SWE
9734,2003,8.97757718629271,CHE
9735,2003,..,SYR
9736,2003,9.70218843197379,TJK
9737,2003,..,TZA
9738,2003,14.4815688032319,THA
9739,2003,..,TLS
9740,2003,..,TGO
9741,2003,..,TON
9742,2003,21.3015498320898,TTO
9743,2003,18.7452647767236,TUN
9744,2003,..,TUR
9745,2003,..,TKM
9746,2003,..,TCA
9747,2003,..,TUV
9748,2003,..,UGA
9749,2003,13.161625947039,UKR
9750,2003,..,ARE
9751,2003,24.5554042090574,GBR
9752,2003,9.3906925792894,USA
9753,2003,17.2060058985691,URY
9754,2003,..,UZB
9755,2003,..,VUT
9756,2003,..,VEN
9757,2003,..,VNM
9758,2003,..,VIR
9759,2003,..,PSE
9760,2003,..,YEM
9761,2003,14.8595198791408,ZMB
9762,2003,..,ZWE
9766,2003,,Data from database: World Development Indicators
9767,2003,,Last Updated: 10/07/2025
9768,2004,..,AFG
9769,2004,17.4267041665946,ALB
9770,2004,..,DZA
9771,2004,..,ASM
9772,2004,..,AND
9773,2004,18.0745701171648,AGO
9774,2004,..,ATG
9775,2004,13.1007798994386,ARG
9776,2004,13.9964056466186,ARM
9777,2004,..,ABW
9778,2004,24.2582650629738,AUS
9779,2004,26.4758305323051,AUT
9780,2004,..,AZE
9781,2004,9.42833415605685,BHS
9782,2004,4.21684066611925,BHR
9783,2004,7.04644841818552,BGD
9784,2004,25.7744229931775,BRB
9785,2004,18.3713469008917,BLR
9786,2004,25.5379612606576,BEL
9787,2004,14.8487346967912,BLZ
9788,2004,..,BEN
9789,2004,..,BMU
9790,2004,7.34197987914533,BTN
9791,2004,15.0163488014671,BOL
9792,2004,..,BIH
9793,2004,..,BWA
9794,2004,..,BRA
9795,2004,..,VGB
9796,2004,..,BRN
9797,2004,21.0295709865638,BGR
9798,2004,11.2910196598144,BFA
9799,2004,..,BDI
9800,2004,..,CPV
9801,2004,7.36468106434393,KHM
9802,2004,..,CMR
9803,2004,13.3447478670743,CAN
9804,2004,..,CYM
9805,2004,6.21197995714737,CAF
9806,2004,..,TCD
9807,2004,..,Channel Islands
9808,2004,16.4239450549758,CHL
9809,2004,..,CHN
9810,2004,..,COL
9811,2004,..,COM
9812,2004,5.27673897174681,COD
9813,2004,7.81359440634417,COG
9814,2004,13.3589275001756,CRI
9815,2004,10.0128885806634,CIV
9816,2004,20.882954566487,HRV
9817,2004,..,CUB
9818,2004,..,CUW
9819,2004,21.8288375781342,CYP
9820,2004,15.3637066407322,CZE
9821,2004,31.2356786779335,DNK
9822,2004,..,DJI
9823,2004,..,DMA
9824,2004,12.5218843188301,DOM
9825,2004,..,ECU
9826,2004,13.8359777457243,EGY
9827,2004,12.6544548602852,SLV
9828,2004,..,GNQ
9829,2004,..,ERI
9830,2004,20.2281908937352,EST
9831,2004,22.2361572892534,SWZ
9832,2004,9.68076220287628,ETH
9833,2004,..,FRO
9834,2004,22.3492148047133,FJI
9835,2004,21.8147800505226,FIN
9836,2004,22.3223206875365,FRA
9837,2004,..,PYF
9838,2004,..,GAB
9839,2004,..,GMB
9840,2004,15.102348258909,GEO
9841,2004,10.480323064578,DEU
9842,2004,21.7521055188451,GHA
9843,2004,..,GIB
9844,2004,19.6220114639512,GRC
9845,2004,..,GRL
9846,2004,..,GRD
9847,2004,..,GUM
9848,2004,11.7428498298475,GTM
9849,2004,..,GIN
9850,2004,..,GNB
9851,2004,..,GUY
9852,2004,..,HTI
9853,2004,14.4958593254183,HND
9854,2004,..,HKG
9855,2004,20.3833165834293,HUN
9856,2004,24.7663209668127,ISL
9857,2004,9.57081708050975,IND
9858,2004,12.3307678952353,IDN
9859,2004,5.19532335188804,IRN
9860,2004,..,IRQ
9861,2004,25.0697230795881,IRL
9862,2004,..,IMN
9863,2004,24.0297198251478,ISR
9864,2004,22.1387880327404,ITA
9865,2004,24.1674973059177,JAM
9866,2004,..,JPN
9867,2004,20.9955023421375,JOR
9868,2004,13.9086779667034,KAZ
9869,2004,..,KEN
9870,2004,..,KIR
9871,2004,..,PRK
9872,2004,12.9668278295344,KOR
9873,2004,..,XKX
9874,2004,..,KWT
9875,2004,..,KGZ
9876,2004,..,LAO
9877,2004,14.9173632679074,LVA
9878,2004,16.5086439486372,LBN
9879,2004,28.9613250043846,LSO
9880,2004,..,LBR
9881,2004,..,LBY
9882,2004,..,LIE
9883,2004,19.2635466479286,LTU
9884,2004,24.0425731854332,LUX
9885,2004,21.2685675484294,MAC
9886,2004,9.37241986822963,MDG
9887,2004,..,MWI
9888,2004,15.1990937626569,MYS
9889,2004,10.4894358542978,MDV
9890,2004,10.4950321283737,MLI
9891,2004,23.5412508803072,MLT
9892,2004,..,MHL
9893,2004,..,MRT
9894,2004,16.0245110309857,MUS
9895,2004,..,MEX
9896,2004,..,FSM
9897,2004,16.3573926073926,MDA
9898,2004,..,MCO
9899,2004,..,MNG
9900,2004,..,MNE
9901,2004,17.1163253219024,MAR
9902,2004,..,MOZ
9903,2004,3.27245665609108,MMR
9904,2004,24.2728217434857,NAM
9905,2004,..,NRU
9906,2004,8.97495850015557,NPL
9907,2004,20.3554356598247,NLD
9908,2004,..,NCL
9909,2004,29.2579312754353,NZL
9910,2004,12.1881791801183,NIC
9911,2004,..,NER
9912,2004,..,NGA
9913,2004,..,MKD
9914,2004,..,MNP
9915,2004,27.3169686872771,NOR
9916,2004,..,OMN
9917,2004,..,PAK
9918,2004,..,PLW
9919,2004,..,PAN
9920,2004,..,PNG
9921,2004,..,PRY
9922,2004,13.6633689429004,PER
9923,2004,11.3644043893781,PHL
9924,2004,15.6185755633767,POL
9925,2004,20.0000718562616,PRT
9926,2004,..,PRI
9927,2004,..,QAT
9928,2004,17.4212661578016,ROU
9929,2004,13.2340253899051,RUS
9930,2004,..,RWA
9931,2004,..,WSM
9932,2004,15.9250983814358,SMR
9933,2004,..,STP
9934,2004,..,SAU
9935,2004,..,SEN
9936,2004,..,SRB
9937,2004,..,SYC
9938,2004,..,SLE
9939,2004,11.6045115798244,SGP
9940,2004,..,SXM
9941,2004,..,SVK
9942,2004,23.2308837925375,SVN
9943,2004,..,SLB
9944,2004,..,SOM
9945,2004,21.6985960707513,ZAF
9946,2004,..,SSD
9947,2004,14.6359726483881,ESP
9948,2004,13.4659689569891,LKA
9949,2004,21.2547584080431,KNA
9950,2004,17.2120653125,LCA
9951,2004,..,MAF
9952,2004,19.5929833730768,VCT
9953,2004,..,SDN
9954,2004,..,SUR
9955,2004,27.2939587027455,SWE
9956,2004,9.020393896535,CHE
9957,2004,..,SYR
9958,2004,9.82102378674623,TJK
9959,2004,..,TZA
9960,2004,14.8533309059365,THA
9961,2004,..,TLS
9962,2004,9.30912880542097,TGO
9963,2004,..,TON
9964,2004,22.0250564559057,TTO
9965,2004,18.6721938282889,TUN
9966,2004,..,TUR
9967,2004,..,TKM
9968,2004,..,TCA
9969,2004,..,TUV
9970,2004,..,UGA
9971,2004,12.8140914560614,UKR
9972,2004,..,ARE
9973,2004,25.1523282654273,GBR
9974,2004,9.53747079117008,USA
9975,2004,17.8462046174237,URY
9976,2004,..,UZB
9977,2004,..,VUT
9978,2004,..,VEN
9979,2004,..,VNM
9980,2004,..,VIR
9981,2004,..,PSE
9982,2004,..,YEM
9983,2004,15.3170586338543,ZMB
9984,2004,..,ZWE
9988,2004,,Data from database: World Development Indicators
9989,2004,,Last Updated: 10/07/2025
9990,2005,..,AFG
9991,2005,..,ALB
9992,2005,..,DZA
9993,2005,..,ASM
9994,2005,..,AND
9995,2005,17.1091178120826,AGO
9996,2005,..,ATG
9997,2005,13.1031756459852,ARG
9998,2005,14.3356634088462,ARM
9999,2005,..,ABW
10000,2005,24.7545497178645,AUS
10001,2005,25.6489616551304,AUT
10002,2005,..,AZE
10003,2005,10.0017079766577,BHS
10004,2005,1.16184562908878,BHR
10005,2005,7.13567003946154,BGD
10006,2005,26.7347427673779,BRB
10007,2005,20.1496562779039,BLR
10008,2005,25.4713299290151,BEL
10009,2005,16.0936302925523,BLZ
10010,2005,..,BEN
10011,2005,..,BMU
10012,2005,7.9437825068602,BTN
10013,2005,16.2151641027597,BOL
10014,2005,19.8860927318636,BIH
10015,2005,..,BWA
10016,2005,..,BRA
10017,2005,..,VGB
10018,2005,..,BRN
10019,2005,20.8855219915078,BGR
10020,2005,10.4497340755746,BFA
10021,2005,..,BDI
10022,2005,21.0767998978947,CPV
10023,2005,7.02950143209687,KHM
10024,2005,..,CMR
10025,2005,13.2994928856977,CAN
10026,2005,..,CYM
10027,2005,..,CAF
10028,2005,..,TCD
10029,2005,..,Channel Islands
10030,2005,18.1208899058922,CHL
10031,2005,8.45243795005463,CHN
10032,2005,..,COL
10033,2005,..,COM
10034,2005,5.92061129810681,COD
10035,2005,5.68812043548284,COG
10036,2005,13.635396985214,CRI
10037,2005,9.87243911760948,CIV
10038,2005,20.885012919611,HRV
10039,2005,..,CUB
10040,2005,..,CUW
10041,2005,23.1684581894033,CYP
10042,2005,14.4719480929411,CZE
10043,2005,32.9896907527703,DNK
10044,2005,..,DJI
10045,2005,..,DMA
10046,2005,13.6981611220213,DOM
10047,2005,..,ECU
10048,2005,14.068635097493,EGY
10049,2005,14.5108177983399,SLV
10050,2005,..,GNQ
10051,2005,..,ERI
10052,2005,19.0966557318789,EST
10053,2005,22.0244097721144,SWZ
10054,2005,8.72441638457737,ETH
10055,2005,..,FRO
10056,2005,21.5360119047619,FJI
10057,2005,21.7956348001409,FIN
10058,2005,22.405869035214,FRA
10059,2005,..,PYF
10060,2005,..,GAB
10061,2005,..,GMB
10062,2005,16.5426085759279,GEO
10063,2005,10.7118256360423,DEU
10064,2005,21.321508315786,GHA
10065,2005,..,GIB
10066,2005,20.7928823703071,GRC
10067,2005,..,GRL
10068,2005,..,GRD
10069,2005,..,GUM
10070,2005,11.3843835155732,GTM
10071,2005,..,GIN
10072,2005,..,GNB
10073,2005,..,GUY
10074,2005,..,HTI
10075,2005,14.5349539639745,HND
10076,2005,..,HKG
10077,2005,19.919313955977,HUN
10078,2005,27.2429931228023,ISL
10079,2005,10.0809315263538,IND
10080,2005,..,IDN
10081,2005,6.65759371533812,IRN
10082,2005,..,IRQ
10083,2005,25.4571402375003,IRL
10084,2005,..,IMN
10085,2005,24.4930273423177,ISR
10086,2005,21.8789864216762,ITA
10087,2005,23.2159728449925,JAM
10088,2005,..,JPN
10089,2005,24.4151653670341,JOR
10090,2005,..,KAZ
10091,2005,..,KEN
10092,2005,..,KIR
10093,2005,..,PRK
10094,2005,13.3130704357982,KOR
10095,2005,..,XKX
10096,2005,..,KWT
10097,2005,..,KGZ
10098,2005,..,LAO
10099,2005,15.7112739945277,LVA
10100,2005,15.1681037724548,LBN
10101,2005,28.5739007299318,LSO
10102,2005,..,LBR
10103,2005,..,LBY
10104,2005,..,LIE
10105,2005,19.7489313816046,LTU
10106,2005,25.3355554538416,LUX
10107,2005,20.9803418364728,MAC
10108,2005,8.69015551764536,MDG
10109,2005,..,MWI
10110,2005,14.8263910607125,MYS
10111,2005,11.5693738822473,MDV
10112,2005,10.3738916438799,MLI
10113,2005,25.3412024961018,MLT
10114,2005,..,MHL
10115,2005,..,MRT
10116,2005,17.0271316668288,MUS
10117,2005,..,MEX
10118,2005,..,FSM
10119,2005,18.4853394242006,MDA
10120,2005,..,MCO
10121,2005,..,MNG
10122,2005,..,MNE
10123,2005,18.9900493143229,MAR
10124,2005,..,MOZ
10125,2005,3.88177835640941,MMR
10126,2005,25.7290098770124,NAM
10127,2005,..,NRU
10128,2005,9.17945342137588,NPL
10129,2005,20.8877969055651,NLD
10130,2005,..,NCL
10131,2005,30.3129068290198,NZL
10132,2005,12.8998034816805,NIC
10133,2005,..,NER
10134,2005,..,NGA
10135,2005,18.425098651308,MKD
10136,2005,..,MNP
10137,2005,28.2037338316716,NOR
10138,2005,..,OMN
10139,2005,..,PAK
10140,2005,..,PLW
10141,2005,..,PAN
10142,2005,..,PNG
10143,2005,8.26476450440432,PRY
10144,2005,14.1047421923916,PER
10145,2005,11.9242240624029,PHL
10146,2005,16.4279824784832,POL
10147,2005,20.5984024088293,PRT
10148,2005,..,PRI
10149,2005,..,QAT
10150,2005,17.4680569291356,ROU
10151,2005,16.6229096832565,RUS
10152,2005,..,RWA
10153,2005,..,WSM
10154,2005,16.9350938885794,SMR
10155,2005,..,STP
10156,2005,..,SAU
10157,2005,..,SEN
10158,2005,..,SRB
10159,2005,25.6585989027018,SYC
10160,2005,..,SLE
10161,2005,11.5770274018324,SGP
10162,2005,..,SXM
10163,2005,..,SVK
10164,2005,23.6688040048522,SVN
10165,2005,..,SLB
10166,2005,..,SOM
10167,2005,22.9721111805983,ZAF
10168,2005,..,SSD
10169,2005,15.4578816147015,ESP
10170,2005,13.7325290221471,LKA
10171,2005,20.6618133270161,KNA
10172,2005,17.6395305283757,LCA
10173,2005,..,MAF
10174,2005,19.7244699900457,VCT
10175,2005,..,SDN
10176,2005,..,SUR
10177,2005,28.5953426910422,SWE
10178,2005,9.12616072837828,CHE
10179,2005,..,SYR
10180,2005,..,TJK
10181,2005,..,TZA
10182,2005,16.0618602656932,THA
10183,2005,..,TLS
10184,2005,9.11892325570286,TGO
10185,2005,..,TON
10186,2005,26.3787007953218,TTO
10187,2005,18.8775047168685,TUN
10188,2005,..,TUR
10189,2005,..,TKM
10190,2005,..,TCA
10191,2005,..,TUV
10192,2005,..,UGA
10193,2005,16.5287705679768,UKR
10194,2005,..,ARE
10195,2005,25.488132609925,GBR
10196,2005,10.6817329318669,USA
10197,2005,17.8969219665738,URY
10198,2005,..,UZB
10199,2005,..,VUT
10200,2005,..,VEN
10201,2005,..,VNM
10202,2005,..,VIR
10203,2005,..,PSE
10204,2005,..,YEM
10205,2005,14.7947685977681,ZMB
10206,2005,..,ZWE
10210,2005,,Data from database: World Development Indicators
10211,2005,,Last Updated: 10/07/2025
10212,2006,6.96759757507017,AFG
10213,2006,..,ALB
10214,2006,..,DZA
10215,2006,..,ASM
10216,2006,..,AND
10217,2006,23.385169992983,AGO
10218,2006,..,ATG
10219,2006,12.8788866954319,ARG
10220,2006,14.3959865593942,ARM
10221,2006,..,ABW
10222,2006,24.51177238554,AUS
10223,2006,25.1943406740954,AUT
10224,2006,..,AZE
10225,2006,11.2483316531019,BHS
10226,2006,1.16617489174005,BHR
10227,2006,7.04330405780911,BGD
10228,2006,25.2857244398189,BRB
10229,2006,22.2230966228065,BLR
10230,2006,25.2877504793919,BEL
10231,2006,16.6681016874588,BLZ
10232,2006,..,BEN
10233,2006,..,BMU
10234,2006,8.59855405734501,BTN
10235,2006,16.8161681623874,BOL
10236,2006,21.6899552066421,BIH
10237,2006,27.5264402404069,BWA
10238,2006,..,BRA
10239,2006,..,VGB
10240,2006,..,BRN
10241,2006,21.812020406639,BGR
10242,2006,10.7784082614218,BFA
10243,2006,..,BDI
10244,2006,22.7417663414263,CPV
10245,2006,7.12501082734391,KHM
10246,2006,..,CMR
10247,2006,13.3482206693421,CAN
10248,2006,..,CYM
10249,2006,..,CAF
10250,2006,..,TCD
10251,2006,..,Channel Islands
10252,2006,19.6120173267628,CHL
10253,2006,8.9294828249282,CHN
10254,2006,..,COL
10255,2006,..,COM
10256,2006,6.82822239226628,COD
10257,2006,5.29500881987698,COG
10258,2006,13.8416637386242,CRI
10259,2006,10.3299160766247,CIV
10260,2006,21.4531858175254,HRV
10261,2006,..,CUB
10262,2006,..,CUW
10263,2006,24.31188563645,CYP
10264,2006,14.2247635579556,CZE
10265,2006,31.8928909651121,DNK
10266,2006,..,DJI
10267,2006,..,DMA
10268,2006,13.9947598935454,DOM
10269,2006,..,ECU
10270,2006,15.8295127084345,EGY
10271,2006,15.6701077319907,SLV
10272,2006,9.66888288644266,GNQ
10273,2006,..,ERI
10274,2006,19.9559905072248,EST
10275,2006,30.9762746017621,SWZ
10276,2006,8.26284585481565,ETH
10277,2006,..,FRO
10278,2006,23.3862792496761,FJI
10279,2006,21.4247285391152,FIN
10280,2006,22.6603947257799,FRA
10281,2006,..,PYF
10282,2006,..,GAB
10283,2006,..,GMB
10284,2006,18.5701129087231,GEO
10285,2006,10.9320825330355,DEU
10286,2006,12.534618528847,GHA
10287,2006,..,GIB
10288,2006,20.3113525444312,GRC
10289,2006,..,GRL
10290,2006,..,GRD
10291,2006,..,GUM
10292,2006,12.0510563506017,GTM
10293,2006,..,GIN
10294,2006,..,GNB
10295,2006,..,GUY
10296,2006,..,HTI
10297,2006,15.2383560846971,HND
10298,2006,..,HKG
10299,2006,19.8288097717827,HUN
10300,2006,26.8971375817565,ISL
10301,2006,11.1293370539779,IND
10302,2006,..,IDN
10303,2006,6.21768140946726,IRN
10304,2006,..,IRQ
10305,2006,26.818812774603,IRL
10306,2006,..,IMN
10307,2006,25.2776912500206,ISR
10308,2006,23.2429207619484,ITA
10309,2006,24.0143899425756,JAM
10310,2006,..,JPN
10311,2006,24.5548644547277,JOR
10312,2006,..,KAZ
10313,2006,..,KEN
10314,2006,..,KIR
10315,2006,..,PRK
10316,2006,13.7275352115127,KOR
10317,2006,..,XKX
10318,2006,..,KWT
10319,2006,..,KGZ
10320,2006,..,LAO
10321,2006,16.4118421285996,LVA
10322,2006,15.0082855368253,LBN
10323,2006,33.9197543425177,LSO
10324,2006,..,LBR
10325,2006,..,LBY
10326,2006,..,LIE
10327,2006,20.5300347997554,LTU
10328,2006,23.9298412043057,LUX
10329,2006,21.1344883795184,MAC
10330,2006,9.20188162092675,MDG
10331,2006,..,MWI
10332,2006,14.5161969824928,MYS
10333,2006,11.7564407107925,MDV
10334,2006,10.3806120103924,MLI
10335,2006,25.8332880624449,MLT
10336,2006,..,MHL
10337,2006,..,MRT
10338,2006,16.0286714228025,MUS
10339,2006,..,MEX
10340,2006,..,FSM
10341,2006,19.5712115118202,MDA
10342,2006,..,MCO
10343,2006,28.7099746786874,MNG
10344,2006,..,MNE
10345,2006,19.403590924953,MAR
10346,2006,..,MOZ
10347,2006,..,MMR
10348,2006,29.0721666064647,NAM
10349,2006,..,NRU
10350,2006,8.77975841023477,NPL
10351,2006,21.1017560822819,NLD
10352,2006,..,NCL
10353,2006,31.9858840492082,NZL
10354,2006,13.6842084660093,NIC
10355,2006,..,NER
10356,2006,..,NGA
10357,2006,18.0826616858798,MKD
10358,2006,..,MNP
10359,2006,28.7982988676647,NOR
10360,2006,..,OMN
10361,2006,..,PAK
10362,2006,..,PLW
10363,2006,..,PAN
10364,2006,..,PNG
10365,2006,8.35050418277665,PRY
10366,2006,15.6699876015142,PER
10367,2006,13.1273014401873,PHL
10368,2006,17.0920694072435,POL
10369,2006,21.1343208709462,PRT
10370,2006,..,PRI
10371,2006,..,QAT
10372,2006,17.9470572343657,ROU
10373,2006,16.5682157586489,RUS
10374,2006,..,RWA
10375,2006,..,WSM
10376,2006,17.2225010598291,SMR
10377,2006,..,STP
10378,2006,..,SAU
10379,2006,..,SEN
10380,2006,..,SRB
10381,2006,23.2079124270583,SYC
10382,2006,..,SLE
10383,2006,11.8310221766032,SGP
10384,2006,..,SXM
10385,2006,..,SVK
10386,2006,23.4690283641439,SVN
10387,2006,..,SLB
10388,2006,..,SOM
10389,2006,24.3780853808343,ZAF
10390,2006,..,SSD
10391,2006,15.8427663944214,ESP
10392,2006,14.5772591775899,LKA
10393,2006,20.8500422433215,KNA
10394,2006,17.6326852295447,LCA
10395,2006,..,MAF
10396,2006,20.8183285638041,VCT
10397,2006,..,SDN
10398,2006,..,SUR
10399,2006,28.5983639528163,SWE
10400,2006,9.19403806543004,CHE
10401,2006,..,SYR
10402,2006,..,TJK
10403,2006,..,TZA
10404,2006,15.6369927115112,THA
10405,2006,..,TLS
10406,2006,9.83282482642317,TGO
10407,2006,..,TON
10408,2006,30.2575876543509,TTO
10409,2006,18.5107154877372,TUN
10410,2006,..,TUR
10411,2006,..,TKM
10412,2006,..,TCA
10413,2006,..,TUV
10414,2006,..,UGA
10415,2006,17.0921634355012,UKR
10416,2006,..,ARE
10417,2006,25.770394514272,GBR
10418,2006,11.3104788990808,USA
10419,2006,18.8323064186538,URY
10420,2006,..,UZB
10421,2006,..,VUT
10422,2006,..,VEN
10423,2006,..,VNM
10424,2006,..,VIR
10425,2006,..,PSE
10426,2006,..,YEM
10427,2006,13.7115292955915,ZMB
10428,2006,..,ZWE
10432,2006,,Data from database: World Development Indicators
10433,2006,,Last Updated: 10/07/2025
10434,2007,5.28345660398282,AFG
10435,2007,..,ALB
10436,2007,..,DZA
10437,2007,..,ASM
10438,2007,..,AND
10439,2007,21.499160563566,AGO
10440,2007,..,ATG
10441,2007,12.4482684483004,ARG
10442,2007,15.962531729107,ARM
10443,2007,..,ABW
10444,2007,24.0393453581788,AUS
10445,2007,25.5950050669501,AUT
10446,2007,..,AZE
10447,2007,11.3588658867582,BHS
10448,2007,1.14509796242081,BHR
10449,2007,6.91726266856821,BGD
10450,2007,25.9499389934439,BRB
10451,2007,23.7266987288672,BLR
10452,2007,24.7885375338784,BEL
10453,2007,17.3295061800715,BLZ
10454,2007,..,BEN
10455,2007,..,BMU
10456,2007,7.16212410171711,BTN
10457,2007,16.9648657379261,BOL
10458,2007,21.3942700368894,BIH
10459,2007,26.6174562731084,BWA
10460,2007,..,BRA
10461,2007,..,VGB
10462,2007,..,BRN
10463,2007,21.7606132992206,BGR
10464,2007,11.2791891162773,BFA
10465,2007,..,BDI
10466,2007,19.175765528895,CPV
10467,2007,8.27164124425787,KHM
10468,2007,..,CMR
10469,2007,13.3344320068963,CAN
10470,2007,..,CYM
10471,2007,..,CAF
10472,2007,..,TCD
10473,2007,..,Channel Islands
10474,2007,20.3790285412133,CHL
10475,2007,9.62573731753299,CHN
10476,2007,..,COL
10477,2007,..,COM
10478,2007,6.99218978555509,COD
10479,2007,6.02757381714862,COG
10480,2007,14.8564701560594,CRI
10481,2007,10.6657567522302,CIV
10482,2007,21.4858234476197,HRV
10483,2007,..,CUB
10484,2007,..,CUW
10485,2007,28.4229518891301,CYP
10486,2007,14.6226925120358,CZE
10487,2007,35.1418397665865,DNK
10488,2007,..,DJI
10489,2007,..,DMA
10490,2007,14.8862683653105,DOM
10491,2007,..,ECU
10492,2007,15.3498523093448,EGY
10493,2007,16.744896909489,SLV
10494,2007,7.54668815352279,GNQ
10495,2007,..,ERI
10496,2007,20.260803407453,EST
10497,2007,27.280286474477,SWZ
10498,2007,7.81252966616113,ETH
10499,2007,..,FRO
10500,2007,19.2096698424659,FJI
10501,2007,21.0666153459604,FIN
10502,2007,22.2192097607056,FRA
10503,2007,..,PYF
10504,2007,..,GAB
10505,2007,..,GMB
10506,2007,20.9552895761984,GEO
10507,2007,11.4680869476284,DEU
10508,2007,13.8779845463992,GHA
10509,2007,..,GIB
10510,2007,20.5440647006846,GRC
10511,2007,..,GRL
10512,2007,..,GRD
10513,2007,..,GUM
10514,2007,12.2552412852976,GTM
10515,2007,..,GIN
10516,2007,..,GNB
10517,2007,..,GUY
10518,2007,..,HTI
10519,2007,16.3850005480222,HND
10520,2007,..,HKG
10521,2007,21.391802600658,HUN
10522,2007,25.9584917840003,ISL
10523,2007,12.1083469904149,IND
10524,2007,..,IDN
10525,2007,5.93768768949975,IRN
10526,2007,..,IRQ
10527,2007,25.937168346525,IRL
10528,2007,..,IMN
10529,2007,25.2144493895456,ISR
10530,2007,23.691778053412,ITA
10531,2007,24.786546428363,JAM
10532,2007,..,JPN
10533,2007,24.6898518707805,JOR
10534,2007,..,KAZ
10535,2007,..,KEN
10536,2007,..,KIR
10537,2007,..,PRK
10538,2007,14.8173827033418,KOR
10539,2007,..,XKX
10540,2007,..,KWT
10541,2007,..,KGZ
10542,2007,..,LAO
10543,2007,16.0157079763583,LVA
10544,2007,14.9441191654965,LBN
10545,2007,39.3137977452033,LSO
10546,2007,..,LBR
10547,2007,..,LBY
10548,2007,..,LIE
10549,2007,20.3533270437098,LTU
10550,2007,24.380345488909,LUX
10551,2007,25.4624359546433,MAC
10552,2007,9.84806132452438,MDG
10553,2007,..,MWI
10554,2007,14.3037228371975,MYS
10555,2007,12.1474495062228,MDV
10556,2007,10.3497030498167,MLI
10557,2007,26.8857360888968,MLT
10558,2007,..,MHL
10559,2007,..,MRT
10560,2007,15.1054617551751,MUS
10561,2007,..,MEX
10562,2007,..,FSM
10563,2007,20.5665356541269,MDA
10564,2007,..,MCO
10565,2007,23.4791764785419,MNG
10566,2007,..,MNE
10567,2007,21.7314747760242,MAR
10568,2007,..,MOZ
10569,2007,..,MMR
10570,2007,30.5252906049617,NAM
10571,2007,..,NRU
10572,2007,9.7724734037072,NPL
10573,2007,21.2500501786359,NLD
10574,2007,..,NCL
10575,2007,30.1098712722247,NZL
10576,2007,13.8620870800837,NIC
10577,2007,..,NER
10578,2007,..,NGA
10579,2007,19.0748302217282,MKD
10580,2007,..,MNP
10581,2007,28.0802178144493,NOR
10582,2007,..,OMN
10583,2007,..,PAK
10584,2007,..,PLW
10585,2007,..,PAN
10586,2007,..,PNG
10587,2007,7.83787789139878,PRY
10588,2007,16.4074683503203,PER
10589,2007,12.9604093017337,PHL
10590,2007,18.0573047594226,POL
10591,2007,21.3682227414774,PRT
10592,2007,..,PRI
10593,2007,..,QAT
10594,2007,17.5395257265186,ROU
10595,2007,16.5513130624161,RUS
10596,2007,..,RWA
10597,2007,..,WSM
10598,2007,17.6382630770194,SMR
10599,2007,..,STP
10600,2007,..,SAU
10601,2007,..,SEN
10602,2007,20.4872747900195,SRB
10603,2007,22.3072095857786,SYC
10604,2007,..,SLE
10605,2007,12.8204281959211,SGP
10606,2007,..,SXM
10607,2007,..,SVK
10608,2007,23.091149820953,SVN
10609,2007,..,SLB
10610,2007,..,SOM
10611,2007,24.8072372824336,ZAF
10612,2007,..,SSD
10613,2007,16.3947357919559,ESP
10614,2007,14.2216085895166,LKA
10615,2007,21.6321300112301,KNA
10616,2007,18.2691189469052,LCA
10617,2007,..,MAF
10618,2007,20.8950764281722,VCT
10619,2007,..,SDN
10620,2007,..,SUR
10621,2007,28.5769881868309,SWE
10622,2007,9.0656237703257,CHE
10623,2007,..,SYR
10624,2007,..,TJK
10625,2007,..,TZA
10626,2007,15.1431565568396,THA
10627,2007,..,TLS
10628,2007,10.8835184268165,TGO
10629,2007,..,TON
10630,2007,25.9952903378909,TTO
10631,2007,19.067873938373,TUN
10632,2007,..,TUR
10633,2007,..,TKM
10634,2007,..,TCA
10635,2007,..,TUV
10636,2007,..,UGA
10637,2007,15.8179537908098,UKR
10638,2007,..,ARE
10639,2007,25.9947159105991,GBR
10640,2007,11.2899126640813,USA
10641,2007,18.1109425946772,URY
10642,2007,..,UZB
10643,2007,..,VUT
10644,2007,..,VEN
10645,2007,..,VNM
10646,2007,..,VIR
10647,2007,..,PSE
10648,2007,..,YEM
10649,2007,14.0825145811532,ZMB
10650,2007,..,ZWE
10654,2007,,Data from database: World Development Indicators
10655,2007,,Last Updated: 10/07/2025
10656,2008,6.08796493020769,AFG
10657,2008,..,ALB
10658,2008,..,DZA
10659,2008,..,ASM
10660,2008,..,AND
10661,2008,25.6501498565559,AGO
10662,2008,..,ATG
10663,2008,13.3178463574032,ARG
10664,2008,17.3217587321083,ARM
10665,2008,..,ABW
10666,2008,24.2076958094452,AUS
10667,2008,26.248140017775,AUT
10668,2008,16.4211753684861,AZE
10669,2008,12.1213661409842,BHS
10670,2008,1.23581558449619,BHR
10671,2008,7.65602988282474,BGD
10672,2008,25.4000671111602,BRB
10673,2008,25.3533892055523,BLR
10674,2008,25.2541698756848,BEL
10675,2008,17.0785841624015,BLZ
10676,2008,..,BEN
10677,2008,..,BMU
10678,2008,8.03787521608618,BTN
10679,2008,..,BOL
10680,2008,20.3021134980364,BIH
10681,2008,27.9208998753179,BWA
10682,2008,..,BRA
10683,2008,..,VGB
10684,2008,..,BRN
10685,2008,21.9738798204441,BGR
10686,2008,10.5488763462348,BFA
10687,2008,..,BDI
10688,2008,19.4194463721053,CPV
10689,2008,8.97517318958401,KHM
10690,2008,..,CMR
10691,2008,12.3901655964853,CAN
10692,2008,..,CYM
10693,2008,8.28435088958081,CAF
10694,2008,..,TCD
10695,2008,..,Channel Islands
10696,2008,18.7092655630745,CHL
10697,2008,9.94341352833548,CHN
10698,2008,13.0315110144915,COL
10699,2008,..,COM
10700,2008,8.96688350964023,COD
10701,2008,5.89662454769078,COG
10702,2008,15.2325099066937,CRI
10703,2008,10.7442668136723,CIV
10704,2008,21.2680500753445,HRV
10705,2008,..,CUB
10706,2008,..,CUW
10707,2008,26.9496263455086,CYP
10708,2008,13.6910275601823,CZE
10709,2008,33.4227790621361,DNK
10710,2008,..,DJI
10711,2008,..,DMA
10712,2008,14.1702312718161,DOM
10713,2008,..,ECU
10714,2008,15.3205248464545,EGY
10715,2008,17.0602032925092,SLV
10716,2008,7.78635988913296,GNQ
10717,2008,..,ERI
10718,2008,19.3870577164993,EST
10719,2008,29.8122764117578,SWZ
10720,2008,7.81414425408042,ETH
10721,2008,..,FRO
10722,2008,22.7136293118166,FJI
10723,2008,20.4923476085311,FIN
10724,2008,22.0891842345504,FRA
10725,2008,..,PYF
10726,2008,..,GAB
10727,2008,..,GMB
10728,2008,24.2245044534965,GEO
10729,2008,11.6247953415094,DEU
10730,2008,13.8959679074555,GHA
10731,2008,..,GIB
10732,2008,20.4892108105139,GRC
10733,2008,..,GRL
10734,2008,..,GRD
10735,2008,..,GUM
10736,2008,11.4590303096883,GTM
10737,2008,..,GIN
10738,2008,..,GNB
10739,2008,..,GUY
10740,2008,..,HTI
10741,2008,16.1305159842983,HND
10742,2008,..,HKG
10743,2008,23.2735248156211,HUN
10744,2008,22.797774575151,ISL
10745,2008,10.9771721522223,IND
10746,2008,13.3106178269489,IDN
10747,2008,6.19780928808194,IRN
10748,2008,..,IRQ
10749,2008,23.810941221499,IRL
10750,2008,..,IMN
10751,2008,23.2083038042074,ISR
10752,2008,23.4579053302791,ITA
10753,2008,24.684756616975,JAM
10754,2008,..,JPN
10755,2008,17.152210648873,JOR
10756,2008,..,KAZ
10757,2008,..,KEN
10758,2008,..,KIR
10759,2008,..,PRK
10760,2008,14.495199990643,KOR
10761,2008,..,XKX
10762,2008,..,KWT
10763,2008,..,KGZ
10764,2008,12.1029400169726,LAO
10765,2008,15.3140959762102,LVA
10766,2008,16.4183940002292,LBN
10767,2008,38.2585681601236,LSO
10768,2008,..,LBR
10769,2008,..,LBY
10770,2008,..,LIE
10771,2008,20.4676019676961,LTU
10772,2008,23.5557107740178,LUX
10773,2008,30.2359136404628,MAC
10774,2008,11.3914508381925,MDG
10775,2008,..,MWI
10776,2008,14.6629582567858,MYS
10777,2008,11.5788828140298,MDV
10778,2008,9.49779327164581,MLI
10779,2008,25.6644468131078,MLT
10780,2008,19.3324931787176,MHL
10781,2008,..,MRT
10782,2008,16.9672194586532,MUS
10783,2008,9.5787715278782,MEX
10784,2008,4.28801638335656,FSM
10785,2008,20.4459489526716,MDA
10786,2008,..,MCO
10787,2008,21.6518153603901,MNG
10788,2008,..,MNE
10789,2008,24.0687710887435,MAR
10790,2008,..,MOZ
10791,2008,..,MMR
10792,2008,29.70119351839,NAM
10793,2008,..,NRU
10794,2008,10.4400864087645,NPL
10795,2008,21.7043170648197,NLD
10796,2008,..,NCL
10797,2008,31.4531634367708,NZL
10798,2008,13.2016760492309,NIC
10799,2008,..,NER
10800,2008,..,NGA
10801,2008,18.5239461061968,MKD
10802,2008,..,MNP
10803,2008,27.7643980954451,NOR
10804,2008,..,OMN
10805,2008,..,PAK
10806,2008,16.3567688866424,PLW
10807,2008,..,PAN
10808,2008,..,PNG
10809,2008,8.09407229993163,PRY
10810,2008,16.5121709202423,PER
10811,2008,13.0335136905172,PHL
10812,2008,18.1987400991461,POL
10813,2008,21.0759413054563,PRT
10814,2008,..,PRI
10815,2008,..,QAT
10816,2008,16.7854444924841,ROU
10817,2008,15.8180678239761,RUS
10818,2008,..,RWA
10819,2008,..,WSM
10820,2008,17.6709153176255,SMR
10821,2008,..,STP
10822,2008,..,SAU
10823,2008,..,SEN
10824,2008,20.3574730803532,SRB
10825,2008,22.084701660805,SYC
10826,2008,..,SLE
10827,2008,13.7543914469361,SGP
10828,2008,..,SXM
10829,2008,..,SVK
10830,2008,22.3180566696238,SVN
10831,2008,..,SLB
10832,2008,..,SOM
10833,2008,24.322809870073,ZAF
10834,2008,..,SSD
10835,2008,12.7731852373898,ESP
10836,2008,13.2773344349014,LKA
10837,2008,20.0366033575106,KNA
10838,2008,18.6849027299701,LCA
10839,2008,..,MAF
10840,2008,22.6447081848728,VCT
10841,2008,..,SDN
10842,2008,..,SUR
10843,2008,27.6368713716752,SWE
10844,2008,9.58714189507603,CHE
10845,2008,..,SYR
10846,2008,..,TJK
10847,2008,..,TZA
10848,2008,15.3848864043407,THA
10849,2008,..,TLS
10850,2008,10.3419056256292,TGO
10851,2008,..,TON
10852,2008,29.48840531425,TTO
10853,2008,20.4998082253244,TUN
10854,2008,17.5022873062229,TUR
10855,2008,..,TKM
10856,2008,..,TCA
10857,2008,..,TUV
10858,2008,..,UGA
10859,2008,17.0917178616882,UKR
10860,2008,..,ARE
10861,2008,26.4580823293173,GBR
10862,2008,10.2761880916694,USA
10863,2008,17.8002013221528,URY
10864,2008,..,UZB
10865,2008,..,VUT
10866,2008,..,VEN
10867,2008,..,VNM
10868,2008,..,VIR
10869,2008,..,PSE
10870,2008,..,YEM
10871,2008,13.2593037826464,ZMB
10872,2008,..,ZWE
10876,2008,,Data from database: World Development Indicators
10877,2008,,Last Updated: 10/07/2025
10878,2009,8.48175836103604,AFG
10879,2009,..,ALB
10880,2009,..,DZA
10881,2009,..,ASM
10882,2009,..,AND
10883,2009,18.3610792311247,AGO
10884,2009,..,ATG
10885,2009,12.3830415594157,ARG
10886,2009,16.5058632327843,ARM
10887,2009,..,ABW
10888,2009,22.0210061350471,AUS
10889,2009,25.3973668580862,AUT
10890,2009,14.1067089869809,AZE
10891,2009,11.2520687319925,BHS
10892,2009,1.3631667858969,BHR
10893,2009,7.49811626276927,BGD
10894,2009,24.7074140343927,BRB
10895,2009,18.6294706290955,BLR
10896,2009,23.6951482292977,BEL
10897,2009,17.8005922416346,BLZ
10898,2009,..,BEN
10899,2009,..,BMU
10900,2009,8.77362894561627,BTN
10901,2009,..,BOL
10902,2009,18.9462859840219,BIH
10903,2009,27.6868140219818,BWA
10904,2009,..,BRA
10905,2009,..,VGB
10906,2009,..,BRN
10907,2009,18.5864986441581,BGR
10908,2009,11.1276317273501,BFA
10909,2009,..,BDI
10910,2009,16.8835936405793,CPV
10911,2009,8.02652016594289,KHM
10912,2009,..,CMR
10913,2009,12.3043859548638,CAN
10914,2009,..,CYM
10915,2009,7.90850338366884,CAF
10916,2009,..,TCD
10917,2009,..,Channel Islands
10918,2009,14.6058605652765,CHL
10919,2009,10.1348503817539,CHN
10920,2009,12.6752273841946,COL
10921,2009,..,COM
10922,2009,7.89217086585723,COD
10923,2009,8.22388188953649,COG
10924,2009,13.1830719882569,CRI
10925,2009,10.5012658369382,CIV
10926,2009,20.2751683982246,HRV
10927,2009,..,CUB
10928,2009,..,CUW
10929,2009,23.2492377292522,CYP
10930,2009,13.6005403617534,CZE
10931,2009,32.9767812920754,DNK
10932,2009,..,DJI
10933,2009,..,DMA
10934,2009,12.6456822696646,DOM
10935,2009,..,ECU
10936,2009,15.6613605833813,EGY
10937,2009,14.9770305233268,SLV
10938,2009,12.7630966475237,GNQ
10939,2009,..,ERI
10940,2009,21.7176782492491,EST
10941,2009,25.2733542172801,SWZ
10942,2009,6.58118138102551,ETH
10943,2009,..,FRO
10944,2009,21.7493556604798,FJI
10945,2009,18.884089470933,FIN
10946,2009,20.7468106096774,FRA
10947,2009,..,PYF
10948,2009,..,GAB
10949,2009,..,GMB
10950,2009,23.5093961970421,GEO
10951,2009,11.8302757257893,DEU
10952,2009,12.6124615220586,GHA
10953,2009,..,GIB
10954,2009,20.0467212280259,GRC
10955,2009,..,GRL
10956,2009,..,GRD
10957,2009,..,GUM
10958,2009,10.5046855711114,GTM
10959,2009,..,GIN
10960,2009,..,GNB
10961,2009,..,GUY
10962,2009,..,HTI
10963,2009,14.1619701907107,HND
10964,2009,..,HKG
10965,2009,23.3408896848246,HUN
10966,2009,19.9335386481209,ISL
10967,2009,9.80972540638804,IND
10968,2009,11.0577865188848,IDN
10969,2009,7.35847804148683,IRN
10970,2009,..,IRQ
10971,2009,22.0623761788555,IRL
10972,2009,..,IMN
10973,2009,21.2463629188986,ISR
10974,2009,23.8588080046118,ITA
10975,2009,24.9559702047372,JAM
10976,2009,..,JPN
10977,2009,16.5303515829394,JOR
10978,2009,..,KAZ
10979,2009,..,KEN
10980,2009,..,KIR
10981,2009,..,PRK
10982,2009,13.6509644478519,KOR
10983,2009,..,XKX
10984,2009,..,KWT
10985,2009,..,KGZ
10986,2009,12.7571661741676,LAO
10987,2009,13.5525592416215,LVA
10988,2009,16.8563060057445,LBN
10989,2009,39.9862447033836,LSO
10990,2009,..,LBR
10991,2009,..,LBY
10992,2009,..,LIE
10993,2009,16.9918375683176,LTU
10994,2009,23.8391085158098,LUX
10995,2009,29.3068412047655,MAC
10996,2009,8.34414896120855,MDG
10997,2009,9.94018426717949,MWI
10998,2009,14.9405015326636,MYS
10999,2009,9.1006679916955,MDV
11000,2009,10.5419119898934,MLI
11001,2009,25.8974682971551,MLT
11002,2009,18.4019656084656,MHL
11003,2009,..,MRT
11004,2009,18.0730130657124,MUS
11005,2009,9.23460486136909,MEX
11006,2009,4.39601604940122,FSM
11007,2009,17.6853133213094,MDA
11008,2009,..,MCO
11009,2009,16.5402944034255,MNG
11010,2009,..,MNE
11011,2009,21.5414840078664,MAR
11012,2009,..,MOZ
11013,2009,..,MMR
11014,2009,29.0723052633118,NAM
11015,2009,..,NRU
11016,2009,11.844036864345,NPL
11017,2009,20.8039697035576,NLD
11018,2009,..,NCL
11019,2009,29.6147937834688,NZL
11020,2009,13.1376609454229,NIC
11021,2009,..,NER
11022,2009,..,NGA
11023,2009,17.1295782664692,MKD
11024,2009,..,MNP
11025,2009,25.8473541139282,NOR
11026,2009,..,OMN
11027,2009,..,PAK
11028,2009,15.4208233802046,PLW
11029,2009,..,PAN
11030,2009,..,PNG
11031,2009,8.32758281699924,PRY
11032,2009,14.4565268083919,PER
11033,2009,11.6989355673304,PHL
11034,2009,16.0096652913108,POL
11035,2009,19.0930961617924,PRT
11036,2009,..,PRI
11037,2009,..,QAT
11038,2009,15.2721052302458,ROU
11039,2009,12.9563524123295,RUS
11040,2009,..,RWA
11041,2009,..,WSM
11042,2009,16.9391091898649,SMR
11043,2009,..,STP
11044,2009,..,SAU
11045,2009,..,SEN
11046,2009,19.2408906576394,SRB
11047,2009,..,SYC
11048,2009,..,SLE
11049,2009,12.9549265300847,SGP
11050,2009,..,SXM
11051,2009,..,SVK
11052,2009,21.525274565425,SVN
11053,2009,..,SLB
11054,2009,..,SOM
11055,2009,21.8948743006162,ZAF
11056,2009,..,SSD
11057,2009,10.1892841498989,ESP
11058,2009,12.8003204769597,LKA
11059,2009,18.8689389368297,KNA
11060,2009,19.1338695705866,LCA
11061,2009,..,MAF
11062,2009,22.4310790663974,VCT
11063,2009,6.46948438245235,SDN
11064,2009,..,SUR
11065,2009,27.3729442495242,SWE
11066,2009,9.34852798673042,CHE
11067,2009,..,SYR
11068,2009,..,TJK
11069,2009,11.5341744643449,TZA
11070,2009,14.1942308395144,THA
11071,2009,..,TLS
11072,2009,10.316212124719,TGO
11073,2009,..,TON
11074,2009,26.8274060612857,TTO
11075,2009,20.0481618073119,TUN
11076,2009,18.0739349464114,TUR
11077,2009,..,TKM
11078,2009,..,TCA
11079,2009,..,TUV
11080,2009,..,UGA
11081,2009,15.7892363802239,UKR
11082,2009,..,ARE
11083,2009,24.1727477108113,GBR
11084,2009,7.90351709244059,USA
11085,2009,18.1226990471616,URY
11086,2009,..,UZB
11087,2009,16.4961980492278,VUT
11088,2009,..,VEN
11089,2009,..,VNM
11090,2009,..,VIR
11091,2009,..,PSE
11092,2009,..,YEM
11093,2009,11.6875158256987,ZMB
11094,2009,9.19687186027602,ZWE
11098,2009,,Data from database: World Development Indicators
11099,2009,,Last Updated: 10/07/2025
11100,2010,9.16975191915408,AFG
11101,2010,..,ALB
11102,2010,..,DZA
11103,2010,..,ASM
11104,2010,..,AND
11105,2010,16.599947206125,AGO
11106,2010,..,ATG
11107,2010,12.8530426903255,ARG
11108,2010,17.0700513990102,ARM
11109,2010,..,ABW
11110,2010,20.4779954643102,AUS
11111,2010,25.495733887384,AUT
11112,2010,12.1577769928176,AZE
11113,2010,10.7623149327044,BHS
11114,2010,1.12828093917582,BHR
11115,2010,7.83468474946733,BGD
11116,2010,21.5653072798262,BRB
11117,2010,16.321438373621,BLR
11118,2010,24.4613514281372,BEL
11119,2010,18.8848026579596,BLZ
11120,2010,..,BEN
11121,2010,..,BMU
11122,2010,12.1941395950822,BTN
11123,2010,..,BOL
11124,2010,19.685676403117,BIH
11125,2010,23.8833642056949,BWA
11126,2010,14.249575957302,BRA
11127,2010,..,VGB
11128,2010,..,BRN
11129,2010,17.8714315570459,BGR
11130,2010,11.3100646526483,BFA
11131,2010,13.855957125156,BDI
11132,2010,16.8224328482522,CPV
11133,2010,8.14393451129163,KHM
11134,2010,..,CMR
11135,2010,11.7328092981826,CAN
11136,2010,..,CYM
11137,2010,8.4078921966114,CAF
11138,2010,..,TCD
11139,2010,..,Channel Islands
11140,2010,17.4710062673519,CHL
11141,2010,10.0382796577366,CHN
11142,2010,12.1421652023674,COL
11143,2010,..,COM
11144,2010,8.35044775618357,COD
11145,2010,6.90293864613017,COG
11146,2010,12.952542058662,CRI
11147,2010,10.213762113664,CIV
11148,2010,20.2786868701383,HRV
11149,2010,..,CUB
11150,2010,..,CUW
11151,2010,23.0541633071918,CYP
11152,2010,13.5150877074659,CZE
11153,2010,32.7637143283641,DNK
11154,2010,..,DJI
11155,2010,..,DMA
11156,2010,12.2208185452575,DOM
11157,2010,..,ECU
11158,2010,14.1300762473065,EGY
11159,2010,15.8120807115382,SLV
11160,2010,7.5861592239033,GNQ
11161,2010,..,ERI
11162,2010,20.1886259760194,EST
11163,2010,16.0005276272456,SWZ
11164,2010,8.1634410798229,ETH
11165,2010,..,FRO
11166,2010,21.8225644213838,FJI
11167,2010,18.60088122585,FIN
11168,2010,21.9860264776611,FRA
11169,2010,..,PYF
11170,2010,..,GAB
11171,2010,..,GMB
11172,2010,21.1106596234593,GEO
11173,2010,11.3009640451672,DEU
11174,2010,13.3883874032931,GHA
11175,2010,..,GIB
11176,2010,20.4346791237019,GRC
11177,2010,..,GRL
11178,2010,..,GRD
11179,2010,..,GUM
11180,2010,10.6050218415249,GTM
11181,2010,..,GIN
11182,2010,..,GNB
11183,2010,..,GUY
11184,2010,..,HTI
11185,2010,14.4250984008607,HND
11186,2010,..,HKG
11187,2010,22.6349958124257,HUN
11188,2010,20.2264379933079,ISL
11189,2010,10.3880397905312,IND
11190,2010,..,IDN
11191,2010,..,IRN
11192,2010,..,IRQ
11193,2010,21.8328969233319,IRL
11194,2010,..,IMN
11195,2010,21.9636729118369,ISR
11196,2010,23.7379559387907,ITA
11197,2010,24.2781717265526,JAM
11198,2010,..,JPN
11199,2010,15.4990908124012,JOR
11200,2010,15.7123804636498,KAZ
11201,2010,..,KEN
11202,2010,..,KIR
11203,2010,..,PRK
11204,2010,13.4369302936494,KOR
11205,2010,..,XKX
11206,2010,..,KWT
11207,2010,..,KGZ
11208,2010,13.0271390929762,LAO
11209,2010,14.1617549792208,LVA
11210,2010,16.8444766850707,LBN
11211,2010,30.2987604301988,LSO
11212,2010,..,LBR
11213,2010,..,LBY
11214,2010,..,LIE
11215,2010,16.2409988579148,LTU
11216,2010,23.8178404378116,LUX
11217,2010,34.3884357534879,MAC
11218,2010,8.53531911755595,MDG
11219,2010,10.5634650209755,MWI
11220,2010,13.3321953103767,MYS
11221,2010,8.84762793030511,MDV
11222,2010,10.4431901483691,MLI
11223,2010,25.1397908735498,MLT
11224,2010,17.7219137181875,MHL
11225,2010,..,MRT
11226,2010,18.0167133723215,MUS
11227,2010,9.67531745462168,MEX
11228,2010,4.6611358838246,FSM
11229,2010,15.1606407229695,MDA
11230,2010,..,MCO
11231,2010,19.5931192505774,MNG
11232,2010,..,MNE
11233,2010,21.0889640891443,MAR
11234,2010,14.3466100309506,MOZ
11235,2010,..,MMR
11236,2010,25.5423159777691,NAM
11237,2010,..,NRU
11238,2010,13.3961154418188,NPL
11239,2010,20.8014655797158,NLD
11240,2010,..,NCL
11241,2010,26.0863599795934,NZL
11242,2010,13.6783665497108,NIC
11243,2010,..,NER
11244,2010,..,NGA
11245,2010,16.8656928030442,MKD
11246,2010,..,MNP
11247,2010,26.7437669626856,NOR
11248,2010,..,OMN
11249,2010,..,PAK
11250,2010,16.5981167086657,PLW
11251,2010,..,PAN
11252,2010,..,PNG
11253,2010,8.87121347606682,PRY
11254,2010,15.4665717570431,PER
11255,2010,11.63527559371,PHL
11256,2010,16.5370235494052,POL
11257,2010,19.8714612760875,PRT
11258,2010,..,PRI
11259,2010,..,QAT
11260,2010,16.2393386961731,ROU
11261,2010,13.048348846076,RUS
11262,2010,..,RWA
11263,2010,..,WSM
11264,2010,15.5920229527836,SMR
11265,2010,..,STP
11266,2010,2.52961210191147,SAU
11267,2010,..,SEN
11268,2010,19.4313895022311,SRB
11269,2010,..,SYC
11270,2010,..,SLE
11271,2010,12.7858239691039,SGP
11272,2010,..,SXM
11273,2010,..,SVK
11274,2010,22.0180158109209,SVN
11275,2010,..,SLB
11276,2010,..,SOM
11277,2010,22.5206038776132,ZAF
11278,2010,..,SSD
11279,2010,12.3552539351712,ESP
11280,2010,10.9318686865706,LKA
11281,2010,16.3117664263224,KNA
11282,2010,18.2143708337914,LCA
11283,2010,..,MAF
11284,2010,21.6672659337995,VCT
11285,2010,5.86247467546648,SDN
11286,2010,..,SUR
11287,2010,27.5696312379084,SWE
11288,2010,9.36400805396417,CHE
11289,2010,..,SYR
11290,2010,..,TJK
11291,2010,9.91226158242781,TZA
11292,2010,14.9326475542288,THA
11293,2010,110.17258804732,TLS
11294,2010,10.5077874131551,TGO
11295,2010,..,TON
11296,2010,26.2440184613642,TTO
11297,2010,19.199750829309,TUN
11298,2010,18.859020486632,TUR
11299,2010,..,TKM
11300,2010,..,TCA
11301,2010,..,TUV
11302,2010,..,UGA
11303,2010,14.997505767077,UKR
11304,2010,..,ARE
11305,2010,25.2733978923915,GBR
11306,2010,8.56322203026373,USA
11307,2010,18.1364190185862,URY
11308,2010,..,UZB
11309,2010,16.1945350483107,VUT
11310,2010,..,VEN
11311,2010,..,VNM
11312,2010,..,VIR
11313,2010,..,PSE
11314,2010,..,YEM
11315,2010,12.834842405292,ZMB
11316,2010,17.4350010393671,ZWE
11320,2010,,Data from database: World Development Indicators
11321,2010,,Last Updated: 10/07/2025
11322,2011,8.91679399595736,AFG
11323,2011,17.9067230671409,ALB
11324,2011,..,DZA
11325,2011,..,ASM
11326,2011,..,AND
11327,2011,16.1034124367128,AGO
11328,2011,..,ATG
11329,2011,12.6636277012315,ARG
11330,2011,17.2194190490991,ARM
11331,2011,..,ABW
11332,2011,20.3225244773041,AUS
11333,2011,25.6466391466356,AUT
11334,2011,12.2247609538804,AZE
11335,2011,13.0110208622256,BHS
11336,2011,1.07176697647209,BHR
11337,2011,8.68592470557816,BGD
11338,2011,22.6267156326594,BRB
11339,2011,14.5090725642403,BLR
11340,2011,24.7537791878132,BEL
11341,2011,18.3662735009989,BLZ
11342,2011,..,BEN
11343,2011,..,BMU
11344,2011,12.4317424995474,BTN
11345,2011,..,BOL
11346,2011,20.3056652821355,BIH
11347,2011,24.0453261607064,BWA
11348,2011,14.85129878353,BRA
11349,2011,..,VGB
11350,2011,..,BRN
11351,2011,17.8827151475731,BGR
11352,2011,12.2194913583116,BFA
11353,2011,15.5317509914759,BDI
11354,2011,17.9870830170972,CPV
11355,2011,8.12593534266751,KHM
11356,2011,..,CMR
11357,2011,11.8039212812623,CAN
11358,2011,..,CYM
11359,2011,7.54040362417486,CAF
11360,2011,..,TCD
11361,2011,..,Channel Islands
11362,2011,18.9360959983723,CHL
11363,2011,10.1512000219484,CHN
11364,2011,14.5758811869672,COL
11365,2011,..,COM
11366,2011,..,COD
11367,2011,8.11448976998956,COG
11368,2011,13.2089868654445,CRI
11369,2011,7.57148126100708,CIV
11370,2011,19.6439220715243,HRV
11371,2011,..,CUB
11372,2011,..,CUW
11373,2011,23.1497766022135,CYP
11374,2011,14.4031469799321,CZE
11375,2011,32.8089690985065,DNK
11376,2011,..,DJI
11377,2011,..,DMA
11378,2011,12.3149237684384,DOM
11379,2011,..,ECU
11380,2011,14.0086354022318,EGY
11381,2011,15.3440335085472,SLV
11382,2011,7.01579011251936,GNQ
11383,2011,..,ERI
11384,2011,19.4461104284907,EST
11385,2011,16.3070266691183,SWZ
11386,2011,9.20935861701915,ETH
11387,2011,..,FRO
11388,2011,22.9170933172774,FJI
11389,2011,20.0526169335458,FIN
11390,2011,21.8260251212647,FRA
11391,2011,..,PYF
11392,2011,..,GAB
11393,2011,..,GMB
11394,2011,22.6614046515192,GEO
11395,2011,11.7469548476787,DEU
11396,2011,14.8657903615734,GHA
11397,2011,..,GIB
11398,2011,22.4592713947757,GRC
11399,2011,..,GRL
11400,2011,..,GRD
11401,2011,..,GUM
11402,2011,11.0178435431948,GTM
11403,2011,..,GIN
11404,2011,..,GNB
11405,2011,..,GUY
11406,2011,..,HTI
11407,2011,14.7879787886259,HND
11408,2011,..,HKG
11409,2011,21.0755779468166,HUN
11410,2011,20.5821774257347,ISL
11411,2011,10.1773871997608,IND
11412,2011,..,IDN
11413,2011,..,IRN
11414,2011,..,IRQ
11415,2011,21.6464169302643,IRL
11416,2011,..,IMN
11417,2011,22.1945785401603,ISR
11418,2011,23.6907780327076,ITA
11419,2011,23.364368298024,JAM
11420,2011,..,JPN
11421,2011,14.6082372225069,JOR
11422,2011,18.2578342100647,KAZ
11423,2011,..,KEN
11424,2011,16.3463881353238,KIR
11425,2011,..,PRK
11426,2011,13.8509676319419,KOR
11427,2011,..,XKX
11428,2011,..,KWT
11429,2011,..,KGZ
11430,2011,13.1464121849439,LAO
11431,2011,15.0349474767828,LVA
11432,2011,16.3773329137847,LBN
11433,2011,30.2137479343975,LSO
11434,2011,..,LBR
11435,2011,..,LBY
11436,2011,..,LIE
11437,2011,15.6660449989807,LTU
11438,2011,23.9870478540645,LUX
11439,2011,37.4242739306115,MAC
11440,2011,8.71032363773385,MDG
11441,2011,10.6177069783918,MWI
11442,2011,14.794353171378,MYS
11443,2011,12.0781339785612,MDV
11444,2011,10.5131947582714,MLI
11445,2011,25.4110072148213,MLT
11446,2011,17.0381021474173,MHL
11447,2011,..,MRT
11448,2011,18.0045184138976,MUS
11449,2011,9.61707214507843,MEX
11450,2011,4.96407310466763,FSM
11451,2011,15.2403272229961,MDA
11452,2011,..,MCO
11453,2011,18.466991091551,MNG
11454,2011,..,MNE
11455,2011,21.4534608720228,MAR
11456,2011,16.7995295127161,MOZ
11457,2011,..,MMR
11458,2011,29.5505904218204,NAM
11459,2011,..,NRU
11460,2011,11.6246777452046,NPL
11461,2011,20.6643770778933,NLD
11462,2011,..,NCL
11463,2011,25.6377455807193,NZL
11464,2011,14.5197030493667,NIC
11465,2011,..,NER
11466,2011,..,NGA
11467,2011,16.999651001969,MKD
11468,2011,..,MNP
11469,2011,27.5519417038651,NOR
11470,2011,..,OMN
11471,2011,..,PAK
11472,2011,17.4509080812985,PLW
11473,2011,..,PAN
11474,2011,..,PNG
11475,2011,9.36683510297004,PRY
11476,2011,15.9688951452089,PER
11477,2011,11.8490007825541,PHL
11478,2011,16.6696825635336,POL
11479,2011,21.3595814303725,PRT
11480,2011,..,PRI
11481,2011,..,QAT
11482,2011,17.2153737430501,ROU
11483,2011,13.9542036796753,RUS
11484,2011,..,RWA
11485,2011,..,WSM
11486,2011,16.1530355640829,SMR
11487,2011,..,STP
11488,2011,2.29968681414688,SAU
11489,2011,..,SEN
11490,2011,18.3137738004771,SRB
11491,2011,..,SYC
11492,2011,..,SLE
11493,2011,13.1057219512653,SGP
11494,2011,..,SXM
11495,2011,..,SVK
11496,2011,21.6954700360199,SVN
11497,2011,25.1585966331263,SLB
11498,2011,..,SOM
11499,2011,22.8746700116825,ZAF
11500,2011,..,SSD
11501,2011,11.8256931383282,ESP
11502,2011,10.8476049114868,LKA
11503,2011,18.0751717127733,KNA
11504,2011,18.0488000991829,LCA
11505,2011,..,MAF
11506,2011,21.3847933703678,VCT
11507,2011,3.85621016052459,SDN
11508,2011,..,SUR
11509,2011,26.7985753751517,SWE
11510,2011,9.32195218828286,CHE
11511,2011,..,SYR
11512,2011,..,TJK
11513,2011,9.79398200038448,TZA
11514,2011,16.3618347937093,THA
11515,2011,135.484450541018,TLS
11516,2011,11.4052322271044,TGO
11517,2011,..,TON
11518,2011,25.6437422012934,TTO
11519,2011,20.1748559350054,TUN
11520,2011,18.5709178655187,TUR
11521,2011,..,TKM
11522,2011,..,TCA
11523,2011,..,TUV
11524,2011,..,UGA
11525,2011,17.8400492744471,UKR
11526,2011,0.312357810734687,ARE
11527,2011,25.8349322442695,GBR
11528,2011,9.53892861749163,USA
11529,2011,18.1987734858938,URY
11530,2011,12.3662567573144,UZB
11531,2011,16.4423481605108,VUT
11532,2011,..,VEN
11533,2011,..,VNM
11534,2011,..,VIR
11535,2011,..,PSE
11536,2011,..,YEM
11537,2011,14.7159433183957,ZMB
11538,2011,17.928407275194,ZWE
11542,2011,,Data from database: World Development Indicators
11543,2011,,Last Updated: 10/07/2025
11544,2012,7.70780060287773,AFG
11545,2012,17.5879265953551,ALB
11546,2012,..,DZA
11547,2012,..,ASM
11548,2012,..,AND
11549,2012,14.8227191113256,AGO
11550,2012,..,ATG
11551,2012,12.9528415127413,ARG
11552,2012,17.4916420766113,ARM
11553,2012,..,ABW
11554,2012,21.0990859163958,AUS
11555,2012,26.1830994283732,AUT
11556,2012,12.7786393685483,AZE
11557,2012,12.0393694675572,BHS
11558,2012,1.13708147249514,BHR
11559,2012,9.02456269019499,BGD
11560,2012,21.4013747952932,BRB
11561,2012,14.6629750334495,BLR
11562,2012,25.7069678443471,BEL
11563,2012,18.4367889609301,BLZ
11564,2012,..,BEN
11565,2012,..,BMU
11566,2012,13.5887280698338,BTN
11567,2012,..,BOL
11568,2012,20.4775399413527,BIH
11569,2012,28.0365776616041,BWA
11570,2012,14.3324110913977,BRA
11571,2012,..,VGB
11572,2012,..,BRN
11573,2012,18.3853352646645,BGR
11574,2012,13.889962428562,BFA
11575,2012,14.4961552151041,BDI
11576,2012,16.2810827268418,CPV
11577,2012,8.73743328155956,KHM
11578,2012,11.3444056049257,CMR
11579,2012,11.6644273631038,CAN
11580,2012,..,CYM
11581,2012,8.17237728051962,CAF
11582,2012,..,TCD
11583,2012,..,Channel Islands
11584,2012,18.9910595532311,CHL
11585,2012,10.0894667610088,CHN
11586,2012,13.2269907142761,COL
11587,2012,..,COM
11588,2012,8.85708633774351,COD
11589,2012,7.27824633580598,COG
11590,2012,13.1052960656874,CRI
11591,2012,10.619351578358,CIV
11592,2012,20.1280057346355,HRV
11593,2012,..,CUB
11594,2012,..,CUW
11595,2012,23.3347688877135,CYP
11596,2012,14.8219229571973,CZE
11597,2012,33.5146741563207,DNK
11598,2012,..,DJI
11599,2012,..,DMA
11600,2012,13.0522728344989,DOM
11601,2012,..,ECU
11602,2012,12.3849047590613,EGY
11603,2012,16.1824358287957,SLV
11604,2012,8.7422190526891,GNQ
11605,2012,..,ERI
11606,2012,20.1620993799871,EST
11607,2012,28.2333786479943,SWZ
11608,2012,9.37759471505438,ETH
11609,2012,..,FRO
11610,2012,22.8925761350793,FJI
11611,2012,20.2018185629161,FIN
11612,2012,22.608974141338,FRA
11613,2012,..,PYF
11614,2012,14.0605243331958,GAB
11615,2012,..,GMB
11616,2012,23.0885041402301,GEO
11617,2012,11.909776530328,DEU
11618,2012,15.3681810106551,GHA
11619,2012,..,GIB
11620,2012,24.9543887136577,GRC
11621,2012,..,GRL
11622,2012,..,GRD
11623,2012,..,GUM
11624,2012,11.0095522578867,GTM
11625,2012,..,GIN
11626,2012,..,GNB
11627,2012,..,GUY
11628,2012,..,HTI
11629,2012,14.7474723155071,HND
11630,2012,..,HKG
11631,2012,22.9290319408291,HUN
11632,2012,21.503307076745,ISL
11633,2012,10.8367717209692,IND
11634,2012,..,IDN
11635,2012,..,IRN
11636,2012,..,IRQ
11637,2012,22.3065644373172,IRL
11638,2012,..,IMN
11639,2012,21.6046030122696,ISR
11640,2012,24.9107338882362,ITA
11641,2012,24.3328930313007,JAM
11642,2012,..,JPN
11643,2012,14.9212805170996,JOR
11644,2012,13.3120981501594,KAZ
11645,2012,..,KEN
11646,2012,16.8334056030768,KIR
11647,2012,..,PRK
11648,2012,14.0775914974355,KOR
11649,2012,..,XKX
11650,2012,..,KWT
11651,2012,..,KGZ
11652,2012,13.6053412560259,LAO
11653,2012,15.4465961149387,LVA
11654,2012,15.1980266225285,LBN
11655,2012,38.0837569930604,LSO
11656,2012,..,LBR
11657,2012,..,LBY
11658,2012,..,LIE
11659,2012,15.6846191314427,LTU
11660,2012,24.4278271542178,LUX
11661,2012,36.8027532399907,MAC
11662,2012,8.36825554307769,MDG
11663,2012,9.31571514240387,MWI
11664,2012,15.613146742555,MYS
11665,2012,..,MDV
11666,2012,10.8540720645761,MLI
11667,2012,25.2954088688708,MLT
11668,2012,16.3862307692308,MHL
11669,2012,..,MRT
11670,2012,18.6217074867957,MUS
11671,2012,9.35241106361326,MEX
11672,2012,4.89180155643093,FSM
11673,2012,15.5953463406884,MDA
11674,2012,..,MCO
11675,2012,15.3121421838175,MNG
11676,2012,..,MNE
11677,2012,21.9652841058592,MAR
11678,2012,18.6287778328985,MOZ
11679,2012,4.52409369741194,MMR
11680,2012,32.9327514425925,NAM
11681,2012,..,NRU
11682,2012,12.040804546654,NPL
11683,2012,20.3223179669174,NLD
11684,2012,..,NCL
11685,2012,26.8561025302167,NZL
11686,2012,15.0091410767164,NIC
11687,2012,..,NER
11688,2012,..,NGA
11689,2012,16.4166504179317,MKD
11690,2012,..,MNP
11691,2012,26.8725432287815,NOR
11692,2012,..,OMN
11693,2012,..,PAK
11694,2012,18.0691802477439,PLW
11695,2012,..,PAN
11696,2012,..,PNG
11697,2012,9.45777835121958,PRY
11698,2012,16.5466871027669,PER
11699,2012,12.3059271151495,PHL
11700,2012,16.0052569222101,POL
11701,2012,21.0111817015375,PRT
11702,2012,..,PRI
11703,2012,..,QAT
11704,2012,17.1587053558134,ROU
11705,2012,13.7546730412872,RUS
11706,2012,..,RWA
11707,2012,20.5386088005112,WSM
11708,2012,18.0162574059247,SMR
11709,2012,..,STP
11710,2012,2.48458615351606,SAU
11711,2012,..,SEN
11712,2012,17.8145603317234,SRB
11713,2012,..,SYC
11714,2012,..,SLE
11715,2012,13.5806687357042,SGP
11716,2012,..,SXM
11717,2012,..,SVK
11718,2012,21.7020526038348,SVN
11719,2012,26.1766672121594,SLB
11720,2012,..,SOM
11721,2012,23.3457659894736,ZAF
11722,2012,..,SSD
11723,2012,11.7062948133333,ESP
11724,2012,10.1110307052525,LKA
11725,2012,17.921835480466,KNA
11726,2012,17.1543882729725,LCA
11727,2012,..,MAF
11728,2012,21.8446859298012,VCT
11729,2012,6.89440699516488,SDN
11730,2012,..,SUR
11731,2012,26.4350873349314,SWE
11732,2012,9.1690747420643,CHE
11733,2012,..,SYR
11734,2012,..,TJK
11735,2012,10.4330040159572,TZA
11736,2012,15.4409356740255,THA
11737,2012,147.640195539203,TLS
11738,2012,11.3616557188477,TGO
11739,2012,..,TON
11740,2012,24.961173338278,TTO
11741,2012,20.1154877238471,TUN
11742,2012,18.1071816357094,TUR
11743,2012,..,TKM
11744,2012,..,TCA
11745,2012,..,TUV
11746,2012,..,UGA
11747,2012,17.6333154227001,UKR
11748,2012,0.354309302652762,ARE
11749,2012,25.1030655622434,GBR
11750,2012,9.76391736911044,USA
11751,2012,17.7918744506058,URY
11752,2012,13.1744077704128,UZB
11753,2012,17.3819159040388,VUT
11754,2012,..,VEN
11755,2012,..,VNM
11756,2012,..,VIR
11757,2012,..,PSE
11758,2012,..,YEM
11759,2012,14.8923642974021,ZMB
11760,2012,17.8355813060669,ZWE
11764,2012,,Data from database: World Development Indicators
11765,2012,,Last Updated: 10/07/2025
11766,2013,7.12277329020889,AFG
11767,2013,16.4764962744668,ALB
11768,2013,..,DZA
11769,2013,..,ASM
11770,2013,..,AND
11771,2013,14.184762657139,AGO
11772,2013,..,ATG
11773,2013,12.4529027558077,ARG
11774,2013,21.5862138752919,ARM
11775,2013,..,ABW
11776,2013,21.9443416287694,AUS
11777,2013,26.7741686943731,AUT
11778,2013,13.3883331614589,AZE
11779,2013,11.7717003741182,BHS
11780,2013,1.02928468252976,BHR
11781,2013,8.96241331541821,BGD
11782,2013,20.1269697247424,BRB
11783,2013,13.3549628478795,BLR
11784,2013,26.0756081287063,BEL
11785,2013,18.4937251528717,BLZ
11786,2013,..,BEN
11787,2013,..,BMU
11788,2013,13.302594742707,BTN
11789,2013,..,BOL
11790,2013,19.751544642443,BIH
11791,2013,26.7403906303594,BWA
11792,2013,14.1253057440862,BRA
11793,2013,..,VGB
11794,2013,..,BRN
11795,2013,19.6862822353302,BGR
11796,2013,14.9486419589637,BFA
11797,2013,13.4878665306569,BDI
11798,2013,16.2703554620725,CPV
11799,2013,9.28638425469543,KHM
11800,2013,11.5221169764532,CMR
11801,2013,11.6235045990299,CAN
11802,2013,..,CYM
11803,2013,..,CAF
11804,2013,..,TCD
11805,2013,..,Channel Islands
11806,2013,17.4587728968776,CHL
11807,2013,9.7321625039509,CHN
11808,2013,14.0221143464507,COL
11809,2013,..,COM
11810,2013,9.0435603246263,COD
11811,2013,8.62436076451018,COG
11812,2013,13.416824749474,CRI
11813,2013,10.6359292433206,CIV
11814,2013,20.596871380544,HRV
11815,2013,..,CUB
11816,2013,..,CUW
11817,2013,23.5211674986721,CYP
11818,2013,14.986384060872,CZE
11819,2013,33.7961426931306,DNK
11820,2013,..,DJI
11821,2013,..,DMA
11822,2013,13.5308947991171,DOM
11823,2013,14.1232339142175,ECU
11824,2013,13.4980649322726,EGY
11825,2013,17.0547352184716,SLV
11826,2013,8.51634994290945,GNQ
11827,2013,..,ERI
11828,2013,20.239593208473,EST
11829,2013,..,SWZ
11830,2013,8.76472537700643,ETH
11831,2013,..,FRO
11832,2013,23.4756627460653,FJI
11833,2013,20.7270868858018,FIN
11834,2013,23.2041011683014,FRA
11835,2013,..,PYF
11836,2013,16.0588356064828,GAB
11837,2013,..,GMB
11838,2013,22.0625986684055,GEO
11839,2013,12.0918431405374,DEU
11840,2013,10.671836497112,GHA
11841,2013,..,GIB
11842,2013,24.7308046940324,GRC
11843,2013,..,GRL
11844,2013,..,GRD
11845,2013,..,GUM
11846,2013,11.1022939088883,GTM
11847,2013,..,GIN
11848,2013,..,GNB
11849,2013,..,GUY
11850,2013,..,HTI
11851,2013,15.0632419088149,HND
11852,2013,..,HKG
11853,2013,22.8744366474572,HUN
11854,2013,21.6567855014887,ISL
11855,2013,11.0016256942917,IND
11856,2013,..,IDN
11857,2013,..,IRN
11858,2013,..,IRQ
11859,2013,22.4421898424785,IRL
11860,2013,..,IMN
11861,2013,22.5019265373829,ISR
11862,2013,25.1831182980011,ITA
11863,2013,24.0092921973108,JAM
11864,2013,..,JPN
11865,2013,14.9305149962785,JOR
11866,2013,16.0301777646187,KAZ
11867,2013,..,KEN
11868,2013,16.5529180207837,KIR
11869,2013,..,PRK
11870,2013,13.6306234375615,KOR
11871,2013,..,XKX
11872,2013,..,KWT
11873,2013,..,KGZ
11874,2013,13.7388338387583,LAO
11875,2013,15.9028434483155,LVA
11876,2013,14.0661144534751,LBN
11877,2013,35.9075271908447,LSO
11878,2013,..,LBR
11879,2013,..,LBY
11880,2013,..,LIE
11881,2013,15.7811714718234,LTU
11882,2013,24.5522669560732,LUX
11883,2013,36.3881002285428,MAC
11884,2013,8.78559177293247,MDG
11885,2013,9.7087435618013,MWI
11886,2013,15.310235280489,MYS
11887,2013,..,MDV
11888,2013,10.944741779373,MLI
11889,2013,25.1421033341581,MLT
11890,2013,16.4876357296137,MHL
11891,2013,..,MRT
11892,2013,18.1226037396896,MUS
11893,2013,9.88361012140901,MEX
11894,2013,5.46654155675152,FSM
11895,2013,15.4696360019738,MDA
11896,2013,..,MCO
11897,2013,15.7312080369785,MNG
11898,2013,..,MNE
11899,2013,20.6278690149343,MAR
11900,2013,21.5406521425782,MOZ
11901,2013,5.52956758874506,MMR
11902,2013,32.9807193371969,NAM
11903,2013,..,NRU
11904,2013,13.297885857998,NPL
11905,2013,20.5597633296122,NLD
11906,2013,..,NCL
11907,2013,26.7013034406368,NZL
11908,2013,15.0204349649964,NIC
11909,2013,..,NER
11910,2013,..,NGA
11911,2013,15.6689580043276,MKD
11912,2013,..,MNP
11913,2013,25.0101364415185,NOR
11914,2013,..,OMN
11915,2013,..,PAK
11916,2013,18.3900780129273,PLW
11917,2013,..,PAN
11918,2013,..,PNG
11919,2013,8.92936256761543,PRY
11920,2013,16.4330066930272,PER
11921,2013,12.7438220628562,PHL
11922,2013,15.6742591136229,POL
11923,2013,22.8736947705996,PRT
11924,2013,..,PRI
11925,2013,..,QAT
11926,2013,17.7605860355839,ROU
11927,2013,12.933492451261,RUS
11928,2013,..,RWA
11929,2013,22.6941862778156,WSM
11930,2013,17.0662396360759,SMR
11931,2013,..,STP
11932,2013,2.65185423323901,SAU
11933,2013,..,SEN
11934,2013,19.9874009064063,SRB
11935,2013,..,SYC
11936,2013,..,SLE
11937,2013,13.2712500808714,SGP
11938,2013,..,SXM
11939,2013,..,SVK
11940,2013,21.8958895091008,SVN
11941,2013,26.6062570205221,SLB
11942,2013,..,SOM
11943,2013,23.831391363238,ZAF
11944,2013,..,SSD
11945,2013,13.5446525722175,ESP
11946,2013,10.1212570540829,LKA
11947,2013,17.8401561953686,KNA
11948,2013,18.1628379053593,LCA
11949,2013,..,MAF
11950,2013,20.3705811015244,VCT
11951,2013,7.68401639387585,SDN
11952,2013,..,SUR
11953,2013,26.5905018509885,SWE
11954,2013,9.25621409876975,CHE
11955,2013,..,SYR
11956,2013,..,TJK
11957,2013,10.7219234484868,TZA
11958,2013,17.7360544662812,THA
11959,2013,93.8650341033643,TLS
11960,2013,12.1000695984893,TGO
11961,2013,16.932473943848,TON
11962,2013,24.2610873246789,TTO
11963,2013,..,TUN
11964,2013,18.3638081029172,TUR
11965,2013,..,TKM
11966,2013,..,TCA
11967,2013,..,TUV
11968,2013,..,UGA
11969,2013,16.8986843392832,UKR
11970,2013,0.361091644805933,ARE
11971,2013,25.1363423809099,GBR
11972,2013,10.4602254541478,USA
11973,2013,17.8597397264673,URY
11974,2013,13.8004798918479,UZB
11975,2013,18.2298178318362,VUT
11976,2013,..,VEN
11977,2013,..,VNM
11978,2013,..,VIR
11979,2013,..,PSE
11980,2013,..,YEM
11981,2013,14.3471093166635,ZMB
11982,2013,..,ZWE
11986,2013,,Data from database: World Development Indicators
11987,2013,,Last Updated: 10/07/2025
11988,2014,6.88210294277301,AFG
11989,2014,18.2080954662381,ALB
11990,2014,..,DZA
11991,2014,..,ASM
11992,2014,..,AND
11993,2014,13.5426301621262,AGO
11994,2014,..,ATG
11995,2014,12.6109666067191,ARG
11996,2014,21.5991745525223,ARM
11997,2014,..,ABW
11998,2014,21.897878678174,AUS
11999,2014,26.8419027283415,AUT
12000,2014,14.2125356482603,AZE
12001,2014,11.2869800015262,BHS
12002,2014,0.792383936021881,BHR
12003,2014,8.6353777373447,BGD
12004,2014,20.5823001989554,BRB
12005,2014,12.6977245264198,BLR
12006,2014,26.0083569098349,BEL
12007,2014,19.8624877918859,BLZ
12008,2014,..,BEN
12009,2014,..,BMU
12010,2014,12.5052991179472,BTN
12011,2014,..,BOL
12012,2014,19.777901772831,BIH
12013,2014,27.0928299660417,BWA
12014,2014,13.4900745188201,BRA
12015,2014,..,VGB
12016,2014,..,BRN
12017,2014,19.5666207727537,BGR
12018,2014,13.6638275123408,BFA
12019,2014,13.690026719648,BDI
12020,2014,15.5325589020017,CPV
12021,2014,11.0837884465344,KHM
12022,2014,12.285343811226,CMR
12023,2014,11.8083790792206,CAN
12024,2014,..,CYM
12025,2014,4.09850069590061,CAF
12026,2014,..,TCD
12027,2014,..,Channel Islands
12028,2014,17.0445012148873,CHL
12029,2014,9.49826837509792,CHN
12030,2014,15.6997483720014,COL
12031,2014,..,COM
12032,2014,8.63671684952941,COD
12033,2014,9.58092115614526,COG
12034,2014,13.0455889626524,CRI
12035,2014,10.1172575454966,CIV
12036,2014,20.3809990230477,HRV
12037,2014,..,CUB
12038,2014,..,CUW
12039,2014,24.7157220076717,CYP
12040,2014,14.3234419623065,CZE
12041,2014,36.5850723841222,DNK
12042,2014,..,DJI
12043,2014,..,DMA
12044,2014,13.4195317720907,DOM
12045,2014,14.0206757250712,ECU
12046,2014,12.2201408450704,EGY
12047,2014,16.7087952019765,SLV
12048,2014,8.29890080820683,GNQ
12049,2014,..,ERI
12050,2014,20.7046889899527,EST
12051,2014,29.7596194521437,SWZ
12052,2014,8.81195539315636,ETH
12053,2014,..,FRO
12054,2014,23.9766794222305,FJI
12055,2014,20.735954919725,FIN
12056,2014,23.1556593525911,FRA
12057,2014,..,PYF
12058,2014,15.1052288790252,GAB
12059,2014,..,GMB
12060,2014,22.0531492339701,GEO
12061,2014,12.0473875859666,DEU
12062,2014,11.2521859793493,GHA
12063,2014,..,GIB
12064,2014,25.3987231791514,GRC
12065,2014,..,GRL
12066,2014,..,GRD
12067,2014,..,GUM
12068,2014,10.7778159390611,GTM
12069,2014,..,GIN
12070,2014,..,GNB
12071,2014,..,GUY
12072,2014,..,HTI
12073,2014,16.5426382434487,HND
12074,2014,..,HKG
12075,2014,23.0029515544783,HUN
12076,2014,24.4919599819558,ISL
12077,2014,9.98465419071312,IND
12078,2014,..,IDN
12079,2014,..,IRN
12080,2014,0.91477329322806,IRQ
12081,2014,22.4604426817187,IRL
12082,2014,..,IMN
12083,2014,22.8049632844654,ISR
12084,2014,24.9693939747194,ITA
12085,2014,24.0532304305783,JAM
12086,2014,..,JPN
12087,2014,15.4316440340028,JOR
12088,2014,14.1934327397187,KAZ
12089,2014,15.1870212650473,KEN
12090,2014,15.9191032007104,KIR
12091,2014,..,PRK
12092,2014,13.2411616632556,KOR
12093,2014,..,XKX
12094,2014,..,KWT
12095,2014,17.5486530868942,KGZ
12096,2014,13.8301819353549,LAO
12097,2014,16.1740602062131,LVA
12098,2014,14.1095658840407,LBN
12099,2014,36.3284327192766,LSO
12100,2014,..,LBR
12101,2014,..,LBY
12102,2014,..,LIE
12103,2014,16.0335026552639,LTU
12104,2014,24.7451571133867,LUX
12105,2014,35.0873753023949,MAC
12106,2014,8.44113338214288,MDG
12107,2014,10.9491092554382,MWI
12108,2014,14.8407907140268,MYS
12109,2014,19.3230032785505,MDV
12110,2014,10.7220403356988,MLI
12111,2014,25.5760346210372,MLT
12112,2014,15.8567516129032,MHL
12113,2014,..,MRT
12114,2014,18.083856415995,MUS
12115,2014,10.2428550424697,MEX
12116,2014,12.5440666117082,FSM
12117,2014,16.8287991530895,MDA
12118,2014,..,MCO
12119,2014,12.9016342446788,MNG
12120,2014,..,MNE
12121,2014,20.3536177532067,MAR
12122,2014,23.9653838768408,MOZ
12123,2014,5.84092892509683,MMR
12124,2014,34.6286881010585,NAM
12125,2014,20.108825959168,NRU
12126,2014,13.9949104858592,NPL
12127,2014,21.5393728808314,NLD
12128,2014,..,NCL
12129,2014,26.8264180769563,NZL
12130,2014,15.3162602503007,NIC
12131,2014,..,NER
12132,2014,..,NGA
12133,2014,16.2352837081218,MKD
12134,2014,..,MNP
12135,2014,23.412031718882,NOR
12136,2014,..,OMN
12137,2014,..,PAK
12138,2014,19.3373333634922,PLW
12139,2014,9.95964875100329,PAN
12140,2014,17.9099621510466,PNG
12141,2014,9.74517637965316,PRY
12142,2014,16.7209266785318,PER
12143,2014,13.0155171797493,PHL
12144,2014,15.6271982270924,POL
12145,2014,22.8746795754976,PRT
12146,2014,..,PRI
12147,2014,..,QAT
12148,2014,17.9390645906369,ROU
12149,2014,13.2553613046452,RUS
12150,2014,12.947629272471,RWA
12151,2014,23.6829224198467,WSM
12152,2014,18.3455831253968,SMR
12153,2014,..,STP
12154,2014,2.66292976817046,SAU
12155,2014,..,SEN
12156,2014,21.0521740869991,SRB
12157,2014,..,SYC
12158,2014,..,SLE
12159,2014,13.5565571344028,SGP
12160,2014,..,SXM
12161,2014,..,SVK
12162,2014,22.0340192699754,SVN
12163,2014,25.595674942286,SLB
12164,2014,..,SOM
12165,2014,24.4319342176034,ZAF
12166,2014,..,SSD
12167,2014,14.0482352839264,ESP
12168,2014,9.74785982267564,LKA
12169,2014,18.4731785116894,KNA
12170,2014,18.1143266706191,LCA
12171,2014,..,MAF
12172,2014,22.4999159231874,VCT
12173,2014,7.98231786209787,SDN
12174,2014,..,SUR
12175,2014,26.7091994995563,SWE
12176,2014,9.08733951832234,CHE
12177,2014,..,SYR
12178,2014,..,TJK
12179,2014,11.3637968874428,TZA
12180,2014,16.4987842783279,THA
12181,2014,62.7906664376797,TLS
12182,2014,13.1663927509892,TGO
12183,2014,17.1045938777492,TON
12184,2014,25.0322358206162,TTO
12185,2014,..,TUN
12186,2014,17.9458170478531,TUR
12187,2014,..,TKM
12188,2014,..,TCA
12189,2014,..,TUV
12190,2014,..,UGA
12191,2014,17.294347838416,UKR
12192,2014,0.346301233375436,ARE
12193,2014,24.8805109652867,GBR
12194,2014,10.8997481732594,USA
12195,2014,17.275289380084,URY
12196,2014,13.4703929830448,UZB
12197,2014,18.3043648976114,VUT
12198,2014,..,VEN
12199,2014,..,VNM
12200,2014,..,VIR
12201,2014,..,PSE
12202,2014,..,YEM
12203,2014,15.7610303316911,ZMB
12204,2014,..,ZWE
12208,2014,,Data from database: World Development Indicators
12209,2014,,Last Updated: 10/07/2025
12210,2015,7.58538233129798,AFG
12211,2015,18.3812921492969,ALB
12212,2015,..,DZA
12213,2015,..,ASM
12214,2015,..,AND
12215,2015,11.0020190179303,AGO
12216,2015,..,ATG
12217,2015,12.3365069418291,ARG
12218,2015,20.931220827141,ARM
12219,2015,..,ABW
12220,2015,21.8740706763168,AUS
12221,2015,27.2160274066387,AUT
12222,2015,15.6031629275469,AZE
12223,2015,12.7014255261202,BHS
12224,2015,0.990043144194505,BHR
12225,2015,8.49834882820801,BGD
12226,2015,22.6401414394538,BRB
12227,2015,14.1730944654204,BLR
12228,2015,24.4227242755175,BEL
12229,2015,19.7061148432548,BLZ
12230,2015,..,BEN
12231,2015,..,BMU
12232,2015,12.1453454228689,BTN
12233,2015,..,BOL
12234,2015,19.7000100398431,BIH
12235,2015,26.3110988512498,BWA
12236,2015,13.6296293660896,BRA
12237,2015,..,VGB
12238,2015,..,BRN
12239,2015,20.0778036414442,BGR
12240,2015,13.2802007024398,BFA
12241,2015,13.1281548917256,BDI
12242,2015,17.1355967789329,CPV
12243,2015,10.8884929320759,KHM
12244,2015,12.1109695914613,CMR
12245,2015,12.3898109063213,CAN
12246,2015,..,CYM
12247,2015,5.44899138512974,CAF
12248,2015,..,TCD
12249,2015,..,Channel Islands
12250,2015,17.5460829269259,CHL
12251,2015,9.19468038601503,CHN
12252,2015,15.797262655066,COL
12253,2015,..,COM
12254,2015,9.10271198104293,COD
12255,2015,12.1951444175552,COG
12256,2015,13.2539942164374,CRI
12257,2015,11.1757327985719,CIV
12258,2015,21.4136482812976,HRV
12259,2015,..,CUB
12260,2015,..,CUW
12261,2015,24.0473874693333,CYP
12262,2015,14.6856290224908,CZE
12263,2015,34.1560427381574,DNK
12264,2015,..,DJI
12265,2015,..,DMA
12266,2015,12.9465144403685,DOM
12267,2015,16.3890534868359,ECU
12268,2015,12.5192110970171,EGY
12269,2015,16.7526849094045,SLV
12270,2015,11.4567349338539,GNQ
12271,2015,..,ERI
12272,2015,21.5659169044997,EST
12273,2015,27.421393115069,SWZ
12274,2015,8.35133826701354,ETH
12275,2015,..,FRO
12276,2015,24.8700529867802,FJI
12277,2015,20.5868919844713,FIN
12278,2015,23.2974119760792,FRA
12279,2015,..,PYF
12280,2015,12.8300685455322,GAB
12281,2015,..,GMB
12282,2015,22.3477480606692,GEO
12283,2015,11.9939072804758,DEU
12284,2015,11.6905632099655,GHA
12285,2015,..,GIB
12286,2015,25.3959107582621,GRC
12287,2015,..,GRL
12288,2015,..,GRD
12289,2015,..,GUM
12290,2015,10.3582515633584,GTM
12291,2015,..,GIN
12292,2015,..,GNB
12293,2015,..,GUY
12294,2015,..,HTI
12295,2015,17.3444720611594,HND
12296,2015,..,HKG
12297,2015,23.2221491904117,HUN
12298,2015,22.6894441179314,ISL
12299,2015,10.5697090519718,IND
12300,2015,..,IDN
12301,2015,..,IRN
12302,2015,1.32119614893692,IRQ
12303,2015,18.1112305946373,IRL
12304,2015,..,IMN
12305,2015,23.0629083317954,ISR
12306,2015,24.8391474255923,ITA
12307,2015,24.8153092563686,JAM
12308,2015,..,JPN
12309,2015,14.9510256180555,JOR
12310,2015,9.8357115521941,KAZ
12311,2015,14.8394826504099,KEN
12312,2015,19.7306378783196,KIR
12313,2015,..,PRK
12314,2015,13.1581443398916,KOR
12315,2015,..,XKX
12316,2015,..,KWT
12317,2015,16.801668055009,KGZ
12318,2015,13.5061406202026,LAO
12319,2015,16.3739257773551,LVA
12320,2015,13.4650512835689,LBN
12321,2015,33.7701457077629,LSO
12322,2015,..,LBR
12323,2015,..,LBY
12324,2015,..,LIE
12325,2015,16.7577252933798,LTU
12326,2015,23.3218593726636,LUX
12327,2015,29.1502493438066,MAC
12328,2015,8.94531037344997,MDG
12329,2015,10.5365817797809,MWI
12330,2015,14.0568621293393,MYS
12331,2015,19.6501550926862,MDV
12332,2015,11.8533619936548,MLI
12333,2015,24.3217053391404,MLT
12334,2015,17.3577109417529,MHL
12335,2015,..,MRT
12336,2015,8.75800596765304,MUS
12337,2015,12.3459757808372,MEX
12338,2015,5.41824367855025,FSM
12339,2015,16.2909680870475,MDA
12340,2015,..,MCO
12341,2015,11.8941379230625,MNG
12342,2015,..,MNE
12343,2015,19.4374650876196,MAR
12344,2015,20.0064845206447,MOZ
12345,2015,6.01128503979227,MMR
12346,2015,33.4223868666157,NAM
12347,2015,17.0750727285013,NRU
12348,2015,14.6863045680746,NPL
12349,2015,21.7961168520041,NLD
12350,2015,..,NCL
12351,2015,27.3932675715756,NZL
12352,2015,15.5895752369993,NIC
12353,2015,..,NER
12354,2015,..,NGA
12355,2015,16.8182331222247,MKD
12356,2015,..,MNP
12357,2015,22.0885488164749,NOR
12358,2015,..,OMN
12359,2015,..,PAK
12360,2015,20.2829074151441,PLW
12361,2015,9.79801961592855,PAN
12362,2015,15.227287056527,PNG
12363,2015,9.64227469729351,PRY
12364,2015,14.9196513179116,PER
12365,2015,13.0196105917208,PHL
12366,2015,15.6135953190934,POL
12367,2015,23.078466918073,PRT
12368,2015,..,PRI
12369,2015,..,QAT
12370,2015,18.9181762479079,ROU
12371,2015,10.6420948088217,RUS
12372,2015,13.2938948827544,RWA
12373,2015,22.5386594198963,WSM
12374,2015,17.8902228816041,SMR
12375,2015,..,STP
12376,2015,3.1461706015912,SAU
12377,2015,15.7743360472944,SEN
12378,2015,21.4666537370513,SRB
12379,2015,..,SYC
12380,2015,..,SLE
12381,2015,13.1397745298612,SGP
12382,2015,..,SXM
12383,2015,..,SVK
12384,2015,22.1224219708005,SVN
12385,2015,25.7391419562004,SLB
12386,2015,..,SOM
12387,2015,25.0486927031144,ZAF
12388,2015,..,SSD
12389,2015,14.0820816990338,ESP
12390,2015,11.7202648575001,LKA
12391,2015,19.6351325207971,KNA
12392,2015,18.714797065133,LCA
12393,2015,..,MAF
12394,2015,22.6595093468946,VCT
12395,2015,8.19443800491008,SDN
12396,2015,..,SUR
12397,2015,27.3210460460165,SWE
12398,2015,9.55617901664748,CHE
12399,2015,..,SYR
12400,2015,..,TJK
12401,2015,10.4924954944653,TZA
12402,2015,16.8508515509662,THA
12403,2015,36.1661146473104,TLS
12404,2015,13.7687109539627,TGO
12405,2015,18.679256935737,TON
12406,2015,24.7100335274544,TTO
12407,2015,..,TUN
12408,2015,18.1807806755588,TUR
12409,2015,..,TKM
12410,2015,..,TCA
12411,2015,..,TUV
12412,2015,10.8017708078475,UGA
12413,2015,20.4513654211322,UKR
12414,2015,0.0558410691327574,ARE
12415,2015,25.0666466296295,GBR
12416,2015,11.1828279598944,USA
12417,2015,17.0956158572883,URY
12418,2015,13.5577540324739,UZB
12419,2015,16.2653409502645,VUT
12420,2015,..,VEN
12421,2015,..,VNM
12422,2015,..,VIR
12423,2015,..,PSE
12424,2015,..,YEM
12425,2015,14.3939639330138,ZMB
12426,2015,17.6734192783656,ZWE
12430,2015,,Data from database: World Development Indicators
12431,2015,,Last Updated: 10/07/2025
12432,2016,9.50265278288094,AFG
12433,2016,17.4032025232446,ALB
12434,2016,..,DZA
12435,2016,..,ASM
12436,2016,..,AND
12437,2016,9.73251248352788,AGO
12438,2016,..,ATG
12439,2016,12.0972836411962,ARG
12440,2016,21.2773752756378,ARM
12441,2016,..,ABW
12442,2016,22.2755221320286,AUS
12443,2016,25.8220277699052,AUT
12444,2016,14.5555165725558,AZE
12445,2016,14.1340479509128,BHS
12446,2016,0.808517153690866,BHR
12447,2016,7.31691184755758,BGD
12448,2016,24.9116801229993,BRB
12449,2016,13.7882356123814,BLR
12450,2016,22.9285982517678,BEL
12451,2016,20.638172688376,BLZ
12452,2016,..,BEN
12453,2016,..,BMU
12454,2016,11.8864300679607,BTN
12455,2016,..,BOL
12456,2016,19.7137455722415,BIH
12457,2016,21.6300553227647,BWA
12458,2016,13.7104309800754,BRA
12459,2016,..,VGB
12460,2016,..,BRN
12461,2016,20.3330299615082,BGR
12462,2016,14.1391533049498,BFA
12463,2016,13.8633859518928,BDI
12464,2016,16.7252781324397,CPV
12465,2016,11.1748765224685,KHM
12466,2016,11.6520313878748,CMR
12467,2016,12.496562633144,CAN
12468,2016,..,CYM
12469,2016,6.80758893701064,CAF
12470,2016,..,TCD
12471,2016,..,Channel Islands
12472,2016,17.4689644143561,CHL
12473,2016,8.94556190414739,CHN
12474,2016,14.3852129298513,COL
12475,2016,..,COM
12476,2016,7.95234699974678,COD
12477,2016,13.089464226841,COG
12478,2016,13.5108543354355,CRI
12479,2016,11.4603709076892,CIV
12480,2016,21.9021345418353,HRV
12481,2016,..,CUB
12482,2016,..,CUW
12483,2016,23.5160580075036,CYP
12484,2016,14.7706497791672,CZE
12485,2016,33.4903267444358,DNK
12486,2016,..,DJI
12487,2016,..,DMA
12488,2016,13.0122120950846,DOM
12489,2016,14.5417706457609,ECU
12490,2016,..,EGY
12491,2016,17.3547756189279,SLV
12492,2016,6.38440698934831,GNQ
12493,2016,..,ERI
12494,2016,21.6774027118622,EST
12495,2016,23.897991370953,SWZ
12496,2016,8.08706320892815,ETH
12497,2016,..,FRO
12498,2016,23.5346235421212,FJI
12499,2016,20.9872193661139,FIN
12500,2016,23.1463283405753,FRA
12501,2016,..,PYF
12502,2016,11.4680637070479,GAB
12503,2016,..,GMB
12504,2016,23.0424315377671,GEO
12505,2016,11.8311322201051,DEU
12506,2016,11.058329192094,GHA
12507,2016,..,GIB
12508,2016,27.0349616993722,GRC
12509,2016,..,GRL
12510,2016,..,GRD
12511,2016,..,GUM
12512,2016,10.4215148960743,GTM
12513,2016,..,GIN
12514,2016,..,GNB
12515,2016,..,GUY
12516,2016,..,HTI
12517,2016,..,HND
12518,2016,..,HKG
12519,2016,23.0006172635172,HUN
12520,2016,37.612849787134,ISL
12521,2016,11.1477384183764,IND
12522,2016,..,IDN
12523,2016,..,IRN
12524,2016,2.07780523585979,IRQ
12525,2016,18.6308582747747,IRL
12526,2016,..,IMN
12527,2016,23.0538456631546,ISR
12528,2016,25.0831052252075,ITA
12529,2016,26.0266842466499,JAM
12530,2016,..,JPN
12531,2016,15.0206304355319,JOR
12532,2016,9.92425019653,KAZ
12533,2016,14.9664727307544,KEN
12534,2016,21.5244028552974,KIR
12535,2016,..,PRK
12536,2016,13.981952981677,KOR
12537,2016,..,XKX
12538,2016,..,KWT
12539,2016,16.9491731803417,KGZ
12540,2016,12.9431113387434,LAO
12541,2016,17.2317291892857,LVA
12542,2016,13.5253568933955,LBN
12543,2016,29.2862704413974,LSO
12544,2016,..,LBR
12545,2016,..,LBY
12546,2016,..,LIE
12547,2016,17.0998350982682,LTU
12548,2016,23.7675096749456,LUX
12549,2016,27.7752858871884,MAC
12550,2016,9.24485187347242,MDG
12551,2016,10.638963161967,MWI
12552,2016,13.5507251724192,MYS
12553,2016,19.9758256426903,MDV
12554,2016,12.8969929658629,MLI
12555,2016,26.2493786095596,MLT
12556,2016,17.3583439048563,MHL
12557,2016,..,MRT
12558,2016,17.6077916536348,MUS
12559,2016,13.1237856071941,MEX
12560,2016,6.13769630769231,FSM
12561,2016,16.4301183204667,MDA
12562,2016,..,MCO
12563,2016,11.3509934515419,MNG
12564,2016,..,MNE
12565,2016,19.8672577619678,MAR
12566,2016,20.0767622116195,MOZ
12567,2016,7.17585983640205,MMR
12568,2016,29.673463838066,NAM
12569,2016,25.3127258791675,NRU
12570,2016,16.143749756907,NPL
12571,2016,22.3479015517062,NLD
12572,2016,..,NCL
12573,2016,27.248046177576,NZL
12574,2016,16.1664558122422,NIC
12575,2016,..,NER
12576,2016,..,NGA
12577,2016,16.9511578216024,MKD
12578,2016,..,MNP
12579,2016,21.9603759264578,NOR
12580,2016,..,OMN
12581,2016,..,PAK
12582,2016,19.8153816428824,PLW
12583,2016,10.0557385161368,PAN
12584,2016,12.9486285832779,PNG
12585,2016,9.55906333660439,PRY
12586,2016,13.7875476429229,PER
12587,2016,13.0871006913218,PHL
12588,2016,16.2090291324573,POL
12589,2016,22.6170386298855,PRT
12590,2016,..,PRI
12591,2016,..,QAT
12592,2016,17.1118362525795,ROU
12593,2016,9.18312209969854,RUS
12594,2016,14.4161495047057,RWA
12595,2016,22.9707859903819,WSM
12596,2016,16.6895193629214,SMR
12597,2016,..,STP
12598,2016,3.1718920134997,SAU
12599,2016,16.3711764463022,SEN
12600,2016,22.4444642528224,SRB
12601,2016,..,SYC
12602,2016,..,SLE
12603,2016,13.2839981142774,SGP
12604,2016,..,SXM
12605,2016,..,SVK
12606,2016,22.1634784860129,SVN
12607,2016,23.8430926877896,SLB
12608,2016,..,SOM
12609,2016,24.8283559884696,ZAF
12610,2016,..,SSD
12611,2016,13.6838393292056,ESP
12612,2016,11.4234897676119,LKA
12613,2016,18.3541114107144,KNA
12614,2016,19.1448285157589,LCA
12615,2016,..,MAF
12616,2016,24.3520935859767,VCT
12617,2016,7.39027026174951,SDN
12618,2016,..,SUR
12619,2016,28.1990591296495,SWE
12620,2016,9.40460314074152,CHE
12621,2016,..,SYR
12622,2016,..,TJK
12623,2016,11.3903399368077,TZA
12624,2016,16.1000351509677,THA
12625,2016,15.0879497052238,TLS
12626,2016,13.8673744068475,TGO
12627,2016,20.2565188203124,TON
12628,2016,21.3969032399573,TTO
12629,2016,..,TUN
12630,2016,18.2655872255633,TUR
12631,2016,..,TKM
12632,2016,..,TCA
12633,2016,..,TUV
12634,2016,11.1195629663514,UGA
12635,2016,19.6301198096561,UKR
12636,2016,0.042056449990283,ARE
12637,2016,25.4550384230121,GBR
12638,2016,10.8545149876524,USA
12639,2016,21.7322482220825,URY
12640,2016,13.4329630615828,UZB
12641,2016,16.3107118706232,VUT
12642,2016,..,VEN
12643,2016,..,VNM
12644,2016,..,VIR
12645,2016,..,PSE
12646,2016,..,YEM
12647,2016,13.3531814269452,ZMB
12648,2016,15.4582805565972,ZWE
12652,2016,,Data from database: World Development Indicators
12653,2016,,Last Updated: 10/07/2025
12654,2017,9.89845089688421,AFG
12655,2017,18.5476631833556,ALB
12656,2017,..,DZA
12657,2017,..,ASM
12658,2017,..,AND
12659,2017,9.223777502108,AGO
12660,2017,..,ATG
12661,2017,10.939623860491,ARG
12662,2017,20.7806533587524,ARM
12663,2017,..,ABW
12664,2017,22.1103686445861,AUS
12665,2017,25.7616861075799,AUT
12666,2017,13.1640455061148,AZE
12667,2017,14.7905517872723,BHS
12668,2017,0.936278227051092,BHR
12669,2017,6.99714263243688,BGD
12670,2017,..,BRB
12671,2017,13.0190056104974,BLR
12672,2017,23.5351388069477,BEL
12673,2017,21.3441343070203,BLZ
12674,2017,..,BEN
12675,2017,..,BMU
12676,2017,11.8591944993995,BTN
12677,2017,..,BOL
12678,2017,19.9876498649,BIH
12679,2017,23.9334963141963,BWA
12680,2017,13.6052285149994,BRA
12681,2017,..,VGB
12682,2017,..,BRN
12683,2017,20.523224655166,BGR
12684,2017,15.2607212259008,BFA
12685,2017,14.3683824159336,BDI
12686,2017,17.803638365855,CPV
12687,2017,11.9278366185806,KHM
12688,2017,11.8759411884958,CMR
12689,2017,12.6120166809848,CAN
12690,2017,..,CYM
12691,2017,7.08124424919758,CAF
12692,2017,..,TCD
12693,2017,..,Channel Islands
12694,2017,17.5057946834574,CHL
12695,2017,9.24872439343925,CHN
12696,2017,14.8508184081791,COL
12697,2017,..,COM
12698,2017,6.59070535042188,COD
12699,2017,10.1352630831832,COG
12700,2017,13.244102554609,CRI
12701,2017,11.7563706937153,CIV
12702,2017,22.0166214802731,HRV
12703,2017,..,CUB
12704,2017,..,CUW
12705,2017,23.819883399544,CYP
12706,2017,14.8067786190684,CZE
12707,2017,33.2797095205553,DNK
12708,2017,..,DJI
12709,2017,..,DMA
12710,2017,13.2405929902511,DOM
12711,2017,13.6893043126773,ECU
12712,2017,..,EGY
12713,2017,17.7537510645061,SLV
12714,2017,5.9818468716613,GNQ
12715,2017,..,ERI
12716,2017,20.8680916555804,EST
12717,2017,26.3360812218957,SWZ
12718,2017,7.60392938472836,ETH
12719,2017,..,FRO
12720,2017,24.669942067799,FJI
12721,2017,20.8810623659359,FIN
12722,2017,23.7863349624871,FRA
12723,2017,..,PYF
12724,2017,11.0849703006568,GAB
12725,2017,..,GMB
12726,2017,23.0135462022254,GEO
12727,2017,11.9806911209777,DEU
12728,2017,11.5770312754335,GHA
12729,2017,..,GIB
12730,2017,26.7428191688464,GRC
12731,2017,..,GRL
12732,2017,..,GRD
12733,2017,..,GUM
12734,2017,10.6355739667045,GTM
12735,2017,..,GIN
12736,2017,9.48153396321025,GNB
12737,2017,..,GUY
12738,2017,..,HTI
12739,2017,..,HND
12740,2017,..,HKG
12741,2017,22.845714410355,HUN
12742,2017,23.9232132016805,ISL
12743,2017,11.3874439798131,IND
12744,2017,..,IDN
12745,2017,..,IRN
12746,2017,2.68703020692064,IRQ
12747,2017,17.6128723324965,IRL
12748,2017,..,IMN
12749,2017,24.2277625153748,ISR
12750,2017,24.697204288008,ITA
12751,2017,26.2210037607905,JAM
12752,2017,..,JPN
12753,2017,14.7021242425125,JOR
12754,2017,10.3030113756124,KAZ
12755,2017,15.0524641340645,KEN
12756,2017,18.4594644993499,KIR
12757,2017,..,PRK
12758,2017,14.4938185341627,KOR
12759,2017,..,XKX
12760,2017,..,KWT
12761,2017,17.0462850607483,KGZ
12762,2017,12.2393204927448,LAO
12763,2017,17.2061420461167,LVA
12764,2017,15.3598817637047,LBN
12765,2017,33.0073098646091,LSO
12766,2017,..,LBR
12767,2017,..,LBY
12768,2017,..,LIE
12769,2017,16.7642158990642,LTU
12770,2017,24.5181470528935,LUX
12771,2017,29.0370573407949,MAC
12772,2017,10.0275447299671,MDG
12773,2017,12.1843017846966,MWI
12774,2017,12.9459662411797,MYS
12775,2017,20.6915788854656,MDV
12776,2017,13.3300422900318,MLI
12777,2017,26.0056800216801,MLT
12778,2017,17.6218348151614,MHL
12779,2017,..,MRT
12780,2017,17.9326440888549,MUS
12781,2017,12.6874317280509,MEX
12782,2017,10.6301512534819,FSM
12783,2017,17.7273904313314,MDA
12784,2017,..,MCO
12785,2017,13.5469084468923,MNG
12786,2017,..,MNE
12787,2017,20.1297012322291,MAR
12788,2017,22.1120849463555,MOZ
12789,2017,6.07774232896579,MMR
12790,2017,31.3076966346094,NAM
12791,2017,22.6523815757308,NRU
12792,2017,17.9993621205853,NPL
12793,2017,23.0613921884343,NLD
12794,2017,..,NCL
12795,2017,27.3073724293413,NZL
12796,2017,16.5737893236188,NIC
12797,2017,..,NER
12798,2017,..,NGA
12799,2017,17.1611135905492,MKD
12800,2017,..,MNP
12801,2017,22.2900403628777,NOR
12802,2017,..,OMN
12803,2017,..,PAK
12804,2017,19.9291092436975,PLW
12805,2017,9.66574469547863,PAN
12806,2017,12.6050017623511,PNG
12807,2017,9.95647441372393,PRY
12808,2017,13.1743416510927,PER
12809,2017,13.5937937490496,PHL
12810,2017,16.7355756807269,POL
12811,2017,22.6364061063622,PRT
12812,2017,..,PRI
12813,2017,..,QAT
12814,2017,15.586647387346,ROU
12815,2017,10.2884056740183,RUS
12816,2017,13.4513713908946,RWA
12817,2017,23.4832839094525,WSM
12818,2017,16.4688470032622,SMR
12819,2017,..,STP
12820,2017,3.14428407190292,SAU
12821,2017,15.9064516552729,SEN
12822,2017,23.1289563600506,SRB
12823,2017,..,SYC
12824,2017,..,SLE
12825,2017,13.9731435178074,SGP
12826,2017,..,SXM
12827,2017,..,SVK
12828,2017,21.9054599223497,SVN
12829,2017,24.7650678275309,SLB
12830,2017,8.09584224732721E-05,SOM
12831,2017,24.76928728931,ZAF
12832,2017,..,SSD
12833,2017,13.6257034043746,ESP
12834,2017,11.6086827381246,LKA
12835,2017,17.4126790569899,KNA
12836,2017,18.2251165686921,LCA
12837,2017,..,MAF
12838,2017,23.7995357429648,VCT
12839,2017,..,SDN
12840,2017,..,SUR
12841,2017,28.3863058971085,SWE
12842,2017,10.0616352775918,CHE
12843,2017,..,SYR
12844,2017,..,TJK
12845,2017,11.8367190192838,TZA
12846,2017,15.5187271600897,THA
12847,2017,20.2285225863385,TLS
12848,2017,13.0586635024584,TGO
12849,2017,20.8151797078136,TON
12850,2017,18.3902396723122,TTO
12851,2017,..,TUN
12852,2017,17.7181577427261,TUR
12853,2017,..,TKM
12854,2017,..,TCA
12855,2017,..,TUV
12856,2017,11.6047236723344,UGA
12857,2017,20.0523676996082,UKR
12858,2017,0.0656213981912336,ARE
12859,2017,25.5968599008299,GBR
12860,2017,11.5038867327939,USA
12861,2017,18.0774760237708,URY
12862,2017,10.3687470116311,UZB
12863,2017,17.1295330234911,VUT
12864,2017,..,VEN
12865,2017,..,VNM
12866,2017,..,VIR
12867,2017,..,PSE
12868,2017,..,YEM
12869,2017,15.1848569608409,ZMB
12870,2017,5.46550428149671,ZWE
12874,2017,,Data from database: World Development Indicators
12875,2017,,Last Updated: 10/07/2025
12876,2018,..,AFG
12877,2018,18.2769527327116,ALB
12878,2018,..,DZA
12879,2018,..,ASM
12880,2018,14.1206057572277,AND
12881,2018,9.64477850341357,AGO
12882,2018,..,ATG
12883,2018,9.79144712037089,ARG
12884,2018,20.8701039031814,ARM
12885,2018,..,ABW
12886,2018,23.2084449619852,AUS
12887,2018,25.7216448598991,AUT
12888,2018,12.9712717874444,AZE
12889,2018,14.3197235396905,BHS
12890,2018,1.09260242365011,BHR
12891,2018,7.73177216647423,BGD
12892,2018,..,BRB
12893,2018,14.6725689698389,BLR
12894,2018,24.0377739058673,BEL
12895,2018,..,BLZ
12896,2018,..,BEN
12897,2018,..,BMU
12898,2018,15.8040236388622,BTN
12899,2018,..,BOL
12900,2018,20.1410225354777,BIH
12901,2018,21.740494569157,BWA
12902,2018,13.9401079937096,BRA
12903,2018,..,VGB
12904,2018,..,BRN
12905,2018,19.9369805450372,BGR
12906,2018,15.2924120845571,BFA
12907,2018,..,BDI
12908,2018,18.9316063388254,CPV
12909,2018,12.6410723071222,KHM
12910,2018,12.3469457091006,CMR
12911,2018,13.0576846693075,CAN
12912,2018,..,CYM
12913,2018,8.63983071970915,CAF
12914,2018,..,TCD
12915,2018,..,Channel Islands
12916,2018,18.3955244984111,CHL
12917,2018,8.89089034445248,CHN
12918,2018,14.6098424480272,COL
12919,2018,..,COM
12920,2018,7.29514885352042,COD
12921,2018,6.82845231849733,COG
12922,2018,13.1821486851418,CRI
12923,2018,11.6659927465613,CIV
12924,2018,21.7868640064569,HRV
12925,2018,..,CUB
12926,2018,..,CUW
12927,2018,23.8334479788945,CYP
12928,2018,14.65729130846,CZE
12929,2018,32.3839236687064,DNK
12930,2018,..,DJI
12931,2018,..,DMA
12932,2018,13.1860453348741,DOM
12933,2018,14.2925485653785,ECU
12934,2018,..,EGY
12935,2018,18.128923536318,SLV
12936,2018,6.1689089093843,GNQ
12937,2018,..,ERI
12938,2018,20.8332765978306,EST
12939,2018,24.3243100067201,SWZ
12940,2018,7.51992183038243,ETH
12941,2018,..,FRO
12942,2018,23.9933534165529,FJI
12943,2018,20.9641879217783,FIN
12944,2018,24.3098642807809,FRA
12945,2018,..,PYF
12946,2018,10.2153363843183,GAB
12947,2018,..,GMB
12948,2018,22.0478688235553,GEO
12949,2018,11.9612489179949,DEU
12950,2018,12.244241507483,GHA
12951,2018,..,GIB
12952,2018,27.1083919768284,GRC
12953,2018,..,GRL
12954,2018,..,GRD
12955,2018,..,GUM
12956,2018,10.5609499289313,GTM
12957,2018,..,GIN
12958,2018,8.85787789138106,GNB
12959,2018,..,GUY
12960,2018,..,HTI
12961,2018,..,HND
12962,2018,..,HKG
12963,2018,22.4479923581732,HUN
12964,2018,22.9783610687234,ISL
12965,2018,12.0174277483166,IND
12966,2018,..,IDN
12967,2018,..,IRN
12968,2018,1.98400716286706,IRQ
12969,2018,17.6404114712849,IRL
12970,2018,..,IMN
12971,2018,22.7192742360322,ISR
12972,2018,24.2435864233351,ITA
12973,2018,26.7810665699502,JAM
12974,2018,..,JPN
12975,2018,14.7288480451847,JOR
12976,2018,11.7177995865876,KAZ
12977,2018,14.3612789172776,KEN
12978,2018,17.9132802956688,KIR
12979,2018,..,PRK
12980,2018,15.5363837327673,KOR
12981,2018,..,XKX
12982,2018,..,KWT
12983,2018,17.998857013595,KGZ
12984,2018,11.7206462434218,LAO
12985,2018,16.1995106602059,LVA
12986,2018,15.3254054569312,LBN
12987,2018,31.8151694595976,LSO
12988,2018,..,LBR
12989,2018,..,LBY
12990,2018,..,LIE
12991,2018,16.7524651283353,LTU
12992,2018,26.8854541322106,LUX
12993,2018,29.4365143484009,MAC
12994,2018,10.2831286792601,MDG
12995,2018,12.1756578865314,MWI
12996,2018,12.0226658594691,MYS
12997,2018,20.1449360379289,MDV
12998,2018,9.78065544204356,MLI
12999,2018,25.426819867154,MLT
13000,2018,17.9181818181818,MHL
13001,2018,..,MRT
13002,2018,18.4060481114775,MUS
13003,2018,12.7121572984277,MEX
13004,2018,25.8346844387755,FSM
13005,2018,18.014083738484,MDA
13006,2018,..,MCO
13007,2018,16.6885283141983,MNG
13008,2018,..,MNE
13009,2018,20.2861213777208,MAR
13010,2018,21.1926368441561,MOZ
13011,2018,2.75697125272766,MMR
13012,2018,28.9317139130964,NAM
13013,2018,28.8565753776279,NRU
13014,2018,19.0828260583935,NPL
13015,2018,22.9523938963993,NLD
13016,2018,..,NCL
13017,2018,27.4641320738705,NZL
13018,2018,15.6994321039163,NIC
13019,2018,..,NER
13020,2018,..,NGA
13021,2018,17.5749363175957,MKD
13022,2018,..,MNP
13023,2018,23.3136059270012,NOR
13024,2018,..,OMN
13025,2018,..,PAK
13026,2018,20.9542208762486,PLW
13027,2018,9.59096781317913,PAN
13028,2018,13.1930287477157,PNG
13029,2018,10.0750585766838,PRY
13030,2018,14.2863713099787,PER
13031,2018,14.0475332790366,PHL
13032,2018,17.1848218488937,POL
13033,2018,22.8445730542681,PRT
13034,2018,..,PRI
13035,2018,..,QAT
13036,2018,14.3743364188349,ROU
13037,2018,11.4687676015317,RUS
13038,2018,14.2497109124285,RWA
13039,2018,23.8815118577505,WSM
13040,2018,17.9568167650591,SMR
13041,2018,..,STP
13042,2018,7.91853379846948,SAU
13043,2018,16.3782524667298,SEN
13044,2018,22.6384537211685,SRB
13045,2018,..,SYC
13046,2018,..,SLE
13047,2018,13.0051769000313,SGP
13048,2018,..,SXM
13049,2018,..,SVK
13050,2018,22.033082917798,SVN
13051,2018,25.527606522328,SLB
13052,2018,9.50733180230917E-05,SOM
13053,2018,24.8948940727422,ZAF
13054,2018,..,SSD
13055,2018,14.1254961741386,ESP
13056,2018,11.1537606467439,LKA
13057,2018,..,KNA
13058,2018,..,LCA
13059,2018,..,MAF
13060,2018,..,VCT
13061,2018,..,SDN
13062,2018,..,SUR
13063,2018,28.1188716718966,SWE
13064,2018,9.69102394496102,CHE
13065,2018,..,SYR
13066,2018,..,TJK
13067,2018,11.695083058288,TZA
13068,2018,15.6981581348008,THA
13069,2018,25.2502192210723,TLS
13070,2018,12.8594348271164,TGO
13071,2018,21.9096062784928,TON
13072,2018,19.8729658631892,TTO
13073,2018,..,TUN
13074,2018,17.2700746239773,TUR
13075,2018,..,TKM
13076,2018,..,TCA
13077,2018,..,TUV
13078,2018,11.6828686475731,UGA
13079,2018,20.1425525138036,UKR
13080,2018,0.0586388626960759,ARE
13081,2018,25.5467164489775,GBR
13082,2018,9.92953894064227,USA
13083,2018,18.3247041806937,URY
13084,2018,12.6952900811941,UZB
13085,2018,17.8374475037461,VUT
13086,2018,..,VEN
13087,2018,..,VNM
13088,2018,..,VIR
13089,2018,..,PSE
13090,2018,..,YEM
13091,2018,16.5870654729348,ZMB
13092,2018,7.21476804985273,ZWE
13096,2018,,Data from database: World Development Indicators
13097,2018,,Last Updated: 10/07/2025
13098,2019,..,AFG
13099,2019,17.9309939892851,ALB
13100,2019,..,DZA
13101,2019,..,ASM
13102,2019,13.7632458359648,AND
13103,2019,10.090385804431,AGO
13104,2019,..,ATG
13105,2019,10.3919973375121,ARG
13106,2019,22.2851709900772,ARM
13107,2019,..,ABW
13108,2019,23.4084400141939,AUS
13109,2019,25.8096620383826,AUT
13110,2019,14.2188526451777,AZE
13111,2019,16.5602018528282,BHS
13112,2019,2.87818871935823,BHR
13113,2019,7.63863895493657,BGD
13114,2019,..,BRB
13115,2019,13.3015061393462,BLR
13116,2019,22.5978209383393,BEL
13117,2019,..,BLZ
13118,2019,..,BEN
13119,2019,..,BMU
13120,2019,14.4975527173232,BTN
13121,2019,..,BOL
13122,2019,19.8265971899192,BIH
13123,2019,21.0985509979513,BWA
13124,2019,13.7376948371937,BRA
13125,2019,..,VGB
13126,2019,..,BRN
13127,2019,20.5572127126498,BGR
13128,2019,15.6406078633915,BFA
13129,2019,15.0593943769868,BDI
13130,2019,18.2240332372127,CPV
13131,2019,14.5706459610935,KHM
13132,2019,12.0282727602432,CMR
13133,2019,12.7416889014909,CAN
13134,2019,..,CYM
13135,2019,8.31845804475991,CAF
13136,2019,..,TCD
13137,2019,..,Channel Islands
13138,2019,17.7188527688584,CHL
13139,2019,8.32942550168391,CHN
13140,2019,14.90052462326,COL
13141,2019,..,COM
13142,2019,6.37728987366072,COD
13143,2019,7.1015493816633,COG
13144,2019,13.3201329229222,CRI
13145,2019,11.6654955006353,CIV
13146,2019,21.9730193882753,HRV
13147,2019,..,CUB
13148,2019,..,CUW
13149,2019,23.0747988940916,CYP
13150,2019,14.524571696195,CZE
13151,2019,34.9773905428147,DNK
13152,2019,..,DJI
13153,2019,..,DMA
13154,2019,13.3507977295028,DOM
13155,2019,13.4008895884716,ECU
13156,2019,..,EGY
13157,2019,18.0814504146774,SLV
13158,2019,9.30194361410621,GNQ
13159,2019,..,ERI
13160,2019,21.0626465669172,EST
13161,2019,24.5276324488924,SWZ
13162,2019,6.66173827845392,ETH
13163,2019,..,FRO
13164,2019,22.8238315509414,FJI
13165,2019,20.7845948733429,FIN
13166,2019,24.6605263993177,FRA
13167,2019,..,PYF
13168,2019,11.4795282431197,GAB
13169,2019,..,GMB
13170,2019,22.8972770783896,GEO
13171,2019,11.9105599058525,DEU
13172,2019,11.9969959057137,GHA
13173,2019,..,GIB
13174,2019,25.9324359654947,GRC
13175,2019,..,GRL
13176,2019,..,GRD
13177,2019,..,GUM
13178,2019,10.4353913291649,GTM
13179,2019,..,GIN
13180,2019,8.57391759360204,GNB
13181,2019,..,GUY
13182,2019,..,HTI
13183,2019,..,HND
13184,2019,..,HKG
13185,2019,22.2398241353198,HUN
13186,2019,21.9320134156456,ISL
13187,2019,..,IND
13188,2019,..,IDN
13189,2019,..,IRN
13190,2019,1.34459361810327,IRQ
13191,2019,17.3566699903949,IRL
13192,2019,..,IMN
13193,2019,22.2161560008058,ISR
13194,2019,24.6616145255819,ITA
13195,2019,27.4539417450804,JAM
13196,2019,..,JPN
13197,2019,14.8140015671358,JOR
13198,2019,11.78694274063,KAZ
13199,2019,15.1001093470909,KEN
13200,2019,22.2989855863649,KIR
13201,2019,..,PRK
13202,2019,15.1995665314457,KOR
13203,2019,..,XKX
13204,2019,..,KWT
13205,2019,15.9638338680814,KGZ
13206,2019,11.4655560904234,LAO
13207,2019,16.1998506375401,LVA
13208,2019,15.4053905267612,LBN
13209,2019,32.5421709597017,LSO
13210,2019,..,LBR
13211,2019,..,LBY
13212,2019,..,LIE
13213,2019,20.0889400531483,LTU
13214,2019,26.8884834309941,LUX
13215,2019,29.7782663154767,MAC
13216,2019,10.5318646212179,MDG
13217,2019,11.9752126690082,MWI
13218,2019,11.9363488299347,MYS
13219,2019,19.9413849005153,MDV
13220,2019,12.2370535462025,MLI
13221,2019,25.1029746671277,MLT
13222,2019,18.6008967865081,MHL
13223,2019,..,MRT
13224,2019,19.4074380794676,MUS
13225,2019,12.787748609973,MEX
13226,2019,19.9137218274112,FSM
13227,2019,17.656290127877,MDA
13228,2019,..,MCO
13229,2019,16.8505209165187,MNG
13230,2019,..,MNE
13231,2019,19.9144279438656,MAR
13232,2019,26.6828600594733,MOZ
13233,2019,6.01765247726484,MMR
13234,2019,30.3930951920007,NAM
13235,2019,34.2277700861486,NRU
13236,2019,19.8090602391943,NPL
13237,2019,23.575774886203,NLD
13238,2019,..,NCL
13239,2019,28.1486899853704,NZL
13240,2019,17.4217765048676,NIC
13241,2019,..,NER
13242,2019,..,NGA
13243,2019,17.0832810795126,MKD
13244,2019,..,MNP
13245,2019,23.2830044006887,NOR
13246,2019,..,OMN
13247,2019,..,PAK
13248,2019,18.3667507739191,PLW
13249,2019,8.64837791499915,PAN
13250,2019,13.0219558672863,PNG
13251,2019,9.99575607479091,PRY
13252,2019,14.5254040570996,PER
13253,2019,14.4884730214742,PHL
13254,2019,17.1407592886385,POL
13255,2019,22.4472570141358,PRT
13256,2019,..,PRI
13257,2019,..,QAT
13258,2019,14.5223191022293,ROU
13259,2019,10.938399737976,RUS
13260,2019,14.6053573065033,RWA
13261,2019,24.3947483390575,WSM
13262,2019,16.9127343335333,SMR
13263,2019,..,STP
13264,2019,6.60159133895093,SAU
13265,2019,18.4192836371669,SEN
13266,2019,23.0002958047357,SRB
13267,2019,..,SYC
13268,2019,..,SLE
13269,2019,13.1773611699826,SGP
13270,2019,..,SXM
13271,2019,..,SVK
13272,2019,21.6992617438153,SVN
13273,2019,22.2321459888922,SLB
13274,2019,7.98633188414416E-05,SOM
13275,2019,24.8673453267976,ZAF
13276,2019,..,SSD
13277,2019,13.6580229877723,ESP
13278,2019,10.9039513332315,LKA
13279,2019,..,KNA
13280,2019,..,LCA
13281,2019,..,MAF
13282,2019,..,VCT
13283,2019,..,SDN
13284,2019,..,SUR
13285,2019,27.5007981614175,SWE
13286,2019,9.90716918660662,CHE
13287,2019,..,SYR
13288,2019,..,TJK
13289,2019,11.0191174811563,TZA
13290,2019,15.3979482209566,THA
13291,2019,22.8133908873904,TLS
13292,2019,13.5835442152449,TGO
13293,2019,21.6463139572685,TON
13294,2019,16.67849595811,TTO
13295,2019,..,TUN
13296,2019,16.5243858377989,TUR
13297,2019,..,TKM
13298,2019,..,TCA
13299,2019,..,TUV
13300,2019,12.2363794693037,UGA
13301,2019,19.1961400966208,UKR
13302,2019,0.972238389481673,ARE
13303,2019,25.1112729590706,GBR
13304,2019,9.88478959731721,USA
13305,2019,17.8650944074869,URY
13306,2019,11.3019651124218,UZB
13307,2019,17.5946605537459,VUT
13308,2019,..,VEN
13309,2019,..,VNM
13310,2019,..,VIR
13311,2019,..,PSE
13312,2019,..,YEM
13313,2019,16.6776226628035,ZMB
13314,2019,..,ZWE
13318,2019,,Data from database: World Development Indicators
13319,2019,,Last Updated: 10/07/2025
13320,2020,..,AFG
13321,2020,16.8955446005948,ALB
13322,2020,..,DZA
13323,2020,..,ASM
13324,2020,12.6582711969938,AND
13325,2020,..,AGO
13326,2020,..,ATG
13327,2020,10.70812114449,ARG
13328,2020,21.8604192761626,ARM
13329,2020,..,ABW
13330,2020,22.5909248948989,AUS
13331,2020,24.666005775658,AUT
13332,2020,15.1855725074093,AZE
13333,2020,17.9313432819978,BHS
13334,2020,2.82317547849899,BHR
13335,2020,7.00153674405437,BGD
13336,2020,..,BRB
13337,2020,12.0229232594937,BLR
13338,2020,21.8615640422477,BEL
13339,2020,..,BLZ
13340,2020,..,BEN
13341,2020,..,BMU
13342,2020,12.2846363802964,BTN
13343,2020,..,BOL
13344,2020,18.7506447293439,BIH
13345,2020,22.2747050284764,BWA
13346,2020,12.7193878561953,BRA
13347,2020,..,VGB
13348,2020,..,BRN
13349,2020,20.1784055093694,BGR
13350,2020,13.7423701735785,BFA
13351,2020,15.787822766545,BDI
13352,2020,18.3857032934311,CPV
13353,2020,13.2902084649733,KHM
13354,2020,10.8705828088042,CMR
13355,2020,13.5185987464231,CAN
13356,2020,..,CYM
13357,2020,8.70964482691346,CAF
13358,2020,..,TCD
13359,2020,..,Channel Islands
13360,2020,16.1961693332108,CHL
13361,2020,7.92409749807608,CHN
13362,2020,14.0452385553971,COL
13363,2020,..,COM
13364,2020,6.42988209797017,COD
13365,2020,8.32448488619369,COG
13366,2020,12.2380289918919,CRI
13367,2020,11.7866882349007,CIV
13368,2020,20.8739138501124,HRV
13369,2020,..,CUB
13370,2020,..,CUW
13371,2020,21.9401064770959,CYP
13372,2020,14.0731168065984,CZE
13373,2020,34.470930251185,DNK
13374,2020,..,DJI
13375,2020,..,DMA
13376,2020,12.5090343908959,DOM
13377,2020,12.9414345922817,ECU
13378,2020,..,EGY
13379,2020,18.3907750793602,SLV
13380,2020,8.01129013446091,GNQ
13381,2020,..,ERI
13382,2020,20.7215984585967,EST
13383,2020,27.1823535321811,SWZ
13384,2020,6.19630068675837,ETH
13385,2020,..,FRO
13386,2020,17.1846695023088,FJI
13387,2020,20.0057532774645,FIN
13388,2020,24.7888064416138,FRA
13389,2020,..,PYF
13390,2020,12.4267778515677,GAB
13391,2020,..,GMB
13392,2020,21.1807829038543,GEO
13393,2020,11.1683895617488,DEU
13394,2020,11.3404319629261,GHA
13395,2020,..,GIB
13396,2020,24.9917156858479,GRC
13397,2020,..,GRL
13398,2020,..,GRD
13399,2020,..,GUM
13400,2020,9.95508996692912,GTM
13401,2020,..,GIN
13402,2020,7.03410666576927,GNB
13403,2020,..,GUY
13404,2020,..,HTI
13405,2020,15.066131552103,HND
13406,2020,..,HKG
13407,2020,22.6858959289388,HUN
13408,2020,22.4016137512027,ISL
13409,2020,..,IND
13410,2020,..,IDN
13411,2020,..,IRN
13412,2020,..,IRQ
13413,2020,15.9051983090981,IRL
13414,2020,..,IMN
13415,2020,22.0388122147212,ISR
13416,2020,24.8458109789517,ITA
13417,2020,25.7094656957291,JAM
13418,2020,..,JPN
13419,2020,15.9811020446786,JOR
13420,2020,8.3188093138288,KAZ
13421,2020,14.2998226320714,KEN
13422,2020,21.525555664863,KIR
13423,2020,..,PRK
13424,2020,14.8612576736336,KOR
13425,2020,..,XKX
13426,2020,..,KWT
13427,2020,14.0363281932396,KGZ
13428,2020,9.40187747302716,LAO
13429,2020,16.2818527296083,LVA
13430,2020,8.90172832507978,LBN
13431,2020,35.9943565464507,LSO
13432,2020,..,LBR
13433,2020,..,LBY
13434,2020,..,LIE
13435,2020,20.5030171627523,LTU
13436,2020,25.6864231937241,LUX
13437,2020,21.8273817460377,MAC
13438,2020,9.52072872534251,MDG
13439,2020,12.130562742797,MWI
13440,2020,10.8846712054019,MYS
13441,2020,20.1121885867863,MDV
13442,2020,11.9520024969323,MLI
13443,2020,22.4782873603531,MLT
13444,2020,17.1555004135649,MHL
13445,2020,..,MRT
13446,2020,20.7062334641793,MUS
13447,2020,13.8975134527584,MEX
13448,2020,7.03115469536401,FSM
13449,2020,17.9098984894955,MDA
13450,2020,..,MCO
13451,2020,14.1457872325812,MNG
13452,2020,..,MNE
13453,2020,20.0221120456722,MAR
13454,2020,21.5267029366581,MOZ
13455,2020,..,MMR
13456,2020,31.2059110714252,NAM
13457,2020,44.4022650945608,NRU
13458,2020,15.7736497317824,NPL
13459,2020,23.9228232020312,NLD
13460,2020,..,NCL
13461,2020,27.3341846674622,NZL
13462,2020,17.0109140687159,NIC
13463,2020,..,NER
13464,2020,..,NGA
13465,2020,16.1270346639672,MKD
13466,2020,..,MNP
13467,2020,21.2531867719174,NOR
13468,2020,..,OMN
13469,2020,..,PAK
13470,2020,18.0809511380327,PLW
13471,2020,8.04998951730443,PAN
13472,2020,11.8791955060818,PNG
13473,2020,9.5149992858083,PRY
13474,2020,13.2210909618819,PER
13475,2020,13.9509857073772,PHL
13476,2020,17.291144093996,POL
13477,2020,22.2595830862446,PRT
13478,2020,..,PRI
13479,2020,..,QAT
13480,2020,14.1465071921172,ROU
13481,2020,10.7991196203537,RUS
13482,2020,15.0744687955714,RWA
13483,2020,24.4226155403891,WSM
13484,2020,16.136261134649,SMR
13485,2020,..,STP
13486,2020,7.87620064642857,SAU
13487,2020,17.4488278981927,SEN
13488,2020,22.4302344933492,SRB
13489,2020,..,SYC
13490,2020,..,SLE
13491,2020,12.7433047939994,SGP
13492,2020,..,SXM
13493,2020,..,SVK
13494,2020,20.4885506119886,SVN
13495,2020,21.0515328670048,SLB
13496,2020,6.27918000416869E-05,SOM
13497,2020,23.2649440409195,ZAF
13498,2020,..,SSD
13499,2020,13.4462555370373,ESP
13500,2020,7.77529251770974,LKA
13501,2020,15.0423826463699,KNA
13502,2020,..,LCA
13503,2020,..,MAF
13504,2020,..,VCT
13505,2020,..,SDN
13506,2020,..,SUR
13507,2020,26.8222445905957,SWE
13508,2020,9.34487114995366,CHE
13509,2020,..,SYR
13510,2020,..,TJK
13511,2020,11.6267688543522,TZA
13512,2020,15.1931521641962,THA
13513,2020,12.6427114807367,TLS
13514,2020,12.8666052547425,TGO
13515,2020,20.7862442757349,TON
13516,2020,..,TTO
13517,2020,..,TUN
13518,2020,17.6637230256171,TUR
13519,2020,..,TKM
13520,2020,..,TCA
13521,2020,..,TUV
13522,2020,11.3911633065296,UGA
13523,2020,19.1514002992876,UKR
13524,2020,0.682088274479058,ARE
13525,2020,24.7854276187243,GBR
13526,2020,10.1534220235407,USA
13527,2020,18.5526476964563,URY
13528,2020,13.4020276222392,UZB
13529,2020,14.0402557920117,VUT
13530,2020,..,VEN
13531,2020,..,VNM
13532,2020,..,VIR
13533,2020,..,PSE
13534,2020,..,YEM
13535,2020,16.418005509662,ZMB
13536,2020,..,ZWE
13540,2020,,Data from database: World Development Indicators
13541,2020,,Last Updated: 10/07/2025
13542,2021,..,AFG
13543,2021,18.0962081959745,ALB
13544,2021,..,DZA
13545,2021,..,ASM
13546,2021,13.1108385230007,AND
13547,2021,..,AGO
13548,2021,..,ATG
13549,2021,11.3410740330927,ARG
13550,2021,22.0010047423132,ARM
13551,2021,..,ABW
13552,2021,23.0612679317794,AUS
13553,2021,26.014817481271,AUT
13554,2021,13.4213202980155,AZE
13555,2021,13.3895376505774,BHS
13556,2021,..,BHR
13557,2021,7.64236301017901,BGD
13558,2021,..,BRB
13559,2021,12.8250049647951,BLR
13560,2021,23.2249877086564,BEL
13561,2021,..,BLZ
13562,2021,..,BEN
13563,2021,..,BMU
13564,2021,..,BTN
13565,2021,..,BOL
13566,2021,19.0981491977883,BIH
13567,2021,22.2304202240196,BWA
13568,2021,14.1366751329603,BRA
13569,2021,..,VGB
13570,2021,..,BRN
13571,2021,20.5821478187492,BGR
13572,2021,16.019787781564,BFA
13573,2021,15.6362454762579,BDI
13574,2021,..,CPV
13575,2021,11.9927698946663,KHM
13576,2021,11.3415157249134,CMR
13577,2021,13.996294680919,CAN
13578,2021,..,CYM
13579,2021,8.20629229709995,CAF
13580,2021,..,TCD
13581,2021,..,Channel Islands
13582,2021,19.676220357285,CHL
13583,2021,7.79829641266187,CHN
13584,2021,14.4463230965207,COL
13585,2021,..,COM
13586,2021,8.39903438797131,COD
13587,2021,6.50908825817085,COG
13588,2021,14.0405858577751,CRI
13589,2021,12.3894127185479,CIV
13590,2021,21.0708503083676,HRV
13591,2021,..,CUB
13592,2021,..,CUW
13593,2021,22.5522799224155,CYP
13594,2021,12.9358385035563,CZE
13595,2021,35.004012294038,DNK
13596,2021,..,DJI
13597,2021,..,DMA
13598,2021,14.363500378044,DOM
13599,2021,12.73586840639,ECU
13600,2021,..,EGY
13601,2021,19.6896754276569,SLV
13602,2021,5.39509912593539,GNQ
13603,2021,..,ERI
13604,2021,21.7403923673014,EST
13605,2021,24.4563801772638,SWZ
13606,2021,5.32472596203915,ETH
13607,2021,..,FRO
13608,2021,15.8621129929227,FJI
13609,2021,20.8297824444051,FIN
13610,2021,23.9794445386059,FRA
13611,2021,..,PYF
13612,2021,9.49032554464136,GAB
13613,2021,..,GMB
13614,2021,21.4728937487649,GEO
13615,2021,11.4951883061423,DEU
13616,2021,12.2446867253345,GHA
13617,2021,..,GIB
13618,2021,25.5777359596935,GRC
13619,2021,..,GRL
13620,2021,..,GRD
13621,2021,..,GUM
13622,2021,11.5588954472974,GTM
13623,2021,..,GIN
13624,2021,8.92574584419575,GNB
13625,2021,..,GUY
13626,2021,..,HTI
13627,2021,..,HND
13628,2021,..,HKG
13629,2021,21.3456992963306,HUN
13630,2021,21.4357062986717,ISL
13631,2021,..,IND
13632,2021,..,IDN
13633,2021,..,IRN
13634,2021,..,IRQ
13635,2021,16.5930205963518,IRL
13636,2021,..,IMN
13637,2021,24.5642567350107,ISR
13638,2021,24.8769150126615,ITA
13639,2021,..,JAM
13640,2021,..,JPN
13641,2021,17.118346332527,JOR
13642,2021,9.44711136309549,KAZ
13643,2021,13.554644324086,KEN
13644,2021,21.8430806434081,KIR
13645,2021,..,PRK
13646,2021,16.7347339402527,KOR
13647,2021,..,XKX
13648,2021,..,KWT
13649,2021,16.4912602816795,KGZ
13650,2021,10.3910216640385,LAO
13651,2021,16.4537367202272,LVA
13652,2021,5.68479554564454,LBN
13653,2021,31.8702314148952,LSO
13654,2021,..,LBR
13655,2021,..,LBY
13656,2021,..,LIE
13657,2021,21.2744476140313,LTU
13658,2021,26.0024291787653,LUX
13659,2021,19.308126699495,MAC
13660,2021,10.3811967517308,MDG
13661,2021,11.5877528800224,MWI
13662,2021,11.2160748437663,MYS
13663,2021,19.4532482767244,MDV
13664,2021,..,MLI
13665,2021,22.4268011285617,MLT
13666,2021,..,MHL
13667,2021,..,MRT
13668,2021,18.264394630822,MUS
13669,2021,13.411262121913,MEX
13670,2021,..,FSM
13671,2021,18.3881163669346,MDA
13672,2021,..,MCO
13673,2021,16.9088495192029,MNG
13674,2021,..,MNE
13675,2021,19.6652056359581,MAR
13676,2021,22.7477557091156,MOZ
13677,2021,..,MMR
13678,2021,28.0639865897267,NAM
13679,2021,..,NRU
13680,2021,17.4853032787772,NPL
13681,2021,24.3086759015198,NLD
13682,2021,..,NCL
13683,2021,29.0219318846956,NZL
13684,2021,18.8207923792213,NIC
13685,2021,..,NER
13686,2021,..,NGA
13687,2021,17.3929631432116,MKD
13688,2021,..,MNP
13689,2021,25.5055180112726,NOR
13690,2021,..,OMN
13691,2021,..,PAK
13692,2021,..,PLW
13693,2021,7.46060570249365,PAN
13694,2021,12.1484232095254,PNG
13695,2021,9.794253597875,PRY
13696,2021,15.9243395237971,PER
13697,2021,14.1300039313539,PHL
13698,2021,18.9590677200004,POL
13699,2021,22.2832932193953,PRT
13700,2021,..,PRI
13701,2021,..,QAT
13702,2021,14.9237413745441,ROU
13703,2021,11.6966312097742,RUS
13704,2021,14.4637097884958,RWA
13705,2021,25.0289647765654,WSM
13706,2021,17.2959731609496,SMR
13707,2021,..,STP
13708,2021,8.60534583399363,SAU
13709,2021,17.5501329724803,SEN
13710,2021,19.6609961159321,SRB
13711,2021,..,SYC
13712,2021,..,SLE
13713,2021,12.7401211459331,SGP
13714,2021,..,SXM
13715,2021,..,SVK
13716,2021,21.6127607196297,SVN
13717,2021,21.4486577466021,SLB
13718,2021,6.59098692374812E-05,SOM
13719,2021,25.8946273252854,ZAF
13720,2021,..,SSD
13721,2021,14.8775287865224,ESP
13722,2021,7.36992822487811,LKA
13723,2021,..,KNA
13724,2021,..,LCA
13725,2021,..,MAF
13726,2021,..,VCT
13727,2021,..,SDN
13728,2021,..,SUR
13729,2021,27.3986454587442,SWE
13730,2021,10.0701481850006,CHE
13731,2021,..,SYR
13732,2021,10.345980548358,TJK
13733,2021,10.8557996439654,TZA
13734,2021,15.0632571700228,THA
13735,2021,15.0880985082892,TLS
13736,2021,14.2024496426634,TGO
13737,2021,20.7381618603425,TON
13738,2021,..,TTO
13739,2021,..,TUN
13740,2021,17.8636373659083,TUR
13741,2021,..,TKM
13742,2021,..,TCA
13743,2021,..,TUV
13744,2021,12.4588666784696,UGA
13745,2021,19.0823227721039,UKR
13746,2021,0.535243668700213,ARE
13747,2021,26.4149383040168,GBR
13748,2021,11.394678497951,USA
13749,2021,17.8174131082668,URY
13750,2021,13.3629025613176,UZB
13751,2021,15.3604842934469,VUT
13752,2021,..,VEN
13753,2021,..,VNM
13754,2021,..,VIR
13755,2021,..,PSE
13756,2021,..,YEM
13757,2021,16.7804106778084,ZMB
13758,2021,..,ZWE
13762,2021,,Data from database: World Development Indicators
13763,2021,,Last Updated: 10/07/2025
13764,2022,..,AFG
13765,2022,18.0607786802299,ALB
13766,2022,..,DZA
13767,2022,..,ASM
13768,2022,14.9845975416716,AND
13769,2022,..,AGO
13770,2022,..,ATG
13771,2022,11.0858180930687,ARG
13772,2022,21.8271552378304,ARM
13773,2022,..,ABW
13774,2022,23.6279512463691,AUS
13775,2022,26.206863593528,AUT
13776,2022,15.4476897158899,AZE
13777,2022,15.5305623380922,BHS
13778,2022,..,BHR
13779,2022,..,BGD
13780,2022,..,BRB
13781,2022,11.2335456198223,BLR
13782,2022,22.7011914803787,BEL
13783,2022,..,BLZ
13784,2022,..,BEN
13785,2022,..,BMU
13786,2022,..,BTN
13787,2022,..,BOL
13788,2022,19.0910598727413,BIH
13789,2022,19.6495295048765,BWA
13790,2022,14.7258479184963,BRA
13791,2022,..,VGB
13792,2022,..,BRN
13793,2022,21.7256158413796,BGR
13794,2022,17.6730517423342,BFA
13795,2022,..,BDI
13796,2022,..,CPV
13797,2022,13.5187383949089,KHM
13798,2022,..,CMR
13799,2022,13.736451836938,CAN
13800,2022,..,CYM
13801,2022,..,CAF
13802,2022,..,TCD
13803,2022,..,Channel Islands
13804,2022,21.3364673190491,CHL
13805,2022,7.51799464421188,CHN
13806,2022,15.2632926829768,COL
13807,2022,..,COM
13808,2022,11.4110225672126,COD
13809,2022,..,COG
13810,2022,14.35419412102,CRI
13811,2022,11.8184021009685,CIV
13812,2022,21.6752167779461,HRV
13813,2022,..,CUB
13814,2022,..,CUW
13815,2022,23.1630420589386,CYP
13816,2022,12.6419883935481,CZE
13817,2022,30.6692719191866,DNK
13818,2022,..,DJI
13819,2022,..,DMA
13820,2022,13.9061030281253,DOM
13821,2022,13.0891981784206,ECU
13822,2022,..,EGY
13823,2022,21.1624556167344,SLV
13824,2022,6.5959868257378,GNQ
13825,2022,..,ERI
13826,2022,21.016686284165,EST
13827,2022,..,SWZ
13828,2022,4.49688508975156,ETH
13829,2022,..,FRO
13830,2022,18.526973447353,FJI
13831,2022,21.1993912863772,FIN
13832,2022,24.534247684466,FRA
13833,2022,..,PYF
13834,2022,..,GAB
13835,2022,..,GMB
13836,2022,22.9022783420258,GEO
13837,2022,11.3053353060941,DEU
13838,2022,12.2975358062853,GHA
13839,2022,..,GIB
13840,2022,27.6693971786038,GRC
13841,2022,..,GRL
13842,2022,..,GRD
13843,2022,..,GUM
13844,2022,11.8188543621451,GTM
13845,2022,..,GIN
13846,2022,8.79463362303258,GNB
13847,2022,..,GUY
13848,2022,..,HTI
13849,2022,..,HND
13850,2022,..,HKG
13851,2022,23.3581046211219,HUN
13852,2022,22.5262284136746,ISL
13853,2022,6.73444285965496,IND
13854,2022,..,IDN
13855,2022,..,IRN
13856,2022,..,IRQ
13857,2022,16.7857030010673,IRL
13858,2022,..,IMN
13859,2022,25.0017225368282,ISR
13860,2022,24.6064132004012,ITA
13861,2022,..,JAM
13862,2022,..,JPN
13863,2022,17.4675167960003,JOR
13864,2022,12.0616921106992,KAZ
13865,2022,14.5993496343343,KEN
13866,2022,20.2549469770221,KIR
13867,2022,..,PRK
13868,2022,18.4445796703636,KOR
13869,2022,..,XKX
13870,2022,..,KWT
13871,2022,19.5419794530385,KGZ
13872,2022,12.1129327825423,LAO
13873,2022,17.1496668598817,LVA
13874,2022,..,LBN
13875,2022,30.4425486823591,LSO
13876,2022,..,LBR
13877,2022,..,LBY
13878,2022,..,LIE
13879,2022,21.2820773125213,LTU
13880,2022,26.6829703355982,LUX
13881,2022,16.7016793458137,MAC
13882,2022,9.24054268108286,MDG
13883,2022,13.5038573942269,MWI
13884,2022,11.6374738583074,MYS
13885,2022,..,MDV
13886,2022,..,MLI
13887,2022,22.6195095979232,MLT
13888,2022,..,MHL
13889,2022,..,MRT
13890,2022,19.080327756746,MUS
13891,2022,13.408403759922,MEX
13892,2022,..,FSM
13893,2022,18.9210049545943,MDA
13894,2022,..,MCO
13895,2022,..,MNG
13896,2022,..,MNE
13897,2022,22.1085229186507,MAR
13898,2022,22.66159088001,MOZ
13899,2022,..,MMR
13900,2022,27.1668398520557,NAM
13901,2022,..,NRU
13902,2022,..,NPL
13903,2022,23.898794550321,NLD
13904,2022,..,NCL
13905,2022,29.6007619907085,NZL
13906,2022,19.8606394420617,NIC
13907,2022,..,NER
13908,2022,..,NGA
13909,2022,17.6879383146833,MKD
13910,2022,..,MNP
13911,2022,31.3445975469679,NOR
13912,2022,..,OMN
13913,2022,..,PAK
13914,2022,..,PLW
13915,2022,..,PAN
13916,2022,14.7704952119672,PNG
13917,2022,10.2661363911399,PRY
13918,2022,..,PER
13919,2022,14.6190058206626,PHL
13920,2022,17.1225309189416,POL
13921,2022,23.1729319243708,PRT
13922,2022,..,PRI
13923,2022,..,QAT
13924,2022,16.1575659433589,ROU
13925,2022,10.847869154279,RUS
13926,2022,13.6800512034657,RWA
13927,2022,25.64996759973,WSM
13928,2022,17.811406929408,SMR
13929,2022,..,STP
13930,2022,6.95344592187722,SAU
13931,2022,18.5924841956883,SEN
13932,2022,23.8974066325941,SRB
13933,2022,..,SYC
13934,2022,..,SLE
13935,2022,11.7839491101594,SGP
13936,2022,..,SXM
13937,2022,..,SVK
13938,2022,21.0207424971582,SVN
13939,2022,20.6697404986497,SLB
13940,2022,6.63675806503077E-05,SOM
13941,2022,26.0054597822428,ZAF
13942,2022,..,SSD
13943,2022,15.496178371307,ESP
13944,2022,7.2772315851375,LKA
13945,2022,..,KNA
13946,2022,..,LCA
13947,2022,..,MAF
13948,2022,..,VCT
13949,2022,..,SDN
13950,2022,..,SUR
13951,2022,27.6047528383889,SWE
13952,2022,8.98993332375411,CHE
13953,2022,..,SYR
13954,2022,10.3442793393563,TJK
13955,2022,11.7926807934669,TZA
13956,2022,15.1390496003523,THA
13957,2022,21.643177789507,TLS
13958,2022,14.1875620772128,TGO
13959,2022,21.91086174115,TON
13960,2022,..,TTO
13961,2022,..,TUN
13962,2022,16.0920714893319,TUR
13963,2022,..,TKM
13964,2022,..,TCA
13965,2022,..,TUV
13966,2022,12.5499042669422,UGA
13967,2022,16.6915073808281,UKR
13968,2022,0.57850773675799,ARE
13969,2022,27.173147226044,GBR
13970,2022,12.5989036829582,USA
13971,2022,18.5974753264661,URY
13972,2022,11.988740277413,UZB
13973,2022,16.0962613785852,VUT
13974,2022,..,VEN
13975,2022,..,VNM
13976,2022,..,VIR
13977,2022,..,PSE
13978,2022,..,YEM
13979,2022,..,ZMB
13980,2022,..,ZWE
13984,2022,,Data from database: World Development Indicators
13985,2022,,Last Updated: 10/07/2025
