,year,"Exports of goods, Free on board (FOB), US dollar","Imports of goods, Cost insurance freight (CIF), US dollar",export_share,country
0,1948,35391.1,38855.95,0.47666674972271633,Advanced Economies
1,1949,36919.0,39108.23,0.48560232958638627,Advanced Economies
2,1950,36361.7,40278.73,0.47444540694774284,Advanced Economies
3,1951,52632.9,54785.14,0.48998194344264706,Advanced Economies
4,1952,50413.2,53551.11,0.4849087153081668,Advanced Economies
5,1953,51183.8,52842.03,0.4920297199262914,Advanced Economies
6,1954,52558.8,54565.86,0.49063212896078273,Advanced Economies
7,1955,58154.9,62118.6,0.4835221391245786,Advanced Economies
8,1956,66332.1,69731.43,0.48750829851320193,Advanced Economies
9,1957,70908.5,73595.06,0.4907041736549605,Advanced Economies
10,1958,67919.39,70119.65,0.49203029809537946,Advanced Economies
11,1959,72594.99,75972.44,0.4886332758128751,Advanced Economies
12,1960,84994.62,87969.53,0.4914002121248825,Advanced Economies
13,1961,89671.01,92193.33,0.4930653804918545,Advanced Economies
14,1962,94271.84,100088.72,0.48503585295288304,Advanced Economies
15,1963,103143.59,110075.22,0.483745266189226,Advanced Economies
16,1964,116520.8,123677.57,0.4851023760069646,Advanced Economies
17,1965,127346.2,135933.48,0.48369171521326676,Advanced Economies
18,1966,141814.2,151963.64,0.48272599458148374,Advanced Economies
19,1967,149693.55,159632.24,0.48393491535251554,Advanced Economies
20,1968,170060.9,181905.95,0.4831730601901855,Advanced Economies
21,1969,197311.199,210593.443,0.4837189349759839,Advanced Economies
22,1970,228092.829,242499.812,0.48469272387113255,Advanced Economies
23,1971,256373.326,270609.81,0.4864924671896902,Advanced Economies
24,1972,306758.615,322254.594,0.4876823103407992,Advanced Economies
25,1973,421291.354,446129.82,0.48568258030556216,Advanced Economies
26,1974,560928.252,636052.313,0.46861934805098526,Advanced Economies
27,1975,596229.597,636644.441,0.48360949993498037,Advanced Economies
28,1976,669299.029,733024.285,0.47727868624738556,Advanced Economies
29,1977,761516.376,832631.819,0.47769484567901166,Advanced Economies
30,1978,914888.494,968374.593,0.4857996210489098,Advanced Economies
31,1979,1128732.93,1240775.284,0.47635746663843387,Advanced Economies
32,1980,1329013.443,1491887.82,0.4711307908688046,Advanced Economies
33,1981,1317625.506,1431781.005,0.4792399744193375,Advanced Economies
34,1982,1253730.372,1347589.001,0.48195941836781153,Advanced Economies
35,1983,1245596.418,1331911.419,0.48325611279218,Advanced Economies
36,1984,1340686.593,1452442.835,0.4799944390546874,Advanced Economies
37,1985,1386938.469,1502091.341,0.480070667391279,Advanced Economies
38,1986,1612978.92,1684823.1,0.4891072630248434,Advanced Economies
39,1987,1916757.372,2007807.364,0.48839998851786043,Advanced Economies
40,1988,2213657.82745137,2304563.66064966,0.4899400866648863,Advanced Economies
41,1989,2378316.33573965,2496710.12649996,0.48785711301493945,Advanced Economies
42,1990,2723087.06938583,2866148.19466366,0.48720208413859284,Advanced Economies
43,1991,2813665.20110167,2933121.15458632,0.48960671703356295,Advanced Economies
44,1992,3003432.39471807,3088921.29971021,0.4929839180979985,Advanced Economies
45,1993,2981982.08125853,2979213.99320124,0.5002321755586223,Advanced Economies
46,1994,3383934.00961747,3408774.43068264,0.498171537812679,Advanced Economies
47,1995,4022130.28561656,4042490.03445095,0.4987377118806369,Advanced Economies
48,1996,4142367.23693075,4197360.35841775,0.4967029425806622,Advanced Economies
49,1997,4279112.51184796,4333966.89525117,0.4968156346406143,Advanced Economies
50,1998,4236819.05600371,4305180.7470313,0.4959984961013872,Advanced Economies
51,1999,4404664.41399152,4588235.21716907,0.48979356988809963,Advanced Economies
52,2000,4794171.67687,5143821.506702,0.48240842877564105,Advanced Economies
53,2001,4602699.596592,4902884.524144,0.48421007463932914,Advanced Economies
54,2002,4772920.108621,5058896.130679,0.4854566025697831,Advanced Economies
55,2003,5504077.06229,5868955.897127,0.48395859591109,Advanced Economies
56,2004,6517071.299901,7002793.240569,0.4820367305007364,Advanced Economies
57,2005,7132815.559604,7837307.041806,0.47647008307949174,Advanced Economies
58,2006,8020333.498487,8877122.527006,0.47464739582022375,Advanced Economies
59,2007,9134508.843751,9964245.549046,0.47827772722162626,Advanced Economies
60,2008,10140954.494444,11145758.639722,0.47639832559059453,Advanced Economies
61,2009,7933145.195433,8467991.96385,0.483694826668946,Advanced Economies
62,2010,9378114.637549,10019631.158915,0.4834641476360892,Advanced Economies
63,2011,10893383.679904,11680665.287558,0.48256224196224656,Advanced Economies
64,2012,10730759.909381,11569597.201636,0.48119229014856024,Advanced Economies
65,2013,10975365.253792,11552196.846542,0.4871972033595804,Advanced Economies
66,2014,11042865.342356,11678200.638563,0.4860188052633501,Advanced Economies
67,2015,9855267.18195,10346583.482583,0.4878398195098143,Advanced Economies
68,2016,9789654.564746,10259578.880211,0.4882807410878045,Advanced Economies
69,2017,10697450.344253,11210854.381763,0.48828288989197016,Advanced Economies
70,2018,11593045.592703,12295150.224756,0.48530436041679087,Advanced Economies
71,2019,11245724.090775,11931792.733033,0.48519969487082265,Advanced Economies
72,2020,10305219.436132,10917380.036223,0.48557762443548885,Advanced Economies
73,2021,12745135.769054,13629527.956287,0.4832340575704996,Advanced Economies
74,2022,13934498.166564,15569107.312419,0.4722981459500023,Advanced Economies
75,1958,46.4,72.8,0.389261744966443,AFG
76,1959,60.3,80.9,0.42705382436260625,AFG
77,1960,49.9,,,AFG
78,1961,53.4,,,AFG
79,1962,58.9,,,AFG
80,1963,70.1,,,AFG
81,1964,69.6,140.4,0.3314285714285714,AFG
82,1965,69.5,129.3,0.34959758551307846,AFG
83,1966,71.6,,,AFG
84,1967,66.407,138.364,0.324298850911506,AFG
85,1968,71.817,124.434,0.36594463212926304,AFG
86,1969,81.884,123.524,0.39864075401152826,AFG
87,1970,84.591,109.525,0.43577551567104206,AFG
88,1971,99.9,145.386,0.4072796653702209,AFG
89,1972,124.419,,,AFG
90,1973,159.016,129.79,0.5505979792663588,AFG
91,1974,230.55,242.531,0.48733726359756574,AFG
92,1975,224.861,338.402,0.39921138082920415,AFG
93,1976,297.146,314.12,0.48611570085691,AFG
94,1977,313.137,458.652,0.40572876783680517,AFG
95,1978,269.156,450.516,0.3739981547149257,AFG
96,1979,435.015,551.216,0.4410883454282009,AFG
97,1980,670.474,494.754,0.5754015523142252,AFG
98,1981,638.117,541.516,0.5409453618201594,AFG
99,1982,200.898367850328,321.964390847052,0.38422772421357887,AFG
100,1983,195.405822592023,372.558763206536,0.344045786441565,AFG
101,1984,175.982593044291,392.126599147887,0.3097689589658324,AFG
102,1985,203.069731643595,395.903908729522,0.3390294963850118,AFG
103,1986,166.305851947019,596.978996259201,0.2178817676491954,AFG
104,1987,336.18345093868,681.225629090447,0.33043095205033507,AFG
105,1988,175.081535947609,524.499078027528,0.250266420266802,AFG
106,1989,174.740024113342,425.807715987379,0.2909677490153163,AFG
107,1990,131.088402304205,479.278490000662,0.21476984410014294,AFG
108,1991,189.029326711642,443.105907968783,0.29903304916582524,AFG
109,1992,181.319022489673,398.244445096848,0.3128544717367033,AFG
110,1993,688.112731565031,464.757256902532,0.5968693247706931,AFG
111,1994,104.603806854626,390.842287771235,0.2111305508092019,AFG
112,1995,165.993816403574,387.414266858782,0.29994830473930884,AFG
113,1996,128.046649694318,660.796276373919,0.16232211187153578,AFG
114,1997,144.654658853577,604.313059036211,0.19313870998491178,AFG
115,1998,151.181189317813,462.49259125921,0.24635432391401973,AFG
116,1999,122.752138313704,490.307256310942,0.20022878597082858,AFG
117,2000,121.506323,408.760985,0.2291416445382675,AFG
118,2001,95.822855,344.519918,0.21760969153001178,AFG
119,2002,97.625026,942.242008,0.09388222033010424,AFG
120,2003,223.350724,1226.413719,0.15406000959564162,AFG
121,2004,142.776141,1710.299846,0.07704818474883189,AFG
122,2005,204.318903,2313.322591,0.08115488384145611,AFG
123,2006,184.848183,2756.905158,0.0628360578107354,AFG
124,2007,233.051741,2684.437352,0.07988092965254488,AFG
125,2008,542.197338,3198.448913,0.14494750415253846,AFG
126,2009,420.755876,3648.387636,0.10340158187077478,AFG
127,2010,392.145151,5575.187146,0.06571531992564683,AFG
128,2011,379.391291,6917.795952,0.051991442506006694,AFG
129,2012,305.795136,3420.527998,0.08206350469443749,AFG
130,2013,373.958198,2237.952346,0.1431741982354814,AFG
131,2014,414.759214,4472.101403,0.08487232325742432,AFG
132,2015,574.115004,8110.078931,0.06611033888662231,AFG
133,2016,597.767434,6774.84087,0.08107950529199848,AFG
134,2017,834.348293,7962.217398,0.09484932214553277,AFG
135,2018,875.181037,7406.505905,0.10567666263277595,AFG
136,2019,863.833322,6776.097718,0.11306820931724013,AFG
137,2020,776.722236,6537.609387,0.10619182668141378,AFG
138,2021,769.643549,5160.376078,0.12978768999275017,AFG
139,2022,614.952856,4232.308222,0.12686604787826533,AFG
140,1948,3170.7,4609.98,0.4075093693610327,Africa
141,1949,3092.5,4503.42,0.4071264573613203,Africa
142,1950,3361.0,3698.03,0.4761277399302737,Africa
143,1951,4231.1,5144.31,0.4512975965851094,Africa
144,1952,4144.8,5453.53,0.4318251195780933,Africa
145,1953,4171.8,5130.01,0.44849335774435295,Africa
146,1954,3914.4,4840.9,0.4470891916896052,Africa
147,1955,4128.7,5383.5,0.43404259792687283,Africa
148,1956,4360.6,5504.8,0.44200944715875684,Africa
149,1957,4587.2,6194.7,0.42545376974373716,Africa
150,1958,4192.9,5935.7,0.4139663921963549,Africa
151,1959,4293.9,5810.102,0.4249702246693933,Africa
152,1960,4789.49,6910.22,0.4093682663929277,Africa
153,1961,4990.0,6798.0,0.42331184255174753,Africa
154,1962,4736.301,6026.8,0.44004985180386214,Africa
155,1963,5921.818,7026.709,0.4573352629221841,Africa
156,1964,8663.239,9358.02727272727,0.4807231006353106,Africa
157,1965,9004.611,9418.287,0.48877277613978,Africa
158,1966,10704.005,10186.803,0.5123786978464404,Africa
159,1967,10838.44,10408.4003636364,0.510120084422049,Africa
160,1968,12587.664,10918.1936363636,0.5355117943251244,Africa
161,1969,14357.003,12141.5887272727,0.5418024907800508,Africa
162,1970,15460.272,14302.8753636364,0.5194434516992257,Africa
163,1971,15293.756,15695.2438181818,0.49352209137859554,Africa
164,1972,18231.855,16967.1648181818,0.5179648494240873,Africa
165,1973,26767.954,22269.5125454545,0.545867392541331,Africa
166,1974,47163.618,34833.2132727273,0.575188300181143,Africa
167,1975,41281.191,44207.9072727273,0.4828825175849294,Africa
168,1976,47090.337,43599.6971818182,0.5192448919535285,Africa
169,1977,55004.592,52576.0313636364,0.5112871656643722,Africa
170,1978,56023.511,61434.9763636364,0.4769643493412136,Africa
171,1979,83206.8541730762,60439.7201038342,0.5792470484724311,Africa
172,1980,89624.8716876376,71724.3263395485,0.5554714419623982,Africa
173,1981,95839.2629381864,103993.046189385,0.47959843609175,Africa
174,1982,82038.2534193499,91102.7679324908,0.4738233191580843,Africa
175,1983,78462.2577497964,81702.4947210876,0.48988467524438545,Africa
176,1984,80371.1367801016,77466.5230114107,0.5092012697493349,Africa
177,1985,78006.6269375302,65835.9735356413,0.5423054552749096,Africa
178,1986,63284.9162314679,66715.6539176158,0.4868049129237912,Africa
179,1987,71983.5763527527,69609.8412351517,0.5083822226980549,Africa
180,1988,72953.1717047226,78147.4343922177,0.4828119065116037,Africa
181,1989,79065.1658578262,81039.386027382,0.4938345907523876,Africa
182,1990,98479.3399781462,96428.885263863,0.5052600517801064,Africa
183,1991,96030.6399337468,91033.6560630698,0.5133563271495755,Africa
184,1992,94378.8480409439,103780.012009829,0.47627871908811875,Africa
185,1993,87068.5487549481,96725.77247912,0.47372817707497855,Africa
186,1994,91215.9596453709,102292.063441291,0.4713807633935682,Africa
187,1995,101976.610869918,121694.419719245,0.4559223007168405,Africa
188,1996,115961.223253008,123983.134364557,0.4832838096482045,Africa
189,1997,119724.616427366,125011.227701591,0.48919935227910594,Africa
190,1998,99286.233714126,130446.293721645,0.4321818717720964,Africa
191,1999,109649.31466258,127567.018406433,0.4622334105075298,Africa
192,2000,150350.994072,126395.938739,0.54327971242478,Africa
193,2001,141459.676913,125718.25512,0.5294586863391393,Africa
194,2002,148141.298539,132303.922902,0.5282361303138337,Africa
195,2003,189044.670286,164876.085783,0.5341440620372773,Africa
196,2004,229759.928175,201437.290837,0.5328418599300054,Africa
197,2005,313614.715548,249291.04807,0.5571353782776787,Africa
198,2006,368468.472303,290749.222462,0.5589480913954423,Africa
199,2007,429367.511794,359053.216195,0.5445918613646475,Africa
200,2008,578938.648066,485404.038486,0.5439400818748569,Africa
201,2009,392714.403793,421820.936502,0.48213304489743897,Africa
202,2010,541205.007043,488810.723335,0.5254337298755486,Africa
203,2011,647678.563626,569904.948832,0.5319376921575566,Africa
204,2012,651015.475917,615260.717318,0.5141180726566674,Africa
205,2013,617860.073054,648238.943688,0.4880029641314419,Africa
206,2014,582096.831987,662254.070911,0.46779154548073215,Africa
207,2015,432252.895282,578490.54994,0.42765837099943776,Africa
208,2016,383135.103663,509285.53377,0.4293212052615318,Africa
209,2017,437788.890508,553063.95107,0.4418303830171104,Africa
210,2018,508347.13114,601798.054512,0.45791049469033407,Africa
211,2019,480547.739514,596520.826872,0.44616262558513964,Africa
212,2020,390358.98221,516095.2457924,0.43064389811524656,Africa
213,2021,563052.83159,618442.052668,0.4765596864548485,Africa
214,2022,695318.262579,718642.241105,0.49175225246206283,Africa
215,1981,273.720909090909,253.1067,0.519564473022286,ALB
216,1982,253.625068493152,321.1681,0.4412457948274548,ALB
217,1983,217.500994307954,241.5787,0.4737761155736344,ALB
218,1984,210.389168797872,251.793182472316,0.4552081407255644,ALB
219,1985,198.291667641756,260.99118623497,0.43174193412188333,ALB
220,1986,286.067840271458,253.274415191382,0.5304013126617847,ALB
221,1987,230.130638731725,245.121285522494,0.4842287363546262,ALB
222,1988,258.291597139183,317.645286046917,0.4484720542818967,ALB
223,1989,305.299897486807,387.254088272103,0.4408319116844808,ALB
224,1990,224.267474907148,423.135066957518,0.346411174508532,ALB
225,1991,171.206601319239,495.887789418239,0.25664524195739197,ALB
226,1992,114.108574907522,574.458561424158,0.16571888039186983,ALB
227,1993,122.465156154317,421.13018983466,0.22528735217832485,ALB
228,1994,141.476732307042,160.575615598689,0.4683848123941621,ALB
229,1995,201.83715849942,650.632433452899,0.23676757552979008,ALB
230,1996,210.539981674452,908.589323493784,0.18812837864414786,ALB
231,1997,141.300939181231,619.735368552396,0.18566911689407628,ALB
232,1998,206.488161097588,794.646824518699,0.20625406569971813,ALB
233,1999,275.349258331029,899.102879826568,0.23444910983173717,ALB
234,2000,256.221001,1093.379276,0.1898495468373411,ALB
235,2001,307.221341,1325.589707,0.18815486419957148,ALB
236,2002,338.843625,1494.42954,0.18482986140256952,ALB
237,2003,447.114889,1852.324974,0.1944451325709665,ALB
238,2004,604.409575,2294.12811,0.20852224144879453,ALB
239,2005,638.612869,2602.882267,0.19701182392889455,ALB
240,2006,748.519461,3005.121637,0.19941156904926874,ALB
241,2007,998.884092,4051.199095,0.19779557187718064,ALB
242,2008,1341.832959,5241.235687,0.20383092310837797,ALB
243,2009,1100.384076,4440.284934,0.19860130139771695,ALB
244,2010,1542.19374,4537.932767,0.2536450085741612,ALB
245,2011,1951.27053,5318.477522,0.2684096499689808,ALB
246,2012,1901.576806,4864.371861,0.2810510247106491,ALB
247,2013,2447.609347,5015.899899,0.32794350034627134,ALB
248,2014,2553.872842,5387.176104,0.32160396685206377,ALB
249,2015,2031.534573,4408.269751,0.31546526428277233,ALB
250,2016,1961.477334,4666.089101,0.295957400538679,ALB
251,2017,2463.201513,5670.492837,0.3028392028279253,ALB
252,2018,3099.404234,6406.219819,0.3260600478957318,ALB
253,2019,2985.007867,6483.079415,0.31527042137379396,ALB
254,2020,2716.277582,6022.684914,0.3108238058285861,ALB
255,2021,3681.100753,8099.539606,0.3124703446351935,ALB
256,2022,4310.142456,8400.920369,0.3390859218729414,ALB
257,1948,413.4,460.4,0.47310597390707254,DZA
258,1949,313.0,440.3,0.41550511084561265,DZA
259,1950,322.2,415.6,0.4367037137435619,DZA
260,1951,369.9,554.5,0.4001514495889225,DZA
261,1952,398.3,611.7,0.3943564356435644,DZA
262,1953,382.6,549.1,0.4106472040356338,DZA
263,1954,389.3,587.5,0.3985462735462736,DZA
264,1955,453.1,671.7,0.40282716927453766,DZA
265,1956,420.3,751.2,0.3587708066581306,DZA
266,1957,462.2,1025.6,0.31066003495093425,DZA
267,1958,480.0,1110.3,0.30182984342576874,DZA
268,1959,360.3,1118.5,0.24364349472545307,DZA
269,1960,392.3,1259.9,0.23744098777387726,DZA
270,1961,364.4,1010.6,0.2650181818181818,DZA
271,1964,,701.0,,DZA
272,1966,621.2,638.6,0.49309414192729,DZA
273,1967,723.2,635.5,0.5322734967248105,DZA
274,1968,830.6,807.3,0.5071127663471519,DZA
275,1969,929.7,994.3,0.48321205821205826,DZA
276,1970,1000.5,1242.7,0.4460146219686163,DZA
277,1971,852.41,1221.24,0.41106744146794294,DZA
278,1972,1280.81,1472.96,0.4651114653729251,DZA
279,1973,1885.78,2407.46,0.43924402083275105,DZA
280,1974,4684.85,4246.62,0.5245329156342685,DZA
281,1975,4699.46,6014.92,0.4386124068774861,DZA
282,1976,5331.89,5338.26,0.4997015037276889,DZA
283,1977,5792.17,7053.31,0.4509111376141647,DZA
284,1978,6266.39,8600.55,0.42149830429126645,DZA
285,1979,9863.13,8402.65,0.5399785829020167,DZA
286,1980,15621.25,10558.88,0.5966834389286838,DZA
287,1981,13296.01,11266.98,0.5413025857194096,DZA
288,1982,11475.88,10737.86,0.516611790720518,DZA
289,1983,13016.06,10395.43,0.5559688853635544,DZA
290,1984,13054.6222385007,10481.7474804797,0.5546574256935248,DZA
291,1985,12502.11,9843.54,0.5594874170140497,DZA
292,1986,7360.81,9228.07,0.4437195277800551,DZA
293,1987,8582.33,7042.27,0.5492831816494502,DZA
294,1988,8154.181,7462.509,0.5221452817466442,DZA
295,1989,8953.333,9225.549,0.4925128509002919,DZA
296,1990,11008.838,9679.131,0.5321372049619758,DZA
297,1991,11771.069,7683.286,0.6050608719744243,DZA
298,1992,11136.802,8647.869,0.5629005405245302,DZA
299,1993,10099.883,8761.206,0.535487797125606,DZA
300,1994,8591.748,9570.628,0.47305198394747466,DZA
301,1995,9356.681076,10782.4469,0.4646020963345806,DZA
302,1996,11099.194,9105.615,0.5493342698760477,DZA
303,1997,13730.6052313435,8692.34562781644,0.6123460430157633,DZA
304,1998,10025.2986213721,9403.61553341585,0.5159989148905434,DZA
305,1999,12740.0275408334,9172.86298867236,0.5813942037303989,DZA
306,2000,21953.69375,9012.785493,0.708950267730635,DZA
307,2001,18379.705236,9739.205535,0.6536421480079385,DZA
308,2002,18935.244632,11808.696469,0.6159016688782329,DZA
309,2003,29561.382641,14254.741905,0.674669039019305,DZA
310,2004,31159.679493,18156.618126,0.631833308609833,DZA
311,2005,46553.827721,19836.083125,0.7012184099627372,DZA
312,2006,55154.833235,21359.982352,0.7208386089918369,DZA
313,2007,59168.250719,27272.069976,0.6844982786189789,DZA
314,2008,79297.49865,39336.352803,0.6684221887663813,DZA
315,2009,45194.007158,39118.307305,0.5360309160749364,DZA
316,2010,57052.602545,40174.761209,0.5867957367367458,DZA
317,2011,73489.907676,47247.383986,0.6086761319918665,DZA
318,2012,71865.780603,50349.177936,0.5880276969538628,DZA
319,2013,65950.790097,54849.472531,0.5459490622143187,DZA
320,2014,59883.803996,56575.6351,0.514203094749894,DZA
321,2015,34563.343377,49725.081616,0.4100603775651333,DZA
322,2016,28960.146207,47777.615496,0.37739107271704314,DZA
323,2017,35146.051552,49666.991149,0.4143944189799195,DZA
324,2018,41168.251685,49220.174393,0.45545932672258477,DZA
325,2019,35312.211881,46975.014206,0.42913357953840103,DZA
326,2020,21925.247904,37411.587067,0.3695048432346558,DZA
327,2021,38434.843397,39434.241849,0.493582829123761,DZA
328,2022,60317.605944,40182.642323,0.6001737009022468,DZA
329,2000,3.858127,66.960062,0.05447932310158342,ASM
330,2001,89.639938,105.977005,0.45824219837644636,ASM
331,2002,31.304386,146.352519,0.17620697602493976,ASM
332,2003,9.265025,96.577803,0.08753569018393953,ASM
333,2004,6.647492,134.098667,0.047230361718077145,ASM
334,2005,13.971013,280.958394,0.0473707018303536,ASM
335,2006,77.407336,115.793266,0.40065784060031034,ASM
336,2007,67.904537,173.142456,0.28170663385956446,ASM
337,2008,63.659818,229.39088,0.2172314157054149,ASM
338,2009,22.012524,132.713628,0.14226763682457505,ASM
339,2010,26.937836,96.749879,0.217789098941637,ASM
340,2011,49.666246,247.952639,0.16687867774250953,ASM
341,2012,88.766729,254.444679,0.25863571819267733,ASM
342,2013,50.598624,271.384797,0.15714667495255913,ASM
343,2014,59.23078,239.456231,0.19830383585043143,ASM
344,2015,28.332753,173.075417,0.14067330535797035,ASM
345,2016,37.454818,214.486507,0.14866484488005294,ASM
346,2017,40.867814,117.342041,0.25831395901348875,ASM
347,2018,65.74579,140.459378,0.31883677134609933,ASM
348,2019,24.756114,171.76243,0.12597342467589218,ASM
349,2020,17.638873,126.262725,0.12257593553617104,ASM
350,2021,30.893122,139.620446,0.18117691373392647,ASM
351,2022,16.370321,217.424598,0.0700200033004139,ASM
352,1948,42.7,48.1,0.47026431718061673,AGO
353,1949,67.5,49.7,0.575938566552901,AGO
354,1950,74.5,55.7,0.5721966205837175,AGO
355,1951,109.3,74.4,0.5949918345127926,AGO
356,1952,94.3,89.9,0.511943539630836,AGO
357,1953,121.5,83.8,0.5918168533852898,AGO
358,1954,102.3,95.5,0.5171890798786652,AGO
359,1955,96.6,93.4,0.5084210526315789,AGO
360,1956,113.6,109.6,0.5089605734767025,AGO
361,1957,114.4,124.0,0.47986577181208057,AGO
362,1958,127.4,130.1,0.4947572815533981,AGO
363,1959,124.2,130.6,0.48744113029827313,AGO
364,1960,123.3,127.5,0.4916267942583732,AGO
365,1961,133.7,113.6,0.5406389001213101,AGO
366,1962,147.7,135.1,0.5222772277227723,AGO
367,1963,163.5,146.6,0.5272492744276039,AGO
368,1964,204.1,163.8,0.5547703180212015,AGO
369,1965,198.0,194.7,0.5042016806722689,AGO
370,1966,220.3,208.4,0.5138791695824586,AGO
371,1967,236.5,274.5,0.4628180039138943,AGO
372,1968,268.1,308.2,0.46520909248655223,AGO
373,1969,326.937,328.402,0.4988822578848505,AGO
374,1970,423.413,368.594,0.5346076486697718,AGO
375,1971,408.004,421.881,0.4916392030221055,AGO
376,1972,478.64,392.259,0.5495930067665711,AGO
377,1973,802.065,542.722,0.596425307502229,AGO
378,1974,1229.332,625.125,0.662906716089939,AGO
379,1981,1355.40125883738,1598.2208,0.4588946154373252,AGO
380,1982,1270.07636363636,975.092250456588,0.5656930867748983,AGO
381,1983,1741.33203303178,800.698162930042,0.6850162660530145,AGO
382,1984,1918.28035446573,1012.897682664,0.6544400681796011,AGO
383,1985,2177.05943620055,1425.71390295291,0.6042732171189241,AGO
384,1986,1555.46968030446,1057.64166207814,0.5952557991219017,AGO
385,1987,2219.85706873128,1204.75566593884,0.6482067435707035,AGO
386,1988,2487.61479690237,1396.32285509875,0.6404878295666453,AGO
387,1989,2880.97757822474,1468.58380955474,0.662360482213018,AGO
388,1990,3748.11004797406,1722.85701259066,0.6850909549411864,AGO
389,1991,3097.25212776411,1846.69806643221,0.6264731654052583,AGO
390,1992,3526.51910083526,2632.45737755018,0.5725820050151788,AGO
391,1993,2883.45414955174,1450.83135213298,0.6652663163123316,AGO
392,1994,2933.63023803977,1450.54646825157,0.6691405101965847,AGO
393,1995,3411.51137110326,1891.13335229813,0.6433603511183266,AGO
394,1996,4543.80498958473,2078.38433181265,0.6861484577166875,AGO
395,1997,4310.24564640662,2524.42179775115,0.6306445312260205,AGO
396,1998,3477.23798816366,2230.34757395817,0.6092309874844829,AGO
397,1999,4393.55927802689,2238.87355940512,0.6624355475159275,AGO
398,2000,13069.601077,3924.20371,0.7690803349111108,AGO
399,2001,12665.107884,3972.48353,0.7612344580924567,AGO
400,2002,13957.270218,4382.2999,0.7610467490893452,AGO
401,2003,13570.514469,5647.541592,0.7061335665754045,AGO
402,2004,16966.122869,5506.850501,0.7549567469184431,AGO
403,2005,31784.878933,8716.717067,0.7847808993255476,AGO
404,2006,42781.413778,12219.099411,0.7778366291054208,AGO
405,2007,54844.10134,11131.816798,0.831274545134546,AGO
406,2008,79635.838372,26024.69976,0.7536951806218537,AGO
407,2009,48788.875667,25838.218526,0.6537689319755985,AGO
408,2010,63591.019844,19810.374017,0.7624695092024872,AGO
409,2011,84450.235477,22538.043445,0.78934100378013,AGO
410,2012,79017.26174,31138.837846,0.7173208023611113,AGO
411,2013,74295.087909,28434.115337,0.7232129283733431,AGO
412,2014,62561.02556,31046.688231,0.6683319464428047,AGO
413,2015,35821.781205,23269.159851,0.6062144309235488,AGO
414,2016,30146.284032,16046.25657,0.6526223420301492,AGO
415,2017,36178.713899,16511.489866,0.6866307456383777,AGO
416,2018,40527.511425,13839.45919,0.7454436207600345,AGO
417,2019,34819.146165,14160.053253,0.7108965964887507,AGO
418,2020,21043.807025,9340.096972,0.6925972063062663,AGO
419,2021,35116.234676,11524.419393,0.752910424970653,AGO
420,2022,51443.395442,16226.3188,0.7602129847634417,AGO
421,2000,6.832005,156.761873,0.04176198451631545,"['AIA', 'GBR']"
422,2001,4.442878,132.080102,0.032543078095716924,"['AIA', 'GBR']"
423,2002,7.300996,115.610305,0.059400526563460586,"['AIA', 'GBR']"
424,2003,6.548385,127.424864,0.0488783025632229,"['AIA', 'GBR']"
425,2004,8.411575,211.93378,0.03817450565272864,"['AIA', 'GBR']"
426,2005,11.667136,268.690357,0.041615210191653415,"['AIA', 'GBR']"
427,2006,13.605365,273.9772,0.047309422252353864,"['AIA', 'GBR']"
428,2007,12.550262,401.560571,0.030306529073582583,"['AIA', 'GBR']"
429,2008,13.900001,433.284113,0.031083396222791583,"['AIA', 'GBR']"
430,2009,15.654252,1283.132732,0.012052978812420866,"['AIA', 'GBR']"
431,2010,12.654878,1145.610614,0.01092571443024567,"['AIA', 'GBR']"
432,2011,11.658983,1129.024233,0.010221052467909721,"['AIA', 'GBR']"
433,2012,10.644907,1143.442392,0.009223658391547726,"['AIA', 'GBR']"
434,2013,9.986623,1243.50333,0.007967054682886636,"['AIA', 'GBR']"
435,2014,14.561408,1141.068797,0.012600404469351855,"['AIA', 'GBR']"
436,2015,11.181191,1136.791686,0.009739943533526533,"['AIA', 'GBR']"
437,2016,12.37596,1163.657424,0.010523476772322645,"['AIA', 'GBR']"
438,2017,31.407908,1313.728926,0.02334922901977421,"['AIA', 'GBR']"
439,2018,49.124998,1435.911816,0.0330799866622027,"['AIA', 'GBR']"
440,2019,132.20731,1467.312658,0.08265436671310127,"['AIA', 'GBR']"
441,2020,70.407316,1425.586468,0.04706390945806229,"['AIA', 'GBR']"
442,2021,66.730166,1561.977532,0.04097123509758225,"['AIA', 'GBR']"
443,2022,64.564013,1632.469123,0.03804522824591446,"['AIA', 'GBR']"
444,2000,260.200578,874.032008,0.22940672064239212,ATG
445,2001,210.690169,514.18961,0.2906553267228054,ATG
446,2002,594.700158,590.814623,0.5016387543463282,ATG
447,2003,234.088556,481.557302,0.32710111206987524,ATG
448,2004,185.33928,504.698549,0.26859292666402496,ATG
449,2005,150.661431,781.640998,0.16160145711687296,ATG
450,2006,152.826294,945.528388,0.13914111398124854,ATG
451,2007,122.084759,995.744649,0.10921591266634488,ATG
452,2008,464.578448,784.138104,0.3720447584809463,ATG
453,2009,284.165158,651.019366,0.30385998774291095,ATG
454,2010,178.009942,526.221613,0.25277189119990506,ATG
455,2011,151.992845,461.093822,0.2479141256549296,ATG
456,2012,122.421785,509.274953,0.19379834916924962,ATG
457,2013,196.98607,521.850967,0.27403439146945346,ATG
458,2014,179.584533,581.358637,0.23600255588074992,ATG
459,2015,135.155506,655.618694,0.17091542187390532,ATG
460,2016,210.765907,702.703906,0.23073111338819907,ATG
461,2017,168.063076,799.941962,0.1736179765626385,ATG
462,2018,140.727253,852.40848,0.14169991907843274,ATG
463,2019,1862.168221,842.327631,0.6885454158204417,ATG
464,2020,1434.006214,633.710591,0.6935215743918085,ATG
465,2021,1618.47744,734.860413,0.6877369681266925,ATG
466,2022,71.613803,965.839651,0.06902844915488614,ATG
467,1948,1629.9,1590.4,0.5061329689780455,ARG
468,1952,709.6,1195.8,0.3724152408943004,ARG
469,1953,1165.7,826.2,0.5852201415733721,ARG
470,1954,1079.9,922.0,0.5394375343423747,ARG
471,1955,927.8,1145.1,0.44758550822519183,ARG
472,1956,941.5,1094.3,0.46247175557520387,ARG
473,1957,969.8,1243.5,0.43816924953689057,ARG
474,1958,993.9,1232.1,0.44649595687331534,ARG
475,1959,1008.9,975.5,0.5084156420076598,ARG
476,1960,1079.1,1227.3,0.46787200832466186,ARG
477,1961,964.2,1460.4,0.3976738431081415,ARG
478,1962,1216.8,1347.1,0.47458949256991306,ARG
479,1963,1364.4,970.6,0.5843254817987152,ARG
480,1964,1409.3,1056.7,0.571492295214923,ARG
481,1965,1492.0,1178.7,0.5586550342606807,ARG
482,1966,1592.9,1124.6,0.586163753449862,ARG
483,1967,1464.4,1095.6,0.57203125,ARG
484,1968,1365.35,1169.6,0.5386102289985996,ARG
485,1969,1610.7,1576.15,0.5054207132434849,ARG
486,1970,1772.52,1684.65,0.5127083712979112,ARG
487,1971,1739.84,1869.42,0.48204895186270863,ARG
488,1972,1940.52,1904.53,0.5046800431723905,ARG
489,1973,3267.92,2241.34,0.5931685925151472,ARG
490,1974,3930.6,3635.18,0.5195234331423858,ARG
491,1975,2960.93,3958.15,0.4279369511553559,ARG
492,1976,3915.73,3032.82,0.563531959905304,ARG
493,1977,5651.43,4162.61,0.5758515351476048,ARG
494,1978,6401.38,3833.92,0.6254218244702159,ARG
495,1979,7809.39,6710.57,0.5378382585075993,ARG
496,1980,8024.89,10540.9,0.4322406964637648,ARG
497,1981,9139.33,9432.18,0.492115611493088,ARG
498,1982,7622.62,5340.99,0.5880013360475979,ARG
499,1983,7835.7,4504.0,0.6349992301271505,ARG
500,1984,8107.4,4584.63,0.6387788241912444,ARG
501,1985,8396.05,3814.21,0.6876225403881654,ARG
502,1986,6851.89,4724.04,0.5919083823070803,ARG
503,1987,6360.07,5818.86,0.5222191112027083,ARG
504,1988,9136.55,5319.52,0.6320217043774691,ARG
505,1989,9560.6568811,4200.385247,0.6947625617377605,ARG
506,1990,12352.01,4078.479,0.7517737299236803,ARG
507,1991,11972.706,8275.244,0.5913046012065419,ARG
508,1992,12228.056,14862.39,0.451378910483792,ARG
509,1993,13111.665,16772.938,0.4387431547944606,ARG
510,1994,16396.1345961319,22363.696103354,0.42301873615638297,ARG
511,1995,20362.982,19221.01148,0.5144246502134376,ARG
512,1996,24216.992938,24427.616534,0.49783507773742913,ARG
513,1997,25371.852253,30284.808496,0.4558637171464848,ARG
514,1998,26281.771808,31999.262796,0.4509489576939701,ARG
515,1999,22884.32259,25517.783785,0.4727960062874433,ARG
516,2000,26341.03104,25202.555008,0.5110438186328343,ARG
517,2001,26528.756588,19930.457958,0.5710117324892237,ARG
518,2002,25699.352792,8763.986453,0.7457011814584539,ARG
519,2003,29562.169329,13470.084957,0.6869770087461508,ARG
520,2004,33927.491004,22119.349784,0.6053417200147364,ARG
521,2005,40294.229266,28387.127566,0.5866836522254919,ARG
522,2006,46537.716812,34153.133597,0.5767409387323712,ARG
523,2007,55961.242223,42543.705073,0.5681059049231371,ARG
524,2008,70014.152699,57462.452385,0.5492313876170813,ARG
525,2009,55665.080986,38721.729968,0.5897548653606776,ARG
526,2010,67415.993603,56062.295166,0.5459744727198164,ARG
527,2011,82108.618983,73433.146419,0.5278879198187642,ARG
528,2012,78573.704431,68359.695196,0.5347572752720924,ARG
529,2013,74292.063211,73997.619497,0.5009927990559525,ARG
530,2014,67418.856615,65242.18664,0.508203877798609,ARG
531,2015,56657.733698,59747.968164,0.4867264471732515,ARG
532,2016,57905.192523,55848.446,0.5090403548831721,ARG
533,2017,58600.381404,66936.61,0.4667977203262242,ARG
534,2018,61642.554731,65482.79,0.48489587077570556,ARG
535,2019,64467.375996,49125.005,0.5675325706771666,ARG
536,2020,54635.304618,42325.164,0.5634802038060422,ARG
537,2021,77629.062185,63060.15,0.5517769342749695,ARG
538,2022,88057.18698,81475.338,0.5194117588373572,ARG
539,1992,6.58486034311032,51.1765349207153,0.1140010609687304,ARM
540,1993,171.261633333333,258.5061,0.39849811898395926,ARM
541,1994,241.7115,395.5767,0.3792813047534852,ARM
542,1995,356.9278,695.9766,0.3389935496518013,ARM
543,1996,290.3146,861.5083,0.2520479493852744,ARM
544,1997,232.811878798894,891.350569472331,0.2070980747995274,ARM
545,1998,220.516,902.3887,0.19637997774877955,ARM
546,1999,231.6692,842.738,0.21562513728500698,ARM
547,2000,299.395244,884.661692,0.25285544545807215,ARM
548,2001,341.971689,876.516619,0.28065241722450734,ARM
549,2002,503.447267,986.645037,0.3378631415305934,ARM
550,2003,685.268078,1277.189876,0.34918866750915367,ARM
551,2004,724.297335,1348.05461,0.3495049847819165,ARM
552,2005,976.330612,1800.765228,0.3515653287644549,ARM
553,2006,984.45256,2191.19057,0.31000100442646394,ARM
554,2007,1152.30078,3267.788096,0.2606962919358276,ARM
555,2008,1057.161435,4426.128618,0.19279692023981282,ARM
556,2009,697.78961,3304.15478,0.17436264525404865,ARM
557,2010,1041.046792,3748.947517,0.217337793083378,ARM
558,2011,1334.297918,4144.59929,0.24353403017887024,ARM
559,2012,1428.124301,4264.832091,0.2508581135465687,ARM
560,2013,1480.030529,4476.797896,0.24845948605612223,ARM
561,2014,1519.286858,4401.599931,0.2565978563924877,ARM
562,2015,1486.885931,3253.955791,0.31363332045026243,ARM
563,2016,1779.360291,3263.928091,0.3528174786416566,ARM
564,2017,2237.697186,4097.065111,0.35324090803844727,ARM
565,2018,2412.432662,4975.537488,0.32653524757405794,ARM
566,2019,2647.210932,5528.690552,0.32378214649240994,ARM
567,2020,2536.993456,4583.273868,0.35630592793175864,ARM
568,2021,3015.987201,5361.978875,0.35999038115465387,ARM
569,2022,5360.069395,8768.658896,0.3793738038273667,ARM
570,1995,14.719201117851,542.546978363231,0.026413232418944395,"['ABW', 'NLD']"
571,1996,12.529978436622,578.224936032116,0.02121011290763468,"['ABW', 'NLD']"
572,1997,23.920409188424,635.304702154204,0.03628564624867805,"['ABW', 'NLD']"
573,1998,29.008895810174,683.586931108859,0.0407087646521821,"['ABW', 'NLD']"
574,1999,29.275388856232,782.120782300323,0.03608026497648269,"['ABW', 'NLD']"
575,2000,172.998706,793.8283,0.17893449906383768,"['ABW', 'NLD']"
576,2001,148.853751,836.365105,0.151086989549051,"['ABW', 'NLD']"
577,2002,128.361008,841.54324,0.13234400020897732,"['ABW', 'NLD']"
578,2003,82.190158,846.619495,0.08848977584861513,"['ABW', 'NLD']"
579,2004,79.555449,874.945642,0.08334767738887791,"['ABW', 'NLD']"
580,2005,106.204891,1030.046313,0.09346955200234049,"['ABW', 'NLD']"
581,2006,108.964809,1041.334022,0.09472739262481264,"['ABW', 'NLD']"
582,2007,97.892757,1113.876885,0.08078495582578724,"['ABW', 'NLD']"
583,2008,98.608225,1134.445253,0.07997076100863161,"['ABW', 'NLD']"
584,2009,135.179344,1149.199725,0.10524879084587449,"['ABW', 'NLD']"
585,2010,116.962907,1058.936028,0.09946680239148271,"['ABW', 'NLD']"
586,2011,127.193348,1252.467033,0.09219178121778653,"['ABW', 'NLD']"
587,2012,165.711059,1230.497746,0.11868644461098353,"['ABW', 'NLD']"
588,2013,136.096646,1277.994853,0.09624316820816982,"['ABW', 'NLD']"
589,2014,109.330647,1256.634116,0.08003914153677184,"['ABW', 'NLD']"
590,2015,77.61712,1162.748649,0.06257599325929157,"['ABW', 'NLD']"
591,2016,93.315049,1129.096842,0.07633683023458089,"['ABW', 'NLD']"
592,2017,88.246991,1189.359023,0.06907214746407729,"['ABW', 'NLD']"
593,2018,68.95213,1255.86338,0.052046590245610876,"['ABW', 'NLD']"
594,2019,77.827988,1313.376168,0.055942894983703605,"['ABW', 'NLD']"
595,2020,65.664884,937.962513,0.06542755229309469,"['ABW', 'NLD']"
596,2021,87.492818,1168.649547,0.06965199203356222,"['ABW', 'NLD']"
597,2022,103.123421,1472.981288,0.06542929566236072,"['ABW', 'NLD']"
598,1948,1626.0,1340.35,0.5481483978626932,AUS
599,1949,1554.6,1489.84,0.5106357819500467,AUS
600,1950,1626.8,1504.58,0.5195153574462378,AUS
601,1951,1988.6,2212.66,0.4733341902191247,AUS
602,1952,1666.9,1860.76,0.4725228621805957,AUS
603,1953,1959.9,1380.94,0.5866488667520743,AUS
604,1954,1604.5,1780.02,0.47407017834138965,AUS
605,1955,1699.7,2045.78,0.4538003139784487,AUS
606,1956,1822.4,1819.95,0.5003363213310088,AUS
607,1957,2147.0,1789.04,0.545472098860784,AUS
608,1958,1619.5,1901.57,0.4599454143200789,AUS
609,1959,1973.6,1994.41,0.4973777787858397,AUS
610,1960,2022.9,2524.06,0.44489065221598606,AUS
611,1961,2338.5,2249.06,0.5097481013872299,AUS
612,1962,2322.9,2438.37,0.48787403360868004,AUS
613,1963,2774.3,2681.36,0.5085177595378012,AUS
614,1964,2977.3,3210.13,0.4811852416916232,AUS
615,1965,2927.5,3649.25,0.4451286729767742,AUS
616,1966,3169.5,3565.1,0.47062928755976596,AUS
617,1967,3493.4,3855.28,0.47537789099538963,AUS
618,1968,3521.0,4302.54,0.4500520224859846,AUS
619,1969,4221.82,4463.48,0.4860879877494157,AUS
620,1970,4781.36,4993.58,0.4891446904021918,AUS
621,1971,5229.16,5143.94,0.5041077402126655,AUS
622,1972,6513.33,5056.55,0.5629557091344075,AUS
623,1973,9581.94,7575.52,0.5584707759773301,AUS
624,1974,11092.56,12316.85,0.4738504729508347,AUS
625,1975,11906.33,11018.78,0.5193575952307317,AUS
626,1976,13162.03,12299.69,0.5169340484460594,AUS
627,1977,13371.98,13498.71,0.4976418543773904,AUS
628,1978,14432.2,15552.66,0.48131623759457276,AUS
629,1979,18684.33,18296.81,0.5052394274486942,AUS
630,1980,22055.6,22400.11,0.4961252446536114,AUS
631,1981,21817.99,26175.66,0.4546015983364466,AUS
632,1982,22092.27,26519.87,0.4544599353165691,AUS
633,1983,20665.75,21383.07,0.49147039084568844,AUS
634,1984,23892.38,25784.31,0.4809575678250705,AUS
635,1985,22625.81,25865.42,0.46659591847845483,AUS
636,1986,22552.59,26237.2,0.46223994815308694,AUS
637,1987,26550.38,29717.81,0.47185416840314215,AUS
638,1988,32764.43,36670.98,0.4718691802928794,AUS
639,1989,37208.0622549037,45035.0034565878,0.4524157986209986,AUS
640,1990,38982.4715244628,43051.3903167961,0.47519976079995513,AUS
641,1991,41910.0538179157,42630.2878522555,0.4957402938046445,AUS
642,1992,42491.7760476606,44815.9309839059,0.486689863843263,AUS
643,1993,42565.0115989113,46720.8927610489,0.4767271150360813,AUS
644,1994,47484.361387601,55089.8298938081,0.4629269877188613,AUS
645,1995,53014.0003573383,63229.7773740251,0.4560588221750018,AUS
646,1996,60309.9279029743,67716.4486393446,0.4710742390107319,AUS
647,1997,63145.770394226,67974.4789808947,0.48158671673642767,AUS
648,1998,56006.1316395668,66851.5634143479,0.4558618132546695,AUS
649,1999,56244.2058129524,71931.8512125917,0.43880430649964164,AUS
650,2000,63520.815435,71574.28769,0.4701933228195979,AUS
651,2001,63411.559217,64425.658235,0.4960336315268252,AUS
652,2002,65222.183412,73731.415359,0.46938103071003046,AUS
653,2003,70905.108595,89818.867667,0.44116074181375337,AUS
654,2004,86165.317154,109948.43264,0.43936397751054673,AUS
655,2005,105066.223372,126185.636525,0.4543367712536309,AUS
656,2006,121851.779981,140757.188007,0.46400464125264773,AUS
657,2007,141487.547629,167230.882275,0.45830612598346454,AUS
658,2008,185612.982714,202489.260828,0.47825794826644225,AUS
659,2009,153641.782942,168598.589791,0.4767924690470228,AUS
660,2010,211654.517576,204749.527802,0.5082912136068849,AUS
661,2011,270810.31619,248594.314781,0.5213860255418481,AUS
662,2012,257500.877811,265748.480646,0.49211886006002836,AUS
663,2013,253552.076176,246749.562848,0.506798411995282,AUS
664,2014,240642.905906,241427.029011,0.49918671229192607,AUS
665,2015,188467.396166,212946.477639,0.4695089244911207,AUS
666,2016,191285.941672,201105.364527,0.48748771608866875,AUS
667,2017,229290.137109,227498.054745,0.5019616119636613,AUS
668,2018,254691.16019,240911.006871,0.513902434487644,AUS
669,2019,272573.787833,226955.187728,0.5456616155787236,AUS
670,2020,251922.680907,214734.615724,0.5398451555900622,AUS
671,2021,344138.637936,263283.283015,0.5665561713630702,AUS
672,2022,412540.265911,306555.205331,0.5736933166864101,AUS
673,1948,195.4,487.3,0.28621649333528637,AUT
674,1949,297.1,586.9,0.33608597285067876,AUT
675,1950,300.6,424.6,0.4145063430777717,AUT
676,1951,446.7,652.5,0.40638646288209607,AUT
677,1952,502.1,650.7,0.43554823039555857,AUT
678,1953,532.9,539.7,0.4968301323885885,AUT
679,1954,606.7,648.0,0.48354188252171837,AUT
680,1955,695.8,877.7,0.4421989196059739,AUT
681,1956,845.4,964.6,0.46707182320441987,AUT
682,1958,34.7,,,AUT
683,1959,37.7,,,AUT
684,1960,1118.9,1408.8,0.4426553784072478,AUT
685,1961,1200.0,1477.0,0.44826298094882333,AUT
686,1962,1261.3,1544.5,0.44953310998645657,AUT
687,1963,1322.3,1665.4,0.442581249790809,AUT
688,1964,1438.9,1851.3,0.4373290377484652,AUT
689,1965,1595.6,2094.2,0.4324353623502629,AUT
690,1966,1682.6,2326.4,0.4197056622599152,AUT
691,1967,1809.8,2309.4,0.439357156729462,AUT
692,1968,1989.9,2497.2,0.4434712843484656,AUT
693,1969,2411.9,2825.3,0.46053234552814476,AUT
694,1970,2848.8,3543.8,0.4456402715639959,AUT
695,1971,3163.5,4187.1,0.4303730307729981,AUT
696,1972,3874.4,5205.0,0.4267242328788246,AUT
697,1973,5278.0,7109.8,0.426064353638257,AUT
698,1974,7153.0,9020.5,0.44226667078863574,AUT
699,1975,7513.4,9389.4,0.4445062356532645,AUT
700,1976,8498.4,11517.8,0.4245760933643749,AUT
701,1977,9802.3,14206.0,0.40828796707805215,AUT
702,1978,12196.0,16007.6,0.4324270660483059,AUT
703,1979,15469.8,20244.0,0.4331602909799573,AUT
704,1980,17482.2,24433.3,0.41708198637735444,AUT
705,1981,15832.3,21029.3,0.4295065868003559,AUT
706,1982,15633.6,19490.1,0.4451011710041938,AUT
707,1983,15423.3,19402.1,0.442875027996807,AUT
708,1984,15738.1,19651.1,0.44471477173827045,AUT
709,1985,17231.0,20967.3,0.45109337326530236,AUT
710,1986,22473.1,26822.9,0.4558808016877637,AUT
711,1987,27167.5,32720.1,0.4536414883882473,AUT
712,1988,31034.458764139,36561.5946062684,0.45911643086733,AUT
713,1989,32446.519953643,38901.6093268165,0.454763429411026,AUT
714,1990,41389.7671703323,49287.2366234161,0.45645274367993466,AUT
715,1991,41114.6585553056,50826.6327621401,0.4471838274856182,AUT
716,1992,44405.4099573315,54164.4801968934,0.4504966971947893,AUT
717,1993,39657.6473666754,48029.2199345314,0.4522643878980223,AUT
718,1994,45026.3730511942,55334.1196809483,0.4486463928726167,AUT
719,1995,57532.3168891522,66263.9189703579,0.4647339758734072,AUT
720,1996,57823.7870998198,67326.3957617951,0.46203517867615573,AUT
721,1997,58688.271573284,64180.443483698,0.4776502427494788,AUT
722,1998,61425.7250570072,66976.3171699184,0.4783858885082933,AUT
723,1999,65954.494922702,71258.348634115,0.480672896305014,AUT
724,2000,67469.718743,72135.506128,0.4832893525678881,AUT
725,2001,70714.813035,74644.175524,0.4864839370170592,AUT
726,2002,78481.128656,78133.196972,0.5011107913743038,AUT
727,2003,96926.002674,99384.628445,0.4937379199562819,AUT
728,2004,118178.980656,119850.684462,0.49648845490504034,AUT
729,2005,124344.380976,126951.654852,0.49481234579087324,AUT
730,2006,136387.946113,137142.153617,0.49862134458923446,AUT
731,2007,163550.851562,163167.94575,0.5005859868106002,AUT
732,2008,181557.985454,184484.563504,0.4960024072907221,AUT
733,2009,136991.601075,143102.517492,0.48909131607571005,AUT
734,2010,152338.979765,158924.796346,0.48942084321008267,AUT
735,2011,177297.20012,191428.565546,0.480837567181567,AUT
736,2012,166533.841083,178595.799175,0.4825254677010889,AUT
737,2013,175005.716582,183272.985988,0.4884625162663908,AUT
738,2014,178069.065721,182075.236025,0.49443810399806715,AUT
739,2015,152619.602798,156045.057133,0.4944511718060537,AUT
740,2016,152008.700173,157695.557541,0.49081889056034295,AUT
741,2017,167910.268856,175754.394459,0.4885875295886762,AUT
742,2018,184648.947936,193718.080278,0.488015429905707,AUT
743,2019,178462.54727,184757.371296,0.49133469324747925,AUT
744,2020,169347.107768,172448.812466,0.49546263645295047,AUT
745,2021,202697.489546,219519.081864,0.4800794267005864,AUT
746,2022,211798.232992,233518.361755,0.47561271124946514,AUT
747,1992,1571.24905959905,997.924010201012,0.6115777399618032,AZE
748,1993,993.135859656707,635.497663833992,0.6097970140809144,AZE
749,1994,637.45352,777.86218,0.4503966994784273,AZE
750,1995,547.1378,667.64879,0.45039828765314244,AZE
751,1996,631.2453,960.6366,0.39654028354741644,AZE
752,1997,781.3103,791.4942,0.4967625029048429,AZE
753,1998,607.0509,1076.4975,0.3605782286983849,AZE
754,1999,929.2278,1035.6637,0.4729155782902007,AZE
755,2000,1742.928727,1171.327318,0.5980698676049242,AZE
756,2001,2314.512759,1430.013931,0.618105557955043,AZE
757,2002,2164.826853,1664.958057,0.5652606879690274,AZE
758,2003,2589.529002,2625.419255,0.4965589061260748,AZE
759,2004,3612.383708,3515.479864,0.5067975377910333,AZE
760,2005,4347.153357,4210.369003,0.50799205355509,AZE
761,2006,6372.087488,5265.981787,0.5475210137894629,AZE
762,2007,6058.117794,5713.306855,0.5146461005902667,AZE
763,2008,47756.040213,7164.858394,0.869542222073424,AZE
764,2009,14693.264562,6093.775807,0.7068473578332136,AZE
765,2010,21360.2102,6600.6116,0.7639335622102494,AZE
766,2011,26570.8983,9755.9687,0.7314393035876174,AZE
767,2012,23907.9837,9652.8706,0.7123770892804716,AZE
768,2013,23975.4168,10712.5025,0.6911748321554703,AZE
769,2014,21828.6089,9187.6836,0.7037787930327263,AZE
770,2015,12729.1384,9216.6769,0.5800257691952779,AZE
771,2016,13457.5921,8489.1403,0.6131934291958652,AZE
772,2017,15319.9771,8783.2922,0.6355974747375868,AZE
773,2018,19458.6325,11464.9701,0.6292485630377361,AZE
774,2019,19635.7486,13667.6418,0.5896020904826555,AZE
775,2020,13740.8175,10746.2296,0.5611463662353963,AZE
776,2021,22208.0043,11704.5024,0.6548617740486875,AZE
777,2022,38146.4342,14539.5113,0.724034348021713,AZE
778,1958,4.7,45.7,0.09325396825396824,BHS
779,1959,6.0,68.9,0.08010680907877168,BHS
780,1962,8.9,68.6,0.11483870967741935,BHS
781,1963,9.6,79.0,0.10835214446952596,BHS
782,1964,15.7,100.8,0.13476394849785406,BHS
783,1965,18.5,,,BHS
784,1966,21.9,138.2,0.136789506558401,BHS
785,1967,31.62,157.13,0.16752317880794704,BHS
786,1968,50.73,175.52,0.2242209944751381,BHS
787,1969,53.27,296.48,0.15230879199428163,BHS
788,1970,86.69,336.81,0.20469893742621015,BHS
789,1971,265.68,512.94,0.341219079910611,BHS
790,1972,343.31,484.9,0.41452047186100144,BHS
791,1973,529.73,765.11,0.40910846127706896,BHS
792,1974,1443.64,1908.41,0.43067376679942126,BHS
793,1975,2508.33,2867.42,0.4666009394038041,BHS
794,1976,2992.25,3124.44,0.48919431914973616,BHS
795,1977,3260.54,3348.63,0.4933357743861937,BHS
796,1978,3057.35,3149.42,0.492583098777625,BHS
797,1979,3784.66,3513.83,0.5185538378486508,BHS
798,1980,4827.96,,,BHS
799,1981,6130.46,2745.9124,0.6906492566715655,BHS
800,1982,4512.66,1802.56279348278,0.7145686142153213,BHS
801,1983,3968.69,3229.5816211131,0.5513392948884449,BHS
802,1984,3401.01800141355,4097.89900170744,0.4535345570564487,BHS
803,1985,2633.246,3192.737,0.45198312456455847,BHS
804,1986,2701.591,3288.136,0.45103741789901275,BHS
805,1987,2728.187,3040.925,0.47289548200832293,BHS
806,1988,2146.065,1943.535,0.5247615903755868,BHS
807,1989,2785.527,3002.203,0.4812814350358431,BHS
808,1990,990.320942896589,2312.2657791862,0.29986220688007836,BHS
809,1991,863.709254506299,2223.71409742826,0.2797508329931833,BHS
810,1992,1056.97492168283,2497.08799605479,0.29739904614734836,BHS
811,1993,869.774858685007,3272.73743754473,0.2099631326324905,BHS
812,1994,581.339515774624,2646.79651133857,0.18008519804987744,BHS
813,1995,595.908164571843,2189.62050892058,0.21393000554710104,BHS
814,1996,581.080811064266,3810.52973384228,0.1323161070687864,BHS
815,1997,181.377999,1621.558997,0.10060140726071161,BHS
816,1998,542.393947902771,2795.24294766468,0.1625083748993479,BHS
817,1999,770.691290240183,3206.89088844992,0.19375873473316568,BHS
818,2000,1109.930526,3750.884264,0.22834248453231026,BHS
819,2001,699.549159,3523.574142,0.16564734419057875,BHS
820,2002,725.728529,3543.350107,0.16999652404622512,BHS
821,2003,664.093361,3486.243794,0.1600094971079524,BHS
822,2004,739.151329,3743.053367,0.16490798148054953,BHS
823,2005,599.710927,4789.184043,0.11128643819161314,BHS
824,2006,1055.254605,5598.90454,0.15858571789539008,BHS
825,2007,1380.283373,5839.380759,0.19118387611441867,BHS
826,2008,1506.564302,6178.609735,0.19603515740134175,BHS
827,2009,1280.828305,5141.919789,0.19942060411749976,BHS
828,2010,1451.216168,5479.076698,0.20940185300388428,BHS
829,2011,1680.657932,6389.998618,0.20824302478836126,BHS
830,2012,1894.400618,6644.995794,0.2218424495831919,BHS
831,2013,3461.52818,6386.46189,0.3514959047882143,BHS
832,2014,3354.402281,7043.563433,0.32260178320107125,BHS
833,2015,1336.870591,5881.395685,0.18520660500499386,BHS
834,2016,1183.464272,5306.606994,0.18234996558510824,BHS
835,2017,789.987591,3493.057884,0.184445296135923,BHS
836,2018,1147.318782,3593.345942,0.2420164362587393,BHS
837,2019,1298.080117,6103.990653,0.1753671583715485,BHS
838,2020,901.89125,4002.558682,0.1838924369714618,BHS
839,2021,1544.732322,6436.990264,0.1935337021997572,BHS
840,2022,1765.44195,7049.187269,0.2002854466294029,BHS
841,1958,118.5,48.3,0.7104316546762589,BHR
842,1973,,509.41,,BHR
843,1974,1277.51,1131.65,0.5302719620116555,BHR
844,1975,1202.84,1197.96,0.501016327890703,BHR
845,1976,1516.41,1664.05,0.47678952101268374,BHR
846,1977,1836.3,2031.72,0.4747390137589775,BHR
847,1978,,2043.89,,BHR
848,1979,2470.06,2485.01,0.4984914441168339,BHR
849,1980,3577.26,3483.79,0.506618704017108,BHR
850,1981,4308.89,4124.01,0.5109618280781225,BHR
851,1982,3741.31,3614.13,0.5086453019805749,BHR
852,1983,3145.15,3341.98,0.48482919257052043,BHR
853,1984,3097.49,3523.58,0.46782317661646833,BHR
854,1985,2786.49878283266,3150.79787234043,0.46932113126010294,BHR
855,1986,2313.02757587871,2405.074,0.4902453960940691,BHR
856,1987,2355.28304390509,2713.587,0.4646564270743396,BHR
857,1988,2417.917,2662.383,0.47593980670432856,BHR
858,1989,2715.6914893617,3133.635,0.46427421931410195,BHR
859,1990,3837.937,3711.138,0.5083983137006852,BHR
860,1991,1892.90236594185,4236.50188953343,0.30882322115578464,BHR
861,1992,1872.59147577358,4556.04926891543,0.2912888665182624,BHR
862,1993,2294.35297063677,4315.67958180268,0.347101614467849,BHR
863,1994,3452.131567,3761.75669,0.47853965074247196,BHR
864,1995,4162.108695,3715.697871,0.5283334466427924,BHR
865,1996,4601.95228,4092.563808,0.5292936643537326,BHR
866,1997,6229.74411171164,4238.11987343237,0.5951304029697836,BHR
867,1998,6449.65700948376,3469.658415192,0.650211908116087,BHR
868,1999,6547.51548342394,3428.91816539212,0.6562982037374606,BHR
869,2000,2071.736409,2778.260621,0.42716240776749503,BHR
870,2001,2318.692796,2974.866696,0.4380214862049197,BHR
871,2002,2281.10934,3554.381311,0.3909027494730194,BHR
872,2003,2225.254645,3791.217405,0.36986038105171615,BHR
873,2004,2193.331625,4039.55792,0.3518964373048263,BHR
874,2005,2699.983445,5509.492468,0.32888621315332434,BHR
875,2006,2650.235664,4342.239544,0.37901252205626695,BHR
876,2007,3224.900649,6033.409263,0.34832498367980747,BHR
877,2008,4744.826423,11323.444881,0.2952916547916909,BHR
878,2009,3208.510153,7312.511821,0.3049618336440137,BHR
879,2010,4778.238962,10854.762484,0.3056507720865466,BHR
880,2011,7337.762569,18468.850139,0.28433652459647707,BHR
881,2012,7227.238065,11792.883489,0.37997854243366214,BHR
882,2013,10985.976907,19379.13114,0.3617960749553594,BHR
883,2014,24374.803001,20977.280779,0.5374571787977942,BHR
884,2015,14543.575849,17505.413533,0.4537920268140579,BHR
885,2016,7567.638077,15671.137471,0.3256470230700814,BHR
886,2017,12471.322503,13156.723358,0.4866279142249581,BHR
887,2018,14331.296553,14868.941324,0.4907938289190534,BHR
888,2019,8961.046141,19383.472542,0.3161474090006159,BHR
889,2020,8782.579449,12757.749771,0.4077272617005991,BHR
890,2021,13717.26903,14137.200974,0.49246203672265715,BHR
891,2022,16986.585378,15537.11134,0.5222833531281486,BHR
892,1972,262.42,,,BGD
893,1973,357.07,992.96,0.2644904187314356,BGD
894,1974,346.39,1088.94,0.2413312618004222,BGD
895,1975,327.1,1319.82,0.19861316882422947,BGD
896,1976,400.42,940.49,0.29861810263179484,BGD
897,1977,474.05,1124.85,0.29648508349490277,BGD
898,1978,513.24,1502.07,0.2546704973428406,BGD
899,1979,656.06,1927.66,0.2539207034818014,BGD
900,1980,790.17,2610.56,0.23235305360907804,BGD
901,1981,791.35,2651.37,0.22986185341822746,BGD
902,1982,768.06,2418.48,0.2410325933457606,BGD
903,1983,724.46,2291.08,0.24024221200846285,BGD
904,1984,931.44,2692.78,0.25700426574545693,BGD
905,1985,998.89,2526.17,0.28336822635643083,BGD
906,1986,888.91,2550.35,0.25845966864965136,BGD
907,1987,1076.8,2730.31,0.2828392139969688,BGD
908,1988,1291.13,3034.05,0.2985147438950518,BGD
909,1989,1304.84024790827,3617.63675859932,0.26507797724260596,BGD
910,1990,1670.50496549827,3656.09123724487,0.31361584432436945,BGD
911,1991,1687.51092962204,3421.02053481919,0.3303319048474569,BGD
912,1992,2037.46681501871,3730.84074769112,0.3532174373277611,BGD
913,1993,2277.30841488413,4014.52698235402,0.36194659763091896,BGD
914,1994,2649.70802303842,4583.95990374867,0.36630213742965057,BGD
915,1995,3129.16083593633,6496.05074955339,0.3251004726642715,BGD
916,1996,3297.16147759241,6934.92523067626,0.32223744497082246,BGD
917,1997,3627.5638969355,6996.10112402082,0.34146068139194347,BGD
918,1998,3821.91423278295,7370.22560366836,0.3414819943846202,BGD
919,1999,4520.1137791462,8352.44308152524,0.3511434307939369,BGD
920,2000,5589.577566,8870.447238,0.38655380206912127,BGD
921,2001,5735.614032,8926.734695,0.3911797583587783,BGD
922,2002,5443.255653,7810.748237,0.4106876456484879,BGD
923,2003,6229.390323,9854.843802,0.38729791388186474,BGD
924,2004,7585.600652,11583.985605,0.3957101916704138,BGD
925,2005,8494.401623,13534.490338,0.38560276377216374,BGD
926,2006,10858.944334,15866.012557,0.4063222394815873,BGD
927,2007,12264.627513,18477.579604,0.39895078015455293,BGD
928,2008,13627.575923,23841.340249,0.3637034992003238,BGD
929,2009,14377.479202,21821.112871,0.39718338141454823,BGD
930,2010,16496.6389,27631.816714,0.37383222844459457,BGD
931,2011,23099.859732,36012.37501,0.3907796724793295,BGD
932,2012,22250.716486,34046.224315,0.3952384653484539,BGD
933,2013,25912.792554,37250.712759,0.410249437956173,BGD
934,2014,28433.668595,41635.060888,0.4057968341198272,BGD
935,2015,29924.446181,39168.523006,0.43310407025654857,BGD
936,2016,30195.060277,41249.221311,0.4226378879575949,BGD
937,2017,31392.754034,47751.479122,0.39665245062293064,BGD
938,2018,33775.434148,55318.924033,0.3790973394677066,BGD
939,2019,35919.38811,55095.294596,0.39465487371997476,BGD
940,2020,29924.200945,45857.952222,0.39487134759890613,BGD
941,2021,37848.891219,67282.638571,0.3600146530218201,BGD
942,2022,47085.866948,80161.527752,0.3700340353451653,BGD
943,1958,23.2,42.8,0.3515151515151515,BRB
944,1959,27.1,42.1,0.3916184971098266,BRB
945,1961,25.0,46.0,0.352112676056338,BRB
946,1962,26.1,51.6,0.3359073359073359,BRB
947,1963,40.8,57.6,0.41463414634146334,BRB
948,1964,35.2,62.9,0.3588175331294598,BRB
949,1965,37.5,66.8,0.3595397890699904,BRB
950,1966,42.9,76.9,0.35809682804674453,BRB
951,1967,42.428,79.793,0.34714165323471413,BRB
952,1968,36.6,83.3,0.30525437864887406,BRB
953,1970,45.508,138.811,0.24689804089648923,BRB
954,1971,43.345,132.54,0.24643943485800382,BRB
955,1972,44.805,141.558,0.24041789410988232,BRB
956,1973,53.535,168.553,0.24105309607002628,BRB
957,1974,84.732,204.138,0.29332225568594866,BRB
958,1975,106.472,216.003,0.3301713311109388,BRB
959,1976,86.351,236.847,0.2671767770840166,BRB
960,1977,95.357,273.429,0.2585700107921668,BRB
961,1978,129.816,312.573,0.2934431009812631,BRB
962,1979,150.655,424.272,0.2620419635884208,BRB
963,1980,214.185,513.019,0.29453220829368376,BRB
964,1981,193.408,570.741,0.2531024708531975,BRB
965,1982,257.034,552.871,0.31736314752964856,BRB
966,1983,320.732,625.251,0.3390462619307113,BRB
967,1984,389.453,656.899,0.37220075079896636,BRB
968,1985,345.862,607.291,0.36286094677349806,BRB
969,1986,273.238,586.655,0.31775813967551775,BRB
970,1987,154.786,514.603,0.23123475288658765,BRB
971,1988,173.25,578.958,0.23032193223151043,BRB
972,1989,194.504575846467,677.774306468453,0.22298439156325323,BRB
973,1990,208.977873017451,700.289855153718,0.2298309579707321,BRB
974,1991,204.82,700.786372610525,0.2261689031732191,BRB
975,1992,163.506572179244,552.823,0.22825606889552014,BRB
976,1993,134.098,574.006,0.18937613683865648,BRB
977,1994,146.740899862296,607.91488,0.1944474603892548,BRB
978,1995,239.18008638137,764.484767913837,0.23830672694953228,BRB
979,1996,278.333196440113,828.90401034157,0.25137630377245146,BRB
980,1997,282.94366,995.500874,0.22131868256710777,BRB
981,1998,253.1365855,1021.882253,0.19853556501000671,BRB
982,1999,263.8092315,1108.162477,0.1922847460086674,BRB
983,2000,273.030256,1156.117444,0.19104411391488788,BRB
984,2001,259.3407,1068.630627,0.19529088823466745,BRB
985,2002,241.480017,1070.7728,0.1840194312190987,BRB
986,2003,193.014946,1202.094878,0.13835107650994508,BRB
987,2004,208.936751,1476.176649,0.12398972733823135,BRB
988,2005,259.956666,1599.506096,0.1398020284742868,BRB
989,2006,323.930835,1620.750283,0.16657272598663656,BRB
990,2007,358.874457,1865.68136,0.16132409636903258,BRB
991,2008,460.472738,2386.447928,0.16174414113441965,BRB
992,2009,412.741268,1873.252064,0.18055226243328343,BRB
993,2010,394.538296,1721.538168,0.18644803376065525,BRB
994,2011,448.026728,2341.146158,0.16063067666003406,BRB
995,2012,578.907172,2316.274715,0.19995537226846433,BRB
996,2013,424.441535,2352.883902,0.15282383884348516,BRB
997,2014,446.061744,2348.753796,0.15960328601865437,BRB
998,2015,564.672944,2252.461498,0.2004423131468001,BRB
999,2016,626.882443,2255.942524,0.2174542159777264,BRB
1000,2017,483.913546,1599.870776,0.23222823057596648,BRB
1001,2018,346.773507,1599.323976,0.17818917604550438,BRB
1002,2019,386.858568,1381.996348,0.21870565217119256,BRB
1003,2020,262.472372,1499.813108,0.1489386225891165,BRB
1004,2021,275.52753,1672.652505,0.14142816631420824,BRB
1005,2022,320.067164,2150.232155,0.1295661467168141,BRB
1006,1992,3445.534,3402.505,0.503141702317992,BLR
1007,1993,1940.061,2474.038,0.4395146098898099,BLR
1008,1994,2458.337,2978.314,0.45217855624721914,BLR
1009,1995,4641.168,5504.787,0.45744023110687954,BLR
1010,1996,5680.6875,6939.291,0.4501344831926615,BLR
1011,1997,7206.6039,8639.422,0.4547893551025939,BLR
1012,1998,7069.725,8530.293,0.45318697709194955,BLR
1013,1999,5916.0771,6673.7433,0.4699095707513032,BLR
1014,2000,7336.81132,8549.537803,0.46183117739606283,BLR
1015,2001,7443.073514,8147.579308,0.4774061483491611,BLR
1016,2002,7973.293195,8861.725316,0.4736135686331589,BLR
1017,2003,9931.4782,11271.025592,0.46841063194372756,BLR
1018,2004,13739.727291,16187.25691,0.45910831504835997,BLR
1019,2005,15954.343166,16188.924973,0.49635099632704466,BLR
1020,2006,19712.720415,22330.194417,0.4688714018466702,BLR
1021,2007,24275.243991,28060.62342,0.4638357056426241,BLR
1022,2008,32570.780511,38735.996698,0.4567697740080878,BLR
1023,2009,21282.227796,28112.999817,0.43085595156563006,BLR
1024,2010,25283.4623,34884.4504,0.42021504761291145,BLR
1025,2011,41418.666,45759.0512,0.475106108880768,BLR
1026,2012,46027.511,46404.3822,0.4979613573467302,BLR
1027,2013,37132.3006,43022.5503,0.46325706034093567,BLR
1028,2014,36046.4609,40502.2676,0.4708956191218774,BLR
1029,2015,26618.9821,30264.2987,0.46795792587265816,BLR
1030,2016,23537.3545,27609.8837,0.46018818079604545,BLR
1031,2017,29239.9939,34234.8492,0.46065484327286194,BLR
1032,2018,33906.9462,38441.0713,0.4686644827551771,BLR
1033,2019,32955.1224,39476.6792,0.454981398667847,BLR
1034,2020,29179.441,32767.4331,0.4710397647005727,BLR
1035,2021,39986.9711,41784.8199,0.48900691315419526,BLR
1036,2022,32223.574603,45283.767423,0.41574867310235636,BLR
1037,1997,171958.292468221,157292.098278921,0.5222720983808389,BEL
1038,1998,178468.85779472,163275.66994439,0.5222288677902819,BEL
1039,1999,174570.35733356,157842.418977678,0.525161395030466,BEL
1040,2000,186815.281293,176248.280668,0.5145525491017674,BEL
1041,2001,189257.87261,177943.911155,0.5154056460987138,BEL
1042,2002,214674.197067,197219.550866,0.5211882873782285,BEL
1043,2003,253917.671215,234285.103676,0.5201069806940193,BEL
1044,2004,305015.029567,285031.245215,0.5169340822966667,BEL
1045,2005,332018.276288,317971.041539,0.5108057427743288,BEL
1046,2006,363330.700595,351013.90274,0.5086210477390727,BEL
1047,2007,426858.979826,411505.383577,0.5091568755300371,BEL
1048,2008,467808.423553,466861.863562,0.5005063603733043,BEL
1049,2009,367890.549738,354542.107226,0.5092385375877776,BEL
1050,2010,402563.333336,390974.305547,0.5073021286081104,BEL
1051,2011,469351.336438,466446.72058,0.5015519458692059,BEL
1052,2012,440295.613854,439113.813045,0.50067192866761,BEL
1053,2013,461969.106112,451255.538172,0.5058657899822666,BEL
1054,2014,466164.215307,453294.055122,0.5069987734076257,BEL
1055,2015,392734.743994,375000.992862,0.5115493849515346,BEL
1056,2016,395350.256077,378669.268113,0.5107755602040248,BEL
1057,2017,425867.928728,408942.306533,0.5101374069699255,BEL
1058,2018,463195.812607,454954.931639,0.5044877603267466,BEL
1059,2019,443479.850156,429181.866753,0.5081921683545624,BEL
1060,2020,419990.449388,395796.109262,0.5148288420969069,BEL
1061,2021,548071.71504,525792.015246,0.5103736159280035,BEL
1062,2022,620793.97049,613433.065338,0.5029819899168964,BEL
1063,1948,1666.6,1983.9,0.4565401999726065,Belgium-Luxembourg
1064,1949,1763.5,1797.3,0.4952538755335879,Belgium-Luxembourg
1065,1950,1640.2,1942.8,0.457772816075914,Belgium-Luxembourg
1066,1951,2617.5,2520.9,0.5093998131714152,Belgium-Luxembourg
1067,1952,2435.6,2445.8,0.4989552177653952,Belgium-Luxembourg
1068,1953,2237.7,2409.9,0.48147430932093976,Belgium-Luxembourg
1069,1954,2278.5,2531.1,0.4737400199600798,Belgium-Luxembourg
1070,1955,2747.0,2824.4,0.49305381053236175,Belgium-Luxembourg
1071,1956,3130.2,3254.4,0.4902734705384832,Belgium-Luxembourg
1072,1957,3154.2,3412.6,0.4803252725832978,Belgium-Luxembourg
1073,1958,3017.7,3098.8,0.4933703915638028,Belgium-Luxembourg
1074,1959,3278.1,3415.3,0.48975109809663253,Belgium-Luxembourg
1075,1960,3764.9,3938.3,0.4887449371689687,Belgium-Luxembourg
1076,1961,3910.9,4201.5,0.482089147477935,Belgium-Luxembourg
1077,1962,4313.2,4534.9,0.48747188661972635,Belgium-Luxembourg
1078,1963,4823.7,5080.7,0.48702596825653244,Belgium-Luxembourg
1079,1964,5564.0,5881.3,0.4861384148951972,Belgium-Luxembourg
1080,1965,6366.1,6358.5,0.5002986341417412,Belgium-Luxembourg
1081,1966,6828.7,7165.0,0.4879838784595925,Belgium-Luxembourg
1082,1967,7028.4,7169.0,0.4950483891416738,Belgium-Luxembourg
1083,1968,8167.4,8394.9,0.49313199253726836,Belgium-Luxembourg
1084,1969,10086.9,10022.6,0.5015987468609363,Belgium-Luxembourg
1085,1970,11594.6,11412.7,0.5039530931486962,Belgium-Luxembourg
1086,1971,12705.7,12888.0,0.4964385766809801,Belgium-Luxembourg
1087,1972,16140.7,15483.9,0.5103843210665115,Belgium-Luxembourg
1088,1973,22417.7,22050.3,0.5041310605379149,Belgium-Luxembourg
1089,1974,28320.0,29892.0,0.4864976293547722,Belgium-Luxembourg
1090,1975,28782.5,30629.6,0.48445518673805504,Belgium-Luxembourg
1091,1976,32831.4,35389.2,0.48125346303022837,Belgium-Luxembourg
1092,1977,37497.2,40399.4,0.4813714590880731,Belgium-Luxembourg
1093,1978,44962.4,48727.4,0.47990709767765544,Belgium-Luxembourg
1094,1979,56678.3,60912.6,0.48199563061427375,Belgium-Luxembourg
1095,1980,64628.9,71841.4,0.47357483642961146,Belgium-Luxembourg
1096,1981,55592.1,62066.6,0.4724860975006523,Belgium-Luxembourg
1097,1982,52334.7,58071.9,0.4740178576280765,Belgium-Luxembourg
1098,1983,51893.1,54960.5,0.48564671662910747,Belgium-Luxembourg
1099,1984,51783.8,55359.5,0.4833134689709949,Belgium-Luxembourg
1100,1985,53648.6,56223.0,0.4882845066422988,Belgium-Luxembourg
1101,1986,68776.3,68621.2,0.5005644207500136,Belgium-Luxembourg
1102,1987,82950.2,83296.9,0.4989572750441963,Belgium-Luxembourg
1103,1988,92016.7,92150.8,0.4996359292491889,Belgium-Luxembourg
1104,1989,99630.8396458634,98176.4578829114,0.5036762591196627,Belgium-Luxembourg
1105,1990,117378.540185266,119413.961676982,0.4957020989353369,Belgium-Luxembourg
1106,1991,117742.64148236,120539.572130343,0.494131054505543,Belgium-Luxembourg
1107,1992,123046.016989517,124481.272704153,0.497100813174151,Belgium-Luxembourg
1108,1993,121292.150070592,113649.81204245,0.5162643104692913,Belgium-Luxembourg
1109,1994,145844.354345435,132370.90441251,0.5242140743701036,Belgium-Luxembourg
1110,1995,176459.969410343,158272.581425379,0.5271670441663887,Belgium-Luxembourg
1111,1996,174664.257522368,160440.836171335,0.5212223293806952,Belgium-Luxembourg
1112,1963,12.337,19.057,0.3929731795884564,BLZ
1113,1964,13.302,20.315,0.39569265550168065,BLZ
1114,1965,12.244,24.888,0.329742540127114,BLZ
1115,1966,13.978,27.102,0.3402629016553067,BLZ
1116,1967,14.3,25.887,0.3558364645283301,BLZ
1117,1968,15.117,26.523,0.36304034582132566,BLZ
1118,1969,16.846,29.607,0.3626461154284976,BLZ
1119,1970,18.798,33.369,0.36034274541376726,BLZ
1120,1971,19.012,35.27,0.3502450167643049,BLZ
1121,1972,18.365,39.989,0.3147170716660383,BLZ
1122,1973,24.349,43.844,0.35706010880882205,BLZ
1123,1974,47.796,64.579,0.4253259176863181,BLZ
1124,1975,67.157,88.52,0.4313867816055037,BLZ
1125,1976,42.393,72.889,0.3677330372477924,BLZ
1126,1977,53.323,78.641,0.4040723227546907,BLZ
1127,1978,104.123,107.51,0.4919979398297997,BLZ
1128,1979,91.794,130.299,0.4133133417082033,BLZ
1129,1981,82.2545454545455,161.948,0.33682918948056545,BLZ
1130,1982,91.942,128.0,0.4180283893026343,BLZ
1131,1983,77.058,110.877,0.4100247425971746,BLZ
1132,1984,92.506,129.965,0.41581149902683945,BLZ
1133,1985,90.073,128.107,0.41283802365019706,BLZ
1134,1986,92.618,121.944,0.43166077870265934,BLZ
1135,1987,99.377,142.347,0.4111176382982244,BLZ
1136,1988,111.8465,174.4355,0.3906864560119044,BLZ
1137,1989,124.0305,215.323,0.36549055778119277,BLZ
1138,1990,131.021,210.5655,0.38356609526430346,BLZ
1139,1991,91.365,239.6065,0.276050959070494,BLZ
1140,1992,112.1311655,279.55073,0.28628120622440156,BLZ
1141,1993,131.276,282.606,0.3171821920257465,BLZ
1142,1994,142.8205,259.199,0.3552576429750299,BLZ
1143,1995,161.680575,258.51348,0.3847759697599719,BLZ
1144,1996,167.97,255.7695,0.39639920281210506,BLZ
1145,1997,176.3405,285.98,0.3814247908107038,BLZ
1146,1998,165.724,324.556,0.3380190911315983,BLZ
1147,1999,166.3765,366.81,0.31204184652087025,BLZ
1148,2000,183.059535,442.580491,0.2925956259070931,BLZ
1149,2001,261.295413,758.561663,0.25620787377858034,BLZ
1150,2002,197.169366,557.154154,0.26138567971471977,BLZ
1151,2003,314.842954,759.27096,0.29311877436493206,BLZ
1152,2004,333.415393,690.909054,0.32549783808879457,BLZ
1153,2005,318.855854,707.291723,0.31073099147414346,BLZ
1154,2006,389.873547,916.778304,0.29837599564231587,BLZ
1155,2007,337.241281,916.487225,0.2689906781141658,BLZ
1156,2008,427.863499,1122.552969,0.2759668178395535,BLZ
1157,2009,393.191563,885.416479,0.30751532141544285,BLZ
1158,2010,446.951358,894.349248,0.3332223634289479,BLZ
1159,2011,597.991134,1053.809485,0.3620237982245241,BLZ
1160,2012,582.636142,1096.154786,0.34705699934542417,BLZ
1161,2013,573.435245,1200.170298,0.3233161100917917,BLZ
1162,2014,493.574406,1266.334837,0.28045446545791,BLZ
1163,2015,328.893727,1028.724984,0.24225780356087034,BLZ
1164,2016,246.162634,952.49379,0.20536546509177178,BLZ
1165,2017,277.584959,913.130457,0.23312451931839273,BLZ
1166,2018,240.911164,957.739423,0.20098531349570015,BLZ
1167,2019,244.908865,985.904359,0.1989813403239808,BLZ
1168,2020,211.872698,787.096523,0.21209131727593036,BLZ
1169,2021,264.005694,1060.406737,0.19933797646452325,BLZ
1170,2022,286.430398,1377.951113,0.17209419601633633,BLZ
1171,1960,0.5,1.9,0.20833333333333334,BEN
1172,1961,15.3,28.1,0.35253456221198154,BEN
1173,1962,10.2,23.8,0.3,BEN
1174,1963,12.4,33.1,0.27252747252747256,BEN
1175,1964,13.1,30.9,0.29772727272727273,BEN
1176,1965,13.7,34.1,0.28661087866108786,BEN
1177,1966,10.681,33.433,0.24212268214172372,BEN
1178,1967,15.598,44.151,0.2610587624897488,BEN
1179,1968,22.402,50.815,0.30596719341136625,BEN
1180,1969,27.16,55.814,0.32733145322631185,BEN
1181,1970,32.627,63.574,0.3391544786436732,BEN
1182,1971,42.055,77.103,0.3529347588915558,BEN
1183,1972,36.48,93.332,0.28102178535112315,BEN
1184,1973,43.98,111.615,0.2826568977152222,BEN
1185,1974,34.029,146.25,0.18875742598971595,BEN
1186,1975,31.681,196.245,0.13899686740433298,BEN
1187,1976,37.883,210.704,0.15239332708468262,BEN
1188,1977,41.181,267.446,0.13343291416499528,BEN
1189,1978,27.209,310.692,0.08052358531049035,BEN
1190,1979,45.942,319.957,0.12555923902497684,BEN
1191,1980,62.809,329.884,0.15994428217462497,BEN
1192,1981,31.281,541.065,0.05465400299818641,BEN
1193,1982,24.042,474.241,0.04824968943351469,BEN
1194,1983,70.4607807844172,316.85340857717,0.18192150641461965,BEN
1195,1984,166.995182398709,300.571266068698,0.35715818135815164,BEN
1196,1985,150.967838868586,339.163460013019,0.30801509557350965,BEN
1197,1986,103.992270773199,383.012545555394,0.21353437848350373,BEN
1198,1987,113.557331706607,346.641341494693,0.24675719057741566,BEN
1199,1988,70.4877038413168,326.533414098118,0.1775414471833451,BEN
1200,1989,77.0446340663804,207.307164809559,0.2709482914155729,BEN
1201,1990,122.139047155562,265.156466845109,0.31536396043913484,BEN
1202,1991,45.8834893524003,241.246340764548,0.15980049629016915,BEN
1203,1992,64.6988831901924,441.877857724009,0.12771783219543908,BEN
1204,1993,137.08430978038,345.206887137448,0.2842355627812469,BEN
1205,1994,153.274280037381,351.75816544902,0.303493926790706,BEN
1206,1995,173.463233593607,637.39040703546,0.2139266877546887,BEN
1207,1996,261.914894140143,559.193639869268,0.31897719155497306,BEN
1208,1997,184.785070529472,602.869662960838,0.23460161244843872,BEN
1209,1998,232.401538414818,639.520917242261,0.26653922823868625,BEN
1210,1999,207.115770313325,843.228572266507,0.1971884475567431,BEN
1211,2000,195.375291,559.893236,0.25868321532746724,BEN
1212,2001,589.023758,617.334655,0.4882659677692322,BEN
1213,2002,240.145363,714.612521,0.2515248808356528,BEN
1214,2003,271.392706,885.957391,0.23449490927895086,BEN
1215,2004,281.022754,896.663619,0.23862274408774195,BEN
1216,2005,295.441002,887.751558,0.24969815733121245,BEN
1217,2006,224.77271,1017.118256,0.18099230621184823,BEN
1218,2007,274.549906,1664.068007,0.14162146349671123,BEN
1219,2008,377.419543,1742.979491,0.17799458354214662,BEN
1220,2009,425.553197,1580.772713,0.21210571765979935,BEN
1221,2010,533.758488,2118.14844,0.2012734618867439,BEN
1222,2011,361.130245,1905.666368,0.15931303361268964,BEN
1223,2012,461.932972,2356.644868,0.1638886694716936,BEN
1224,2013,594.671938,3024.054836,0.1643318147898391,BEN
1225,2014,970.403893,3882.813203,0.19995064589214492,BEN
1226,2015,624.940498,2545.507449,0.19711425907223704,BEN
1227,2016,409.800949,2557.840824,0.13808976296547099,BEN
1228,2017,733.604029,3228.681571,0.18514668124882264,BEN
1229,2018,957.894044,3348.840308,0.22241772203924412,BEN
1230,2019,853.494347,2941.206957,0.22491739892684845,BEN
1231,2020,841.439599,2669.643271,0.23965244631209745,BEN
1232,2021,1025.778424,3188.516477,0.2434045191656131,BEN
1233,2022,908.460982,3647.332124,0.19940786617450926,BEN
1234,1958,21.9,46.2,0.32158590308370044,BMU
1235,1959,24.1,52.6,0.31421121251629724,BMU
1236,1961,26.2,71.1,0.2692702980472765,BMU
1237,1962,25.9,67.9,0.2761194029850746,BMU
1238,1963,38.5,83.3,0.3160919540229885,BMU
1239,1964,36.8,86.9,0.2974939369442199,BMU
1240,1965,54.7,101.9,0.34929757343550444,BMU
1241,1966,53.5,107.1,0.3331257783312578,BMU
1242,1967,60.2,114.4,0.3447880870561283,BMU
1243,1968,,72.7,,BMU
1244,1971,91.58,119.318,0.43423835218921,BMU
1245,1972,35.76,120.355,0.22906190948979915,BMU
1246,1973,29.76,135.231,0.18037347491681366,BMU
1247,1974,33.557,170.079,0.16478913355202418,BMU
1248,1975,36.153,178.592,0.16835316305385456,BMU
1249,1976,47.048,181.95,0.20545157599629693,BMU
1250,1977,39.126,204.077,0.1608779496963442,BMU
1251,1978,41.177,232.659,0.15037102499306154,BMU
1252,1979,31.287,257.403,0.10837576639301673,BMU
1253,1980,36.487,342.6,0.09624967355778488,BMU
1254,1981,29.386,354.95,0.07645913991923733,BMU
1255,1982,17.272,386.516,0.042774921493456956,BMU
1256,1983,22.76,415.419,0.051942242782059396,BMU
1257,1984,40.543,455.398,0.0817496436068,BMU
1258,1985,25.811,487.6465,0.0502690096064426,BMU
1259,1986,72.3977414765456,491.594377062607,0.12836658367508677,BMU
1260,1987,415.156370396626,671.797435901223,0.3819448149417162,BMU
1261,1988,30.815237,537.1806,0.05425257544625278,BMU
1262,1989,50.398454,588.0116,0.0789437034774518,BMU
1263,1990,59.810058,594.6622,0.09138669709663996,BMU
1264,1991,54.530548,510.1172131,0.096574451820668,BMU
1265,1992,84.983,562.2408,0.13130388592014078,BMU
1266,1993,318.02343576335,588.8224342,0.35069182790257714,BMU
1267,1994,65.535077,910.975857065325,0.06711146256926186,BMU
1268,1995,62.929244,692.8283813,0.08326643608130326,BMU
1269,1996,310.879386915192,638.6477878,0.3274044126314125,BMU
1270,1997,311.283471119902,1310.19773548058,0.19197476347723058,BMU
1271,1998,179.289278303127,1361.67511433862,0.11634874832880664,BMU
1272,1999,789.592720113105,3224.31429662835,0.19671425292609476,BMU
1273,2000,693.028266,2721.625475,0.2029571132436529,BMU
1274,2001,1198.37444,2403.699168,0.3326901586182133,BMU
1275,2002,781.506071,3071.498395,0.20283030499866542,BMU
1276,2003,1188.331999,3238.712087,0.268425607677583,BMU
1277,2004,1249.387357,1456.465397,0.46173516099612566,BMU
1278,2005,1298.588878,977.798557,0.5704603961671402,BMU
1279,2006,40.781378,1119.866633,0.03513673190622475,BMU
1280,2007,52.351323,1487.34112,0.03400115603477051,BMU
1281,2008,1086.828463,1949.546077,0.35793623239905054,BMU
1282,2009,30.754809,1434.458578,0.020989986354799803,BMU
1283,2010,128.470769,1424.946035,0.08270205953044396,BMU
1284,2011,31.272539,1398.277981,0.021875784424883422,BMU
1285,2012,18.874541,1220.343091,0.015231013917658656,BMU
1286,2013,33.558414,1006.386297,0.03226942129234022,BMU
1287,2014,38.452168,1271.521068,0.02935339970564101,BMU
1288,2015,321.597105,1215.048372,0.20928516682185894,BMU
1289,2016,17.841581,1427.520499,0.012344021783109187,BMU
1290,2017,82.340438,1175.595776,0.06545676726975921,BMU
1291,2018,160.305834,1030.224108,0.1346508209030832,BMU
1292,2019,77.331887,955.743661,0.07485598429825578,BMU
1293,2020,58.812781,1320.185507,0.04264891516674602,BMU
1294,2021,73.435926,1270.260185,0.05465218318251126,BMU
1295,2022,96.538502,1235.63433,0.07246694999406803,BMU
1296,2000,7.80418,117.31811,0.06237241981424732,BTN
1297,2001,10.885555,126.625119,0.07916152748985872,BTN
1298,2002,9.193802,138.317843,0.062325940436770255,BTN
1299,2003,11.434636,180.976529,0.05942813141846524,BTN
1300,2004,41.151737,1090.352654,0.03636904755060734,BTN
1301,2005,258.767357,389.001708,0.39947470631373855,BTN
1302,2006,414.304483,421.557668,0.4956612552731796,BTN
1303,2007,675.923704,501.115587,0.5742575538202658,BTN
1304,2008,522.493994,545.305556,0.4893184249796696,BTN
1305,2009,496.467817,532.084924,0.4826858139693588,BTN
1306,2010,413.972748,857.705883,0.3255325189151504,BTN
1307,2011,453.329763,1054.552071,0.3006401116972406,BTN
1308,2012,532.0322,989.050122,0.349772127586399,BTN
1309,2013,417.415731,1235.187947,0.25258066199220935,BTN
1310,2014,405.302988,1251.031635,0.24469873561291847,BTN
1311,2015,603.036611,1739.599424,0.2574179693261655,BTN
1312,2016,499.123446,1712.595496,0.22567218488830937,BTN
1313,2017,432.978731,1729.515807,0.20022188421360998,BTN
1314,2018,568.851435,2608.362058,0.1790409855218376,BTN
1315,2019,538.749759,2673.182491,0.1677338489938572,BTN
1316,2020,397.99932,2468.576566,0.13884136887628867,BTN
1317,2021,854.956227,3506.66349,0.19601805807775793,BTN
1318,2022,760.968125,4142.040243,0.15520432923723695,BTN
1319,1948,112.6,74.91,0.6005013065969815,BOL
1320,1949,102.5,84.81,0.547221184133255,BOL
1321,1950,93.5,59.9,0.6095176010430248,BOL
1322,1951,150.2,97.79,0.6056695834509456,BOL
1323,1952,141.8,100.65,0.5848628583213034,BOL
1324,1953,124.2,73.7,0.627589691763517,BOL
1325,1954,99.3,65.2,0.6036474164133738,BOL
1326,1955,102.3,82.3,0.5541711809317443,BOL
1327,1956,107.5,84.1,0.5610647181628393,BOL
1328,1957,97.7,92.2,0.5144813059505002,BOL
1329,1958,64.8,69.8,0.4814264487369985,BOL
1330,1959,77.3,58.4,0.56963890935888,BOL
1331,1960,67.9,71.1,0.4884892086330936,BOL
1332,1961,76.2,77.6,0.4954486345903771,BOL
1333,1962,76.0,97.9,0.4370327774583094,BOL
1334,1963,86.3,103.8,0.45397159389794844,BOL
1335,1964,113.9,102.9,0.5253690036900369,BOL
1336,1965,131.9,134.1,0.49586466165413534,BOL
1337,1966,150.4,138.5,0.520595361716857,BOL
1338,1967,170.9,151.2,0.5305805650419124,BOL
1339,1968,170.647,152.849,0.5275088409130252,BOL
1340,1969,198.191,165.005,0.5456860758378396,BOL
1341,1970,228.322,158.529,0.5902065653184301,BOL
1342,1971,212.253,171.283,0.55341089232823,BOL
1343,1972,240.357,185.381,0.5645655309133787,BOL
1344,1973,326.487,227.361,0.5894884517051611,BOL
1345,1974,620.068,388.789,0.6146242728156716,BOL
1346,1975,492.469,553.816,0.4706834179979642,BOL
1347,1976,593.658,584.35,0.5039507371766575,BOL
1348,1977,662.757,579.286,0.533602298793198,BOL
1349,1978,649.069,764.247,0.4592525663050585,BOL
1350,1979,812.376,848.466,0.4891350290996976,BOL
1351,1980,990.693,802.081,0.5526033956315743,BOL
1352,1981,963.657,905.185,0.5156439121124204,BOL
1353,1982,898.536,488.806,0.6476672658940622,BOL
1354,1983,786.72,530.738,0.5971499660710247,BOL
1355,1984,781.506,409.044,0.6564243416908152,BOL
1356,1985,672.505,683.314,0.496013848456173,BOL
1357,1986,640.34,666.569,0.48996525389296425,BOL
1358,1987,569.793,757.494,0.4292914795368296,BOL
1359,1988,600.301628,590.592713,0.5040763125097426,BOL
1360,1989,826.890211,619.951005,0.5715141384249867,BOL
1361,1990,922.94366,700.289854,0.5685834182450228,BOL
1362,1991,652.013506,993.784545,0.3961685977230508,BOL
1363,1992,797.871443,1131.941713,0.41344491849862797,BOL
1364,1993,803.851799,1177.65159,0.40567773109168276,BOL
1365,1994,1122.709,1200.52373,0.4832529197365432,BOL
1366,1995,1138.8428,1449.057781,0.4400643550069978,BOL
1367,1996,1215.672768,1657.101409,0.42317032008047034,BOL
1368,1997,1272.1,1934.28045,0.39674019344772393,BOL
1369,1998,1324.876,2461.5982,0.34989700973005444,BOL
1370,1999,1405.356,2107.01465,0.4001160868372477,BOL
1371,2000,1474.889788,2020.057977,0.4220062464939301,BOL
1372,2001,1352.883249,1706.964123,0.44214076211118936,BOL
1373,2002,1374.526919,1831.721511,0.42870256282667407,BOL
1374,2003,1676.28118,1687.647851,0.49831050671770255,BOL
1375,2004,2272.512256,1883.95325,0.546741516973869,BOL
1376,2005,3365.978548,2343.28906,0.5895639824771023,BOL
1377,2006,4088.314758,2925.549215,0.5828905113840308,BOL
1378,2007,4795.410536,3587.839049,0.5720228757808121,BOL
1379,2008,6932.929441,5099.361019,0.5761936568974749,BOL
1380,2009,5399.575394,4577.379815,0.5412047343992442,BOL
1381,2010,6966.051777,5603.866336,0.5541843402938006,BOL
1382,2011,9145.7635,7935.681034,0.5354209640639986,BOL
1383,2012,11814.578131,8590.036222,0.5790150172214823,BOL
1384,2013,12251.725324,9698.959479,0.5581477495556566,BOL
1385,2014,12899.069895,10673.961421,0.5471960615538174,BOL
1386,2015,8737.099406,9843.070745,0.470237857618853,BOL
1387,2016,7126.324174,8563.810791,0.454191387766689,BOL
1388,2017,8223.138291,9373.688708,0.46730801476125833,BOL
1389,2018,9014.703217,10000.674019,0.4740743822811636,BOL
1390,2019,8804.872212,9823.098066,0.47266943636896,BOL
1391,2020,6974.746128,6954.381407,0.5007310120805782,BOL
1392,2021,10985.584941,9617.76199,0.5331941930498185,BOL
1393,2022,13603.746248,11869.027869,0.5340504408948981,BOL
1394,1993,85.2338751487199,424.15658395272,0.16732522886092463,BIH
1395,1994,36.429465350776,775.132723457938,0.044888076173497604,BIH
1396,1995,51.579534168515,949.602122772275,0.051518656790138756,BIH
1397,1996,181.100130978994,1941.38866802359,0.08532442247238145,BIH
1398,1997,380.657705102796,2400.35689495808,0.1368772767659916,BIH
1399,1998,511.135084038245,2548.23738702962,0.16707187139584698,BIH
1400,1999,599.231789558647,2627.23060322201,0.18572408929961587,BIH
1401,2000,479.381627,2392.121453,0.16694449340447856,BIH
1402,2001,533.401353,2473.489269,0.17739300162678148,BIH
1403,2002,562.080673,2621.484738,0.1765569732155882,BIH
1404,2003,971.915215,3108.083932,0.23821456328358395,BIH
1405,2004,1686.12005,4994.464624,0.2523910903430606,BIH
1406,2005,2280.448553,6729.457381,0.253104590625574,BIH
1407,2006,3646.596097,7704.673306,0.3212500705900126,BIH
1408,2007,4380.874762,9926.135718,0.30620476361040594,BIH
1409,2008,5277.115161,12582.627837,0.2954754254633423,BIH
1410,2009,3962.889963,8579.880574,0.31595012850708265,BIH
1411,2010,4781.680982,9537.251814,0.33394115679736724,BIH
1412,2011,5794.16267,11494.953638,0.3351335352703325,BIH
1413,2012,5066.700997,10271.511053,0.33033191746752516,BIH
1414,2013,5688.104156,10303.305701,0.35569747801255425,BIH
1415,2014,5891.923483,10987.881271,0.3490516370815126,BIH
1416,2015,5095.913595,8982.80294,0.36195867587300634,BIH
1417,2016,5327.745639,9145.026916,0.3681219765427316,BIH
1418,2017,6400.958433,10531.839843,0.3780213009489702,BIH
1419,2018,7182.125338,11629.946589,0.381782791702591,BIH
1420,2019,6578.260731,11159.402401,0.3708640017597556,BIH
1421,2020,6152.491088,9867.976471,0.38403942115557327,BIH
1422,2021,8614.079101,13030.042502,0.39798700353845906,BIH
1423,2022,9678.192327,15382.48051,0.38619044228975985,BIH
1424,2000,2797.005144,2115.997229,0.5693066951018141,BWA
1425,2001,2540.521564,1844.429932,0.5793727858375382,BWA
1426,2002,2765.171639,3421.412231,0.4469626044203293,BWA
1427,2003,3819.37573,3999.744719,0.48846615868265164,BWA
1428,2004,3570.715871,3283.447166,0.5209557828905784,BWA
1429,2005,4533.832467,3205.359743,0.585827608873924,BWA
1430,2006,4595.855679,3082.622786,0.5985372883376316,BWA
1431,2007,5130.224311,4039.919662,0.5594486112873596,BWA
1432,2008,5008.922312,5283.817688,0.48664615175356607,BWA
1433,2009,3506.770285,4836.791481,0.4202965571957629,BWA
1434,2010,4744.055675,5227.72936,0.47574788850229155,BWA
1435,2011,5988.637125,8532.940932,0.4123957535120111,BWA
1436,2012,6801.27026,10541.142525,0.39217554929165527,BWA
1437,2013,8046.668252,9744.892336,0.45227444844986187,BWA
1438,2014,8774.614893,9332.762387,0.4845878426961234,BWA
1439,2015,6496.427332,8189.8253,0.442347513336716,BWA
1440,2016,7494.680193,6208.698174,0.5469220795251796,BWA
1441,2017,5911.828384,5372.565753,0.5238941774123181,BWA
1442,2018,6374.895598,6275.831536,0.5039153505150608,BWA
1443,2019,5051.675882,6422.252932,0.44027429173485544,BWA
1444,2020,3733.633153,6255.37035,0.3737743361366003,BWA
1445,2021,6990.749876,7543.634517,0.48098011494500315,BWA
1446,2022,8137.012298,7902.911682,0.5072974353336056,BWA
1447,1948,1156.3,1246.63,0.48120419654338653,BRA
1448,1949,1081.2,1223.97,0.4690326526893895,BRA
1449,1950,1341.4,1203.29,0.5271369007619789,BRA
1450,1951,1753.5,2197.25,0.44383977725748275,BRA
1451,1952,1406.3,2201.76,0.3897662455724128,BRA
1452,1953,1536.1,1447.82,0.5147926217861069,BRA
1453,1954,1560.6,1796.19,0.4649084393125575,BRA
1454,1955,1422.2,1437.81,0.497270988562977,BRA
1455,1956,1478.8,1355.2,0.5218066337332392,BRA
1456,1957,1390.8,1631.41,0.4601930375453724,BRA
1457,1958,1242.2,1145.32,0.5202888352767726,BRA
1458,1959,1281.6,1499.08,0.46089445747083446,BRA
1459,1960,1269.9,1586.75,0.44454168344039346,BRA
1460,1961,1402.5,1593.35,0.4681476041857904,BRA
1461,1962,1213.5,1610.62,0.42969137288783765,BRA
1462,1963,1406.9,1623.05,0.46433109457251776,BRA
1463,1964,1430.9,1386.77,0.5078309383284771,BRA
1464,1965,1595.3,1205.71,0.569544557141888,BRA
1465,1966,1741.0,1646.7,0.5139179974614045,BRA
1466,1967,1654.6,1837.22,0.4738503130172804,BRA
1467,1968,1881.6,2347.51,0.4449163062677489,BRA
1468,1969,2310.42,2489.157,0.4813799216055915,BRA
1469,1970,2738.37,3134.23,0.466296018799169,BRA
1470,1971,2902.4,4068.9,0.4163355471719765,BRA
1471,1972,4003.54,5261.476,0.43211366283663194,BRA
1472,1973,6198.8,7700.088,0.4459925139334888,BRA
1473,1974,7949.29,15585.372,0.3377694568122542,BRA
1474,1975,8663.0,14951.431,0.3668519474384117,BRA
1475,1976,10097.38,15136.649,0.4001493380228738,BRA
1476,1977,12137.8,14579.378,0.4543069631081546,BRA
1477,1978,12649.11,16559.576,0.4330598781472059,BRA
1478,1979,15239.64,21784.521,0.4116133786259194,BRA
1479,1980,20127.74,27456.451,0.4229921656123144,BRA
1480,1981,23326.41,26482.302,0.4683198794620507,BRA
1481,1982,20165.53,23176.175,0.4652684983204975,BRA
1482,1983,21851.34,18483.102,0.5417538688151432,BRA
1483,1984,27005.51,16730.901,0.6174605867866021,BRA
1484,1985,25638.42,15767.906,0.6191908936813181,BRA
1485,1986,22401.11,17112.48,0.5669216591051333,BRA
1486,1987,26213.14,18240.882,0.5896685793694888,BRA
1487,1988,33764.35,17652.932,0.6566731784850082,BRA
1488,1989,32639.60846,22031.6367458,0.5970160060765785,BRA
1489,1990,31388.884,24977.2904018,0.5568744789427758,BRA
1490,1991,31592.327,25531.2884277,0.5530519516921273,BRA
1491,1992,37017.805,22609.5034,0.6208196545058203,BRA
1492,1993,38766.755,30984.228,0.555787937784332,BRA
1493,1994,43661.329,36386.5568,0.5454401270395577,BRA
1494,1995,46557.103,54354.29406,0.46136615245072893,BRA
1495,1996,47716.5055,58898.105654037,0.44756065780757853,BRA
1496,1997,53906.017,68135.5021530274,0.441702277832247,BRA
1497,1998,51156.522,63313.9122,0.44689724781353196,BRA
1498,1999,48313.2787168,54781.9260791,0.46862779711672264,BRA
1499,2000,59642.914788,59950.338805,0.49871471003687956,BRA
1500,2001,59002.912371,59218.850687,0.4990867234999107,BRA
1501,2002,60354.353291,50066.248661,0.546585983268196,BRA
1502,2003,73666.678762,51363.411757,0.5891915974483387,BRA
1503,2004,97672.031669,66638.554198,0.5944354172533954,BRA
1504,2005,118469.102366,77984.106654,0.603039792309726,BRA
1505,2006,138350.244366,97487.741952,0.5866325714783319,BRA
1506,2007,157093.518058,129503.184743,0.5481344220735113,BRA
1507,2008,197942.442909,183526.719087,0.5188950054921493,BRA
1508,2009,150581.547344,133593.63702,0.52988985537569,BRA
1509,2010,201702.029476,192487.7298,0.5116876446675375,BRA
1510,2011,254965.14576,239188.42201,0.515963381405093,BRA
1511,2012,240803.250713,235825.530481,0.5052217998874621,BRA
1512,2013,240776.284008,253195.763595,0.48742896521446355,BRA
1513,2014,224231.817969,242088.555457,0.48085357352413244,BRA
1514,2015,190601.362558,181626.50789,0.5120555919915375,BRA
1515,2016,184419.093532,145087.903605,0.5596818736305124,BRA
1516,2017,217726.153906,159749.481042,0.576795251794181,BRA
1517,2018,242358.656506,189966.323051,0.5605936921672743,BRA
1518,2019,222199.851539,187973.597556,0.5417216839102046,BRA
1519,2020,211260.755248,168469.406495,0.5563444164621837,BRA
1520,2021,281645.257207,232718.293147,0.5475606835149255,BRA
1521,2022,334463.079195,289063.837876,0.5364051976555091,BRA
1522,1960,3.3,1.3,0.717391304347826,BRN
1523,1961,0.1,0.9,0.1,BRN
1524,1962,1.5,14.9,0.09146341463414635,BRN
1525,1963,1.1,20.3,0.0514018691588785,BRN
1526,1964,0.1,3.6,0.02702702702702703,BRN
1527,1965,0.1,27.5,0.0036231884057971015,BRN
1528,1966,,5.4,,BRN
1529,1967,81.1,42.77,0.6547186566561717,BRN
1530,1968,91.93,67.47,0.5767252195734003,BRN
1531,1969,88.25,72.55,0.548818407960199,BRN
1532,1971,106.03,149.18,0.41546177657615296,BRN
1533,1972,176.39,106.51,0.6235065394132202,BRN
1534,1973,348.73,132.29,0.7249802503014429,BRN
1535,1974,992.22,187.28,0.8412208562950403,BRN
1536,1975,1048.51,272.96,0.793442151543357,BRN
1537,1976,1332.79,259.99,0.8367696731500898,BRN
1538,1977,1639.74,281.58,0.8534445069015052,BRN
1539,1978,1844.75,281.15,0.8677501293569782,BRN
1540,1979,2653.2,396.34,0.8700328574145608,BRN
1541,1980,4588.58,573.12,0.8889668132591976,BRN
1542,1981,4001.21,588.96,0.8716910266940004,BRN
1543,1982,3785.5,731.5,0.8380562320123977,BRN
1544,1983,3367.24,723.96,0.8230445834962847,BRN
1545,1984,3182.96,621.66,0.8366039183939527,BRN
1546,1985,2934.35,605.65,0.828912429378531,BRN
1547,1986,1797.53,653.27,0.7334462216419128,BRN
1548,1987,1900.90087239882,640.741420357028,0.7479025973941101,BRN
1549,1988,1706.72444405816,743.641217298452,0.696518267038257,BRN
1550,1989,1882.40319149845,858.526751010158,0.6867753758695487,BRN
1551,1990,2211.97063650029,1000.16088329526,0.6886301581577458,BRN
1552,1991,2465.79696326154,1110.90885450527,0.6894044656994215,BRN
1553,1992,3913.409,2416.0288,0.6182869827712029,BRN
1554,1993,3632.07,3054.79,0.543165252450328,BRN
1555,1994,3290.36,2760.29,0.543802731937891,BRN
1556,1995,3388.26,2959.59,0.5337649755429004,BRN
1557,1996,3669.64,3516.47,0.5106573653896197,BRN
1558,1997,3972.56,3153.97,0.5574325793899696,BRN
1559,1998,1979.92691933433,2333.96671757658,0.4589651683559159,BRN
1560,1999,2551.77316037578,1327.85058182412,0.6577372781332717,BRN
1561,2000,2890.656863,1247.706629,0.6985024076758891,BRN
1562,2001,3772.519417,1199.584549,0.7587370342207362,BRN
1563,2002,3846.823061,1772.756671,0.6845392795291689,BRN
1564,2003,4422.217712,1506.15671,0.7459410282166553,BRN
1565,2004,5637.922027,1595.960054,0.7793770984749896,BRN
1566,2005,6985.755519,1359.980128,0.8370449070611451,BRN
1567,2006,8137.13811,1823.567511,0.8169238625870641,BRN
1568,2007,8080.919535,2362.921432,0.7737497689340294,BRN
1569,2008,10636.027715,2913.900026,0.7849508807945162,BRN
1570,2009,7215.26252,2688.073166,0.728568913421764,BRN
1571,2010,8886.808237,2526.904063,0.7786080464810735,BRN
1572,2011,12463.488979,3587.735027,0.776482153282585,BRN
1573,2012,12980.988089,3546.171835,0.7854336830219445,BRN
1574,2013,11436.175412,3593.590251,0.7609017777405117,BRN
1575,2014,10614.886227,3574.472158,0.7480878232113242,BRN
1576,2015,6353.266391,3230.25777,0.6629363357640936,BRN
1577,2016,4909.905535,2664.463575,0.6482263359093151,BRN
1578,2017,5585.2742,3081.509475,0.6444460147437567,BRN
1579,2018,6569.775771,4157.361176,0.6124444764208341,BRN
1580,2019,7251.946083,5043.885566,0.5897889862203659,BRN
1581,2020,6607.140774,5342.373418,0.5529212876640098,BRN
1582,2021,11012.507376,8498.327335,0.5644303557034014,BRN
1583,2022,18453.030623,11816.093568,0.6096321289826644,BRN
1584,1948,123.6,135.63,0.4767966670524244,BGR
1585,1955,229.1,214.39,0.5165843649236735,BGR
1586,1956,339.3,273.13,0.5540225005306728,BGR
1587,1981,2003.26636363636,3386.878,0.37165356407725114,BGR
1588,1982,1839.73101912638,2968.20542296965,0.3826446213012636,BGR
1589,1983,1701.41801746008,3082.81212202059,0.3556304709130839,BGR
1590,1984,1880.18230657338,3263.65007567041,0.36552169022141157,BGR
1591,1985,2560.64411309818,4240.95300581347,0.37647688746197283,BGR
1592,1986,2451.87831809309,4452.49303838314,0.3551197048219681,BGR
1593,1987,2726.16318549601,5039.39879394048,0.3510580680078269,BGR
1594,1988,2948.69435741836,5855.87957022179,0.33490483260769044,BGR
1595,1989,2786.68435569515,5144.66076875426,0.3513507875360045,BGR
1596,1990,2031.60860918443,3461.70161403747,0.3698332201586213,BGR
1597,1991,2051.4291854322,2715.05140107594,0.430386560524114,BGR
1598,1992,2443.73731930394,4348.327,0.35979301791334883,BGR
1599,1993,2319.32976481187,4484.82674743735,0.3408695494638438,BGR
1600,1994,3399.71085315957,4724.05342546438,0.4184895987326004,BGR
1601,1995,5220.422,5469.271,0.4883603298990906,BGR
1602,1996,4780.667,4891.372,0.49427705988365017,BGR
1603,1997,4313.587,3879.562,0.5264870686472319,BGR
1604,1998,4150.0,5044.322,0.45136552755059045,BGR
1605,1999,3755.121203,5219.9964678,0.41839242010353345,BGR
1606,2000,4821.382811,6429.97836,0.4285155136097622,BGR
1607,2001,5111.665526,7216.902363,0.4146195707419363,BGR
1608,2002,5747.638395,7904.303552,0.4210125136272673,BGR
1609,2003,7536.07927,10814.00694,0.41068358937154004,BGR
1610,2004,9929.381432,14432.512105,0.40757839356450676,BGR
1611,2005,11439.340614,15488.249474,0.42481858111386744,BGR
1612,2006,14586.153664,19334.398484,0.43000932297206185,BGR
1613,2007,18533.522665,30085.529418,0.3811987661413164,BGR
1614,2008,22178.2315,36863.864372,0.375634217797437,BGR
1615,2009,16107.895463,23362.680242,0.4080988223579295,BGR
1616,2010,20103.656724,25334.975275,0.4424353427815,BGR
1617,2011,27677.619794,32421.301496,0.46053438564138327,BGR
1618,2012,26272.075828,32559.961754,0.44656069903038836,BGR
1619,2013,29200.316231,34157.459357,0.46087975722005237,BGR
1620,2014,28683.152817,34485.584219,0.45407196918712195,BGR
1621,2015,24642.072397,28937.27569,0.45991736138683864,BGR
1622,2016,25403.450217,28611.928172,0.4703003288073476,BGR
1623,2017,29887.368024,33769.112203,0.46951021981456065,BGR
1624,2018,32361.512191,37550.264974,0.4628907103108398,BGR
1625,2019,32452.018457,37370.413393,0.46477926358561805,BGR
1626,2020,31200.613994,34822.677888,0.4725698023322321,BGR
1627,2021,40382.69724,46010.506991,0.4674290946776771,BGR
1628,2022,47954.644329,57731.605977,0.45374534710195435,BGR
1629,1960,0.1,,,BFA
1630,1961,3.7,0.3,0.925,BFA
1631,1962,7.7,34.7,0.18160377358490565,BFA
1632,1963,9.2,36.6,0.20087336244541484,BFA
1633,1964,,0.9,,BFA
1634,1965,14.6,0.8,0.948051948051948,BFA
1635,1966,15.9,37.4,0.2983114446529081,BFA
1636,1967,17.4,35.7,0.327683615819209,BFA
1637,1968,20.9,37.7,0.35665529010238906,BFA
1638,1969,21.587,51.781,0.2942290917021045,BFA
1639,1970,18.839,47.125,0.2855951731247347,BFA
1640,1971,15.882,50.595,0.23890969809106907,BFA
1641,1972,20.465,59.175,0.25696885986941237,BFA
1642,1973,25.145,77.4,0.2452094202545224,BFA
1643,1974,36.352,153.269,0.19170872424467753,BFA
1644,1975,43.714,146.853,0.22938913872811137,BFA
1645,1976,53.057,143.918,0.26935905571773067,BFA
1646,1977,54.708,205.172,0.21051254425119287,BFA
1647,1978,42.135,225.196,0.15761359513112955,BFA
1648,1979,76.337,299.355,0.20319037935330006,BFA
1649,1980,90.231,357.115,0.2017029324057888,BFA
1650,1981,73.304,335.319,0.17939274098619018,BFA
1651,1982,55.111,346.907,0.13708590162629533,BFA
1652,1983,56.972,287.35,0.1654613995039527,BFA
1653,1984,79.94013366368,257.73738699647,0.23673513566256738,BFA
1654,1985,69.3516300369857,324.78207279124,0.17595965414612372,BFA
1655,1986,82.773955008296,403.266392421892,0.1703026414287245,BFA
1656,1987,155.033308608941,434.464601371164,0.262992125984252,BFA
1657,1988,140.834012979255,453.098276100852,0.237121327748288,BFA
1658,1989,94.885040431443,393.126066949924,0.1944321327860536,BFA
1659,1990,151.625032711847,535.7856122969,0.22057417034895882,BFA
1660,1991,105.959170169588,533.490520867138,0.1657036849885699,BFA
1661,1992,75.6818873975699,499.703233104762,0.13153257653151837,BFA
1662,1993,62.5246113749306,430.502978797443,0.12681767231945495,BFA
1663,1994,106.664686615472,348.87547561304,0.23414990698880667,BFA
1664,1995,164.313369825498,480.846942767003,0.25468610920164014,BFA
1665,1996,188.702610534897,603.065519942756,0.2383306466516373,BFA
1666,1997,194.122539860457,529.87120559882,0.2681273713729561,BFA
1667,1998,241.875307251111,778.150250375671,0.23712671260302964,BFA
1668,1999,179.30190491298,601.892567062128,0.229522751818312,BFA
1669,2000,147.076622,475.429326,0.2362654083427328,BFA
1670,2001,164.504973,533.200886,0.23577983598386268,BFA
1671,2002,160.289307,531.860372,0.23158185557722408,BFA
1672,2003,310.36167,715.057973,0.3026679585462164,BFA
1673,2004,387.75358,932.986028,0.2935882119770576,BFA
1674,2005,280.066249,1051.303281,0.21035951528799074,BFA
1675,2006,366.199693,1234.436807,0.2287837950715231,BFA
1676,2007,415.731213,1529.41498,0.2137274897362946,BFA
1677,2008,462.54084,1965.936293,0.19046538825284465,BFA
1678,2009,1024.400024,2366.216445,0.3021279561890785,BFA
1679,2010,1361.86829,2376.443708,0.36430032879240704,BFA
1680,2011,2435.591681,2912.129173,0.4554448048981878,BFA
1681,2012,2300.369836,3801.656341,0.37698458991714023,BFA
1682,2013,2505.713475,4625.552484,0.3513700778243545,BFA
1683,2014,2609.982861,3735.90102,0.41128752273807956,BFA
1684,2015,2218.711873,3273.301608,0.4039887885701277,BFA
1685,2016,2522.153257,3609.580801,0.41132789405786063,BFA
1686,2017,2912.707879,4219.391155,0.40839419995636583,BFA
1687,2018,3254.98407,4315.725761,0.4299443701661533,BFA
1688,2019,3239.480569,4187.891131,0.4361543625183051,BFA
1689,2020,4380.865823,4130.510652,0.5147070906647916,BFA
1690,2021,5040.406639,4609.725961,0.522314754410732,BFA
1691,2022,4542.731249,5536.800407,0.4506887228530969,BFA
1692,1969,11.7,21.7,0.3502994011976048,BDI
1693,1970,24.3,22.3,0.5214592274678111,BDI
1694,1971,18.5,29.9,0.3822314049586777,BDI
1695,1972,26.0,31.3,0.4537521815008726,BDI
1696,1973,29.8,31.2,0.48852459016393446,BDI
1697,1974,29.509,43.119,0.4063033540783169,BDI
1698,1975,31.917,61.659,0.3410810464221596,BDI
1699,1976,62.839,58.283,0.518807483363881,BDI
1700,1977,89.008,72.584,0.5508193474924501,BDI
1701,1978,69.362,98.211,0.413921097074111,BDI
1702,1979,104.002,152.815,0.4049654033806173,BDI
1703,1980,63.506,167.316,0.27512975366299575,BDI
1704,1981,71.369,161.371,0.30664690212254014,BDI
1705,1982,87.584,214.439,0.2899911596136718,BDI
1706,1983,77.133,187.579,0.2913845991114872,BDI
1707,1984,98.807,185.694,0.34729930650507385,BDI
1708,1985,111.739,189.707,0.370676671775376,BDI
1709,1986,169.1,204.799,0.45226117213472083,BDI
1710,1987,87.49,219.124,0.2853424827307299,BDI
1711,1988,101.22,205.737383809965,0.3297526149840544,BDI
1712,1989,77.5487394957983,181.495610804936,0.29936472038772144,BDI
1713,1990,74.6463980458039,234.616228683764,0.24136895827078977,BDI
1714,1991,91.9908674834757,247.69554631404,0.2708111474199575,BDI
1715,1992,73.7138906847087,223.524412245029,0.24799593443424237,BDI
1716,1993,61.8630035423016,197.127440481094,0.23886210850587708,BDI
1717,1994,118.870034136447,233.271289118652,0.33756343344667594,BDI
1718,1995,104.030509594307,233.026435642573,0.30864372048822636,BDI
1719,1996,37.3047872808949,124.995265568572,0.22985074019350468,BDI
1720,1997,87.3112735649365,122.74716147022,0.41565230908401096,BDI
1721,1998,63.9503907362293,156.954360445099,0.28949305252260515,BDI
1722,1999,54.9584118886547,117.656515470777,0.3183873650406618,BDI
1723,2000,38.584328,116.229703,0.24923017475076273,BDI
1724,2001,34.22145,104.921286,0.24594492665430986,BDI
1725,2002,27.660417,98.943751,0.2184795132495164,BDI
1726,2003,34.127676,139.232248,0.19686023858662974,BDI
1727,2004,38.770804,168.751832,0.18682686740737042,BDI
1728,2005,48.305665,264.440764,0.15445632794099784,BDI
1729,2006,48.621096,430.155713,0.10155273832404861,BDI
1730,2007,47.346271,313.544246,0.13119289305127407,BDI
1731,2008,56.200914,391.844914,0.12543563735627508,BDI
1732,2009,68.356539,378.857427,0.15284974128021753,BDI
1733,2010,92.331391,494.354608,0.15737786679310203,BDI
1734,2011,111.406759,697.045124,0.13780258459735692,BDI
1735,2012,111.637152,732.988557,0.132173518767471,BDI
1736,2013,206.580818,747.234655,0.21658363053206622,BDI
1737,2014,142.316066,682.139137,0.17261831265318608,BDI
1738,2015,115.631463,691.850706,0.1432000203090553,BDI
1739,2016,117.203485,501.698659,0.1893732088929393,BDI
1740,2017,163.522968,626.710714,0.20692988887304856,BDI
1741,2018,167.671547,710.717618,0.19088526325344643,BDI
1742,2019,173.162868,790.675485,0.17965965710019843,BDI
1743,2020,153.962615,775.601621,0.16562880652822362,BDI
1744,2021,149.559997,898.788777,0.14266244279501586,BDI
1745,2022,190.85151,1121.592484,0.1454168794039984,BDI
1746,1955,3469.2,3343.7,0.5092104683761688,CIS
1747,1956,3611.5,3883.1,0.48188028714007414,CIS
1748,1957,4380.0,4277.7,0.5059080356214699,CIS
1749,1960,146.7,169.5,0.4639468690702087,CIS
1750,1961,210.7,179.3,0.5402564102564102,CIS
1751,1962,262.4,196.6,0.571677559912854,CIS
1752,1981,38722.3744266373,47239.0898645681,0.4504620151124966,CIS
1753,1982,36725.7463342885,44503.666573122,0.4521237445868335,CIS
1754,1983,36228.3841834862,43234.3104282091,0.4559168847787112,CIS
1755,1984,40475.6030242592,45914.8084895627,0.4685196228956887,CIS
1756,1985,44125.1070415306,54111.0790498682,0.4491736578665286,CIS
1757,1986,42981.9152202465,52006.0500777154,0.45249853584524286,CIS
1758,1987,46730.0173216228,53881.2345459628,0.46446114578838704,CIS
1759,1988,49020.8222566521,62071.5422185388,0.4412618498870767,CIS
1760,1989,50238.3947218043,67379.3451961772,0.427132801198502,CIS
1761,1990,45922.8330313329,58559.3551385962,0.43952786437286634,CIS
1762,1991,44577.2077999718,48384.5591697488,0.47952195029265565,CIS
1763,1992,47827.9751409368,43464.9967827968,0.5238954777470978,CIS
1764,1993,55045.0506671719,39340.8484644761,0.5831914636994231,CIS
1765,1994,83884.2234816103,62337.3642985958,0.5736787895348352,CIS
1766,1995,110228.340428001,83979.5817912926,0.5675790110330028,CIS
1767,1996,117492.169249356,84488.4270579412,0.5817002791228576,CIS
1768,1997,120194.069382967,93458.7982245145,0.5625670777505547,CIS
1769,1998,102480.745657135,80241.7508681693,0.5608545614575869,CIS
1770,1999,101840.052808738,61047.4855278389,0.6252169677848799,CIS
1771,2000,145136.235711,72286.688801,0.6675295902525202,CIS
1772,2001,125838.976296,78961.665232,0.6144462017165874,CIS
1773,2002,153324.595547,89884.054965,0.6304241038475517,CIS
1774,2003,191358.550085,115713.566904,0.6231713643080621,CIS
1775,2004,246935.883209,144906.505655,0.6301918583257364,CIS
1776,2005,334947.781534,187257.705536,0.6414099235405033,CIS
1777,2006,414179.356582,247756.985563,0.62570874298857,CIS
1778,2007,503256.413393,353752.338683,0.5872243570137671,CIS
1779,2008,709815.478823,475004.969607,0.5990911785524745,CIS
1780,2009,416643.69029,297807.680973,0.5831659187013127,CIS
1781,2010,550614.831935,385700.064495,0.5880658676203863,CIS
1782,2011,751387.999998,483821.020799,0.6083083812917576,CIS
1783,2012,780026.455421,559304.752751,0.5823999699713017,CIS
1784,2013,761455.22499,558017.26473,0.5770906410876254,CIS
1785,2014,715902.15638,498341.407234,0.5895869476542521,CIS
1786,2015,490049.558419,342212.279405,0.5888165672719836,CIS
1787,2016,420705.237706,321454.696102,0.5668660062897416,CIS
1788,2017,519481.816381,387568.384334,0.5727156181339338,CIS
1789,2018,642426.486417,424604.294409,0.6020693104276623,CIS
1790,2019,616685.887733,448627.849812,0.5788772508971335,CIS
1791,2020,503540.256151,401808.338673,0.5561838379490591,CIS
1792,2021,710202.917943,505212.730502,0.5843292530021578,CIS
1793,2022,832097.991978798,460167.851654238,0.643906202488076,CIS
1794,1970,1.6,16.5,0.08839779005524862,CPV
1795,1971,1.6,20.2,0.07339449541284404,CPV
1796,1972,1.8,24.3,0.06896551724137931,CPV
1797,1973,1.9,33.9,0.05307262569832402,CPV
1798,1974,1.9,35.0,0.051490514905149054,CPV
1799,1975,2.3,39.3,0.05528846153846154,CPV
1800,1976,1.5,30.0,0.047619047619047616,CPV
1801,1977,1.8,37.1,0.04627249357326479,CPV
1802,1978,1.0,52.3,0.01876172607879925,CPV
1803,1979,2.4,54.4,0.04225352112676056,CPV
1804,1980,3.8,68.3,0.05270457697642164,CPV
1805,1981,2.9,71.0,0.03924221921515561,CPV
1806,1982,3.7,72.0,0.0488771466314399,CPV
1807,1983,3.1,79.4,0.037575757575757575,CPV
1808,1984,2.6,70.5,0.03556771545827634,CPV
1809,1985,4.9,81.3,0.05684454756380511,CPV
1810,1986,4.49126741980454,80.5578228604643,0.05280794191923887,CPV
1811,1987,8.72604200839074,100.483661955634,0.07990170920402115,CPV
1812,1988,6.57325132165027,106.181010857876,0.05829714278281029,CPV
1813,1989,6.75317957930487,111.650602680027,0.05703516771545214,CPV
1814,1990,6.90466728137015,144.505793715269,0.04560231331389589,CPV
1815,1991,5.28708096493685,151.522458309924,0.03371657738034344,CPV
1816,1992,6.49251645611129,183.973547338825,0.03408752366039025,CPV
1817,1993,12.3568123978621,189.334150230069,0.06126606882558887,CPV
1818,1994,6.9274010006827,228.213340656688,0.029460658122686306,CPV
1819,1995,12.7399059760535,260.490985881221,0.04662688720684024,CPV
1820,1996,16.1871780635379,340.150652987792,0.045426493212297074,CPV
1821,1997,13.9026437233928,233.573058347941,0.056177813041966534,CPV
1822,1998,10.3542775641189,230.216519369381,0.04304045917502238,CPV
1823,1999,11.3947711781889,262.0788218111,0.04166680612060119,CPV
1824,2000,14.110051,234.29839,0.05680181777719864,CPV
1825,2001,9.723314,224.159183,0.041573500046906034,CPV
1826,2002,10.494742,269.137626,0.03753049790001421,CPV
1827,2003,12.348941,346.678412,0.034395543673242074,CPV
1828,2004,15.099531,420.704331,0.034647538300153935,CPV
1829,2005,17.807649,432.217057,0.0395703808314915,CPV
1830,2006,20.201663,534.522023,0.03641752373270753,CPV
1831,2007,19.309405,739.765902,0.025438062366057182,CPV
1832,2008,38.699276,818.692,0.045136073906121704,CPV
1833,2009,37.171413,700.40717,0.05039654601793122,CPV
1834,2010,47.200348,735.130762,0.06033295544133481,CPV
1835,2011,476.423081,952.154726,0.33349466767965824,CPV
1836,2012,529.775327,816.57244,0.393490701277332,CPV
1837,2013,349.070665,729.081532,0.32376752185016416,CPV
1838,2014,517.639161,769.177198,0.40226342894977135,CPV
1839,2015,1894.410268,603.196421,0.7584902284028116,CPV
1840,2016,1004.975551,667.842272,0.6007680795734803,CPV
1841,2017,406.690973,789.55759,0.3399719636695605,CPV
1842,2018,519.738331,811.780347,0.39033499085470585,CPV
1843,2019,625.229929,1390.186116,0.3102237528331278,CPV
1844,2020,411.724045,1151.643968,0.2633570864801876,CPV
1845,2021,1283.556675,1283.090916,0.5000907329470616,CPV
1846,2022,516.543369,1779.403675,0.22498052398459412,CPV
1847,1955,36.3,44.7,0.44814814814814813,KHM
1848,1956,32.6,52.5,0.3830787309048179,KHM
1849,1957,38.9,55.0,0.4142705005324813,KHM
1850,1958,54.6,75.2,0.42064714946070875,KHM
1851,1959,53.7,62.5,0.4621342512908778,KHM
1852,1960,67.6,93.7,0.41909485430874144,KHM
1853,1961,63.6,97.2,0.39552238805970147,KHM
1854,1962,54.4,102.3,0.3471601786853861,KHM
1855,1963,87.6,105.8,0.45294725956566706,KHM
1856,1964,74.3,79.4,0.483409238776838,KHM
1857,1965,86.9,97.1,0.4722826086956522,KHM
1858,1966,61.6,106.9,0.3655786350148368,KHM
1859,1967,82.1,,,KHM
1860,1968,87.7,113.3,0.436318407960199,KHM
1861,1970,37.82,51.69,0.4225226231705955,KHM
1862,1981,2.37272727272727,78.3717,0.02938564744181047,KHM
1863,1982,4.89363636363636,50.8084406183287,0.08785375032282543,KHM
1864,1983,2.10867897215884,52.0660845545805,0.03892363962268239,KHM
1865,1984,3.96178932288712,49.0885152147732,0.07467986013303,KHM
1866,1985,4.81552148085286,27.370821594247,0.14961381197040258,KHM
1867,1986,3.21745446619513,11.0144160236839,0.2260739000177958,KHM
1868,1987,9.60012210931696,13.3022775741151,0.41917538083408057,KHM
1869,1988,8.39708043376963,23.8644212625528,0.2602817597522696,KHM
1870,1989,20.7309419398792,51.8723627884668,0.28553716690234027,KHM
1871,1990,41.7205859342658,56.0154575381342,0.42687001081691434,KHM
1872,1991,57.3759314436537,61.9334820914271,0.4809002889514944,KHM
1873,1992,165.347794339943,751.153328485374,0.1804119932010797,KHM
1874,1993,267.261077365945,981.386995332576,0.21404035549292336,KHM
1875,1994,242.997609651585,1151.53519418615,0.17425019259701813,KHM
1876,1995,357.137721876232,1573.4609445816,0.184988070323021,KHM
1877,1996,292.748815285021,1632.033935878,0.15209447149717648,KHM
1878,1997,625.82,1116.44,0.3592001193851664,KHM
1879,1998,933.5,1128.86,0.4526367850423787,KHM
1880,1999,1040.06,1242.97,0.4555612497426666,KHM
1881,2000,1368.060213,1412.449971,0.49201769548347035,KHM
1882,2001,1496.14351,1455.319971,0.5069158129962985,KHM
1883,2002,1919.589671,1604.406733,0.5447195317285574,KHM
1884,2003,2109.380949,1656.31443,0.560157085664257,KHM
1885,2004,2794.450494,2032.034422,0.5789825395985968,KHM
1886,2005,3020.048962,2545.156604,0.5426662009487396,KHM
1887,2006,3569.349826,2978.083421,0.5451525340308674,KHM
1888,2007,3531.833118,3550.007519,0.4987168306989962,KHM
1889,2008,4355.454005,4417.839738,0.4964445660417004,KHM
1890,2009,4982.555506,3899.105062,0.5609936866932067,KHM
1891,2010,5579.943743,4888.91167,0.5330041845903177,KHM
1892,2011,6701.688612,6137.711641,0.5219627459183004,KHM
1893,2012,7837.572759,7020.685652,0.5274893289779923,KHM
1894,2013,9683.899977,9195.192709,0.5129430814321496,KHM
1895,2014,9432.287174,9963.095785,0.48631610904197975,KHM
1896,2015,8507.315448,10587.707756,0.4455252741571898,KHM
1897,2016,10032.047368,12315.232007,0.4489158254862512,KHM
1898,2017,11376.667414,14314.186901,0.4428294705387652,KHM
1899,2018,12767.99205,17524.549905,0.4214896217348492,KHM
1900,2019,14915.838852,20475.672846,0.42145243693681794,KHM
1901,2020,20099.349417,19560.04415,0.5067992122230627,KHM
1902,2021,19471.536124,29502.042672,0.3975926734925561,KHM
1903,2022,22606.585644,31316.207061,0.41923988929274797,KHM
1904,1948,35.4,41.6,0.4597402597402597,CMR
1905,1949,48.5,64.3,0.4299645390070922,CMR
1906,1950,45.8,59.9,0.43330179754020814,CMR
1907,1951,63.6,92.0,0.4087403598971723,CMR
1908,1952,61.3,104.5,0.3697225572979493,CMR
1909,1953,72.1,78.8,0.47779986746189534,CMR
1910,1954,85.1,92.2,0.47997743936830223,CMR
1911,1955,91.8,101.7,0.47441860465116276,CMR
1912,1956,70.7,92.7,0.43268053855569155,CMR
1913,1957,80.5,97.5,0.45224719101123595,CMR
1914,1958,102.6,99.5,0.5076694705591291,CMR
1915,1959,104.7,78.4,0.571818678317859,CMR
1916,1960,96.9,84.1,0.5353591160220995,CMR
1917,1961,97.9,95.3,0.506728778467909,CMR
1918,1962,100.8,101.8,0.49753208292201384,CMR
1919,1963,117.7,107.9,0.5217198581560283,CMR
1920,1964,125.0,116.0,0.5186721991701245,CMR
1921,1965,118.5,134.6,0.4681943895693402,CMR
1922,1966,131.2,131.1,0.5001906214258484,CMR
1923,1967,125.9,177.0,0.41564872895345,CMR
1924,1968,187.2,182.8,0.5059459459459459,CMR
1925,1969,232.914,206.284,0.530316622571141,CMR
1926,1970,231.432,242.019,0.48881932871617123,CMR
1927,1971,204.781,249.66,0.4506217528788115,CMR
1928,1972,229.722,303.21,0.43105311747089686,CMR
1929,1973,368.527,334.73,0.5240289111946272,CMR
1930,1974,475.994,437.258,0.5212077279874558,CMR
1931,1975,447.87,598.862,0.4278745657914347,CMR
1932,1976,512.741,608.98,0.45710207796769425,CMR
1933,1977,701.601,785.634,0.4717485804193688,CMR
1934,1978,797.527,1045.432,0.43274267088958573,CMR
1935,1979,1130.901,1277.117,0.4696397618290229,CMR
1936,1980,1383.002,1616.101,0.4611385470922472,CMR
1937,1981,1113.374,1436.16,0.4366970591488484,CMR
1938,1982,999.638,1210.301,0.45233737220801123,CMR
1939,1983,1116.141,1268.085,0.4681355710406648,CMR
1940,1984,1030.176,1121.614,0.47875303816822273,CMR
1941,1985,1197.29667314775,1144.34307432309,0.5113069482361354,CMR
1942,1986,790.55,1525.229,0.34137540758422974,CMR
1943,1987,808.026,1717.659,0.3199235059003795,CMR
1944,1988,1582.16758319775,1280.55643765747,0.55267904683494,CMR
1945,1989,1281.444,1273.33,0.5015880073932175,CMR
1946,1990,2025.79667693551,1554.86362029466,0.5657606443433271,CMR
1947,1991,1908.5213291702,1345.01295317656,0.586599421904229,CMR
1948,1992,1840.37499569462,1162.83582488901,0.612802465641413,CMR
1949,1993,1354.06710800451,881.080714694651,0.6058065127743277,CMR
1950,1994,1359.65576647884,717.429343602222,0.6545980036541579,CMR
1951,1995,1652.3547863786,1199.46128229439,0.5794044028749286,CMR
1952,1996,1768.87307210554,1226.51009745339,0.5905331545165912,CMR
1953,1997,1858.08791455776,1360.23588602562,0.5773464790028112,CMR
1954,1998,1671.02980700923,1494.66793391154,0.5278551345597501,CMR
1955,1999,1600.60644691948,1317.57372695876,0.5484947301222617,CMR
1956,2000,1820.69084,1450.355667,0.556608056811098,CMR
1957,2001,1736.850411,1807.875134,0.48998163297858366,CMR
1958,2002,1788.93618,1805.192358,0.4977385090950245,CMR
1959,2003,2220.272789,1819.445137,0.5496108465173071,CMR
1960,2004,2190.438115,2477.158544,0.46928607483177137,CMR
1961,2005,2913.900061,2923.574111,0.49917138391409055,CMR
1962,2006,3713.768225,3234.972353,0.5344519892939943,CMR
1963,2007,4348.50832,3515.590731,0.5529569619862613,CMR
1964,2008,2180.802003,4398.483174,0.3314648847603828,CMR
1965,2009,1795.527216,3986.02382,0.31056150932851506,CMR
1966,2010,4341.744401,5210.01768,0.4545490522252885,CMR
1967,2011,4551.991682,6748.662185,0.4028078140940727,CMR
1968,2012,4395.295713,6569.463485,0.40085656544119214,CMR
1969,2013,4596.657351,6847.548417,0.401658048114886,CMR
1970,2014,5325.456173,7681.516195,0.40943088232445146,CMR
1971,2015,4127.226313,6086.151734,0.40410002391053174,CMR
1972,2016,2254.828173,5069.225965,0.30786612585249573,CMR
1973,2017,3338.917493,5349.74756,0.3842842913880248,CMR
1974,2018,3913.429354,6372.575986,0.38046153240670977,CMR
1975,2019,4317.214264,6703.070784,0.39175159673238247,CMR
1976,2020,3245.36644,5812.142824,0.35830672046884254,CMR
1977,2021,4409.827271,7137.608031,0.3818880258403547,CMR
1978,2022,6271.477818,8589.177394,0.42201893042614785,CMR
1979,1948,3188.7,2993.7,0.5157705745341615,CAN
1980,1949,3025.7,3027.1,0.4998843510441449,CAN
1981,1950,3013.9,3303.3,0.4770942822769581,CAN
1982,1951,5936.5,4331.4,0.5781610650668588,CAN
1983,1952,4637.3,4632.7,0.5002481121898598,CAN
1984,1953,4415.6,4979.3,0.4699996806778145,CAN
1985,1954,4208.3,4700.0,0.47240214182279455,CAN
1986,1955,4610.9,5336.4,0.46353281795059964,CAN
1987,1956,5212.9,6521.5,0.4442408644668666,CAN
1988,1957,5323.5,6521.6,0.4494263450709576,CAN
1989,1958,5260.2,5958.8,0.46886531776450663,CAN
1990,1959,5604.0,6525.0,0.4620331437051694,CAN
1991,1960,5825.4,6468.0,0.4738640245985651,CAN
1992,1961,6101.6,6436.0,0.4866641143440531,CAN
1993,1962,6199.1,6592.5,0.48462272116076177,CAN
1994,1963,6756.2,6808.6,0.49806853031375325,CAN
1995,1964,8041.5,7829.0,0.5066948111275638,CAN
1996,1965,8462.6,9113.7,0.4814778992165586,CAN
1997,1966,9953.0,10680.1,0.4823802530884841,CAN
1998,1967,10974.6,11496.3,0.48839165320481154,CAN
1999,1968,13069.2,13043.5,0.500492097714905,CAN
2000,1969,14291.8,14877.9,0.4899536162524812,CAN
2001,1970,16748.6,15182.3,0.5245263991932579,CAN
2002,1971,18371.1,17573.6,0.511093429629403,CAN
2003,1972,21165.0,21355.0,0.49776575729068673,CAN
2004,1973,26435.4,26430.7,0.5000444519266599,CAN
2005,1974,34512.7,36766.7,0.48418898026638835,CAN
2006,1975,34075.7,38672.5,0.46840609114727233,CAN
2007,1976,40599.2,43096.7,0.4850799143088252,CAN
2008,1977,43555.1,45096.8,0.49130475488963016,CAN
2009,1978,48430.6,49540.7,0.49433456532678455,CAN
2010,1979,58299.0,60837.2,0.48934748632237723,CAN
2011,1980,67733.1,67104.8,0.5023298345643176,CAN
2012,1981,72727.4,74789.7,0.4930099629127742,CAN
2013,1982,71240.1,62388.6,0.533119756459503,CAN
2014,1983,76746.6,69482.3,0.5248387972555356,CAN
2015,1984,90295.3,83520.9,0.5194872514759844,CAN
2016,1985,90781.6,86540.1,0.5119599011288523,CAN
2017,1986,89709.4,91638.9,0.4946801265851403,CAN
2018,1987,98107.8,99485.0,0.49651505520444067,CAN
2019,1988,116414.441293293,121112.76965704,0.4901099155230484,CAN
2020,1989,120674.268123931,129094.498638082,0.48314394825399837,CAN
2021,1990,126441.400007053,131641.420271468,0.4899256752952344,CAN
2022,1991,126150.666291163,132497.922351992,0.48772996192609036,CAN
2023,1992,133440.897531775,137327.656569396,0.49282272815888234,CAN
2024,1993,140742.226340759,148405.415255335,0.48674865741204865,CAN
2025,1994,161260.816704302,166671.33479594,0.49175055256569744,CAN
2026,1995,190174.505536426,179622.378460549,0.5142674634813355,CAN
2027,1996,200139.15882766,187048.645948237,0.516904603809771,CAN
2028,1997,213021.671287654,215022.603581655,0.4976627040571773,CAN
2029,1998,211355.022998741,219179.991619952,0.49091250611969245,CAN
2030,1999,237337.824491122,235593.245114646,0.501844433035379,CAN
2031,2000,275130.178203,253170.463282,0.5207833506119484,CAN
2032,2001,261285.947897,234772.365058,0.5267242601792718,CAN
2033,2002,252213.690053,235148.745875,0.5175074471481436,CAN
2034,2003,271601.348352,253772.623908,0.5169676510308516,CAN
2035,2004,315868.648469,288114.265351,0.5229761326710902,CAN
2036,2005,360742.333853,333506.333982,0.519615449861744,CAN
2037,2006,388294.62002,371007.294021,0.5113836971034335,CAN
2038,2007,420325.813239,403255.473243,0.5103634821942818,CAN
2039,2008,456391.430308,432734.5439,0.5133034502951467,CAN
2040,2009,316465.025264,340733.519034,0.48153640632609523,CAN
2041,2010,387476.259555,415668.404341,0.4824488998972851,CAN
2042,2011,451321.993529,478665.504678,0.4852989899317368,CAN
2043,2012,454998.161162,490101.339114,0.48142884535345287,CAN
2044,2013,458129.033414,489456.166817,0.4834700175797579,CAN
2045,2014,475214.297176,489204.596357,0.4927467725514228,CAN
2046,2015,408347.675074,445071.780452,0.47848414098119824,CAN
2047,2016,389580.156642,426868.256528,0.4771644483077488,CAN
2048,2017,418785.166755,457380.066579,0.47797510198097115,CAN
2049,2018,447666.355515,485445.049952,0.4797566002217642,CAN
2050,2019,446093.934059,479227.889114,0.4820959831351534,CAN
2051,2020,390141.060531,428466.769365,0.4765909221520218,CAN
2052,2021,501740.476073,517410.84003,0.49231205233737035,CAN
2053,2022,596957.71223,601421.864879,0.4981374212585592,CAN
2054,1960,13.9,19.6,0.41492537313432837,CAF
2055,1961,0.7,1.4,0.33333333333333337,CAF
2056,1963,22.0,26.4,0.4545454545454546,CAF
2057,1964,28.9,29.5,0.4948630136986301,CAF
2058,1965,26.1,27.2,0.48968105065666045,CAF
2059,1966,30.9,34.8,0.47031963470319643,CAF
2060,1967,28.9,43.9,0.39697802197802196,CAF
2061,1968,35.2,38.8,0.4756756756756757,CAF
2062,1969,35.596,37.648,0.4859920266506471,CAF
2063,1970,32.704,32.991,0.49781566329248805,CAF
2064,1971,36.603,33.368,0.5231167197839105,CAF
2065,1972,39.754,33.863,0.540011138731543,CAF
2066,1973,37.56,50.24,0.4277904328018223,CAF
2067,1974,48.449,45.747,0.5143424349229266,CAF
2068,1975,47.177,67.541,0.4112432225108527,CAF
2069,1976,58.51,54.605,0.5172611943597224,CAF
2070,1977,81.306,63.068,0.5631623422499896,CAF
2071,1978,71.71,55.89,0.5619905956112853,CAF
2072,1979,79.554,68.39,0.5377304926188287,CAF
2073,1980,115.996,78.922,0.5951015298741008,CAF
2074,1981,85.371,97.334,0.4672614323636463,CAF
2075,1982,107.315,112.951,0.4872063777432741,CAF
2076,1983,75.337,64.514,0.5386947537021545,CAF
2077,1984,85.926,66.792,0.5626448748674026,CAF
2078,1985,92.328,92.967,0.4982757224965595,CAF
2079,1986,124.610405215347,185.888655791175,0.401322969581314,CAF
2080,1987,86.1655325230753,115.689699936668,0.42686796608187794,CAF
2081,1988,97.5877702937154,138.598993800645,0.41318052121975607,CAF
2082,1989,124.817318972938,167.336344957028,0.4272317426861323,CAF
2083,1990,283.402585768959,183.676225346062,0.6067553890796586,CAF
2084,1991,109.066972017606,158.834792737988,0.4071155414638925,CAF
2085,1992,107.105311253705,163.250297535288,0.39616456168031083,CAF
2086,1993,109.736483394708,125.578083752745,0.46633952468376016,CAF
2087,1994,143.264929171143,131.957037851819,0.5205432208802951,CAF
2088,1995,187.367256142839,188.72788068074,0.49819111654913634,CAF
2089,1996,122.480579499197,176.388695474082,0.40981321853893354,CAF
2090,1997,98.4047599660998,134.093002071824,0.4232503534810307,CAF
2091,1998,231.219119433707,161.518677284167,0.5887366109552346,CAF
2092,1999,223.209402912487,153.782066701507,0.5920807787535186,CAF
2093,2000,81.956001,62.886947,0.5658266566074035,CAF
2094,2001,74.26046,61.355593,0.54757868524606,CAF
2095,2002,56.578992,52.665579,0.5179112470495215,CAF
2096,2003,65.735238,80.797394,0.4486047722121036,CAF
2097,2004,101.78402,89.317485,0.5326175741002144,CAF
2098,2005,110.509548,110.795605,0.4993537046107553,CAF
2099,2006,81.131312,82.103604,0.4970218013895997,CAF
2100,2007,110.028456,160.504277,0.4067103258813417,CAF
2101,2008,116.137951,190.796647,0.3783801231818122,CAF
2102,2009,84.183916,244.686593,0.25597891478922485,CAF
2103,2010,90.704438,219.694864,0.2922185630430316,CAF
2104,2011,104.814248,218.376778,0.3243105147356412,CAF
2105,2012,114.730501,225.633496,0.3370817771892601,CAF
2106,2013,53.325313,142.465781,0.2723582156397778,CAF
2107,2014,28.491906,336.974512,0.07796039416130432,CAF
2108,2015,190.489654,512.486713,0.27097590038898134,CAF
2109,2016,122.133635,441.017376,0.21687546078115802,CAF
2110,2017,200.032067,433.059298,0.31596082028381484,CAF
2111,2018,55.727286,396.451374,0.12324174254486048,CAF
2112,2019,124.766767,704.314887,0.15048791201451434,CAF
2113,2020,41.181202,564.623075,0.06797773400335369,CAF
2114,2021,60.110296,503.598372,0.10663362018765339,CAF
2115,2022,117.806925,683.627708,0.14699505131069124,CAF
2116,1960,13.2,25.0,0.34554973821989526,TCD
2117,1961,21.3,25.1,0.459051724137931,TCD
2118,1962,16.7,29.2,0.3638344226579521,TCD
2119,1963,22.5,29.0,0.4368932038834951,TCD
2120,1964,26.5,34.8,0.43230016313213704,TCD
2121,1965,27.1,30.9,0.4672413793103449,TCD
2122,1966,23.8,31.8,0.42805755395683454,TCD
2123,1967,26.9,39.9,0.4026946107784431,TCD
2124,1968,30.5,53.6,0.3626634958382878,TCD
2125,1969,32.782,57.299,0.363916919217149,TCD
2126,1970,29.696,64.987,0.31363602758678966,TCD
2127,1971,27.678,61.51,0.31033322868547336,TCD
2128,1972,35.754,61.287,0.3684422048412527,TCD
2129,1973,39.509,84.31,0.3190867314386322,TCD
2130,1974,37.54,86.731,0.3020817407118314,TCD
2131,1975,47.768,133.263,0.2638664096204517,TCD
2132,1981,71.2545454545454,55.1639,0.5636404181236784,TCD
2133,1982,37.7009090909091,63.5141781386023,0.37248309637297433,TCD
2134,1983,109.636363636364,83.7152807181531,0.5670309347633053,TCD
2135,1984,84.6672138869723,114.001992268312,0.4261718034993028,TCD
2136,1985,45.6684093602326,145.525434924598,0.2388592035013334,TCD
2137,1986,49.6760349951077,106.250528965191,0.31858609420621864,TCD
2138,1987,51.9589579429801,126.685281891875,0.29085157176639315,TCD
2139,1988,55.9338241181444,144.730118283292,0.27874377154539554,TCD
2140,1989,69.3452723906187,175.719208017199,0.28296745523961514,TCD
2141,1990,88.8217705691409,167.490065318107,0.3465379203487652,TCD
2142,1991,94.1367837160513,168.04217851086,0.3590554440999639,TCD
2143,1992,77.1713420017531,140.707727460651,0.3541934624200757,TCD
2144,1993,66.7909437128078,114.096384185934,0.36924059019875866,TCD
2145,1994,77.6659854654703,109.073399475794,0.41590575812327335,TCD
2146,1995,117.940594665237,163.167459793533,0.4195560845537256,TCD
2147,1996,117.082315560049,175.060114826387,0.40077134774697576,TCD
2148,1997,93.3088220171145,132.825280239885,0.4126260527970691,TCD
2149,1998,120.690106092498,179.019880550659,0.4026896382208144,TCD
2150,1999,98.1204278125633,139.09755350592,0.41362980692778567,TCD
2151,2000,92.005,127.236849,0.4196507209716152,TCD
2152,2001,77.467319,344.12399,0.18374980068671198,TCD
2153,2002,63.210877,435.318351,0.12679472626628022,TCD
2154,2003,92.880152,331.158536,0.2190369761732684,TCD
2155,2004,1109.223741,344.741065,0.7628958668205894,TCD
2156,2005,2048.107637,398.202782,0.8372231181671634,TCD
2157,2006,2364.259023,441.38473,0.8426796953362168,TCD
2158,2007,2356.797642,635.828904,0.7875348312839566,TCD
2159,2008,3708.011393,780.794955,0.8260573313999422,TCD
2160,2009,2175.997639,944.609647,0.6972994162906021,TCD
2161,2010,2750.23611,1233.381198,0.6903866253610523,TCD
2162,2011,3683.914113,921.47855,0.7999131415214139,TCD
2163,2012,3106.06314,854.221008,0.7843031014753339,TCD
2164,2013,2992.016957,1250.033756,0.7053232409105337,TCD
2165,2014,2973.688327,1387.125548,0.6819113156944815,TCD
2166,2015,2222.548273,883.009071,0.7156680836352961,TCD
2167,2016,1568.517487,629.750852,0.7135241222250074,TCD
2168,2017,1241.902265,577.850955,0.6824564184587621,TCD
2169,2018,1649.72304,852.72668,0.6592432314684029,TCD
2170,2019,1263.378732,1029.446754,0.5510139082604388,TCD
2171,2020,1677.1244,1056.857012,0.6134366505341844,TCD
2172,2021,2871.113946,1108.082723,0.7215310488087866,TCD
2173,2022,4572.439239,1283.632577,0.7808031360727424,TCD
2174,1948,328.0,267.5,0.5507976490344249,CHL
2175,1949,306.0,302.8,0.5026281208935611,CHL
2176,1950,291.4,245.9,0.5423413363111855,CHL
2177,1951,374.6,327.4,0.5336182336182337,CHL
2178,1952,460.4,369.4,0.5548324897565678,CHL
2179,1953,411.5,333.9,0.5520525892138449,CHL
2180,1954,402.7,342.3,0.5405369127516778,CHL
2181,1955,474.6,374.4,0.5590106007067138,CHL
2182,1956,543.8,351.5,0.6073941695521055,CHL
2183,1957,458.4,440.5,0.509956613638892,CHL
2184,1958,388.8,411.3,0.4859392575928009,CHL
2185,1959,496.6,411.6,0.5467958599427439,CHL
2186,1960,489.7,498.8,0.49539706626201313,CHL
2187,1961,508.6,590.2,0.46286858390971963,CHL
2188,1962,531.9,511.3,0.5098734662576687,CHL
2189,1963,541.6,637.1,0.45948926783744803,CHL
2190,1964,625.0,608.5,0.5066882853668423,CHL
2191,1965,687.8,603.5,0.5326415240455354,CHL
2192,1966,880.5,758.61,0.5371817632739718,CHL
2193,1967,913.44,735.19,0.5540600377282956,CHL
2194,1968,940.8,742.74,0.5588224812003278,CHL
2195,1969,1075.43,907.16,0.5424369133305423,CHL
2196,1970,1245.93,930.82,0.5723808429998852,CHL
2197,1971,962.34,979.96,0.49546414045204135,CHL
2198,1972,855.44,941.13,0.47615177811051057,CHL
2199,1973,1230.46,1097.6,0.5285344879427506,CHL
2200,1974,2478.6,1911.46,0.5645936502006806,CHL
2201,1975,1660.77,1534.48,0.5197621469368594,CHL
2202,1976,2053.9,1679.4,0.5501566978276592,CHL
2203,1977,2154.2,2260.1,0.48800489318804796,CHL
2204,1978,2454.88,3002.4,0.44983581564442354,CHL
2205,1979,3874.21,4217.6,0.4787816322924043,CHL
2206,1980,4686.4,5135.8,0.477123251410071,CHL
2207,1981,3952.0,6370.8,0.38284186461037706,CHL
2208,1982,3716.6,3536.1,0.5124436416782715,CHL
2209,1983,3846.56,2977.6,0.56366790931045,CHL
2210,1984,3660.8,3495.5,0.5115492642846163,CHL
2211,1985,3896.1,3088.0,0.5578528371586889,CHL
2212,1986,4233.1,3140.8,0.5740652843135925,CHL
2213,1987,5224.1,4042.2,0.5637741061696687,CHL
2214,1988,7192.3,5077.4,0.5861838512759073,CHL
2215,1989,8272.1,6983.7,0.5422265630121004,CHL
2216,1990,8677.7,7227.4,0.5455922942955405,CHL
2217,1991,9073.2,7630.2,0.5431947986637451,CHL
2218,1992,10159.816,9927.779,0.5057756291880636,CHL
2219,1993,9542.3243,10967.795,0.4652495756082706,CHL
2220,1994,11699.738,11627.582,0.5015465985805484,CHL
2221,1995,16544.5,15478.9,0.5166378335841916,CHL
2222,1996,17062.85,19525.57,0.46634563613296226,CHL
2223,1997,18222.53,21147.78,0.4628495432217831,CHL
2224,1998,16443.35,19871.74,0.4527966198073583,CHL
2225,1999,17375.94,16059.3,0.5196894055493545,CHL
2226,2000,19295.87,18534.77,0.5100593064246336,CHL
2227,2001,18554.59,17829.76,0.5099607386142668,CHL
2228,2002,18285.1,17013.6,0.5180105782932516,CHL
2229,2003,21652.190857,19264.08371,0.52918285171698,CHL
2230,2004,33025.38984,24726.904611,0.5718455024851078,CHL
2231,2005,41973.758073,32924.937863,0.5604070611438422,CHL
2232,2006,59379.872773,38977.874894,0.6037132222063126,CHL
2233,2007,68560.791708,47594.961319,0.5902487816687245,CHL
2234,2008,64509.633467,62786.514864,0.5067681490194011,CHL
2235,2009,55462.386249,42803.021168,0.5644141484463531,CHL
2236,2010,71107.693791,59206.397875,0.5456638870127088,CHL
2237,2011,81433.900652,74692.071834,0.5215909906297127,CHL
2238,2012,77786.755726,80069.392283,0.4927698838917891,CHL
2239,2013,76384.305868,79260.698677,0.4907597650904101,CHL
2240,2014,75060.493607,72836.667901,0.5075181487032113,CHL
2241,2015,62031.77511,62385.28005,0.49857935497852207,CHL
2242,2016,60715.111077,59375.693884,0.5055766850485971,CHL
2243,2017,68819.712972,65230.132773,0.513388975492849,CHL
2244,2018,74704.245842,74684.570589,0.5000658524964252,CHL
2245,2019,68760.801959,69888.172667,0.4959344426778451,CHL
2246,2020,73484.581265,59226.003489,0.5537205747470351,CHL
2247,2021,94603.969282,92393.47522,0.5059104927018839,CHL
2248,2022,98472.962966,104690.02678,0.4846993199357503,CHL
2249,1961,469.8,669.1,0.4125032926508034,CHN
2250,1978,9650.2,10813.2,0.4715834123361709,CHN
2251,1979,13552.2,15561.4,0.4654937898439218,CHN
2252,1980,18139.2,19505.0,0.48185909117473613,CHN
2253,1981,21473.6,21630.5,0.4981799875185887,CHN
2254,1982,21863.1,18915.5,0.5361415055936202,CHN
2255,1983,22093.4,21306.4,0.5090668620592722,CHN
2256,1984,24821.7,25953.4,0.4888557580388812,CHN
2257,1985,27328.4,42480.2,0.3914761218531814,CHN
2258,1986,31367.3,43275.4,0.42023265503525464,CHN
2259,1987,39462.0,43222.7,0.477258791529751,CHN
2260,1988,47660.0,55352.1,0.4626640948005137,CHN
2261,1989,52907.8690834789,59140.917,0.472186008727139,CHN
2262,1990,62755.8745244087,53809.6541175006,0.5383742111031427,CHN
2263,1991,71962.4903610307,63876.8323586476,0.5297618459828046,CHN
2264,1992,85616.9125574994,81871.5191546739,0.5111810510270403,CHN
2265,1993,91690.694,103626.84,0.46944425378624743,CHN
2266,1994,120863.774,115705.894,0.5109013975536374,CHN
2267,1995,148956.769,132163.498,0.5298684815207578,CHN
2268,1996,151163.414,138948.63,0.5210518388543703,CHN
2269,1997,182922.636589675,142163.072,0.5626904897888358,CHN
2270,1998,183748.829,140385.334,0.566891275203225,CHN
2271,1999,194936.378,165718.01,0.5405074345026407,CHN
2272,2000,249299.886583,225174.686695,0.5254230692714748,CHN
2273,2001,266713.388,243567.041,0.5226800262018279,CHN
2274,2002,325750.56,295439.86,0.5243972693590478,CHN
2275,2003,438500.175,413094.918,0.5149162772359939,CHN
2276,2004,593647.174142,560811.175371,0.5142213873652748,CHN
2277,2005,762218.331,660202.42,0.5358599629990914,CHN
2278,2006,969024.625,791786.754,0.5503284659316141,CHN
2279,2007,1217832.474,956254.7409,0.5601580588182685,CHN
2280,2008,1428869.178,1131915.667,0.5579809568109187,CHN
2281,2009,1202048.369,1003892.729,0.5449140822888825,CHN
2282,2010,1578428.160927,1393909.267088,0.5310393584691738,CHN
2283,2011,1899157.649498,1741429.573837,0.5216624497622271,CHN
2284,2012,2049947.243872,1817343.876491,0.5300731649288362,CHN
2285,2013,2210578.282448,1949298.82555,0.5314047086145466,CHN
2286,2014,2343130.290674,1963058.026003,0.5441309386306976,CHN
2287,2015,2280422.891469,1601760.496925,0.587407307518354,CHN
2288,2016,2136523.806,1589460.07,0.5734119838150367,CHN
2289,2017,2280048.850109,1832125.641981,0.5544630595065464,CHN
2290,2018,2501304.86935,2134026.33219,0.5396172917523109,CHN
2291,2019,2498531.55599,2068950.24631,0.5470260559619176,CHN
2292,2020,2598014.47769,2060258.10173,0.5577205784753536,CHN
2293,2021,3368216.972663,2678856.787354,0.5569994854260768,CHN
2294,2022,3604481.49075,2715369.66946,0.5703427817167498,CHN
2295,1948,287.6,334.8,0.4620822622107969,COL
2296,1949,319.7,261.8,0.5497850386930352,COL
2297,1950,394.3,361.7,0.5215608465608466,COL
2298,1951,457.4,414.9,0.5243608850166227,COL
2299,1952,472.1,412.7,0.5335669077757685,COL
2300,1953,594.7,543.5,0.5224916534879634,COL
2301,1954,656.6,671.2,0.494502184063865,COL
2302,1955,583.4,667.3,0.4664587830814744,COL
2303,1956,599.2,656.6,0.4771460423634336,COL
2304,1957,510.9,481.9,0.5146051571313457,COL
2305,1958,458.2,399.6,0.5341571461879226,COL
2306,1959,466.0,413.9,0.529605637004205,COL
2307,1960,465.4,513.4,0.47548017981201474,COL
2308,1961,435.1,538.6,0.4468522132073534,COL
2309,1962,464.5,536.0,0.4642678660669665,COL
2310,1963,447.1,500.6,0.4717737680700644,COL
2311,1964,548.4,585.3,0.48372585340037055,COL
2312,1965,538.1,452.1,0.5434255705917996,COL
2313,1966,507.4,674.4,0.42934506684718227,COL
2314,1967,509.9,496.6,0.5066070541480377,COL
2315,1968,561.6,644.38,0.4656793645002405,COL
2316,1969,608.82,685.49,0.4703819023263361,COL
2317,1970,728.67,844.05,0.46331832748359536,COL
2318,1971,686.12,929.47,0.4246869564679157,COL
2319,1972,860.23,858.97,0.5003664495114006,COL
2320,1973,1169.35,1062.34,0.5239751040691136,COL
2321,1974,1409.1,1597.23,0.468711019748331,COL
2322,1975,1467.01,1494.78,0.4953119566208273,COL
2323,1976,1742.33,1707.94,0.5049836679448275,COL
2324,1977,2424.17,2027.83,0.5445125786163523,COL
2325,1978,3036.74,2836.29,0.5170652967888807,COL
2326,1979,3324.47,3233.09,0.506967530605896,COL
2327,1980,3942.85,4661.71,0.4582279628476064,COL
2328,1981,2955.35,5198.49,0.3624488584519686,COL
2329,1982,3094.03,5477.63,0.3609604207353068,COL
2330,1983,3079.96,4967.99,0.38270118477376225,COL
2331,1984,3482.17,4492.42,0.43665818556189095,COL
2332,1985,3551.43,4130.7,0.4622975659094548,COL
2333,1986,5107.36,3930.62,0.5650997236108068,COL
2334,1987,5024.24,4227.33,0.5430689061424169,COL
2335,1988,5024.942,5065.43,0.49799373105372136,COL
2336,1989,5737.917817,5010.490959,0.5338388161987411,COL
2337,1990,6752.231577,5589.408908,0.5471097286626235,COL
2338,1991,7242.511,4955.1620535252,0.5937616927604787,COL
2339,1992,7062.531,6693.422,0.5134163369124626,COL
2340,1993,7449.343,9809.039,0.4316362333386756,COL
2341,1994,9033.604563,11941.295466,0.430686418076372,COL
2342,1995,9853.993938,13859.154727,0.4155497895791562,COL
2343,1996,10431.77386,14355.31126,0.4208552078430108,COL
2344,1997,11554.5266000313,15377.123409,0.42903151482202495,COL
2345,1998,10873.344156,14678.282247,0.4255441115373919,COL
2346,1999,11623.740497,10659.531384,0.5216352678850125,COL
2347,2000,13042.993396,15227.843868,0.4613585821389488,COL
2348,2001,12159.873209,12544.776732,0.49220989724769965,COL
2349,2002,11448.827743,11712.354584,0.4943110235634906,COL
2350,2003,12662.508826,13293.576266,0.4878435550322166,COL
2351,2004,16157.153584,15662.776884,0.507768349784692,COL
2352,2005,20712.586578,20590.357681,0.5014796632442657,COL
2353,2006,23274.243989,24687.413209,0.48526771902223875,COL
2354,2007,28466.897767,31433.906626,0.4752339815043725,COL
2355,2008,37072.244849,38386.813172,0.4912895260193007,COL
2356,2009,32560.657216,31875.479996,0.5053167155081449,COL
2357,2010,39122.576861,39379.602646,0.4983629385412346,COL
2358,2011,55724.030204,52864.581877,0.513166428192613,COL
2359,2012,59618.935423,56755.04701,0.5123046764969517,COL
2360,2013,58452.918238,59381.333677,0.4960605026810468,COL
2361,2014,54508.408403,64022.083697,0.4598682367488458,COL
2362,2015,35650.76339,54039.043658,0.39748957616689373,COL
2363,2016,31390.361512,44285.431654,0.4148005616953773,COL
2364,2017,37240.881241,45709.134525,0.44895568610927855,COL
2365,2018,41819.392864,50816.45196,0.4514385650981344,COL
2366,2019,39485.080766,52269.957773,0.430331471652285,COL
2367,2020,31053.209022,43183.713134,0.4182987133645627,COL
2368,2021,41389.989091,61098.589547,0.4038497717603599,COL
2369,2022,57105.700449,76903.831659,0.426131630718461,COL
2370,1969,2.7,3.7,0.421875,COM
2371,1970,4.6,8.4,0.3538461538461538,COM
2372,1971,5.7,10.1,0.36075949367088606,COM
2373,1972,6.0,11.1,0.3508771929824561,COM
2374,1973,4.9,14.8,0.24873096446700504,COM
2375,1974,8.8,25.2,0.25882352941176473,COM
2376,1975,9.4,22.6,0.29375,COM
2377,1976,13.9,13.0,0.516728624535316,COM
2378,1977,9.0,15.7,0.3643724696356275,COM
2379,1978,9.3,15.6,0.3734939759036145,COM
2380,1981,26.7718181818182,48.7927,0.35429086065766574,COM
2381,1982,20.8590909090909,32.1926,0.39318428030569147,COM
2382,1983,18.2918181818182,36.2428,0.33541663610503974,COM
2383,1984,9.98181818181818,43.6722,0.18604045922511608,COM
2384,1985,15.0389492820322,38.236987474688,0.28228408916967934,COM
2385,1986,15.9481818181818,51.0749710786798,0.23795033699360005,COM
2386,1987,19.17515842763,70.4521659944823,0.21394322045498015,COM
2387,1988,27.472456882538,61.4076959578064,0.30909551800486695,COM
2388,1989,25.5968519962625,71.3840081866909,0.2639371515985144,COM
2389,1990,22.9025899599526,84.5474460162673,0.2131464150000028,COM
2390,1991,28.1986877640916,116.384732967463,0.195034033787647,COM
2391,1992,27.3810803565934,114.540090453061,0.1929316126719183,COM
2392,1993,21.8092091516275,103.260297584572,0.1743767103649666,COM
2393,1994,18.0808117815351,107.761021296889,0.1436788652805718,COM
2394,1995,11.1962163142344,148.316007701004,0.07019033421015315,COM
2395,1996,13.9788217601375,152.534395377192,0.0839502232943386,COM
2396,1997,6.0103198291931,56.5966072855413,0.09600087572064504,COM
2397,1998,4.03201350066765,47.79653672204,0.07779522065236358,COM
2398,1999,11.5275685797538,69.6368721563375,0.14202732717934996,COM
2399,2000,7.996145,36.248532,0.18072558197226757,COM
2400,2001,8.285074,34.969483,0.1915422229384987,COM
2401,2002,12.033385,36.441227,0.24824097612168614,COM
2402,2003,6.439272,45.239219,0.1246025546682468,COM
2403,2004,8.343377,64.445777,0.1146239039953672,COM
2404,2005,3.740679,84.943614,0.0421797239788561,COM
2405,2006,2.58836,100.919689,0.025006364480891725,COM
2406,2007,1.707561,89.389241,0.01874446701213507,COM
2407,2008,4.474105,118.93933,0.0362529816952263,COM
2408,2009,13.094753,179.505754,0.06798919278026616,COM
2409,2010,14.753521,179.875692,0.07580321973556971,COM
2410,2011,27.183054,209.985952,0.11461469800990774,COM
2411,2012,21.191167,195.817291,0.09765134131315747,COM
2412,2013,16.596961,210.470555,0.07309262589546274,COM
2413,2014,25.676663,192.516919,0.11767836049366476,COM
2414,2015,16.007486,214.342752,0.0694919446968403,COM
2415,2016,33.46276,194.60163,0.14672505427085747,COM
2416,2017,38.724543,240.064676,0.13890258432123948,COM
2417,2018,45.971247,208.60961,0.18057621276685387,COM
2418,2019,48.963184,201.264924,0.19567419660144653,COM
2419,2020,20.683115,229.498111,0.08267253035205768,COM
2420,2021,34.222271,326.334817,0.0949149861117139,COM
2421,2022,45.945803,386.793174,0.1061744040680671,COM
2422,1948,242.7,189.3,0.5618055555555556,COD
2423,1949,242.7,226.2,0.5175943698016635,COD
2424,1950,267.4,189.9,0.5847364968292149,COD
2425,1951,395.9,305.7,0.5642816419612315,COD
2426,1952,400.4,399.8,0.5003749062734316,COD
2427,1953,407.0,358.6,0.5316091954022988,COD
2428,1954,396.5,362.1,0.5226733456366992,COD
2429,1955,460.6,368.0,0.5558773835384987,COD
2430,1956,541.5,406.4,0.5712627914336955,COD
2431,1957,475.3,426.9,0.5268233207714476,COD
2432,1963,384.7,237.0,0.618787196396976,COD
2433,1964,342.7,288.2,0.5431922650182279,COD
2434,1965,334.5,320.7,0.5105311355311355,COD
2435,1966,467.9,340.8,0.5785829108445653,COD
2436,1967,434.9,256.0,0.6294688088001158,COD
2437,1968,504.9,309.8,0.6197373266232968,COD
2438,1969,684.2,451.6,0.6023947878147561,COD
2439,1970,735.4,532.8,0.5798769910108816,COD
2440,1972,737.6,766.6,0.4903603244249435,COD
2441,1973,1000.8,781.9,0.5613956358332867,COD
2442,1974,1381.1,939.8,0.5950708776767634,COD
2443,1975,864.6,932.8,0.4810281517747858,COD
2444,1976,809.4,840.3,0.49063466084742685,COD
2445,1977,1109.9,852.1,0.565698267074414,COD
2446,1978,1065.0,714.0,0.5986509274873525,COD
2447,1979,1245.1,681.4,0.6463015831819361,COD
2448,1980,1513.8,828.6,0.6462602459016393,COD
2449,1981,685.2,688.1,0.4989441491298332,COD
2450,1982,585.7,475.6,0.5518703476867992,COD
2451,1983,1130.56089835137,470.026593651376,0.7063412053387647,COD
2452,1984,1003.3227624371,675.6549446569,0.5975795617761157,COD
2453,1985,949.8507547821,793.327698792799,0.5448958784650834,COD
2454,1986,1092.7558677484,871.09256181,0.5564359506064946,COD
2455,1987,983.124701,764.043611596804,0.5626960458885548,COD
2456,1988,1120.57515397052,763.183859826131,0.594861203457251,COD
2457,1989,1538.0114513769,1200.70097299163,0.5615819454762659,COD
2458,1990,1353.27643800736,1304.07200747181,0.5092581818954266,COD
2459,1991,1599.72194360778,1029.46049406551,0.6084484365502848,COD
2460,1992,1485.7532550729,809.664542352942,0.6472692059541724,COD
2461,1993,1015.30355168354,782.198435414664,0.5648414071144335,COD
2462,1994,1276.34387816505,969.478168063198,0.5683192398563409,COD
2463,1995,1533.45230136597,1350.58851456971,0.5317027043767639,COD
2464,1996,1463.66843835226,1353.19857225418,0.519608640678123,COD
2465,1997,1278.11159601724,984.739303648833,0.564823602034871,COD
2466,1998,1028.93223353092,866.507016923119,0.5428463261402056,COD
2467,1999,1095.44750549205,634.626085502352,0.633179716281557,COD
2468,2000,1696.112804,1540.22072,0.5240846752727949,COD
2469,2001,1246.205671,1067.709312,0.5385702068380618,COD
2470,2002,1614.772453,1180.39807,0.5777008736006909,COD
2471,2003,1391.066516,1234.671716,0.5297811103357541,COD
2472,2004,1144.083893,1441.246521,0.4425290813137821,COD
2473,2005,1981.50817,2576.576288,0.4347238819856023,COD
2474,2006,1149.146123,3101.498336,0.2703463284412986,COD
2475,2007,1948.780558,4343.0402,0.3097323704783136,COD
2476,2008,4266.207012,6720.976406,0.38828941410141476,COD
2477,2009,4307.271217,4238.10576,0.5040469517720612,COD
2478,2010,6723.626667,5366.969026,0.5561038378690247,COD
2479,2011,8116.251158,7184.498823,0.5304479302046312,COD
2480,2012,5981.644769,9208.350728,0.3937884491263586,COD
2481,2013,5246.981831,8971.048511,0.3690371805931823,COD
2482,2014,7761.341126,8631.3337,0.4734639836623818,COD
2483,2015,8071.139001,8770.658751,0.47923262824133694,COD
2484,2016,10243.030159,17260.524,0.37242569086832616,COD
2485,2017,8149.382513,13085.086,0.38378085648863064,COD
2486,2018,14700.225662,14972.253854,0.49541615334415656,COD
2487,2019,12098.446813,12941.666027,0.48316263150673566,COD
2488,2020,12896.351221,11864.180433,0.520843065941059,COD
2489,2021,20127.039262,7213.684058,0.7361560638476919,COD
2490,2022,23467.889663,11436.950205,0.6723391298097561,COD
2491,1960,1.9,7.3,0.20652173913043478,COG
2492,1961,19.4,86.6,0.1830188679245283,COG
2493,1962,35.2,68.0,0.34108527131782945,COG
2494,1963,41.5,61.2,0.4040895813047712,COG
2495,1964,47.3,64.4,0.423455684870188,COG
2496,1965,46.6,64.6,0.4190647482014389,COG
2497,1966,43.0,69.1,0.3835860838537021,COG
2498,1967,47.8,82.6,0.36656441717791416,COG
2499,1968,51.65,84.159,0.3803135285584902,COG
2500,1969,46.415,79.782,0.367797966671157,COG
2501,1970,30.66,57.209,0.348928518590174,COG
2502,1971,39.316,78.873,0.33265363104857476,COG
2503,1972,74.327,103.078,0.4189678983117725,COG
2504,1973,84.834,125.07,0.40415618568488454,COG
2505,1974,227.519,123.369,0.6484091789972868,COG
2506,1975,178.42,168.253,0.5146636744136405,COG
2507,1976,181.418,175.313,0.5085568677799238,COG
2508,1977,171.972,183.204,0.4841881208189742,COG
2509,1978,117.085,250.685,0.3183647388313348,COG
2510,1979,508.593173076236,317.238464870566,0.6158557624901727,COG
2511,1980,958.78968763763,426.907430457577,0.6919186560448303,COG
2512,1981,894.651177854919,435.778965980179,0.6724525763344458,COG
2513,1982,1004.44946108902,684.393724991399,0.5947559071012473,COG
2514,1983,639.053164733453,626.962,0.504775284321337,COG
2515,1984,1180.56255274616,595.405503576109,0.6647431233593842,COG
2516,1985,1086.02033057998,569.767615946446,0.6558933665740678,COG
2517,1986,772.872531526317,568.227535731431,0.5762974370038395,COG
2518,1987,512.28903969998,504.438384272513,0.5038607473558613,COG
2519,1988,746.219158880466,518.304890792674,0.5901185976441905,COG
2520,1989,906.548208830264,472.80423501568,0.6572273916466225,COG
2521,1990,1204.7577582735,597.892436216102,0.6683258692985702,COG
2522,1991,1107.11967808012,544.772387204606,0.6702130855561031,COG
2523,1992,1184.27208390212,662.344134896072,0.6413200923107151,COG
2524,1993,1095.72779668681,561.560981388922,0.6611568310738537,COG
2525,1994,929.281012671907,399.121404815703,0.6995478180696509,COG
2526,1995,838.624597000991,462.958650060378,0.6443111486678886,COG
2527,1996,1848.04252230284,1614.73046062503,0.5336886164394956,COG
2528,1997,2258.78575173707,926.626223607721,0.7091031769893995,COG
2529,1998,1566.93936648961,1119.31767717853,0.5833169875470746,COG
2530,1999,1716.29554132954,757.673337379198,0.6937417669640785,COG
2531,2000,2178.440225,655.515909,0.7686922880931225,COG
2532,2001,1319.836801,716.876143,0.6480229847255294,COG
2533,2002,2404.238605,816.151356,0.7465675381292745,COG
2534,2003,1743.044623,1036.928883,0.6270004441545926,COG
2535,2004,3744.827414,2224.060608,0.6273911321836488,COG
2536,2005,5538.566272,2716.883799,0.670898161137943,COG
2537,2006,7726.703919,3029.15299,0.7183717656688658,COG
2538,2007,6960.165241,4000.916786,0.6349888837484565,COG
2539,2008,10751.826943,3617.306334,0.748258557821991,COG
2540,2009,8718.882827,4367.131754,0.6662748824733256,COG
2541,2010,7304.959535,4309.75172,0.6289402615889653,COG
2542,2011,15578.420067,7147.460794,0.6854924639569948,COG
2543,2012,7937.925132,7530.431365,0.5131718507741605,COG
2544,2013,11014.769754,8545.655793,0.5631150369164308,COG
2545,2014,8185.521371,10494.854636,0.4381882553077455,COG
2546,2015,8145.436463,11330.250773,0.4182361507604979,COG
2547,2016,6979.858923,12337.966765,0.36131700511904946,COG
2548,2017,8084.084377,4222.849332,0.6568723427093907,COG
2549,2018,11389.776138,3514.809293,0.7641793319732624,COG
2550,2019,5765.573076,2353.191922,0.7101539553639387,COG
2551,2020,5044.669037,2035.628168,0.712493966134293,COG
2552,2021,2393.293296,2449.809233,0.4941653168953591,COG
2553,2022,8985.54174,3768.179939,0.7045427182871176,COG
2554,1948,45.4,41.5,0.5224395857307249,CRI
2555,1949,30.6,41.9,0.4220689655172414,CRI
2556,1950,54.5,44.6,0.549949545913219,CRI
2557,1951,62.2,54.1,0.5348237317282889,CRI
2558,1952,72.6,66.4,0.5223021582733812,CRI
2559,1953,79.5,72.7,0.5223390275952694,CRI
2560,1954,84.6,79.5,0.5155393053016453,CRI
2561,1955,80.9,87.2,0.48126115407495534,CRI
2562,1956,67.3,91.0,0.42514213518635496,CRI
2563,1957,83.3,102.6,0.4480903711672943,CRI
2564,1958,91.3,99.4,0.4787624541164132,CRI
2565,1959,75.8,104.0,0.421579532814238,CRI
2566,1960,86.4,109.9,0.44014263881813553,CRI
2567,1961,80.1,106.4,0.4294906166219839,CRI
2568,1962,84.2,111.9,0.4293727689954105,CRI
2569,1963,91.5,122.9,0.42677238805970147,CRI
2570,1964,112.6,137.6,0.45003996802557955,CRI
2571,1965,111.8,178.1,0.38565022421524664,CRI
2572,1966,138.6,178.1,0.43763814335333123,CRI
2573,1967,142.9,189.3,0.4301625526791089,CRI
2574,1968,171.9,211.8,0.44800625488663015,CRI
2575,1969,194.172,244.333,0.44280452902475453,CRI
2576,1970,226.534,316.664,0.417037617958829,CRI
2577,1971,231.828,349.799,0.39858534765408077,CRI
2578,1972,281.301,373.452,0.4296291884115079,CRI
2579,1973,344.186,455.138,0.4305963539190616,CRI
2580,1974,440.299,719.569,0.37961130059627474,CRI
2581,1975,493.211,693.201,0.41571646274649954,CRI
2582,1976,592.437,769.366,0.4350386950241702,CRI
2583,1977,827.979,1021.427,0.4476999642047231,CRI
2584,1978,814.421,1091.694,0.42726750484624487,CRI
2585,1979,933.377,1397.804,0.4003880436568417,CRI
2586,1980,980.35,1470.745,0.3999640976787926,CRI
2587,1981,1008.108,1208.875,0.45472067219279527,CRI
2588,1982,871.248,893.261,0.49376228741253236,CRI
2589,1983,860.339,989.73,0.4650307637174614,CRI
2590,1984,984.796,1091.21,0.47437049796580544,CRI
2591,1985,922.803,1096.692,0.4569474051681237,CRI
2592,1986,1090.179,1144.663,0.4878103239513129,CRI
2593,1987,1113.686,1384.496,0.44579858473081624,CRI
2594,1988,1244.164,1409.85161228051,0.46878548650696517,CRI
2595,1989,1422.0951,1737.4209,0.4500990341558644,CRI
2596,1990,1455.9532,2026.1371,0.4181262042515095,CRI
2597,1991,1589.8485,1849.7405,0.4622204862266975,CRI
2598,1992,1833.912,2789.232,0.3966807004064766,CRI
2599,1993,2743.32239868243,3146.37108934087,0.46578355974907354,CRI
2600,1994,2220.648517,3024.345219,0.4233843982993081,CRI
2601,1995,2701.758504,3214.186598,0.4566909356691999,CRI
2602,1996,2779.797909,3561.068698,0.43839400531328665,CRI
2603,1997,4205.52224578,4969.65230002,0.4583588273756718,CRI
2604,1998,5525.57099986,6238.73343634,0.46968956216886376,CRI
2605,1999,6662.36047134,6354.59769988,0.5118216086819904,CRI
2606,2000,5849.419579,6063.799008,0.49100245548948734,CRI
2607,2001,5020.529096,6229.026999,0.44628686266397966,CRI
2608,2002,5263.290713,6838.412199,0.43492149421226844,CRI
2609,2003,6102.098133,7573.177596,0.44621390119833537,CRI
2610,2004,6299.985221,8192.021777,0.43472137585011117,CRI
2611,2005,7025.50177,9766.546695,0.4183826520417323,CRI
2612,2006,8197.54873,11499.233075,0.41618721327963665,CRI
2613,2007,9337.521516,12902.04741,0.4198607242374928,CRI
2614,2008,9503.406829,15308.131397,0.38302368609461646,CRI
2615,2009,8787.275926,11312.270933,0.4371877628706495,CRI
2616,2010,9447.514364,13566.160088,0.41051742448624784,CRI
2617,2011,10370.58656,15872.682322,0.3951712954140817,CRI
2618,2012,11452.502788,17196.827543,0.39974766096392217,CRI
2619,2013,11487.040544,18122.588169,0.387949496271686,CRI
2620,2014,11248.463935,16718.79706,0.40220112856282225,CRI
2621,2015,13481.790941,21312.663796,0.3874695276274477,CRI
2622,2016,9912.62927,15367.56759,0.3921104461684164,CRI
2623,2017,10597.264045,15919.993565,0.3996365009103971,CRI
2624,2018,11332.202138,16707.575268,0.40414736443575033,CRI
2625,2019,11444.425554,16100.173427,0.41548710009879813,CRI
2626,2020,11609.838177,13846.332257,0.4560716706034291,CRI
2627,2021,14359.849846,18335.412569,0.4392027708397275,CRI
2628,2022,15711.270417,21345.225029,0.4239815510858279,CRI
2629,1993,3903.918,4666.735,0.45549831500586946,HRV
2630,1994,4260.501,5229.315,0.44895506930798246,HRV
2631,1995,4632.684,7510.128,0.3815165712851356,HRV
2632,1996,4512.06041,7786.54051,0.36687591046738344,HRV
2633,1997,4331.61,9099.7875,0.32249883156238957,HRV
2634,1998,4556.532,8326.8543378,0.35367502615605684,HRV
2635,1999,4226.07,7724.49,0.3536294533477929,HRV
2636,2000,4412.786086,7874.80044,0.35912553508068784,HRV
2637,2001,4652.588671,9146.373578,0.33716946151781596,HRV
2638,2002,4908.930927,10729.426221,0.3139032368005361,HRV
2639,2003,6188.602799,14219.667034,0.30323995368745477,HRV
2640,2004,8026.220115,16593.529208,0.3260073857657775,HRV
2641,2005,8767.204534,18552.348869,0.32091317177378387,HRV
2642,2006,10377.488548,21498.196261,0.32556127374775484,HRV
2643,2007,12367.979903,25855.494231,0.3235702714944639,HRV
2644,2008,14122.016067,30716.662189,0.31495165817271364,HRV
2645,2009,10466.650173,21205.869316,0.33046471647559056,HRV
2646,2010,11803.20696,20038.059565,0.3706889909901283,HRV
2647,2011,13338.06827,22701.203112,0.3700981667643194,HRV
2648,2012,12361.794613,20830.311603,0.37243176231585723,HRV
2649,2013,12595.035621,21863.735533,0.3655102953239805,HRV
2650,2014,13800.567939,22520.566874,0.37995971243884497,HRV
2651,2015,12901.501251,20363.043907,0.3878454128778982,HRV
2652,2016,13784.893693,21711.863327,0.3883423402659898,HRV
2653,2017,16049.015962,24571.865875,0.39509275122091436,HRV
2654,2018,17376.200944,28137.450506,0.38177998008111913,HRV
2655,2019,17149.521257,28072.983937,0.3792253698336764,HRV
2656,2020,17177.34522,26793.589878,0.3906522611292227,HRV
2657,2021,21856.559689,34400.151466,0.38851470767248053,HRV
2658,2022,25431.865548,44399.69754,0.3641886909498417,HRV
2659,1948,708.9,578.6,0.5506019417475728,CUB
2660,1949,575.9,493.79,0.5383802783984144,CUB
2661,1950,639.1,563.09,0.5316131393540122,CUB
2662,1951,764.2,700.59,0.5217130100560491,CUB
2663,1952,671.7,676.93,0.4980609952321986,CUB
2664,1953,633.6,536.36,0.5415569763068823,CUB
2665,1954,538.7,536.47,0.5010370453044635,CUB
2666,1955,593.6,632.39,0.48418013197497534,CUB
2667,1956,666.1,713.35,0.482873609047084,CUB
2668,1957,806.6,849.53,0.4870390609432834,CUB
2669,1963,8.6,4.9,0.637037037037037,CUB
2670,1981,1473.37,2215.323,0.39942874074909457,CUB
2671,1982,1284.98947949689,1747.30307283089,0.4237683064288934,CUB
2672,1983,1046.55654372873,1808.94695392506,0.36650508205947846,CUB
2673,1984,933.358186326458,2559.20818568549,0.2672413597651352,CUB
2674,1985,1111.18164832169,3294.1772599797,0.25223407932275316,CUB
2675,1986,949.056372983156,2807.81884642092,0.2526185506724648,CUB
2676,1987,1221.99875286456,2147.98060724685,0.3626131267534414,CUB
2677,1988,1601.17333272563,3020.49403432996,0.3464492802184764,CUB
2678,1989,1665.53517183312,3244.19975009686,0.3392311801587876,CUB
2679,1990,1355.426640198,2955.70369784094,0.3144016844581323,CUB
2680,1991,1063.73180344624,2360.57281094888,0.31064169904000816,CUB
2681,1992,1162.49595299076,1517.10705122145,0.43383141128121255,CUB
2682,1993,1143.99582854552,1563.04642210389,0.4225999163001905,CUB
2683,1994,1371.97644038875,1870.99062897913,0.42306209438512,CUB
2684,1995,1498.09130325953,2656.11044208908,0.36062073897516356,CUB
2685,1996,1954.4175855506,3033.08993756504,0.39186258396452445,CUB
2686,1997,1743.55020759291,2472.73406668639,0.4135276689546602,CUB
2687,1998,1484.07060405432,2977.23763016511,0.332653680521579,CUB
2688,1999,1438.04576128882,2894.28191281081,0.33193374773704837,CUB
2689,2000,1670.943125,4845.146297,0.25643342452583057,CUB
2690,2001,1660.408732,4749.452459,0.25903973308054745,CUB
2691,2002,1413.501991,4347.733373,0.24534703092196045,CUB
2692,2003,1674.570555,4988.757396,0.2513114418672262,CUB
2693,2004,2331.292233,6049.150074,0.2781824810192563,CUB
2694,2005,2319.489706,8592.016415,0.21257282727780086,CUB
2695,2006,3416.834047,9602.912939,0.2624347501279469,CUB
2696,2007,4652.971457,11015.687481,0.2969604147624596,CUB
2697,2008,3951.991509,13942.991148,0.2208435506616205,CUB
2698,2009,2789.483932,8720.542193,0.24235252828324924,CUB
2699,2010,3215.17174,9634.34849,0.2502172596680678,CUB
2700,2011,4044.999085,11193.356251,0.26544853403200624,CUB
2701,2012,3687.132758,11594.327774,0.24128143709032226,CUB
2702,2013,3800.169391,12197.578278,0.23754402617337594,CUB
2703,2014,3149.22712,10564.715712,0.22963688550980538,CUB
2704,2015,3079.880211,11733.313215,0.20791466920253798,CUB
2705,2016,2129.290542,10430.195786,0.16953643535985863,CUB
2706,2017,2344.712311,10387.653103,0.18415370865981023,CUB
2707,2018,2314.304749,11677.152967,0.16540840818562208,CUB
2708,2019,2063.567945,10159.860612,0.16882071469369,CUB
2709,2020,1703.441803,7393.689576,0.18725043445368492,CUB
2710,2021,1967.724335,8743.351146,0.18370931457727815,CUB
2711,2022,885.549848,6746.855903,0.11602499616637586,CUB
2712,2010,0.085488,,,"['CUW', 'NLD']"
2713,2011,8.484853,104.223581,0.07528143812201311,"['CUW', 'NLD']"
2714,2012,9.161262,65.398358,0.12287162944231746,"['CUW', 'NLD']"
2715,2013,18.565545,4.543921,0.8033740372884427,"['CUW', 'NLD']"
2716,2014,9.916651,7.100971,0.58272836239987,"['CUW', 'NLD']"
2717,2015,12.20302,92.916698,0.11608687915239652,"['CUW', 'NLD']"
2718,2016,14.122032,6.901591,0.6717220909069764,"['CUW', 'NLD']"
2719,2017,131.768364,1779.592645,0.06893954798677177,"['CUW', 'NLD']"
2720,2018,137.887143,1841.396887,0.06966516220514345,"['CUW', 'NLD']"
2721,2019,114.28422,1615.699193,0.06606087615708256,"['CUW', 'NLD']"
2722,2020,89.673553,1349.375747,0.062314441207816845,"['CUW', 'NLD']"
2723,2021,149.173314,1423.797589,0.09483539315030802,"['CUW', 'NLD']"
2724,2022,138.19889,1759.278235,0.07283296761746207,"['CUW', 'NLD']"
2725,1948,21.7,59.9,0.2659313725490196,CYP
2726,1949,26.8,38.1,0.4129429892141756,CYP
2727,1950,28.4,35.8,0.44236760124610597,CYP
2728,1951,40.2,51.7,0.43743199129488575,CYP
2729,1952,48.6,55.0,0.4691119691119692,CYP
2730,1953,40.9,57.7,0.41480730223123735,CYP
2731,1954,46.3,65.5,0.4141323792486583,CYP
2732,1955,51.6,84.7,0.37857666911225235,CYP
2733,1956,61.8,108.3,0.36331569664902996,CYP
2734,1957,52.4,126.0,0.29372197309417036,CYP
2735,1958,48.9,102.1,0.323841059602649,CYP
2736,1959,52.9,114.3,0.31638755980861244,CYP
2737,1960,53.4,109.5,0.3278084714548803,CYP
2738,1961,49.0,112.2,0.30397022332506207,CYP
2739,1962,57.5,124.6,0.3157605711147721,CYP
2740,1963,61.3,130.9,0.3189386056191467,CYP
2741,1964,57.2,104.7,0.3533045089561458,CYP
2742,1965,68.5,142.7,0.3243371212121212,CYP
2743,1966,78.2,154.3,0.3363440860215054,CYP
2744,1967,82.0,161.8,0.3363412633305988,CYP
2745,1968,87.8,169.0,0.3419003115264797,CYP
2746,1969,96.838,209.987,0.31561313452293654,CYP
2747,1970,106.664,235.753,0.31150322559919635,CYP
2748,1971,115.583,259.921,0.30780763986535425,CYP
2749,1972,133.793,316.769,0.29694692406372486,CYP
2750,1973,171.936,449.406,0.276717170254063,CYP
2751,1974,158.394,409.583,0.2788739684881606,CYP
2752,1975,150.344,306.405,0.3291610928540621,CYP
2753,1976,253.249,432.544,0.36927906817363254,CYP
2754,1977,330.169,622.783,0.3464697067638244,CYP
2755,1978,340.596,757.99,0.31003125836302303,CYP
2756,1979,452.877,1009.138,0.30976221174201357,CYP
2757,1980,530.808,1201.718,0.30637808610087236,CYP
2758,1981,562.352,1165.747,0.32541654152916005,CYP
2759,1982,544.149,1223.323,0.3078685263472349,CYP
2760,1983,503.347,1218.832,0.2922733351178942,CYP
2761,1984,572.573,1363.544,0.2957326442565196,CYP
2762,1985,476.013,1250.239,0.2757494270824885,CYP
2763,1986,492.273,1268.795,0.27953094372278636,CYP
2764,1987,592.307,1485.146,0.2851121060259847,CYP
2765,1988,700.189520681894,1853.96337172237,0.27413766919128896,CYP
2766,1989,812.450242356753,2287.68244449674,0.2620695061866389,CYP
2767,1990,944.529040012628,2564.72055682915,0.26915413507852975,CYP
2768,1991,975.208429032739,2659.36950607837,0.26831407840011745,CYP
2769,1992,1025.0935643182,3427.44620850529,0.23022670579496185,CYP
2770,1993,881.475798377869,2536.23925243904,0.25791377726682535,CYP
2771,1994,961.574219700001,3018.64896968772,0.24158801502986074,CYP
2772,1995,1228.78092356147,3694.16189211182,0.24960292442345072,CYP
2773,1996,1413.73097103073,3983.49999802579,0.2619363483119311,CYP
2774,1997,1248.22615759891,3696.01543203806,0.2524605917751201,CYP
2775,1998,1067.48418775592,3685.02654591977,0.2246147873358522,CYP
2776,1999,1000.55473517772,3617.83285130182,0.21664589999047984,CYP
2777,2000,401.632014,3112.758906,0.114282111222846,CYP
2778,2001,433.702725,3345.546867,0.11475895265506454,CYP
2779,2002,422.757042,3690.695294,0.10277426537804424,CYP
2780,2003,477.421103,4056.000152,0.10531143614184162,CYP
2781,2004,878.922746,5445.356021,0.13897596522566444,CYP
2782,2005,1208.008947,6184.089158,0.16341895492200045,CYP
2783,2006,1063.029353,6822.933861,0.13480019170173113,CYP
2784,2007,1157.47414,8614.919349,0.11844325970939217,CYP
2785,2008,1293.359501,10637.618997,0.10840347262521735,CYP
2786,2009,1064.332876,7815.701084,0.11985684748439857,CYP
2787,2010,1186.24604,8414.972065,0.12355161887034333,CYP
2788,2011,1458.829918,8571.785552,0.14543772736210772,CYP
2789,2012,1399.829675,7276.580058,0.16133743311774046,CYP
2790,2013,1678.102242,6315.873748,0.20992085091313864,CYP
2791,2014,2824.499333,7993.191568,0.2611000220702276,CYP
2792,2015,2993.279185,7013.623616,0.2991214409218483,CYP
2793,2016,2644.842298,7645.654982,0.25701792887505626,CYP
2794,2017,2908.936434,8937.156966,0.24556082210190913,CYP
2795,2018,4426.709642,10302.36268,0.3005423250850679,CYP
2796,2019,2990.671506,8975.11988,0.24993512000377105,CYP
2797,2020,2865.683498,8520.072284,0.2516902305712919,CYP
2798,2021,3695.485686,10261.585243,0.26477515983110184,CYP
2799,2022,3927.721844,11926.159727,0.24774512326272252,CYP
2800,1993,11773.5568647864,13805.3422749437,0.4602839551644063,CZE
2801,1994,14280.5200057337,16325.0231741933,0.46659913603819797,CZE
2802,1995,17177.155987403,22973.1768449356,0.4278210110768464,CZE
2803,1996,22152.0279803224,30704.571524262,0.41909672941410264,CZE
2804,1997,22516.8073706296,29719.0323532744,0.4310605034712504,CZE
2805,1998,26419.9005498719,31777.3556716308,0.45397158328763765,CZE
2806,1999,26238.5097259125,31148.3215073254,0.4572217904709018,CZE
2807,2000,28963.28359,31801.750166,0.47664391508941,CZE
2808,2001,33317.653244,36281.684107,0.4787064721029459,CZE
2809,2002,38464.544625,40685.98324,0.485967000632081,CZE
2810,2003,48719.409005,51805.825122,0.48464855046693683,CZE
2811,2004,68914.512004,69858.397784,0.4965991713316312,CZE
2812,2005,77803.829741,76284.426004,0.5049303035122756,CZE
2813,2006,94870.024331,93296.478629,0.5041812588246232,CZE
2814,2007,122693.457256,118322.384223,0.5090680201894132,CZE
2815,2008,146947.249463,141508.335915,0.5094276447115293,CZE
2816,2009,113108.476689,104625.524056,0.5194800825869517,CZE
2817,2010,132920.748254,125942.905519,0.5134778340514327,CZE
2818,2011,162831.136846,151501.700684,0.5180214008994825,CZE
2819,2012,157061.358548,140680.016052,0.5275093485378165,CZE
2820,2013,162191.40884,143442.770317,0.5306716980651713,CZE
2821,2014,174917.101316,153162.78307,0.5331539958426789,CZE
2822,2015,157745.873384,140402.308034,0.5290854790183753,CZE
2823,2016,162490.333824,141280.050411,0.5349117038950569,CZE
2824,2017,181900.408679,160523.125106,0.5312146822046734,CZE
2825,2018,201979.550877,182224.797217,0.5257086544673445,CZE
2826,2019,198978.832562,177426.927241,0.528628554106451,CZE
2827,2020,191867.8402,170325.461006,0.5297387874406705,CZE
2828,2021,226435.289994,209660.890589,0.5192324539308909,CZE
2829,2022,241536.491279,232045.898216,0.5100200020878313,CZE
2830,1948,746.2,825.11,0.47489037809216517,CZE
2831,1955,1176.1,1157.97,0.5038837738371171,CZE
2832,1956,1387.5,1304.16,0.5154811528944964,CZE
2833,1957,1358.2,1525.59,0.4709774290083536,CZE
2834,1960,23.8,14.74,0.6175402179553711,CZE
2835,1961,14.8,15.62,0.48652202498356345,CZE
2836,1962,14.1,21.12,0.40034071550255534,CZE
2837,1963,8.0,8.03,0.49906425452276976,CZE
2838,1980,14923.218,16736.0908,0.4713690401225689,CZE
2839,1981,14788.465,16097.2284,0.4788127890954198,CZE
2840,1982,11779.5442114859,12524.0765724704,0.48468268642761264,CZE
2841,1983,12319.0114739629,12921.3980582524,0.48806702039599137,CZE
2842,1984,11220.5539943798,11898.2818145323,0.4853425184175744,CZE
2843,1985,11385.9393232205,12266.0910151692,0.4813937391556588,CZE
2844,1986,13050.8338892595,14684.9633088726,0.4705411492602932,CZE
2845,1987,14574.4869999391,16294.6818486269,0.4721373313106273,CZE
2846,1988,14638.663262938,15986.2752378742,0.477998127655008,CZE
2847,1989,14109.3827843897,15530.1854414614,0.47603199469295066,CZE
2848,1990,11654.047530635,15069.714073524,0.4360930808790514,CZE
2849,1991,10895.9036553303,11263.6417606649,0.4917024898654022,CZE
2850,1992,12319.414,13946.251,0.46903110962543687,CZE
2851,1960,151.19,119.92,0.5576703183209767,CIV
2852,1961,177.9,155.4,0.5337533753375338,CIV
2853,1962,193.1,156.2,0.5528199255654166,CIV
2854,1963,230.2,169.9,0.5753561609597599,CIV
2855,1964,301.6,244.5,0.5522798022340231,CIV
2856,1965,276.9,235.9,0.5399765990639626,CIV
2857,1966,310.6,257.5,0.5467347298010914,CIV
2858,1967,339.2,269.5,0.5572531624774109,CIV
2859,1968,422.5,313.5,0.5740489130434783,CIV
2860,1969,459.49,334.18,0.5789433895699724,CIV
2861,1970,467.34,383.81,0.5490689067731892,CIV
2862,1971,451.6,393.94,0.534096553681671,CIV
2863,1972,540.72,441.31,0.5506145433438897,CIV
2864,1973,860.71,710.63,0.5477554189417949,CIV
2865,1974,1212.99,965.72,0.5567468823294518,CIV
2866,1975,1183.74,1125.04,0.5127123415830006,CIV
2867,1976,1637.11,1297.09,0.5579408356621908,CIV
2868,1977,2136.51,1730.73,0.5524637726130264,CIV
2869,1978,2303.54,2291.07,0.50135702486174,CIV
2870,1979,2504.37,2446.5,0.505844427343073,CIV
2871,1980,3131.62,2975.41,0.5127893591483913,CIV
2872,1981,2526.52,2394.46,0.5134180590045073,CIV
2873,1982,2268.57,2182.07,0.5097177035212913,CIV
2874,1983,2088.81,1844.75,0.5310227885172719,CIV
2875,1984,2824.11603643502,1577.03495039593,0.6416766988647499,CIV
2876,1985,3134.0026499291,1759.50356281863,0.6404411302809689,CIV
2877,1986,3351.24932170741,2047.48950526451,0.6207467019824481,CIV
2878,1987,3103.15506353244,2242.33139466369,0.5805187400249482,CIV
2879,1988,2774.80642331845,2081.54464049645,0.5713768191088526,CIV
2880,1989,2806.72451108061,2111.04403376623,0.5707313155316509,CIV
2881,1990,2812.62195205935,2097.58001202878,0.5728118665240443,CIV
2882,1991,2777.17438502038,2103.33046373636,0.5690342436044987,CIV
2883,1992,2989.60156859462,2409.55707992053,0.5537161923213361,CIV
2884,1993,2662.27370602992,2087.93845516179,0.5604536420036493,CIV
2885,1994,2828.67891446595,1960.56991689111,0.5906310183646124,CIV
2886,1995,3728.19095639525,3037.71563495758,0.55102607552402,CIV
2887,1996,4995.89259047899,2908.83586235306,0.6320131830321252,CIV
2888,1997,4150.0687113892,2756.12371694912,0.6009199359056575,CIV
2889,1998,4692.09314952925,3279.39105081748,0.5886097283270236,CIV
2890,1999,4209.43708608357,3046.88197949223,0.580106393895118,CIV
2891,2000,3580.705134,2493.152103,0.5895273784486548,CIV
2892,2001,3648.550288,2549.400627,0.5886704070485528,CIV
2893,2002,4979.558922,2586.845817,0.6581142687667161,CIV
2894,2003,5499.965759,3553.95062,0.6074681418260975,CIV
2895,2004,6583.216561,4710.69791,0.5828994524355647,CIV
2896,2005,7242.876399,5863.561729,0.5526197375873348,CIV
2897,2006,8131.977885,5814.913461,0.5830674150431573,CIV
2898,2007,8060.756504,6683.335582,0.5467109440841021,CIV
2899,2008,9858.191792,7903.374382,0.55502942113465,CIV
2900,2009,10305.862873,7000.638782,0.5954908206432665,CIV
2901,2010,10272.419586,7871.817975,0.5661532787732,CIV
2902,2011,11076.310184,6702.404296,0.623009621784533,CIV
2903,2012,10861.724001,9969.730737,0.5214097689100142,CIV
2904,2013,13750.094891,12721.279768,0.5194325972159178,CIV
2905,2014,12801.806702,11069.56649,0.5362827935801474,CIV
2906,2015,13575.51498,10585.905022,0.5618674307584681,CIV
2907,2016,11774.926765,8989.781657,0.5670643924151896,CIV
2908,2017,13641.10945,10077.527687,0.5751219756518172,CIV
2909,2018,12830.340639,11395.517853,0.5296134559374607,CIV
2910,2019,13428.402147,10910.828319,0.5517184352134069,CIV
2911,2020,13287.641437,10970.745908,0.5477545249824189,CIV
2912,2021,29268.510568,13986.554882,0.6766493187215834,CIV
2913,2022,34734.783127,18088.29485,0.657568329170899,CIV
2914,1948,562.8,709.0,0.4425224091838339,DNK
2915,1949,664.3,801.2,0.45329239167519614,DNK
2916,1950,654.9,846.3,0.43625099920063953,DNK
2917,1951,822.5,1006.8,0.4496255398239764,DNK
2918,1952,836.6,956.5,0.4665662818582344,DNK
2919,1953,882.5,994.6,0.4701401097437537,DNK
2920,1954,951.1,1166.5,0.4491405364563657,DNK
2921,1955,1047.3,1176.3,0.47099298434970316,DNK
2922,1956,1098.5,1308.0,0.456472054851444,DNK
2923,1957,1161.8,1356.7,0.46130633313480246,DNK
2924,1958,1260.0,1345.2,0.48364808843850765,DNK
2925,1959,1395.5,1599.2,0.46598991551741414,DNK
2926,1960,1482.2,1797.6,0.45191779986584546,DNK
2927,1961,1534.5,1867.8,0.45101842870999026,DNK
2928,1962,1655.2,2125.6,0.4377909437156157,DNK
2929,1963,1899.9,2125.7,0.4719544912559619,DNK
2930,1964,2112.7,2609.9,0.4473595053572184,DNK
2931,1965,2315.0,2819.6,0.4508627741206715,DNK
2932,1966,2450.2,3000.6,0.4495119982387907,DNK
2933,1967,2530.0,3149.6,0.4454539052045918,DNK
2934,1968,2631.4,3221.3,0.44960445606301364,DNK
2935,1969,3014.19,3812.45,0.44153346302134,DNK
2936,1970,3350.64,4404.29,0.4320657955648858,DNK
2937,1971,3681.05,4613.54,0.44378926505107547,DNK
2938,1972,4407.17,5051.51,0.46593922196331833,DNK
2939,1973,6249.39,7791.08,0.4450983478473299,DNK
2940,1974,7714.57,9876.8,0.4385428764217909,DNK
2941,1975,8711.97,10367.35,0.45661847487227003,DNK
2942,1976,9110.63,12421.37,0.42312047185584245,DNK
2943,1977,10062.61,13236.76,0.4318833513524185,DNK
2944,1978,11884.32,14814.71,0.44512178906874145,DNK
2945,1979,14692.54,18407.15,0.44388754094071575,DNK
2946,1980,16972.77,19409.57,0.46651122495144626,DNK
2947,1981,16084.5,17565.17,0.4779987441184416,DNK
2948,1982,15394.9,16690.75,0.47980639320069873,DNK
2949,1983,16047.66,16265.7,0.4966261632959246,DNK
2950,1984,15926.76,16607.18,0.48954292040865627,DNK
2951,1985,17067.86,18222.62,0.48363921374829705,DNK
2952,1986,21156.01,22844.0,0.4808182998140228,DNK
2953,1987,25584.95,25442.0,0.5014007303983483,DNK
2954,1988,27432.9719913615,26194.03,0.5115514754261397,DNK
2955,1989,27743.047915138,26297.0598725734,0.5133788412140566,DNK
2956,1990,34030.1147501571,31371.6528058897,0.5203240833054642,DNK
2957,1991,35087.5064800173,31906.3830200263,0.5237418926093919,DNK
2958,1992,41129.5847816834,35216.5282371479,0.5387253280535513,DNK
2959,1993,35906.2232102476,29508.2464659151,0.5489033754764502,DNK
2960,1994,39814.3987412438,33928.844817919,0.5399057163698185,DNK
2961,1995,47482.1160104956,42230.2907104736,0.5292703400342199,DNK
2962,1996,47108.9326492303,40936.6763020152,0.5350514717357054,DNK
2963,1997,48775.1973130275,44469.9059511686,0.523085884465485,DNK
2964,1998,47909.9649893944,45900.8322853697,0.5107084299589743,DNK
2965,1999,49355.429,44610.057,0.5252506116980015,DNK
2966,2000,51042.970945,45347.505597,0.5295437140282128,DNK
2967,2001,51619.091797,45237.454817,0.5329437565301217,DNK
2968,2002,57367.998256,50207.23233,0.5332825962212342,DNK
2969,2003,66225.623333,57412.518816,0.5356407188098115,DNK
2970,2004,76646.682395,68148.820452,0.5293443573036221,DNK
2971,2005,84414.605458,75440.454756,0.5280696484990409,DNK
2972,2006,92493.394531,85554.666102,0.5194855490262891,DNK
2973,2007,102905.473436,98105.822636,0.5119387589000989,DNK
2974,2008,116359.91509,109453.693783,0.5152918624822211,DNK
2975,2009,93650.219734,83037.167477,0.530033417847551,DNK
2976,2010,96143.61219,83011.116738,0.5366512665632114,DNK
2977,2011,111406.274717,95608.404556,0.5381564008322487,DNK
2978,2012,106277.423184,91856.966431,0.5363905952445226,DNK
2979,2013,110053.446762,97357.595648,0.5306055332601421,DNK
2980,2014,111034.082786,99556.387181,0.5272512227329151,DNK
2981,2015,94886.844494,85594.330862,0.5257437198468773,DNK
2982,2016,94683.28504,85499.779429,0.525483820130554,DNK
2983,2017,101808.028215,92949.71084,0.5227418879937253,DNK
2984,2018,108877.454344,102702.243147,0.5145931090511713,DNK
2985,2019,109801.550599,98107.739647,0.5281223867826296,DNK
2986,2020,107692.122125,98179.770241,0.5231025998126274,DNK
2987,2021,125054.210913,120171.594769,0.5099553473387943,DNK
2988,2022,130428.624169,128895.887407,0.5029552485275786,DNK
2989,1981,23.9954545454545,263.320019389632,0.08351605368416676,DJI
2990,1982,17.8241718566284,287.1484,0.05844516360313142,DJI
2991,1983,31.15647224525,252.988,0.10965010861924604,DJI
2992,1984,31.6172620501272,227.617,0.12196405598583061,DJI
2993,1985,23.5106969628379,309.405889883263,0.07062038327848866,DJI
2994,1986,31.480707773393,184.339498427829,0.14586543274841313,DJI
2995,1987,36.2254466827635,205.304944266575,0.14998297539443745,DJI
2996,1988,51.9954652999274,201.276157572825,0.2052952664422683,DJI
2997,1989,47.9751331260021,196.493380073261,0.1962425855917821,DJI
2998,1990,59.4716813083555,214.84799207747,0.21679699663651064,DJI
2999,1991,95.0283025714144,214.43,0.307079505645141,DJI
3000,1992,95.6864370085821,470.01138134445,0.16914761539502274,DJI
3001,1993,114.367478769915,463.052874930793,0.19806624071515608,DJI
3002,1994,126.773605539201,391.874951192547,0.24443065326945473,DJI
3003,1995,95.4282133809419,440.37451738233,0.1781032605880912,DJI
3004,1996,116.187383852253,410.245030564288,0.22070712340353613,DJI
3005,1997,102.018696235972,401.665735627143,0.2025448669489498,DJI
3006,1998,125.188985693139,565.211794020293,0.18132799001922015,DJI
3007,1999,151.081048772878,617.287307506021,0.19662580784110176,DJI
3008,2000,51.868698,272.840488,0.15973893020692062,DJI
3009,2001,105.249205,295.421394,0.2626826257346624,DJI
3010,2002,51.630935,262.959318,0.16412121643196617,DJI
3011,2003,50.939447,267.519923,0.15995587443384063,DJI
3012,2004,45.574737,274.075544,0.14257687137775427,DJI
3013,2005,43.084326,277.668417,0.13432254887996392,DJI
3014,2006,46.566775,326.229817,0.12491201904549598,DJI
3015,2007,48.589344,418.308247,0.1040685258108346,DJI
3016,2008,58.68224,532.751981,0.09922023095109338,DJI
3017,2009,373.720514,1677.550911,0.18218969437455113,DJI
3018,2010,1402.817205,1654.47397,0.45884318002520647,DJI
3019,2011,1352.410281,2247.157647,0.3757146157681845,DJI
3020,2012,1902.309926,2306.482774,0.4519847047824427,DJI
3021,2013,1387.347545,2132.187997,0.39418483730146686,DJI
3022,2014,1733.553133,2291.071463,0.4307366045327423,DJI
3023,2015,2734.424402,2561.595288,0.5163168874094575,DJI
3024,2016,2684.456363,2828.663449,0.4869214627182493,DJI
3025,2017,2871.985177,3043.200614,0.48552746751754566,DJI
3026,2018,3528.162216,3420.255841,0.5077648159706865,DJI
3027,2019,3075.613623,3180.883766,0.4915871344256386,DJI
3028,2020,3357.898547,3228.863602,0.5097950208373312,DJI
3029,2021,3892.286048,4095.524375,0.48727822042353447,DJI
3030,2022,4669.733784,5173.498091,0.4744106248132044,DJI
3031,1976,11.113,19.06,0.36830941570278064,DMA
3032,1977,11.959,21.879,0.3534192328151782,DMA
3033,1978,15.886,28.434,0.35843862815884475,DMA
3034,1979,9.402,22.21,0.29741870175882573,DMA
3035,1980,9.742,47.675,0.1696710033613738,DMA
3036,1981,32.4836363636364,37.2009,0.4661527228096389,DMA
3037,1982,25.06,45.89,0.35320648343904154,DMA
3038,1983,26.482,42.878,0.38180507497116495,DMA
3039,1984,24.6140066757759,54.8049059462118,0.30992626143009333,DMA
3040,1985,27.282517417512,52.6387770565329,0.3413673113912366,DMA
3041,1986,42.7135948227247,54.1126618618727,0.44113648802783206,DMA
3042,1987,47.03949,64.3602411111111,0.42225855961072645,DMA
3043,1988,54.4738948148148,85.1348114814814,0.3901898116525988,DMA
3044,1989,43.8564981481481,104.421117777778,0.2957728843580622,DMA
3045,1990,52.5551185185185,113.348132962963,0.3167817269957775,DMA
3046,1991,51.6641783374839,120.464858088889,0.30014795533688426,DMA
3047,1992,52.5543703703703,106.938430774318,0.3295093571194737,DMA
3048,1993,47.6366028047599,94.2068175320107,0.3358393550554483,DMA
3049,1994,47.0715518518518,96.3453503703704,0.3282148137526718,DMA
3050,1995,45.0097488888889,117.282492962963,0.27733764950992507,DMA
3051,1996,51.1607285185186,129.953612962963,0.28247751172012864,DMA
3052,1997,51.3525925925926,134.497037037037,0.27631259042555323,DMA
3053,1998,61.1007407407409,132.219259259259,0.31606011142531004,DMA
3054,1999,54.6674074074074,140.224814814815,0.28050071359478806,DMA
3055,2000,56.288192,147.523347,0.27617765056962745,DMA
3056,2001,45.655153,131.167724,0.2581970940332568,DMA
3057,2002,45.790051,157.092524,0.22569730791321038,DMA
3058,2003,42.767884,173.069012,0.19814908754062144,DMA
3059,2004,43.951577,197.423913,0.18208798664686293,DMA
3060,2005,42.766635,226.151431,0.15903221243603619,DMA
3061,2006,45.516891,226.39596,0.16739514455681245,DMA
3062,2007,42.00038,264.22607,0.13715464487146686,DMA
3063,2008,42.729982,325.827924,0.11593831336777781,DMA
3064,2009,53.82207,308.631331,0.14849376458189173,DMA
3065,2010,45.722508,306.508716,0.12980821938716028,DMA
3066,2011,61.215351,257.462941,0.1920913740807924,DMA
3067,2012,49.298242,275.833337,0.15162551159018609,DMA
3068,2013,58.910487,266.884183,0.18082090477416343,DMA
3069,2014,84.944562,292.068594,0.2253092780666784,DMA
3070,2015,51.719843,311.601785,0.14235277785334594,DMA
3071,2016,19.957465,296.432546,0.06307868234183917,DMA
3072,2017,13.913219,271.319369,0.0487785042289768,DMA
3073,2018,17.153992,423.40925,0.03893650301402131,DMA
3074,2019,15.484155,400.790027,0.03719701021477234,DMA
3075,2020,17.835376,252.02898,0.06609015086082728,DMA
3076,2021,16.654766,268.515115,0.058402962969290574,DMA
3077,2022,21.043358,360.906768,0.05509451775910659,DMA
3078,1948,81.5,70.84,0.5349875278981227,DOM
3079,1949,72.3,49.06,0.5957481872116018,DOM
3080,1950,85.0,46.75,0.6451612903225806,DOM
3081,1951,116.8,62.59,0.6510953787836558,DOM
3082,1952,114.5,105.27,0.5209992264640306,DOM
3083,1953,104.8,95.26,0.5238428471458563,DOM
3084,1954,119.8,90.86,0.5686888825595746,DOM
3085,1955,114.7,107.47,0.5162713237610839,DOM
3086,1956,123.9,119.13,0.5098136032588569,DOM
3087,1958,135.8,,,DOM
3088,1959,128.4,128.26,0.5002727343567366,DOM
3089,1960,179.7,95.92,0.6519846165009796,DOM
3090,1961,141.3,76.34,0.6492372725601911,DOM
3091,1962,172.72,58.0,0.7486130374479889,DOM
3092,1963,174.68,175.06,0.49945673929204554,DOM
3093,1964,171.79,,,DOM
3094,1965,124.22,87.77,0.5859710363696401,DOM
3095,1966,137.76,111.71,0.5522106866557102,DOM
3096,1967,156.73,192.07,0.44934059633027523,DOM
3097,1968,164.94,217.67,0.4310917121873448,DOM
3098,1969,182.6,,,DOM
3099,1970,213.57,,,DOM
3100,1971,243.02,,,DOM
3101,1972,347.44,,,DOM
3102,1973,442.12,,,DOM
3103,1974,635.8,,,DOM
3104,1975,893.86,,,DOM
3105,1976,716.15,,,DOM
3106,1977,771.68,925.73,0.45462204181665006,DOM
3107,1978,672.51,941.92,0.4165618825220047,DOM
3108,1979,871.04,1161.24,0.42860235794280316,DOM
3109,1980,958.03,1573.7,0.37840923005217775,DOM
3110,1981,1179.31,1556.02,0.4311399355836407,DOM
3111,1982,808.05,1375.22,0.37010997265569534,DOM
3112,1983,802.93,1405.45,0.3635832601273331,DOM
3113,1984,873.83,1382.71,0.3872433016919709,DOM
3114,1985,774.335,1415.09,0.3536704842595659,DOM
3115,1986,729.388,1504.16,0.3265602530144863,DOM
3116,1987,733.075,1721.5,0.2986565902447471,DOM
3117,1988,930.539,1768.8,0.34472846871030277,DOM
3118,1989,956.363,2171.07,0.30579807784851026,DOM
3119,1990,743.805,2194.10852291604,0.2531745724298014,DOM
3120,1991,660.729,2308.49558266697,0.22252577452613245,DOM
3121,1992,566.107,2726.74403239736,0.1719200153393656,DOM
3122,1993,567.777,3067.07288994282,0.15620369951754232,DOM
3123,1994,3364.281,5129.5684,0.3960843713569963,DOM
3124,1995,3438.482,5445.7601,0.3870315510650031,DOM
3125,1996,3922.674,6304.4696,0.3835551893492529,DOM
3126,1997,4779.487001,7624.7279537,0.3853115266427269,DOM
3127,1998,4980.499844,8352.7816548,0.3735389404662496,DOM
3128,1999,5136.706002,8844.0348689,0.36741300403412225,DOM
3129,2000,5736.690293,10047.225117,0.363451662276743,DOM
3130,2001,5253.778373,9306.037557,0.3608409885302719,DOM
3131,2002,5164.269327,9367.971313,0.3553663509249459,DOM
3132,2003,5469.862265,8084.839084,0.40353985854535557,DOM
3133,2004,5931.768384,8361.783657,0.41499610222743516,DOM
3134,2005,6138.028397,10461.677971,0.3697672875004918,DOM
3135,2006,6596.068695,12903.583401,0.3382659681581224,DOM
3136,2007,7102.933887,14412.037331,0.33013913033067394,DOM
3137,2008,6703.087141,16952.790438,0.28335821060177124,DOM
3138,2009,5464.105206,13033.668861,0.29539258000496155,DOM
3139,2010,6721.137488,16299.076672,0.29196676630744256,DOM
3140,2011,8380.152261,18045.103221,0.31712663163117866,DOM
3141,2012,9050.048562,18562.391134,0.32775258766109716,DOM
3142,2013,9506.167532,17478.717104,0.35227749387218094,DOM
3143,2014,14665.751113,19291.491952,0.431888745647791,DOM
3144,2015,14026.094113,18272.530968,0.4342628851173914,DOM
3145,2016,9785.186255,20441.496336,0.32372676775034326,DOM
3146,2017,10224.65841,20592.441572,0.3317852236573894,DOM
3147,2018,10758.011773,22546.322873,0.3230213690605011,DOM
3148,2019,11287.199351,23302.284349,0.3263188155364112,DOM
3149,2020,9844.071942,19508.305628,0.3353756239515422,DOM
3150,2021,11643.220012,29218.175137,0.28494426021292973,DOM
3151,2022,9836.347229,31426.456261,0.23838291141278925,DOM
3152,1948,2565.1,1958.46,0.5670533827339529,EMDEs by Source of Export Earnings: Fuel
3153,1949,905.0,1925.68,0.3197111648084559,EMDEs by Source of Export Earnings: Fuel
3154,1950,954.3,1673.03,0.36322045574785045,EMDEs by Source of Export Earnings: Fuel
3155,1951,2521.2,2116.36,0.543647952802767,EMDEs by Source of Export Earnings: Fuel
3156,1952,2792.1,2223.31,0.5567042375399021,EMDEs by Source of Export Earnings: Fuel
3157,1953,2893.6,2229.61,0.5648021455298533,EMDEs by Source of Export Earnings: Fuel
3158,1954,3339.1,2655.58,0.5570105493537603,EMDEs by Source of Export Earnings: Fuel
3159,1955,7035.0,6419.58,0.5228702791168509,EMDEs by Source of Export Earnings: Fuel
3160,1956,7402.4,7207.33,0.506676030289403,EMDEs by Source of Export Earnings: Fuel
3161,1957,8541.6,8926.81,0.48897409666935915,EMDEs by Source of Export Earnings: Fuel
3162,1958,3624.7,4606.95,0.4403369919760923,EMDEs by Source of Export Earnings: Fuel
3163,1959,4318.7,5076.02,0.4596943815249416,EMDEs by Source of Export Earnings: Fuel
3164,1960,4894.5,5112.7,0.4890978495483252,EMDEs by Source of Export Earnings: Fuel
3165,1961,4987.1,4984.76,0.5001173301670901,EMDEs by Source of Export Earnings: Fuel
3166,1962,5041.7,3911.34,0.5631271612770633,EMDEs by Source of Export Earnings: Fuel
3167,1963,5244.3,4018.77,0.5661513947319842,EMDEs by Source of Export Earnings: Fuel
3168,1964,8274.7,5859.75,0.5854278022844893,EMDEs by Source of Export Earnings: Fuel
3169,1965,8859.87,5521.79,0.6160533624073995,EMDEs by Source of Export Earnings: Fuel
3170,1966,9999.82,6742.32,0.5972844570646285,EMDEs by Source of Export Earnings: Fuel
3171,1967,11081.54,7183.43,0.6067100028086551,EMDEs by Source of Export Earnings: Fuel
3172,1968,12387.77,8148.699,0.6032083704360277,EMDEs by Source of Export Earnings: Fuel
3173,1969,11411.8,8923.462,0.561182836001818,EMDEs by Source of Export Earnings: Fuel
3174,1970,12874.541,8624.345,0.5988468890899743,EMDEs by Source of Export Earnings: Fuel
3175,1971,12182.717,9987.524,0.549507648563676,EMDEs by Source of Export Earnings: Fuel
3176,1972,15926.379,11683.484,0.5768365819127752,EMDEs by Source of Export Earnings: Fuel
3177,1973,28952.338,20099.631,0.5902380391702523,EMDEs by Source of Export Earnings: Fuel
3178,1974,83552.766,33815.057,0.7118881808006271,EMDEs by Source of Export Earnings: Fuel
3179,1975,73587.033,51432.541,0.5886040933078207,EMDEs by Source of Export Earnings: Fuel
3180,1976,102239.481,63550.374,0.6166811654428432,EMDEs by Source of Export Earnings: Fuel
3181,1977,110438.159,84903.153,0.5653599736240125,EMDEs by Source of Export Earnings: Fuel
3182,1978,103065.468,92661.815,0.5265769105883925,EMDEs by Source of Export Earnings: Fuel
3183,1979,166110.898173076,92186.5684674706,0.6430992155422113,EMDEs by Source of Export Earnings: Fuel
3184,1980,226976.366687638,101348.363430458,0.6913166930983123,EMDEs by Source of Export Earnings: Fuel
3185,1981,306130.834981489,204268.040757378,0.5997874398495213,EMDEs by Source of Export Earnings: Fuel
3186,1982,249970.950319298,200873.349486776,0.5544507281711677,EMDEs by Source of Export Earnings: Fuel
3187,1983,209890.536253789,177718.108017915,0.5415011748465056,EMDEs by Source of Export Earnings: Fuel
3188,1984,205885.814665533,165762.879011752,0.55397965381875,EMDEs by Source of Export Earnings: Fuel
3189,1985,196235.182361565,158852.375391433,0.5526388578730994,EMDEs by Source of Export Earnings: Fuel
3190,1986,142815.225677464,140851.236415432,0.503461793205199,EMDEs by Source of Export Earnings: Fuel
3191,1987,164180.033234124,142096.437548782,0.5360517339593402,EMDEs by Source of Export Earnings: Fuel
3192,1988,165952.97278767,160923.509892648,0.507693216186404,EMDEs by Source of Export Earnings: Fuel
3193,1989,191782.700884896,167617.364859151,0.5336189922165383,EMDEs by Source of Export Earnings: Fuel
3194,1990,231000.371432718,167795.336829872,0.579244878133478,EMDEs by Source of Export Earnings: Fuel
3195,1991,207568.537801888,174329.363923147,0.5435184033855639,EMDEs by Source of Export Earnings: Fuel
3196,1992,214447.875175975,185483.625966549,0.5362115126298891,EMDEs by Source of Export Earnings: Fuel
3197,1993,207599.201053099,162600.319854723,0.560776525436915,EMDEs by Source of Export Earnings: Fuel
3198,1994,235373.473567261,156399.025848335,0.6007912089755298,EMDEs by Source of Export Earnings: Fuel
3199,1995,273946.290377406,178139.369508344,0.6059610261618054,EMDEs by Source of Export Earnings: Fuel
3200,1996,320740.170433737,185684.784571078,0.6333419537563812,EMDEs by Source of Export Earnings: Fuel
3201,1997,330828.744866114,201110.635812973,0.6219294094070829,EMDEs by Source of Export Earnings: Fuel
3202,1998,253481.284161156,198240.986912634,0.5611440931584025,EMDEs by Source of Export Earnings: Fuel
3203,1999,298225.145608321,182207.73043768,0.6207425854423964,EMDEs by Source of Export Earnings: Fuel
3204,2000,508704.705747,185660.832647,0.7326180197876532,EMDEs by Source of Export Earnings: Fuel
3205,2001,441692.879771,211501.082919,0.6762047798972439,EMDEs by Source of Export Earnings: Fuel
3206,2002,459975.282463,228935.527606,0.6676848087445888,EMDEs by Source of Export Earnings: Fuel
3207,2003,589563.578812,271380.647903,0.6847871912232061,EMDEs by Source of Export Earnings: Fuel
3208,2004,762151.039514,352372.830949,0.6838355460232396,EMDEs by Source of Export Earnings: Fuel
3209,2005,1070870.070609,450528.916931,0.7038719490279962,EMDEs by Source of Export Earnings: Fuel
3210,2006,1297170.912838,559377.267955,0.698700376460971,EMDEs by Source of Export Earnings: Fuel
3211,2007,1463819.402698,754188.524495,0.6599703205527028,EMDEs by Source of Export Earnings: Fuel
3212,2008,2118020.791038,1022837.450803,0.6743445988178478,EMDEs by Source of Export Earnings: Fuel
3213,2009,1208417.802133,799356.517811,0.6018693386648678,EMDEs by Source of Export Earnings: Fuel
3214,2010,1658769.981384,926514.211324,0.6416199758860913,EMDEs by Source of Export Earnings: Fuel
3215,2011,2259139.688936,1133562.174325,0.6658821729665801,EMDEs by Source of Export Earnings: Fuel
3216,2012,2435135.674878,1366122.739176,0.6406130311674746,EMDEs by Source of Export Earnings: Fuel
3217,2013,2323370.410233,1302639.680856,0.6407512256909417,EMDEs by Source of Export Earnings: Fuel
3218,2014,2170516.083246,1271159.293035,0.6306568301602613,EMDEs by Source of Export Earnings: Fuel
3219,2015,1367670.792904,1038238.915141,0.5684630592456211,EMDEs by Source of Export Earnings: Fuel
3220,2016,1146246.707085,936750.998314,0.5502870714230745,EMDEs by Source of Export Earnings: Fuel
3221,2017,1375673.138179,1034078.385454,0.5708775882855348,EMDEs by Source of Export Earnings: Fuel
3222,2018,1706398.99850069,1039768.593751,0.6213746762270786,EMDEs by Source of Export Earnings: Fuel
3223,2019,1521679.915887,1064438.54706,0.5884030208550372,EMDEs by Source of Export Earnings: Fuel
3224,2020,1106755.186441,963366.1444282,0.534633004325547,EMDEs by Source of Export Earnings: Fuel
3225,2021,1652714.085682,1167816.305655,0.5859586164212801,EMDEs by Source of Export Earnings: Fuel
3226,2022,2278493.1945038,1280177.93356224,0.6402651755409743,EMDEs by Source of Export Earnings: Fuel
3227,1948,12770.1,15716.03,0.44829185291227697,EMDEs by Source of Export Earnings: Nonfuel
3228,1949,8392.6,11313.28,0.42589318518127584,EMDEs by Source of Export Earnings: Nonfuel
3229,1950,9673.3,9682.0,0.499775255356414,EMDEs by Source of Export Earnings: Nonfuel
3230,1951,13241.6,15265.57,0.464500685266198,EMDEs by Source of Export Earnings: Nonfuel
3231,1952,12898.6,16943.7,0.432225398176414,EMDEs by Source of Export Earnings: Nonfuel
3232,1953,13240.0,14714.88,0.47362034821827176,EMDEs by Source of Export Earnings: Nonfuel
3233,1954,13126.8,15038.23,0.466067318231154,EMDEs by Source of Export Earnings: Nonfuel
3234,1955,16382.2,19081.04,0.4619487672305181,EMDEs by Source of Export Earnings: Nonfuel
3235,1956,17414.3,20420.91,0.4602670369742893,EMDEs by Source of Export Earnings: Nonfuel
3236,1957,17160.5,22726.37,0.43022929600643023,EMDEs by Source of Export Earnings: Nonfuel
3237,1958,13438.382,17276.331,0.4375226296270456,EMDEs by Source of Export Earnings: Nonfuel
3238,1959,14174.226,17380.295,0.4491979453593987,EMDEs by Source of Export Earnings: Nonfuel
3239,1960,16074.749,20903.145,0.43471239871042955,EMDEs by Source of Export Earnings: Nonfuel
3240,1961,17220.263,22432.165,0.4342801656433245,EMDEs by Source of Export Earnings: Nonfuel
3241,1962,17009.365,21819.083,0.43806450878489916,EMDEs by Source of Export Earnings: Nonfuel
3242,1963,19243.313,23803.768,0.44702945131169286,EMDEs by Source of Export Earnings: Nonfuel
3243,1964,22727.725,26856.0102727273,0.45837057000626985,EMDEs by Source of Export Earnings: Nonfuel
3244,1965,23714.984,27858.823,0.4598261284066154,EMDEs by Source of Export Earnings: Nonfuel
3245,1966,25724.787,29786.246,0.46341755160636267,EMDEs by Source of Export Earnings: Nonfuel
3246,1967,26841.878,32398.0483636364,0.45310451325065304,EMDEs by Source of Export Earnings: Nonfuel
3247,1968,30300.382,35316.3496363636,0.4617782880122618,EMDEs by Source of Export Earnings: Nonfuel
3248,1969,33680.091,38001.6997272727,0.4698556029123554,EMDEs by Source of Export Earnings: Nonfuel
3249,1970,40589.017,47935.2213636364,0.4585073845342789,EMDEs by Source of Export Earnings: Nonfuel
3250,1971,41064.552,52546.7438181818,0.43867090655126023,EMDEs by Source of Export Earnings: Nonfuel
3251,1972,50179.887,57934.2958181818,0.46413787434705683,EMDEs by Source of Export Earnings: Nonfuel
3252,1973,71424.806,79731.8885454545,0.47252161880611754,EMDEs by Source of Export Earnings: Nonfuel
3253,1974,101094.617,126128.190272727,0.4449140392789,EMDEs by Source of Export Earnings: Nonfuel
3254,1975,101337.837,139504.975272727,0.4207633852292277,EMDEs by Source of Export Earnings: Nonfuel
3255,1976,114590.652,140793.270181818,0.4486995540714515,EMDEs by Source of Export Earnings: Nonfuel
3256,1977,135950.098,159176.928363636,0.4606494351774184,EMDEs by Source of Export Earnings: Nonfuel
3257,1978,158160.375,187493.366363636,0.4575688212603824,EMDEs by Source of Export Earnings: Nonfuel
3258,1979,203152.481,229598.873636364,0.46944389387459384,EMDEs by Source of Export Earnings: Nonfuel
3259,1980,274880.875666672,322993.868598001,0.45976331715558316,EMDEs by Source of Export Earnings: Nonfuel
3260,1981,281781.303224618,352423.896488863,0.44430620145013033,EMDEs by Source of Export Earnings: Nonfuel
3261,1982,262624.995360356,304802.237179441,0.4628346690109495,EMDEs by Source of Export Earnings: Nonfuel
3262,1983,265538.146461129,287664.073560829,0.4800019538073964,EMDEs by Source of Export Earnings: Nonfuel
3263,1984,282038.596449365,291560.517727819,0.49169984659746824,EMDEs by Source of Export Earnings: Nonfuel
3264,1985,272510.401845887,293760.241463175,0.4812370287349594,EMDEs by Source of Export Earnings: Nonfuel
3265,1986,269604.644220847,299465.723448929,0.47376328049696476,EMDEs by Source of Export Earnings: Nonfuel
3266,1987,311469.730409701,332772.074046515,0.48346712097114325,EMDEs by Source of Export Earnings: Nonfuel
3267,1988,355246.523561171,376397.320122228,0.4855457018167644,EMDEs by Source of Export Earnings: Nonfuel
3268,1989,385987.98203331,412549.71705424,0.4833685153178862,EMDEs by Source of Export Earnings: Nonfuel
3269,1990,418976.121159942,469749.647574104,0.4714346493595618,EMDEs by Source of Export Earnings: Nonfuel
3270,1991,462947.198476667,514312.595166073,0.4737196817962083,EMDEs by Source of Export Earnings: Nonfuel
3271,1992,505881.868565581,592059.34676816,0.46075496711525504,EMDEs by Source of Export Earnings: Nonfuel
3272,1993,519184.295097343,636535.586795476,0.44923021852581746,EMDEs by Source of Export Earnings: Nonfuel
3273,1994,627987.510917718,740944.276950344,0.4587427339208253,EMDEs by Source of Export Earnings: Nonfuel
3274,1995,772383.628236862,905336.096744365,0.46037703243043454,EMDEs by Source of Export Earnings: Nonfuel
3275,1996,827560.833345815,985989.149715436,0.45632094018655167,EMDEs by Source of Export Earnings: Nonfuel
3276,1997,914338.746989737,1054221.44765116,0.46447080941638663,EMDEs by Source of Export Earnings: Nonfuel
3277,1998,903255.790168565,1013138.47545107,0.47133087714417254,EMDEs by Source of Export Earnings: Nonfuel
3278,1999,958263.425317517,1041900.82335094,0.47909236751704226,EMDEs by Source of Export Earnings: Nonfuel
3279,2000,1152670.446061,1239951.115579,0.4817604524431824,EMDEs by Source of Export Earnings: Nonfuel
3280,2001,1161856.446881,1222607.508611,0.4872610651987262,EMDEs by Source of Export Earnings: Nonfuel
3281,2002,1276584.17689,1302879.670807,0.49490291481687615,EMDEs by Source of Export Earnings: Nonfuel
3282,2003,1527915.672775,1566148.319141,0.49382161350478015,EMDEs by Source of Export Earnings: Nonfuel
3283,2004,1925856.790196,2019677.283895,0.4881105457541113,EMDEs by Source of Export Earnings: Nonfuel
3284,2005,2293027.214157,2347916.21156,0.4940864397205489,EMDEs by Source of Export Earnings: Nonfuel
3285,2006,2787067.725068,2837234.670487,0.4955401628601399,EMDEs by Source of Export Earnings: Nonfuel
3286,2007,3393839.168489,3499822.904767,0.49231295825413574,EMDEs by Source of Export Earnings: Nonfuel
3287,2008,3988509.302871,4336371.503667,0.4791070761924421,EMDEs by Source of Export Earnings: Nonfuel
3288,2009,3256464.370513,3434715.394834,0.4866801497962926,EMDEs by Source of Export Earnings: Nonfuel
3289,2010,4184583.714239,4492416.334923,0.48226157549038334,EMDEs by Source of Export Earnings: Nonfuel
3290,2011,5047463.868039,5515647.626594,0.47783873819788425,EMDEs by Source of Export Earnings: Nonfuel
3291,2012,5185476.05295,5690863.595534,0.476766653170194,EMDEs by Source of Export Earnings: Nonfuel
3292,2013,5418003.536528,5916606.486199,0.4780052887275675,EMDEs by Source of Export Earnings: Nonfuel
3293,2014,5599067.904241,5938833.575077,0.4852761062553256,EMDEs by Source of Export Earnings: Nonfuel
3294,2015,5214504.912619,5134010.049943,0.5038891987385247,EMDEs by Source of Export Earnings: Nonfuel
3295,2016,5054444.170937,4969902.33437,0.5042168253323168,EMDEs by Source of Export Earnings: Nonfuel
3296,2017,5571385.536294,5708114.994516,0.49393902868976675,EMDEs by Source of Export Earnings: Nonfuel
3297,2018,6065682.328859,6440315.678414,0.48502185314050394,EMDEs by Source of Export Earnings: Nonfuel
3298,2019,6072859.821484,6264217.408057,0.4922446142221273,EMDEs by Source of Export Earnings: Nonfuel
3299,2020,5988739.582522,5770560.351547,0.50927688009483,EMDEs by Source of Export Earnings: Nonfuel
3300,2021,7694548.533242,7615728.4156,0.5025740918307804,EMDEs by Source of Export Earnings: Nonfuel
3301,2022,8496811.218401,8575348.898189,0.4976998317948154,EMDEs by Source of Export Earnings: Nonfuel
3302,1948,46.9,53.46,0.46731765643682743,ECU
3303,1949,34.1,49.28,0.4089709762532982,ECU
3304,1950,67.1,44.33,0.6021717670286278,ECU
3305,1951,55.4,58.96,0.48443511717383697,ECU
3306,1952,78.8,62.81,0.5564578772685544,ECU
3307,1953,74.8,68.31,0.5226748654880861,ECU
3308,1954,100.3,94.38,0.5152044380521882,ECU
3309,1955,89.8,98.78,0.4761904761904762,ECU
3310,1956,94.3,88.33,0.5163445217105623,ECU
3311,1957,98.6,93.61,0.5129805941418241,ECU
3312,1958,,99.55,,ECU
3313,1959,,100.32,,ECU
3314,1960,93.3,111.1,0.45645792563600784,ECU
3315,1961,96.5,109.56,0.46831020091235565,ECU
3316,1962,116.8,103.84,0.5293691080493111,ECU
3317,1963,129.8,139.37,0.4822231303637107,ECU
3318,1964,129.7,160.05,0.4476272648835202,ECU
3319,1965,131.97,165.39,0.4438054882970137,ECU
3320,1966,139.72,174.12,0.44519500382360433,ECU
3321,1967,158.09,214.22,0.4246192688888292,ECU
3322,1968,195.19,255.48,0.4331107018439213,ECU
3323,1969,152.44,241.97,0.3865013564564793,ECU
3324,1970,210.3,273.84,0.43437848556202757,ECU
3325,1971,216.77,341.22,0.38848366458180256,ECU
3326,1972,327.47,318.72,0.5067704545102834,ECU
3327,1973,532.75,397.33,0.5728001892310339,ECU
3328,1974,1123.99,678.49,0.6235797345879011,ECU
3329,1975,935.86,995.57,0.4845425410188306,ECU
3330,1976,1263.03,969.08,0.5658457692497233,ECU
3331,1977,1439.91,1188.51,0.5478234072180246,ECU
3332,1978,1562.28,1505.17,0.5093090351920977,ECU
3333,1979,2109.8,1599.67,0.5687604967825592,ECU
3334,1980,2483.2,2253.26,0.5242734024989126,ECU
3335,1981,2540.27,2246.04,0.5307366217399208,ECU
3336,1982,2139.89,1988.19,0.5183741594155152,ECU
3337,1983,2227.46,1465.18,0.6032161272152172,ECU
3338,1984,2580.07,1767.33,0.5934742604775269,ECU
3339,1985,2905.61,1857.23,0.6100582845529138,ECU
3340,1986,2171.08,1811.31,0.5451701114155068,ECU
3341,1987,1998.57,2228.96,0.4727512282585813,ECU
3342,1988,2192.9045,1713.5265,0.5613575409369832,ECU
3343,1989,2353.9013,1871.1181,0.5571338441664907,ECU
3344,1990,2714.4309,1861.7496,0.5931651734454092,ECU
3345,1991,2851.4153,2398.7791,0.5431066133474981,ECU
3346,1992,3007.9185,2501.1579,0.5459932448931004,ECU
3347,1993,3020.135,2552.728,0.541935985148029,ECU
3348,1994,3843.3654,3622.035,0.5148237460913684,ECU
3349,1995,4357.8143,4193.023,0.5096359744793648,ECU
3350,1996,4892.329613,3733.044668,0.5672020081235011,ECU
3351,1997,5214.387392,4510.7097205,0.5361784393183868,ECU
3352,1998,4203.221386,5575.998799,0.42981150914744437,ECU
3353,1999,5001.68114204512,3391.74322194192,0.5959047136357615,ECU
3354,2000,4927.310865,3361.054001,0.5944852747991947,ECU
3355,2001,4675.756032,5084.380131,0.4790666804143028,ECU
3356,2002,5037.994363,5881.881838,0.46136002554119065,ECU
3357,2003,6222.583461,6087.501332,0.5054866449448348,ECU
3358,2004,7745.97496,7272.91685,0.5157487688167853,ECU
3359,2005,10078.633853,10286.879021,0.4948873085276958,ECU
3360,2006,12716.343872,12113.557509,0.5121383156894304,ECU
3361,2007,14274.00669,13524.730948,0.5134767943738525,ECU
3362,2008,18413.058863,18634.292358,0.49701417931770253,ECU
3363,2009,13651.756917,15138.924376,0.4741727636823658,ECU
3364,2010,17309.934718,20082.831784,0.4629220123917324,ECU
3365,2011,21787.002912,24277.584168,0.47296642156289576,ECU
3366,2012,23567.395258,25191.286308,0.4833476726826392,ECU
3367,2013,24958.350051,27027.879244,0.4800954096780487,ECU
3368,2014,25720.785836,27514.248483,0.48315524099925394,ECU
3369,2015,18330.132797,21491.211222,0.4603092449178542,ECU
3370,2016,16797.318529,16324.494904,0.5071376470065029,ECU
3371,2017,19065.673174,19987.428532,0.48819869206626443,ECU
3372,2018,21651.963506,23178.55965,0.48297369697552056,ECU
3373,2019,22233.832377,22537.164032,0.49661240893290653,ECU
3374,2020,20333.131496,17920.298554,0.5315374717881018,ECU
3375,2021,26699.155442,25689.492595,0.5096362750789724,ECU
3376,2022,32626.881664,33048.741187,0.49678830969020976,ECU
3377,1948,578.6,663.2,0.46593654372684806,EGY
3378,1949,502.5,669.0,0.42893725992317544,EGY
3379,1950,500.9,606.5,0.45232075130937327,EGY
3380,1951,579.8,679.0,0.46059739434381947,EGY
3381,1952,413.0,621.2,0.399342486946432,EGY
3382,1953,387.3,502.7,0.4351685393258427,EGY
3383,1954,410.9,470.2,0.4663488820792192,EGY
3384,1955,417.3,536.1,0.4376966645689112,EGY
3385,1956,407.2,532.0,0.4335604770017035,EGY
3386,1957,492.2,523.4,0.4846396218983852,EGY
3387,1958,469.7,660.3,0.41566371681415926,EGY
3388,1959,459.1,636.8,0.41892508440551146,EGY
3389,1960,566.8,664.0,0.4605134871628209,EGY
3390,1961,484.3,692.2,0.41164470888227794,EGY
3391,1962,414.0,759.1,0.352911090273634,EGY
3392,1963,521.6,916.3,0.3627512344391126,EGY
3393,1964,538.0,953.1,0.36080745758165117,EGY
3394,1965,605.2,933.3,0.39337016574585637,EGY
3395,1966,605.9,1069.9,0.3615586585511397,EGY
3396,1967,566.6,791.3,0.4172619485970985,EGY
3397,1968,634.71,657.4,0.4912197877889653,EGY
3398,1969,744.87,667.67,0.5273266597760063,EGY
3399,1970,772.97,788.06,0.495166652786942,EGY
3400,1971,790.05,919.95,0.4620175438596491,EGY
3401,1972,825.25,888.85,0.48144799019893825,EGY
3402,1973,1124.65,908.3,0.5532108512260508,EGY
3403,1974,1516.28,2351.69,0.39200924515960567,EGY
3404,1975,1403.91,3933.56,0.2630291130441951,EGY
3405,1976,1521.71,3807.54,0.2855392409813764,EGY
3406,1977,1708.35,4815.35,0.26186826494167414,EGY
3407,1978,1737.18,6726.7,0.20524629366200847,EGY
3408,1979,1839.66,3836.81,0.32408521493111037,EGY
3409,1980,3045.87,4859.9,0.3852717698592294,EGY
3410,1981,3232.6,8780.68,0.269085545329835,EGY
3411,1982,3119.97,9077.08,0.2557970984787305,EGY
3412,1983,3214.84,10275.63,0.23830452163638483,EGY
3413,1984,3139.95,10765.72,0.22580357508843515,EGY
3414,1985,1838.139,5495.384,0.25064883549148204,EGY
3415,1986,2248.717,8787.836,0.20375175111287014,EGY
3416,1987,2037.204,7594.639,0.21150718507351082,EGY
3417,1988,2120.446,8658.883,0.1967140997366348,EGY
3418,1989,2608.574,7526.24,0.25738745674069596,EGY
3419,1990,2585.189,9279.598,0.21788751875613105,EGY
3420,1991,3659.377,7861.843,0.31762061656664836,EGY
3421,1992,3049.929,8291.115,0.26892841611407203,EGY
3422,1993,3109.709171,8194.880168,0.2750837803786231,EGY
3423,1994,3447.019,9451.553,0.26724035807994867,EGY
3424,1995,3443.717428,11738.960078,0.22681884843033034,EGY
3425,1996,3533.93493,13019.609106,0.21348509553691564,EGY
3426,1997,3907.984108,13168.499324,0.22885180801784646,EGY
3427,1998,3195.264066,16478.701067,0.16241078218850982,EGY
3428,1999,3535.809446,15961.955676,0.18134434505062452,EGY
3429,2000,5455.066673,16239.518465,0.25144830557026715,EGY
3430,2001,4138.531146,12719.056215,0.24549961138415838,EGY
3431,2002,4677.042474,12494.43414,0.27237275973032987,EGY
3432,2003,6156.91426,10892.334676,0.3611252485732372,EGY
3433,2004,7673.729009,12838.814687,0.3740993375919729,EGY
3434,2005,10567.292821,19650.297663,0.34970666594331223,EGY
3435,2006,13551.428495,20222.254336,0.40124225015109966,EGY
3436,2007,15964.391647,26666.822128,0.37447659199330413,EGY
3437,2008,26080.128535,52398.335454,0.33232210735744705,EGY
3438,2009,24082.491112,44622.270354,0.3505214281824955,EGY
3439,2010,27251.574359,52744.667068,0.3406606844631348,EGY
3440,2011,31528.626493,62155.82839,0.3365406409459846,EGY
3441,2012,29239.921133,67520.155137,0.3021899347351559,EGY
3442,2013,28893.851273,65152.138864,0.307231081632607,EGY
3443,2014,26692.480237,68188.487759,0.281325968745653,EGY
3444,2015,21119.667137,69788.200474,0.23231946466253364,EGY
3445,2016,19864.700008,52230.700006,0.2755335292424001,EGY
3446,2017,26436.882423,66765.379052,0.28365065401434775,EGY
3447,2018,29487.862956,82419.450003,0.2635025556087081,EGY
3448,2019,30611.977688,78567.624634,0.2803818390702418,EGY
3449,2020,26827.627421,60289.566149,0.30794871048553224,EGY
3450,2021,40696.663981,73779.557965,0.35550320659776113,EGY
3451,2022,48398.807224,80139.803076,0.37653127811978526,EGY
3452,1948,44.9,40.6,0.5251461988304094,SLV
3453,1949,54.1,38.0,0.5874049945711184,SLV
3454,1950,68.6,46.0,0.5986038394415357,SLV
3455,1951,84.5,62.6,0.5744391570360299,SLV
3456,1952,87.9,66.6,0.5689320388349515,SLV
3457,1953,88.5,70.9,0.555207026348808,SLV
3458,1954,105.0,86.9,0.5471599791558103,SLV
3459,1955,106.9,91.9,0.5377263581488934,SLV
3460,1956,112.6,104.6,0.5184162062615101,SLV
3461,1957,138.3,115.2,0.5455621301775149,SLV
3462,1958,115.9,108.3,0.516949152542373,SLV
3463,1959,113.0,99.7,0.531264692054537,SLV
3464,1960,116.7,122.2,0.48848890749267476,SLV
3465,1961,119.2,108.4,0.523725834797891,SLV
3466,1962,136.3,124.6,0.5224223840551937,SLV
3467,1963,154.0,151.5,0.5040916530278232,SLV
3468,1964,178.1,190.9,0.48265582655826555,SLV
3469,1965,188.4,199.8,0.4853168469860896,SLV
3470,1966,192.1,219.5,0.46671525753158405,SLV
3471,1967,206.8,223.2,0.48093023255813955,SLV
3472,1968,210.6,210.2,0.5004752851711027,SLV
3473,1969,201.355,208.414,0.491386610504943,SLV
3474,1970,236.184,213.576,0.5251334044823907,SLV
3475,1971,244.931,247.662,0.4972279346235127,SLV
3476,1972,301.717,278.101,0.5203650110896868,SLV
3477,1973,358.928,371.041,0.49170307232224925,SLV
3478,1974,462.496,563.704,0.45068797505359587,SLV
3479,1975,514.243,598.729,0.4620448672563191,SLV
3480,1976,720.719,717.867,0.5009912511313193,SLV
3481,1977,973.975,944.92,0.5075707633820506,SLV
3482,1978,843.494,1029.958,0.4502351808319615,SLV
3483,1979,1223.435,1039.544,0.540630293078283,SLV
3484,1980,1070.317,971.401,0.5242237174771442,SLV
3485,1981,796.506,981.362,0.4480118883966639,SLV
3486,1982,699.445,856.731,0.4494639423818386,SLV
3487,1983,741.301,891.507,0.45400377754151133,SLV
3488,1984,717.571,977.427,0.42334622223743035,SLV
3489,1985,678.97,961.374,0.41391927546904794,SLV
3490,1986,734.695,911.851,0.44620375015335134,SLV
3491,1987,590.934,994.068,0.37282855163589695,SLV
3492,1988,608.7596,1006.9708,0.37677053052910314,SLV
3493,1989,497.528,1161.354,0.29991765538477116,SLV
3494,1990,586.006938573862,1276.69803879289,0.31459997460375166,SLV
3495,1991,588.243492723493,1406.55056133056,0.29488933533163286,SLV
3496,1992,597.511,1698.504,0.2602382824154023,SLV
3497,1993,736.785346742941,1953.02237691049,0.2739174775445296,SLV
3498,1994,1249.118,2574.171,0.3267129427045667,SLV
3499,1995,985.201733,2627.670481,0.27269210607070754,SLV
3500,1996,1020.16535374072,2660.42341576242,0.2771745005021131,SLV
3501,1997,1353.903427,2948.804992,0.3146630668769935,SLV
3502,1998,1257.070382,3091.383233,0.2890844638801557,SLV
3503,1999,1176.644,3123.8154,0.273608907922721,SLV
3504,2000,2926.996912,4920.955919,0.37296311216832795,SLV
3505,2001,2858.509613,4949.737673,0.36608850978954516,SLV
3506,2002,2982.984306,5143.535653,0.3670678618953479,SLV
3507,2003,3128.042168,5759.208301,0.3519696197278403,SLV
3508,2004,3304.608485,6333.9971,0.3428513031120155,SLV
3509,2005,3437.006007,6817.22483,0.3351793090709803,SLV
3510,2006,3729.992964,7768.071255,0.32440182042437765,SLV
3511,2007,4014.692444,8822.818926,0.31273136422546355,SLV
3512,2008,4641.138427,9818.459136,0.3209728629568499,SLV
3513,2009,3865.965028,7323.057938,0.34551408462986255,SLV
3514,2010,4499.841404,8384.449852,0.34925020822581127,SLV
3515,2011,5307.79073,9901.145775,0.34899157664673275,SLV
3516,2012,5338.368734,10147.439231,0.34472652289537803,SLV
3517,2013,5518.649294,10570.790713,0.3429982206713852,SLV
3518,2014,5301.082812,10426.878509,0.33704831184458633,SLV
3519,2015,5508.512486,10219.560681,0.35023441380967985,SLV
3520,2016,5419.678255,9794.038278,0.35623631104498377,SLV
3521,2017,5759.584445,10564.200282,0.35283388879010913,SLV
3522,2018,5905.073728,11454.55408,0.34016130952293283,SLV
3523,2019,5904.818039,11590.036925,0.3375174044683781,SLV
3524,2020,4805.449518,9872.293673,0.32739702932986137,SLV
3525,2021,6394.888919,14600.487357,0.3045855827937723,SLV
3526,2022,7115.101783,17092.494926,0.29392020482374936,SLV
3527,1948,15335.2,17674.49,0.46456661665105004,Emerging Market and Developing Economies
3528,1949,9297.6,13238.96,0.412556308504936,Emerging Market and Developing Economies
3529,1950,10627.6,11355.03,0.48345443652556586,Emerging Market and Developing Economies
3530,1951,15762.8,17381.93,0.47557485005911954,Emerging Market and Developing Economies
3531,1952,15690.7,19167.01,0.45013570885752396,Emerging Market and Developing Economies
3532,1953,16133.6,16944.49,0.4877427928879811,Emerging Market and Developing Economies
3533,1954,16465.9,17693.81,0.4820269258726142,Emerging Market and Developing Economies
3534,1955,23417.2,25500.62,0.4787048973155386,Emerging Market and Developing Economies
3535,1956,24816.7,27628.24,0.473195316840862,Emerging Market and Developing Economies
3536,1957,25702.1,31653.18,0.44812090534646504,Emerging Market and Developing Economies
3537,1958,17063.082,21883.281,0.438117469402727,Emerging Market and Developing Economies
3538,1959,18492.926,22456.315,0.4516060749453208,Emerging Market and Developing Economies
3539,1960,20969.249,26015.845,0.44629577627321554,Emerging Market and Developing Economies
3540,1961,22207.363,27416.925,0.44750995722094794,Emerging Market and Developing Economies
3541,1962,22051.065,25730.423,0.4614980805955645,Emerging Market and Developing Economies
3542,1963,24487.613,27822.538,0.4681235387754855,Emerging Market and Developing Economies
3543,1964,31002.425,32715.7602727273,0.4865553666869681,Emerging Market and Developing Economies
3544,1965,32574.854,33380.613,0.49389164358429904,Emerging Market and Developing Economies
3545,1966,35724.607,36528.566,0.49443651422754814,Emerging Market and Developing Economies
3546,1967,37923.418,39581.4783636364,0.4893035121558183,Emerging Market and Developing Economies
3547,1968,42688.152,43465.0486363636,0.4954911910954839,Emerging Market and Developing Economies
3548,1969,45091.891,46925.1617272727,0.4900384185705975,Emerging Market and Developing Economies
3549,1970,53463.558,56559.5663636364,0.4859301924866094,Emerging Market and Developing Economies
3550,1971,53247.269,62534.2678181818,0.4598943014862305,Emerging Market and Developing Economies
3551,1972,66106.266,69617.7798181818,0.4870637741565489,Emerging Market and Developing Economies
3552,1973,100377.144,99831.5195454545,0.5013626394704483,Emerging Market and Developing Economies
3553,1974,184647.383,159943.247272727,0.5358456289245602,Emerging Market and Developing Economies
3554,1975,174924.87,190937.516272727,0.4781165721408833,Emerging Market and Developing Economies
3555,1976,216830.133,204343.644181818,0.5148234404593424,Emerging Market and Developing Economies
3556,1977,246388.257,244080.081363636,0.5023530322508327,Emerging Market and Developing Economies
3557,1978,261225.843,280155.181363636,0.4825175453961593,Emerging Market and Developing Economies
3558,1979,369263.379173076,321785.442103834,0.534352085994093,Emerging Market and Developing Economies
3559,1980,501857.24235431,424342.232028458,0.5418457429904661,Emerging Market and Developing Economies
3560,1981,587912.138206107,556691.937246241,0.5136379913497721,Emerging Market and Developing Economies
3561,1982,512595.945679654,505675.586666217,0.50339809117392,Emerging Market and Developing Economies
3562,1983,475428.682714918,465382.181578744,0.5053392778067655,Emerging Market and Developing Economies
3563,1984,487924.411114898,457323.396739571,0.516186768232124,Emerging Market and Developing Economies
3564,1985,468745.584207452,452612.616854608,0.5087549919967324,Emerging Market and Developing Economies
3565,1986,412419.869898311,440316.959864361,0.4836426145837901,Emerging Market and Developing Economies
3566,1987,475649.763643825,474868.511595297,0.5004109610876926,Emerging Market and Developing Economies
3567,1988,521199.496348841,537320.830014876,0.492384967362216,Emerging Market and Developing Economies
3568,1989,577770.682918205,580167.081913391,0.4989652297956037,Emerging Market and Developing Economies
3569,1990,649976.49259266,637544.984403976,0.5048276896388877,Emerging Market and Developing Economies
3570,1991,670515.736278555,688641.95908922,0.4933318176130548,Emerging Market and Developing Economies
3571,1992,720329.743741557,777542.972734709,0.48090183886660753,Emerging Market and Developing Economies
3572,1993,726783.496150442,799135.906650199,0.47629219132840084,Emerging Market and Developing Economies
3573,1994,863360.984484979,897343.302798679,0.4903497939548592,Emerging Market and Developing Economies
3574,1995,1046329.91861427,1083475.46625271,0.491279591106687,Emerging Market and Developing Economies
3575,1996,1148301.00377955,1171673.93428651,0.49496267607820715,Emerging Market and Developing Economies
3576,1997,1245167.49185585,1255332.08346414,0.497967487835508,Emerging Market and Developing Economies
3577,1998,1156737.07432972,1211379.4623637,0.4884629013844317,Emerging Market and Developing Economies
3578,1999,1256488.57092584,1224108.55378862,0.5065266577983611,Emerging Market and Developing Economies
3579,2000,1661375.151808,1425611.948226,0.5381866195001922,Emerging Market and Developing Economies
3580,2001,1603549.326652,1434108.59153,0.5278900290430675,Emerging Market and Developing Economies
3581,2002,1736559.459353,1531815.198413,0.5313220304247412,Emerging Market and Developing Economies
3582,2003,2117479.251587,1837528.967044,0.5353918714029756,Emerging Market and Developing Economies
3583,2004,2688007.82971,2372050.114844,0.5312207605454456,Emerging Market and Developing Economies
3584,2005,3363897.284766,2798445.128491,0.5458796443263643,Emerging Market and Developing Economies
3585,2006,4084238.637906,3396611.938442,0.5459591253993262,Emerging Market and Developing Economies
3586,2007,4857658.571187,4254011.429262,0.5331249453665055,Emerging Market and Developing Economies
3587,2008,6106530.093909,5359208.95447,0.5325893139677138,Emerging Market and Developing Economies
3588,2009,4464882.172646,4234071.912645,0.5132665523773298,Emerging Market and Developing Economies
3589,2010,5843353.695623,5418930.546247,0.5188426761508165,Emerging Market and Developing Economies
3590,2011,7306603.556975,6649209.800919,0.5235526851498107,Emerging Market and Developing Economies
3591,2012,7620611.727828,7056986.33471,0.5192001917042733,Emerging Market and Developing Economies
3592,2013,7741373.946761,7219246.167055,0.5174500714453614,Emerging Market and Developing Economies
3593,2014,7769583.987487,7209992.868112,0.5186784688502679,Emerging Market and Developing Economies
3594,2015,6582175.705523,6172248.965084,0.5160699816348318,Emerging Market and Developing Economies
3595,2016,6200690.878022,5906653.332684,0.5121429415163565,Emerging Market and Developing Economies
3596,2017,6947058.674473,6742193.37997,0.5074827059100175,Emerging Market and Developing Economies
3597,2018,7772081.32735969,7480084.272165,0.509572314609664,Emerging Market and Developing Economies
3598,2019,7594539.737371,7328655.955117,0.5089084063404677,Emerging Market and Developing Economies
3599,2020,7095494.768963,6733926.4959752,0.5130724296433317,Emerging Market and Developing Economies
3600,2021,9347262.618924,8783544.721255,0.5155458575862688,Emerging Market and Developing Economies
3601,2022,10775304.4129048,9855526.83175124,0.5222913359681474,Emerging Market and Developing Economies
3602,1948,2460.9,3550.93,0.40934291222473024,Emerging and Developing Asia
3603,1949,2255.4,3397.56,0.39897681922391104,Emerging and Developing Asia
3604,1950,2409.9,2231.43,0.5192261700848679,Emerging and Developing Asia
3605,1951,3392.0,3529.08,0.4900969212897409,Emerging and Developing Asia
3606,1952,2811.3,3559.69,0.441265800134673,Emerging and Developing Asia
3607,1953,2636.5,2908.17,0.47550169802711434,Emerging and Developing Asia
3608,1954,2795.1,2851.36,0.4950181175462148,Emerging and Developing Asia
3609,1955,3072.2,3375.44,0.47648441910528505,Emerging and Developing Asia
3610,1956,3224.4,4186.04,0.4351158635654563,Emerging and Developing Asia
3611,1957,3335.9,4911.79,0.40446476528579517,Emerging and Developing Asia
3612,1958,2618.4,3732.5,0.41228802217008614,Emerging and Developing Asia
3613,1959,2848.5,3895.1,0.42240049825019277,Emerging and Developing Asia
3614,1960,3578.9,5027.3,0.41585136297088143,Emerging and Developing Asia
3615,1961,4204.9,5726.7,0.4233859599661686,Emerging and Developing Asia
3616,1962,3773.297,5143.932,0.4231468093956094,Emerging and Developing Asia
3617,1963,4219.869,5200.159,0.4479677767412157,Emerging and Developing Asia
3618,1964,4463.993,5954.833,0.42845451109366833,Emerging and Developing Asia
3619,1965,4495.241,6156.729,0.4220102948093169,Emerging and Developing Asia
3620,1966,4584.28,6294.639,0.42139113270353423,Emerging and Developing Asia
3621,1967,5804.099,7657.59,0.4311568184348933,Emerging and Developing Asia
3622,1968,6225.548,7947.859,0.4392414611391601,Emerging and Developing Asia
3623,1969,6709.105,7948.809,0.45771212738729394,Emerging and Developing Asia
3624,1970,7432.216,8548.028,0.46508776712045197,Emerging and Developing Asia
3625,1971,7891.275,9268.977,0.45985775733363354,Emerging and Developing Asia
3626,1972,9465.194,9986.156,0.4866085901492699,Emerging and Developing Asia
3627,1973,14730.583,15116.362,0.4935373787836578,Emerging and Developing Asia
3628,1974,23921.085,22982.651,0.5100038299720943,Emerging and Developing Asia
3629,1975,22810.349,25231.235,0.47480426540473764,Emerging and Developing Asia
3630,1976,27911.744,24660.627,0.5309203954297591,Emerging and Developing Asia
3631,1977,33831.626,29363.92,0.5353482664743493,Emerging and Developing Asia
3632,1978,47588.565,45733.841,0.5099371848599789,Emerging and Developing Asia
3633,1979,64131.625,59701.751,0.5178864299072328,Emerging and Developing Asia
3634,1980,82618.888,81882.638,0.5022378211859263,Emerging and Developing Asia
3635,1981,84810.1616294187,88878.7284291363,0.48828777477262364,Emerging and Developing Asia
3636,1982,84184.6708011179,89061.1388591659,0.4859261587116877,Emerging and Developing Asia
3637,1983,83776.3447504292,90927.2456709447,0.4795341901581187,Emerging and Developing Asia
3638,1984,92053.1905033072,93995.0206627291,0.49478137911874637,Emerging and Developing Asia
3639,1985,89351.1613354695,105544.473884446,0.458456451498505,Emerging and Developing Asia
3640,1986,89771.0020699138,104446.261357726,0.46221947774153505,Emerging and Developing Asia
3641,1987,110157.172761619,116959.860349235,0.48502382781590925,Emerging and Developing Asia
3642,1988,132773.935082519,146193.295867271,0.4759481414016557,Emerging and Developing Asia
3643,1989,154151.0472907,168258.325047814,0.4781221035002946,Emerging and Developing Asia
3644,1990,178394.247731603,190632.288532111,0.48341848133143134,Emerging and Developing Asia
3645,1991,202941.321254534,212548.500162733,0.4884387313323006,Emerging and Developing Asia
3646,1992,237909.462253001,246790.175881958,0.4908389516617668,Emerging and Developing Asia
3647,1993,262854.522732378,285076.852078167,0.47972161262578483,Emerging and Developing Asia
3648,1994,322992.905318196,335870.446283017,0.4902274569275062,Emerging and Developing Asia
3649,1995,397954.54704165,422459.480460836,0.4850655080253904,Emerging and Developing Asia
3650,1996,414463.415343408,441191.342103391,0.48438159402062064,Emerging and Developing Asia
3651,1997,462340.348989773,444982.338778892,0.5095655109504473,Emerging and Developing Asia
3652,1998,451594.611733521,378740.220765176,0.5438704894199771,Emerging and Developing Asia
3653,1999,489411.578960555,422467.201400569,0.5367068403178954,Emerging and Developing Asia
3654,2000,596994.796381,521711.446705,0.5336475058315253,Emerging and Developing Asia
3655,2001,591112.302204,523633.887164,0.5302662685387857,Emerging and Developing Asia
3656,2002,671848.974046,597134.085496,0.5294388833594698,Emerging and Developing Asia
3657,2003,829520.60289,753919.994401,0.5238722591230577,Emerging and Developing Asia
3658,2004,1062498.943059,993935.698419,0.5166704166660804,Emerging and Developing Asia
3659,2005,1309825.600584,1177642.124688,0.5265698876317172,Emerging and Developing Asia
3660,2006,1613552.253383,1425608.489225,0.5309203395403035,Emerging and Developing Asia
3661,2007,1965683.857058,1730267.740394,0.531847835456814,Emerging and Developing Asia
3662,2008,2307286.591536,2137166.239384,0.5191385035035668,Emerging and Developing Asia
3663,2009,1942648.773937,1797367.943991,0.5194224840292274,Emerging and Developing Asia
3664,2010,2535024.656591,2456526.506824,0.5078631017891135,Emerging and Developing Asia
3665,2011,3079203.360297,3087327.878879,0.49934124078295555,Emerging and Developing Asia
3666,2012,3238225.175558,3242899.419363,0.4996393956221222,Emerging and Developing Asia
3667,2013,3433771.231225,3380758.398972,0.5038896912281434,Emerging and Developing Asia
3668,2014,3598409.175379,3392008.159644,0.5147631397270732,Emerging and Developing Asia
3669,2015,3446534.856905,2883396.041587,0.5444822245573138,Emerging and Developing Asia
3670,2016,3313952.814876,2852499.634031,0.5374164225434668,Emerging and Developing Asia
3671,2017,3613390.915143,3323991.53864,0.5208579661299478,Emerging and Developing Asia
3672,2018,3916329.477097,3819844.440679,0.5062359660888892,Emerging and Developing Asia
3673,2019,3934744.473485,3716658.381219,0.5142513795448584,Emerging and Developing Asia
3674,2020,3952840.466171,3473369.304149,0.5322823605076631,Emerging and Developing Asia
3675,2021,5094951.257169,4606299.642695,0.5251849797267304,Emerging and Developing Asia
3676,2022,5621078.458127,5020798.447419,0.5282036719666982,Emerging and Developing Asia
3677,1948,2054.9,2344.65,0.4670704958461661,Emerging and Developing Europe
3678,1949,435.0,576.4,0.4300968953925252,Emerging and Developing Europe
3679,1950,417.3,513.5,0.44832402234636876,Emerging and Developing Europe
3680,1951,492.6,778.2,0.3876298394711992,Emerging and Developing Europe
3681,1952,605.6,917.6,0.3975840336134454,Emerging and Developing Europe
3682,1953,578.6,918.3,0.3865321664773866,Emerging and Developing Europe
3683,1954,573.0,811.3,0.4139276168460594,Emerging and Developing Europe
3684,1955,6965.2,7204.37,0.49156043549663114,Emerging and Developing Europe
3685,1956,7435.2,7922.76,0.4841267980903714,Emerging and Developing Europe
3686,1957,7940.1,8907.2,0.47129807150107134,Emerging and Developing Europe
3687,1958,1151.28,1517.41,0.431402673221693,Emerging and Developing Europe
3688,1959,1351.33,1670.26,0.4472248054832058,Emerging and Developing Europe
3689,1960,1989.13,2453.77,0.4477098291656351,Emerging and Developing Europe
3690,1961,2142.97,2757.02,0.4373417088606303,Emerging and Developing Europe
3691,1962,2166.11,2746.62,0.4409177789131502,Emerging and Developing Europe
3692,1963,2077.72,2879.67,0.41911570402974146,Emerging and Developing Europe
3693,1964,2316.73,3139.85,0.4245754666842601,Emerging and Developing Europe
3694,1965,2668.32,3049.19,0.46669266866170767,Emerging and Developing Europe
3695,1966,2912.01,3638.33,0.4445586030648791,Emerging and Developing Europe
3696,1967,3174.83,4106.44,0.43602695683582676,Emerging and Developing Europe
3697,1968,4557.866,5702.911,0.4442028123211332,Emerging and Developing Europe
3698,1969,5208.909,6689.103,0.43779658316027925,Emerging and Developing Europe
3699,1970,9420.34,12348.192,0.4327503572588175,Emerging and Developing Europe
3700,1971,10351.813,13808.147,0.42846979051289824,Emerging and Developing Europe
3701,1972,13108.252,15991.179,0.45046420323476427,Emerging and Developing Europe
3702,1973,17729.092,22258.345,0.4433665503493009,Emerging and Developing Europe
3703,1974,22546.152,33068.61,0.40539869612316237,Emerging and Developing Europe
3704,1975,25695.042,37614.06,0.4058664739866315,Emerging and Developing Europe
3705,1976,29012.032,40127.154,0.4196177837557995,Emerging and Developing Europe
3706,1977,32261.646,46304.153,0.41063218869574536,Emerging and Developing Europe
3707,1978,36639.852,50214.869,0.42185216391403757,Emerging and Developing Europe
3708,1979,42918.001,58173.707,0.4245452159142469,Emerging and Developing Europe
3709,1980,64714.002,84614.9368,0.4333654449033023,Emerging and Developing Europe
3710,1981,104760.678699365,130190.079964568,0.44588355149434417,Emerging and Developing Europe
3711,1982,96882.7926333939,111997.698668562,0.4638192491291154,Emerging and Developing Europe
3712,1983,96651.2056692171,109617.641308482,0.46856908876630615,Emerging and Developing Europe
3713,1984,102383.00549401,112520.746562238,0.47641329904380963,Emerging and Developing Europe
3714,1985,108802.220358181,124956.363423885,0.4654469521410932,Emerging and Developing Europe
3715,1986,108169.157562743,125685.727736664,0.4625482055859249,Emerging and Developing Europe
3716,1987,119159.976435116,135056.139805913,0.46873494173806546,Emerging and Developing Europe
3717,1988,127034.680161401,145163.29913752,0.4666995709835696,Emerging and Developing Europe
3718,1989,127515.081293623,149745.599334159,0.45991043881483484,Emerging and Developing Europe
3719,1990,117044.501185758,148112.377995486,0.4414160460296939,Emerging and Developing Europe
3720,1991,116974.543239374,135349.443585141,0.46358867704768336,Emerging and Developing Europe
3721,1992,114392.846976605,129461.602458082,0.4691029720466246,Emerging and Developing Europe
3722,1993,97531.036824984,107993.068192794,0.47454792135719304,Emerging and Developing Europe
3723,1994,132947.738626888,127445.246276837,0.5105657461396002,Emerging and Developing Europe
3724,1995,170619.480207478,172922.321396766,0.4966483828481216,Emerging and Developing Europe
3725,1996,180565.004740672,187950.433622254,0.48997948510055556,Emerging and Developing Europe
3726,1997,194591.461993414,214540.640792459,0.47562012530524184,Emerging and Developing Europe
3727,1998,186533.565558481,211600.709365654,0.4685192341051903,Emerging and Developing Europe
3728,1999,184744.76016254,187797.774596023,0.49590246193570675,Emerging and Developing Europe
3729,2000,232122.150394,223967.342453,0.5089399208586193,Emerging and Developing Europe
3730,2001,225317.469591,222050.362882,0.5036514770082371,Emerging and Developing Europe
3731,2002,268738.82678,254973.262264,0.513142301661518,Emerging and Developing Europe
3732,2003,340544.18541,328517.264376,0.5089879046519918,Emerging and Developing Europe
3733,2004,448861.086056,435756.747857,0.5074067793439312,Emerging and Developing Europe
3734,2005,558855.275301,508491.074415,0.5235931855200521,Emerging and Developing Europe
3735,2006,682107.028522,652303.310535,0.5111673737510388,Emerging and Developing Europe
3736,2007,847591.436478,870451.353897,0.4933471047557523,Emerging and Developing Europe
3737,2008,1073298.601324,1100290.72987,0.4937908858498186,Emerging and Developing Europe
3738,2009,743902.207168,727600.41321,0.5055391657929268,Emerging and Developing Europe
3739,2010,917320.781213,907939.502349,0.5025698468729327,Emerging and Developing Europe
3740,2011,1168744.824089,1117585.448763,0.5111880982230497,Emerging and Developing Europe
3741,2012,1192237.392307,1153272.940108,0.5083061779051898,Emerging and Developing Europe
3742,2013,1228715.25375,1183482.872965,0.509375759868987,Emerging and Developing Europe
3743,2014,1217374.794753,1143483.178157,0.5156493142416613,Emerging and Developing Europe
3744,2015,970692.459025,908158.51849,0.5166415381750256,Emerging and Developing Europe
3745,2016,920170.095695,906006.484352,0.5038779413496354,Emerging and Developing Europe
3746,2017,1076549.484362,1075827.178429,0.5001677926418472,Emerging and Developing Europe
3747,2018,1247886.468791,1165567.555049,0.5170541706883283,Emerging and Developing Europe
3748,2019,1223656.500282,1148062.979206,0.5159364380420569,Emerging and Developing Europe
3749,2020,1122549.267237,1115787.782914,0.5015103811828839,Emerging and Developing Europe
3750,2021,1483048.874742,1415086.78697,0.5117251391420119,Emerging and Developing Europe
3751,2022,1638389.1710388,1546920.19742924,0.5143579418870625,Emerging and Developing Europe
3752,1974,,17.589,,GNQ
3753,1975,,4.748,,GNQ
3754,1976,,4.78,,GNQ
3755,1977,,8.343,,GNQ
3756,1981,26.3281818181818,48.2405,0.3530729144760381,GNQ
3757,1982,33.3790909090909,44.0308,0.4311993017570692,GNQ
3758,1983,29.6499999999999,25.273799494524,0.5398388362217387,GNQ
3759,1984,36.4992989604713,34.588900740462,0.513436816715336,GNQ
3760,1985,26.6322799491507,24.9890618277746,0.5159160733217382,GNQ
3761,1986,35.8827272727273,31.4096761277374,0.5332359294582648,GNQ
3762,1987,35.7163636363636,51.8759383677373,0.4077568783920239,GNQ
3763,1988,43.9875919709049,85.3090442166149,0.34020677774717506,GNQ
3764,1989,33.6662922931878,96.2413971923858,0.2591555005443037,GNQ
3765,1990,34.7865499386887,101.813995318894,0.25465893912131143,GNQ
3766,1991,37.1596594094328,85.6550158392705,0.30256693130673024,GNQ
3767,1992,43.0870122524926,62.3853247695294,0.40851481505995535,GNQ
3768,1993,57.2071799069497,64.3582017137609,0.47058775404858794,GNQ
3769,1994,54.0283730585478,65.0300338491234,0.45379721148500124,GNQ
3770,1995,123.817969173611,139.003737935916,0.471110132170368,GNQ
3771,1996,179.961721038746,156.976520059239,0.5341089229061754,GNQ
3772,1997,354.512184423505,201.414261281354,0.6376962045293944,GNQ
3773,1998,410.597212017165,275.230045738703,0.5986889663159526,GNQ
3774,1999,625.81483041357,426.598811588665,0.5946472047083564,GNQ
3775,2000,1119.366404,304.059268,0.7863890795416257,GNQ
3776,2001,1614.325002,318.169219,0.8353582559044559,GNQ
3777,2002,1780.013997,433.35641,0.8042097207817237,GNQ
3778,2003,2725.555807,1188.708192,0.6963137406409772,GNQ
3779,2004,4148.061938,764.589586,0.8443631545480652,GNQ
3780,2005,6484.587669,1123.549399,0.852322665988015,GNQ
3781,2006,7997.263136,1588.162948,0.8343148302347287,GNQ
3782,2007,9019.93735,1508.745159,0.8567014289099977,GNQ
3783,2008,15307.151539,1785.591631,0.8955351043866412,GNQ
3784,2009,8748.86288,2069.820166,0.808680949686822,GNQ
3785,2010,9104.557306,2599.459884,0.7779001994100797,GNQ
3786,2011,12716.130265,2635.103602,0.8283458108429586,GNQ
3787,2012,14765.538323,2770.527703,0.8420097358841913,GNQ
3788,2013,13797.133786,3845.183256,0.7820477181740922,GNQ
3789,2014,12489.167468,3059.278643,0.8032421618752202,GNQ
3790,2015,6566.387763,3110.966604,0.6785312921258244,GNQ
3791,2016,4361.688417,1594.337514,0.7323152161407204,GNQ
3792,2017,4885.548731,908.985419,0.8431305441525442,GNQ
3793,2018,6002.857264,1126.98137,0.8419345194397846,GNQ
3794,2019,4800.206903,1034.64842,0.8226779649665703,GNQ
3795,2020,2826.083743,1351.345221,0.6765126989242563,GNQ
3796,2021,4799.594,1056.233244,0.8196269801022156,GNQ
3797,2022,7589.490496,1024.154153,0.8811009514864421,GNQ
3798,2000,11.788885,189.602054,0.058537315822336976,ERI
3799,2001,10.911262,246.305717,0.042420457787897436,ERI
3800,2002,9.973598,263.454775,0.036476090211749905,ERI
3801,2003,15.986623,502.353148,0.030841976430166694,ERI
3802,2004,12.592971,468.54018,0.026173567491299305,ERI
3803,2005,12.731331,481.440659,0.025762955524856843,ERI
3804,2006,13.359571,381.417392,0.033840806967249504,ERI
3805,2007,17.24702,341.105425,0.048128651668610765,ERI
3806,2008,21.104396,359.707951,0.05541941107282428,ERI
3807,2009,14.228825,406.918142,0.033785889760426555,ERI
3808,2010,12.828098,456.229351,0.02734867131382024,ERI
3809,2011,362.577886,539.187643,0.4020755665855575,ERI
3810,2012,612.493834,525.358599,0.5382893389656267,ERI
3811,2013,281.250339,530.206712,0.34659916831507076,ERI
3812,2014,598.857945,393.085751,0.6037217106322534,ERI
3813,2015,452.788021,461.383176,0.4952989357856568,ERI
3814,2016,297.209923,383.042417,0.43691128353928194,ERI
3815,2017,263.959968,381.750233,0.408790147021388,ERI
3816,2018,468.228931,356.524696,0.567719759782275,ERI
3817,2019,341.215248,343.523722,0.4983143401346063,ERI
3818,2020,1254.15141,360.604803,0.7766815819645959,ERI
3819,2021,498.676509,377.257181,0.5693085158078576,ERI
3820,2022,597.567435,519.1657,0.53510316500101,ERI
3821,1992,354.535792211623,533.840108571392,0.3990830817215269,EST
3822,1993,804.801507507602,896.016330492051,0.47318501107334116,EST
3823,1994,1311.64322093418,1663.76453058421,0.4408280580249316,EST
3824,1995,1839.99434969446,2546.24776932203,0.4194921985079645,EST
3825,1996,2076.7279,3209.3606,0.39286665367028945,EST
3826,1997,2931.4,4436.9,0.39783939307574345,EST
3827,1998,3244.119,4787.345,0.40392623312511894,EST
3828,1999,3017.584,4109.848,0.4233760490454346,EST
3829,2000,3164.446461,4231.431242,0.4278662503730154,EST
3830,2001,3312.502484,4298.470559,0.43522719963468937,EST
3831,2002,3448.312175,4811.024512,0.41750473502642915,EST
3832,2003,4537.772641,6479.162019,0.4118906738619071,EST
3833,2004,5917.934732,8332.590714,0.41527835267724206,EST
3834,2005,7661.290232,10207.132744,0.42876141013061275,EST
3835,2006,9648.952021,13464.417447,0.4174619383971161,EST
3836,2007,10946.282869,15688.937175,0.410970243569128,EST
3837,2008,12352.590277,16061.805812,0.43472999525694755,EST
3838,2009,8961.582241,10147.073241,0.4689802612979047,EST
3839,2010,11369.983491,12278.070786,0.48079995748565235,EST
3840,2011,16418.613138,17475.560709,0.4844081231221166,EST
3841,2012,15737.612265,17883.639476,0.46808525709375964,EST
3842,2013,16119.169619,18280.260471,0.46858827535302344,EST
3843,2014,15914.669099,18121.36591,0.46758293364052994,EST
3844,2015,12748.082097,14462.603172,0.46849544474807325,EST
3845,2016,13082.28268,14882.532963,0.4678122268714003,EST
3846,2017,14421.32305,16572.900937,0.4652906637071727,EST
3847,2018,16806.136466,19004.329585,0.469307951537556,EST
3848,2019,15946.390881,17949.824257,0.47044753569324005,EST
3849,2020,16047.72127,17251.804076,0.4819204208845482,EST
3850,2021,21216.414076,23455.356346,0.47494007682201284,EST
3851,2022,22192.15225,26621.626208,0.45462885584844476,EST
3852,2000,969.156658,1086.585896,0.47143872957936545,SWZ
3853,2001,796.092862,950.929248,0.4556856249518216,SWZ
3854,2002,1153.496962,1065.928145,0.5197278152625674,SWZ
3855,2003,1874.062054,1467.396397,0.5608515208199427,SWZ
3856,2004,1701.18922,1776.553222,0.48916480974987625,SWZ
3857,2005,1334.966786,1668.046155,0.4445424685900479,SWZ
3858,2006,1512.158164,1252.561702,0.5469480588598628,SWZ
3859,2007,1115.358081,1287.473303,0.4641849146914589,SWZ
3860,2008,1210.44772,1325.930621,0.47723468554883075,SWZ
3861,2009,1395.331556,1456.167994,0.48933255346296656,SWZ
3862,2010,1657.481584,2055.115766,0.4464479790678082,SWZ
3863,2011,2568.296268,3121.391173,0.45139496582761407,SWZ
3864,2012,1906.416181,1979.487504,0.4905978983367417,SWZ
3865,2013,2089.961209,1932.726447,0.5195434962201798,SWZ
3866,2014,2070.212391,1758.25209,0.5407422221817918,SWZ
3867,2015,1840.282208,1538.004989,0.5447382358830282,SWZ
3868,2016,1734.597381,1556.568606,0.5270464594771591,SWZ
3869,2017,1816.052261,1632.569001,0.5266024080437279,SWZ
3870,2018,1854.87397,1880.589819,0.4965578773543828,SWZ
3871,2019,2025.184125,1861.746408,0.5210240079688093,SWZ
3872,2020,1780.180762,1636.43499,0.5210362801137142,SWZ
3873,2021,2089.935403,2155.340372,0.4922967349512176,SWZ
3874,2022,2024.475822,2155.007316,0.4843842540225604,SWZ
3875,1949,26.7,35.7,0.4278846153846153,ETH
3876,1950,34.7,28.1,0.552547770700637,ETH
3877,1951,43.0,40.4,0.5155875299760192,ETH
3878,1952,38.2,45.3,0.4574850299401198,ETH
3879,1953,54.3,54.8,0.4977085242896425,ETH
3880,1954,44.1,64.0,0.4079555966697503,ETH
3881,1955,48.6,67.3,0.41932700603968937,ETH
3882,1956,43.8,63.2,0.40934579439252333,ETH
3883,1957,61.0,71.6,0.4600301659125189,ETH
3884,1958,61.7,77.7,0.44261119081779055,ETH
3885,1959,71.3,82.2,0.46449511400651466,ETH
3886,1960,73.9,83.3,0.4701017811704835,ETH
3887,1961,75.2,93.0,0.4470868014268728,ETH
3888,1962,80.0,103.1,0.4369197160021846,ETH
3889,1963,89.9,110.8,0.4479322371699054,ETH
3890,1964,104.9,122.4,0.4615046194456665,ETH
3891,1965,115.6,149.0,0.43688586545729396,ETH
3892,1966,110.6,161.1,0.4070666175929334,ETH
3893,1967,101.0,142.8,0.4142739950779327,ETH
3894,1968,105.1,171.8,0.37955940772842184,ETH
3895,1969,119.335,155.323,0.4344857968819404,ETH
3896,1970,122.729,171.639,0.4169237145341885,ETH
3897,1971,125.624,187.809,0.4008001710094342,ETH
3898,1972,166.785,189.309,0.46837351935163185,ETH
3899,1973,240.125,218.39,0.5237015146723663,ETH
3900,1974,266.712,284.108,0.4842089974946444,ETH
3901,1975,239.994,310.793,0.43572923834440536,ETH
3902,1976,280.883,355.238,0.4415559303968899,ETH
3903,1977,332.827,351.611,0.4862777928753225,ETH
3904,1978,306.099,455.425,0.4019558149185055,ETH
3905,1979,417.899,571.835,0.42223365065765145,ETH
3906,1980,424.732,722.078,0.3703595190136117,ETH
3907,1981,392.303,737.708,0.3471674169543482,ETH
3908,1982,406.016,786.217,0.34055088225204305,ETH
3909,1983,403.923,878.976,0.314851753723403,ETH
3910,1984,417.418,928.758,0.3100768398782923,ETH
3911,1985,337.766,988.532,0.2546682570583685,ETH
3912,1986,454.898550724638,1101.6425120773,0.292249630668768,ETH
3913,1987,370.695,1109.717,0.2503998886796378,ETH
3914,1988,421.35,1087.87,0.2791839493248168,ETH
3915,1989,457.828,960.186,0.3228656416650329,ETH
3916,1990,294.197,1077.571,0.21446556560584587,ETH
3917,1991,189.154797101449,504.964439613527,0.27251052426763533,ETH
3918,1992,186.761819803747,709.295272078502,0.20842625039821613,ETH
3919,1993,201.74,770.4,0.20752155039397618,ETH
3920,1994,386.009881061299,1034.38536139067,0.27176230215679004,ETH
3921,1995,429.698403247631,1152.99166441137,0.2714987678435421,ETH
3922,1996,440.06801355548,1121.89666505292,0.2817400544214287,ETH
3923,1997,591.879531151219,1162.39228637683,0.3373932849159252,ETH
3924,1998,604.716052881513,1459.68336204443,0.29292589821006426,ETH
3925,1999,474.731314150054,1673.61493274019,0.22097523378144146,ETH
3926,2000,438.785145,1209.725008,0.26617072645957796,ETH
3927,2001,282.854631,1765.203287,0.13810870704096953,ETH
3928,2002,418.358667,1539.852092,0.21364332979849593,ETH
3929,2003,467.106246,2051.777971,0.18544172965453934,ETH
3930,2004,550.398069,2542.839501,0.17793591877264053,ETH
3931,2005,781.963896,4081.570054,0.16078100904384557,ETH
3932,2006,820.774717,4529.517655,0.15340745139376097,ETH
3933,2007,1085.475962,5331.521795,0.16915635677383642,ETH
3934,2008,1360.893281,7093.049209,0.1609773525913825,ETH
3935,2009,964.645919,8412.509258,0.10287191592670387,ETH
3936,2010,2342.193459,6465.08813,0.2659382960941457,ETH
3937,2011,2903.120016,7126.20625,0.2894631143710765,ETH
3938,2012,3049.507624,9882.827521,0.23580487126325553,ETH
3939,2013,1867.367231,12074.125119,0.13394313780188674,ETH
3940,2014,2312.125994,16722.987369,0.12146636323659915,ETH
3941,2015,2023.666536,17683.823727,0.10268514706813534,ETH
3942,2016,1988.558589,17447.548111,0.10231259890130157,ETH
3943,2017,2305.973077,15755.197259,0.1276757283221937,ETH
3944,2018,1548.657556,14984.372017,0.09367052476148137,ETH
3945,2019,2683.850065,15533.454214,0.1473242156960516,ETH
3946,2020,2533.363218,14090.449275,0.15239363527871572,ETH
3947,2021,3057.80798,15284.936177,0.16670395409909658,ETH
3948,2022,3085.488245,16537.802145,0.1572360283967647,ETH
3949,1948,7746.4,12972.0,0.37388987566607457,Euro Area (EA)
3950,1949,9305.5,13105.9,0.4152127934890279,Euro Area (EA)
3951,1950,10495.3,13207.1,0.44279482246523555,Euro Area (EA)
3952,1951,15531.3,17568.8,0.4692221473651137,Euro Area (EA)
3953,1952,15384.8,17824.8,0.4632636346116786,Euro Area (EA)
3954,1953,15744.2,17295.4,0.4765251395295342,Euro Area (EA)
3955,1954,17616.1,19168.6,0.47889747639643654,Euro Area (EA)
3956,1955,20513.3,22294.2,0.47919873853880746,Euro Area (EA)
3957,1956,22502.3,25796.0,0.46590252658996273,Euro Area (EA)
3958,1957,24182.1,27572.8,0.4672427151825238,Euro Area (EA)
3959,1958,24422.89,25472.9,0.4894779699850428,Euro Area (EA)
3960,1959,27035.69,27020.71,0.50013855898654,Euro Area (EA)
3961,1960,33388.79,34370.44,0.49275633740229924,Euro Area (EA)
3962,1961,36177.71,37758.8,0.4893077858286792,Euro Area (EA)
3963,1962,38252.47,41977.73,0.47678392924360147,Euro Area (EA)
3964,1963,41844.1,47255.87,0.46963091008897084,Euro Area (EA)
3965,1964,47423.7,53018.04,0.47215131876448974,Euro Area (EA)
3966,1965,53171.3,58862.99,0.47459844660058986,Euro Area (EA)
3967,1966,58715.0,64798.43,0.47537340676232537,Euro Area (EA)
3968,1967,62705.45,66041.43,0.48704442391147656,Euro Area (EA)
3969,1968,71322.84,73584.09,0.492197578128251,Euro Area (EA)
3970,1969,84609.488,89633.537,0.4855832134457032,Euro Area (EA)
3971,1970,98877.164,105114.663,0.4847113997366179,Euro Area (EA)
3972,1971,112817.113,117818.231,0.48915795403847556,Euro Area (EA)
3973,1972,138875.833,141814.389,0.49476548206941107,Euro Area (EA)
3974,1973,192400.376,198026.666,0.4927946973509073,Euro Area (EA)
3975,1974,253522.314,271861.433,0.48254692964455187,Euro Area (EA)
3976,1975,269574.014,280082.925,0.4904404818220625,Euro Area (EA)
3977,1976,300296.829,323309.194,0.4815489554692771,Euro Area (EA)
3978,1977,346167.559,364710.843,0.4869574853112502,Euro Area (EA)
3979,1978,418110.046,426348.83,0.49512185599905995,Euro Area (EA)
3980,1979,524151.597,558374.278,0.4841931348754135,Euro Area (EA)
3981,1980,595182.448,679243.548,0.4670200151817996,Euro Area (EA)
3982,1981,547929.582,603512.307,0.4758638601170433,Euro Area (EA)
3983,1982,530378.209,574440.343,0.4800591083847042,Euro Area (EA)
3984,1983,518255.827,545804.962,0.48705471751012896,Euro Area (EA)
3985,1984,531903.283,549042.764,0.49207199977854216,Euro Area (EA)
3986,1985,561210.393,572824.699,0.49487921225633463,Euro Area (EA)
3987,1986,705794.343,676152.285,0.5107247477577694,Euro Area (EA)
3988,1987,845656.007,831629.706,0.5041812497689832,Euro Area (EA)
3989,1988,941697.755042028,927271.099407979,0.5038595227522651,Euro Area (EA)
3990,1989,1006694.56664152,1008133.98149431,0.4996427947047599,Euro Area (EA)
3991,1990,1213185.22730566,1239174.02307468,0.49470126659358954,Euro Area (EA)
3992,1991,1212113.39311668,1293376.07801461,0.48378307196373127,Euro Area (EA)
3993,1992,1288992.38328003,1344742.01109707,0.48941623955398406,Euro Area (EA)
3994,1993,1194416.47272083,1147016.00870806,0.5101221078097975,Euro Area (EA)
3995,1994,1372662.08831106,1311212.75451494,0.5114478761855036,Euro Area (EA)
3996,1995,1675126.17097322,1585813.5079293,0.5136943138846988,Euro Area (EA)
3997,1996,1709492.30404756,1610687.42502911,0.5148794473614124,Euro Area (EA)
3998,1997,1717114.54075022,1612004.64752084,0.5157864418912511,Euro Area (EA)
3999,1998,1789044.30312736,1693235.85617763,0.5137565679047564,Euro Area (EA)
4000,1999,1849712.18805618,1777586.18962688,0.5099421099285704,Euro Area (EA)
4001,2000,1908923.310044,1901356.746989,0.5009929142926166,Euro Area (EA)
4002,2001,1943921.291763,1875771.240754,0.5089208817763261,Euro Area (EA)
4003,2002,2075123.058805,1956290.982395,0.5147382624552536,Euro Area (EA)
4004,2003,2496555.673884,2389032.978494,0.5110040675792122,Euro Area (EA)
4005,2004,2967992.122911,2862719.896461,0.5090273903170182,Euro Area (EA)
4006,2005,3173850.271232,3140606.290478,0.5026323706901071,Euro Area (EA)
4007,2006,3555263.712489,3571402.206336,0.4988677388535661,Euro Area (EA)
4008,2007,4199373.65339,4196210.387604,0.5001883886678136,Euro Area (EA)
4009,2008,4647167.9798,4732786.583457,0.49543608643945974,Euro Area (EA)
4010,2009,3609586.821922,3579279.267427,0.5021079509701748,Euro Area (EA)
4011,2010,4025602.832173,4015871.784206,0.5006050537016669,Euro Area (EA)
4012,2011,4694941.313906,4711772.699639,0.49910535253284183,Euro Area (EA)
4013,2012,4487437.276507,4377030.521913,0.5062274891795353,Euro Area (EA)
4014,2013,4634801.704808,4435710.785472,0.5109746235148978,Euro Area (EA)
4015,2014,4726417.295424,4483290.224738,0.5131995001010479,Euro Area (EA)
4016,2015,4119480.213232,3849149.295743,0.5169621963967912,Euro Area (EA)
4017,2016,4148759.462086,3847870.790771,0.5188134665353259,Euro Area (EA)
4018,2017,4539835.899635,4278503.599012,0.5148175459032336,Euro Area (EA)
4019,2018,4961851.675404,4753124.911065,0.5107425253412198,Euro Area (EA)
4020,2019,4810711.950519,4575471.917345,0.5125311860754935,Euro Area (EA)
4021,2020,4495072.483495,4218120.724407,0.5158926671588571,Euro Area (EA)
4022,2021,5446828.198437,5315251.223206,0.5061129903467536,Euro Area (EA)
4023,2022,5856667.590821,6163211.717414,0.4872484523874136,Euro Area (EA)
4024,1948,2054.9,2344.65,0.4670704958461661,Europe
4025,1949,435.0,576.4,0.4300968953925252,Europe
4026,1950,417.3,513.5,0.44832402234636876,Europe
4027,1951,492.6,778.2,0.3876298394711992,Europe
4028,1952,605.6,917.6,0.3975840336134454,Europe
4029,1953,578.6,918.3,0.3865321664773866,Europe
4030,1954,573.0,811.3,0.4139276168460594,Europe
4031,1955,6965.2,7204.37,0.49156043549663114,Europe
4032,1956,7435.2,7922.76,0.4841267980903714,Europe
4033,1957,7940.1,8907.2,0.47129807150107134,Europe
4034,1958,1151.28,1517.41,0.431402673221693,Europe
4035,1959,1351.33,1670.26,0.4472248054832058,Europe
4036,1960,1989.13,2453.77,0.4477098291656351,Europe
4037,1961,2142.97,2757.02,0.4373417088606303,Europe
4038,1962,2166.11,2746.62,0.4409177789131502,Europe
4039,1963,2077.72,2879.67,0.41911570402974146,Europe
4040,1964,2316.73,3139.85,0.4245754666842601,Europe
4041,1965,2668.32,3049.19,0.46669266866170767,Europe
4042,1966,2912.01,3638.33,0.4445586030648791,Europe
4043,1967,3174.83,4106.44,0.43602695683582676,Europe
4044,1968,4557.866,5702.911,0.4442028123211332,Europe
4045,1969,5208.909,6689.103,0.43779658316027925,Europe
4046,1970,9420.34,12348.192,0.4327503572588175,Europe
4047,1971,10351.813,13808.147,0.42846979051289824,Europe
4048,1972,13108.252,15991.179,0.45046420323476427,Europe
4049,1973,17729.092,22258.345,0.4433665503493009,Europe
4050,1974,22546.152,33068.61,0.40539869612316237,Europe
4051,1975,25695.042,37614.06,0.4058664739866315,Europe
4052,1976,29012.032,40127.154,0.4196177837557995,Europe
4053,1977,32261.646,46304.153,0.41063218869574536,Europe
4054,1978,36639.852,50214.869,0.42185216391403757,Europe
4055,1979,42918.001,58173.707,0.4245452159142469,Europe
4056,1980,64714.002,84614.9368,0.4333654449033023,Europe
4057,1981,104760.678699365,130190.079964568,0.44588355149434417,Europe
4058,1982,96882.7926333939,111997.698668562,0.4638192491291154,Europe
4059,1983,96651.2056692171,109617.641308482,0.46856908876630615,Europe
4060,1984,102383.00549401,112520.746562238,0.47641329904380963,Europe
4061,1985,108802.220358181,124956.363423885,0.4654469521410932,Europe
4062,1986,108169.157562743,125685.727736664,0.4625482055859249,Europe
4063,1987,119159.976435116,135056.139805913,0.46873494173806546,Europe
4064,1988,127034.680161401,145163.29913752,0.4666995709835696,Europe
4065,1989,127515.081293623,149745.599334159,0.45991043881483484,Europe
4066,1990,117044.501185758,148112.377995486,0.4414160460296939,Europe
4067,1991,116974.543239374,135349.443585141,0.46358867704768336,Europe
4068,1992,114392.846976605,129461.602458082,0.4691029720466246,Europe
4069,1993,97531.036824984,107993.068192794,0.47454792135719304,Europe
4070,1994,132947.738626888,127445.246276837,0.5105657461396002,Europe
4071,1995,170619.480207478,172922.321396766,0.4966483828481216,Europe
4072,1996,180565.004740672,187950.433622254,0.48997948510055556,Europe
4073,1997,194591.461993414,214540.640792459,0.47562012530524184,Europe
4074,1998,186533.565558481,211600.709365654,0.4685192341051903,Europe
4075,1999,184744.76016254,187797.774596023,0.49590246193570675,Europe
4076,2000,232122.150394,223967.342453,0.5089399208586193,Europe
4077,2001,225317.469591,222050.362882,0.5036514770082371,Europe
4078,2002,268738.82678,254973.262264,0.513142301661518,Europe
4079,2003,340544.18541,328517.264376,0.5089879046519918,Europe
4080,2004,448861.086056,435756.747857,0.5074067793439312,Europe
4081,2005,558855.275301,508491.074415,0.5235931855200521,Europe
4082,2006,682107.028522,652303.310535,0.5111673737510388,Europe
4083,2007,847591.436478,870451.353897,0.4933471047557523,Europe
4084,2008,1073298.601324,1100290.72987,0.4937908858498186,Europe
4085,2009,743902.207168,727600.41321,0.5055391657929268,Europe
4086,2010,917320.781213,907939.502349,0.5025698468729327,Europe
4087,2011,1168744.824089,1117585.448763,0.5111880982230497,Europe
4088,2012,1192237.392307,1153272.940108,0.5083061779051898,Europe
4089,2013,1228715.25375,1183482.872965,0.509375759868987,Europe
4090,2014,1217374.794753,1143483.178157,0.5156493142416613,Europe
4091,2015,970692.459025,908158.51849,0.5166415381750256,Europe
4092,2016,920170.095695,906006.484352,0.5038779413496354,Europe
4093,2017,1076549.484362,1075827.178429,0.5001677926418472,Europe
4094,2018,1247886.468791,1165567.555049,0.5170541706883283,Europe
4095,2019,1223656.500282,1148062.979206,0.5159364380420569,Europe
4096,2020,1122549.267237,1115787.782914,0.5015103811828839,Europe
4097,2021,1483048.874742,1415086.78697,0.5117251391420119,Europe
4098,2022,1638389.1710388,1546920.19742924,0.5143579418870625,Europe
4099,1948,10225.9,15900.54,0.39140043572717903,European Union (EU)
4100,1949,11104.3,15062.8,0.42436112522977326,European Union (EU)
4101,1950,12244.0,15211.9,0.44595150769051456,European Union (EU)
4102,1951,18123.8,20315.7,0.4714889631758998,European Union (EU)
4103,1952,17782.3,20484.8,0.4646889887135424,European Union (EU)
4104,1953,18101.5,19847.7,0.4769929273871386,European Union (EU)
4105,1954,20142.8,22071.0,0.4771614969512339,European Union (EU)
4106,1955,25030.2,27202.9,0.47920188539451036,European Union (EU)
4107,1956,27344.2,31140.6,0.467543703663174,European Union (EU)
4108,1957,28934.1,33389.31,0.4642573312339617,European Union (EU)
4109,1958,28228.27,29688.11,0.48739700236789657,European Union (EU)
4110,1959,31148.22,31543.17,0.49685004591539605,European Union (EU)
4111,1960,38366.52,39982.77,0.48968561170113983,European Union (EU)
4112,1961,41462.58,43692.4,0.48690728363743374,European Union (EU)
4113,1962,43643.68,48230.33,0.47503837048148867,European Union (EU)
4114,1963,47849.52,53870.21,0.4704054955710165,European Union (EU)
4115,1964,54198.93,60749.09,0.47150816516891725,European Union (EU)
4116,1965,60546.02,67228.28,0.47385131438794814,European Union (EU)
4117,1966,66610.91,73701.96,0.47473129157717325,European Union (EU)
4118,1967,71135.68,75589.87,0.48482135524453646,European Union (EU)
4119,1968,81671.57,85054.33,0.48985532541734667,European Union (EU)
4120,1969,96487.908,103142.847,0.4833318793990435,European Union (EU)
4121,1970,116124.584,125089.243,0.4814176096132334,European Union (EU)
4122,1971,131775.653,138946.561,0.4867559667637765,European Union (EU)
4123,1972,161973.473,166140.519,0.49365000258812497,European Union (EU)
4124,1973,224294.036,232024.436,0.4915295999676297,European Union (EU)
4125,1974,294264.994,319842.453,0.4791750945824307,European Union (EU)
4126,1975,315768.394,333547.015,0.4863097188565257,European Union (EU)
4127,1976,349923.389,382386.794,0.47783493541834315,European Union (EU)
4128,1977,400384.079,428782.903,0.4828750875176551,European Union (EU)
4129,1978,480321.686,497192.6,0.49137050258925835,European Union (EU)
4130,1979,600397.087,645558.258,0.48187689021872604,European Union (EU)
4131,1980,678155.548,774928.478,0.4667008485853384,European Union (EU)
4132,1981,625531.818363636,689781.355,0.47557633499858465,European Union (EU)
4133,1982,602511.960019126,649451.12842297,0.4812537730396454,European Union (EU)
4134,1983,591521.51501746,618262.474122021,0.48894804388856977,European Union (EU)
4135,1984,607695.645306573,621825.86407567,0.4942537732519228,European Union (EU)
4136,1985,640278.955325788,652039.179172613,0.4954499501582133,European Union (EU)
4137,1986,794994.163612965,764447.146934885,0.509794218118843,European Union (EU)
4138,1987,947943.161546147,931507.35318477,0.5043725036207538,European Union (EU)
4139,1988,1053778.13959467,1033993.60100922,0.5047381948420586,European Union (EU)
4140,1989,1119233.99653975,1114612.70533464,0.5010343796647353,European Union (EU)
4141,1990,1331403.40554817,1351252.14125973,0.4963005433673402,European Union (EU)
4142,1991,1329643.83653658,1407527.47835473,0.4857729690877528,European Union (EU)
4143,1992,1412841.30767004,1462296.67573912,0.491399479198136,European Union (EU)
4144,1993,1318516.92752922,1271612.94574862,0.5090543687141916,European Union (EU)
4145,1994,1521011.7713588,1457373.9918416,0.5106832668057106,European Union (EU)
4146,1995,1868443.51407665,1775974.83759637,0.5126863421755395,European Union (EU)
4147,1996,1913237.5347003,1817113.70273417,0.5128840189365437,European Union (EU)
4148,1997,1928662.02462988,1830204.35266439,0.5130967241294119,European Union (EU)
4149,1998,2011814.08198209,1928860.03388216,0.5105253626233613,European Union (EU)
4150,1999,2074620.71759714,2005665.56635561,0.5084497932795453,European Union (EU)
4151,2000,2148874.376834,2148022.616663,0.5000991134034967,European Union (EU)
4152,2001,2186052.701698,2124647.157563,0.507122456461806,European Union (EU)
4153,2002,2346383.103317,2230996.360959,0.5126040175670962,European Union (EU)
4154,2003,2834378.266026,2730775.493007,0.5093081680673098,European Union (EU)
4155,2004,3398813.6796,3296096.245842,0.5076713081207899,European Union (EU)
4156,2005,3656753.145056,3627335.678851,0.5020192962301921,European Union (EU)
4157,2006,4122482.119958,4153440.756411,0.49812959612387164,European Union (EU)
4158,2007,4887938.750675,4926759.241015,0.49802232883921294,European Union (EU)
4159,2008,5444832.196538,5591249.402233,0.4933664315371089,European Union (EU)
4160,2009,4223096.930054,4191996.63445,0.5018478876892816,European Union (EU)
4161,2010,4736241.27399,4726472.927061,0.5005161493162245,European Union (EU)
4162,2011,5544979.04672,5557236.34224,0.4994479797459078,European Union (EU)
4163,2012,5293517.105984,5170538.091479,0.5058762598335116,European Union (EU)
4164,2013,5480133.718317,5251309.747564,0.5106613789412632,European Union (EU)
4165,2014,5604196.248175,5337898.583623,0.5121684955506934,European Union (EU)
4166,2015,4893484.842425,4599887.749041,0.5154632661130316,European Union (EU)
4167,2016,4938639.136659,4611429.265915,0.517131284141159,European Union (EU)
4168,2017,5423800.395898,5146202.605678,0.513131395997646,European Union (EU)
4169,2018,5936972.85195,5732714.602454,0.5087516589580519,European Union (EU)
4170,2019,5777560.276658,5528164.610479,0.5110296185635451,European Union (EU)
4171,2020,5444529.906241,5139802.859275,0.5143951939964891,European Union (EU)
4172,2021,6594220.67546,6477805.449282,0.5044528378794185,European Union (EU)
4173,2022,7077937.665774,7461358.128081,0.48681433861229195,European Union (EU)
4174,2000,89.171698,64.128806,0.581679092196592,FLK
4175,2001,75.479422,63.783374,0.5419927228805602,FLK
4176,2002,84.860779,47.868333,0.6393531737031436,FLK
4177,2003,147.657509,76.522663,0.6586555255207851,FLK
4178,2004,126.730478,86.832789,0.5934095304882183,FLK
4179,2005,154.481375,62.138,0.713146619502526,FLK
4180,2006,134.496676,64.048501,0.67741094511704,FLK
4181,2007,162.755912,96.591486,0.6275594559849796,FLK
4182,2008,175.146188,78.289363,0.691087684063709,FLK
4183,2009,129.333274,61.429695,0.6779789320641156,FLK
4184,2010,163.882909,115.935556,0.5856758202143665,FLK
4185,2011,174.273703,200.562021,0.46493354779599394,FLK
4186,2012,196.740693,140.973153,0.5825662623261233,FLK
4187,2013,177.306695,139.868668,0.5590178673492997,FLK
4188,2014,189.707169,207.116735,0.47806386431801245,FLK
4189,2015,185.68508,268.553017,0.4087835899858483,FLK
4190,2016,240.576553,90.443336,0.7267737105669805,FLK
4191,2017,195.885297,123.628146,0.6130737259777831,FLK
4192,2018,272.401519,138.379999,0.6631299293265672,FLK
4193,2019,294.709,101.545586,0.7437365027745066,FLK
4194,2020,278.070256,123.055352,0.6932248912914082,FLK
4195,2021,318.103326,156.987355,0.6695633880471757,FLK
4196,2022,382.186175,124.528178,0.7542438313366664,FLK
4197,1962,0.7,0.1,0.875,FRO
4198,1963,1.3,19.8,0.061611374407582936,FRO
4199,1964,19.7,23.1,0.4602803738317757,FRO
4200,1965,25.7,26.2,0.4951830443159923,FRO
4201,1966,22.5,28.2,0.4437869822485207,FRO
4202,1967,25.5,26.6,0.4894433781190019,FRO
4203,1968,20.136,28.571,0.41341080337528485,FRO
4204,1969,24.289,31.263,0.43722998271889396,FRO
4205,1970,33.46,30.442,0.5236142843729461,FRO
4206,1971,37.613,40.637,0.4806773162939297,FRO
4207,1972,46.182,46.709,0.4971633419814621,FRO
4208,1973,78.542,68.455,0.5343102240181772,FRO
4209,1974,79.982,99.86,0.4447348227888925,FRO
4210,1975,80.462,113.38,0.41509064083119246,FRO
4211,1976,104.592,130.964,0.4440218037324458,FRO
4212,1977,143.506,152.053,0.4855409579813168,FRO
4213,1978,140.502,183.769,0.43328573939698584,FRO
4214,1979,144.031,204.857,0.41282875879938546,FRO
4215,1980,178.214,222.796,0.4444128575347248,FRO
4216,1981,168.652,214.037,0.44070250255429344,FRO
4217,1982,150.876,196.622,0.43417803843475355,FRO
4218,1983,169.991,237.482,0.41718346982499455,FRO
4219,1984,158.327,261.053,0.3775263484190949,FRO
4220,1985,183.04,253.772,0.41903610706665567,FRO
4221,1986,245.31,327.698,0.4281092061541898,FRO
4222,1987,344.866928675329,515.638941030995,0.40077231407268166,FRO
4223,1988,348.309781215995,481.434793820865,0.4197795221505629,FRO
4224,1989,348.054600181576,344.004,0.5029264864135156,FRO
4225,1990,381.10244518553,333.693,0.5331629457804006,FRO
4226,1991,395.238353741952,294.902,0.5726927161974567,FRO
4227,1992,439.827,333.158,0.5689981047497688,FRO
4228,1993,377.814,253.238,0.5987050195546484,FRO
4229,1994,321.254,238.274,0.5741517850759926,FRO
4230,1995,320.261340417048,251.399616249786,0.5602295148585729,FRO
4231,1996,373.850462843982,304.548873381893,0.5510772827753879,FRO
4232,1997,372.976652087286,342.539023757661,0.5212697145269958,FRO
4233,1998,383.599529759347,361.465756826786,0.5148535794990378,FRO
4234,1999,328.588758471213,416.124405896424,0.44122861551699527,FRO
4235,2000,510.397668,534.748315,0.4883506001094203,FRO
4236,2001,536.733653,511.219454,0.5121733495657264,FRO
4237,2002,557.199441,494.077368,0.5300216234485583,FRO
4238,2003,612.071639,744.035507,0.45134460120306746,FRO
4239,2004,627.682898,632.251433,0.49818699479504863,FRO
4240,2005,607.684845,829.572925,0.42280853002450625,FRO
4241,2006,633.491388,790.342645,0.4449194030467454,FRO
4242,2007,750.03189,1024.733058,0.42260914091481144,FRO
4243,2008,863.863752,996.119003,0.46444718354391407,FRO
4244,2009,819.441353,790.763091,0.5089051617348537,FRO
4245,2010,931.51596,1018.654803,0.4776586633711111,FRO
4246,2011,1048.977845,1134.771442,0.4803563537465737,FRO
4247,2012,998.676105,1317.668075,0.4311432271692888,FRO
4248,2013,1167.039873,1251.974187,0.48244443564747197,FRO
4249,2014,1334.45211,1291.659012,0.508147617524922,FRO
4250,2015,1277.026478,1232.384688,0.5088948735473986,FRO
4251,2016,1435.131728,1172.054564,0.5504523142069359,FRO
4252,2017,1550.896796,1202.261057,0.5633156102219323,FRO
4253,2018,1519.916054,1310.558002,0.5369828600894974,FRO
4254,2019,1677.50433,1400.24159,0.5450431496307531,FRO
4255,2020,1478.547656,1412.146824,0.511485273255166,FRO
4256,2021,1619.668582,1539.902778,0.5126228837572449,FRO
4257,2022,2172.875512,1980.073072,0.5232127169528185,FRO
4258,1958,36.9,44.5,0.45331695331695326,FJI
4259,1959,31.7,40.4,0.43966712898751736,FJI
4260,1960,39.5,41.2,0.48946716232961585,FJI
4261,1961,0.2,1.2,0.14285714285714288,FJI
4262,1962,39.7,43.3,0.47831325301204825,FJI
4263,1963,55.5,50.8,0.522107243650047,FJI
4264,1964,62.9,68.1,0.4801526717557252,FJI
4265,1965,53.9,71.5,0.4298245614035087,FJI
4266,1966,48.8,63.5,0.43455031166518254,FJI
4267,1967,49.2,68.8,0.4169491525423729,FJI
4268,1968,49.7,73.7,0.4027552674230146,FJI
4269,1969,61.146,89.452,0.4060213283044927,FJI
4270,1970,71.561,103.907,0.4078293478013085,FJI
4271,1971,70.883,128.1,0.3562264113014679,FJI
4272,1972,76.042,158.203,0.3246259258468697,FJI
4273,1973,94.263,219.913,0.30003246587899773,FJI
4274,1974,156.468,273.168,0.3641873586012345,FJI
4275,1975,173.309,268.906,0.3919111744287281,FJI
4276,1976,138.002,261.028,0.3458436709019372,FJI
4277,1977,180.315,306.682,0.37025895436727535,FJI
4278,1978,206.137,353.357,0.36843469277597257,FJI
4279,1979,262.353,470.258,0.3581068261328318,FJI
4280,1980,363.69,559.306,0.39403204347581133,FJI
4281,1981,318.174,631.638,0.3349862920241058,FJI
4282,1982,289.073,509.47,0.36200054348983085,FJI
4283,1983,244.22,484.461,0.3351535171083094,FJI
4284,1984,260.454,449.835,0.3666873624679532,FJI
4285,1985,234.891,441.481,0.3472807863128574,FJI
4286,1986,275.798767011672,435.707376383619,0.387626684002427,FJI
4287,1987,331.867391115012,373.935695517309,0.4701982711615627,FJI
4288,1988,368.980431775786,461.568173649471,0.44426109365009514,FJI
4289,1989,388.852306280789,631.652546681251,0.3810391544460918,FJI
4290,1990,497.648828050745,755.161254107576,0.3972260721221237,FJI
4291,1991,450.593453526381,652.069520711024,0.4086411388194191,FJI
4292,1992,418.029,630.313,0.3987525063385803,FJI
4293,1993,449.094063660391,719.824228567723,0.38419628356089613,FJI
4294,1994,546.740203193033,850.115033552463,0.39140792031311106,FJI
4295,1995,623.964209765348,891.571230860393,0.4117120543929496,FJI
4296,1996,752.86982541153,986.615759994299,0.432811764425103,FJI
4297,1997,598.568472821099,964.68301314354,0.38289966662129166,FJI
4298,1998,635.488160111718,800.991355170082,0.44239277577658437,FJI
4299,1999,715.722713902646,991.223760993749,0.4193000333804184,FJI
4300,2000,702.919178,766.242672,0.47844910892560955,FJI
4301,2001,709.311923,750.370692,0.4859357203483581,FJI
4302,2002,737.321572,821.178616,0.47309687716251975,FJI
4303,2003,756.934128,1152.647554,0.39638740522857613,FJI
4304,2004,854.007638,1288.995821,0.3985096871465199,FJI
4305,2005,941.839805,1644.774775,0.36412065882656547,FJI
4306,2006,742.251782,1836.38912,0.2878461213518749,FJI
4307,2007,943.947596,1822.605344,0.3411999034437418,FJI
4308,2008,1058.13632,2391.020514,0.3067811557797085,FJI
4309,2009,799.820774,1488.980265,0.349449672720111,FJI
4310,2010,944.036987,1852.245147,0.33760434096454445,FJI
4311,2011,1121.844217,2204.96305,0.33721346833886184,FJI
4312,2012,1315.519805,2217.199426,0.37238164682213315,FJI
4313,2013,1191.905873,2910.786871,0.29051794696132377,FJI
4314,2014,1487.785476,3342.900566,0.3079863735843258,FJI
4315,2015,1188.98566,2325.340123,0.33832539537214557,FJI
4316,2016,1127.473676,2353.871742,0.32386147900478174,FJI
4317,2017,1268.732416,2474.544537,0.33893629350165794,FJI
4318,2018,1005.33042,2725.554979,0.26946161902197846,FJI
4319,2019,1026.415287,2779.02546,0.26972310311471004,FJI
4320,2020,828.411017,1731.714913,0.32358213605531505,FJI
4321,2021,892.35386,2164.900239,0.29188082871223586,FJI
4322,2022,1049.353865,2987.939803,0.259915168747145,FJI
4323,1948,493.6,483.8,0.5050133005934111,FIN
4324,1949,471.1,410.2,0.5345512311358221,FIN
4325,1950,389.5,385.4,0.5026455026455027,FIN
4326,1951,861.8,664.5,0.5646334272423508,FIN
4327,1952,713.6,784.1,0.4764639113307071,FIN
4328,1953,568.7,524.3,0.5203110704483075,FIN
4329,1954,679.4,656.5,0.5085710008234149,FIN
4330,1955,787.1,764.1,0.5074136152656008,FIN
4331,1956,773.3,874.9,0.4691784977551268,FIN
4332,1957,836.0,896.6,0.482511831928893,FIN
4333,1958,773.6,725.0,0.5162151341251836,FIN
4334,1959,834.1,829.7,0.5013222743118163,FIN
4335,1960,988.1,1053.9,0.48388834476003917,FIN
4336,1961,1053.0,1145.7,0.47891936144085145,FIN
4337,1962,1102.9,1227.8,0.4732054747500752,FIN
4338,1963,1148.8,1202.2,0.48864313058273073,FIN
4339,1964,1289.5,1497.7,0.46265068886337546,FIN
4340,1965,1425.9,1641.9,0.46479561901036576,FIN
4341,1966,1505.5,1727.1,0.46572418486667083,FIN
4342,1967,1533.6,1696.0,0.47485756750061925,FIN
4343,1968,1634.8,1592.5,0.5065534657453599,FIN
4344,1969,1986.67,2024.65,0.49526589751004657,FIN
4345,1970,2306.4,2649.11,0.46542131889553245,FIN
4346,1971,2357.47,2789.23,0.45805467581168513,FIN
4347,1972,2947.02,3203.36,0.47916063722891916,FIN
4348,1973,3829.35,4327.34,0.4694735241868944,FIN
4349,1974,5526.58,6858.99,0.44621119577056206,FIN
4350,1975,5495.87,7609.11,0.4193726354408782,FIN
4351,1976,6366.97,7423.74,0.4616854389657966,FIN
4352,1977,7667.71,7605.49,0.5020369012387712,FIN
4353,1978,8568.42,7861.4,0.5215163647562785,FIN
4354,1979,11177.72,11406.75,0.4949294803021722,FIN
4355,1980,14160.92,15615.18,0.475580079325365,FIN
4356,1981,14011.26,14173.63,0.49711955590389034,FIN
4357,1982,13073.89,13394.7,0.493939798077646,FIN
4358,1983,12533.97,12815.43,0.49444838931098956,FIN
4359,1984,13479.04,12417.07,0.5205044309743819,FIN
4360,1985,13634.99,13241.75,0.5073156193794337,FIN
4361,1986,16355.95,15335.9,0.5160932542593759,FIN
4362,1987,20012.72,19823.71,0.5023723260342355,FIN
4363,1988,21753.8392469295,21145.13,0.5070946838305803,FIN
4364,1989,23304.4916464065,24432.2344248522,0.48818789146995256,FIN
4365,1990,26569.6390771479,26943.9316865016,0.49650282532063855,FIN
4366,1991,23094.3526361663,21816.1110592292,0.5142309995461943,FIN
4367,1992,23788.0365842467,21082.5509457513,0.5301476511388075,FIN
4368,1993,23346.4337344625,18057.8383590778,0.563865334517133,FIN
4369,1994,29662.2184310274,23212.6504897935,0.5609889733333618,FIN
4370,1995,39572.434550778,28113.1071636032,0.5846512201640549,FIN
4371,1996,38431.7299032048,29263.0787780279,0.5677204892353788,FIN
4372,1997,39315.59996629,29783.5669057235,0.5689735744442611,FIN
4373,1998,42104.9843553949,31298.7922482934,0.5736078755555373,FIN
4374,1999,42362.267253478,32414.0714,0.5665196774315139,FIN
4375,2000,45648.482044,33453.70192,0.5770824490101938,FIN
4376,2001,43007.494152,31858.228561,0.5744617508986125,FIN
4377,2002,45170.276134,34122.455899,0.5696647722416861,FIN
4378,2003,53225.308935,42452.083039,0.5562997468562249,FIN
4379,2004,61588.983472,51198.39377,0.5460627330650026,FIN
4380,2005,65370.39852,58572.432137,0.5274237983228441,FIN
4381,2006,77208.912572,69320.418673,0.5269177980680546,FIN
4382,2007,90012.639291,81562.761984,0.524624384510273,FIN
4383,2008,96794.777015,91787.661664,0.5132756670930609,FIN
4384,2009,62865.536723,60789.203367,0.5083956884891302,FIN
4385,2010,68954.104652,68638.960888,0.5011452022046431,FIN
4386,2011,77582.595952,84029.789518,0.4800535288577966,FIN
4387,2012,72739.076863,76380.39238,0.4877906099871297,FIN
4388,2013,74081.554532,77440.336701,0.4889165118595468,FIN
4389,2014,74002.076196,76524.051347,0.4916227993366814,FIN
4390,2015,59556.458627,60268.408356,0.49702920709646603,FIN
4391,2016,57666.737364,60654.277814,0.4873752754508335,FIN
4392,2017,67744.871227,70077.538211,0.4915374176321835,FIN
4393,2018,74914.825613,77745.925825,0.49072747846014036,FIN
4394,2019,72157.758592,73430.839026,0.4956278154511099,FIN
4395,2020,66001.562911,67974.75259,0.492636050365987,FIN
4396,2021,81791.458403,85505.176543,0.48890079844941675,FIN
4397,2022,85507.916719,96526.809082,0.46973409245265146,FIN
4398,1948,1781.3,3201.9,0.35746106919248677,FRA
4399,1949,2375.4,3008.5,0.4412043314326047,FRA
4400,1950,2723.3,2766.8,0.4960383235278046,FRA
4401,1951,3529.6,3997.8,0.46890028429471,FRA
4402,1952,3210.6,3933.6,0.44939951289157637,FRA
4403,1953,3267.3,3567.1,0.4780668383471849,FRA
4404,1954,3630.7,3779.4,0.48996639721461244,FRA
4405,1955,4454.1,4289.0,0.5094417311937414,FRA
4406,1956,4236.2,5110.5,0.453229482063188,FRA
4407,1957,4735.1,5677.9,0.45472966484202443,FRA
4408,1958,4690.2,5062.9,0.4808932544524306,FRA
4409,1959,5263.1,4636.3,0.531658484352587,FRA
4410,1960,6753.8,6065.6,0.526842129896875,FRA
4411,1961,7099.5,6488.2,0.5224946090949903,FRA
4412,1962,7225.5,7315.2,0.49691555427180256,FRA
4413,1963,7926.6,8523.9,0.4818455366098295,FRA
4414,1964,8804.3,9899.2,0.47073007725826715,FRA
4415,1965,9851.5,10156.5,0.4923780487804878,FRA
4416,1966,10704.7,11732.8,0.4770896935933148,FRA
4417,1967,11157.0,12273.8,0.47616812059340696,FRA
4418,1968,12467.7,13863.7,0.47349172470890266,FRA
4419,1969,15033.3,17372.7,0.46390483243843733,FRA
4420,1970,17818.7,19009.8,0.48382909974612054,FRA
4421,1971,20525.2,21150.1,0.4925027534294894,FRA
4422,1972,26112.9,26851.7,0.4930255302598339,FRA
4423,1973,36184.3,37533.5,0.4908488858864481,FRA
4424,1974,45737.7,52704.0,0.4646171287167938,FRA
4425,1975,52470.5,53745.9,0.49399621903962104,FRA
4426,1976,56476.7,64130.6,0.4682693336141345,FRA
4427,1977,64196.2,70225.7,0.4775724788892286,FRA
4428,1978,78384.2,81464.7,0.4903643378215302,FRA
4429,1979,99344.6,106702.2,0.4821458037688526,FRA
4430,1980,114531.7,134586.7,0.459748055543067,FRA
4431,1981,105049.7,120660.2,0.4654191065611212,FRA
4432,1982,95286.5,115458.2,0.45214185694824116,FRA
4433,1983,93480.8,105698.6,0.4693296595933113,FRA
4434,1984,96023.8,104119.8,0.4797745218932806,FRA
4435,1985,99975.4,108028.2,0.48064264272349133,FRA
4436,1986,122920.6,129044.5,0.48784772176781627,FRA
4437,1987,145492.4,158093.5,0.4792462364029422,FRA
4438,1988,165544.886282504,179899.90004492,0.479222419427674,FRA
4439,1989,176075.74475863,192611.140701322,0.47757528597462395,FRA
4440,1990,212086.417879722,233953.821938528,0.47548718466778195,FRA
4441,1991,212366.221915609,231421.849907579,0.4785307118399049,FRA
4442,1992,231900.368397237,240946.430586851,0.4904344681945088,FRA
4443,1993,212525.091419442,202239.90565213,0.5123988111821514,FRA
4444,1994,235992.361445037,233832.583218608,0.502298492503389,FRA
4445,1995,282984.731760245,277816.552694409,0.5046078523793519,FRA
4446,1996,281501.972774541,275520.807992236,0.5053688690919171,FRA
4447,1997,292944.469563453,274064.881011671,0.5166483925993745,FRA
4448,1998,303916.988474869,290107.314923627,0.511623828749291,FRA
4449,1999,323857.053534978,313489.914908554,0.5081330414513006,FRA
4450,2000,322893.933625,335843.388276,0.4901710027499048,FRA
4451,2001,319611.373414,326656.580078,0.4945493145482981,FRA
4452,2002,325875.858059,326204.081047,0.4997483261113277,FRA
4453,2003,387144.32211,395734.821555,0.49451352133051846,FRA
4454,2004,443145.550327,467466.617307,0.48664575993795894,FRA
4455,2005,455160.453115,499887.070175,0.4765840882420577,FRA
4456,2006,487021.146298,538785.360597,0.4747690164026721,FRA
4457,2007,547706.198283,628513.456941,0.46564958836595405,FRA
4458,2008,604903.070804,714372.179519,0.4585116492224809,FRA
4459,2009,473307.934477,560499.13131,0.4578300440582574,FRA
4460,2010,519490.605664,610557.171886,0.4597067628328791,FRA
4461,2011,591832.631107,719476.441169,0.45132962443382924,FRA
4462,2012,564308.705572,674784.510627,0.4554207045883555,FRA
4463,2013,575981.726679,682121.793424,0.4578174351120524,FRA
4464,2014,577869.446012,675450.059258,0.46107113436131414,FRA
4465,2015,502819.119292,570164.892324,0.4686175319003254,FRA
4466,2016,498444.539613,566790.453908,0.4679197948289836,FRA
4467,2017,531708.498513,617840.035474,0.4625367983975985,FRA
4468,2018,577134.727627,675451.408649,0.46075452291277136,FRA
4469,2019,566717.015311,653324.35774,0.4645063912003173,FRA
4470,2020,486526.681363,580367.824071,0.45602135814270295,FRA
4471,2021,581631.581918,713771.262739,0.4489966841720236,FRA
4472,2022,608039.212085,818828.059315,0.4261357901134069,FRA
4473,2000,249.390381,1111.738003,0.1832232608852862,PYF
4474,2001,208.95927,1128.525338,0.15623302784206697,PYF
4475,2002,191.767203,1384.061942,0.12169289012610562,PYF
4476,2003,171.754672,1704.111731,0.0915601834572651,PYF
4477,2004,213.24019,1617.810183,0.1164578501740651,PYF
4478,2005,239.402519,1871.033888,0.11343744744259428,PYF
4479,2006,208.900846,1707.687111,0.10899622176849565,PYF
4480,2007,179.470464,1753.639439,0.09284027965584324,PYF
4481,2008,211.307758,2383.717426,0.08142801823382997,PYF
4482,2009,164.536189,1893.538315,0.07994666309709067,PYF
4483,2010,170.936195,1899.466246,0.08256182064653969,PYF
4484,2011,173.894707,1795.786591,0.08828570752871108,PYF
4485,2012,162.601654,1871.23289,0.07994831953252535,PYF
4486,2013,173.505506,1988.700227,0.08024467947333852,PYF
4487,2014,189.672823,1949.64001,0.08866062974717825,PYF
4488,2015,153.69041,1685.802779,0.08355040992761187,PYF
4489,2016,197.8731,1524.049738,0.11491403426057585,PYF
4490,2017,169.42512,1666.568988,0.09227977326384754,PYF
4491,2018,155.555299,2252.184102,0.06460636850291755,PYF
4492,2019,141.953795,2117.887911,0.06281581343644785,PYF
4493,2020,81.377017,1720.522882,0.04516178564922601,PYF
4494,2021,142.569145,2001.261191,0.06650206530149594,PYF
4495,2022,145.993507,2214.795034,0.06184099272955594,PYF
4496,1960,47.8,31.8,0.6005025125628141,GAB
4497,1961,55.2,35.8,0.6065934065934067,GAB
4498,1962,58.6,38.8,0.6016427104722792,GAB
4499,1963,73.4,48.1,0.6041152263374486,GAB
4500,1964,94.7,55.5,0.6304926764314248,GAB
4501,1965,105.0,62.3,0.6276150627615062,GAB
4502,1966,100.7,66.4,0.6026331538001196,GAB
4503,1967,119.9,67.5,0.6398078975453575,GAB
4504,1968,126.8,63.8,0.6652675760755509,GAB
4505,1969,148.226,81.749,0.6445309272747037,GAB
4506,1970,121.182,80.108,0.6020269263252024,GAB
4507,1971,178.648,91.506,0.6612820835523442,GAB
4508,1972,193.167,133.356,0.5915877288889296,GAB
4509,1973,288.303,159.561,0.6437288998445956,GAB
4510,1974,766.223,332.164,0.6975892831943568,GAB
4511,1975,941.951,469.227,0.667492690503962,GAB
4512,1976,1135.753,503.158,0.6929924809827989,GAB
4513,1977,1342.613,717.88,0.6515979428224217,GAB
4514,1978,1107.291,616.799,0.6422466344564379,GAB
4515,1979,1849.606,532.698,0.776393776780797,GAB
4516,1980,2189.292,673.621,0.7647078342932531,GAB
4517,1981,1699.615,839.475,0.6693795808734625,GAB
4518,1982,1564.892,798.543,0.6621261003581652,GAB
4519,1983,1474.87,685.62,0.6826553235608589,GAB
4520,1984,1795.248,791.405,0.6940428422366665,GAB
4521,1985,1997.42453197996,957.031241410571,0.6760719012854666,GAB
4522,1986,1262.58911460877,900.98026922954,0.5835676563184012,GAB
4523,1987,1280.81202234479,787.216987776651,0.6193394851214281,GAB
4524,1988,1206.23804656858,928.231359295047,0.5651231370451639,GAB
4525,1989,1530.30560317869,819.479916438715,0.6512533124418335,GAB
4526,1990,2481.86313905604,846.458027284624,0.7456801837981082,GAB
4527,1991,2518.52348693797,1086.06829607259,0.6986986706257472,GAB
4528,1992,2285.62994588494,968.719146784297,0.7023309057511874,GAB
4529,1993,2194.91472383377,917.695129290886,0.7051685972240821,GAB
4530,1994,2391.038361,707.514483,0.7716629282698785,GAB
4531,1995,2649.59164839841,929.823070562394,0.7402304165435333,GAB
4532,1996,3145.606,898.13,0.7778959852967652,GAB
4533,1997,3478.65623288285,1232.9246216226,0.7383203940045695,GAB
4534,1998,2498.95462335091,1094.55718684,0.6954073773360299,GAB
4535,1999,3362.62008034261,1564.27841796053,0.6825024062299478,GAB
4536,2000,4228.513572,1051.294514,0.8008839531899606,GAB
4537,2001,3937.329127,1106.428129,0.7806341437856065,GAB
4538,2002,3839.78306,744.375703,0.8376199993315981,GAB
4539,2003,4522.35792,943.539829,0.8273769703846686,GAB
4540,2004,3815.141971,1010.872439,0.7905367963872284,GAB
4541,2005,8436.432097,1545.23875,0.8451923757369315,GAB
4542,2006,9529.985467,1852.366479,0.83725977831401,GAB
4543,2007,9668.630433,2236.274162,0.8121552218957535,GAB
4544,2008,14532.312788,2753.753384,0.8406951959688472,GAB
4545,2009,8516.759749,2679.250754,0.7606959413549953,GAB
4546,2010,13739.2259,3308.67477,0.8059189319525757,GAB
4547,2011,7944.363076,3016.223371,0.724811862432273,GAB
4548,2012,13831.202629,5841.712683,0.7030581085541147,GAB
4549,2013,14035.036742,7038.860619,0.6659915108049103,GAB
4550,2014,15007.541427,11266.536334,0.5711919392001071,GAB
4551,2015,10990.775804,7227.705905,0.603276166453021,GAB
4552,2016,9611.046041,6439.111375,0.5988131949048043,GAB
4553,2017,6255.198559,4814.794347,0.565058949189538,GAB
4554,2018,8976.665378,4199.073946,0.6813025939006502,GAB
4555,2019,7814.901476,4187.50357,0.6511112936156446,GAB
4556,2020,7472.17058,3885.077284,0.6579208862461434,GAB
4557,2021,8091.251099,3823.089897,0.6791186438021604,GAB
4558,2022,10716.342771,4339.521832,0.7117719940749656,GAB
4559,1963,8.673,11.709,0.425522519870474,GMB
4560,1964,9.239,12.14,0.4321530473829459,GMB
4561,1965,14.811,16.277,0.47642177045805456,GMB
4562,1966,17.187,19.83,0.4643001864008429,GMB
4563,1967,14.875,20.805,0.41690022421524664,GMB
4564,1968,17.707,22.385,0.44165918387708275,GMB
4565,1969,15.641,17.061,0.4782887896764724,GMB
4566,1970,14.717,20.439,0.4186198657412675,GMB
4567,1971,17.422,22.338,0.43817907444668003,GMB
4568,1972,19.302,24.919,0.4364894507134619,GMB
4569,1973,24.908,31.391,0.44242348887191607,GMB
4570,1974,39.27,44.602,0.4682134681419306,GMB
4571,1975,48.658,58.581,0.4537341825268792,GMB
4572,1976,35.132,74.149,0.3214831489462944,GMB
4573,1977,47.496,77.57,0.37976748276909794,GMB
4574,1978,44.844,98.981,0.31179558491221976,GMB
4575,1979,57.917,139.882,0.29280734482985254,GMB
4576,1980,30.34,166.814,0.15388985260253407,GMB
4577,1981,33.3407902606183,112.6352,0.22839913742728038,GMB
4578,1982,41.6711502334377,110.737522130707,0.27341718543334775,GMB
4579,1983,58.3602411425287,102.982654837046,0.36171559205133424,GMB
4580,1984,45.8009925295087,109.347670256572,0.295207136864977,GMB
4581,1985,27.2744464211381,120.214584776247,0.18492525308296734,GMB
4582,1986,32.4337779648406,164.461317828728,0.16472618494695906,GMB
4583,1987,62.825960547617,182.392345525531,0.25620420250711695,GMB
4584,1988,96.492223830951,213.559243684872,0.31121356916663095,GMB
4585,1989,138.350138441223,194.916672401762,0.4151332624189966,GMB
4586,1990,172.309740330432,230.700677427327,0.427556541315028,GMB
4587,1991,165.972158094085,311.229135781976,0.3478032440900954,GMB
4588,1992,231.678104358377,397.998580176753,0.3679318451014547,GMB
4589,1993,96.9076304831506,375.811860199847,0.20500028535556233,GMB
4590,1994,35.2767203972618,209.166679720747,0.14431447271733014,GMB
4591,1995,27.7628388110514,140.351970669111,0.16514213647743758,GMB
4592,1996,22.4498187348502,272.410362146895,0.07613716666562646,GMB
4593,1997,14.6882033693922,173.95122134542,0.07786391095921776,GMB
4594,1998,29.3244449455516,327.769087489332,0.08211978734422738,GMB
4595,1999,8.1997585217612,193.669789112418,0.040619095935264644,GMB
4596,2000,16.583093,198.030483,0.07726954328369237,GMB
4597,2001,9.384869,138.650057,0.06339631635307467,GMB
4598,2002,18.527956,168.879027,0.09886481124345298,GMB
4599,2003,3.15263,162.006819,0.019088402262712804,GMB
4600,2004,17.957938,253.663571,0.06611382900460949,GMB
4601,2005,5.357895,277.576971,0.01893684958572762,GMB
4602,2006,12.237778,289.579444,0.04054698376357065,GMB
4603,2007,14.781943,365.950177,0.038825048435629755,GMB
4604,2008,13.538631,321.627843,0.04039375071863542,GMB
4605,2009,37.506181,276.723957,0.11935895531446444,GMB
4606,2010,69.369952,233.218959,0.2292547726575479,GMB
4607,2011,96.292627,346.134948,0.21764607913509912,GMB
4608,2012,119.890871,386.560021,0.23672753448324463,GMB
4609,2013,108.835533,357.260668,0.233504441285931,GMB
4610,2014,106.850558,390.492308,0.21484284847467786,GMB
4611,2015,84.302775,409.552629,0.17070335632087158,GMB
4612,2016,35.537172,376.590286,0.08622859581464722,GMB
4613,2017,17.756555,472.045561,0.03625250773722668,GMB
4614,2018,14.143841,503.734374,0.027311133371385396,GMB
4615,2019,27.235122,507.481162,0.05093378080103504,GMB
4616,2020,28.99934,564.107216,0.048893979853427895,GMB
4617,2021,29.453224,723.076669,0.03913894221873788,GMB
4618,2022,59.190828,935.131614,0.059528806250156024,GMB
4619,1992,77.2778061263569,58.0373076038571,0.571095157045283,GEO
4620,1993,226.757,238.453,0.4874293329894026,GEO
4621,1994,155.746,337.814,0.3155563659940027,GEO
4622,1995,150.876,391.601,0.27812423383848534,GEO
4623,1996,198.775,686.757,0.2244695843854316,GEO
4624,1997,230.112,930.67,0.19823877351647426,GEO
4625,1998,330.797648996723,1230.66683869194,0.21185089485216652,GEO
4626,1999,361.041171456788,859.413605448697,0.29582511231774045,GEO
4627,2000,325.911718,721.805679,0.3110683462288638,GEO
4628,2001,317.346386,753.565431,0.2963328828409034,GEO
4629,2002,349.405349,792.29981,0.30603816252003113,GEO
4630,2003,465.265634,1141.191448,0.2896221998167269,GEO
4631,2004,644.823923,1847.603945,0.25871317331940535,GEO
4632,2005,850.186763,2490.18415,0.25451867027438696,GEO
4633,2006,928.154585,3672.526615,0.20174286038337105,GEO
4634,2007,1232.279631,5212.446712,0.19120744084633665,GEO
4635,2008,1496.012558,6302.357862,0.19183656038744568,GEO
4636,2009,1133.324415,4502.052284,0.20110890106088364,GEO
4637,2010,1677.377717,5255.542688,0.24194388785861157,GEO
4638,2011,2188.977178,7053.928667,0.2368278131042673,GEO
4639,2012,2377.455001,7842.086917,0.2326381182323362,GEO
4640,2013,2905.75427,7872.436937,0.2695957247550804,GEO
4641,2014,2860.908132,8599.231926,0.2496398924900469,GEO
4642,2015,2204.134421,7301.686029,0.23187208643310742,GEO
4643,2016,2117.053492,7335.920121,0.22395635264321137,GEO
4644,2017,2745.743829,8057.160564,0.25416718774065705,GEO
4645,2018,3379.656932,9361.247053,0.26526037210380876,GEO
4646,2019,3797.041231,9517.967501,0.28517001433687084,GEO
4647,2020,3340.635726,8048.758486,0.29331109836204167,GEO
4648,2021,4242.456421,10098.59933,0.2958259485675714,GEO
4649,2022,5582.502212,13539.670982,0.2919386910349516,GEO
4650,1955,242.5,288.3,0.4568575734740015,German Democratic Republic
4651,1956,263.7,302.6,0.46565424686561896,German Democratic Republic
4652,1957,1811.0,1777.9,0.5046114408314525,German Democratic Republic
4653,1960,20.7,13.5,0.6052631578947367,German Democratic Republic
4654,1961,14.8,11.2,0.5692307692307692,German Democratic Republic
4655,1981,5272.97287067004,6150.89474568142,0.46157510291196063,German Democratic Republic
4656,1982,5016.94317489231,4693.24581097755,0.5166679229614274,German Democratic Republic
4657,1983,5126.29301355705,5056.98335166949,0.5034031120928937,German Democratic Republic
4658,1984,4832.74861355296,4831.36128412962,0.5000717774030939,German Democratic Republic
4659,1985,15230.816,13749.671,0.525554177195159,German Democratic Republic
4660,1986,14320.269,14205.509,0.5020115139366226,German Democratic Republic
4661,1987,18127.738,18686.006,0.49241766879239446,German Democratic Republic
4662,1988,21703.778,22609.633,0.4897789971528032,German Democratic Republic
4663,1989,22218.866,22238.855,0.4997751909055347,German Democratic Republic
4664,1948,702.0,1575.0,0.308300395256917,DEU
4665,1949,1122.0,2205.0,0.33724075743913434,DEU
4666,1950,1970.0,2618.0,0.4293809938971229,DEU
4667,1951,3440.0,3392.0,0.5035128805620609,DEU
4668,1952,4004.0,3761.0,0.5156471345782356,DEU
4669,1953,4389.0,3739.0,0.5399852362204725,DEU
4670,1954,5226.0,4493.0,0.5377096409095586,DEU
4671,1955,6096.0,5682.0,0.5175751400916964,DEU
4672,1956,7308.0,6539.0,0.5277677475265401,DEU
4673,1957,8515.0,7420.0,0.5343583307185441,DEU
4674,1958,8751.0,7290.0,0.5455395548905928,DEU
4675,1959,9756.0,8372.0,0.5381729920564872,DEU
4676,1960,11381.0,10013.0,0.5319715808170515,DEU
4677,1961,12648.0,10882.0,0.5375265618359542,DEU
4678,1962,13235.0,12240.0,0.5195289499509322,DEU
4679,1963,14587.0,12952.0,0.5296851737535858,DEU
4680,1964,16176.0,14635.0,0.5250073025867386,DEU
4681,1965,17857.0,17536.0,0.5045347950159637,DEU
4682,1966,20147.0,18155.0,0.526003864027988,DEU
4683,1967,21751.0,17537.0,0.5536296070046833,DEU
4684,1968,24878.0,20296.0,0.5507150130606101,DEU
4685,1969,29106.0,25107.0,0.5368822976038957,DEU
4686,1970,34216.0,29951.0,0.5332335935917216,DEU
4687,1971,38950.0,34395.0,0.5310518781103006,DEU
4688,1972,46721.0,40378.1,0.53641197210993,DEU
4689,1973,67586.0,54904.1,0.5517670407649271,DEU
4690,1974,89200.0,69598.2,0.561719213441966,DEU
4691,1975,90085.0,74916.7,0.5459640718853199,DEU
4692,1976,101897.6,88137.0,0.5362055120488585,DEU
4693,1977,117973.1,101416.4,0.5377335743050602,DEU
4694,1978,142574.4,121799.5,0.5392907544958107,DEU
4695,1979,172016.4,159826.8,0.5183665056267539,DEU
4696,1980,192808.9,187991.3,0.5063256269298179,DEU
4697,1981,176045.2,163886.0,0.5178847955115623,DEU
4698,1982,176394.9,155363.3,0.5316971818631763,DEU
4699,1983,169401.3,152924.0,0.5255600475668525,DEU
4700,1984,171687.7,152991.3,0.5287921300730876,DEU
4701,1985,183881.6,158472.0,0.5371101691350697,DEU
4702,1986,243264.2,191048.6,0.5601128955904592,DEU
4703,1987,293852.2,228315.8,0.5627541327695301,DEU
4704,1988,323220.0,250536.8,0.5633397286097523,DEU
4705,1989,341000.205550711,269629.322165748,0.5584404128407163,DEU
4706,1990,408874.069438693,346414.770802355,0.5413479554499999,DEU
4707,1991,402922.963891734,390089.669106577,0.5080914819330403,DEU
4708,1992,425053.966625107,403875.178438186,0.5127747879978958,DEU
4709,1993,364065.767850569,329773.207532416,0.5247121893802695,DEU
4710,1994,421166.208114879,371560.108319056,0.5312882887621134,DEU
4711,1995,508698.55822974,443750.717809895,0.5340951702383058,DEU
4712,1996,512377.035234689,444519.665315818,0.5354569985871162,DEU
4713,1997,511491.440268194,436483.9602141,0.5395619337885419,DEU
4714,1998,540765.834434459,463280.989170717,0.5385862708003604,DEU
4715,1999,535559.998734076,464286.369070141,0.5356422906353405,DEU
4716,2000,548651.127154,494798.210542,0.5258052378138983,DEU
4717,2001,570051.934298,485471.673795,0.5400655465469929,DEU
4718,2002,614387.22489,489904.899731,0.5563629507009855,DEU
4719,2003,750074.034379,603965.165329,0.5539529686738421,DEU
4720,2004,907654.909996,715079.069106,0.5593368486055148,DEU
4721,2005,963954.87016,774492.005743,0.5544919913985256,DEU
4722,2006,1103104.829338,906350.689752,0.548957077605555,DEU
4723,2007,1317121.445832,1054899.652717,0.5552739166770914,DEU
4724,2008,1443268.752415,1184652.36348,0.5492055083713808,DEU
4725,2009,1115661.147393,924955.236694,0.5467275261009737,DEU
4726,2010,1257808.501205,1054184.371278,0.544036496035629,DEU
4727,2011,1472721.733836,1254985.139721,0.5399120221138471,DEU
4728,2012,1396624.946566,1155430.260199,0.5472549899640965,DEU
4729,2013,1439423.070273,1181048.037098,0.5492993478249444,DEU
4730,2014,1488995.347058,1207147.55587,0.5522687040961208,DEU
4731,2015,1322677.296434,1051068.735121,0.5572109563749484,DEU
4732,2016,1330908.927779,1055211.832645,0.5577709853806834,DEU
4733,2017,1444070.160896,1162767.60349,0.5539547495530962,DEU
4734,2018,1555270.456253,1284311.500412,0.5477110645116285,DEU
4735,2019,1484633.639077,1233949.997549,0.5461055599229458,DEU
4736,2020,1380164.425262,1171759.268854,0.5408329521937748,DEU
4737,2021,1624312.935157,1411401.764037,0.5350677175257164,DEU
4738,2022,1667272.206432,1583009.035039,0.5129624431138249,DEU
4739,1948,199.3,117.6,0.6289050173556328,GHA
4740,1949,147.0,143.3,0.5063727178780572,GHA
4741,1950,211.7,125.0,0.6287496287496287,GHA
4742,1951,252.4,169.8,0.5978209379441023,GHA
4743,1952,240.1,180.0,0.5715305879552487,GHA
4744,1953,249.8,198.7,0.5569676700111483,GHA
4745,1954,320.8,193.6,0.6236391912908243,GHA
4746,1955,266.4,238.8,0.5273159144893111,GHA
4747,1956,241.2,238.8,0.5025,GHA
4748,1957,255.6,260.2,0.4955409073284219,GHA
4749,1958,291.5,230.6,0.5583221605056502,GHA
4750,1959,316.7,308.2,0.5068010881741078,GHA
4751,1960,325.2,362.1,0.47315582714971627,GHA
4752,1961,322.3,398.8,0.44695603938427403,GHA
4753,1962,322.6,333.2,0.49191826776456243,GHA
4754,1963,304.6,364.2,0.4554425837320575,GHA
4755,1964,321.2,340.2,0.4856365285757484,GHA
4756,1965,317.7,448.0,0.41491445735927907,GHA
4757,1966,268.1,351.3,0.4328382305456894,GHA
4758,1967,305.1,314.4,0.4924939467312349,GHA
4759,1968,331.5,306.3,0.5197554092191911,GHA
4760,1969,326.812,348.524,0.4839250387955033,GHA
4761,1970,458.07,410.666,0.5272833173714454,GHA
4762,1971,337.658,416.667,0.4476293374871574,GHA
4763,1972,429.518,290.502,0.5965362073275742,GHA
4764,1973,626.858,450.283,0.5819646638648049,GHA
4765,1974,729.438,818.593,0.4712037420439255,GHA
4766,1975,807.209,790.693,0.5051680265748463,GHA
4767,1976,828.617,838.335,0.49708509903104586,GHA
4768,1977,1010.478,1205.106,0.45607749469214437,GHA
4769,1978,890.553,955.555,0.4823948544722194,GHA
4770,1979,1041.236,894.366,0.5379391011168618,GHA
4771,1980,1205.865,1132.353,0.5157196634360013,GHA
4772,1981,1046.364,1261.375,0.453415225898596,GHA
4773,1982,804.245,1011.495,0.44292960445878815,GHA
4774,1983,713.83,764.295,0.4829293868921776,GHA
4775,1984,415.939,568.661,0.4224446475726184,GHA
4776,1985,454.955,793.573,0.36439310932554175,GHA
4777,1986,876.415843804007,783.382689523098,0.528025435742018,GHA
4778,1987,951.430544232437,1103.76754553339,0.4629386086773002,GHA
4779,1988,859.652294957066,965.587335214052,0.4709805116802514,GHA
4780,1989,1017.7143874104,1273.18885215176,0.4442415418666511,GHA
4781,1990,1235.12723304641,1613.93636444542,0.43352041496502675,GHA
4782,1991,617.368,511.131,0.5470700461409359,GHA
4783,1992,1237.009,2139.339,0.3663748523552667,GHA
4784,1993,1147.84917184106,2075.68036038891,0.35608458379688,GHA
4785,1994,1518.09670607514,2071.04353211798,0.42296945934868097,GHA
4786,1995,1488.42386736457,2566.88675730101,0.3670307912571586,GHA
4787,1996,1553.70532256128,3237.65681603206,0.32427215426831013,GHA
4788,1997,1547.49352845665,3353.70257703508,0.31573793317976045,GHA
4789,1998,1756.05898325992,3421.84906252987,0.33914448996207835,GHA
4790,1999,1754.20875556805,3251.09687530544,0.35046985837344724,GHA
4791,2000,1659.967914,3069.669663,0.35097148290438657,GHA
4792,2001,2227.470889,3310.024695,0.4022524000625912,GHA
4793,2002,2296.123077,2877.463943,0.4438164600544401,GHA
4794,2003,2383.770566,3421.192901,0.4106435087061678,GHA
4795,2004,1724.470462,4393.143194,0.28188613386997446,GHA
4796,2005,3141.506375,5223.951996,0.3755330832665977,GHA
4797,2006,3677.15302,5676.575095,0.3931216489073673,GHA
4798,2007,3618.325266,7834.057297,0.3159451970885056,GHA
4799,2008,3918.774536,9187.995909,0.2989885687282288,GHA
4800,2009,5171.966906,6961.022103,0.4262731056760656,GHA
4801,2010,5336.456104,9154.426248,0.3682630204546153,GHA
4802,2011,18592.7264,13909.377712,0.5720468538261632,GHA
4803,2012,16059.107231,15144.158783,0.5146611006615379,GHA
4804,2013,12969.678549,14045.791434,0.48008339507554065,GHA
4805,2014,15813.569803,17330.931359,0.47710990507017126,GHA
4806,2015,14069.666654,15301.908481,0.47902322532352676,GHA
4807,2016,12035.441284,12846.377628,0.4837042390898339,GHA
4808,2017,14451.819227,12745.876961,0.5313618891506091,GHA
4809,2018,17077.939522,11812.911346,0.5911192993251652,GHA
4810,2019,16705.001858,10486.30992,0.6143507159340402,GHA
4811,2020,14855.92235,14279.114796,0.5098988642284809,GHA
4812,2021,14824.458182,17842.473317,0.4538062652886087,GHA
4813,2022,17561.923228,18323.298353,0.4893915225898574,GHA
4814,2000,123.593217,2217.38094,0.05279563494130447,GIB
4815,2001,149.099413,1617.012777,0.0844223905164258,GIB
4816,2002,145.901134,1735.50172,0.0775491191000394,GIB
4817,2003,277.390199,1914.229437,0.12656858628364653,GIB
4818,2004,369.392802,2948.323913,0.11133946437618017,GIB
4819,2005,315.057232,3734.070907,0.0778086593421093,GIB
4820,2006,213.686643,5365.295582,0.03830208349516654,GIB
4821,2007,380.946102,6806.775068,0.052999565925009304,GIB
4822,2008,218.425181,9573.207147,0.02230733075785482,GIB
4823,2009,280.684579,8084.962409,0.03355204676967897,GIB
4824,2010,500.642238,10873.46901,0.04401594349519237,GIB
4825,2011,625.10168,16911.01601,0.03564652627510964,GIB
4826,2012,1182.622908,19720.597397,0.05657611079748891,GIB
4827,2013,846.015614,18712.009286,0.04325669991349689,GIB
4828,2014,1717.41955,14704.320241,0.10458207058799207,GIB
4829,2015,403.87597,9810.460511,0.03954010823427073,GIB
4830,2016,262.337438,8442.266944,0.030137778408686786,GIB
4831,2017,422.782939,9464.155351,0.04276176573566942,GIB
4832,2018,205.380857,10361.074855,0.019437062208736203,GIB
4833,2019,205.858291,8985.887203,0.02239599553037842,GIB
4834,2020,453.924964,8340.691282,0.051613959188549684,GIB
4835,2021,118.706358,9268.906922,0.012644998729645156,GIB
4836,2022,411.016598,13449.030669,0.029654776068376593,GIB
4837,1948,92.9,363.0,0.20377275718359292,GRC
4838,1949,113.7,408.2,0.21785782716995594,GRC
4839,1950,89.3,427.1,0.17292796281951975,GRC
4840,1951,100.6,397.0,0.20217041800643085,GRC
4841,1952,118.8,344.9,0.25620012939400477,GRC
4842,1953,129.9,290.5,0.30899143672692675,GRC
4843,1954,151.5,328.2,0.3158223889931207,GRC
4844,1955,182.2,379.6,0.32431470274118906,GRC
4845,1956,189.8,461.2,0.2915514592933948,GRC
4846,1957,219.6,523.1,0.2956779318702033,GRC
4847,1958,231.7,488.9,0.3215376075492645,GRC
4848,1959,204.0,562.0,0.26631853785900783,GRC
4849,1960,203.1,698.3,0.22531617483913913,GRC
4850,1961,222.5,710.5,0.2384780278670954,GRC
4851,1962,248.3,696.4,0.2628347623584207,GRC
4852,1963,290.2,798.3,0.26660542030316947,GRC
4853,1964,308.7,882.3,0.2591939546599496,GRC
4854,1965,327.6,1133.9,0.2241532671912419,GRC
4855,1966,406.0,1214.1,0.25060181470279613,GRC
4856,1967,494.8,1185.6,0.29445370149964295,GRC
4857,1968,467.9,1392.39,0.25151992431287595,GRC
4858,1969,553.85,1594.13,0.25784690732688387,GRC
4859,1970,643.92,1958.21,0.24745881258814892,GRC
4860,1971,662.62,2098.1,0.24001709698919124,GRC
4861,1972,870.62,2317.95,0.27304402914159015,GRC
4862,1973,1453.99,3466.61,0.29549038735113603,GRC
4863,1974,2029.47,4406.62,0.3153265414249956,GRC
4864,1975,2292.8,5317.28,0.30128461198831025,GRC
4865,1976,2552.76,6040.79,0.29705534965177377,GRC
4866,1977,2753.22,6852.82,0.286613422388414,GRC
4867,1978,3375.31,7818.1,0.3015443908514027,GRC
4868,1979,3881.21,9617.21,0.28753068877690874,GRC
4869,1980,5183.03,10579.92,0.3288109142007048,GRC
4870,1981,4245.66,8809.9,0.32519937865553067,GRC
4871,1982,4294.06,10026.46,0.2998536365997883,GRC
4872,1983,4413.03,9501.03,0.3171633585021194,GRC
4873,1984,4815.26,9434.74,0.3379129824561404,GRC
4874,1985,4561.96,10134.57,0.3104106887816376,GRC
4875,1986,5650.61,11317.02,0.3330229383832627,GRC
4876,1987,6531.96,13172.36,0.33149887943354556,GRC
4877,1988,5428.33394708879,12292.8838738901,0.3063183355639685,GRC
4878,1989,7530.90188984236,15994.8140325869,0.3201136116186138,GRC
4879,1990,8062.67455683767,19763.8712666048,0.2897475887950588,GRC
4880,1991,8667.99261830057,21564.0336308737,0.2867155693389,GRC
4881,1992,9437.40186205951,22818.0150855615,0.2925834714021753,GRC
4882,1993,9092.6918,20200.348,0.3104045145905274,GRC
4883,1994,8808.125531,20639.9890542555,0.2991066034295512,GRC
4884,1995,10961.0902202766,25948.8002554907,0.2969689175174594,GRC
4885,1996,11949.0,28744.8,0.29363195376199813,GRC
4886,1997,11129.8248371896,27046.3512316364,0.2915384929366465,GRC
4887,1998,10737.3421614937,28742.9089701402,0.2719674230463623,GRC
4888,1999,10481.3128628303,28016.8188801548,0.2722551040347599,GRC
4889,2000,11661.273525,33362.025734,0.2590053087384295,GRC
4890,2001,11377.882057,32939.70124,0.2567351649287746,GRC
4891,2002,11358.802035,36420.379987,0.23773538085624452,GRC
4892,2003,14014.739603,48007.015104,0.22596490004527792,GRC
4893,2004,16483.204783,56038.472537,0.2272865906047414,GRC
4894,2005,18113.680979,57541.906492,0.23942291091115067,GRC
4895,2006,21289.823134,66397.261626,0.24279314556151974,GRC
4896,2007,26045.670153,83804.631856,0.2371014888139869,GRC
4897,2008,30755.880216,95048.135922,0.24447454986065398,GRC
4898,2009,24723.485144,73299.346862,0.2522216981293365,GRC
4899,2010,27620.385247,65408.753379,0.2969003653580061,GRC
4900,2011,32169.206011,66289.174113,0.3267289789907736,GRC
4901,2012,33158.326353,61364.820069,0.3507958379312106,GRC
4902,2013,34025.953058,60826.518362,0.35872500261311585,GRC
4903,2014,34059.795775,61968.623025,0.35468454235341423,GRC
4904,2015,28365.594498,46782.295894,0.37746361674338774,GRC
4905,2016,28116.641699,46802.448177,0.3752934231520482,GRC
4906,2017,32589.845043,53487.921208,0.37860932575746753,GRC
4907,2018,39491.286031,63870.589472,0.3820682029889618,GRC
4908,2019,37883.823343,62374.070741,0.3778637451855855,GRC
4909,2020,35210.729555,55875.776905,0.38656361873383016,GRC
4910,2021,47190.313912,75886.024796,0.3834231210270201,GRC
4911,2022,58517.479899,98084.676745,0.37366969365579306,GRC
4912,1962,,22.2,,GRL
4913,1963,,25.2,,GRL
4914,1964,10.5,28.5,0.2692307692307692,GRL
4915,1965,13.1,33.9,0.27872340425531916,GRL
4916,1966,14.9,38.0,0.28166351606805295,GRL
4917,1967,13.2,45.7,0.22410865874363325,GRL
4918,1968,7.96,47.74,0.14290843806104128,GRL
4919,1969,11.703,50.256,0.1888829709969496,GRL
4920,1970,14.245,52.828,0.2123805406050124,GRL
4921,1971,18.866,61.085,0.23596953133794452,GRL
4922,1972,21.887,72.081,0.23291971735058742,GRL
4923,1973,29.986,95.393,0.23916285821389546,GRL
4924,1974,91.539,105.474,0.4646343134716998,GRL
4925,1975,87.403,127.769,0.4062006208986299,GRL
4926,1976,85.946,128.97,0.3999050791937315,GRL
4927,1977,91.951,159.928,0.365060207480576,GRL
4928,1978,103.222,180.278,0.36409876543209874,GRL
4929,1979,164.138,274.39,0.3742930896088733,GRL
4930,1980,211.743,340.723,0.38326883464321787,GRL
4931,1981,204.188,294.825,0.40918372868041514,GRL
4932,1982,169.219,273.322,0.3823803896136177,GRL
4933,1983,173.395,258.463,0.4015092924063002,GRL
4934,1984,171.85,279.407,0.38082511739430086,GRL
4935,1985,175.746,301.246,0.3684464309673957,GRL
4936,1986,267.215,373.59,0.4169989310320612,GRL
4937,1987,346.525,509.844,0.4046444932032804,GRL
4938,1988,425.479400326496,510.242469126086,0.45470712421780934,GRL
4939,1989,687.475937711752,607.267432991629,0.5309746728714853,GRL
4940,1990,391.438,435.038,0.47362294851877124,GRL
4941,1991,340.399,402.537,0.45818078542431656,GRL
4942,1992,332.751,453.078999999999,0.42343891172391024,GRL
4943,1993,312.287,345.966,0.4744178909932807,GRL
4944,1994,306.741612,391.600377,0.43924268743920536,GRL
4945,1995,363.654078,421.109427,0.4633932078684011,GRL
4946,1996,369.124689,466.375213,0.4418009961657661,GRL
4947,1997,285.208264,374.074662,0.4326037468168863,GRL
4948,1998,255.289562,397.305453,0.39119140681759573,GRL
4949,1999,370.439767725055,443.124287456475,0.45532956546660486,GRL
4950,2000,285.571526,303.384216,0.4848777346668606,GRL
4951,2001,286.412961,283.342307,0.502694713127251,GRL
4952,2002,317.124424,325.283592,0.4936495437504005,GRL
4953,2003,369.352481,494.395638,0.42761595987915546,GRL
4954,2004,374.022439,587.799682,0.38886861804668355,GRL
4955,2005,411.493341,634.183784,0.3935185452201606,GRL
4956,2006,398.4811,672.269628,0.3721511361886275,GRL
4957,2007,431.10664,753.090859,0.3640496119642624,GRL
4958,2008,491.001503,914.74569,0.34928151053402107,GRL
4959,2009,361.501846,758.273983,0.32283412147128954,GRL
4960,2010,382.175652,825.871161,0.31635831317738844,GRL
4961,2011,494.338212,943.082798,0.34390634933045816,GRL
4962,2012,482.315733,871.479884,0.3562692380913507,GRL
4963,2013,498.930097,906.894423,0.354902116090563,GRL
4964,2014,521.455038,776.989225,0.4015998628968489,GRL
4965,2015,386.001154,657.809381,0.36980001739491924,GRL
4966,2016,547.990722,738.95643,0.4258067016570079,GRL
4967,2017,551.096312,771.558879,0.416659092823233,GRL
4968,2018,612.383533,836.827032,0.42256353064883984,GRL
4969,2019,846.123908,1142.032152,0.4255822392533914,GRL
4970,2020,877.144973,851.985793,0.5072750946587461,GRL
4971,2021,890.104195,1052.777358,0.45813610903124363,GRL
4972,2022,921.219923,1123.545826,0.45052589689089123,GRL
4973,1969,,17.111,,GRD
4974,1970,,22.169,,GRD
4975,1971,,23.318,,GRD
4976,1972,,22.425,,GRD
4977,1973,7.409,23.494,0.23975018606607773,GRD
4978,1974,8.294,18.468,0.3099170465585532,GRD
4979,1975,12.106,24.253,0.33295745207513955,GRD
4980,1976,12.747,25.341,0.3346723377441714,GRD
4981,1977,13.886,,,GRD
4982,1978,17.099,35.723,0.32370981787891406,GRD
4983,1979,21.693,44.736,0.3265591834891388,GRD
4984,1980,17.903,56.086,0.24196840070821335,GRD
4985,1981,19.332,60.741,0.2414296954029448,GRD
4986,1982,18.84,63.978,0.22748677823661523,GRD
4987,1983,18.783,57.215,0.2471512408221269,GRD
4988,1984,17.723,55.963,0.24052058735716414,GRD
4989,1985,21.85,69.258,0.23982526232603066,GRD
4990,1986,26.431,83.498,0.24043700934239373,GRD
4991,1987,29.799,88.672,0.2515299102734002,GRD
4992,1988,28.5182222222222,92.152925925926,0.23633008104978268,GRD
4993,1989,25.0418518518518,100.813555555556,0.1989731896921089,GRD
4994,1990,21.3181481481481,108.885333333333,0.1637294787019976,GRD
4995,1991,27.4522867721723,117.129,0.1898744117240494,GRD
4996,1992,58.3296460957224,102.23893068911,0.3632693722750386,GRD
4997,1993,22.4106351851852,126.375536296296,0.15062310537357002,GRD
4998,1994,23.3382618518519,119.448692962963,0.16344813769661284,GRD
4999,1995,21.9032177777778,129.782973703704,0.1443982314003302,GRD
5000,1996,19.6702477777778,154.123209259259,0.11318175098839256,GRD
5001,1997,25.8964366666667,172.504047037037,0.1305260762637106,GRD
5002,1998,41.9897037037037,203.287481481481,0.1711928635841177,GRD
5003,1999,69.4027407407407,204.884925925926,0.2530290245426299,GRD
5004,2000,127.972171,245.639254,0.3425274561665238,GRD
5005,2001,159.646376,311.641219,0.33874512652937533,GRD
5006,2002,77.944107,285.681135,0.21435285012474467,GRD
5007,2003,82.966308,359.444488,0.1875322861696169,GRD
5008,2004,62.224139,357.250566,0.14833823889333209,GRD
5009,2005,58.940556,459.174547,0.11375957901771491,GRD
5010,2006,46.640988,416.304319,0.10074837630873748,GRD
5011,2007,61.197429,495.781511,0.10987386524883688,GRD
5012,2008,61.652286,475.512437,0.11477351985379725,GRD
5013,2009,39.855112,371.728867,0.0968334872917879,GRD
5014,2010,47.602823,416.468171,0.10257659628690347,GRD
5015,2011,57.634345,440.717691,0.11564986362371359,GRD
5016,2012,63.364809,437.117999,0.12660736390369678,GRD
5017,2013,77.090718,604.799771,0.11305439692091085,GRD
5018,2014,59.691561,434.403351,0.12080990827932267,GRD
5019,2015,49.738125,473.942216,0.094978025917532,GRD
5020,2016,35.105047,383.70123,0.08382168302601634,GRD
5021,2017,30.518158,405.455586,0.06999999064163827,GRD
5022,2018,37.746087,514.805696,0.06831230693902222,GRD
5023,2019,34.48119,479.834585,0.06704283958624445,GRD
5024,2020,24.620485,394.551609,0.05873598303039706,GRD
5025,2021,35.163397,446.676324,0.07297737290529437,GRD
5026,2022,37.472242,589.270109,0.05978890997267232,GRD
5027,2000,114.648359,512.375612,0.18284525680438457,GUM
5028,2001,57.88839,570.802558,0.09207765784469352,GUM
5029,2002,45.575154,472.153354,0.08802906020388586,GUM
5030,2003,86.054972,565.477286,0.13208090765016273,GUM
5031,2004,63.797627,717.764456,0.08162835478803543,GUM
5032,2005,64.863776,952.048222,0.06378504347236544,GUM
5033,2006,84.367559,1160.39966,0.0677777802244646,GUM
5034,2007,118.632039,1029.954985,0.10328519870167016,GUM
5035,2008,122.899902,962.005669,0.11328165813243851,GUM
5036,2009,92.672098,893.574432,0.09396443503836714,GUM
5037,2010,75.793924,987.027555,0.07131388055058305,GUM
5038,2011,103.029686,1145.440726,0.08252473187165928,GUM
5039,2012,138.326827,1237.651017,0.100529836002214,GUM
5040,2013,105.712222,972.562058,0.0980383414134667,GUM
5041,2014,99.555839,1240.62559,0.07428534439123316,GUM
5042,2015,106.262046,846.161371,0.1115701736258339,GUM
5043,2016,112.680905,740.94597,0.1320025274508842,GUM
5044,2017,212.891892,1022.555491,0.17231967539001217,GUM
5045,2018,184.325064,1102.363309,0.1432554050132852,GUM
5046,2019,172.851179,970.541892,0.15117389057537853,GUM
5047,2020,192.517525,2256.606766,0.07860667819410395,GUM
5048,2021,176.221914,903.876905,0.16315351049374677,GUM
5049,2022,196.646289,1386.489068,0.1242131875398447,GUM
5050,1948,49.4,66.7,0.42549526270456506,GTM
5051,1949,51.6,66.9,0.43544303797468353,GTM
5052,1950,66.7,69.5,0.4897209985315713,GTM
5053,1951,75.0,79.0,0.487012987012987,GTM
5054,1952,86.8,74.5,0.5381277123372598,GTM
5055,1953,88.7,78.3,0.5311377245508982,GTM
5056,1954,95.6,86.1,0.5261419922949917,GTM
5057,1955,98.3,107.0,0.4788114953726254,GTM
5058,1956,115.9,134.53,0.46280397715928606,GTM
5059,1957,108.6,144.54,0.4290116141265703,GTM
5060,1958,102.6,149.4,0.40714285714285714,GTM
5061,1959,103.4,133.9,0.4357353560893384,GTM
5062,1960,112.8,138.0,0.4497607655502392,GTM
5063,1961,110.2,133.1,0.45293875873407313,GTM
5064,1962,109.2,137.1,0.44336175395858707,GTM
5065,1963,151.0,165.0,0.4778481012658228,GTM
5066,1964,164.9,201.5,0.45005458515283847,GTM
5067,1965,185.9,229.2,0.4478438930378222,GTM
5068,1966,226.2,206.8,0.5224018475750577,GTM
5069,1967,197.3,247.7,0.44337078651685397,GTM
5070,1968,227.245,249.4,0.47675943312108593,GTM
5071,1969,255.391,250.246,0.5050876419249383,GTM
5072,1970,290.011,283.889,0.505333681826102,GTM
5073,1971,282.634,302.562,0.4829732260644297,GTM
5074,1972,323.291,323.875,0.49954880200752205,GTM
5075,1973,431.113,430.061,0.5006107941020049,GTM
5076,1974,572.006,700.349,0.4495647834134341,GTM
5077,1975,619.69,732.197,0.45838890380630926,GTM
5078,1976,757.166,837.861,0.47470418996042074,GTM
5079,1977,1186.264,1064.85,0.5269675369617,GTM
5080,1978,1084.227,1284.542,0.45771748954836877,GTM
5081,1979,1241.305,1500.977,0.45265403047534863,GTM
5082,1980,1517.442,1595.11,0.4875234212954515,GTM
5083,1981,1224.723,1671.187,0.4229147314661022,GTM
5084,1982,1109.013,1380.92,0.445398731612457,GTM
5085,1983,1139.995,1132.221,0.5017106648311604,GTM
5086,1984,1172.5412,1279.9605,0.478100055955109,GTM
5087,1985,1061.4362,1180.7391,0.4733957242326236,GTM
5088,1986,1075.6149,958.1211,0.52888619761857,GTM
5089,1987,981.4252,1433.6075,0.4063817438165537,GTM
5090,1988,962.5041,1541.9085,0.38432329401313503,GTM
5091,1989,1066.1293,1644.2607,0.3933490383302772,GTM
5092,1990,1189.2761,1698.0006,0.4119023646053736,GTM
5093,1991,1204.6769,1892.6728,0.3889379684831842,GTM
5094,1992,1324.5716,2562.3596,0.3407756741359353,GTM
5095,1993,1342.3137,2600.2762,0.34046495680415556,GTM
5096,1994,1511.147,2651.5548,0.3630207188994417,GTM
5097,1995,1935.5181,3292.5654,0.37021560577599805,GTM
5098,1996,2030.7341,3146.2207,0.3922642129307368,GTM
5099,1997,3081.32893706412,4170.65512024975,0.42489460990423666,GTM
5100,1998,3851.95634866593,5564.73245377386,0.40905634979334976,GTM
5101,1999,3937.05699119408,5632.58434751432,0.4114111335885718,GTM
5102,2000,2694.194478,5074.208999,0.3468144369659393,GTM
5103,2001,2408.79807,5562.798271,0.30217260972070586,GTM
5104,2002,4161.484511,7606.144132,0.3536383274191328,GTM
5105,2003,4458.710524,8033.075192,0.35693139678893926,GTM
5106,2004,5027.888222,9222.725291,0.3528190710816311,GTM
5107,2005,5380.931232,10498.455118,0.33886266845569885,GTM
5108,2006,6012.246105,11750.179203,0.3384811477457502,GTM
5109,2007,6897.649552,13404.405281,0.33975130146866744,GTM
5110,2008,7651.674221,14380.376536,0.34729741254653373,GTM
5111,2009,7155.124829,11385.830098,0.38590918629441534,GTM
5112,2010,8425.890405,13790.405205,0.37926621759603063,GTM
5113,2011,10343.748784,16358.181307,0.38737831867391503,GTM
5114,2012,9934.386192,16804.950867,0.37152701916580455,GTM
5115,2013,9975.912628,17353.137993,0.36502960773669824,GTM
5116,2014,10790.036883,18262.009805,0.3714036742016129,GTM
5117,2015,10672.087838,17628.668177,0.3770955034679486,GTM
5118,2016,10447.677098,17001.0788,0.38062479541235783,GTM
5119,2017,10980.273702,18383.7794,0.3739359026445886,GTM
5120,2018,10770.7643,19589.1917,0.3547687717333978,GTM
5121,2019,11182.963199,19881.2655,0.35999487730271557,GTM
5122,2020,11545.278198,18203.6316,0.38809079984424105,GTM
5123,2021,13635.5118,26568.9881,0.3391538716789262,GTM
5124,2022,15683.55496,32090.024705,0.3282892986034732,GTM
5125,1960,0.4,2.2,0.15384615384615385,GIN
5126,1970,42.377,55.023,0.43508213552361397,GIN
5127,1981,414.714139153742,369.3041,0.5289598104265769,GIN
5128,1982,391.174124051828,299.512964154213,0.5663550553230201,GIN
5129,1983,402.868490517851,255.454664154213,0.6119615991914111,GIN
5130,1984,462.455330137233,310.216793572445,0.5985143192651207,GIN
5131,1985,473.81285618463,372.287114595534,0.5599963036847065,GIN
5132,1986,439.403358776295,342.49229540245,0.5619718646957019,GIN
5133,1987,492.152471270621,411.32204053016,0.5447330996528901,GIN
5134,1988,466.575313370787,436.594383737527,0.516597617108529,GIN
5135,1989,573.23074227479,494.909886112118,0.5366622400090478,GIN
5136,1990,606.060544752963,583.128754969181,0.509641774353814,GIN
5137,1991,652.757208222398,690.920967597301,0.48579877233191593,GIN
5138,1992,573.386628418832,863.237619437571,0.3991208064839405,GIN
5139,1993,543.434861813102,749.836639072047,0.4202016834370516,GIN
5140,1994,708.594926691053,676.727038747223,0.5115019788680489,GIN
5141,1995,682.926296587664,768.056813665253,0.47066453893362337,GIN
5142,1996,659.316178019888,606.592309152335,0.5208245182814625,GIN
5143,1997,640.062842506634,580.78463433929,0.5242774831793443,GIN
5144,1998,625.250829917937,621.88012050549,0.5013513855186188,GIN
5145,1999,490.604939246946,558.142709632593,0.46780075242228053,GIN
5146,2000,616.675242,533.378103,0.5362144675123744,GIN
5147,2001,542.682345,499.399296,0.5207675902237683,GIN
5148,2002,650.815746,703.570148,0.48052460445959133,GIN
5149,2003,703.669792,698.264118,0.5019279346770348,GIN
5150,2004,632.842997,1128.756544,0.35924339344500317,GIN
5151,2005,1057.865061,1196.582914,0.4692346298210762,GIN
5152,2006,837.192705,1121.611564,0.4273998776954881,GIN
5153,2007,1388.497278,1359.958814,0.5051917263810521,GIN
5154,2008,2163.100123,1902.948332,0.531990739151189,GIN
5155,2009,1510.061898,1616.008532,0.48305434308465023,GIN
5156,2010,2476.058284,1722.92403,0.5896805699191616,GIN
5157,2011,2559.687784,2442.011443,0.5117636362823222,GIN
5158,2012,2344.938986,2370.111014,0.49733067220920246,GIN
5159,2013,2171.914941,2473.606483,0.4675287750863249,GIN
5160,2014,2476.128479,2554.338012,0.4922264134807453,GIN
5161,2015,1947.978072,2195.837345,0.4700928675559296,GIN
5162,2016,2606.048033,3570.581945,0.4219206982257729,GIN
5163,2017,3918.569374,4318.302239,0.47573515262948174,GIN
5164,2018,3792.711067,4188.870879,0.4751828763595833,GIN
5165,2019,4064.30716,3784.757245,0.5178078494821575,GIN
5166,2020,5732.271271,4035.657415,0.5868461426439207,GIN
5167,2021,7452.048293,4243.020467,0.6371957656621764,GIN
5168,2022,7372.212988,5231.352373,0.5849307538652753,GIN
5169,1968,2.9,17.6,0.14146341463414633,GNB
5170,1970,3.2,27.2,0.10526315789473685,GNB
5171,1971,1.8,30.6,0.05555555555555556,GNB
5172,1972,2.5,32.0,0.07246376811594203,GNB
5173,1973,3.1,42.7,0.06768558951965065,GNB
5174,1974,2.902,43.103,0.06308009998913161,GNB
5175,1975,6.135,37.743,0.13981949952140024,GNB
5176,1976,5.334,37.96,0.12320413914168245,GNB
5177,1977,12.047,34.844,0.2569149730225416,GNB
5178,1978,11.92,48.726,0.19655047323813607,GNB
5179,1979,14.07,60.942,0.1875699888017917,GNB
5180,1980,11.089,55.025,0.16772544393018118,GNB
5181,1981,15.73,51.633,0.2335109778364978,GNB
5182,1982,13.1337646008454,62.7680515155711,0.17303623645448912,GNB
5183,1983,22.6458881260585,65.5864639568434,0.2566619566571311,GNB
5184,1984,17.840749665937,48.994316420288,0.2669369645407451,GNB
5185,1985,8.65152916807366,57.5843752820642,0.13061690996590072,GNB
5186,1986,7.10746378669742,59.0049602220179,0.10750572064579682,GNB
5187,1987,6.26401774708512,84.6352041823291,0.06891167618518565,GNB
5188,1988,9.75446904015874,94.9127174465898,0.09319510123063939,GNB
5189,1989,7.59459695112526,125.424089615113,0.05709421095015427,GNB
5190,1990,34.109871471466,124.305918121812,0.21531863432957554,GNB
5191,1991,30.7938609409983,117.556618352732,0.20757506876689769,GNB
5192,1992,12.6697673563408,115.958266270671,0.09849926955332199,GNB
5193,1993,31.3893846746707,130.655530494826,0.19370792747083637,GNB
5194,1994,69.7094245698981,154.268600266287,0.3112333213085648,GNB
5195,1995,93.9075579246611,138.441095143658,0.404166569009758,GNB
5196,1996,59.7235412709092,110.281818713455,0.3513038722802747,GNB
5197,1997,51.7368808471408,84.4029484283277,0.3800275137884534,GNB
5198,1998,76.3944180156792,93.5059567789108,0.44964243373824364,GNB
5199,1999,57.243793597289,89.9469937698709,0.38890880754987256,GNB
5200,2000,167.051726,73.077291,0.6956748838063165,GNB
5201,2001,158.418287,56.292596,0.7378214126202443,GNB
5202,2002,120.286372,51.245872,0.7012464198859312,GNB
5203,2003,62.427049,64.964963,0.49003895942863357,GNB
5204,2004,58.079477,57.904814,0.5007529597262443,GNB
5205,2005,23.371152,108.326088,0.17746121331016504,GNB
5206,2006,53.682962,84.971859,0.3871698193602659,GNB
5207,2007,264.780485,75.77213,0.7775024279287945,GNB
5208,2008,113.023944,92.576872,0.5497251722969815,GNB
5209,2009,128.92821,126.787304,0.5041861089429247,GNB
5210,2010,138.430746,92.8852,0.5984487813909725,GNB
5211,2011,241.500836,122.606255,0.6632686975052623,GNB
5212,2012,130.272677,120.257586,0.519987786864695,GNB
5213,2013,137.558724,126.64755,0.5206489683889944,GNB
5214,2014,132.651034,135.962605,0.493835810027502,GNB
5215,2015,351.75412,153.420164,0.6963025061663669,GNB
5216,2016,241.46453,121.294825,0.6656328132461256,GNB
5217,2017,206.609633,177.88621,0.5373520592262944,GNB
5218,2018,258.361593,167.33168,0.606919604764344,GNB
5219,2019,557.706739,178.121153,0.7579309578550196,GNB
5220,2020,490.861537,190.632938,0.7202722179075627,GNB
5221,2021,483.392193,247.465926,0.6614036027422171,GNB
5222,2022,506.666671,246.960271,0.6723043494907326,GNB
5223,1948,30.7,39.8,0.4354609929078014,GUY
5224,1951,,37.5,,GUY
5225,1952,,47.2,,GUY
5226,1953,,41.0,,GUY
5227,1954,,46.5,,GUY
5228,1955,,54.9,,GUY
5229,1956,,58.4,,GUY
5230,1957,63.3,69.7,0.4759398496240601,GUY
5231,1958,56.9,67.7,0.456661316211878,GUY
5232,1959,59.3,64.6,0.47861178369652946,GUY
5233,1960,74.3,86.1,0.4632169576059851,GUY
5234,1961,86.9,85.4,0.5043528728961114,GUY
5235,1964,94.9,87.6,0.52,GUY
5236,1965,97.3,104.4,0.4823996033713436,GUY
5237,1966,109.1,117.9,0.4806167400881057,GUY
5238,1967,112.3,132.5,0.45874183006535946,GUY
5239,1968,108.8,106.1,0.5062819916240112,GUY
5240,1969,120.069,118.158,0.5040108803787984,GUY
5241,1970,133.403,134.115,0.498669248424405,GUY
5242,1971,149.183,134.041,0.5267314916814959,GUY
5243,1972,141.999,145.999,0.493055507329912,GUY
5244,1973,137.739,175.752,0.4393714652095276,GUY
5245,1974,268.022,253.241,0.5141780636645992,GUY
5246,1975,362.894,342.371,0.5145498500563618,GUY
5247,1976,271.645,363.679,0.42756924026166176,GUY
5248,1977,258.914,314.021,0.45190815712079035,GUY
5249,1978,294.563,269.304,0.5223980122972262,GUY
5250,1979,290.972,292.712,0.49850946745156627,GUY
5251,1980,388.162,321.066,0.5473021369714676,GUY
5252,1981,346.09,439.611,0.4404856300297441,GUY
5253,1982,258.139,279.604,0.48004158120142904,GUY
5254,1983,187.0,250.429,0.427497948238457,GUY
5255,1984,202.449,210.59,0.4901449984141934,GUY
5256,1985,209.808,224.716,0.48284559656083437,GUY
5257,1986,214.180119164682,241.706970350143,0.4698095736657554,GUY
5258,1987,242.236432453192,215.294698150077,0.5294425149471157,GUY
5259,1988,227.850175815519,206.115777522666,0.5250415938458605,GUY
5260,1989,227.275900072467,229.660013792153,0.4973911946431153,GUY
5261,1990,231.688292335862,278.109541515035,0.454470923475177,GUY
5262,1991,291.658701521718,311.924983717192,0.48321170478004866,GUY
5263,1992,367.000526097037,400.008180305489,0.47848286862135714,GUY
5264,1993,442.691996037923,506.834255837209,0.4662240724400103,GUY
5265,1994,504.580402087781,394.585292066703,0.5611650948963918,GUY
5266,1995,524.85080144278,517.265361994613,0.5036394404550577,GUY
5267,1996,700.125953787048,622.220755047104,0.5294571757238421,GUY
5268,1997,653.452879174791,647.8183241743,0.5021650194771041,GUY
5269,1998,632.168945551894,635.351912395409,0.4987444124396226,GUY
5270,1999,611.737510401765,638.376191527761,0.48934549669966826,GUY
5271,2000,683.355746,792.792245,0.4629317318902885,GUY
5272,2001,641.233036,807.771762,0.4425334111281528,GUY
5273,2002,560.394122,760.483157,0.4242590367094959,GUY
5274,2003,567.591214,736.012186,0.435401759461505,GUY
5275,2004,634.352659,858.423092,0.42494839467686396,GUY
5276,2005,622.070389,1020.373094,0.3787469069339051,GUY
5277,2006,655.059647,1135.610658,0.36581812138778946,GUY
5278,2007,897.795483,1287.350537,0.4108629239340261,GUY
5279,2008,946.346726,1722.6099,0.3545755359158092,GUY
5280,2009,885.694028,1517.487329,0.36855064035019475,GUY
5281,2010,991.181069,1851.527548,0.3486748740523482,GUY
5282,2011,1405.450034,2213.643639,0.3883430938760341,GUY
5283,2012,1770.114031,2454.870221,0.4189634624465341,GUY
5284,2013,1361.48432,1862.28566,0.4223267566999306,GUY
5285,2014,1474.250288,2210.515308,0.4000933708240148,GUY
5286,2015,1468.277521,1868.723688,0.4399990977048519,GUY
5287,2016,1752.311059,2073.211432,0.4580579680612313,GUY
5288,2017,1645.151204,1760.566542,0.4830556513182052,GUY
5289,2018,1449.724489,2371.168626,0.3794203201625021,GUY
5290,2019,1475.617579,3987.24663,0.27011793128025013,GUY
5291,2020,2566.960825,2233.542094,0.5347274792480966,GUY
5292,2021,4315.587467,4370.982403,0.4968114608626294,GUY
5293,2022,11224.166548,3609.398008,0.7566735901964952,GUY
5294,1948,29.3,30.4,0.490787269681742,HTI
5295,1949,34.7,32.9,0.5133136094674557,HTI
5296,1950,37.8,37.1,0.5046728971962616,HTI
5297,1951,50.1,43.0,0.5381310418904405,HTI
5298,1952,51.4,51.9,0.4975798644724105,HTI
5299,1953,37.6,42.8,0.46766169154228854,HTI
5300,1954,54.5,47.1,0.5364173228346457,HTI
5301,1955,36.3,39.5,0.4788918205804749,HTI
5302,1956,41.7,46.1,0.4749430523917995,HTI
5303,1959,27.6,31.7,0.46543001686340646,HTI
5304,1960,38.051,38.883,0.4945927678269686,HTI
5305,1961,30.416,32.717,0.48177656693013166,HTI
5306,1962,40.87,37.021,0.5247076042161483,HTI
5307,1963,43.3,35.7,0.5481012658227847,HTI
5308,1964,37.9,35.7,0.5149456521739131,HTI
5309,1965,37.751,36.994,0.5050638838718309,HTI
5310,1966,38.362,35.907,0.51652775720691,HTI
5311,1967,32.329,37.78,0.4611248199232623,HTI
5312,1968,35.723,36.438,0.495045800363077,HTI
5313,1969,37.017,43.435,0.4601128623278477,HTI
5314,1970,40.424,51.611,0.43922420818167,HTI
5315,1971,48.157,58.857,0.45000654120021677,HTI
5316,1972,42.258,65.416,0.39246243289930716,HTI
5317,1973,51.063,76.116,0.40150496544240794,HTI
5318,1974,71.17,110.12,0.39257543162888187,HTI
5319,1975,80.983,141.88,0.3633757061513127,HTI
5320,1976,116.927,199.794,0.36917981441079056,HTI
5321,1977,141.91,207.233,0.40645237051866995,HTI
5322,1978,157.401,219.614,0.4174926727053301,HTI
5323,1979,145.857,265.845,0.3542780943497967,HTI
5324,1980,224.303,354.031,0.3878433569529026,HTI
5325,1981,152.78,376.058,0.28889754518396943,HTI
5326,1982,177.303992093147,547.41245,0.24465291774125128,HTI
5327,1983,165.64870940715,632.082,0.2076499092409959,HTI
5328,1984,178.820775436894,687.968027557634,0.20630259045700075,HTI
5329,1985,168.043630473403,602.727102000503,0.21802025348580814,HTI
5330,1986,184.029728811788,360.326856926877,0.3380683427611494,HTI
5331,1987,213.08810481764,553.077326,0.2781228390717598,HTI
5332,1988,180.243725538029,344.591709999573,0.3434290319086417,HTI
5333,1989,152.270416704755,291.280391593203,0.34329870187603495,HTI
5334,1990,171.210755248281,524.415735993664,0.24612454730211303,HTI
5335,1991,164.406739621599,688.277442379585,0.1928108238571391,HTI
5336,1992,42.1277353851386,391.981166419765,0.09704416382613497,HTI
5337,1993,46.039854864496,437.540210818908,0.09520627116717818,HTI
5338,1994,13.5037020611702,381.361542809866,0.03419825430718912,HTI
5339,1995,34.6089490438834,974.791614338699,0.03428663535505273,HTI
5340,1996,51.696802590893,898.462629775368,0.054408555901137724,HTI
5341,1997,60.9150480650875,986.382513253012,0.058164031231411936,HTI
5342,1998,296.234895552375,1045.38610491342,0.22080371092098716,HTI
5343,1999,317.18131248491,1158.25866044314,0.21497405404806488,HTI
5344,2000,333.755774,736.85233,0.3117441132315584,HTI
5345,2001,284.181781,748.8932,0.2750834026828494,HTI
5346,2002,297.955402,758.79384,0.2819546872218149,HTI
5347,2003,387.77176,745.510467,0.3421669825587056,HTI
5348,2004,441.880861,898.542522,0.329657678763427,HTI
5349,2005,523.357288,988.205384,0.34623591710393864,HTI
5350,2006,610.71579,1187.781659,0.33957000625136835,HTI
5351,2007,631.2658,1040.40524,0.37762561227357266,HTI
5352,2008,611.442865,1412.257915,0.3021409444730263,HTI
5353,2009,624.520805,1236.375403,0.3356021697046738,HTI
5354,2010,653.754395,1840.49307,0.26210486496374974,HTI
5355,2011,816.363219,1682.384845,0.3267088950508938,HTI
5356,2012,869.468352,1498.274672,0.3672139852960665,HTI
5357,2013,1024.62662,1735.644879,0.3712050138441835,HTI
5358,2014,1100.912249,1846.73977,0.37348786149237784,HTI
5359,2015,1118.784789,1756.404371,0.3891169334403028,HTI
5360,2016,1054.856275,1782.776608,0.3717381065463217,HTI
5361,2017,1068.741456,2234.530589,0.3235402478029932,HTI
5362,2018,1163.439534,2363.698086,0.3298537395884202,HTI
5363,2019,1241.089895,2046.617956,0.37749397186325606,HTI
5364,2020,953.925257,2446.553804,0.280526725760656,HTI
5365,2021,1269.180195,2516.822545,0.33522960287133863,HTI
5366,2022,1202.622973,2312.492214,0.342129036751819,HTI
5367,2000,1.243852,13.19745,0.08613156902334707,VAT
5368,2001,1.467939,15.009965,0.08908529871274892,VAT
5369,2002,2.625949,22.43314,0.1047902818813565,VAT
5370,2003,7.425132,27.717743,0.21128413654261355,VAT
5371,2004,3.099287,21.925677,0.12384781053031683,VAT
5372,2005,2.881008,29.317678,0.08947594942228387,VAT
5373,2006,3.187693,29.977417,0.09611585790006426,VAT
5374,2007,1.663458,24.716535,0.06305756032611533,VAT
5375,2008,1.623322,30.572425,0.05042038627027352,VAT
5376,2009,2.015961,18.565623,0.09794974964026092,VAT
5377,2010,1.787572,60.341356,0.028771975592432563,VAT
5378,2011,3.123802,71.734313,0.04172963746148297,VAT
5379,2012,8.033416,73.319246,0.0987480409676084,VAT
5380,2013,4.797766,62.301196,0.07150283487246793,VAT
5381,2014,6.500435,58.317024,0.10028833435139752,VAT
5382,2015,16.585321,43.063,0.2780517661176079,VAT
5383,2016,3.97752,45.298317,0.08071948123377388,VAT
5384,2017,4.257628,65.921878,0.060667682670778565,VAT
5385,2018,4.175256,65.688022,0.05976324214274629,VAT
5386,2019,6.038726,33.782268,0.15164679214185361,VAT
5387,2020,14.74428,75.426009,0.1635159448141505,VAT
5388,2021,13.996578,87.326238,0.13813846231829954,VAT
5389,2022,5.469618,81.626872,0.0627995226902944,VAT
5390,1948,21.8,38.61,0.3608674060585996,HND
5391,1949,19.4,40.48,0.3239812959251837,HND
5392,1950,21.9,36.41,0.3755788029497513,HND
5393,1951,33.9,50.82,0.40014164305949007,HND
5394,1952,60.9,62.26,0.49447872685936994,HND
5395,1953,66.9,58.08,0.5352856457033126,HND
5396,1954,56.7,56.54,0.5007064641469445,HND
5397,1955,47.9,59.51,0.4459547528163113,HND
5398,1956,72.5,64.13,0.5306301690697505,HND
5399,1957,64.6,76.12,0.4590676520750426,HND
5400,1958,69.5,62.9,0.5249244712990936,HND
5401,1959,69.1,62.4,0.5254752851711026,HND
5402,1960,64.2,72.4,0.46998535871156655,HND
5403,1961,67.4,72.6,0.4814285714285715,HND
5404,1962,79.8,80.6,0.49750623441396513,HND
5405,1963,82.8,96.0,0.4630872483221476,HND
5406,1964,95.3,102.4,0.4820435002529085,HND
5407,1965,127.1,122.9,0.5084,HND
5408,1966,146.1,150.2,0.493081336483294,HND
5409,1967,155.5,165.4,0.4845746338423185,HND
5410,1968,178.972,184.722,0.4920950029420337,HND
5411,1969,166.345,184.207,0.47452303795157347,HND
5412,1970,168.402,220.654,0.43284771343971046,HND
5413,1971,186.852,193.39,0.49140284345232776,HND
5414,1972,197.558,192.795,0.5061008881704508,HND
5415,1973,248.522,262.241,0.48657009219540176,HND
5416,1974,259.459,380.121,0.4056709090340537,HND
5417,1975,301.582,404.276,0.427255906995458,HND
5418,1976,395.062,453.064,0.46580578829089075,HND
5419,1977,509.591,579.53,0.46789199730792075,HND
5420,1978,601.235,699.538,0.462213622207718,HND
5421,1979,731.182,825.665,0.4696556565931013,HND
5422,1980,827.165,1005.082,0.45144841279587306,HND
5423,1981,726.162,945.101,0.4344989388265043,HND
5424,1982,663.961,692.113,0.48962003548478916,HND
5425,1983,656.939,819.994,0.44479945942029864,HND
5426,1984,745.494483730343,962.873800740413,0.43637808691894175,HND
5427,1985,776.361644320212,888.106498387781,0.46643226409675625,HND
5428,1986,768.837,754.984,0.5045454813918433,HND
5429,1987,791.4,827.4,0.488880652335063,HND
5430,1988,839.0,885.8,0.48643320964749537,HND
5431,1989,851.0,1028.242,0.452842156571639,HND
5432,1990,812.4,880.4,0.4799149338374291,HND
5433,1991,779.9,879.8,0.4699041995541363,HND
5434,1992,844.366,1104.376,0.4332877312645799,HND
5435,1993,861.8,1290.6,0.4003902620330794,HND
5436,1994,1004.957,1676.672,0.37475616500269054,HND
5437,1995,1220.2,1642.7,0.4262111844633064,HND
5438,1996,1320.8,1840.0,0.4178688939508985,HND
5439,1997,1447.0,2148.6,0.402436311046835,HND
5440,1998,1532.9,2499.839,0.3801138630593252,HND
5441,1999,3690.85487577087,4461.40872995838,0.4527398835799434,HND
5442,2000,1335.674477,2933.324533,0.3128776731667596,HND
5443,2001,1242.373401,3246.478833,0.2767686117154553,HND
5444,2002,1239.672996,3073.632703,0.28740670903233373,HND
5445,2003,1358.545456,3441.46464,0.28302970802751415,HND
5446,2004,1640.29127,4195.28645,0.2810846412649612,HND
5447,2005,1885.181048,4849.253422,0.2799316047097864,HND
5448,2006,2092.452441,5636.212074,0.27073919911246136,HND
5449,2007,2524.725564,7213.552911,0.2592578935261964,HND
5450,2008,2832.983257,8813.286564,0.24325241476817747,HND
5451,2009,2361.931366,6223.737749,0.27510160645178783,HND
5452,2010,2818.82078,7120.598363,0.28360015202550354,HND
5453,2011,3958.111013,9016.103836,0.3050751863651368,HND
5454,2012,4387.70514,9385.255563,0.31857385166606034,HND
5455,2013,3926.393423,9152.057817,0.3002185313037111,HND
5456,2014,4066.506962,9308.899626,0.30402866150239827,HND
5457,2015,3914.496576,9422.586175,0.2935047078197438,HND
5458,2016,3857.25855,8896.839954,0.3024328649171299,HND
5459,2017,4520.727403,9632.446303,0.319414394036831,HND
5460,2018,4352.175692,10491.409148,0.2932024668509928,HND
5461,2019,3563.731573,12440.674425,0.22267190506447687,HND
5462,2020,4257.873335,8967.782495,0.32194043076047596,HND
5463,2021,5178.856326,13472.052204,0.27767313949718886,HND
5464,2022,6114.667781,16311.468531,0.27265810284619124,HND
5465,1948,350.9,500.5,0.41214470284237725,HKG
5466,1949,466.6,597.4,0.43853383458646616,HKG
5467,1950,556.3,605.5,0.47882595971767944,HKG
5468,1951,643.1,776.6,0.4529830245826583,HKG
5469,1952,429.1,625.0,0.4070771274072669,HKG
5470,1953,416.3,642.5,0.39318095957687954,HKG
5471,1954,357.8,565.8,0.38739714161974886,HKG
5472,1955,380.3,623.0,0.3790491378451112,HKG
5473,1956,499.8,770.5,0.39345036605526257,HKG
5474,1958,118.2,540.2,0.1795261239368165,HKG
5475,1959,106.0,459.3,0.1875110560764196,HKG
5476,1960,663.6,1033.8,0.3909508660303994,HKG
5477,1961,651.0,1048.4,0.3830763798987878,HKG
5478,1962,725.5,1157.0,0.38539176626826027,HKG
5479,1963,822.3,1299.4,0.38756657397370037,HKG
5480,1964,913.8,1422.9,0.3910643214790089,HKG
5481,1965,1044.9,1502.4,0.41019903427158166,HKG
5482,1966,1329.9,1746.6,0.4322769380789859,HKG
5483,1967,1536.6,1804.2,0.4599497126436781,HKG
5484,1968,1756.2,2056.9,0.4605701397812803,HKG
5485,1969,2228.1,2455.3,0.4757441175214588,HKG
5486,1970,2507.0,2896.2,0.46398430559668347,HKG
5487,1971,2825.7,3333.7,0.4587622170990681,HKG
5488,1972,3472.3,3892.7,0.471459606245757,HKG
5489,1973,5068.0,5625.5,0.4739327628933464,HKG
5490,1974,5976.4,6766.8,0.4689873815054303,HKG
5491,1975,6036.9,6757.6,0.4718355543397553,HKG
5492,1976,8539.5,8877.9,0.490285576492473,HKG
5493,1977,9644.1,10454.0,0.4798513292301263,HKG
5494,1978,11518.5,13445.1,0.46141181560351874,HKG
5495,1979,15178.3,17136.3,0.4697040966002983,HKG
5496,1980,19746.9,22401.4,0.4685099992170503,HKG
5497,1981,21843.1,24769.9,0.4686053246948276,HKG
5498,1982,20921.6,23455.2,0.4714535523066106,HKG
5499,1983,21979.2,24006.7,0.4779551993110932,HKG
5500,1984,28351.1,28560.2,0.4981629307360752,HKG
5501,1985,30221.4,29703.1,0.5043246084656526,HKG
5502,1986,35491.9,35363.2,0.5009081915063277,HKG
5503,1987,48550.5,48465.4,0.5004385879015708,HKG
5504,1988,63284.5364312895,63904.5,0.4975628262226618,HKG
5505,1989,73237.2089329962,72154.4271598085,0.5037236728407697,HKG
5506,1990,82271.8664033077,82489.6667396491,0.4993390437313046,HKG
5507,1991,98727.9067613001,100283.210106458,0.4960924209420135,HKG
5508,1992,119661.026047726,123444.06485801,0.4922193344528707,HKG
5509,1993,135119.961553348,138605.498665133,0.49363315142661013,HKG
5510,1994,151532.638322468,161781.063600365,0.48364510518531184,HKG
5511,1995,173556.343934322,192764.563939859,0.47378224994444706,HKG
5512,1996,180529.694356889,198551.225047345,0.47622996863205513,HKG
5513,1997,187870.087578177,208623.216395985,0.4738291559910424,HKG
5514,1998,173692.992821291,184602.00573792,0.48477649288924385,HKG
5515,1999,173792.853166933,179650.025614484,0.4917141173310025,HKG
5516,2000,202250.103275,213328.158598,0.4866715173297666,HKG
5517,2001,190084.948622,201474.339711,0.48545636455530333,HKG
5518,2002,200323.78633,208024.010808,0.4905714876730463,HKG
5519,2003,224039.644955,232580.252589,0.49064801196800994,HKG
5520,2004,259423.294265,271458.280726,0.48866509309425177,HKG
5521,2005,289500.589783,299967.130646,0.4911220406985283,HKG
5522,2006,316806.054253,334694.933065,0.48627102708958103,HKG
5523,2007,344721.025248,368223.228519,0.48351750284344047,HKG
5524,2008,362997.399926,388889.408694,0.4827819769736872,HKG
5525,2009,318757.59966,347657.270292,0.4783170574854658,HKG
5526,2010,390366.9842,433505.491639,0.4738196694852141,HKG
5527,2011,429220.302675,483995.661454,0.4700096357649402,HKG
5528,2012,443160.60062,504749.363947,0.46751338965239514,HKG
5529,2013,459262.556423,524107.790423,0.4670290881721314,HKG
5530,2014,474002.641004,544937.97707,0.46519162412031334,HKG
5531,2015,517384.218372,559472.377805,0.4804578624570721,HKG
5532,2016,462491.648312,547326.21303,0.45799511577005636,HKG
5533,2017,550197.28813,589828.682483,0.48261820547312184,HKG
5534,2018,569138.406401,627403.85411,0.4756525742416666,HKG
5535,2019,535807.186042,578783.194097,0.4807211650033977,HKG
5536,2020,552772.568615,573784.619464,0.4906742191735381,HKG
5537,2021,671992.604167,713801.672747,0.48491512438877155,HKG
5538,2022,611365.563695,668944.551805,0.4775136557100802,HKG
5539,1948,162.9,166.6,0.49438543247344463,HUN
5540,1955,608.9,534.2,0.5326743067098242,HUN
5541,1956,494.9,465.8,0.5151452066201727,HUN
5542,1957,487.9,682.3,0.4169372756793711,HUN
5543,1960,217.03,263.65,0.45150619955063664,HUN
5544,1961,220.18,270.1,0.44909031573794567,HUN
5545,1968,1334.15,1361.66,0.4948976374447754,HUN
5546,1969,1553.45,1879.1,0.4525644200375814,HUN
5547,1970,1726.31,2440.34,0.4143160572642291,HUN
5548,1971,1848.0,2684.19,0.40774989574576526,HUN
5549,1972,2403.0,2462.84,0.49385101030860035,HUN
5550,1973,3351.84,3275.78,0.5057381080991366,HUN
5551,1974,3942.55,4455.85,0.46944060773480656,HUN
5552,1975,4519.51,5401.97,0.4555278043195169,HUN
5553,1976,4926.92,5540.37,0.47069680882062115,HUN
5554,1977,5825.29,6529.87,0.47148640729865093,HUN
5555,1978,6352.22,7943.75,0.4443364108906216,HUN
5556,1979,7931.22,8692.07,0.4771149393411292,HUN
5557,1980,8649.56,9234.85,0.48363686585131965,HUN
5558,1981,8732.44,9152.1,0.488267520439441,HUN
5559,1982,8790.92,8830.64,0.49887297151898025,HUN
5560,1983,8702.09,8508.06,0.5056370804438078,HUN
5561,1984,8564.74,8091.49,0.5142063960452035,HUN
5562,1985,8542.68,8228.18,0.5093763826064972,HUN
5563,1986,9157.76,9596.18,0.48831125619469823,HUN
5564,1987,9555.65,9845.02,0.4925422678701303,HUN
5565,1988,9943.93,9340.25,0.5156522081830807,HUN
5566,1989,9682.23245900598,8885.17940765555,0.5214637628839797,HUN
5567,1990,9592.72086808421,8621.36742580858,0.5266648933123194,HUN
5568,1991,9971.6,11082.3,0.47362246424652915,HUN
5569,1992,10728.0,11110.4,0.4912447798373507,HUN
5570,1993,8597.7,12386.9,0.409714743192627,HUN
5571,1994,10587.6,14449.4,0.42287814035227866,HUN
5572,1995,12861.4,15483.3,0.4537497309902733,HUN
5573,1996,13144.659,16209.132,0.4478010693746508,HUN
5574,1997,19099.94,21234.028,0.47354477992346306,HUN
5575,1998,23005.465,25726.973,0.4720770382963397,HUN
5576,1999,24848.994,27893.888,0.4711345504403798,HUN
5577,2000,28023.075282,31964.143956,0.46715076374549247,HUN
5578,2001,30420.046693,33599.015014,0.4751717048310597,HUN
5579,2002,34475.773731,37749.485602,0.4773367939330872,HUN
5580,2003,43167.262608,47881.224409,0.47411290425880526,HUN
5581,2004,55566.404856,60481.876907,0.4788214354563274,HUN
5582,2005,62421.454348,66325.324904,0.4848389583852858,HUN
5583,2006,75083.336028,78301.607277,0.4895091683066942,HUN
5584,2007,95563.95874,95715.09825,0.4996049240508125,HUN
5585,2008,108769.008568,109232.613656,0.4989366934904649,HUN
5586,2009,83194.25361,77899.666294,0.5164332313694867,HUN
5587,2010,95487.181826,88172.470998,0.5199137663485884,HUN
5588,2011,112291.070165,102428.762689,0.5229655252263212,HUN
5589,2012,103596.660272,95206.631113,0.5211013336362524,HUN
5590,2013,107502.209455,99796.649753,0.5185856297797288,HUN
5591,2014,110615.703309,104882.765373,0.5133015746493768,HUN
5592,2015,98516.731447,91963.781642,0.5172011028811597,HUN
5593,2016,101914.800294,93868.270472,0.5205496057205508,HUN
5594,2017,113801.016725,107504.527583,0.5142257826429257,HUN
5595,2018,124562.485312,120703.808841,0.5078662999421212,HUN
5596,2019,123791.514511,120550.262609,0.5066326191538015,HUN
5597,2020,120647.948539,115976.867803,0.5098702258034693,HUN
5598,2021,141825.243463,142877.611545,0.49815181326163654,HUN
5599,2022,151668.94739,165105.908329,0.47879099193573704,HUN
5600,1948,60.1,69.6,0.46337702390131075,ISL
5601,1949,39.5,58.3,0.40388548057259716,ISL
5602,1950,29.5,37.3,0.4416167664670659,ISL
5603,1951,43.2,55.4,0.43813387423935096,ISL
5604,1952,38.1,54.8,0.4101184068891281,ISL
5605,1953,42.0,67.1,0.38496791934005503,ISL
5606,1954,52.0,69.1,0.42939719240297275,ISL
5607,1955,51.9,77.2,0.40201394268009294,ISL
5608,1956,63.0,90.0,0.4117647058823529,ISL
5609,1957,60.3,83.5,0.41933240611961053,ISL
5610,1958,65.6,86.1,0.4324324324324324,ISL
5611,1959,65.3,94.7,0.40812499999999996,ISL
5612,1960,65.6,87.8,0.4276401564537158,ISL
5613,1961,70.6,74.2,0.4875690607734806,ISL
5614,1962,83.8,89.0,0.48495370370370366,ISL
5615,1963,93.7,109.1,0.4620315581854043,ISL
5616,1964,111.0,130.7,0.45924700041373606,ISL
5617,1965,129.1,137.3,0.48460960960960964,ISL
5618,1966,140.2,159.2,0.4682698730794923,ISL
5619,1967,96.2,161.5,0.37330228948389604,ISL
5620,1968,81.9,137.2,0.3738019169329074,ISL
5621,1969,107.673,123.482,0.46580433042763514,ISL
5622,1970,147.186,157.31,0.48337580789238616,ISL
5623,1971,149.743,209.614,0.41669704499981913,ISL
5624,1972,191.171,233.77,0.4498765711004586,ISL
5625,1973,282.729,350.586,0.4464271334170199,ISL
5626,1974,331.297,518.288,0.3899515645874162,ISL
5627,1975,305.615,483.894,0.3870950172828935,ISL
5628,1976,400.366,466.737,0.46172830678708293,ISL
5629,1977,512.033,605.42,0.45821434995476323,ISL
5630,1978,640.739,675.304,0.48686783030645653,ISL
5631,1979,781.033,815.443,0.48922313896356723,ISL
5632,1980,917.627,998.972,0.4787788160173307,ISL
5633,1981,895.302,1023.863,0.46650600651845986,ISL
5634,1982,685.411,944.42,0.42054114813130933,ISL
5635,1983,740.02,817.611,0.47509326663375345,ISL
5636,1984,739.408,841.765,0.46763257404471237,ISL
5637,1985,814.975,905.209,0.47377199183343177,ISL
5638,1986,1097.993,1118.964,0.4952703187296822,ISL
5639,1987,1375.226,1590.356,0.4637288734555308,ISL
5640,1988,1429.221,1621.91814681345,0.46842209785569777,ISL
5641,1989,1441.24892791141,1418.28234490385,0.5040157950405888,ISL
5642,1990,1590.88725121327,1677.69061150962,0.48672154007920154,ISL
5643,1991,1548.88281345793,1717.00136422852,0.47426140340199,ISL
5644,1992,1527.69505059424,1685.01715767948,0.47551568629768837,ISL
5645,1993,1403.52094820377,1355.97441758254,0.5086150770917642,ISL
5646,1994,1634.52222372851,1473.269462572,0.5259433027424795,ISL
5647,1995,1826.75276049308,1767.75087984203,0.5082072361798401,ISL
5648,1996,1882.01440561243,2044.41493643989,0.47931956535061776,ISL
5649,1997,1855.40730368134,2046.10520783712,0.475561028755799,ISL
5650,1998,1979.58239066161,2463.12395100357,0.44558029237638935,ISL
5651,1999,2002.46700865716,2517.27843211407,0.44304862627738334,ISL
5652,2000,1896.442514,2585.623299,0.42311795344447345,ISL
5653,2001,2015.726517,2275.220716,0.46976259728803804,ISL
5654,2002,2231.189905,2275.061579,0.495132132088525,ISL
5655,2003,2396.943614,2828.991895,0.45866306805203244,ISL
5656,2004,2877.206363,3707.055108,0.4369823974446473,ISL
5657,2005,2980.831673,4847.637726,0.3807681324501017,ISL
5658,2006,3452.983368,6139.416033,0.35997076681774,ISL
5659,2007,4782.780527,6629.636129,0.41908569159061376,ISL
5660,2008,5382.467737,6204.939324,0.46451011073183873,ISL
5661,2009,4056.566338,3603.849963,0.5295490713044474,ISL
5662,2010,4600.714835,3931.389114,0.539223954900271,ISL
5663,2011,5336.634689,4832.86431,0.5247686920982803,ISL
5664,2012,5063.655745,4771.986726,0.5148271462621774,ISL
5665,2013,4997.641808,5019.759373,0.49889604276596455,ISL
5666,2014,5052.575992,5374.676835,0.4845548559939986,ISL
5667,2015,4742.021058,5309.488618,0.47177202339291663,ISL
5668,2016,4455.163805,5694.495489,0.4389471287606356,ISL
5669,2017,4849.219504,6919.494918,0.41204326404038216,ISL
5670,2018,5306.997988,7660.427517,0.4092560999061626,ISL
5671,2019,5273.447995,6554.865209,0.4458326309128059,ISL
5672,2020,4522.502714,4267.485778,0.5145061018129943,ISL
5673,2021,6054.132505,7844.85924,0.43558069650468734,ISL
5674,2022,7402.719309,9707.278348,0.43265460682114226,ISL
5675,1948,1334.8,1987.6,0.40175776547074404,IND
5676,1949,1217.0,1872.4,0.3939276234867612,IND
5677,1950,1097.7,1098.4,0.4998406265652747,IND
5678,1951,1568.3,1736.1,0.47460961142718805,IND
5679,1952,1241.7,1652.9,0.42897118772887444,IND
5680,1953,1077.9,1155.9,0.4825409615901155,IND
5681,1954,1135.4,1238.7,0.478244387346784,IND
5682,1955,1232.3,1369.7,0.47359723289777095,IND
5683,1956,1209.9,1644.9,0.42381252627154264,IND
5684,1957,1303.6,2073.8,0.38597737904897256,IND
5685,1958,1193.4,1790.9,0.39989277217437924,IND
5686,1959,1285.2,1928.0,0.39997510270135694,IND
5687,1960,1313.5,2249.4,0.36866036094192933,IND
5688,1961,1382.4,2213.3,0.38445921517367965,IND
5689,1962,1389.4,2311.2,0.37545262930335627,IND
5690,1963,1576.3,2438.8,0.39259296157007295,IND
5691,1964,1691.7,2661.1,0.38864638853151995,IND
5692,1965,1651.5,2772.9,0.3732709519934907,IND
5693,1966,1599.4,2731.7,0.3692826302786821,IND
5694,1967,1605.4,2672.6,0.3752688172043011,IND
5695,1968,1747.5,2507.48,0.41069523241002315,IND
5696,1969,1828.35,2116.14,0.4635199987831127,IND
5697,1970,2024.11,2093.31,0.4915966794740395,IND
5698,1971,2108.94,2408.93,0.466799620174994,IND
5699,1972,2437.72,2235.36,0.5216516729865527,IND
5700,1973,2957.97,3233.58,0.47774305303195486,IND
5701,1974,3891.34,5063.86,0.43453412542433445,IND
5702,1975,4364.03,6197.19,0.413212678080752,IND
5703,1976,5017.9,5098.09,0.49603647295025005,IND
5704,1977,6024.09,6663.01,0.4748200928502179,IND
5705,1978,6625.45,7819.49,0.4586692641160157,IND
5706,1979,7678.44,9898.31,0.43685209154138277,IND
5707,1980,8440.1,14821.82,0.3628290356084107,IND
5708,1981,6826.39,14549.56,0.31934908156128733,IND
5709,1982,8271.3599926641,15634.8320721413,0.34599236759421687,IND
5710,1983,7857.42148127714,13892.7333070928,0.3612581867913232,IND
5711,1984,8230.24987030416,15115.2511688284,0.3525411537113006,IND
5712,1985,8265.20869153664,16328.9984846329,0.336063229537449,IND
5713,1986,9135.05055183464,15051.4398996567,0.37769227288911494,IND
5714,1987,10797.330555877,16838.0393789724,0.39070693033354686,IND
5715,1988,13191.8673834685,19034.7154524238,0.40934738413456856,IND
5716,1989,15835.741,19297.4919422872,0.45073395397494787,IND
5717,1990,17811.1646935177,23991.4231278718,0.42607804018305545,IND
5718,1991,17870.183,19509.428,0.4780730061637078,IND
5719,1992,19229.7172896293,23196.5692565989,0.45325006864968875,IND
5720,1993,20987.4244869015,21268.7940797928,0.4966706723597711,IND
5721,1994,24192.5311850746,25484.4807159075,0.4869965052104175,IND
5722,1995,30534.38,34486.53,0.46960862282610316,IND
5723,1996,32322.3630087627,36054.7584857611,0.4727072784330551,IND
5724,1997,34622.075,40896.425,0.4584581923634606,IND
5725,1998,33665.15,42162.075,0.44397180564104777,IND
5726,1999,35921.625,47900.5,0.42854586423333935,IND
5727,2000,42554.775029,38487.500006,0.5250935392746776,IND
5728,2001,43307.024073,36152.841372,0.5450175863055792,IND
5729,2002,50442.918215,41972.26952,0.5458293106501582,IND
5730,2003,61038.172917,53939.608056,0.5308692897050559,IND
5731,2004,75300.800022,72008.020853,0.511176449412334,IND
5732,2005,98198.219183,98850.349477,0.49834525493274395,IND
5733,2006,120532.635197,164638.428444,0.422667831925394,IND
5734,2007,153755.471719,233239.377369,0.39730624860083613,IND
5735,2008,195055.027927,321282.894689,0.3777662251472128,IND
5736,2009,165188.398437,257643.35322,0.39067169811551994,IND
5737,2010,222901.428642,350633.176195,0.38864512579035954,IND
5738,2011,307001.075756,465009.974144,0.39766409534651925,IND
5739,2012,297142.595384,490195.610804,0.3774014687063827,IND
5740,2013,315022.401737,467853.437699,0.40239126802527037,IND
5741,2014,317674.457954,460251.241824,0.40836092450044537,IND
5742,2015,266123.746993,392115.982022,0.404296087371134,IND
5743,2016,261823.494383,356120.442897,0.4237010488936373,IND
5744,2017,296170.73,442938.879995,0.4007128658522022,IND
5745,2018,323241.51,508975.72,0.3884100188600998,IND
5746,2019,324830.13,479865.95,0.4036680904422947,IND
5747,2020,275589.566278,368024.973597,0.4281903984511037,IND
5748,2021,394463.71039,570013.855129,0.40899210566679495,IND
5749,2022,453196.569073,731906.342927,0.38241115137264975,IND
5750,1948,317.6,449.6,0.41397288842544316,IDN
5751,1949,377.4,522.1,0.4195664257921067,IDN
5752,1950,506.8,417.4,0.5483661545120103,IDN
5753,1951,830.7,821.4,0.5028145996005084,IDN
5754,1952,667.1,915.6,0.42149491375497566,IDN
5755,1953,621.8,743.3,0.45549776573144823,IDN
5756,1954,636.9,611.8,0.5100504524705695,IDN
5757,1955,730.1,614.8,0.542865640568072,IDN
5758,1956,664.6,837.9,0.4423294509151414,IDN
5759,1957,679.6,775.0,0.46720747971951054,IDN
5760,1960,582.4,618.0,0.4851716094635121,IDN
5761,1961,770.0,766.6,0.5011063386697905,IDN
5762,1962,667.6,632.4,0.5135384615384616,IDN
5763,1963,680.6,502.2,0.575414271220832,IDN
5764,1964,709.4,653.5,0.5205077408467238,IDN
5765,1965,693.7,659.0,0.5128261994529459,IDN
5766,1966,662.1,504.7,0.56744943435036,IDN
5767,1967,654.1,637.5,0.506426138123258,IDN
5768,1968,747.0,707.8,0.5134726422875997,IDN
5769,1969,848.0,771.5,0.5236184007409694,IDN
5770,1970,1105.9,984.6,0.5290121980387468,IDN
5771,1971,1231.3,1096.3,0.5289998281491666,IDN
5772,1972,1772.1,1556.9,0.5323220186242115,IDN
5773,1973,3201.6,2709.3,0.5416434045576816,IDN
5774,1974,7424.9,3841.7,0.6590186924182984,IDN
5775,1975,7102.1,4769.4,0.5982479046455798,IDN
5776,1976,8546.4,5673.7,0.6010084317269218,IDN
5777,1977,10846.3,6228.5,0.635222667322604,IDN
5778,1978,11642.8,6690.2,0.6350733649702721,IDN
5779,1979,15578.5,7225.6,0.6831446976640166,IDN
5780,1980,21915.9,10837.3,0.6691224063602946,IDN
5781,1981,23810.3,13269.5,0.6421366889789049,IDN
5782,1982,22353.9,16858.8,0.57006786066759,IDN
5783,1983,21195.4,16351.5,0.5645046595058447,IDN
5784,1984,21896.4,13880.2,0.6120313277393603,IDN
5785,1985,18602.2,10274.8,0.6441874155902622,IDN
5786,1986,14809.6,10724.5,0.5799930289299408,IDN
5787,1987,17177.7,12855.4,0.5719589386377031,IDN
5788,1988,19378.5,13488.9,0.5895963781741178,IDN
5789,1989,21940.083868,16469.978153,0.571206676417358,IDN
5790,1990,25682.74667,22005.034207,0.5385603229523915,IDN
5791,1991,29188.946945,25928.475956,0.5295774985239816,IDN
5792,1992,33982.30059,27279.710962,0.5547042894788947,IDN
5793,1993,36839.751835,28327.906434,0.5653072829920072,IDN
5794,1994,40069.354,32013.048,0.555882613345765,IDN
5795,1995,45453.419,40629.167,0.5280210680473748,IDN
5796,1996,49889.1973039865,42902.192057587,0.537648995744496,IDN
5797,1997,53448.658409,41698.433128,0.5617476850379114,IDN
5798,1998,48855.369816,27349.593319,0.6411048284276557,IDN
5799,1999,48665.249735,24003.282212,0.6696880813622803,IDN
5800,2000,62123.916182,33514.742366,0.6495690877012947,IDN
5801,2001,56316.408426,31101.524893,0.6442203137026097,IDN
5802,2002,57155.659119,31284.562271,0.6462631845634732,IDN
5803,2003,61052.528327,32548.012168,0.6522668352568043,IDN
5804,2004,71573.728384,46521.657417,0.6060671032872306,IDN
5805,2005,85656.978204,57700.082539,0.597507913178825,IDN
5806,2006,100781.218237,61065.449333,0.6226956646692234,IDN
5807,2007,114055.941835,74472.113221,0.6049812681784738,IDN
5808,2008,136962.513734,129243.56324,0.5144980734131661,IDN
5809,2009,116458.327448,96825.897312,0.5460241027157342,IDN
5810,2010,157777.87309,135662.891653,0.5376821902307415,IDN
5811,2011,203478.452549,177430.243399,0.5341921954356694,IDN
5812,2012,190024.60837,191674.711644,0.4978384775823815,IDN
5813,2013,182549.223001,186464.992696,0.49469428340639415,IDN
5814,2014,176287.238991,178030.044786,0.49754061419693973,IDN
5815,2015,150282.256814,142577.034169,0.5131551616804387,IDN
5816,2016,145186.181896,135532.488409,0.5171946053258788,IDN
5817,2017,168827.554067,156967.35024,0.5182019480203779,IDN
5818,2018,180215.0341,188675.890586,0.48853203491899144,IDN
5819,2019,167682.99516,171179.063145,0.4948414584942212,IDN
5820,2020,163191.837314,141521.287641,0.5355589370759798,IDN
5821,2021,231522.458148,196130.652597,0.5413791045379573,IDN
5822,2022,320219.206323,249129.89263,0.5624303382790358,IDN
5823,1948,580.2,129.4,0.8176437429537768,IRN
5824,1949,,182.7,,IRN
5825,1950,,199.6,,IRN
5826,1951,,223.8,,IRN
5827,1954,,213.4,,IRN
5828,1955,,275.9,,IRN
5829,1956,,277.7,,IRN
5830,1957,,313.9,,IRN
5831,1958,,393.5,,IRN
5832,1959,,524.3,,IRN
5833,1960,,556.9,,IRN
5834,1961,,601.5,,IRN
5835,1962,,520.6,,IRN
5836,1963,,520.0,,IRN
5837,1964,1215.7,668.9,0.6450705720046694,IRN
5838,1965,1270.0,855.3,0.5975626970310073,IRN
5839,1966,1308.2,933.6,0.5835489338924078,IRN
5840,1967,1919.7,1123.9,0.6307333420948876,IRN
5841,1968,1869.6,1393.0,0.5730399068227794,IRN
5842,1969,,1384.4,,IRN
5843,1973,,3379.0,,IRN
5844,1974,,5425.8,,IRN
5845,1975,,10345.9,,IRN
5846,1976,,12886.7,,IRN
5847,1977,,14641.6,,IRN
5848,1978,,10372.0,,IRN
5849,1979,,9695.0,,IRN
5850,1980,,10849.0,,IRN
5851,1981,9936.77601362518,13515.0,0.4237110233294076,IRN
5852,1982,15686.551949345,11845.0,0.5697663530994008,IRN
5853,1983,19184.9865044305,18103.0,0.514508513409566,IRN
5854,1984,15182.2043582738,14494.0,0.5115952220500518,IRN
5855,1985,13725.0802775016,11408.0,0.5460962256101928,IRN
5856,1986,8043.96713333925,9355.0,0.46232440533356145,IRN
5857,1987,11040.0290475143,9369.0,0.5409384749177429,IRN
5858,1988,10709.0,8171.0,0.5672139830508475,IRN
5859,1989,13081.0,12807.0,0.5052920271940667,IRN
5860,1990,19305.0,18721.6,0.5076709461271847,IRN
5861,1991,18661.0,29677.5,0.3860483879309453,IRN
5862,1992,19868.0,29870.0,0.3994531344243838,IRN
5863,1993,18080.0,20037.0,0.47432903953616495,IRN
5864,1994,19434.0,11795.0,0.6223061897595183,IRN
5865,1995,18360.0,12313.0,0.598572034036449,IRN
5866,1996,22391.0,15117.0,0.5969659805908073,IRN
5867,1997,18380.8,15907.8,0.5360615481530304,IRN
5868,1998,13118.0,14323.0,0.4780438030684013,IRN
5869,1999,21030.0,12683.0,0.6237949752321064,IRN
5870,2000,24805.591336,14348.112873,0.6335439222707849,IRN
5871,2001,21550.159284,16489.455863,0.5665188567424178,IRN
5872,2002,19498.903049,20439.316949,0.48822664229844126,IRN
5873,2003,28710.441063,25999.157717,0.5247788633663966,IRN
5874,2004,36847.134786,33016.544216,0.5274147498723216,IRN
5875,2005,48459.286827,38905.62928,0.5546767396611426,IRN
5876,2006,67817.158393,40692.245494,0.6249887656154091,IRN
5877,2007,78886.5941,45174.675915,0.635868019813613,IRN
5878,2008,105388.475631,58350.280703,0.643637938815322,IRN
5879,2009,64533.619641,49747.986317,0.5646894712410407,IRN
5880,2010,86204.486994,66402.479914,0.5648791057224071,IRN
5881,2011,111933.918185,99430.489142,0.5295778963003361,IRN
5882,2012,83241.065029,92656.671823,0.47323556583925164,IRN
5883,2013,62528.583016,49084.121899,0.5602281842700559,IRN
5884,2014,63969.9443,53117.009848,0.5463456177973581,IRN
5885,2015,39344.294563,40851.824418,0.49060097998409896,IRN
5886,2016,46769.604828,43774.755942,0.5165380199304046,IRN
5887,2017,65758.45245,52664.796266,0.5552833008972795,IRN
5888,2018,71869.377543,42216.097797,0.6299608020110651,IRN
5889,2019,29329.517175,44542.788171,0.3970299429214729,IRN
5890,2020,13489.822048,39140.527827,0.25631260442005566,IRN
5891,2021,16417.310832,53204.820674,0.23580592085988006,IRN
5892,2022,17513.360056,58859.310248,0.22931449150970362,IRN
5893,1948,79.6,180.4,0.3061538461538461,IRQ
5894,1949,90.2,144.6,0.3841567291311755,IRQ
5895,1950,138.4,102.8,0.5737976782752903,IRQ
5896,1951,182.3,139.6,0.5663249456352906,IRQ
5897,1952,276.9,170.9,0.6183564091112104,IRQ
5898,1953,389.1,190.3,0.6715567828788401,IRQ
5899,1954,487.6,206.3,0.7026949128116443,IRQ
5900,1955,517.0,270.5,0.6565079365079365,IRQ
5901,1956,477.9,319.6,0.5992476489028213,IRQ
5902,1957,360.6,341.2,0.5138216015958963,IRQ
5903,1958,566.7,264.3,0.6819494584837545,IRQ
5904,1959,604.9,321.9,0.6526758739749676,IRQ
5905,1960,645.4,387.0,0.6251452925222781,IRQ
5906,1961,660.1,401.7,0.621680165756263,IRQ
5907,1962,690.1,356.1,0.6596253106480596,IRQ
5908,1963,775.3,311.8,0.7131818599944807,IRQ
5909,1964,838.8,402.9,0.6755254892486109,IRQ
5910,1965,881.9,435.6,0.6693738140417457,IRQ
5911,1966,934.7,491.5,0.6553779273594167,IRQ
5912,1967,834.3,423.2,0.6634592445328031,IRQ
5913,1968,1037.7,413.6,0.7150141252670019,IRQ
5914,1969,1049.5,433.1,0.7078780520706867,IRQ
5915,1970,1105.2,505.0,0.6863743634331139,IRQ
5916,1971,1532.1,627.4,0.7094697846723779,IRQ
5917,1972,,717.2,,IRQ
5918,1973,,905.4,,IRQ
5919,1974,,2364.4,,IRQ
5920,1975,,4202.9,,IRQ
5921,1976,,3899.5,,IRQ
5922,1977,,4480.6,,IRQ
5923,1978,,4212.4,,IRQ
5924,1981,10139.6351045343,20361.5247,0.3324344113310387,IRQ
5925,1982,10033.265645137,21134.1600273864,0.32191512223552465,IRQ
5926,1983,8161.12832376334,9928.16456301732,0.4511579515486395,IRQ
5927,1984,9316.83570116023,9755.02518378518,0.488512146631406,IRQ
5928,1985,10409.3753870653,10569.9562103947,0.49617288037553975,IRQ
5929,1986,7464.53457951308,8920.38208697257,0.45557354556348345,IRQ
5930,1987,9705.16138421947,7298.29835006659,0.5707756854124117,IRQ
5931,1988,9608.91116994287,9293.00427075304,0.5083564784791514,IRQ
5932,1989,12284.3579729847,9898.69889381124,0.5537720994337882,IRQ
5933,1990,10313.633156545,6525.51483737311,0.6124795126374585,IRQ
5934,1991,487.070371531315,422.899942961424,0.5352596274559037,IRQ
5935,1992,608.881654295973,602.684169454986,0.502557634393235,IRQ
5936,1993,471.467207560157,532.713219902532,0.46950447814586055,IRQ
5937,1994,383.569443590557,498.66089568599,0.43477244718776553,IRQ
5938,1995,424.575358539782,665.443007080268,0.3895121145947527,IRQ
5939,1996,502.984071974816,568.380004365115,0.46948006105743756,IRQ
5940,1997,2819.26284495536,1136.23921736969,0.712744627744725,IRQ
5941,1998,5096.74490798499,1852.82552954528,0.7333899201108415,IRQ
5942,1999,9687.90106065845,2110.30402011266,0.8211334685517491,IRQ
5943,2000,15772.269985,3342.459409,0.8251369747327326,IRQ
5944,2001,11474.487184,5748.402382,0.6662347302424781,IRQ
5945,2002,9489.979667,6099.779612,0.6087316357593388,IRQ
5946,2003,8776.75092,4947.272653,0.6395173305638273,IRQ
5947,2004,16642.963252,10321.503667,0.6172183304047762,IRQ
5948,2005,17830.843865,10284.115227,0.6342119797027802,IRQ
5949,2006,27873.352297,10595.189671,0.724575220973709,IRQ
5950,2007,36647.896679,13539.867577,0.7302157651826203,IRQ
5951,2008,59678.284425,27730.020802,0.6827530206656571,IRQ
5952,2009,37964.291056,32127.744294,0.5416348785768282,IRQ
5953,2010,49199.131034,34112.862904,0.5905407938095147,IRQ
5954,2011,74550.422212,33406.971042,0.6905541155166581,IRQ
5955,2012,89975.276329,39484.769016,0.6950042083580579,IRQ
5956,2013,84835.475625,44974.678978,0.6535349710078798,IRQ
5957,2014,81894.526428,45833.756636,0.6411620391621927,IRQ
5958,2015,51479.751952,37972.788005,0.5754979341754456,IRQ
5959,2016,46434.444248,31754.671722,0.5938735036448833,IRQ
5960,2017,65509.955711,36894.926948,0.6397151582033728,IRQ
5961,2018,92442.286044,37497.842708,0.7114221521238654,IRQ
5962,2019,87159.371718,39914.529453,0.6858951438085773,IRQ
5963,2020,59754.161794,37171.698988,0.6164934859685752,IRQ
5964,2021,83342.141305,41602.412453,0.6670330062278824,IRQ
5965,2022,126017.255286,51256.956624,0.7108606149098406,IRQ
5966,1948,197.8,549.6,0.26465078940326464,IRL
5967,1949,219.6,479.9,0.3139385275196569,IRL
5968,1950,200.2,443.9,0.31082130104021116,IRL
5969,1951,225.4,564.3,0.28542484487780173,IRL
5970,1952,281.4,477.3,0.37089758797943845,IRL
5971,1953,316.2,504.2,0.38542174549000485,IRL
5972,1954,320.1,500.8,0.3899378730661469,IRL
5973,1955,307.7,566.3,0.3520594965675057,IRL
5974,1956,298.8,501.2,0.3735,IRL
5975,1957,365.1,513.3,0.41564207650273227,IRL
5976,1958,366.1,552.4,0.3985846488840501,IRL
5977,1959,362.4,592.4,0.37955592794302473,IRL
5978,1960,425.3,629.9,0.40305155420773314,IRL
5979,1961,504.2,728.8,0.4089213300892133,IRL
5980,1962,486.6,763.5,0.38924886009119275,IRL
5981,1963,548.2,852.3,0.39143163156015714,IRL
5982,1964,621.6,967.7,0.39111558547788333,IRL
5983,1965,625.8,1036.7,0.37642105263157893,IRL
5984,1966,685.0,1041.6,0.39673346461253334,IRL
5985,1967,784.7,1079.0,0.4210441594677255,IRL
5986,1968,797.2,1172.7,0.40469059343113867,IRL
5987,1969,890.26,1422.72,0.3848974050791619,IRL
5988,1970,1034.96,1569.04,0.3974500768049155,IRL
5989,1971,1304.62,1833.71,0.4157051680352289,IRL
5990,1972,1605.79,2106.04,0.432614101400118,IRL
5991,1973,2129.09,2775.85,0.4340705492829678,IRL
5992,1974,2656.71,3816.97,0.4103863644789362,IRL
5993,1975,3175.11,3761.11,0.45775797192130585,IRL
5994,1976,3310.28,4195.4,0.44103665490668403,IRL
5995,1977,4397.57,5383.95,0.449579410970892,IRL
5996,1978,5680.86,7109.6,0.4441482167177725,IRL
5997,1979,7171.53,9885.51,0.4204439926270912,IRL
5998,1980,8497.21,11142.48,0.4326549960819137,IRL
5999,1981,7682.04,10600.07,0.42019438675295134,IRL
6000,1982,8029.59,9698.74,0.45292421790433723,IRL
6001,1983,8590.83,9163.75,0.4838655715877255,IRL
6002,1984,9638.98,9675.13,0.4990641556872152,IRL
6003,1985,10321.91,10017.49,0.5074835049214824,IRL
6004,1986,12664.52,11617.8,0.5215531300139361,IRL
6005,1987,15997.41,13639.68,0.5397766784795673,IRL
6006,1988,18767.4601281665,15604.5167065807,0.5460104962364041,IRL
6007,1989,20868.6366311098,17524.6164486529,0.5435495811661184,IRL
6008,1990,23767.3724776476,20829.7406104101,0.532935224545108,IRL
6009,1991,24215.0872018561,20750.7113073778,0.538522343751628,IRL
6010,1992,28131.9613315681,22453.1364200369,0.5561314019735291,IRL
6011,1993,29178.1938380319,21528.0787827855,0.5754355887333125,IRL
6012,1994,34051.297350752,25183.0702334288,0.5748571098080868,IRL
6013,1995,43591.9046150862,32004.6500825276,0.5766387739421962,IRL
6014,1996,47362.652018322,34959.735227789,0.5753313722150284,IRL
6015,1997,52566.9919478712,38903.4852975497,0.5746880691004895,IRL
6016,1998,64507.6676914065,43935.2118255138,0.5948538804831477,IRL
6017,1999,71605.224038725,47532.928536201,0.6010268120759424,IRL
6018,2000,74343.540906,47872.498631,0.6082961057128106,IRL
6019,2001,80635.786481,48211.649409,0.6258237575627087,IRL
6020,2002,86736.690205,50646.842658,0.6313470646550817,IRL
6021,2003,92246.056164,52453.9347,0.6374987006785634,IRL
6022,2004,104152.87373,60283.818589,0.6333919289008074,IRL
6023,2005,109181.87822,67099.443458,0.6193615817076437,IRL
6024,2006,108302.082575,71678.585004,0.6017428651189012,IRL
6025,2007,120994.561857,82305.042713,0.5951539458864968,IRL
6026,2008,125167.214908,82475.336713,0.6028013715438333,IRL
6027,2009,115258.344066,61236.725029,0.6530400234805495,IRL
6028,2010,117338.480288,63102.930645,0.6502857613520278,IRL
6029,2011,127267.844115,72917.15943,0.6357511395022715,IRL
6030,2012,118196.786062,70410.796751,0.626680986517861,IRL
6031,2013,116076.895238,73257.14108,0.6130799168251005,IRL
6032,2014,120210.119836,81558.917578,0.5957808064938465,IRL
6033,2015,122798.677146,76337.697917,0.6166561840203763,IRL
6034,2016,129735.315805,80628.941999,0.6167174840408328,IRL
6035,2017,134425.95174,91589.403523,0.5947646857160518,IRL
6036,2018,160905.4522,103340.14158,0.6089238798583838,IRL
6037,2019,169046.771228,98449.564385,0.6319592036302442,IRL
6038,2020,179336.253628,96456.087871,0.6502582800278748,IRL
6039,2021,189704.611439,118602.135557,0.6153112550646231,IRL
6040,2022,212905.375091,146173.186434,0.5929214325321868,IRL
6041,1949,36.9,320.1,0.10336134453781512,ISR
6042,1950,33.5,283.8,0.1055783170501103,ISR
6043,1951,42.9,339.7,0.11212754835337167,ISR
6044,1952,41.0,316.6,0.11465324384787472,ISR
6045,1953,56.0,278.5,0.16741405082212257,ISR
6046,1954,84.9,285.2,0.2293974601459065,ISR
6047,1955,86.8,323.8,0.2113979542133463,ISR
6048,1956,103.1,364.8,0.22034622782645866,ISR
6049,1957,136.6,433.0,0.23981741573033705,ISR
6050,1958,139.0,418.4,0.24937208467886618,ISR
6051,1959,176.7,422.2,0.2950409083319419,ISR
6052,1960,214.6,496.1,0.30195581820740114,ISR
6053,1961,244.7,572.3,0.29951040391676864,ISR
6054,1962,277.8,634.9,0.3043716445710529,ISR
6055,1963,348.9,673.9,0.34112240907313257,ISR
6056,1964,367.1,833.2,0.3058402066150129,ISR
6057,1965,425.1,833.3,0.3378099173553719,ISR
6058,1966,500.3,838.6,0.37366494883859885,ISR
6059,1967,553.4,754.6,0.4230886850152905,ISR
6060,1968,640.0,1079.2,0.3722661703117729,ISR
6061,1969,724.66,1666.04,0.30311624210482285,ISR
6062,1970,781.62,2079.42,0.2731943628890194,ISR
6063,1971,961.17,2388.23,0.2869678151310682,ISR
6064,1972,1149.16,2472.01,0.3173449465228089,ISR
6065,1973,1459.0,4239.87,0.2560156662636628,ISR
6066,1974,1824.29,5439.91,0.25113433000192725,ISR
6067,1975,1940.74,5998.84,0.2444386226979261,ISR
6068,1976,2415.21,5668.66,0.29876903017985196,ISR
6069,1977,3082.63,5787.35,0.3475351691886566,ISR
6070,1978,3910.93,7402.7,0.34568303895389896,ISR
6071,1979,4552.9,8599.5,0.346164958486664,ISR
6072,1980,5543.3,9685.4,0.3640034934039018,ISR
6073,1981,5673.3,10191.2,0.35760975763497116,ISR
6074,1982,5286.9,9025.3,0.36939813585612274,ISR
6075,1983,5108.4,9591.7,0.3475078400827205,ISR
6076,1984,5809.2,9800.1,0.37216274913032615,ISR
6077,1985,6288.4,10010.1,0.385826916587416,ISR
6078,1986,7160.0,10809.7,0.3984484994184655,ISR
6079,1987,8426.0,14347.7,0.36998818812928946,ISR
6080,1988,9812.8,15012.0,0.39528213721762107,ISR
6081,1989,11093.7,14149.5,0.43947280851872983,ISR
6082,1990,12005.0,15337.7,0.4390568597834157,ISR
6083,1991,11600.5,16819.1,0.40818660361159204,ISR
6084,1992,13061.5,18957.0,0.40793603697862174,ISR
6085,1993,14490.6,20509.5,0.41401595995440016,ISR
6086,1994,16439.8,23729.1,0.409266870638728,ISR
6087,1995,19017.9,28218.1,0.4026145312896943,ISR
6088,1996,20337.8,29938.4,0.4045214236557258,ISR
6089,1997,22595.5,28965.0,0.43823275569476633,ISR
6090,1998,23412.9,27446.8,0.46034286478292247,ISR
6091,1999,25793.2,31095.4,0.4533983961637305,ISR
6092,2000,31911.7,36802.0,0.4644153931457628,ISR
6093,2001,29047.1,33299.0,0.46590083421416895,ISR
6094,2002,29513.3,33106.3,0.471310899462788,ISR
6095,2003,31292.4,34213.4,0.4777042643552174,ISR
6096,2004,38520.2,41101.1,0.48379265347337963,ISR
6097,2005,42506.5,44936.7,0.4861041224474859,ISR
6098,2006,46426.6,47738.5,0.4930340433982441,ISR
6099,2007,54028.1,56585.9,0.4884381723832426,ISR
6100,2008,61310.4,65144.6,0.484839666284449,ISR
6101,2009,47705.7,47366.1,0.5017860185670199,ISR
6102,2010,58415.2,59198.9,0.4966683416359092,ISR
6103,2011,67260.6,73535.6,0.4777160179038923,ISR
6104,2012,63190.2,73120.6,0.46357441963512797,ISR
6105,2013,66583.2,71898.3,0.4808093499853771,ISR
6106,2014,68955.6,72275.7,0.4882458775073232,ISR
6107,2015,66040.1,62004.7,0.5157577660318888,ISR
6108,2016,60144.12,65742.221,0.4777652565181793,ISR
6109,2017,60016.7,69091.0,0.464857634362629,ISR
6110,2018,60648.2,76582.3,0.4419440284776343,ISR
6111,2019,57902.3,76440.1,0.4310054011242913,ISR
6112,2020,48992.5,70177.8,0.4111133394813976,ISR
6113,2021,59075.0,90407.2,0.3951975552942089,ISR
6114,2022,72538.3,107724.2,0.40240371680188614,ISR
6115,1948,1057.7,1522.6,0.4099135759407821,ITA
6116,1949,1096.1,1525.9,0.4180396643783371,ITA
6117,1950,1184.3,1455.6,0.44861547785900985,ITA
6118,1951,1608.4,2086.9,0.43525559494493005,ITA
6119,1952,1356.2,2279.7,0.3730025578261229,ITA
6120,1953,1481.2,2379.0,0.38371068856535934,ITA
6121,1954,1614.9,2391.1,0.4031203195207189,ITA
6122,1955,1833.3,2652.7,0.4086714222024075,ITA
6123,1956,2117.6,3110.9,0.4050109974179975,ITA
6124,1957,2510.8,3588.4,0.4116605456453305,ITA
6125,1958,2556.0,3154.1,0.44762788742754067,ITA
6126,1959,2875.1,3272.2,0.46770126722300853,ITA
6127,1960,3635.9,4625.5,0.4401070036555548,ITA
6128,1961,4178.2,5142.6,0.44826624324092357,ITA
6129,1962,4659.9,5991.3,0.43749999999999994,ITA
6130,1963,5038.4,7440.6,0.4037503005048481,ITA
6131,1964,5907.5,7171.1,0.4516920771336381,ITA
6132,1965,7154.3,7296.3,0.49508670920238607,ITA
6133,1966,8026.4,8564.6,0.48378036284732684,ITA
6134,1967,8691.1,9696.1,0.47267120605638707,ITA
6135,1968,10150.6,10247.2,0.4976320975791506,ITA
6136,1969,11732.9,12453.1,0.4851112213677334,ITA
6137,1970,13174.2,14922.8,0.4688827988753248,ITA
6138,1971,15051.2,15913.5,0.4860760801816262,ITA
6139,1972,18532.1,19273.6,0.4901932777332519,ITA
6140,1973,22199.8,27810.3,0.44390633092115395,ITA
6141,1974,30458.0,41072.2,0.425806162991296,ITA
6142,1975,34807.0,38388.9,0.4755320994755171,ITA
6143,1976,37230.3,43422.5,0.4616119961117283,ITA
6144,1977,45289.4,48101.1,0.48494654167179746,ITA
6145,1978,56031.0,56440.0,0.4981817535186848,ITA
6146,1979,72177.2,77875.6,0.481012017103313,ITA
6147,1980,77612.7,99467.1,0.43829222757197606,ITA
6148,1981,75236.4,91099.2,0.4523168822549112,ITA
6149,1982,73413.3,86219.1,0.45988972163545744,ITA
6150,1983,72668.6,80357.9,0.47487592018375907,ITA
6151,1984,73247.9,84212.5,0.4651829920411735,ITA
6152,1985,78965.1,91039.0,0.4644893858442238,ITA
6153,1986,97753.4,99925.7,0.49450548894647944,ITA
6154,1987,116233.6,125031.5,0.48176715156895883,ITA
6155,1988,128380.247152518,138651.2,0.48076827100889047,ITA
6156,1989,140622.982429752,153140.678953184,0.4786942733752312,ITA
6157,1990,170274.797235003,181767.298754142,0.4836773760154335,ITA
6158,1991,169431.386394207,182675.287664053,0.4811933396246067,ITA
6159,1992,177309.383908372,186724.860623359,0.48706786949796654,ITA
6160,1993,168193.538995772,147594.269708428,0.5326156816690784,ITA
6161,1994,189684.31713857,167709.052185071,0.5307438061806893,ITA
6162,1995,232740.207541678,205716.823708149,0.5308164562403054,ITA
6163,1996,250551.691003757,206979.366400263,0.5476167944212558,ITA
6164,1997,238249.318985331,208257.098922079,0.5335854299741234,ITA
6165,1998,242677.874879556,215960.712692205,0.5291265965308367,ITA
6166,1999,235082.388356261,220203.786821439,0.5163398345326594,ITA
6167,2000,238660.539303,237789.660604,0.5009139241616123,ITA
6168,2001,243107.881697,235902.218115,0.5075214109105717,ITA
6169,2002,253390.95546,246665.347541,0.5067248506604531,ITA
6170,2003,298529.469918,297602.065192,0.5007778524296896,ITA
6171,2004,351978.056042,354951.003749,0.4978972800270235,ITA
6172,2005,370296.350415,383694.908453,0.49111491155871234,ITA
6173,2006,414943.311045,441748.474323,0.484355421788896,ITA
6174,2007,497488.476321,511037.992892,0.4932825181169646,ITA
6175,2008,539950.515303,562181.606422,0.4899145072170635,ITA
6176,2009,403650.090327,414010.325548,0.49366470785435224,ITA
6177,2010,443575.601464,485951.444809,0.47720569642652744,ITA
6178,2011,518479.732346,556494.953807,0.48231808527648,ITA
6179,2012,496521.672007,486734.62426,0.5049768548567435,ITA
6180,2013,513105.566418,476046.444494,0.518732773888733,ITA
6181,2014,524690.140265,472183.113734,0.5263358588067067,ITA
6182,2015,452620.611148,409422.462559,0.5250556787163994,ITA
6183,2016,457289.442326,405342.393124,0.5301096290834788,ITA
6184,2017,502227.06123,451410.531068,0.5266435229548504,ITA
6185,2018,542120.238435,501490.838875,0.5194657763046775,ITA
6186,2019,529767.093942,472970.48988,0.5283207715449918,ITA
6187,2020,493819.79075,425168.950503,0.5373512955955247,ITA
6188,2021,606589.779946,564363.602887,0.5180306823815813,ITA
6189,2022,647749.813557,689229.38978,0.48448757612703697,ITA
6190,1948,45.1,77.8,0.36696501220504474,JAM
6191,1949,43.8,69.6,0.3862433862433862,JAM
6192,1950,41.2,60.5,0.4051130776794494,JAM
6193,1951,46.6,83.2,0.3590138674884437,JAM
6194,1952,50.3,99.7,0.3353333333333333,JAM
6195,1953,70.5,96.5,0.4221556886227545,JAM
6196,1954,85.5,104.3,0.4504741833508957,JAM
6197,1955,92.8,128.0,0.42028985507246375,JAM
6198,1956,110.3,162.8,0.4038813621384108,JAM
6199,1957,140.8,185.7,0.43124042879019914,JAM
6200,1958,132.4,180.4,0.42327365728900257,JAM
6201,1959,128.4,190.6,0.4025078369905956,JAM
6202,1960,158.4,216.1,0.4229639519359146,JAM
6203,1961,173.3,210.4,0.45165493875423507,JAM
6204,1962,180.7,222.9,0.44772051536174423,JAM
6205,1963,202.8,225.3,0.47372109320252276,JAM
6206,1964,217.5,281.7,0.4356971153846154,JAM
6207,1965,213.6,294.8,0.42014162077104644,JAM
6208,1966,225.204,321.3,0.4120811558561328,JAM
6209,1967,222.1,348.4,0.38930762489044696,JAM
6210,1968,219.2,383.0,0.36399867153769505,JAM
6211,1969,280.738,442.112,0.38837656498582,JAM
6212,1970,341.145,525.267,0.3937445464744255,JAM
6213,1971,343.188,556.407,0.3814916712520634,JAM
6214,1972,374.197,610.71,0.3799313031585723,JAM
6215,1973,390.189,664.473,0.3699659227316429,JAM
6216,1974,729.721,935.857,0.43811877918656467,JAM
6217,1975,782.912,1123.997,0.410565999740942,JAM
6218,1976,606.998,933.315,0.39407445110182154,JAM
6219,1977,744.495,862.458,0.4632960640416988,JAM
6220,1978,749.657,984.195,0.4323650461515746,JAM
6221,1979,818.214,1001.974,0.44952169775869305,JAM
6222,1980,960.505,1178.062,0.44913486460793606,JAM
6223,1981,972.907,1472.577,0.3978382193463544,JAM
6224,1982,765.627,1381.082,0.35665150702773407,JAM
6225,1983,684.008,1280.902,0.34811161834384274,JAM
6226,1984,742.943,1183.312,0.3856929638080109,JAM
6227,1985,567.526,1143.555,0.3316768756125513,JAM
6228,1986,582.095,969.084,0.37525972179870926,JAM
6229,1987,707.627,1234.253,0.36440305271180506,JAM
6230,1988,860.433,1449.346,0.3725174572978627,JAM
6231,1989,980.983,1826.131,0.3494631853212944,JAM
6232,1990,1132.22058664885,1866.51883867331,0.37756551205752514,JAM
6233,1991,1172.607709,1797.768012,0.39476747022603337,JAM
6234,1992,1364.18481824522,1854.82611915382,0.42379005376958456,JAM
6235,1993,1510.12246905105,2203.82197695226,0.4066087931595583,JAM
6236,1994,1646.63857732116,2185.32856340451,0.4297110379211998,JAM
6237,1995,1845.8227046158,2891.02751892741,0.38967301424090767,JAM
6238,1996,1969.20613746382,2927.01299911493,0.40218913462272227,JAM
6239,1997,1896.02216378445,3069.43944327204,0.38184207508320783,JAM
6240,1998,1316.304585,2991.781835,0.305542753016547,JAM
6241,1999,1245.336582,2952.333136,0.29667331297169003,JAM
6242,2000,1301.396132,3210.980076,0.2884059466701275,JAM
6243,2001,1228.037017,3303.146168,0.27101906209956067,JAM
6244,2002,1118.932206,3566.321049,0.2388200050458105,JAM
6245,2003,1207.322033,3601.444676,0.2510668755754772,JAM
6246,2004,1405.663699,3864.725412,0.2667096621132193,JAM
6247,2005,1549.810555,4991.880348,0.23691283767156618,JAM
6248,2006,2040.124726,5666.117937,0.2647366317434118,JAM
6249,2007,2347.029769,6367.893847,0.2693115708657521,JAM
6250,2008,2440.703115,8335.108051,0.22649831900367212,JAM
6251,2009,1375.519244,4987.626618,0.216169686163325,JAM
6252,2010,1351.553376,5143.10157,0.2081024145605164,JAM
6253,2011,1744.03252,6287.007465,0.21716147886916543,JAM
6254,2012,1751.385426,6181.756407,0.22076819788027105,JAM
6255,2013,1586.099797,6216.764545,0.20327148178939852,JAM
6256,2014,1469.307817,5835.434465,0.20114437447308697,JAM
6257,2015,1272.969244,4992.720874,0.20316504966356844,JAM
6258,2016,1197.233976,4622.05229,0.20573553547193724,JAM
6259,2017,1326.966947,5474.684535,0.19509481638565376,JAM
6260,2018,1870.831569,6125.400698,0.23396413542423178,JAM
6261,2019,1531.858854,6389.18541,0.19339102307028846,JAM
6262,2020,1250.937518,4765.525911,0.2079190761752738,JAM
6263,2021,1481.2051,5971.060553,0.19875903100739878,JAM
6264,2022,1901.91172,7731.074234,0.19743740197298332,JAM
6265,1948,251.2,670.6,0.27251030592319375,JPN
6266,1949,493.3,873.7,0.3608632040965618,JPN
6267,1950,791.8,923.0,0.4617448098903662,JPN
6268,1951,1262.7,1932.9,0.3951370634622606,JPN
6269,1952,1194.3,1960.7,0.3785419968304279,JPN
6270,1953,1225.1,2332.2,0.34439040845585134,JPN
6271,1954,1567.5,2323.2,0.4028837998303647,JPN
6272,1955,1924.7,2351.6,0.4500853541613077,JPN
6273,1956,2415.4,3065.1,0.44072621111212484,JPN
6274,1957,2761.6,4060.6,0.40479610682770956,JPN
6275,1958,2787.1,2850.8,0.4943507334291137,JPN
6276,1959,3346.4,3337.9,0.5006358182607005,JPN
6277,1960,3912.7,4163.2,0.4844908926559269,JPN
6278,1961,4073.8,5481.4,0.4263437709310114,JPN
6279,1962,4730.5,5307.3,0.47126860467433107,JPN
6280,1963,5236.8,6370.2,0.45117601447402433,JPN
6281,1964,6347.9,7537.0,0.4571801021253304,JPN
6282,1965,8080.1,7777.5,0.5095411663807891,JPN
6283,1966,9539.8,9422.7,0.5030876730388925,JPN
6284,1967,10174.1,11569.6,0.467910245266445,JPN
6285,1968,12740.8,12893.0,0.49703126341002896,JPN
6286,1969,15676.6,14937.4,0.5120729078199516,JPN
6287,1970,18955.4,18782.0,0.502297455574576,JPN
6288,1971,23595.8,19617.0,0.5460372852488151,JPN
6289,1972,28930.7,23809.8,0.5485480797489596,JPN
6290,1973,36999.8,38364.2,0.4909479326999629,JPN
6291,1974,55498.9,62037.3,0.47218559048191105,JPN
6292,1975,55734.1,57848.6,0.4906918042976615,JPN
6293,1976,67328.0,64891.4,0.5092142302869322,JPN
6294,1977,81088.5,71325.2,0.5320289449045591,JPN
6295,1978,98357.2,79900.2,0.5517706417798083,JPN
6296,1979,102300.0,109837.2,0.48223508182440417,JPN
6297,1980,130442.5,141281.0,0.4800560128218575,JPN
6298,1981,151514.5,142868.7,0.5146846015669372,JPN
6299,1982,138448.2,131560.1,0.5127553486318753,JPN
6300,1983,146982.8,126516.0,0.5374166175500587,JPN
6301,1984,169790.4,136141.1,0.5549948272734255,JPN
6302,1985,177233.0,130517.8,0.5758977718335745,JPN
6303,1986,210787.1,127656.9,0.6228123411849523,JPN
6304,1987,231366.8,150900.4,0.6052488939673611,JPN
6305,1988,265018.3,187484.6,0.585672047626656,JPN
6306,1989,274654.525114312,209635.772131507,0.5671278707756171,JPN
6307,1990,287795.615193116,235333.201511248,0.5501429208319795,JPN
6308,1991,314967.317729065,236657.15973502,0.5709814023790701,JPN
6309,1992,339944.375720392,232907.450284054,0.5934246174817178,JPN
6310,1993,362793.932606631,241711.874469379,0.6001496236429266,JPN
6311,1994,395286.134,274322.446,0.5903241771483871,JPN
6312,1995,443256.405,336139.435,0.5687179508168788,JPN
6313,1996,411564.687497642,349663.56635983,0.5406587123008981,JPN
6314,1997,421465.769641279,338709.099779415,0.5544326530584538,JPN
6315,1998,388040.346873607,280867.438026772,0.5801103763972462,JPN
6316,1999,419455.705442598,310774.428375813,0.5744157711614042,JPN
6317,2000,478363.06618,379581.332378,0.5575688436034016,JPN
6318,2001,403524.078445,349092.260249,0.5361617303515192,JPN
6319,2002,416796.717001,337179.809265,0.5527980016369313,JPN
6320,2003,471915.955026,382963.554883,0.5520262792077382,JPN
6321,2004,565821.567738,454823.282124,0.5543765471549716,JPN
6322,2005,594889.214305,515217.591107,0.5358846656959422,JPN
6323,2006,646797.807959,578745.646324,0.5277640753565991,JPN
6324,2007,714267.485502,621915.073843,0.5345583060537294,JPN
6325,2008,782048.610157,762590.195187,0.5062986942004434,JPN
6326,2009,580719.232815,551960.254992,0.5126951084276633,JPN
6327,2010,769767.453605,694051.685877,0.5258624052950946,JPN
6328,2011,822528.510888,854997.345871,0.49032240401774485,JPN
6329,2012,798589.275003,886034.636194,0.4740460287278998,JPN
6330,2013,714591.830635,832257.757338,0.46196594432391125,JPN
6331,2014,690193.215593,812221.764776,0.4593891997958416,JPN
6332,2015,624777.635355,647988.922124,0.49088156165299657,JPN
6333,2016,644907.633643,606870.208975,0.5151933607438073,JPN
6334,2017,698040.586762,671154.657207,0.5098181503600113,JPN
6335,2018,737915.340282,748334.571086,0.4964947917828942,JPN
6336,2019,705617.821224,720802.633881,0.4946773012814506,JPN
6337,2020,638167.043688,631195.360292,0.5027461359238862,JPN
6338,2021,756166.163384,768735.614988,0.49587860287715735,JPN
6339,2022,746720.431187,897017.118386,0.45428203023102953,JPN
6340,1948,10.1,45.5,0.1816546762589928,JOR
6341,1953,5.0,50.2,0.09057971014492754,JOR
6342,1954,6.7,56.0,0.10685805422647528,JOR
6343,1955,7.2,75.8,0.08674698795180723,JOR
6344,1956,12.2,77.8,0.13555555555555554,JOR
6345,1957,12.1,85.2,0.12435765673175746,JOR
6346,1958,8.8,95.3,0.08453410182516811,JOR
6347,1959,8.9,111.2,0.07410491257285595,JOR
6348,1960,9.8,119.9,0.07555898226676946,JOR
6349,1961,11.8,116.5,0.09197194076383476,JOR
6350,1962,13.7,126.6,0.09764789736279401,JOR
6351,1963,15.3,141.1,0.09782608695652174,JOR
6352,1964,20.2,149.6,0.11896348645465255,JOR
6353,1965,21.4,156.8,0.1200897867564534,JOR
6354,1966,28.9,185.1,0.1350467289719626,JOR
6355,1967,31.3,151.8,0.1709448388858547,JOR
6356,1968,39.0,158.9,0.19706922688226378,JOR
6357,1969,41.58,189.95,0.17958795836392694,JOR
6358,1970,34.08,183.73,0.1564666452412653,JOR
6359,1971,32.04,205.15,0.13508158016779798,JOR
6360,1972,47.6,266.8,0.15139949109414758,JOR
6361,1973,57.33,330.79,0.14771204782026176,JOR
6362,1974,153.37,488.12,0.23908400754493445,JOR
6363,1975,152.6,732.59,0.17239236774025912,JOR
6364,1976,207.08,1021.93,0.1684933401681028,JOR
6365,1977,249.25,1381.04,0.1528869096909139,JOR
6366,1978,294.99,1498.76,0.16445435540069686,JOR
6367,1979,400.37,1948.02,0.17048701450781176,JOR
6368,1980,506.38,2373.23,0.17585020193706785,JOR
6369,1981,540.79,3186.54,0.14508777060254927,JOR
6370,1982,751.76,3139.27,0.19320334204567943,JOR
6371,1983,539.4,3002.03,0.15231135445286223,JOR
6372,1984,695.18,2767.6,0.2007577726566516,JOR
6373,1985,674.64,2720.95,0.19868123065505555,JOR
6374,1986,743.210316135924,2423.2956690822,0.23470990410420087,JOR
6375,1987,918.997095655844,2679.17200265292,0.2554068668111783,JOR
6376,1988,1020.08,2777.94,0.2685820506474426,JOR
6377,1989,1097.5821623568,2110.5304812607,0.342127064815017,JOR
6378,1990,922.467575528531,2581.08836568088,0.26329466148329844,JOR
6379,1991,1161.23306720977,2617.64882263882,0.30729541199190474,JOR
6380,1992,993.130599106134,3258.36664454965,0.23359549405520946,JOR
6381,1993,1040.19374059592,3622.52259685527,0.22308750207277836,JOR
6382,1994,1150.69409445485,3428.3563958751,0.25129534974224216,JOR
6383,1995,1444.08965165214,3721.18678855332,0.27957645023829514,JOR
6384,1996,1466.57616361072,4316.42423131171,0.2536012560017112,JOR
6385,1997,1334.62327221439,4069.02623413258,0.24698553646878468,JOR
6386,1998,1237.19478138223,3808.82863187588,0.24518213255443452,JOR
6387,1999,1237.48194640339,3666.03667136812,0.25236611561307487,JOR
6388,2000,1285.127364,4597.186856,0.2184730900009622,JOR
6389,2001,2294.458518,4871.38602,0.3201937337368454,JOR
6390,2002,2770.018226,5020.446938,0.3555651899709849,JOR
6391,2003,3081.622563,5743.313108,0.34919490383671037,JOR
6392,2004,3531.019468,8163.667972,0.3019336332087555,JOR
6393,2005,4301.242607,10492.388564,0.2907496176754588,JOR
6394,2006,5204.344571,11547.489982,0.31067311192301506,JOR
6395,2007,5534.624426,13531.076374,0.29029221029210744,JOR
6396,2008,6243.434952,16994.807942,0.2686706985755805,JOR
6397,2009,5040.923809,14235.553788,0.2615064803013866,JOR
6398,2010,5939.26337,15562.946621,0.27621641554453924,JOR
6399,2011,6732.169992,18926.756212,0.26237146240946413,JOR
6400,2012,8084.097469,20791.052112,0.27996729320215813,JOR
6401,2013,6764.948579,22049.716334,0.23477450108912878,JOR
6402,2014,7267.279306,22914.301395,0.24078524508026233,JOR
6403,2015,6757.001281,20466.181408,0.24820761621418658,JOR
6404,2016,5415.970645,16715.496451,0.24471810302982006,JOR
6405,2017,6343.976738,20498.199578,0.2363436057984055,JOR
6406,2018,6584.092254,20309.895066,0.2448165151436533,JOR
6407,2019,7036.17788,19170.352817,0.2684894830739831,JOR
6408,2020,7104.380141,16733.654918,0.29802708668799255,JOR
6409,2021,8505.383388,21542.435353,0.28306159130261505,JOR
6410,2022,11382.81238,27289.725641,0.29433838487194436,JOR
6411,1992,244.442917439952,459.549049794298,0.3472240150697838,KAZ
6412,1993,1106.65723485914,1703.60492804477,0.39379145813058414,KAZ
6413,1994,3231.5,3284.7,0.49591786624106077,KAZ
6414,1995,5256.6,3806.9,0.5799746234898219,KAZ
6415,1996,5926.2681,4246.7206,0.5825493642787591,KAZ
6416,1997,6497.4,4302.5,0.6016166816359411,KAZ
6417,1998,5510.7538,4373.588201,0.5575235862379586,KAZ
6418,1999,5598.0,3686.5,0.6029403845118207,KAZ
6419,2000,9880.02463,5055.458091,0.6615135790762366,KAZ
6420,2001,9082.812163,6492.360613,0.5831596408995111,KAZ
6421,2002,9667.3309,6594.939706,0.5944637827163703,KAZ
6422,2003,12295.641298,8399.720591,0.594125454966573,KAZ
6423,2004,20085.671066,12804.190441,0.6106949116135723,KAZ
6424,2005,27845.949112,17384.960035,0.6156398276563698,KAZ
6425,2006,38249.625563,23708.822611,0.617343182249857,KAZ
6426,2007,47755.225765,32804.211922,0.5927949242960808,KAZ
6427,2008,71181.213119,37926.914215,0.6523914841018327,KAZ
6428,2009,43194.729242,28391.38025,0.603395400986656,KAZ
6429,2010,56952.13015,23660.464995,0.7064917094848354,KAZ
6430,2011,88117.917079,38072.983273,0.6982905806456862,KAZ
6431,2012,92285.39357,44537.88407,0.6744860608646943,KAZ
6432,2013,82366.549542,49073.576282,0.6266469164240596,KAZ
6433,2014,79433.4728,41486.024878,0.6569120309408304,KAZ
6434,2015,46388.820583,32051.494467,0.5913900339822767,KAZ
6435,2016,36736.906559,25376.739948,0.5914466244524845,KAZ
6436,2017,48348.332338,29139.332277,0.6239487611121108,KAZ
6437,2018,60653.91031,32270.603138,0.6527223878760642,KAZ
6438,2019,57722.940887,38356.657549,0.6007824952083878,KAZ
6439,2020,41874.38671,22157.911399,0.6539572676076479,KAZ
6440,2021,53068.759299,27751.611666,0.6566260296179773,KAZ
6441,2022,76139.804998,30952.133479,0.7109760648730106,KAZ
6442,1948,111.9,171.3,0.39512711864406774,KEN
6443,1949,50.1,194.8,0.2045732952225398,KEN
6444,1950,55.0,93.3,0.37086985839514497,KEN
6445,1951,73.5,145.4,0.33576975788031066,KEN
6446,1952,81.1,163.9,0.3310204081632653,KEN
6447,1953,62.2,142.5,0.3038593063019053,KEN
6448,1954,62.5,167.3,0.2719756309834639,KEN
6449,1955,77.5,199.8,0.279480706815723,KEN
6450,1956,90.6,235.8,0.2775735294117647,KEN
6451,1957,85.9,244.9,0.2596735187424426,KEN
6452,1958,89.7,214.1,0.29526003949967083,KEN
6453,1959,104.7,219.1,0.32334774552192713,KEN
6454,1960,109.7,249.6,0.305315892012246,KEN
6455,1961,114.5,243.3,0.3200111794298491,KEN
6456,1962,121.7,252.7,0.3250534188034188,KEN
6457,1963,139.8,268.3,0.34256309728007844,KEN
6458,1964,146.4,212.5,0.4079130677068822,KEN
6459,1965,141.3,246.7,0.3641752577319588,KEN
6460,1966,171.9,314.8,0.35319498664475035,KEN
6461,1967,165.3,298.9,0.3560965101249462,KEN
6462,1968,251.464,355.658,0.4141902286525607,KEN
6463,1969,271.876,361.568,0.4292028971779668,KEN
6464,1970,303.137,443.495,0.40600590384553564,KEN
6465,1971,315.831,569.49,0.3567417919602043,KEN
6466,1972,359.695,539.717,0.399922393741689,KEN
6467,1973,472.386,616.406,0.4338624824576228,KEN
6468,1974,600.47,1026.32,0.36911340738509585,KEN
6469,1975,599.015,938.601,0.3895738597933424,KEN
6470,1976,787.322,972.859,0.44729604512263227,KEN
6471,1977,1183.894,1289.105,0.47872805447960154,KEN
6472,1978,1019.854,1711.785,0.37334874776645083,KEN
6473,1979,1102.491,1659.749,0.3991293298192771,KEN
6474,1980,1387.452,2588.343,0.3489747333552157,KEN
6475,1981,1172.761,2045.554,0.3644021794013327,KEN
6476,1982,993.267,1602.986,0.3825771217211882,KEN
6477,1983,968.281,1379.11,0.4124924224383582,KEN
6478,1984,1079.035,1500.702,0.4182732580879369,KEN
6479,1985,952.757998012944,1436.07311843338,0.39883857483834484,KEN
6480,1986,1193.6242770585,1613.1771215112,0.4252613945777394,KEN
6481,1987,956.321186869442,1739.19569074098,0.3547821179725729,KEN
6482,1988,1066.21848076587,1988.74182260764,0.34901222107157126,KEN
6483,1989,964.392620677677,2147.67291459332,0.309888275085344,KEN
6484,1990,1116.203,2048.285,0.3527278346449726,KEN
6485,1991,1009.475,2178.172,0.3166834345208237,KEN
6486,1992,1333.783,1883.18663638574,0.41460851383679914,KEN
6487,1993,1280.33908415898,1906.1536458932,0.4018019787347872,KEN
6488,1994,1618.648244,2142.478659,0.43036257104457504,KEN
6489,1995,1826.001106,3249.14334715131,0.3597929325669107,KEN
6490,1996,1994.4761847003,2750.59776222303,0.4203256275897456,KEN
6491,1997,1948.74222389587,3246.50989858568,0.3751006068527506,KEN
6492,1998,1916.640043,3301.775966,0.36728387305543386,KEN
6493,1999,2029.21948083258,3100.42927235835,0.39558643846136476,KEN
6494,2000,1765.969257,3253.005205,0.3518585859263932,KEN
6495,2001,1821.110766,3528.963892,0.34038978564100625,KEN
6496,2002,2045.694255,3261.005586,0.38549273866872924,KEN
6497,2003,2408.879265,3709.480311,0.39371325517531175,KEN
6498,2004,2721.276976,922.936956,0.7467390846910357,KEN
6499,2005,3617.696132,6396.275571,0.36126486466066265,KEN
6500,2006,3474.359767,7181.091726,0.32606405925478127,KEN
6501,2007,4047.312374,8914.460227,0.31224991354097276,KEN
6502,2008,5218.138733,11619.602435,0.30990728987549904,KEN
6503,2009,4314.940685,9867.962102,0.30423537055863203,KEN
6504,2010,4961.68689,11468.615417,0.3019839073737622,KEN
6505,2011,5667.648216,14556.795538,0.2802375326084827,KEN
6506,2012,5794.377722,16027.413161,0.26553172253676205,KEN
6507,2013,5567.873521,16098.863388,0.25697794478167124,KEN
6508,2014,5806.100218,18070.206357,0.24317413582213562,KEN
6509,2015,6277.444501,17340.089412,0.26579593466973506,KEN
6510,2016,5694.754419,14101.181671,0.2876729038278078,KEN
6511,2017,5745.336992,16681.617237,0.2561799936511566,KEN
6512,2018,6051.032054,17425.820766,0.25774460062402865,KEN
6513,2019,6342.649317,17798.421754,0.26273272210441606,KEN
6514,2020,6025.594945,15549.050123,0.27929057122414946,KEN
6515,2021,6749.953873,19570.927199,0.25644862930445594,KEN
6516,2022,7373.534869,21115.328883,0.2588216551276938,KEN
6517,2000,1.155449,47.000078,0.02399410975192941,KIR
6518,2001,1.056411,41.109544,0.025053648138646453,KIR
6519,2002,1.109128,74.698115,0.014630897472422258,KIR
6520,2003,3.464245,52.668726,0.061714976746910476,KIR
6521,2004,9.45916,57.51557,0.14123476123009382,KIR
6522,2005,3.563486,76.076439,0.04474496931030511,KIR
6523,2006,10.18648,64.582354,0.1362396530083644,KIR
6524,2007,10.4387,72.944829,0.12518899266064887,KIR
6525,2008,7.517742,76.863964,0.08909208353763315,KIR
6526,2009,7.098195,71.517613,0.09028966540673346,KIR
6527,2010,3.893955,79.677187,0.046594493108637905,KIR
6528,2011,8.621568,98.601824,0.08040752898397395,KIR
6529,2012,5.834551,113.475994,0.04890222402386981,KIR
6530,2013,6.91133,102.225777,0.06332704054543062,KIR
6531,2014,10.419099,122.060759,0.07864666491414868,KIR
6532,2015,11.685908,113.161815,0.09360129058981716,KIR
6533,2016,11.542219,123.848516,0.08525117320620203,KIR
6534,2017,17.174468,115.54276,0.12940647012308004,KIR
6535,2018,14.233922,115.025584,0.110118957131091,KIR
6536,2019,19.46442,114.471596,0.1453262578752529,KIR
6537,2020,10.27552,110.45046,0.08511440536659963,KIR
6538,2021,9.360254,176.725538,0.05030074515307434,KIR
6539,2022,12.516083,186.892096,0.0627661466182889,KIR
6540,1981,672.290452067697,1006.3229,0.400503457952111,PRK
6541,1982,718.928399316773,1010.15939633172,0.4157847861317762,PRK
6542,1983,636.181056803319,973.697224586206,0.3951733892914039,PRK
6543,1984,662.691008434803,821.845001911586,0.4463960482037592,PRK
6544,1985,646.752158491239,862.228646847103,0.42860197837057634,PRK
6545,1986,667.353603974104,847.921988034185,0.44041731252967564,PRK
6546,1987,786.702726772552,1175.01695844789,0.40102708490899847,PRK
6547,1988,967.042911151521,1390.60144462018,0.41017336172189117,PRK
6548,1989,864.79029439134,1251.47613878332,0.40863961211823796,PRK
6549,1990,923.627103963304,1325.77475811677,0.41061009130187376,PRK
6550,1991,687.582594711667,1504.25282131645,0.3137017449775739,PRK
6551,1992,845.630309374062,1395.18986484223,0.3773753552847292,PRK
6552,1993,886.602492830339,1527.89920086284,0.3671989525400612,PRK
6553,1994,846.825990443239,1262.07842616603,0.4015478291826899,PRK
6554,1995,827.79294391186,1547.99367823074,0.3484289945051193,PRK
6555,1996,1017.16272571755,1983.43425317797,0.3389867859201652,PRK
6556,1997,881.274134540614,1459.77766671664,0.3764436712025461,PRK
6557,1998,880.687645143596,1170.60574905172,0.42933285293841317,PRK
6558,1999,784.085072012751,1223.86049721391,0.39049119858101183,PRK
6559,2000,1143.076451,1940.627662,0.37068292193830205,PRK
6560,2001,1038.555281,3162.302077,0.2472246002407588,PRK
6561,2002,944.018799,2137.870413,0.30631172442028715,PRK
6562,2003,899.534979,1984.264001,0.3119270744037783,PRK
6563,2004,1242.713244,2444.099788,0.3370697763118897,PRK
6564,2005,1723.829757,3206.793026,0.3496170428902997,PRK
6565,2006,1185.277606,3731.634399,0.2410613825902707,PRK
6566,2007,2392.462872,3400.1557,0.41301923167607457,PRK
6567,2008,1896.971586,4591.888343,0.2923428162660837,PRK
6568,2009,1396.606589,3199.530271,0.3038653181010802,PRK
6569,2010,2019.376685,3862.505528,0.3433215103384458,PRK
6570,2011,3731.883261,4122.930763,0.475107780985955,PRK
6571,2012,3017.033045,4466.026036,0.4031817753063655,PRK
6572,2013,3402.455069,5108.308906,0.3997825669933468,PRK
6573,2014,3753.999676,4726.665114,0.44265393916129536,PRK
6574,2015,2974.103545,4309.377256,0.40833546847431307,PRK
6575,2016,3467.175676,4039.404235,0.4618848686229619,PRK
6576,2017,1858.490954,3856.771565,0.3251803303560552,PRK
6577,2018,654.087875,2968.097808,0.18057822879424154,PRK
6578,2019,424.726318,3471.107718,0.10902063950241642,PRK
6579,2020,198.10456,1022.252075,0.1623333329932688,PRK
6580,2021,182.107743,725.076685,0.2007394939543649,PRK
6581,2022,310.066697,1768.109477,0.14920135303216114,PRK
6582,1949,10.7,135.6,0.07313738892686261,KOR
6583,1955,18.0,339.4,0.05036373810856184,KOR
6584,1956,24.5,385.6,0.059741526456961715,KOR
6585,1957,22.2,440.2,0.04801038062283737,KOR
6586,1958,16.7,373.5,0.042798564838544335,KOR
6587,1959,19.2,275.1,0.06523955147808358,KOR
6588,1960,31.7,279.2,0.10196204567385012,KOR
6589,1961,38.2,297.4,0.11382598331346844,KOR
6590,1962,55.1,416.3,0.11688587187102248,KOR
6591,1963,86.6,559.9,0.1339520494972931,KOR
6592,1964,116.4,403.8,0.223760092272203,KOR
6593,1965,171.4,454.4,0.2738894215404283,KOR
6594,1966,249.1,716.4,0.25800103573278094,KOR
6595,1967,319.4,995.9,0.24283433437238652,KOR
6596,1968,454.9,1468.0,0.23656976441832647,KOR
6597,1969,622.6,1823.4,0.2545380212591987,KOR
6598,1970,842.0,1985.3,0.2978106320517808,KOR
6599,1971,1073.6,2394.2,0.30959109521887074,KOR
6600,1972,1628.6,2522.0,0.39237700573411066,KOR
6601,1973,3227.7,4241.5,0.4321346328924115,KOR
6602,1974,4466.6,6859.4,0.3943669433162635,KOR
6603,1975,5084.0,7279.7,0.4112037658629698,KOR
6604,1976,7714.4,8693.7,0.4701580317038536,KOR
6605,1977,10048.1,10805.8,0.48183313432978964,KOR
6606,1978,12593.4,14974.9,0.45680727502239893,KOR
6607,1979,15036.2,20175.6,0.42702162343305367,KOR
6608,1980,17439.3,22062.8,0.441477794851413,KOR
6609,1981,21270.5,26153.5,0.4485176282051282,KOR
6610,1982,21827.1,24250.2,0.4737061416359031,KOR
6611,1983,24459.3,26195.8,0.4828595738632438,KOR
6612,1984,29259.3,30627.9,0.4885735182142428,KOR
6613,1985,30291.1,31058.0,0.49374970455964307,KOR
6614,1986,34799.0,31733.5,0.5230376131965581,KOR
6615,1987,47315.5,41026.4,0.5355952271798546,KOR
6616,1988,60704.4,51812.260311,0.5395147690325229,KOR
6617,1989,60526.370785,60209.6212425,0.501311744481413,KOR
6618,1990,67813.912,74404.912,0.47682796195811605,KOR
6619,1991,72369.776,81825.597,0.469338181762432,KOR
6620,1992,77326.079,82950.768,0.4824532079795655,KOR
6621,1993,85816.0,86630.2,0.4976392637239904,KOR
6622,1994,101362.499,102348.0,0.49758112369063506,KOR
6623,1995,131342.911,135110.4,0.4929303017743322,KOR
6624,1996,137698.682,150156.8,0.4783604642276711,KOR
6625,1997,144120.401,144635.402,0.499108241298271,KOR
6626,1998,132837.362569,93371.462941,0.5872333330475104,KOR
6627,1999,143918.4,119740.8,0.5458500973984598,KOR
6628,2000,172240.102909,160479.435777,0.5176735444790018,KOR
6629,2001,150427.960477,141097.754751,0.5160023717268011,KOR
6630,2002,161989.103519,151372.284099,0.516940216375577,KOR
6631,2003,193817.445999,178826.404017,0.5201144363194996,KOR
6632,2004,253844.644987,224462.689028,0.5307145154061954,KOR
6633,2005,284407.98935,261235.882202,0.5212337280377496,KOR
6634,2006,325433.226007,309382.00601,0.5126424345127956,KOR
6635,2007,371424.185023,356843.863983,0.510010270984633,KOR
6636,2008,421946.590998,435273.789995,0.49222650365501003,KOR
6637,2009,363513.275034,323084.068001,0.529441715324945,KOR
6638,2010,466379.95585,425174.053304,0.5231090332850954,KOR
6639,2011,555380.215594,524322.618005,0.5143824747988642,KOR
6640,2012,547850.942371,519583.988471,0.5132405981307463,KOR
6641,2013,559607.964833,515585.344894,0.5204719558523748,KOR
6642,2014,572642.483822,525511.92216,0.521458986735046,KOR
6643,2015,526735.576122,436498.357753,0.5468407596511805,KOR
6644,2016,495836.363718,406031.714797,0.549788129251049,KOR
6645,2017,562014.085,472574.051,0.5432249466661195,KOR
6646,2018,605703.560745,534719.583495,0.5311217716022876,KOR
6647,2019,542600.939,502757.987,0.5190570678687638,KOR
6648,2020,512644.773,467645.458,0.5229520368442803,KOR
6649,2021,644399.39,615093.273,0.5116340959582072,KOR
6650,2022,683583.612,731369.605,0.4831139318155987,KOR
6651,2008,223.905317,2166.238089,0.09367861210249072,XKX
6652,2009,205.108213,2365.778645,0.07978111224994251,XKX
6653,2010,390.404102,2849.751652,0.12048930102142245,XKX
6654,2011,445.30642,3471.05469,0.11370412673717925,XKX
6655,2012,354.293476,3217.175524,0.09920105032411033,XKX
6656,2013,389.937373,3253.006579,0.10703908106681737,XKX
6657,2014,430.04968,3364.991956,0.11331883052889911,XKX
6658,2015,360.933064,2918.015157,0.11007586569632508,XKX
6659,2016,342.485688,3088.06926,0.09983390244183897,XKX
6660,2017,428.326279,3456.642507,0.11025218028611466,XKX
6661,2018,425.769107,3942.134364,0.09747676656016468,XKX
6662,2019,428.926633,3910.400426,0.0988463481014603,XKX
6663,2020,544.264821,3780.742081,0.12584137628735742,XKX
6664,2021,885.544653,5491.501878,0.13886438631037173,XKX
6665,2022,967.840058,5924.073269,0.14043125792199912,XKX
6666,1959,,261.2,,KWT
6667,1963,,323.8,,KWT
6668,1964,,322.5,,KWT
6669,1966,,461.6,,KWT
6670,1967,,593.6,,KWT
6671,1968,,612.5,,KWT
6672,1969,,646.3,,KWT
6673,1970,,621.9,,KWT
6674,1971,,650.4,,KWT
6675,1972,,797.4,,KWT
6676,1973,3324.2,1064.2,0.7574970376446997,KWT
6677,1974,10326.0,1555.9,0.8690529292453227,KWT
6678,1975,8643.9,2387.9,0.7835439366195907,KWT
6679,1976,9682.0,3324.2,0.7444142024572895,KWT
6680,1977,9683.7,4842.6,0.6666322463393982,KWT
6681,1978,10362.6,4603.8,0.6923909557408595,KWT
6682,1979,18443.9,5198.3,0.7801262149884529,KWT
6683,1980,20255.3,6533.4,0.7561135852057025,KWT
6684,1981,16123.6,7037.9,0.6961379876087473,KWT
6685,1982,10858.7,8284.5,0.5672353629487233,KWT
6686,1983,11532.4,7373.4,0.6099927006527097,KWT
6687,1984,12245.8,6902.2,0.6395341550031335,KWT
6688,1985,11051.3386004006,6309.80380270477,0.6365559560426081,KWT
6689,1986,7515.87131060286,6053.01198635585,0.5539049268916216,KWT
6690,1987,10472.8392155565,5722.42303210058,0.646660674918776,KWT
6691,1988,8508.34214029813,6385.99358311001,0.571246834924387,KWT
6692,1989,11262.3954394053,6493.6237590959,0.6342860589132483,KWT
6693,1990,8350.87257976335,4049.0,0.6734643865124883,KWT
6694,1991,827.71919754153,3490.6,0.19167624246321582,KWT
6695,1992,4547.75505493428,7259.1,0.38517920595914307,KWT
6696,1993,8971.1909804194,7031.95583245709,0.5605891819477017,KWT
6697,1994,9566.24311506479,6726.41317809092,0.5871506120879393,KWT
6698,1995,12944.424,7771.34815799458,0.6248583881535171,KWT
6699,1996,13687.8715357957,8373.79696316872,0.6204368240071332,KWT
6700,1997,14472.5150346982,8214.54459408956,0.6379193809820083,KWT
6701,1998,10234.6742790994,8617.23655056885,0.5428985088870966,KWT
6702,1999,12729.2469243864,7615.61725124939,0.6256737235744462,KWT
6703,2000,14747.194946,7935.830806,0.6501423181913777,KWT
6704,2001,12063.800853,8702.276387,0.5809378783279534,KWT
6705,2002,10791.633893,9990.290039,0.5192798283888936,KWT
6706,2003,12382.711534,12258.663884,0.5025170601862871,KWT
6707,2004,16321.510744,15614.277795,0.5110727334654086,KWT
6708,2005,22408.003786,18494.96739,0.5478331559235969,KWT
6709,2006,24743.926244,19161.638249,0.5635715319853136,KWT
6710,2007,26951.129791,23740.911145,0.5316639317210861,KWT
6711,2008,55810.476677,27252.143829,0.6719084509616278,KWT
6712,2009,33446.421709,19516.511919,0.6315062142123832,KWT
6713,2010,55823.688799,25270.879364,0.6883776566488947,KWT
6714,2011,80756.456316,43730.163224,0.6487159552922984,KWT
6715,2012,97908.598914,39750.245438,0.7112408895693125,KWT
6716,2013,95777.635665,32557.073209,0.7463112396119994,KWT
6717,2014,85016.60169,34547.734014,0.7110531847930953,KWT
6718,2015,54129.41844,30956.928455,0.6361704364484927,KWT
6719,2016,46160.318912,30668.778785,0.6008181834185781,KWT
6720,2017,54985.118002,33561.949187,0.6209705159927723,KWT
6721,2018,71759.03364,35579.729611,0.668528604826565,KWT
6722,2019,64357.821079,33470.280628,0.6578663998996409,KWT
6723,2020,40014.145534,21017.6571538,0.6556277837423056,KWT
6724,2021,68303.554689,31863.859569,0.6818939591778954,KWT
6725,2022,100240.734884,35918.239035,0.736203659581281,KWT
6726,1992,314.9,418.4,0.4294286103913814,KGZ
6727,1993,360.07,447.11,0.4460838970242077,KGZ
6728,1994,339.17,316.41,0.5173586747612801,KGZ
6729,1995,483.305,391.513,0.5524634838332088,KGZ
6730,1996,505.933,795.2,0.3888403414562539,KGZ
6731,1997,609.469,709.353,0.4621313566197713,KGZ
6732,1998,508.843,841.1,0.3769366558439875,KGZ
6733,1999,454.0,610.5,0.42649131047440114,KGZ
6734,2000,509.099993,556.56162,0.4777313800079613,KGZ
6735,2001,476.031985,464.654777,0.506047288247052,KGZ
6736,2002,485.243598,587.146302,0.4524880344359826,KGZ
6737,2003,581.427007,711.93561,0.4495467855323052,KGZ
6738,2004,718.887215,942.729654,0.43264318532866314,KGZ
6739,2005,633.817095,1111.570034,0.36313840320521806,KGZ
6740,2006,796.062988,1710.517512,0.3175892368108664,KGZ
6741,2007,323.601628,2619.38484,0.10995688614902595,KGZ
6742,2008,1617.250995,4071.495038,0.28428954036943205,KGZ
6743,2009,1178.872964,3048.395707,0.27887344187213126,KGZ
6744,2010,1578.698277,3413.91866,0.31620657000547286,KGZ
6745,2011,1979.568418,4471.052131,0.306880307555353,KGZ
6746,2012,1686.200622,5626.358715,0.23058966694029848,KGZ
6747,2013,1777.372647,6205.93743,0.22263605319811253,KGZ
6748,2014,1821.393792,5915.82099,0.23540690588521912,KGZ
6749,2015,1442.287053,4190.184884,0.25606644278607793,KGZ
6750,2016,1422.605985,3997.400596,0.2624731102701958,KGZ
6751,2017,1758.142864,4642.550515,0.2746800635331605,KGZ
6752,2018,1712.329134,4824.040423,0.2619694494119008,KGZ
6753,2019,1965.546476,4903.812492,0.28613244484037564,KGZ
6754,2020,1964.274328,3684.106961,0.3477588051333126,KGZ
6755,2021,1659.435979,5570.1247,0.2295348296640253,KGZ
6756,2022,2186.737223,9629.074627,0.1850687240758662,KGZ
6757,1955,1.3,18.7,0.065,LAO
6758,1956,1.3,35.1,0.03571428571428572,LAO
6759,1957,0.8,41.7,0.018823529411764708,LAO
6760,1958,1.4,27.1,0.04912280701754386,LAO
6761,1959,14.3,26.9,0.3470873786407767,LAO
6762,1960,18.5,31.3,0.3714859437751004,LAO
6763,1961,,16.6,,LAO
6764,1962,0.491,24.4,0.01972600538347194,LAO
6765,1963,0.59,28.8,0.020074855392990813,LAO
6766,1964,0.49,24.1,0.019926799511996746,LAO
6767,1965,0.4,28.8,0.013698630136986302,LAO
6768,1967,4.438,49.192,0.08275219093790788,LAO
6769,1968,6.039,53.704,0.10108297206367273,LAO
6770,1969,4.307,82.792,0.04944947703188326,LAO
6771,1970,3.436,54.762,0.05903982954740713,LAO
6772,1971,3.065,41.128,0.06935487520648066,LAO
6773,1972,3.023,45.302,0.06255561303673048,LAO
6774,1973,5.063,56.359,0.0824297482986552,LAO
6775,1974,11.322,64.784,0.148766194518172,LAO
6776,1981,15.1027272727273,72.1215,0.17314830689763558,LAO
6777,1982,24.21,76.098,0.24135662160545523,LAO
6778,1983,24.0027272727272,26.1242572837394,0.47883844370667905,LAO
6779,1984,11.3818181818182,40.4906293496331,0.21941933961988544,LAO
6780,1985,16.5547600440534,54.0113157799046,0.2345994141059048,LAO
6781,1986,14.1186568535853,60.0971043121017,0.19023798492163058,LAO
6782,1987,23.2522010039035,79.8164087078652,0.22559924955743818,LAO
6783,1988,55.862563276644,102.021984800542,0.3538190656208746,LAO
6784,1989,95.3512937257536,128.737910561509,0.425505967719541,LAO
6785,1990,64.4172250113462,148.595907786195,0.30240964097068934,LAO
6786,1991,82.1069622136048,154.274450110265,0.3473494866047622,LAO
6787,1992,103.448610403321,258.363582057857,0.2859179777763318,LAO
6788,1993,240.5,431.9,0.357674003569304,LAO
6789,1994,300.4,564.1,0.34748409485251586,LAO
6790,1995,311.2,588.8,0.34577777777777774,LAO
6791,1996,320.7,689.6,0.31743046619815896,LAO
6792,1997,192.11,408.51,0.31985281875395427,LAO
6793,1998,370.799279495905,644.57084577991,0.3651863200083626,LAO
6794,1999,462.528708287483,808.877443306851,0.363793039468525,LAO
6795,2000,609.10025,1024.780252,0.372793634084263,LAO
6796,2001,600.401515,843.481373,0.4158242472363174,LAO
6797,2002,582.006659,1030.945664,0.36083314472525796,LAO
6798,2003,626.582352,985.742002,0.3886205343518616,LAO
6799,2004,710.093427,1669.746917,0.29837859871157807,LAO
6800,2005,730.423021,1420.844366,0.3395314898621665,LAO
6801,2006,819.353179,1369.14915,0.37438990497871205,LAO
6802,2007,794.602966,2179.268899,0.26719475554808414,LAO
6803,2008,952.636877,3408.738235,0.2184258066633366,LAO
6804,2009,921.681416,3793.988993,0.19545077074108974,LAO
6805,2010,1344.708375,5211.907384,0.20509183768381933,LAO
6806,2011,2009.533609,8271.735664,0.1954557901014524,LAO
6807,2012,2534.857847,10091.086625,0.20076580034241737,LAO
6808,2013,2676.311582,8409.772455,0.2414118071870791,LAO
6809,2014,2177.998944,9738.717083,0.18276838510418925,LAO
6810,2015,2523.224743,7189.876619,0.25977539500117497,LAO
6811,2016,3611.481185,4107.068452,0.4678963477397146,LAO
6812,2017,4909.733653,5159.709476,0.48758740578810816,LAO
6813,2018,5814.806367,5848.036262,0.4985753946933412,LAO
6814,2019,5809.346172,5797.444599,0.5005126986965999,LAO
6815,2020,5086.886927,5013.635862,0.503626102654794,LAO
6816,2021,6256.847925,6174.934113,0.5032945321816943,LAO
6817,2022,7850.08568,4274.135583,0.6474713311242876,LAO
6818,1948,6362.6,6416.03,0.4979094003034754,Latin America and the Caribbean (LAC)
6819,1949,3123.2,4030.68,0.4365742785733057,Latin America and the Caribbean (LAC)
6820,1950,3651.6,3924.57,0.48198496073873737,Latin America and the Caribbean (LAC)
6821,1951,6604.7,6764.04,0.4940405752524172,Latin America and the Caribbean (LAC)
6822,1952,7216.5,8170.29,0.4690062059727857,Latin America and the Caribbean (LAC)
6823,1953,7790.7,7102.41,0.5231076652223746,Latin America and the Caribbean (LAC)
6824,1954,8167.2,7987.45,0.5055634136301312,Latin America and the Caribbean (LAC)
6825,1955,8163.5,8197.21,0.49896978798597375,Latin America and the Caribbean (LAC)
6826,1956,8778.6,8469.94,0.5089474239558827,Latin America and the Caribbean (LAC)
6827,1957,8748.6,9800.29,0.4716508642835232,Latin America and the Caribbean (LAC)
6828,1958,7761.202,8805.671,0.46847718335258565,Latin America and the Caribbean (LAC)
6829,1959,8698.996,8790.553,0.4973825225567566,Latin America and the Caribbean (LAC)
6830,1960,9193.629,9161.555,0.5008737041263112,Latin America and the Caribbean (LAC)
6831,1961,9429.993,9628.805,0.49478424609988514,Latin America and the Caribbean (LAC)
6832,1962,9854.357,9615.571,0.5061321747055254,Latin America and the Caribbean (LAC)
6833,1963,10510.406,9654.8,0.5212149084913886,Latin America and the Caribbean (LAC)
6834,1964,11314.963,10335.75,0.522613874194351,Latin America and the Caribbean (LAC)
6835,1965,11876.282,10770.407,0.5244158207851046,Latin America and the Caribbean (LAC)
6836,1966,12606.312,11866.194,0.5151214182969247,Latin America and the Caribbean (LAC)
6837,1967,12587.762,12467.574,0.5023984511722372,Latin America and the Caribbean (LAC)
6838,1968,13119.577,13550.001,0.49193043099519607,Latin America and the Caribbean (LAC)
6839,1969,14356.19,14470.567,0.49801613133242845,Latin America and the Caribbean (LAC)
6840,1970,16112.839,16648.939,0.49181820962220063,Latin America and the Caribbean (LAC)
6841,1971,13130.554,18672.58,0.41286981339637785,Latin America and the Caribbean (LAC)
6842,1972,18613.805,20927.986,0.47073752931423873,Latin America and the Caribbean (LAC)
6843,1973,26990.342,27782.302,0.4927704786352837,Latin America and the Caribbean (LAC)
6844,1974,44736.576,49396.273,0.47524935742675756,Latin America and the Caribbean (LAC)
6845,1975,41638.843,52531.902,0.44216325356669955,Latin America and the Caribbean (LAC)
6846,1976,47619.984,54324.873,0.4671151189117858,Latin America and the Caribbean (LAC)
6847,1977,55687.642,59910.979,0.48173275354210326,Latin America and the Caribbean (LAC)
6848,1978,56718.037,64706.158,0.46710655154024283,Latin America and the Caribbean (LAC)
6849,1979,75476.935,80825.326,0.4828908712971209,Latin America and the Caribbean (LAC)
6850,1980,102904.741666672,109158.62188891,0.48525468964232743,Latin America and the Caribbean (LAC)
6851,1981,110519.420794622,119015.306974096,0.4814932444818665,Latin America and the Caribbean (LAC)
6852,1982,99542.5962378963,95175.3664879512,0.5112142446665127,Latin America and the Caribbean (LAC)
6853,1983,98281.996399658,73607.1625137317,0.5717754221438691,Latin America and the Caribbean (LAC)
6854,1984,107061.144792174,75640.3044111727,0.5859895762130215,Latin America and the Caribbean (LAC)
6855,1985,98863.9327291292,73345.972447514,0.5740896995891157,Latin America and the Caribbean (LAC)
6856,1986,81949.9115026723,72812.886884719,0.5295194475454047,Latin America and the Caribbean (LAC)
6857,1987,92074.2205982411,83127.3323470219,0.5255331305596772,Latin America and the Caribbean (LAC)
6858,1988,105599.63263374,91021.2039121054,0.5370724409928839,Latin America and the Caribbean (LAC)
6859,1989,115376.980867634,98526.31728467,0.5393885080980985,Latin America and the Caribbean (LAC)
6860,1990,127252.35861818,111654.308986984,0.5326446511257998,Latin America and the Caribbean (LAC)
6861,1991,140861.238592528,144105.39437668,0.49430783220065183,Latin America and the Caribbean (LAC)
6862,1992,149781.702992713,173029.17177984,0.4639921226267443,Latin America and the Caribbean (LAC)
6863,1993,160210.228384843,193202.895041298,0.45332280485708953,Latin America and the Caribbean (LAC)
6864,1994,188900.603948227,224119.647270037,0.4573640236551038,Latin America and the Caribbean (LAC)
6865,1995,227740.700935279,247536.29728936,0.4791746745287212,Latin America and the Caribbean (LAC)
6866,1996,261392.297657943,285739.436844242,0.47775020378917377,Latin America and the Caribbean (LAC)
6867,1997,288249.245491671,338200.477002397,0.4601314920279185,Latin America and the Caribbean (LAC)
6868,1998,284017.940961587,358723.364446211,0.4418853099559037,Latin America and the Caribbean (LAC)
6869,1999,304587.06905242,351329.486712429,0.464368624904197,Latin America and the Caribbean (LAC)
6870,2000,364775.356688,397356.334669,0.47862509960516897,Latin America and the Caribbean (LAC)
6871,2001,349802.851842,385411.360961,0.4757835821867189,Latin America and the Caribbean (LAC)
6872,2002,352819.268798,360054.306952,0.49492544091959906,Latin America and the Caribbean (LAC)
6873,2003,387697.264039,369764.950929,0.5118371007527799,Latin America and the Caribbean (LAC)
6874,2004,478267.687505,444521.308926,0.5182849918613671,Latin America and the Caribbean (LAC)
6875,2005,576538.941882,526987.683674,0.5224513197327858,Latin America and the Caribbean (LAC)
6876,2006,689031.446643,627378.766851,0.5234169710778688,Latin America and the Caribbean (LAC)
6877,2007,769985.899995,754961.967042,0.504926048056381,Latin America and the Caribbean (LAC)
6878,2008,897379.992797,919335.375496,0.4939573961110844,Latin America and the Caribbean (LAC)
6879,2009,690100.5288,692967.564064,0.49896352345962114,Latin America and the Caribbean (LAC)
6880,2010,876738.60024,894535.360723,0.4949762823608257,Latin America and the Caribbean (LAC)
6881,2011,1075124.419832,1091109.611693,0.49631037283405927,Latin America and the Caribbean (LAC)
6882,2012,1081043.626683,1142028.688708,0.48628360813933447,Latin America and the Caribbean (LAC)
6883,2013,1089364.453234,1174759.577512,0.48114168589742334,Latin America and the Caribbean (LAC)
6884,2014,1067979.063397,1164484.624312,0.4783858610004905,Latin America and the Caribbean (LAC)
6885,2015,912889.310894,1042156.47586,0.466940118271955,Latin America and the Caribbean (LAC)
6886,2016,871166.622011,942382.075188,0.4803657179741048,Latin America and the Caribbean (LAC)
6887,2017,976444.353186,1018371.91642,0.48949087094565324,Latin America and the Caribbean (LAC)
6888,2018,1062052.077259,1124653.819468,0.4856858340431833,Latin America and the Caribbean (LAC)
6889,2019,1028533.62135,1084583.429984,0.48673764697544414,Latin America and the Caribbean (LAC)
6890,2020,943573.322195,926757.707053,0.5044953580085663,Latin America and the Caribbean (LAC)
6891,2021,1196303.186165,1281237.664981,0.4828591163740624,Latin America and the Caribbean (LAC)
6892,2022,1391005.023366,1542899.082966,0.47411400405483944,Latin America and the Caribbean (LAC)
6893,1989,,0.003,,LVA
6894,1992,951.237369213448,911.017918713336,0.5107985867353577,LVA
6895,1993,1040.35870505375,1057.42765747219,0.4959316752355356,LVA
6896,1994,989.721,1365.7215,0.4201847423573277,LVA
6897,1995,1283.6806700758,1810.35174523726,0.4148892118009419,LVA
6898,1996,1424.0035457752,2311.30820924725,0.38122749563286223,LVA
6899,1997,1670.10322738246,2720.76360361322,0.3803584330075765,LVA
6900,1998,1811.27410553915,3191.43732760994,0.36205848163402765,LVA
6901,1999,1723.18100082409,2946.24646705945,0.3690347505505075,LVA
6902,2000,1864.261691,3182.511389,0.36939677323474984,LVA
6903,2001,1998.671917,3501.089345,0.3634106685338517,LVA
6904,2002,2286.124395,4057.297791,0.3603929122115663,LVA
6905,2003,2895.529517,5246.80193,0.35561430234663843,LVA
6906,2004,3882.817371,6916.884164,0.35953006279075844,LVA
6907,2005,5129.393098,8660.233352,0.3719747678879292,LVA
6908,2006,6141.373245,11578.889818,0.34657348049325626,LVA
6909,2007,8282.978614,15343.207983,0.3505846607954816,LVA
6910,2008,10063.20896,16184.364367,0.38339578423611126,LVA
6911,2009,7684.715422,9810.039459,0.43925825050260675,LVA
6912,2010,9492.192192,11677.698011,0.4483817393939461,LVA
6913,2011,13018.228553,16290.979472,0.4441685541927911,LVA
6914,2012,13974.480444,17227.16851,0.4478763434779461,LVA
6915,2013,14331.64012,17868.813779,0.44507571740922186,LVA
6916,2014,14629.966146,17963.678649,0.4488594705506608,LVA
6917,2015,12241.054537,14598.195348,0.45608780384884445,LVA
6918,2016,12245.527826,14414.795361,0.4593165559212393,LVA
6919,2017,13921.286633,16820.066935,0.45285210367221007,LVA
6920,2018,15653.835456,18755.91196,0.4549244511083278,LVA
6921,2019,15623.167421,18290.032622,0.4606810150970925,LVA
6922,2020,16304.794466,18140.574233,0.473352299070422,LVA
6923,2021,20787.410253,23764.782301,0.46658557214225493,LVA
6924,2022,24035.169686,28770.928043,0.4551589820052238,LVA
6925,1950,46.1,161.0,0.22259777885079673,LBN
6926,1951,24.6,143.1,0.14669051878354206,LBN
6927,1952,20.3,153.8,0.11659965537047673,LBN
6928,1953,24.1,163.6,0.12839637719765584,LBN
6929,1954,33.8,221.9,0.1321861556511537,LBN
6930,1955,35.7,240.1,0.12944162436548223,LBN
6931,1956,43.8,255.4,0.1463903743315508,LBN
6932,1957,46.4,285.0,0.14001207000603502,LBN
6933,1958,34.5,235.1,0.1279673590504451,LBN
6934,1959,40.2,260.7,0.13359920239282155,LBN
6935,1960,42.3,311.0,0.11972827625247663,LBN
6936,1961,40.6,332.2,0.10890557939914162,LBN
6937,1963,60.4,386.1,0.13527435610302352,LBN
6938,1964,67.2,430.8,0.13493975903614458,LBN
6939,1965,103.6,489.8,0.1745871250421301,LBN
6940,1966,102.3,532.6,0.16112773665144117,LBN
6941,1967,114.73,452.77,0.20216740088105728,LBN
6942,1968,142.78,507.76,0.21947920189381132,LBN
6943,1969,161.1,502.81,0.2426533716919462,LBN
6944,1970,183.25,534.71,0.2552370605604769,LBN
6945,1971,244.0,645.87,0.27419735466978323,LBN
6946,1972,354.44,859.81,0.2919003500102944,LBN
6947,1973,608.36,1252.66,0.3268960032670256,LBN
6948,1981,813.996753628648,3706.72796222655,0.18005890754059373,LBN
6949,1982,718.481863947452,3377.27488015502,0.1754210293328583,LBN
6950,1983,571.817574828116,3593.43924969799,0.13728266921288182,LBN
6951,1984,433.572650551579,2950.13410947149,0.12813540927187883,LBN
6952,1985,399.836942313792,2065.69087985586,0.1621709309943773,LBN
6953,1986,431.538479050614,2046.2429518464,0.17416325494633605,LBN
6954,1987,500.188740101598,1820.68906293125,0.21551705111228497,LBN
6955,1988,639.228122778376,2370.9931011109,0.212352539974613,LBN
6956,1989,475.747142318809,2245.54834864035,0.17482377194955964,LBN
6957,1990,456.391858842873,2515.28798792382,0.15358042668675959,LBN
6958,1991,552.610099178797,3751.77500425888,0.12838305260778307,LBN
6959,1992,580.566055678296,4119.58611867891,0.12352069340344166,LBN
6960,1993,635.429777980688,4587.00331127056,0.12167312957795903,LBN
6961,1994,638.800468984466,5539.3748122413,0.10339630067240928,LBN
6962,1995,715.653730417171,6769.1730144517,0.09561393400425447,LBN
6963,1996,1153.03848,7559.498471,0.132342449333045,LBN
6964,1997,711.386,7456.718,0.08709316139951205,LBN
6965,1998,718.852,7059.834,0.09241303736903636,LBN
6966,1999,676.56,6206.05,0.09829991819963646,LBN
6967,2000,665.890023,6215.869987,0.096761587447453,LBN
6968,2001,828.140044,7289.9283,0.10201195763670452,LBN
6969,2002,990.894178,6443.613826,0.13328308712114745,LBN
6970,2003,1456.913477,7166.571745,0.16894717616992747,LBN
6971,2004,1692.547879,9394.908547,0.15265429815182752,LBN
6972,2005,1821.943299,9338.506005,0.1632499955308251,LBN
6973,2006,2224.581391,9396.770017,0.19142191926737753,LBN
6974,2007,2742.421267,11814.130612,0.18839772562871515,LBN
6975,2008,3420.255177,16133.819296,0.1749126598511549,LBN
6976,2009,3426.322986,16221.009965,0.1743912517055201,LBN
6977,2010,3849.310317,17958.744011,0.1765086540552936,LBN
6978,2011,5385.360858,20865.921671,0.20514658101183245,LBN
6979,2012,5616.561981,22695.404735,0.1983812017490788,LBN
6980,2013,5168.592021,22799.498114,0.1848031809126605,LBN
6981,2014,4548.655409,22072.986713,0.17086306652890557,LBN
6982,2015,3980.993271,18948.09569,0.17362195583833517,LBN
6983,2016,3929.848308,19361.013783,0.16872919055746602,LBN
6984,2017,4025.689165,19895.77602,0.1682877337933429,LBN
6985,2018,3829.734409,20377.711441,0.15820481155801078,LBN
6986,2019,4828.904397,19619.874854,0.19751106373961347,LBN
6987,2020,4082.604363,11207.444797,0.2670105452427466,LBN
6988,2021,4137.771698,13851.853456,0.23000877798056643,LBN
6989,2022,4485.357762,19488.023834,0.1870974165258517,LBN
6990,2000,213.886559,302.625951,0.4140975385087962,LSO
6991,2001,376.586754,553.785887,0.4047698066392303,LSO
6992,2002,489.88942,694.831995,0.41350600554477185,LSO
6993,2003,738.308417,1053.789893,0.4119798634261309,LSO
6994,2004,962.067086,1187.37972,0.4475882274985688,LSO
6995,2005,630.968545,755.129342,0.45521211086010405,LSO
6996,2006,1239.295459,806.742634,0.6057049784360979,LSO
6997,2007,799.287354,865.127875,0.48022112515770543,LSO
6998,2008,1084.73032,730.313148,0.5976332463239938,LSO
6999,2009,787.701438,807.671946,0.49374111784730645,LSO
7000,2010,584.503256,1196.366769,0.32821219280166164,LSO
7001,2011,1047.352834,1333.348717,0.4399345367587405,LSO
7002,2012,945.63385,1474.605932,0.3907190754539874,LSO
7003,2013,408.058728,1644.710507,0.19878451071973516,LSO
7004,2014,1062.201451,1424.688336,0.4271204363589273,LSO
7005,2015,714.341678,1427.245872,0.33355707451698624,LSO
7006,2016,939.024881,1359.102056,0.40860444472480417,LSO
7007,2017,1030.101022,1825.05626,0.36078608645980714,LSO
7008,2018,1199.109047,1871.785998,0.3904754247307725,LSO
7009,2019,1092.602497,2296.612554,0.3223762672355724,LSO
7010,2020,903.127045,1748.868713,0.34054618763081745,LSO
7011,2021,1066.980451,1829.385388,0.3683859395912451,LSO
7012,2022,1052.899125,1799.225656,0.3691630646786908,LSO
7013,1959,66.9,42.9,0.6092896174863388,LBR
7014,1961,61.9,,,LBR
7015,1966,151.308,112.5,0.5735534934497817,LBR
7016,1967,166.454,144.762,0.5348503932959745,LBR
7017,1968,199.578,108.565,0.6476798109968424,LBR
7018,1969,232.884,114.655,0.6700945793134008,LBR
7019,1970,235.798,149.699,0.6116727237825457,LBR
7020,1971,246.561,162.424,0.6028607406139589,LBR
7021,1972,269.81,178.681,0.601595126769545,LBR
7022,1973,324.042,193.465,0.626159646149714,LBR
7023,1974,400.002,288.421,0.5810410169329032,LBR
7024,1975,394.462,331.209,0.5435824223373953,LBR
7025,1976,457.041,399.219,0.5337642772055217,LBR
7026,1977,446.942,461.282,0.49210547177788744,LBR
7027,1978,486.192,478.456,0.5040097527802888,LBR
7028,1979,536.6,507.149,0.514108276989966,LBR
7029,1980,600.402,534.891,0.528852023222199,LBR
7030,1981,529.157,477.402,0.5257088754856895,LBR
7031,1982,477.422,428.303,0.5271158464213752,LBR
7032,1983,427.01,411.596,0.509190251441082,LBR
7033,1984,450.71,363.184,0.5537699012402106,LBR
7034,1985,435.6,284.4,0.605,LBR
7035,1986,407.956,258.725,0.6119208437018604,LBR
7036,1987,381.962,307.74,0.5538072964845687,LBR
7037,1988,432.494,290.717,0.5980191119880643,LBR
7038,1989,409.986,322.988,0.5593458976716773,LBR
7039,1990,1943.18525140443,4258.63938748801,0.31332476562114725,LBR
7040,1991,487.539025513071,5036.40681501127,0.08825919724564012,LBR
7041,1992,780.505921481975,5767.10069712999,0.11920476701568172,LBR
7042,1993,363.460427532327,5170.53792805435,0.06567772597283242,LBR
7043,1994,612.407394178665,6056.17945272305,0.09183465826244655,LBR
7044,1995,955.39605833143,5682.96005541302,0.1439205794267832,LBR
7045,1996,1029.17891996264,3819.89744062792,0.21224225882004844,LBR
7046,1997,804.55772997915,3783.0799319011,0.17537516893812424,LBR
7047,1998,912.295801488197,5980.36133457297,0.13235763559385919,LBR
7048,1999,564.962835443984,3596.79121620657,0.1357511348417909,LBR
7049,2000,26.358145,908.162259,0.028204996795340168,LBR
7050,2001,26.608413,740.607804,0.03468176559672487,LBR
7051,2002,19.258142,651.369873,0.02871657844475823,LBR
7052,2003,38.14907,584.641378,0.061255066005765066,LBR
7053,2004,44.976303,650.738875,0.06464758053618315,LBR
7054,2005,38.339517,654.75149,0.055316713985296306,LBR
7055,2006,45.741014,601.995276,0.07061672274066967,LBR
7056,2007,49.483192,770.658809,0.0603349077838534,LBR
7057,2008,26.391847,911.260348,0.028146734088325787,LBR
7058,2009,35.543968,805.918505,0.042240704892373734,LBR
7059,2010,23.975637,2113.433289,0.011217150217889564,LBR
7060,2011,19.610448,2890.737259,0.006738180442437424,LBR
7061,2012,18.55453,1839.058633,0.009988371297948216,LBR
7062,2013,27.359853,1714.295532,0.015709108263113718,LBR
7063,2014,27.40145,1537.843115,0.01750617802017412,LBR
7064,2015,25.158807,1212.953138,0.020320300681696435,LBR
7065,2016,20.200486,2225.455463,0.008995361025358922,LBR
7066,2017,40.955855,1383.589136,0.028750130925138326,LBR
7067,2018,476.536805,1156.560945,0.29179931513591273,LBR
7068,2019,321.591639,1032.830671,0.23743823224530317,LBR
7069,2020,443.651472,1100.106261,0.28738412933345936,LBR
7070,2021,245.723982,1479.296603,0.1424469853500328,LBR
7071,2022,277.418248,1719.992102,0.1388889608987958,LBR
7072,1955,11.9,40.0,0.22928709055876687,LBY
7073,1956,10.7,45.7,0.18971631205673756,LBY
7074,1957,12.9,78.0,0.1419141914191419,LBY
7075,1958,14.1,96.3,0.12771739130434784,LBY
7076,1959,11.6,113.0,0.09309791332263243,LBY
7077,1960,11.2,165.0,0.06356413166855845,LBY
7078,1961,21.9,149.2,0.12799532437171243,LBY
7079,1962,141.1,205.6,0.4069800980674935,LBY
7080,1963,337.0,238.5,0.5855777584708949,LBY
7081,1964,624.0,292.2,0.6810740013097577,LBY
7082,1965,796.5,319.8,0.7135178715399086,LBY
7083,1966,995.0,404.5,0.7109682029296177,LBY
7084,1967,1177.8,474.7,0.7127382753403934,LBY
7085,1968,1865.8,640.4,0.7444737052110766,LBY
7086,1969,2167.2,675.6,0.7623469818488814,LBY
7087,1970,2365.6,554.8,0.8100260238323518,LBY
7088,1971,2696.0,701.2,0.7935947250677029,LBY
7089,1972,2308.2,1044.5,0.6884600471261968,LBY
7090,1973,3996.3,1722.9,0.6987515736466638,LBY
7091,1974,8260.8,2762.8,0.7493740701767118,LBY
7092,1975,6098.9,3543.0,0.6325413040998143,LBY
7093,1976,8305.0,3212.0,0.7211079274116523,LBY
7094,1977,9759.4,3782.0,0.7207083462566647,LBY
7095,1978,9906.7,4601.3,0.6828439481665288,LBY
7096,1979,16084.8,5311.1,0.7517701989633527,LBY
7097,1980,21919.0,6776.0,0.7638612998780275,LBY
7098,1981,15575.4,8381.7,0.6501371201021827,LBY
7099,1982,13947.9138041859,8607.83351302226,0.618375157694057,LBY
7100,1983,11391.6157605043,7725.24899496959,0.5958935163383653,LBY
7101,1984,11135.7436810047,7257.63257905969,0.6054214040726483,LBY
7102,1985,10928.8759597137,5603.30543255082,0.6610667824409046,LBY
7103,1986,6729.268,3789.045,0.6397668523459988,LBY
7104,1987,8047.016,4339.429,0.6496630792773875,LBY
7105,1988,6817.51,5910.513,0.5356299246159438,LBY
7106,1989,8616.958,4392.994,0.6623358794867191,LBY
7107,1990,13877.949,5663.056,0.7101962770082706,LBY
7108,1991,11211.712,5339.273,0.6774045170121294,LBY
7109,1992,9941.71512317595,5164.61618990992,0.6581157871576624,LBY
7110,1993,7541.65633894598,5551.11409801499,0.5760168464923083,LBY
7111,1994,7864.9574417655,4322.72265768463,0.6453203052253023,LBY
7112,1995,8510.41236169055,5146.66422443528,0.6231503724842727,LBY
7113,1996,10154.8167144846,5587.37846799797,0.6450699280990091,LBY
7114,1997,9576.27305871424,5533.02531562803,0.6337999833914266,LBY
7115,1998,6032.39221340785,5599.69020147877,0.5185995076588915,LBY
7116,1999,7961.39269857541,4253.31334670527,0.6517874985334914,LBY
7117,2000,10090.03258,2133.442602,0.8254634978813835,LBY
7118,2001,8817.427964,2388.213314,0.7868740168678456,LBY
7119,2002,7605.507693,2985.253811,0.7181266134760463,LBY
7120,2003,10555.034999,3366.296091,0.7581915070306685,LBY
7121,2004,14798.690589,4234.9417,0.777502179526318,LBY
7122,2005,21907.760975,4408.416199,0.8324826524060854,LBY
7123,2006,28741.846221,4989.596544,0.8520787687985513,LBY
7124,2007,34777.648789,7196.865802,0.828542012406187,LBY
7125,2008,47309.710075,9720.884901,0.8295496495330128,LBY
7126,2009,27735.289158,13560.975856,0.6716173762590238,LBY
7127,2010,45843.760868,28409.672089,0.6173958434291923,LBY
7128,2011,18489.552887,7865.941699,0.7015445233504222,LBY
7129,2012,56356.255031,23275.185543,0.7077136194544815,LBY
7130,2013,47354.737651,30159.153508,0.6109193712629368,LBY
7131,2014,31560.505014,20817.418687,0.6025535718858105,LBY
7132,2015,23265.978966,13109.517166,0.6396058182016825,LBY
7133,2016,20880.455644,10657.754278,0.6620685097740596,LBY
7134,2017,20880.755926,9405.868004,0.6894382145154466,LBY
7135,2018,30994.469638,13741.004115,0.692838748263429,LBY
7136,2019,29250.176922,15104.684042,0.6594582033689722,LBY
7137,2020,8443.476355,11099.317974,0.4320506173710549,LBY
7138,2021,30971.613892,14956.275029,0.6743530917624777,LBY
7139,2022,39195.540581,16127.297051,0.7084875299008234,LBY
7140,1992,689.233269213088,610.061498515367,0.5304672090830228,LTU
7141,1993,1158.6908530244,1386.55697514553,0.4552369479311236,LTU
7142,1994,2028.8493,2353.3079,0.4629795800114154,LTU
7143,1995,2705.6764,3648.5583,0.4258068088042136,LTU
7144,1996,3281.1074,4404.3984,0.4269214655982694,LTU
7145,1997,3862.5086,5643.387,0.4063276899443331,LTU
7146,1998,3710.7789,5793.7759,0.3904211168312691,LTU
7147,1999,3003.8417,4834.5802,0.38322021171123744,LTU
7148,2000,3545.325232,5215.631336,0.4046733030214469,LTU
7149,2001,4275.842133,6055.433135,0.41387360437911813,LTU
7150,2002,5245.261288,7545.500857,0.41008199734606193,LTU
7151,2003,6975.168317,9675.130176,0.418921517829392,LTU
7152,2004,9305.754146,12389.398578,0.42893241012798317,LTU
7153,2005,11755.81669,15487.205153,0.4315166194759197,LTU
7154,2006,14142.545181,19411.066419,0.421490996247927,LTU
7155,2007,17159.217911,24455.807193,0.4123322734545382,LTU
7156,2008,23729.799955,31266.293765,0.4314815535047786,LTU
7157,2009,16472.375203,18339.863418,0.47317770575843604,LTU
7158,2010,20706.702152,23380.82728,0.4696725450206443,LTU
7159,2011,27978.669764,31780.241263,0.46819242993499005,LTU
7160,2012,29452.028488,31980.762083,0.4794186982920997,LTU
7161,2013,32496.308077,34821.095054,0.4827326451343054,LTU
7162,2014,32249.617351,34359.489316,0.4841622859802946,LTU
7163,2015,25331.306171,28153.428637,0.4736174959441149,LTU
7164,2016,24935.695821,27375.651161,0.47667852692801455,LTU
7165,2017,29784.142608,32258.141671,0.4800619924640863,LTU
7166,2018,33177.520594,36501.939827,0.47614491262623154,LTU
7167,2019,32999.260642,35756.953833,0.47994586226091096,LTU
7168,2020,32713.43221,33328.087788,0.49534644585695015,LTU
7169,2021,40600.361876,44487.754686,0.4771566643670657,LTU
7170,2022,46238.231769,55051.15394,0.45649631938572943,LTU
7171,1997,6434.07215917819,9372.61268160742,0.4070475386829064,LUX
7172,1998,7742.88598814182,9920.09323082233,0.43836806306314074,LUX
7173,1999,8177.323676911,11193.185512077,0.4221532638677228,LUX
7174,2000,8364.484602,11187.383487,0.4278099956446571,LUX
7175,2001,9696.811076,12233.187011,0.4421710862687318,LUX
7176,2002,10019.773811,12578.045639,0.44339560430464453,LUX
7177,2003,13130.643348,16077.256607,0.449557940428107,LUX
7178,2004,16024.74792,19835.703655,0.44686408609454326,LUX
7179,2005,18628.721069,22212.785312,0.4561222814657572,LUX
7180,2006,22578.288062,26754.126644,0.45767652357089955,LUX
7181,2007,22574.185027,27917.488505,0.44708728088985217,LUX
7182,2008,25524.502796,32092.082866,0.4430061674556019,LUX
7183,2009,20727.776871,24911.741919,0.4541629145209486,LUX
7184,2010,18590.911114,24706.869893,0.42937330000801627,LUX
7185,2011,20666.541345,28854.394012,0.41732938192732855,LUX
7186,2012,18592.525814,27312.500327,0.40502157120860705,LUX
7187,2013,18275.508386,26655.006814,0.4067504746974279,LUX
7188,2014,18927.722744,26640.771055,0.4153686278833154,LUX
7189,2015,16875.878371,23277.898755,0.4202812183283422,LUX
7190,2016,15669.961928,21855.941933,0.41757720176556523,LUX
7191,2017,15647.467137,22831.564196,0.40664919554720125,LUX
7192,2018,16327.469837,24157.525733,0.4032968166877831,LUX
7193,2019,16388.653584,24255.461981,0.40322327983224254,LUX
7194,2020,13772.380493,21157.779935,0.39428334494450434,LUX
7195,2021,16691.299117,26156.072958,0.38955245814804146,LUX
7196,2022,17262.701288,26992.474298,0.39007191948552583,LUX
7197,1963,19.9,41.7,0.32305194805194803,MAC
7198,1964,21.1,47.9,0.3057971014492754,MAC
7199,1965,20.7,46.8,0.30666666666666664,MAC
7200,1966,23.8,50.9,0.31860776439089694,MAC
7201,1967,25.0,42.5,0.37037037037037035,MAC
7202,1969,36.538,59.484,0.3805169648622191,MAC
7203,1970,41.439,64.989,0.38936182207689707,MAC
7204,1971,47.26,73.925,0.3899822585303461,MAC
7205,1972,70.431,103.295,0.40541427305066596,MAC
7206,1973,97.959,149.418,0.3959907347894105,MAC
7207,1974,105.661,126.382,0.4553509478846593,MAC
7208,1975,130.998,153.212,0.4609197424439675,MAC
7209,1976,186.484,160.024,0.538180936659471,MAC
7210,1977,223.184,198.446,0.5293361478073192,MAC
7211,1978,258.659,248.959,0.5095544287239617,MAC
7212,1979,389.51,350.833,0.5261210006713104,MAC
7213,1980,539.598,543.87,0.49802855275836483,MAC
7214,1981,700.302,716.095,0.4944249387706978,MAC
7215,1982,720.212,713.288,0.5024150680153471,MAC
7216,1983,754.641,724.136,0.5103142664512634,MAC
7217,1984,659.172,593.436,0.5262396535867565,MAC
7218,1985,906.701,775.683,0.5389381972248904,MAC
7219,1986,1031.084,876.411,0.5405434876631394,MAC
7220,1987,1395.559,1111.582,0.556633631694428,MAC
7221,1988,1493.676,1282.51960248447,0.5380298126916133,MAC
7222,1989,1637.56871192547,1470.29558782609,0.5269112657384609,MAC
7223,1990,1690.13144509317,1531.69760310559,0.5245875618503342,MAC
7224,1991,1660.83163962733,1850.50448559006,0.4729913572499433,MAC
7225,1992,1757.22397565217,1951.30626509317,0.4738329908559687,MAC
7226,1993,1768.71937888199,1984.93428571428,0.47119940647806874,MAC
7227,1994,1845.46534161491,2097.45291925466,0.4680455488843716,MAC
7228,1995,1990.63860795031,2048.96192583851,0.4927810537947551,MAC
7229,1996,2150.61196335404,1977.31286099379,0.5209910681195157,MAC
7230,1997,2139.7071604969,2170.78947055015,0.4963945790109921,MAC
7231,1998,2122.83892757764,1937.1857042236,0.5228635587454151,MAC
7232,1999,2182.7941084472,2024.43165937888,0.5188202936813333,MAC
7233,2000,2539.954645,2255.170345,0.529695190489706,MAC
7234,2001,2297.882027,2386.691302,0.490521092449314,MAC
7235,2002,2359.008929,2529.685814,0.4825437162706479,MAC
7236,2003,2533.261368,2746.67826,0.4797898359606016,MAC
7237,2004,2811.818492,3477.926143,0.4470481164455097,MAC
7238,2005,2475.935877,3913.444482,0.38750798009895093,MAC
7239,2006,2557.321023,4558.758827,0.3593721651394904,MAC
7240,2007,2542.618661,5365.558087,0.3215176825230968,MAC
7241,2008,1997.464181,5365.46794,0.27128651305951645,MAC
7242,2009,960.944072,4621.871442,0.17212534958216782,MAC
7243,2010,869.843235,5553.934365,0.13540992374953953,MAC
7244,2011,873.589356,7817.506279,0.10051544623234375,MAC
7245,2012,1021.651763,9029.836092,0.10164184424615215,MAC
7246,2013,1138.2828,10140.508142,0.10092241321374781,MAC
7247,2014,1241.33434,11262.14122,0.09927914315049857,MAC
7248,2015,1279.245244,10603.999782,0.10765117114063284,MAC
7249,2016,1256.595443,8924.391033,0.12342570594335008,MAC
7250,2017,1405.869114,9448.36922,0.12952259483709988,MAC
7251,2018,1510.365717,11161.299032,0.11919236713701663,MAC
7252,2019,1487.154447,11398.741613,0.11540947094989994,MAC
7253,2020,991.683172,11792.101937,0.07757351704088317,MAC
7254,2021,1251.955853,19701.432088,0.05974956682543293,MAC
7255,2022,1232.378437,17227.792286,0.0667587778841367,MAC
7256,1948,41.0,75.2,0.3528399311531842,MDG
7257,1949,49.2,82.1,0.3747143945163747,MDG
7258,1950,65.1,83.8,0.43720617864338485,MDG
7259,1951,64.4,128.8,0.3333333333333333,MDG
7260,1952,84.5,131.7,0.3908418131359852,MDG
7261,1953,79.3,127.4,0.3836477987421384,MDG
7262,1954,86.3,134.3,0.3912058023572076,MDG
7263,1955,79.5,121.3,0.39591633466135456,MDG
7264,1956,91.9,130.7,0.41284815813117703,MDG
7265,1957,87.1,143.7,0.37738301559792026,MDG
7266,1958,84.9,124.8,0.4048640915593706,MDG
7267,1959,70.4,117.6,0.374468085106383,MDG
7268,1960,70.7,110.9,0.38931718061674003,MDG
7269,1961,73.8,103.2,0.41694915254237286,MDG
7270,1962,89.4,121.6,0.423696682464455,MDG
7271,1963,77.2,127.5,0.37713727405959946,MDG
7272,1964,86.4,135.2,0.38989169675090257,MDG
7273,1965,85.9,146.1,0.3702586206896552,MDG
7274,1966,88.7,140.9,0.38632404181184665,MDG
7275,1967,93.2,145.2,0.3909395973154363,MDG
7276,1968,102.0,169.6,0.37555228276877756,MDG
7277,1969,99.206,182.733,0.35187044005972923,MDG
7278,1970,128.225,170.33,0.4294853544573026,MDG
7279,1971,134.653,213.197,0.38710076182262465,MDG
7280,1972,151.645,202.206,0.4285560871666323,MDG
7281,1973,185.412,202.842,0.47755335424747714,MDG
7282,1974,224.334,281.03,0.4439057788049802,MDG
7283,1975,263.002,365.686,0.418334690657369,MDG
7284,1976,259.787,284.832,0.4770068616776132,MDG
7285,1977,311.875,336.345,0.4811252352596341,MDG
7286,1978,362.929,432.003,0.4565535165271998,MDG
7287,1979,381.991,640.104,0.3737333613803022,MDG
7288,1980,387.735,598.189,0.393270678064435,MDG
7289,1981,308.216,543.322,0.36195213836610934,MDG
7290,1982,307.068,424.052,0.4199967173651384,MDG
7291,1983,288.737,386.064,0.4278846652568683,MDG
7292,1984,323.709,363.934,0.47075153822550364,MDG
7293,1985,265.407,400.448,0.39859579037478127,MDG
7294,1986,304.921,339.427975786914,0.4732233796563638,MDG
7295,1987,313.129278846754,364.676522303001,0.46197491717479555,MDG
7296,1988,257.154634095496,363.558081358438,0.4142892963090598,MDG
7297,1989,302.337072695381,385.855950107191,0.4393201655316914,MDG
7298,1990,349.552163553779,605.096635981033,0.36615786216262064,MDG
7299,1991,288.963369584169,427.585323860169,0.403271085730639,MDG
7300,1992,254.859072587135,452.990396823978,0.3600469924759031,MDG
7301,1993,236.698735096595,440.879776045606,0.349330345051217,MDG
7302,1994,295.732915105753,442.38985687634,0.4006554550696446,MDG
7303,1995,320.67536695425,524.468396435228,0.3794329211732812,MDG
7304,1996,299.341829661866,600.801409200201,0.3325491063403249,MDG
7305,1997,223.75418613113,571.594748183478,0.28132832833170285,MDG
7306,1998,234.092584204489,505.190727368425,0.3166480029238438,MDG
7307,1999,220.49011955393,378.029363718465,0.36839255148120503,MDG
7308,2000,824.253585,733.978778,0.5289670556020919,MDG
7309,2001,925.76351,868.52697,0.5159496304076695,MDG
7310,2002,667.665885,579.300031,0.5354323453697349,MDG
7311,2003,1000.503266,1242.775307,0.44600045578021935,MDG
7312,2004,944.014419,2007.607235,0.3198290735266438,MDG
7313,2005,848.187952,1908.002861,0.30773919860678384,MDG
7314,2006,1115.947058,3450.602767,0.24437422140685827,MDG
7315,2007,1319.70857,2492.110692,0.34621488567313924,MDG
7316,2008,1348.363432,4145.163027,0.24544587926594716,MDG
7317,2009,1052.243377,3047.954072,0.25663236712091325,MDG
7318,2010,1058.322916,2679.576317,0.28313307824261513,MDG
7319,2011,1454.32313,3018.84481,0.32512151332283756,MDG
7320,2012,1193.684861,2564.148114,0.31765245260800873,MDG
7321,2013,1694.116446,2795.426202,0.37734722193911985,MDG
7322,2014,2330.720692,3425.559249,0.40490051142215633,MDG
7323,2015,2292.359829,3045.59626,0.42944523911013394,MDG
7324,2016,2499.208177,3071.181692,0.44865947191747624,MDG
7325,2017,3409.172173,3795.085836,0.47321627969751406,MDG
7326,2018,2972.100048,3904.62294,0.4321971458187811,MDG
7327,2019,2555.649713,3738.017399,0.4060668712724252,MDG
7328,2020,1948.720566,3207.91423,0.37790548353581715,MDG
7329,2021,2707.433581,4368.524896,0.3826242889638709,MDG
7330,2022,3546.314854,5512.255059,0.3914872753712113,MDG
7331,1964,36.1,45.32,0.44338000491279783,MWI
7332,1965,,60.3,,MWI
7333,1966,38.8,84.26,0.31529335283601495,MWI
7334,1967,51.7,86.57,0.3739061256961019,MWI
7335,1968,41.8,77.33,0.3508771929824561,MWI
7336,1969,52.766,81.147,0.3940319461142682,MWI
7337,1970,59.15,94.205,0.38570636757849436,MWI
7338,1971,72.075,109.042,0.39794718331244444,MWI
7339,1972,81.251,129.667,0.38522553788676167,MWI
7340,1973,99.349,143.16,0.40967139363899896,MWI
7341,1974,119.204,187.877,0.38818422500903665,MWI
7342,1975,136.833,250.012,0.35371531233439746,MWI
7343,1976,166.14,205.734,0.4467642265928782,MWI
7344,1977,204.692,234.854,0.46568959790329106,MWI
7345,1978,181.255,338.768,0.34855189097405315,MWI
7346,1979,232.739,399.22,0.36828180309165626,MWI
7347,1980,294.876,438.79,0.40192131024199024,MWI
7348,1981,277.475000501961,347.868,0.4437164888376981,MWI
7349,1982,235.227001003922,290.832,0.44714946527864513,MWI
7350,1983,229.260000752941,312.375,0.42327397681878143,MWI
7351,1984,307.570001003922,270.566,0.5320028513530253,MWI
7352,1985,227.482,281.206,0.447193564621143,MWI
7353,1986,222.408,246.861,0.4739456473792217,MWI
7354,1987,311.374883490267,298.0,0.5109742654748591,MWI
7355,1988,302.993693634192,459.805508554735,0.3972129136537138,MWI
7356,1989,275.84791943297,560.456769569875,0.3298414119402739,MWI
7357,1990,418.65197370343,626.613244162328,0.4005222469357982,MWI
7358,1991,481.892490365527,617.8724965672,0.4381776980457776,MWI
7359,1992,509.938255108414,724.331956266364,0.4131496089016238,MWI
7360,1993,414.703675238761,510.097099423093,0.448424878742553,MWI
7361,1994,471.053738732449,587.675561547209,0.4449236821990499,MWI
7362,1995,421.03,500.431,0.45691570234659956,MWI
7363,1996,460.252954202662,570.133710842011,0.44667984341849715,MWI
7364,1997,537.30047111726,611.242937022567,0.46781033029258173,MWI
7365,1998,477.108194554115,556.178824622531,0.4617383028137613,MWI
7366,1999,481.29199992382,628.429919439805,0.43370504945943494,MWI
7367,2000,424.682801,542.06486,0.43929022860082206,MWI
7368,2001,508.591005,570.3979,0.47135888297201717,MWI
7369,2002,472.954916,731.965433,0.3925196519359306,MWI
7370,2003,600.888085,822.840779,0.4220523304639555,MWI
7371,2004,540.052756,953.845801,0.3615056413766923,MWI
7372,2005,563.904934,1211.896844,0.317549481584087,MWI
7373,2006,749.810808,1326.716938,0.3610887499309147,MWI
7374,2007,913.015913,1432.016997,0.38934034107009613,MWI
7375,2008,930.629812,2078.616046,0.309256822444715,MWI
7376,2009,1241.220174,2162.609359,0.3646540350997066,MWI
7377,2010,1180.691438,2243.441898,0.34481467926107656,MWI
7378,2011,1510.656069,2555.355541,0.37153265014902404,MWI
7379,2012,1251.646069,2810.484517,0.30812551258537996,MWI
7380,2013,1277.066356,2911.525838,0.30489154752982384,MWI
7381,2014,1473.848027,2846.100867,0.34117256087150366,MWI
7382,2015,1001.442725,2274.13201,0.30573038505256395,MWI
7383,2016,963.234252,2289.867688,0.2960971619598248,MWI
7384,2017,782.456572,2503.688468,0.23810774097786022,MWI
7385,2018,811.643527,2954.845627,0.21549073787668738,MWI
7386,2019,866.870754,2940.672429,0.2276719428607988,MWI
7387,2020,729.49728,2850.300173,0.2037817193787472,MWI
7388,2021,1007.079475,3076.172785,0.24663660505755772,MWI
7389,2022,946.995504,1623.666783,0.36838580811996013,MWI
7390,1967,1216.25,1084.05,0.5287353823414337,MYS
7391,1968,1345.85,1151.1,0.5389975770439936,MYS
7392,1969,1648.48,1168.93,0.5851047593357019,MYS
7393,1970,1683.81,1398.82,0.5462251389235815,MYS
7394,1971,1637.09,1443.72,0.5313829804499466,MYS
7395,1972,1716.48,1600.29,0.5175155346918839,MYS
7396,1973,3043.92,2508.87,0.5481784832489613,MYS
7397,1974,4233.85,4160.8,0.5043509854490658,MYS
7398,1975,3803.15,3535.97,0.5182024547902201,MYS
7399,1976,5295.57,3838.52,0.579758903185758,MYS
7400,1977,6084.05,4553.95,0.5719167136679827,MYS
7401,1978,7413.31,5935.67,0.5553465508226098,MYS
7402,1979,11077.02,7848.11,0.5853074721283288,MYS
7403,1980,12960.73,10832.15,0.5447314490721594,MYS
7404,1981,11773.3,11590.55,0.5039109564562347,MYS
7405,1982,12041.92,12418.91,0.49229400637672555,MYS
7406,1983,14126.79,13246.18,0.5160853937296538,MYS
7407,1984,16562.21,14067.47,0.5407242256530267,MYS
7408,1985,15406.21,12310.35,0.5558485612933207,MYS
7409,1986,13975.87,10835.91,0.5632755892563936,MYS
7410,1987,17932.83,12710.23,0.5852166852788201,MYS
7411,1988,21096.1291223877,16569.09,0.5600957491801354,MYS
7412,1989,25049.744122005,22590.0455617326,0.5258155900414485,MYS
7413,1990,29419.6404673448,29172.7638747393,0.5021067286398092,MYS
7414,1991,34404.5427580626,36753.5183389491,0.4834946628345868,MYS
7415,1992,40706.7392551326,39934.4272313759,0.5047885717519097,MYS
7416,1993,47126.1727933784,45627.8805870644,0.508076693964891,MYS
7417,1994,58746.9478406144,59561.6224241218,0.49655699252520585,MYS
7418,1995,73722.1437420918,77632.7420749399,0.48708136076434455,MYS
7419,1996,78214.0128092787,78457.0727620325,0.4992242986257883,MYS
7420,1997,78909.1508197387,79059.3779087626,0.49952450310757124,MYS
7421,1998,73470.8587050856,58337.6906743596,0.5574058666982262,MYS
7422,1999,84550.9577784211,65501.6488168421,0.5634754350284653,MYS
7423,2000,98154.120019,82205.151396,0.5442144407045812,MYS
7424,2001,88201.411005,73360.503785,0.54592947304224,MYS
7425,2002,93388.246266,79514.698222,0.5401194672684214,MYS
7426,2003,104968.905847,82743.369931,0.5592010720233483,MYS
7427,2004,126510.571081,104307.185877,0.5480972207178154,MYS
7428,2005,140972.902139,113608.718318,0.5537434394750856,MYS
7429,2006,160651.632776,130476.390748,0.551824694961927,MYS
7430,2007,176211.196904,146982.433746,0.5452186559172217,MYS
7431,2008,199514.709011,156895.569748,0.5597894362241703,MYS
7432,2009,157333.588075,123825.639388,0.5595889186873826,MYS
7433,2010,198746.157867,164735.365806,0.5467847604980292,MYS
7434,2011,228284.238981,187639.608817,0.5488606632911077,MYS
7435,2012,227764.363382,196590.825922,0.536730477493546,MYS
7436,2013,228391.406315,206116.157935,0.525632750972298,MYS
7437,2014,234246.397842,208958.6849,0.528528229849657,MYS
7438,2015,199956.088913,175965.932137,0.5319084217372959,MYS
7439,2016,189413.440013,168370.438996,0.5294074191873674,MYS
7440,2017,217836.720111,195079.497055,0.5275567077653082,MYS
7441,2018,247365.23198,217908.979553,0.5316547228460682,MYS
7442,2019,238103.532887,204835.3676,0.5375538988000631,MYS
7443,2020,233959.026511,190320.713975,0.5514263448992563,MYS
7444,2021,299037.704561,239208.479631,0.555577936906152,MYS
7445,2022,352337.923095,295275.988787,0.5440555192384418,MYS
7446,1981,9.41454545454546,38.5341,0.19634643200651614,MDV
7447,1982,11.8863636363636,68.5904829047467,0.14769917246063616,MDV
7448,1983,13.2853655184217,66.2256117090232,0.1670884446611477,MDV
7449,1984,13.1096415534539,70.8357171631093,0.1561687477888786,MDV
7450,1985,23.027,70.1245869191559,0.2471992239915848,MDV
7451,1986,24.541,78.4248138841457,0.2383412423429475,MDV
7452,1987,30.768,98.122291317152,0.23871464394700742,MDV
7453,1988,40.177,121.997055736989,0.24773999649585346,MDV
7454,1989,44.717,143.013137443827,0.23819830214197926,MDV
7455,1990,52.106,137.879,0.2742637576650789,MDV
7456,1991,53.65462,161.751,0.24908644444838535,MDV
7457,1992,39.648,189.28,0.1731898238747554,MDV
7458,1993,34.63156,191.277076371328,0.15329896437901472,MDV
7459,1994,47.86606,221.716851982138,0.1775559869431617,MDV
7460,1995,49.8044598496602,356.659752050195,0.12253098401177578,MDV
7461,1996,59.303313508921,300.135514018692,0.16498861271286883,MDV
7462,1997,70.2143585386577,348.848428207306,0.16755092735357036,MDV
7463,1998,74.6259133389973,353.971707731521,0.17411648985032255,MDV
7464,1999,63.9513169073917,402.159558198811,0.13720194126090812,MDV
7465,2000,76.174439,388.825423,0.16381604646583744,MDV
7466,2001,76.474664,391.451814,0.16343307676638893,MDV
7467,2002,90.706067,390.307764,0.1885726795244688,MDV
7468,2003,112.743863,469.973374,0.1934795400603535,MDV
7469,2004,122.864112,643.869969,0.16024344690633363,MDV
7470,2005,98.730182,741.149688,0.1175527423939807,MDV
7471,2006,136.69511,950.72172,0.12570626665765325,MDV
7472,2007,109.423994,1118.61668,0.0891045356369035,MDV
7473,2008,127.882935,1419.588926,0.08263990979284114,MDV
7474,2009,77.265827,990.45422,0.0723652489405774,MDV
7475,2010,74.711136,1123.048291,0.062375744507498665,MDV
7476,2011,123.139999,1441.008741,0.0787265276318926,MDV
7477,2012,166.558028,1600.084791,0.09427940170400682,MDV
7478,2013,173.766204,1763.489059,0.08969711287861397,MDV
7479,2014,157.939928,2026.235235,0.0723110173009508,MDV
7480,2015,158.870092,1934.29873,0.07589932084321863,MDV
7481,2016,151.993413,2170.188111,0.06545285604468533,MDV
7482,2017,213.281055,2402.621209,0.08153250139929541,MDV
7483,2018,181.64678,2959.822225,0.05782224166811412,MDV
7484,2019,158.047562,2887.506074,0.051894525885801866,MDV
7485,2020,162.799165,1837.869217,0.08137238858008804,MDV
7486,2021,151.28117,2573.061827,0.05552941394185249,MDV
7487,2022,159.010757,3515.661244,0.04327209529360115,MDV
7488,1961,14.0,0.5,0.9655172413793104,MLI
7489,1962,10.1,,,MLI
7490,1963,11.345,34.1,0.24964242490923094,MLI
7491,1964,16.4,36.3,0.3111954459203036,MLI
7492,1965,15.5,42.7,0.2663230240549828,MLI
7493,1966,13.0,37.5,0.25742574257425743,MLI
7494,1967,16.4,51.3,0.24224519940915806,MLI
7495,1968,12.65,32.3,0.2814238042269188,MLI
7496,1969,17.31,38.91,0.307897545357524,MLI
7497,1970,35.493,44.819,0.44193893814124907,MLI
7498,1971,36.111,59.43,0.37796338744622726,MLI
7499,1972,41.734,78.534,0.3470083480227492,MLI
7500,1973,52.283,126.288,0.2927855026852065,MLI
7501,1974,64.063,178.964,0.26360445547202577,MLI
7502,1975,36.538,190.072,0.16123736816557077,MLI
7503,1976,84.537,150.195,0.3601426307448495,MLI
7504,1977,124.594,158.751,0.4397254230708147,MLI
7505,1978,106.234,202.548,0.3440420749914179,MLI
7506,1979,106.222,304.455,0.2586509592696937,MLI
7507,1980,117.35,241.951,0.3266063829491151,MLI
7508,1981,106.242,287.435,0.26987098560495026,MLI
7509,1982,231.994,401.837,0.36601870214615567,MLI
7510,1983,99.2282818181819,342.2392,0.22476917531844168,MLI
7511,1984,129.088415967771,350.546938418306,0.2691386587483765,MLI
7512,1985,123.61255950723,299.352185392798,0.2922526309762462,MLI
7513,1986,211.720928710396,443.956541146943,0.3229040777571049,MLI
7514,1987,178.959,374.148,0.3235522240723766,MLI
7515,1988,158.222574213439,521.056365956903,0.23292724808126938,MLI
7516,1989,191.740807221392,564.224930955379,0.2536369011693971,MLI
7517,1990,252.262281085674,714.168821571526,0.261024588707958,MLI
7518,1991,266.605346826862,667.046222994025,0.2855512221524009,MLI
7519,1992,216.231789802548,737.7609990012,0.22665977388958067,MLI
7520,1993,219.704992237701,737.248872027269,0.22958786253134048,MLI
7521,1994,174.851624608617,712.335999395468,0.1970852837413024,MLI
7522,1995,241.068125089134,990.280861262144,0.1957756312476976,MLI
7523,1996,291.792929248588,1111.90181262557,0.20787491791769308,MLI
7524,1997,284.46834289255,1130.71056103523,0.2010122833961261,MLI
7525,1998,294.382275404253,1222.07205427296,0.1941253815846298,MLI
7526,1999,251.451816413755,1254.43046191637,0.1669797301105039,MLI
7527,2000,475.005242,711.31972,0.4004006129983127,MLI
7528,2001,729.376736,1041.312788,0.4119167850230078,MLI
7529,2002,855.257654,960.830657,0.47093395669127236,MLI
7530,2003,1009.054916,1326.724028,0.43199932022334386,MLI
7531,2004,991.779234,1410.636897,0.41282574704789976,MLI
7532,2005,1077.186245,1595.051327,0.40310272420643894,MLI
7533,2006,1529.173721,1908.910465,0.44477494973126286,MLI
7534,2007,1445.568192,2253.466783,0.39079603241653593,MLI
7535,2008,1265.400605,3625.365398,0.2587326002151406,MLI
7536,2009,1116.325793,3692.25959,0.23215264034753233,MLI
7537,2010,2059.039387,5123.08891,0.28668930738261356,MLI
7538,2011,2380.719347,3434.6529,0.40938382718804484,MLI
7539,2012,1889.812522,3454.944731,0.3535824795296835,MLI
7540,2013,1702.701376,3688.015813,0.31585804194559464,MLI
7541,2014,1748.283962,3860.83943,0.3116857733052345,MLI
7542,2015,2030.588436,3288.257574,0.38177236795016745,MLI
7543,2016,2852.932776,3897.325707,0.4226405230532859,MLI
7544,2017,1913.194546,4481.271356,0.299195362884273,MLI
7545,2018,3654.52778,4762.881797,0.4341629983155089,MLI
7546,2019,3654.833141,5190.918479,0.41317383734091334,MLI
7547,2020,4606.031826,6689.195727,0.4077856603054131,MLI
7548,2021,4602.19461,7863.254788,0.3691960444473339,MLI
7549,2022,4587.10699,8648.848341,0.3465641032541499,MLI
7550,1958,10.1,76.3,0.11689814814814815,MLT
7551,1959,11.1,72.99,0.13200142704245452,MLT
7552,1960,10.5,78.91,0.11743652835253328,MLT
7553,1961,13.4,81.21,0.14163407673607442,MLT
7554,1962,12.1,77.73,0.13469887565401314,MLT
7555,1963,14.0,82.17,0.14557554330872413,MLT
7556,1964,19.3,93.24,0.1714945797049938,MLT
7557,1965,23.6,95.49,0.19816945167520364,MLT
7558,1966,28.5,106.93,0.2104408181348298,MLT
7559,1967,27.15,109.53,0.19863915715539945,MLT
7560,1968,32.8,119.41,0.21549175481243021,MLT
7561,1969,38.26,143.52,0.21047419958191219,MLT
7562,1970,38.54,158.38,0.19571399553118018,MLT
7563,1971,45.11,154.61,0.22586621269777685,MLT
7564,1972,67.16,172.69,0.2800083385449239,MLT
7565,1973,98.47,237.35,0.29322255970460365,MLT
7566,1974,133.95,356.36,0.27319450959596986,MLT
7567,1975,166.01,371.76,0.30870074567194156,MLT
7568,1976,228.91,421.83,0.3517687555705812,MLT
7569,1977,288.68,511.42,0.36080489938757654,MLT
7570,1978,342.47,571.96,0.3745174589635073,MLT
7571,1979,424.29,753.67,0.36019049882848314,MLT
7572,1980,485.71,940.04,0.34066982290022796,MLT
7573,1981,449.56,860.47,0.3431677137164798,MLT
7574,1982,410.94,789.19,0.34241290526859586,MLT
7575,1983,363.34,732.54,0.33155089973354746,MLT
7576,1984,394.45,716.39,0.35509164236073604,MLT
7577,1985,399.32,756.33,0.34553714359884047,MLT
7578,1986,498.35,885.16,0.36020700970719405,MLT
7579,1987,604.64,1137.67,0.3470335359379215,MLT
7580,1988,697.69,1349.57,0.34079208307689307,MLT
7581,1989,844.098693830228,1477.74020304855,0.36354748598834324,MLT
7582,1990,1126.53278538973,1951.3717975525,0.3660064030681727,MLT
7583,1991,1290.94640401556,2113.47273022576,0.37919725894833134,MLT
7584,1992,1539.25126414917,2344.66716870303,0.3963140036951815,MLT
7585,1993,1354.11771698479,2173.30935776197,0.38388255470370125,MLT
7586,1994,1556.62524160517,2440.91435326063,0.3893958282750735,MLT
7587,1995,1913.3847513449,2942.40624419455,0.394041826162317,MLT
7588,1996,1740.47331595482,2805.37731095907,0.3828707669473955,MLT
7589,1997,1643.83975768282,2552.91656264883,0.3916929247759886,MLT
7590,1998,1844.71098624452,3722.58108404236,0.33134798084151224,MLT
7591,1999,1983.84136554387,2845.83042997941,0.41076111370191504,MLT
7592,2000,2440.384072,3396.921714,0.4180668550640153,MLT
7593,2001,1822.40919,2530.604394,0.4186546067070578,MLT
7594,2002,2024.192711,2646.798936,0.4333539564987366,MLT
7595,2003,2255.89371,3227.980913,0.4113685788034837,MLT
7596,2004,2496.877656,3638.587147,0.406958190808808,MLT
7597,2005,2368.234868,3707.243841,0.38980218373439124,MLT
7598,2006,2782.830032,4304.743859,0.39263506452239116,MLT
7599,2007,3060.820563,4807.316782,0.3890146331704636,MLT
7600,2008,2949.274034,5302.27013,0.3574208627358684,MLT
7601,2009,2347.864328,4464.702452,0.3446372569723272,MLT
7602,2010,2868.927677,5049.428902,0.36231352407248046,MLT
7603,2011,3363.300287,6199.567646,0.3517041446733529,MLT
7604,2012,3526.339003,6566.245621,0.34939900277025415,MLT
7605,2013,3352.00563,6024.773303,0.3574794344573038,MLT
7606,2014,2822.965503,6689.56777,0.29676274678718806,MLT
7607,2015,2417.05505,6009.733122,0.28682992863535334,MLT
7608,2016,3116.253101,6434.767073,0.3262743711381883,MLT
7609,2017,2700.277659,5991.524462,0.310669481588397,MLT
7610,2018,3016.88483,6768.397381,0.3083084130786343,MLT
7611,2019,2979.023159,7387.900003,0.28735846812481664,MLT
7612,2020,2783.648395,5717.063511,0.3274606204493575,MLT
7613,2021,2932.945067,6918.826657,0.2977073717466497,MLT
7614,2022,3085.789408,8518.705223,0.26591329533271424,MLT
7615,2000,5.078233,75.762197,0.06281798600032187,MHL
7616,2001,102.699522,254.508887,0.28750589127368503,MHL
7617,2002,130.565066,438.583865,0.22940404328019376,MHL
7618,2003,274.675852,180.587229,0.6033343432915,MHL
7619,2004,648.091814,287.939945,0.6923822912722345,MHL
7620,2005,1105.842462,710.135471,0.6089514866368148,MHL
7621,2006,807.095047,428.007949,0.6534637593899901,MHL
7622,2007,1307.752194,1346.036652,0.4927868304108472,MHL
7623,2008,1283.955264,2202.663643,0.368252251894302,MHL
7624,2009,390.336041,351.361522,0.5262738621132561,MHL
7625,2010,206.794381,695.657306,0.229147315007457,MHL
7626,2011,262.235534,492.248235,0.34756948363192686,MHL
7627,2012,251.502961,467.286007,0.34989819292830326,MHL
7628,2013,414.982785,804.494582,0.3402956022225216,MHL
7629,2014,379.064603,1916.112947,0.1651569844781725,MHL
7630,2015,467.900695,1741.446534,0.21178232595506608,MHL
7631,2016,208.015495,4665.413906,0.04268359667984857,MHL
7632,2017,601.045829,15046.076736,0.03841254687583512,MHL
7633,2018,683.07184,13709.03841,0.047461548593959665,MHL
7634,2019,932.515163,12334.32108,0.07028918921736328,MHL
7635,2020,713.87856,13570.152906,0.04997738640517778,MHL
7636,2021,1533.557582,14884.193804,0.093408503146644,MHL
7637,2022,1319.78929,17683.676264,0.06944992671203595,MHL
7638,1962,2.7,35.7,0.0703125,MRT
7639,1963,15.4,29.9,0.33995584988962474,MRT
7640,1964,45.9,16.3,0.7379421221864951,MRT
7641,1966,68.7,23.0,0.7491821155943293,MRT
7642,1967,72.323,37.085,0.6610394121088038,MRT
7643,1968,71.758,35.298,0.6702847108055597,MRT
7644,1969,77.798,45.174,0.632648082490323,MRT
7645,1970,90.084,55.857,0.6172631405842087,MRT
7646,1971,89.827,62.911,0.5881116683471042,MRT
7647,1972,106.892,70.956,0.6010300931132202,MRT
7648,1973,153.776,115.685,0.5706799870853296,MRT
7649,1974,181.315,120.029,0.6016877721142615,MRT
7650,1981,261.163913782588,264.899937121253,0.49644907806129795,MRT
7651,1982,233.406158124832,275.76870555551,0.45840078679014185,MRT
7652,1983,292.051968500063,226.770702805266,0.5629128884543084,MRT
7653,1984,291.023169233334,207.590433438708,0.5836647208855862,MRT
7654,1985,373.4,242.267,0.606496693829619,MRT
7655,1986,421.39,294.957,0.5882484326729923,MRT
7656,1987,427.843,381.879,0.5283825806881869,MRT
7657,1988,507.616608904587,446.884807281344,0.531813363811402,MRT
7658,1989,450.944865203309,351.275938880928,0.5621206317605766,MRT
7659,1990,469.132466598023,388.115198054808,0.5472542952776812,MRT
7660,1991,524.289291336821,480.505542626366,0.5217874073544745,MRT
7661,1992,448.051917939739,600.171814147062,0.42743920426964427,MRT
7662,1993,420.05737936813,574.146543713065,0.42250625813898,MRT
7663,1994,433.813003398037,556.929969512303,0.43786634400615226,MRT
7664,1995,575.279070580518,654.100166715627,0.46794272518036606,MRT
7665,1996,565.659845503965,612.336754919047,0.48018801183368415,MRT
7666,1997,527.11526521569,632.551003169888,0.45454048253857565,MRT
7667,1998,500.103400860118,586.389873051818,0.46029129942009483,MRT
7668,1999,525.264141792179,603.491653790886,0.46534790239624063,MRT
7669,2000,336.193539,304.747664,0.5245310138065816,MRT
7670,2001,348.47842,335.638549,0.5093842658359787,MRT
7671,2002,320.782833,308.096355,0.5100865780280838,MRT
7672,2003,319.671169,339.209023,0.4851734395439224,MRT
7673,2004,436.50217,1252.233785,0.2584786382427678,MRT
7674,2005,830.815699,999.202756,0.45399307134309747,MRT
7675,2006,849.60996,839.318272,0.5030468103395408,MRT
7676,2007,810.305283,1211.926849,0.40069845107178825,MRT
7677,2008,1168.828317,1500.64372,0.43784999460550633,MRT
7678,2009,985.055715,1311.658324,0.42889785070016717,MRT
7679,2010,1726.249227,1709.376859,0.5024555012067166,MRT
7680,2011,2464.844517,2527.041188,0.4937702228500842,MRT
7681,2012,2628.971369,3116.10558,0.45760420484143455,MRT
7682,2013,2493.525623,4203.963966,0.3723075026641896,MRT
7683,2014,2145.867155,4506.723269,0.3225611405834534,MRT
7684,2015,1836.084837,4573.426485,0.2864625311913912,MRT
7685,2016,1626.858994,2465.92657,0.3974943149501394,MRT
7686,2017,1995.568025,3673.430215,0.3520142255327284,MRT
7687,2018,2067.081686,3253.986078,0.38847122000305356,MRT
7688,2019,2283.289502,3639.696244,0.3854963695534782,MRT
7689,2020,2850.530861,2810.925371,0.503497818262388,MRT
7690,2021,3292.916201,3947.133932,0.4548195303221666,MRT
7691,2022,3806.932719,5272.13348,0.41930884030995486,MRT
7692,1948,32.9,40.1,0.4506849315068493,MUS
7693,1951,49.1,21.0,0.7004279600570614,MUS
7694,1952,51.0,45.8,0.5268595041322314,MUS
7695,1953,57.0,50.6,0.5297397769516728,MUS
7696,1954,56.0,43.5,0.5628140703517588,MUS
7697,1955,52.7,51.2,0.507218479307026,MUS
7698,1956,61.8,46.7,0.5695852534562211,MUS
7699,1957,69.1,54.7,0.5581583198707593,MUS
7700,1958,60.0,62.0,0.4918032786885246,MUS
7701,1959,59.2,58.5,0.5029736618521665,MUS
7702,1960,38.8,68.4,0.3619402985074627,MUS
7703,1961,60.4,65.9,0.47822644497228817,MUS
7704,1962,60.2,65.3,0.4796812749003984,MUS
7705,1963,83.0,68.1,0.5493050959629384,MUS
7706,1964,78.1,79.8,0.49461684610512985,MUS
7707,1965,65.8,75.0,0.4673295454545454,MUS
7708,1966,73.2,68.9,0.5151301900070372,MUS
7709,1967,,75.5,,MUS
7710,1968,66.3,70.2,0.4857142857142857,MUS
7711,1969,65.024,64.037,0.5038237732545076,MUS
7712,1970,70.934,72.725,0.4937664886989329,MUS
7713,1971,67.434,83.071,0.44805155974884553,MUS
7714,1972,104.726,120.161,0.46568276512203904,MUS
7715,1973,131.398,170.992,0.4345315651972618,MUS
7716,1974,310.145,308.858,0.5010395749293622,MUS
7717,1975,295.237,331.361,0.47117450103575187,MUS
7718,1976,261.824,358.665,0.42196396712915135,MUS
7719,1977,306.351,446.238,0.4070628191483001,MUS
7720,1978,314.555,496.639,0.3877679075535569,MUS
7721,1979,371.11,566.224,0.39592077103785844,MUS
7722,1980,429.136,613.659,0.41152479634060385,MUS
7723,1981,317.299,553.856,0.3642279502499555,MUS
7724,1982,358.652,462.856,0.4365776109301431,MUS
7725,1983,358.514,439.831,0.4490715167001735,MUS
7726,1984,365.891,471.503,0.43694007838604054,MUS
7727,1985,425.266,522.116,0.4488854548640358,MUS
7728,1986,646.134,675.678,0.48882443191618785,MUS
7729,1987,860.742,993.083,0.4643059619974917,MUS
7730,1988,980.74636889801,1298.06198593884,0.43037685324276687,MUS
7731,1989,966.375441810038,1323.56123481671,0.42200967898971903,MUS
7732,1990,1179.31362259445,1619.43353988215,0.42137197614909955,MUS
7733,1991,1171.32882956028,1556.95885111727,0.42932746346946415,MUS
7734,1992,1271.65296358666,1623.95821341465,0.4391656496172189,MUS
7735,1993,1275.38350608638,1717.58596216857,0.426126467247256,MUS
7736,1994,1314.67249183851,1922.45518372862,0.40612315101479135,MUS
7737,1995,1510.72826427679,1975.05893044243,0.4333965844402269,MUS
7738,1996,1766.9312572199,2292.94891557494,0.4352175882086531,MUS
7739,1997,1595.3239108505,2264.29776591265,0.4133368616035988,MUS
7740,1998,1704.13289319188,2184.44460280377,0.43824069211601135,MUS
7741,1999,1554.8400518943,2248.46116052791,0.4088132822128143,MUS
7742,2000,1486.320829,2088.148905,0.41581575439351587,MUS
7743,2001,1522.639947,1996.274195,0.43270164759819824,MUS
7744,2002,1741.334082,2165.877295,0.44567183957603435,MUS
7745,2003,1809.321517,2387.603304,0.4311064872896373,MUS
7746,2004,1916.619056,2773.95955,0.40861036920868093,MUS
7747,2005,2003.359986,3161.383542,0.387891475179559,MUS
7748,2006,2111.336232,3638.441741,0.3672030888696022,MUS
7749,2007,2049.299151,3865.887531,0.3464470795547413,MUS
7750,2008,2033.498993,4566.22161,0.30811895159253305,MUS
7751,2009,1713.572617,3614.748586,0.3215970944160064,MUS
7752,2010,1955.621961,4235.456199,0.31587744661908773,MUS
7753,2011,2171.767482,5119.464809,0.29786014151280593,MUS
7754,2012,2234.728419,5298.143316,0.2966635431500547,MUS
7755,2013,2273.928117,5174.019237,0.30530937034332856,MUS
7756,2014,2574.244965,5392.496245,0.3231239596145988,MUS
7757,2015,2403.160087,4690.03026,0.33879819509092896,MUS
7758,2016,2193.210173,4654.321076,0.3202921013789155,MUS
7759,2017,2085.121199,5251.115102,0.28422219697527706,MUS
7760,2018,2001.297463,5680.539899,0.26052327961275057,MUS
7761,2019,1888.044723,5610.437906,0.2517902376272878,MUS
7762,2020,1671.169879,4526.701774,0.2696360900263386,MUS
7763,2021,1807.234401,5266.310825,0.255492026029212,MUS
7764,2022,1646.555859,4780.637725,0.2561858200597806,MUS
7765,1948,474.9,523.6,0.47561342013019525,MEX
7766,1949,461.0,453.6,0.5040454843647496,MEX
7767,1950,498.2,504.2,0.4970071827613727,MEX
7768,1951,624.6,770.4,0.447741935483871,MEX
7769,1952,589.8,735.6,0.4449977365323675,MEX
7770,1953,494.0,803.4,0.3807615230460922,MEX
7771,1954,500.7,793.9,0.38676038930943923,MEX
7772,1955,621.3,881.3,0.41348329562092373,MEX
7773,1956,659.1,1068.7,0.38146776247250835,MEX
7774,1957,585.7,1152.5,0.33695777240823843,MEX
7775,1958,735.5,1126.0,0.3951114692452323,MEX
7776,1959,749.8,1001.2,0.42821245002855507,MEX
7777,1960,764.4,1183.1,0.3925032092426187,MEX
7778,1961,825.6,1136.2,0.4208380059129371,MEX
7779,1962,930.7,1139.0,0.4496786973957579,MEX
7780,1963,971.0,1234.7,0.4402230584394977,MEX
7781,1964,1054.4,1486.5,0.41497107324176474,MEX
7782,1965,1141.5,1553.0,0.42364074967526444,MEX
7783,1966,1222.7,1604.1,0.4325385595019103,MEX
7784,1967,1142.9,1748.0,0.39534401051575635,MEX
7785,1968,1253.0,1959.1,0.3900874817097849,MEX
7786,1969,1429.5,2076.8,0.4076947209308958,MEX
7787,1970,1312.7,2329.8,0.3603843514070007,MEX
7788,1971,1396.2,2252.2,0.3826883017213025,MEX
7789,1972,1694.9,2719.5,0.38394798840159483,MEX
7790,1973,2261.4,3811.7,0.3723633729067527,MEX
7791,1974,2992.82,6057.2,0.3306976117179852,MEX
7792,1975,2916.4,6581.4,0.3070605824506728,MEX
7793,1976,3468.9,6035.7,0.3649706457925636,MEX
7794,1977,4170.6,5485.9,0.4318956143530265,MEX
7795,1978,5953.6,7559.9,0.4405668405668406,MEX
7796,1979,8983.0,12085.9,0.42636302797013603,MEX
7797,1980,15562.2,19455.9,0.44440446511946674,MEX
7798,1981,19380.6,24127.7,0.445446041330045,MEX
7799,1982,21208.9,15071.7,0.5845796376024652,MEX
7800,1983,22312.7,9020.0,0.7121218407606111,MEX
7801,1984,24382.8,11360.3,0.6821680268359488,MEX
7802,1985,22105.6,14788.4,0.5991651759093619,MEX
7803,1986,16120.7578801506,12659.0409787841,0.560141436678106,MEX
7804,1987,20535.776,14033.7978,0.5940419201812666,MEX
7805,1988,20409.467,21519.8885,0.48675842394000063,MEX
7806,1989,23047.189,25076.8408,0.4789122834430627,MEX
7807,1990,27167.344,33021.2421,0.45137036372416134,MEX
7808,1991,42709.768,54857.3795,0.4377474292768475,MEX
7809,1992,46200.572,68343.3014,0.40334389460239783,MEX
7810,1993,51761.602,71903.9651,0.418561150155434,MEX
7811,1994,60889.73,87283.8054,0.410935258010993,MEX
7812,1995,79548.952,79699.6904,0.4995267199841447,MEX
7813,1996,96013.318,98419.0922,0.4938133405908888,MEX
7814,1997,110439.421,120789.0057,0.47762043177885793,MEX
7815,1998,117493.758,137709.1606,0.4603934729451797,MEX
7816,1999,136391.122642,156172.2383782,0.46619345008339197,MEX
7817,2000,166119.224,184919.37864,0.4732220979422025,MEX
7818,2001,158779.149,178493.63002,0.4707736849127232,MEX
7819,2002,161044.558,178785.93668,0.4738967235758137,MEX
7820,2003,164765.331,180771.4407,0.47683877518845263,MEX
7821,2004,187996.605,208607.44986,0.4740158419871986,MEX
7822,2005,214230.869,235113.37314,0.47676335626273175,MEX
7823,2006,249923.226,271365.10178,0.4794337656942041,MEX
7824,2007,271873.615,298767.78188,0.47643514208130994,MEX
7825,2008,291340.039,327079.5307,0.471104171462962,MEX
7826,2009,229700.39,248427.63352,0.48041607833177274,MEX
7827,2010,298450.754,319553.3187,0.4829268401033306,MEX
7828,2011,349375.639,371859.48616,0.4844129560696228,MEX
7829,2012,370728.607,392995.08904,0.4854224229551509,MEX
7830,2013,380002.56,404080.90506,0.4846455472325529,MEX
7831,2014,396906.534,423980.72072,0.4835091929102768,MEX
7832,2015,380547.555,418939.93736,0.47598937899161503,MEX
7833,2016,373948.264,410309.05802,0.4768183267155568,MEX
7834,2017,409410.812,445611.02136,0.4788308275019462,MEX
7835,2018,450707.311,492160.06276,0.478017718656075,MEX
7836,2019,460598.221,482497.96878,0.4883894410679845,MEX
7837,2020,417167.585,405947.09442,0.5068158732073073,MEX
7838,2021,494945.068,536041.25164,0.4800694815939216,MEX
7839,2022,577692.071,642102.12956,0.4735979813109335,MEX
7840,2000,6.396851,1.641656,0.7957760066639241,FSM
7841,2001,6.580588,1.615083,0.8029346224366498,FSM
7842,2002,12.340127,7.148459,0.6331976573364533,FSM
7843,2003,11.593599,147.343393,0.07294462323786774,FSM
7844,2004,10.691607,184.228818,0.05485113732950254,FSM
7845,2005,3.411885,166.664608,0.020060885192405748,FSM
7846,2006,5.847903,192.813351,0.0294365553536675,FSM
7847,2007,12.023408,206.615934,0.054991969377588046,FSM
7848,2008,4.874631,226.779534,0.021042708211181958,FSM
7849,2009,6.51779,246.556848,0.025754417951592605,FSM
7850,2010,6.602423,211.812688,0.030228783025914356,FSM
7851,2011,8.371243,247.668043,0.03269515054029638,FSM
7852,2012,51.541886,268.000068,0.16129927652629927,FSM
7853,2013,24.180585,244.262662,0.09007708433805378,FSM
7854,2014,20.339333,330.004398,0.05805536449002423,FSM
7855,2015,19.58064,327.233026,0.05645867484356859,FSM
7856,2016,51.902927,413.194439,0.11159583088243076,FSM
7857,2017,126.497784,893.29951,0.12404208634819146,FSM
7858,2018,232.693379,748.215645,0.2372221819829032,FSM
7859,2019,255.212834,706.038678,0.26550058003965976,FSM
7860,2020,181.130711,749.202285,0.19469449302430203,FSM
7861,2021,279.760042,711.464824,0.28223670692296776,FSM
7862,2022,276.802635,794.439274,0.2583941429797068,FSM
7863,1948,1248.5,1018.5,0.550727834142038,Middle East
7864,1949,592.7,996.3,0.37300188797986156,Middle East
7865,1950,795.2,1210.0,0.39656892080590467,Middle East
7866,1951,861.0,1321.2,0.3945559527082761,Middle East
7867,1952,794.9,1086.6,0.4224820621844273,Middle East
7868,1953,907.7,1045.7,0.4646769734821337,Middle East
7869,1954,1068.9,1353.8,0.4412019647500723,Middle East
7870,1955,1121.2,1636.3,0.40660018132366277,Middle East
7871,1956,1096.2,1712.5,0.390287321536654,Middle East
7872,1957,1259.5,2005.5,0.38575803981623275,Middle East
7873,1958,1479.8,2182.8,0.4040299240976355,Middle East
7874,1959,1392.5,2611.5,0.3477772227772228,Middle East
7875,1960,1554.4,2648.3,0.36985747257715273,Middle East
7876,1961,1498.4,2714.0,0.3557117082898111,Middle East
7877,1962,1598.7,2434.1,0.3964243205713152,Middle East
7878,1963,2086.8,3335.6,0.3848480377692535,Middle East
7879,1964,4847.0,4048.4,0.5448883692695101,Middle East
7880,1965,5338.9,4074.8,0.5671415065277201,Middle East
7881,1966,5851.3,5117.8,0.5334348305695089,Middle East
7882,1967,6599.18,4971.11,0.5703556263499013,Middle East
7883,1968,7892.99,5470.95,0.5906184852670695,Middle East
7884,1969,6617.53,5887.57,0.5291864919113002,Middle East
7885,1970,7368.15,4842.927,0.6033988648175751,Middle East
7886,1971,9300.961,5649.124,0.6221343223132176,Middle East
7887,1972,9017.021,7012.214,0.5625359538368487,Middle East
7888,1973,18169.407,13932.798,0.5659862616913698,Middle East
7889,1974,54710.892,22794.549,0.7058974349942736,Middle East
7890,1975,49726.264,36361.28,0.5776243773431381,Middle East
7891,1976,73565.04,46204.063,0.6142238537095831,Middle East
7892,1977,79583.814,61611.816,0.5636421892093969,Middle East
7893,1978,74140.322,65657.551,0.5303394136762009,Middle East
7894,1979,118963.629,67180.902,0.6390927971985381,Middle East
7895,1980,183669.715,82753.315,0.6893912849801309,Middle East
7896,1981,207269.907144515,125604.039689056,0.622667857055647,Middle East
7897,1982,164412.988024231,130251.583840222,0.5579665956580002,Middle East
7898,1983,129593.088083729,121829.897596261,0.5154385058837638,Middle East
7899,1984,117596.914633265,109478.228071933,0.5178766518972799,Middle East
7900,1985,103547.168075213,87744.0890869429,0.541306328430039,Middle East
7901,1986,74673.5216795669,77269.0919713764,0.4914587151377681,Middle East
7902,1987,87854.3140451579,75549.4402288851,0.5376517475713453,Middle East
7903,1988,87091.6212305115,84252.0536277333,0.508286175737527,Middle East
7904,1989,108053.064546279,86983.8378715055,0.5540134364666066,Middle East
7905,1990,139550.832986948,97797.5048645449,0.5879579113558567,Middle East
7906,1991,121895.600792289,109931.490691854,0.5258039516085922,Middle East
7907,1992,126939.020741531,125664.852510635,0.5025220678814059,Middle East
7908,1993,117920.176555469,114606.499500928,0.5071253696796003,Middle East
7909,1994,122927.979639851,103097.005172582,0.5438689875009299,Middle East
7910,1995,139693.504711754,112743.207949177,0.553380303677889,Middle East
7911,1996,167543.407831056,124219.447268333,0.5742451614479245,Middle East
7912,1997,172159.723162436,124941.560128542,0.5794647577938077,Middle East
7913,1998,125263.541308508,131103.140817963,0.4886108454869845,Middle East
7914,1999,159614.153462638,132717.036662817,0.5460045279264898,Middle East
7915,2000,303692.489935,148227.907234,0.6720043880237414,Middle East
7916,2001,280142.118792,164502.393054,0.6300361554648527,Middle East
7917,2002,277463.970907,173026.963677,0.6159146602211218,Middle East
7918,2003,349852.19586,197997.074265,0.6385920634341193,Middle East
7919,2004,443769.084787,264754.282209,0.626329498021348,Middle East
7920,2005,575842.790759,296691.255124,0.6599659846811479,Middle East
7921,2006,688382.053524,345728.964943,0.6656751946657333,Middle East
7922,2007,797390.847634,472870.053569,0.6277378504516917,Middle East
7923,2008,1155013.419823,652518.004392,0.6390004645836879,Middle East
7924,2009,660119.885097,553522.693202,0.543916221217454,Middle East
7925,2010,927407.793768,638359.061978,0.5923026090152752,Middle East
7926,2011,1220335.865764,704771.854575,0.6339052370269993,Middle East
7927,2012,1376419.624943,839391.056832,0.6211810585913431,Middle East
7928,2013,1287306.285256,762057.249363,0.6281493075826222,Middle East
7929,2014,1207383.481768,771445.319446,0.6101505501775986,Middle East
7930,2015,757996.677569,700924.337255,0.5195597773059993,Middle East
7931,2016,655137.235464,635312.236656,0.5076814316392531,Middle East
7932,2017,778128.629476,708247.606228,0.5235071785895788,Middle East
7933,2018,964468.804800688,711108.572412,0.5756038592530269,Middle East
7934,2019,851384.524725,719524.106963,0.5419694739407953,Middle East
7935,2020,614643.587834,645411.3137408,0.4877911169313548,Middle East
7936,2021,942925.24121,780980.129944,0.5469704178593029,Middle East
7937,2022,1327632.31045,933221.422194,0.5872260957356911,Middle East
7938,1948,2600.1,2516.8,0.5081396939553245,Middle East and Central Asia
7939,1949,1577.0,2422.0,0.3943485871467867,Middle East and Central Asia
7940,1950,1993.4,2542.6,0.4394620811287478,Middle East and Central Asia
7941,1951,2512.8,3133.3,0.4450505658773313,Middle East and Central Asia
7942,1952,2210.9,3157.0,0.4118742897594963,Middle East and Central Asia
7943,1953,2211.4,2728.1,0.4476971353375848,Middle East and Central Asia
7944,1954,2324.9,3033.9,0.43384712995446745,Middle East and Central Asia
7945,1955,2525.1,3389.1,0.4269554631226539,Middle East and Central Asia
7946,1956,2482.9,3626.8,0.4063865656251534,Middle East and Central Asia
7947,1957,2665.9,4235.7,0.3862727483482091,Middle East and Central Asia
7948,1958,2910.8,4464.5,0.39466869144305994,Middle East and Central Asia
7949,1959,2782.8,4799.8,0.3669981272914304,Middle East and Central Asia
7950,1960,3064.3,5332.4,0.36494098872175973,Middle East and Central Asia
7951,1961,2966.8,5253.3,0.36092018345275606,Middle East and Central Asia
7952,1962,2766.1,4132.7,0.4009537890647649,Middle East and Central Asia
7953,1963,3395.6,5235.3,0.3934236290537487,Middle East and Central Asia
7954,1964,6242.4,6923.5,0.4741339369127823,Middle East and Central Asia
7955,1965,6675.7,6192.1,0.5187910909401763,Middle East and Central Asia
7956,1966,8014.1,7656.7,0.5114033744288742,Middle East and Central Asia
7957,1967,8864.51,7903.059,0.52866995806011,Middle East and Central Asia
7958,1968,10462.645,8561.652,0.5499622403918526,Middle East and Central Asia
7959,1969,9305.694,9187.391,0.5031985739534534,Middle East and Central Asia
7960,1970,10261.761,8677.468,0.5418256994516514,Middle East and Central Asia
7961,1971,12082.749,9432.442,0.5615915285158287,Middle East and Central Asia
7962,1972,12558.887,10877.402,0.5358735335615634,Middle East and Central Asia
7963,1973,23139.969,19930.001,0.5372645720440483,Middle East and Central Asia
7964,1974,63962.637,33024.767,0.6594942679360714,Middle East and Central Asia
7965,1975,58626.326,50025.48,0.5395798575129068,Middle East and Central Asia
7966,1976,83051.979,59268.193,0.5835573259425234,Middle East and Central Asia
7967,1977,89808.706,77901.666,0.5354988181649254,Middle East and Central Asia
7968,1978,85368.662,84196.865,0.503455292537144,Middle East and Central Asia
7969,1979,135626.988,87598.085,0.6075795437190875,Middle East and Central Asia
7970,1980,207894.293,108836.191,0.6563760152622379,Middle East and Central Asia
7971,1981,229913.619659015,153930.928645567,0.5989758632095452,Middle East and Central Asia
7972,1982,183493.158722063,156615.271336625,0.5395137035868237,Middle East and Central Asia
7973,1983,150760.193347067,146869.949062273,0.5065353667698139,Middle East and Central Asia
7974,1984,138771.785015738,135298.299850319,0.5063368557117727,Middle East and Central Asia
7975,1985,123791.161676224,112224.685324505,0.524503601132519,Middle East and Central Asia
7976,1986,90620.3682392874,100942.946466063,0.4730570066542932,Middle East and Central Asia
7977,1987,107124.565295887,98275.5878635801,0.5215408248148599,Middle East and Central Asia
7978,1988,106998.413319895,109300.619891427,0.4946781857104216,Middle East and Central Asia
7979,1989,129307.24202932,116138.672683667,0.5268258067384248,Middle East and Central Asia
7980,1990,165608.977505245,131687.53375603,0.5570498516873001,Middle East and Central Asia
7981,1991,150242.443589422,141791.358719978,0.514469360742854,Middle East and Central Asia
7982,1992,157434.405472103,163621.704607464,0.49036414673150497,Middle East and Central Asia
7983,1993,148481.516383659,154198.157896509,0.4905566148000435,Middle East and Central Asia
7984,1994,157260.440863573,147993.203306976,0.5151795690789841,Middle East and Central Asia
7985,1995,181457.866058444,166666.528007754,0.5212443286118543,Middle East and Central Asia
7986,1996,212718.229768263,180180.191677196,0.5414076976580369,Middle East and Central Asia
7987,1997,219662.805339343,180708.063310266,0.5486483221924531,Middle East and Central Asia
7988,1998,166227.77777297,183194.05918779,0.4757223510093256,Middle East and Central Asia
7989,1999,209282.070435524,189553.206856516,0.5247330974744266,Middle East and Central Asia
7990,2000,370247.543292,206044.481618,0.6424651518469683,Middle East and Central Asia
7991,2001,343212.728347,225878.581053,0.6030890345327069,Middle East and Central Asia
7992,2002,342448.551655,238899.324746,0.5890596070893482,Middle East and Central Asia
7993,2003,436629.93945,277255.047727,0.6116250478618657,Middle East and Central Asia
7994,2004,545725.04683,367693.269756,0.5974535838844425,Middle East and Central Asia
7995,2005,710620.425477,421291.416173,0.6278054520934431,Middle East and Central Asia
7996,2006,858675.716242,494439.111105,0.6345919052011072,Middle East and Central Asia
7997,2007,993718.199987,660846.14176,0.6005920561165761,Middle East and Central Asia
7998,2008,1452937.144439,895507.012087,0.6186807297084282,Middle East and Central Asia
7999,2009,829822.451636,756339.567888,0.5231637382699567,Middle East and Central Asia
8000,2010,1150559.661225,863891.953226,0.5711527906509498,Middle East and Central Asia
8001,2011,1511264.453067,983159.794953,0.6058570246286681,Middle East and Central Asia
8002,2012,1659731.852923,1128090.682637,0.5953506120824882,Middle East and Central Asia
8003,2013,1561234.816641,1068371.982415,0.5937141694345581,Middle East and Central Asia
8004,2014,1470629.907486,1081691.632655,0.5761930400841098,Middle East and Central Asia
8005,2015,942097.103817,968579.354117,0.49306992814245615,Middle East and Central Asia
8006,2016,825214.543081,880829.872115,0.4837005037680655,Middle East and Central Asia
8007,2017,973565.839659,980447.842881,0.49823900843594554,Middle East and Central Asia
8008,2018,1191903.67553869,1004120.644926,0.5427552256281374,Middle East and Central Asia
8009,2019,1076403.676014,1015408.682627,0.514579460995877,Middle East and Central Asia
8010,2020,795516.08143,893114.2314608,0.4711013863467487,Middle East and Central Asia
8011,2021,1185932.197942,1093526.03854,0.5202693249481541,Middle East and Central Asia
8012,2022,1651553.041423,1287714.005684,0.5618928171390741,Middle East and Central Asia
8013,1948,2600.1,2516.8,0.5081396939553245,"['AFG', 'BGD']"
8014,1949,1577.0,2422.0,0.3943485871467867,"['AFG', 'BGD']"
8015,1950,1993.4,2542.6,0.4394620811287478,"['AFG', 'BGD']"
8016,1951,2512.8,3133.3,0.4450505658773313,"['AFG', 'BGD']"
8017,1952,2210.9,3157.0,0.4118742897594963,"['AFG', 'BGD']"
8018,1953,2211.4,2728.1,0.4476971353375848,"['AFG', 'BGD']"
8019,1954,2324.9,3033.9,0.43384712995446745,"['AFG', 'BGD']"
8020,1955,2525.1,3389.1,0.4269554631226539,"['AFG', 'BGD']"
8021,1956,2482.9,3626.8,0.4063865656251534,"['AFG', 'BGD']"
8022,1957,2665.9,4235.7,0.3862727483482091,"['AFG', 'BGD']"
8023,1958,2910.8,4464.5,0.39466869144305994,"['AFG', 'BGD']"
8024,1959,2782.8,4799.8,0.3669981272914304,"['AFG', 'BGD']"
8025,1960,3064.3,5332.4,0.36494098872175973,"['AFG', 'BGD']"
8026,1961,2966.8,5253.3,0.36092018345275606,"['AFG', 'BGD']"
8027,1962,2766.1,4132.7,0.4009537890647649,"['AFG', 'BGD']"
8028,1963,3395.6,5235.3,0.3934236290537487,"['AFG', 'BGD']"
8029,1964,6242.4,6923.5,0.4741339369127823,"['AFG', 'BGD']"
8030,1965,6675.7,6192.1,0.5187910909401763,"['AFG', 'BGD']"
8031,1966,8014.1,7656.7,0.5114033744288742,"['AFG', 'BGD']"
8032,1967,8864.51,7903.059,0.52866995806011,"['AFG', 'BGD']"
8033,1968,10462.645,8561.652,0.5499622403918526,"['AFG', 'BGD']"
8034,1969,9305.694,9187.391,0.5031985739534534,"['AFG', 'BGD']"
8035,1970,10261.761,8677.468,0.5418256994516514,"['AFG', 'BGD']"
8036,1971,12082.749,9432.442,0.5615915285158287,"['AFG', 'BGD']"
8037,1972,12558.887,10877.402,0.5358735335615634,"['AFG', 'BGD']"
8038,1973,23139.969,19930.001,0.5372645720440483,"['AFG', 'BGD']"
8039,1974,63962.637,33024.767,0.6594942679360714,"['AFG', 'BGD']"
8040,1975,58626.326,50025.48,0.5395798575129068,"['AFG', 'BGD']"
8041,1976,83051.979,59268.193,0.5835573259425234,"['AFG', 'BGD']"
8042,1977,89808.706,77901.666,0.5354988181649254,"['AFG', 'BGD']"
8043,1978,85368.662,84196.865,0.503455292537144,"['AFG', 'BGD']"
8044,1979,135626.988,87598.085,0.6075795437190875,"['AFG', 'BGD']"
8045,1980,207894.293,108836.191,0.6563760152622379,"['AFG', 'BGD']"
8046,1981,229913.619659015,153930.928645567,0.5989758632095452,"['AFG', 'BGD']"
8047,1982,183493.158722063,156615.271336625,0.5395137035868237,"['AFG', 'BGD']"
8048,1983,150760.193347067,146869.949062273,0.5065353667698139,"['AFG', 'BGD']"
8049,1984,138771.785015738,135298.299850319,0.5063368557117727,"['AFG', 'BGD']"
8050,1985,123791.161676224,112224.685324505,0.524503601132519,"['AFG', 'BGD']"
8051,1986,90620.3682392874,100942.946466063,0.4730570066542932,"['AFG', 'BGD']"
8052,1987,107124.565295887,98275.5878635801,0.5215408248148599,"['AFG', 'BGD']"
8053,1988,106998.413319895,109300.619891427,0.4946781857104216,"['AFG', 'BGD']"
8054,1989,129307.24202932,116138.672683667,0.5268258067384248,"['AFG', 'BGD']"
8055,1990,165608.977505245,131687.53375603,0.5570498516873001,"['AFG', 'BGD']"
8056,1991,150242.443589422,141791.358719978,0.514469360742854,"['AFG', 'BGD']"
8057,1992,154964.728127996,161122.098633397,0.4902600013918817,"['AFG', 'BGD']"
8058,1993,144019.698566636,148878.528118733,0.491705600940158,"['AFG', 'BGD']"
8059,1994,149008.906308205,138975.391422824,0.5174202464586318,"['AFG', 'BGD']"
8060,1995,169315.823092739,155509.118836743,0.5212525309386392,"['AFG', 'BGD']"
8061,1996,200081.931018907,165793.697019254,0.5468577726583045,"['AFG', 'BGD']"
8062,1997,206860.805756376,166566.901085752,0.553951412726398,"['AFG', 'BGD']"
8063,1998,155549.432915835,170120.591919621,0.47762895278564854,"['AFG', 'BGD']"
8064,1999,197869.668695954,177895.863406941,0.5265774846048727,"['AFG', 'BGD']"
8065,2000,350261.073627,190849.248617,0.647300669065889,"['AFG', 'BGD']"
8066,2001,323849.113198,208489.019249,0.6083522735997926,"['AFG', 'BGD']"
8067,2002,322602.554549,221277.351643,0.5931503460161205,"['AFG', 'BGD']"
8068,2003,411250.030201,254817.781306,0.6174296717184599,"['AFG', 'BGD']"
8069,2004,511831.78645,338442.700566,0.601960654195624,"['AFG', 'BGD']"
8070,2005,665179.084127,385614.874998,0.6330252266399561,"['AFG', 'BGD']"
8071,2006,795146.204404,448852.536048,0.6391856989461967,"['AFG', 'BGD']"
8072,2007,917262.031504,598461.567985,0.6051644454260916,"['AFG', 'BGD']"
8073,2008,1309409.59395,816480.056156,0.6159348834897008,"['AFG', 'BGD']"
8074,2009,760551.134911,692657.38404,0.5233599479997575,"['AFG', 'BGD']"
8075,2010,1057287.092283,794715.245376,0.570888638088573,"['AFG', 'BGD']"
8076,2011,1375292.046501,886877.176171,0.6079527706050877,"['AFG', 'BGD']"
8077,2012,1521053.126569,1021905.129997,0.5981431754302658,"['AFG', 'BGD']"
8078,2013,1429870.571926,950794.451394,0.6006181289343882,"['AFG', 'BGD']"
8079,2014,1344819.73197,970184.768966,0.5809145215165948,"['AFG', 'BGD']"
8080,2015,862226.673359,880575.093452,0.4947359417340464,"['AFG', 'BGD']"
8081,2016,751901.684753,812553.982133,0.4806155269644916,"['AFG', 'BGD']"
8082,2017,883829.771914,906833.426107,0.49357677808467193,"['AFG', 'BGD']"
8083,2018,1082462.34088969,918316.795539,0.5410204060913197,"['AFG', 'BGD']"
8084,2019,965070.301982,915212.568676,0.5132580406076221,"['AFG', 'BGD']"
8085,2020,711728.020797,817545.5188498,0.46540269111134963,"['AFG', 'BGD']"
8086,2021,1076733.757332,1000890.740861,0.5182523397603763,"['AFG', 'BGD']"
8087,2022,1493565.253447,1173321.206976,0.5600408099901271,"['AFG', 'BGD']"
8088,1992,470.0,640.0,0.42342342342342343,MDA
8089,1993,483.922,630.505,0.43423391572530096,MDA
8090,1994,565.4,659.3,0.46166408099942846,MDA
8091,1995,745.5,840.6,0.47002080574995275,MDA
8092,1996,795.187,1072.2575,0.42581559987458795,MDA
8093,1997,875.1889,1164.043,0.4291757597554256,MDA
8094,1998,632.1188,1023.7086,0.3817540403063749,MDA
8095,1999,463.4324,586.368,0.44144810765932263,MDA
8096,2000,470.730733,776.457501,0.37743359034928164,MDA
8097,2001,565.185689,892.234211,0.38779880046924026,MDA
8098,2002,642.997124,1038.000211,0.38250930600077365,MDA
8099,2003,789.586388,1402.347089,0.3602237003472711,MDA
8100,2004,984.752977,1768.533897,0.35766450139986394,MDA
8101,2005,1090.395896,2290.275462,0.3225382714056762,MDA
8102,2006,1047.353685,2689.240731,0.280296325583333,MDA
8103,2007,1333.5971,3685.727412,0.2656925442480735,MDA
8104,2008,1591.113096,4898.762003,0.2451685235429521,MDA
8105,2009,1282.980716,3278.269793,0.28127828398560784,MDA
8106,2010,1541.039602,3855.288588,0.28557188290655094,MDA
8107,2011,2216.814997,5191.270427,0.29924263424638387,MDA
8108,2012,2152.847886,5208.490213,0.2924533362069667,MDA
8109,2013,2384.10219,5486.762632,0.3029021897741341,MDA
8110,2014,2300.78001,5281.437705,0.3034442028020821,MDA
8111,2015,1998.615293,4037.902342,0.3310874603284415,MDA
8112,2016,2066.67149,4067.13534,0.33693129687294054,MDA
8113,2017,2446.300123,4904.12035,0.33281090952359726,MDA
8114,2018,2710.622777,5763.741727,0.31986148055356295,MDA
8115,2019,2779.255974,5845.975246,0.32222393847895014,MDA
8116,2020,2484.791709,5409.572081,0.3147551563493377,MDA
8117,2021,3142.979849,7175.313106,0.30460269568882387,MDA
8118,2022,4332.145453,9218.981583,0.31968894111103807,MDA
8119,1981,44.9590909090909,28.699,0.6103754571182082,MNG
8120,1982,42.1654545454546,36.41,0.5366237432462142,MNG
8121,1983,32.3018181818182,30.789,0.5119892103590928,MNG
8122,1984,51.2879785409292,38.3161838619028,0.572383884471289,MNG
8123,1985,72.4408833236882,93.0610222503327,0.4377042250506834,MNG
8124,1986,72.5981400599989,87.1066130771481,0.4545772034577768,MNG
8125,1987,87.0810907415991,108.343606446776,0.4455992103068698,MNG
8126,1988,98.2246769728331,119.178549419315,0.4518087362496505,MNG
8127,1989,116.70035307424,122.070783182318,0.4887540215449083,MNG
8128,1990,90.799205551371,144.461868651546,0.3859508244574919,MNG
8129,1991,67.392678883551,162.797167064585,0.2927699899444532,MNG
8130,1992,388.4,418.3,0.4814677079459526,MNG
8131,1993,382.66,379.01,0.5023960507831475,MNG
8132,1994,356.1,258.4,0.5794955248169243,MNG
8133,1995,473.27,415.31,0.5326138333070742,MNG
8134,1996,424.29,450.94,0.48477543045827953,MNG
8135,1997,451.54,468.26,0.4909110676233964,MNG
8136,1998,345.14,503.28,0.4068032342471889,MNG
8137,1999,358.29,512.75,0.4113358743570904,MNG
8138,2000,535.829978,614.463901,0.4658200724025587,MNG
8139,2001,596.242893,637.585904,0.48324605038376317,MNG
8140,2002,471.046788,647.007133,0.42130954433636836,MNG
8141,2003,615.8546,801.3918,0.4345430688693229,MNG
8142,2004,851.8838,1011.309791,0.4572170085357491,MNG
8143,2005,1053.82518,1160.282405,0.4759593378114913,MNG
8144,2006,1642.740684,1438.059592,0.5332188187586361,MNG
8145,2007,2047.648459,2062.893405,0.4981456281793996,MNG
8146,2008,2805.177171,4639.802818,0.3767877382000576,MNG
8147,2009,2094.173412,3026.347899,0.4089766031246188,MNG
8148,2010,3078.660922,4377.909003,0.4128789715601038,MNG
8149,2011,4964.3356,8634.432969,0.36505773113286083,MNG
8150,2012,4505.004747,8995.487299,0.3336918929806538,MNG
8151,2013,4556.921732,6497.553791,0.41222414600483254,MNG
8152,2014,6293.775,5344.260862,0.5407935732996111,MNG
8153,2015,5217.830729,3896.161982,0.5725076697397854,MNG
8154,2016,5781.049603,4393.480117,0.5681883843374336,MNG
8155,2017,6200.66002,4335.436632,0.5885158635881504,MNG
8156,2018,7011.764054,5874.79377,0.5441145843416192,MNG
8157,2019,7619.753904,6127.350933,0.5542806281284491,MNG
8158,2020,7576.310853,5298.767161,0.5884477627833968,MNG
8159,2021,9241.12315,6844.466405,0.5744970128948438,MNG
8160,2022,13706.663513,11739.369219,0.5386562085084093,MNG
8161,2006,553.885868,1829.836784,0.23236170849627852,MNE
8162,2007,623.209203,2835.857038,0.18016688885953022,MNE
8163,2008,612.077154,3628.498812,0.14433821228708063,MNE
8164,2009,386.369472,2204.425386,0.14913163456649103,MNE
8165,2010,436.526928,2055.961344,0.17513700381415478,MNE
8166,2011,629.665761,2505.408732,0.20084555005181498,MNE
8167,2012,470.629101,2300.651426,0.1698236957301003,MNE
8168,2013,495.144978,2321.587711,0.17578699602332054,MNE
8169,2014,438.137005,2335.682796,0.15795438652577418,MNE
8170,2015,351.763674,2039.258972,0.14711850370320584,MNE
8171,2016,360.533091,2282.658937,0.13640064254915343,MNE
8172,2017,419.286381,2606.310683,0.13857971571590605,MNE
8173,2018,467.806604,3007.294075,0.1346167053020797,MNE
8174,2019,462.953913,2908.788343,0.1373040635523595,MNE
8175,2020,413.623756,2372.929151,0.14843563707724716,MNE
8176,2021,509.212946,2979.448483,0.1459622713075835,MNE
8177,2022,742.312922,3703.684488,0.16696206802333696,MNE
8178,2000,1.836023,33.54399,0.051894356285284576,"['MSR', 'GBR']"
8179,2001,2.566492,30.994925,0.07647150297617053,"['MSR', 'GBR']"
8180,2002,1.910748,42.04717,0.04346766377788866,"['MSR', 'GBR']"
8181,2003,4.8316,45.209533,0.0965525700627122,"['MSR', 'GBR']"
8182,2004,6.284044,46.904431,0.1181467225747683,"['MSR', 'GBR']"
8183,2005,2.143366,46.64612,0.043930899374508676,"['MSR', 'GBR']"
8184,2006,1.834687,43.206738,0.04073332493365829,"['MSR', 'GBR']"
8185,2007,3.783805,42.534318,0.08169167390483419,"['MSR', 'GBR']"
8186,2008,7.126957,61.955415,0.10316607252570886,"['MSR', 'GBR']"
8187,2009,4.837886,55.223941,0.08054843220137144,"['MSR', 'GBR']"
8188,2010,4.235879,36.35045,0.10436713800846585,"['MSR', 'GBR']"
8189,2011,2.77322,57.231996,0.04621631559496427,"['MSR', 'GBR']"
8190,2012,2.406453,63.645771,0.03643258098319293,"['MSR', 'GBR']"
8191,2013,7.523733,71.6332,0.0950483137086678,"['MSR', 'GBR']"
8192,2014,4.76282,72.344757,0.06176850817138242,"['MSR', 'GBR']"
8193,2015,4.435816,45.200024,0.08936719918510495,"['MSR', 'GBR']"
8194,2016,5.073149,57.574693,0.08097883084304802,"['MSR', 'GBR']"
8195,2017,18.09129,50.039483,0.2655377181761904,"['MSR', 'GBR']"
8196,2018,8.687123,59.726333,0.12697974211389057,"['MSR', 'GBR']"
8197,2019,7.863808,54.464465,0.12616759010794348,"['MSR', 'GBR']"
8198,2020,16.936944,51.322776,0.24812501428368003,"['MSR', 'GBR']"
8199,2021,15.89472,60.697115,0.20752499270973204,"['MSR', 'GBR']"
8200,2022,6.065476,65.540028,0.08470684041271463,"['MSR', 'GBR']"
8201,1948,165.2,374.6,0.30603927380511303,MAR
8202,1949,174.0,354.2,0.32942067398712604,MAR
8203,1950,178.3,313.1,0.36284086284086287,MAR
8204,1951,236.3,437.1,0.35090585090585086,MAR
8205,1952,253.9,501.8,0.3359798861982268,MAR
8206,1953,250.5,480.4,0.34272814338486796,MAR
8207,1954,267.2,469.7,0.362600081422174,MAR
8208,1955,305.4,482.9,0.3874159583914753,MAR
8209,1956,324.4,436.3,0.426449322991981,MAR
8210,1957,312.7,403.8,0.43642707606420095,MAR
8211,1958,331.7,385.7,0.4623640925564539,MAR
8212,1959,322.6,326.8,0.4967662457653218,MAR
8213,1960,351.7,408.9,0.46239810675782284,MAR
8214,1961,341.7,445.0,0.4343460022880386,MAR
8215,1962,345.0,425.5,0.44776119402985076,MAR
8216,1963,380.5,439.1,0.4642508540751586,MAR
8217,1964,429.9,457.5,0.4844489519945909,MAR
8218,1965,428.6,449.7,0.48798815894341346,MAR
8219,1966,428.8,479.1,0.47229871131181844,MAR
8220,1967,423.6,517.8,0.44996813256851503,MAR
8221,1968,440.8,552.2,0.4439073514602216,MAR
8222,1969,480.82,559.16,0.4623358141502721,MAR
8223,1970,481.06,685.69,0.4123076923076923,MAR
8224,1971,494.13,697.57,0.41464294705043214,MAR
8225,1972,638.41,778.72,0.4504950145717047,MAR
8226,1973,911.4,1143.68,0.4434863849582498,MAR
8227,1974,1701.17,1909.61,0.4711364303557681,MAR
8228,1975,1540.6,2567.09,0.375052645160662,MAR
8229,1976,1261.01,2613.68,0.3254479713215767,MAR
8230,1977,1298.43,3195.61,0.28892266201457933,MAR
8231,1978,1500.24,2965.54,0.3359413137234705,MAR
8232,1979,1930.77,3661.82,0.34523717991127545,MAR
8233,1980,2404.63,4232.17,0.3623176832208293,MAR
8234,1981,2285.07,4355.56,0.3441043997331578,MAR
8235,1982,2067.64,4316.02,0.323895696199359,MAR
8236,1983,2049.82,3592.91,0.36326742551920793,MAR
8237,1984,2168.6,3907.12,0.35692889073229184,MAR
8238,1985,2171.54,3865.38,0.35970991830271065,MAR
8239,1986,2440.17,3901.14,0.3848053477909139,MAR
8240,1987,2945.32,4244.35,0.40965997048543257,MAR
8241,1988,3463.75970715604,4702.53314898619,0.4241532563396613,MAR
8242,1989,3308.96541893011,5488.89348351882,0.3761103077032802,MAR
8243,1990,4585.92487276977,7919.20692783099,0.3667234336985922,MAR
8244,1991,4723.993640334,7519.73670295927,0.38582960485744894,MAR
8245,1992,4401.22456649049,8020.26057573532,0.35432353829647084,MAR
8246,1993,3799.43872156842,6858.40460607656,0.3564922662836672,MAR
8247,1994,4225.80760134374,8063.12756615847,0.3438709329770724,MAR
8248,1995,4948.68687759695,9501.81758251602,0.3424577246598256,MAR
8249,1996,5125.08815570361,9305.33609598041,0.35515852246031615,MAR
8250,1997,5127.33411193045,8946.33449399818,0.3643210775739401,MAR
8251,1998,4634.22250476972,8427.16531692583,0.35480322367214834,MAR
8252,1999,8184.10333698102,11940.7232359994,0.4066670242996773,MAR
8253,2000,7209.341959,11347.517987,0.38850010077022756,MAR
8254,2001,7052.211436,11309.63627,0.3840687249407687,MAR
8255,2002,7678.373957,11591.933182,0.3984562312170005,MAR
8256,2003,8572.306378,13918.916054,0.3811400827108231,MAR
8257,2004,9678.422264,17480.939743,0.3563567605713825,MAR
8258,2005,10535.465434,20133.226127,0.34352510321625457,MAR
8259,2006,11906.247498,22759.756448,0.3434560128864759,MAR
8260,2007,14081.493725,30641.688785,0.3148589374616042,MAR
8261,2008,18913.59453,40622.306206,0.317683856231025,MAR
8262,2009,13460.194069,32393.014119,0.2935496686254245,MAR
8263,2010,16598.805495,35138.809106,0.32082664852273984,MAR
8264,2011,20789.299903,43625.511952,0.322740986184939,MAR
8265,2012,19506.780064,42892.196761,0.31261378081098046,MAR
8266,2013,21752.745341,44741.931877,0.32713513699276325,MAR
8267,2014,23599.356989,45611.266875,0.34097882191284856,MAR
8268,2015,21140.045523,37030.049077,0.36341776076465243,MAR
8269,2016,22825.542608,41686.266516,0.3538196016813971,MAR
8270,2017,24585.299079,44567.3303,0.3555222599600235,MAR
8271,2018,27642.72905,50733.294759,0.35269369006731566,MAR
8272,2019,29579.707004,51046.57269,0.3668742637792978,MAR
8273,2020,27838.975265,44666.072947,0.38395913045393293,MAR
8274,2021,36530.850612,58632.189863,0.38387645486796856,MAR
8275,2022,41999.045131,72645.189182,0.36634241035039605,MAR
8276,1948,38.7,74.1,0.34308510638297873,MOZ
8277,1949,36.2,66.5,0.3524829600778968,MOZ
8278,1950,35.8,55.9,0.3904034896401309,MOZ
8279,1951,42.1,69.8,0.3762287756925827,MOZ
8280,1952,45.4,74.4,0.37896494156928207,MOZ
8281,1953,60.2,81.9,0.42364532019704426,MOZ
8282,1954,59.7,87.9,0.4044715447154471,MOZ
8283,1955,58.8,94.5,0.3835616438356164,MOZ
8284,1956,52.5,95.2,0.35545023696682465,MOZ
8285,1957,65.4,104.0,0.3860684769775679,MOZ
8286,1958,72.5,116.4,0.3838009528851244,MOZ
8287,1959,74.8,119.8,0.38437821171634123,MOZ
8288,1960,63.1,123.9,0.33743315508021393,MOZ
8289,1961,83.8,126.1,0.39923773225345405,MOZ
8290,1962,85.801,130.6,0.3964907740722085,MOZ
8291,1963,96.6,138.1,0.4115892628887942,MOZ
8292,1964,105.5,155.6,0.4040597472232861,MOZ
8293,1965,107.3,172.7,0.38321428571428573,MOZ
8294,1966,111.7,208.4,0.3489534520462355,MOZ
8295,1967,127.3,200.5,0.38834655277608293,MOZ
8296,1968,153.1,233.0,0.3965293965293965,MOZ
8297,1969,141.108,260.525,0.3513356721185759,MOZ
8298,1970,121.629,325.622,0.27194796657805126,MOZ
8299,1971,159.427,335.365,0.32221014082685245,MOZ
8300,1972,174.435,327.211,0.34772528835074934,MOZ
8301,1973,224.545,464.321,0.3259632497466851,MOZ
8302,1974,298.177,466.977,0.38969540772184424,MOZ
8303,1975,198.011,410.371,0.3254714965268532,MOZ
8304,1977,128.991,277.697,0.317174344952396,MOZ
8305,1981,315.780909090909,746.4743,0.2972740508951311,MOZ
8306,1982,277.745329658053,759.4906,0.2677744973119256,MOZ
8307,1983,224.469028133287,627.863970986341,0.2633583685779388,MOZ
8308,1984,124.851513399927,484.136527947672,0.20501472101759072,MOZ
8309,1985,136.240693958289,425.219958034975,0.24265403724128384,MOZ
8310,1986,117.666953917837,478.38000599755,0.19741222056487068,MOZ
8311,1987,226.004280148171,719.80497729739,0.2389533390258441,MOZ
8312,1988,317.592455917302,782.907358991362,0.28858928608148887,MOZ
8313,1989,219.072002342612,759.4244832754,0.2238863455950458,MOZ
8314,1990,381.426563526225,912.95108981812,0.2946795029570505,MOZ
8315,1991,153.077140141405,725.0,0.1743322233815967,MOZ
8316,1992,134.174238001973,884.500366162277,0.13171452145118845,MOZ
8317,1993,131.260341021968,1095.0995294278,0.10703248221407327,MOZ
8318,1994,161.190163949046,1261.60419185544,0.11329125905753597,MOZ
8319,1995,174.295,746.88,0.1892094336038212,MOZ
8320,1996,226.082,791.922,0.22208360674417782,MOZ
8321,1997,223.163996868607,1096.23370678699,0.16914081042455686,MOZ
8322,1998,244.7,817.4,0.23039261839751438,MOZ
8323,1999,271.0,1199.9,0.18424094092052484,MOZ
8324,2000,364.303939,1046.310007,0.2582591360542242,MOZ
8325,2001,703.696463,1063.428508,0.3982154485665972,MOZ
8326,2002,682.060578,1269.667992,0.3494648735915159,MOZ
8327,2003,1043.119297,1812.748015,0.3652548186034212,MOZ
8328,2004,1493.481402,2034.684998,0.423302427572577,MOZ
8329,2005,1738.056639,2466.560006,0.4133686339911257,MOZ
8330,2006,2381.131621,2913.725006,0.44970653385738973,MOZ
8331,2007,2403.10672,3091.829007,0.43733117899670026,MOZ
8332,2008,2624.098679,4007.70851,0.39568380144593496,MOZ
8333,2009,2145.427805,3763.704118,0.36306987776823746,MOZ
8334,2010,2242.151072,3563.852903,0.3861780118743374,MOZ
8335,2011,3629.789961,6597.968992,0.3548959236994251,MOZ
8336,2012,3531.793178,6429.709196,0.35454422891251325,MOZ
8337,2013,4166.547563,10302.654932,0.28795972441741685,MOZ
8338,2014,4778.667796,8901.6686,0.34930923170845685,MOZ
8339,2015,3288.952334,8102.639923,0.28871752603144457,MOZ
8340,2016,3352.109254,5295.313259,0.38764258933348594,MOZ
8341,2017,4754.835929,5741.355884,0.45300581522442496,MOZ
8342,2018,6036.569691,7729.704946,0.4385042322761267,MOZ
8343,2019,4786.746253,7698.913031,0.38337953520276435,MOZ
8344,2020,3719.9309,6514.084016,0.36348695311985607,MOZ
8345,2021,5704.483319,8758.064534,0.3944314222487918,MOZ
8346,2022,8298.873673,14670.982862,0.36129410126505174,MOZ
8347,1948,191.0,172.6,0.5253025302530253,MMR
8348,1949,119.6,93.6,0.5609756097560976,MMR
8349,1950,147.2,109.9,0.572539867755737,MMR
8350,1951,185.6,126.0,0.5956354300385108,MMR
8351,1952,237.8,180.5,0.5684915132679895,MMR
8352,1953,208.6,167.4,0.5547872340425531,MMR
8353,1954,240.4,189.5,0.5591998139102117,MMR
8354,1955,205.6,175.7,0.5392079727248886,MMR
8355,1956,223.8,192.3,0.5378514780100937,MMR
8356,1957,189.2,282.5,0.4011023955904176,MMR
8357,1958,180.7,200.5,0.4740293809024134,MMR
8358,1959,211.2,217.5,0.4926522043386984,MMR
8359,1960,215.5,255.6,0.45744003396306515,MMR
8360,1961,210.3,210.3,0.5,MMR
8361,1962,251.2,215.8,0.5379014989293361,MMR
8362,1963,257.3,230.7,0.5272540983606557,MMR
8363,1964,223.7,264.7,0.458026208026208,MMR
8364,1965,212.2,241.9,0.46729795199295304,MMR
8365,1966,184.8,158.0,0.5390898483080514,MMR
8366,1967,127.7,142.5,0.47261287934863067,MMR
8367,1968,109.6,105.7,0.5090571295866233,MMR
8368,1969,131.635,164.874,0.4439494248066669,MMR
8369,1970,105.869,152.089,0.41041177245908256,MMR
8370,1971,123.484,168.532,0.42286724015122457,MMR
8371,1972,122.972,134.24,0.47809588977186135,MMR
8372,1973,130.491,106.338,0.5509924882510165,MMR
8373,1974,192.399,178.405,0.5188698072296956,MMR
8374,1975,158.399,249.961,0.3878905867371927,MMR
8375,1976,192.597,193.91,0.4983014537899702,MMR
8376,1977,204.049,273.109,0.42763403317140236,MMR
8377,1978,308.997,475.152,0.3940539361779458,MMR
8378,1979,389.022,572.711,0.4045010413493142,MMR
8379,1980,415.038,785.453,0.34572354145095635,MMR
8380,1981,446.123,823.003,0.3515198648518744,MMR
8381,1982,390.963892879098,408.7359440698,0.4888882988531623,MMR
8382,1983,378.080299685856,267.7460646488,0.5854209746846776,MMR
8383,1984,300.618562831846,238.8856723,0.5572126097552872,MMR
8384,1985,302.744961927638,282.592257901374,0.5172146100944606,MMR
8385,1986,287.694652966,304.389753995581,0.4859014180805269,MMR
8386,1987,218.584260671506,268.427981594901,0.4488270349309522,MMR
8387,1988,147.432910624652,243.948843996326,0.3766984763186752,MMR
8388,1989,214.516912931861,194.301350602954,0.524724387499368,MMR
8389,1990,408.736395386508,667.70922188083,0.3797092847329576,MMR
8390,1991,526.987084505569,1067.91212022668,0.3304203067767153,MMR
8391,1992,683.572763404508,1045.81231562292,0.39526926171291804,MMR
8392,1993,864.361035346611,1280.14318240882,0.40305867817378505,MMR
8393,1994,939.751943112651,1538.22337470394,0.379241849729436,MMR
8394,1995,1197.8345570461,2341.62783003246,0.33842273940217843,MMR
8395,1996,1183.02127748484,2677.76956862619,0.3064194162904463,MMR
8396,1997,1132.0621052206,2861.52544166812,0.2834699607631125,MMR
8397,1998,1138.60261177389,2358.46510271154,0.3255878080534759,MMR
8398,1999,1393.30415275375,2527.68704973956,0.35534488112795687,MMR
8399,2000,3646.558013,3218.078027,0.53120922824628,MMR
8400,2001,4315.887464,1930.881424,0.6908991738578307,MMR
8401,2002,4197.407907,2043.448002,0.6725692706583526,MMR
8402,2003,4101.149925,2093.430094,0.6620545561476264,MMR
8403,2004,4344.365325,2234.759072,0.6603257611272675,MMR
8404,2005,4746.345206,2271.227768,0.6763513858117522,MMR
8405,2006,5442.765075,2245.428913,0.7079380519658136,MMR
8406,2007,5594.732865,3100.868646,0.64339802806311,MMR
8407,2008,7481.866251,3949.485599,0.654504064713921,MMR
8408,2009,7266.386405,3042.161252,0.7048894419250005,MMR
8409,2010,7876.38412,4019.564733,0.6621064210454873,MMR
8410,2011,8131.854521,8770.799218,0.48109927864386925,MMR
8411,2012,9064.993634,7914.414636,0.5338815988079189,MMR
8412,2013,11439.76669,12119.537392,0.48557320072710963,MMR
8413,2014,11401.204448,16723.60839,0.40537885580506344,MMR
8414,2015,11431.581422,17016.38824,0.40184173274305707,MMR
8415,2016,11835.188119,15745.06378,0.42911820248563853,MMR
8416,2017,13878.32887,19246.846454,0.41896620121267136,MMR
8417,2018,16698.15535,19351.027468,0.46320482309691396,MMR
8418,2019,18075.757119,18596.024175,0.49290643871606643,MMR
8419,2020,16294.094505,17568.258068,0.4811861334759129,MMR
8420,2021,15737.55335,14532.85436,0.519898955467356,MMR
8421,2022,17823.565815,17573.874615,0.503526966879057,MMR
8422,2000,1355.519967,1435.196596,0.4857247005918888,NAM
8423,2001,1399.374256,1500.117988,0.4826273492870223,NAM
8424,2002,1310.163908,1316.950796,0.4987083000240404,NAM
8425,2003,1318.792086,1399.911683,0.4850811997384626,NAM
8426,2004,2766.571713,2437.787324,0.5315874045835934,NAM
8427,2005,2987.052582,2540.761665,0.5403677563190736,NAM
8428,2006,3455.662847,2836.910591,0.5491652788876042,NAM
8429,2007,4138.224515,4073.604899,0.5039345444688508,NAM
8430,2008,4966.764148,4769.410716,0.5101350599571565,NAM
8431,2009,6000.752965,6276.544164,0.48876824450438044,NAM
8432,2010,5832.936285,6027.05508,0.49181623371274685,NAM
8433,2011,6047.773741,6488.63228,0.4824168689869526,NAM
8434,2012,5332.818661,6985.447774,0.43291957428748373,NAM
8435,2013,6298.576644,7454.281732,0.45798309499002726,NAM
8436,2014,5958.08342,8522.245863,0.4114604926142687,NAM
8437,2015,4573.996923,7717.970671,0.3721126734203787,NAM
8438,2016,4643.547853,6672.094657,0.4103653724387587,NAM
8439,2017,5181.196496,6661.810521,0.43748994563312094,NAM
8440,2018,4932.196373,6718.536972,0.4233378472366024,NAM
8441,2019,4523.10985,6168.952316,0.42303437632294816,NAM
8442,2020,3915.980812,5054.331682,0.4365489847337307,NAM
8443,2021,5480.391918,7513.108055,0.42177949970277806,NAM
8444,2022,4895.778207,6832.19907,0.4174443803366861,NAM
8445,2000,33.228726,59.78964,0.35722758234647983,NRU
8446,2001,16.626221,25.197059,0.3975350809405671,NRU
8447,2002,14.413338,276.460454,0.04955186199793482,NRU
8448,2003,30.349649,27.169741,0.5276420525321982,NRU
8449,2004,13.233402,19.130143,0.4088984071429752,NRU
8450,2005,4.239522,28.130714,0.13096975876233957,NRU
8451,2006,4.781268,35.265945,0.11939078007750502,NRU
8452,2007,18.82325,48.349467,0.2802216560631305,NRU
8453,2008,118.442894,94.457601,0.5563298197122557,NRU
8454,2009,23.656375,108.781519,0.17862240394731738,NRU
8455,2010,51.912348,24.207226,0.6819842160440888,NRU
8456,2011,71.66021,41.541929,0.633028762822229,NRU
8457,2012,93.252839,51.734769,0.6431779949083648,NRU
8458,2013,62.291921,164.539757,0.27461737950023013,NRU
8459,2014,33.206618,147.002443,0.1842671939786646,NRU
8460,2015,27.689685,89.258012,0.23676981856256651,NRU
8461,2016,18.533269,51.249891,0.2655836880989626,NRU
8462,2017,23.384137,51.424101,0.3125877259667578,NRU
8463,2018,15.229374,128.59732,0.10588697811548112,NRU
8464,2019,36.730958,98.644076,0.27132741477280076,NRU
8465,2020,117.142917,118.377802,0.49737839412760965,NRU
8466,2021,205.268352,109.886368,0.6513256472884176,NRU
8467,2022,215.232482,78.456083,0.7328595922691099,NRU
8468,1981,83.2672727272727,213.992129136284,0.2801165319086954,NPL
8469,1982,71.0350064837708,225.362272762256,0.2396614660717167,NPL
8470,1983,76.7603460148331,240.209711081509,0.242169076530475,NPL
8471,1984,83.2574319519942,266.638168241678,0.23794935376698087,NPL
8472,1985,134.80986986556,295.17053592276,0.3135256119831821,NPL
8473,1986,134.291710702589,313.976658401895,0.2995788236650885,NPL
8474,1987,147.644957332226,466.43507930285,0.24043275880008078,NPL
8475,1988,226.592881233008,534.269264505571,0.2978106908092415,NPL
8476,1989,183.389507451618,429.221322328237,0.29935727306276966,NPL
8477,1990,211.312846350093,586.63027164296,0.26482194229781264,NPL
8478,1991,257.302378494379,500.139869680787,0.33969900558659527,NPL
8479,1992,352.893970990193,476.903951887903,0.42527699968952076,NPL
8480,1993,367.642933930279,542.462854232179,0.40395626388946015,NPL
8481,1994,351.371409258325,634.050205222769,0.3565696186229395,NPL
8482,1995,323.536145745478,767.351471749777,0.29658063814890195,NPL
8483,1996,360.1,1348.3,0.21078201826270196,NPL
8484,1997,396.9,1640.4,0.19481666912089526,NPL
8485,1998,443.6,1433.5,0.23632198604229931,NPL
8486,1999,575.626098610844,1199.61436583649,0.3242524661525487,NPL
8487,2000,776.843015,1470.372523,0.34569136865766903,NPL
8488,2001,800.906777,1575.249592,0.3370597943169287,NPL
8489,2002,645.93274,1416.116131,0.31324802679713015,NPL
8490,2003,678.938661,1598.377688,0.2981310265910711,NPL
8491,2004,768.338952,1863.606645,0.291928128330534,NPL
8492,2005,845.827258,2080.408877,0.2890495568294252,NPL
8493,2006,861.903706,2408.355983,0.26355818435433126,NPL
8494,2007,909.784876,3102.41242,0.22675477023700183,NPL
8495,2008,996.152157,3631.373167,0.21526671109363765,NPL
8496,2009,966.41793,3803.57009,0.20260384846836577,NPL
8497,2010,954.648677,5189.395881,0.15537788959505133,NPL
8498,2011,1008.763629,5977.505581,0.14439232137749242,NPL
8499,2012,960.250296,6066.864413,0.13664929857629282,NPL
8500,2013,962.418833,6507.637008,0.12883689941348056,NPL
8501,2014,1012.322454,7664.116942,0.11667487177593835,NPL
8502,2015,762.072048,6708.133471,0.10201487041577603,NPL
8503,2016,840.924561,8954.593807,0.08584788771844198,NPL
8504,2017,847.358163,9922.825206,0.07867629862635071,NPL
8505,2018,899.962914,12793.462462,0.0657222637352181,NPL
8506,2019,1089.569799,12434.387208,0.08056590230477949,NPL
8507,2020,970.550425,9891.99551,0.0893483379317926,NPL
8508,2021,1852.749105,16094.300946,0.10323418610496192,NPL
8509,2022,1491.423201,14011.941931,0.09619996615583808,NPL
8510,1948,408.1,504.35,0.4472573839662447,Netherlands Antilles
8511,1951,707.0,846.56,0.45508380751306676,Netherlands Antilles
8512,1952,733.1,881.32,0.4540949690910668,Netherlands Antilles
8513,1953,711.0,807.07,0.4683578491110423,Netherlands Antilles
8514,1954,747.9,898.92,0.45414799431631875,Netherlands Antilles
8515,1955,783.1,912.89,0.46173621306729407,Netherlands Antilles
8516,1956,807.6,960.96,0.456642692359886,Netherlands Antilles
8517,1957,841.2,1047.31,0.4454305245934626,Netherlands Antilles
8518,1958,770.2,985.38,0.4387154102917555,Netherlands Antilles
8519,1959,683.6,852.5,0.44502311047457854,Netherlands Antilles
8520,1960,643.2,749.43,0.4618599340815579,Netherlands Antilles
8521,1961,700.3,788.81,0.4702809060445501,Netherlands Antilles
8522,1962,673.9,792.22,0.45964859629498267,Netherlands Antilles
8523,1963,645.0,765.16,0.4573949055426335,Netherlands Antilles
8524,1964,615.2,712.69,0.4632913870877859,Netherlands Antilles
8525,1965,589.6,677.82,0.46519701440722094,Netherlands Antilles
8526,1966,584.0,676.5,0.4633082110273701,Netherlands Antilles
8527,1967,592.3,733.22,0.4468435029271531,Netherlands Antilles
8528,1968,581.0,733.69,0.4419292761031117,Netherlands Antilles
8529,1969,608.71,759.55,0.44487889728560365,Netherlands Antilles
8530,1970,655.88,870.45,0.4297104820058572,Netherlands Antilles
8531,1971,713.22,876.29,0.44870431768280794,Netherlands Antilles
8532,1972,754.66,871.52,0.4640691682347588,Netherlands Antilles
8533,1973,1356.86,1602.67,0.4584714464796775,Netherlands Antilles
8534,1974,3182.74,3601.18,0.46915942404981187,Netherlands Antilles
8535,1975,2382.29,2787.21,0.46083567076119547,Netherlands Antilles
8536,1976,2488.68,3660.58,0.4047121117012453,Netherlands Antilles
8537,1977,2616.23,3114.72,0.4565089557577714,Netherlands Antilles
8538,1980,5220.46,5660.27,0.47978949941777804,Netherlands Antilles
8539,1981,5420.5,5831.05,0.481755846972195,Netherlands Antilles
8540,1982,4844.08,5050.68,0.48956013081671507,Netherlands Antilles
8541,1983,4394.13,4514.81,0.4932270281312928,Netherlands Antilles
8542,1984,3728.66,4008.74,0.4819008969421253,Netherlands Antilles
8543,1985,1743.64901368408,1600.66195968022,0.5213776552394017,Netherlands Antilles
8544,1986,920.417,1282.015,0.41790938380844445,Netherlands Antilles
8545,1987,1251.854,1684.353,0.42635073072164187,Netherlands Antilles
8546,1988,1107.423,1404.303,0.4409011970254717,Netherlands Antilles
8547,1989,1414.239,1620.108,0.46607688573521755,Netherlands Antilles
8548,1990,1737.344,2135.653,0.44857871049215897,Netherlands Antilles
8549,1991,1555.12513458608,2189.03751731844,0.4153465752335957,Netherlands Antilles
8550,1992,1507.127,1868.984,0.44640919685401337,Netherlands Antilles
8551,1993,1285.2530726257,1806.73575418996,0.41567196539624657,Netherlands Antilles
8552,1994,1235.39608938547,1810.47318435754,0.4055972132603431,Netherlands Antilles
8553,1995,1382.10124845915,1853.32733866052,0.4271771764523974,Netherlands Antilles
8554,1996,1848.07636801801,3806.78404589641,0.32681202235701706,Netherlands Antilles
8555,1997,1663.35092187089,3677.63506060419,0.3114314336957073,Netherlands Antilles
8556,1998,1254.09102063472,3657.7072068511,0.25532217785677364,Netherlands Antilles
8557,1999,1425.64560762333,3688.74247713006,0.27875194138539316,Netherlands Antilles
8558,2000,1993.956345,2854.081093,0.4112914494782827,Netherlands Antilles
8559,2001,2408.445711,2826.236399,0.46009397712977834,Netherlands Antilles
8560,2002,1621.512545,2269.931065,0.4166866354771616,Netherlands Antilles
8561,2003,747.51619,2485.912938,0.23118372489653657,Netherlands Antilles
8562,2004,174.855556,929.563643,0.15832353888661438,Netherlands Antilles
8563,2005,235.854001,1255.34116,0.1581644087698324,Netherlands Antilles
8564,2006,338.297941,1450.925129,0.18907532921537837,Netherlands Antilles
8565,2007,276.350243,1567.948743,0.14984026185437593,Netherlands Antilles
8566,2008,314.638628,2020.091982,0.13476442492009816,Netherlands Antilles
8567,2009,295.266376,1610.756098,0.15491232660040502,Netherlands Antilles
8568,1948,1009.0,1865.2,0.3510542063878645,NLD
8569,1949,1287.1,1845.0,0.41093834807317775,NLD
8570,1950,1387.7,2050.1,0.40365931700506136,NLD
8571,1951,1930.0,2538.5,0.43191227481257694,NLD
8572,1952,2076.7,2238.9,0.4812077115580683,NLD
8573,1953,2088.6,2361.6,0.4693272212484832,NLD
8574,1954,2350.7,2818.7,0.4547336247920455,NLD
8575,1955,2632.3,3170.3,0.45364147106469516,NLD
8576,1956,2803.8,3679.7,0.4324516079278168,NLD
8577,1957,3038.1,4076.2,0.4270413111620258,NLD
8578,1958,3186.7,3589.3,0.47029220779220776,NLD
8579,1959,3577.3,3906.4,0.4780122132100431,NLD
8580,1960,4004.8,4507.9,0.4704500334793896,NLD
8581,1961,4258.3,5063.9,0.4567913153547446,NLD
8582,1962,4555.6,5330.7,0.4607992879034624,NLD
8583,1963,4933.8,5944.9,0.4535284546866813,NLD
8584,1964,5767.5,7034.7,0.45050850635047096,NLD
8585,1965,6356.1,7446.0,0.46051687786641166,NLD
8586,1966,6741.1,8009.8,0.4569958443213634,NLD
8587,1967,7278.1,8328.8,0.46633860664193405,NLD
8588,1968,8331.9,9290.3,0.47280702749940423,NLD
8589,1969,9954.4,10987.3,0.4753386783307946,NLD
8590,1970,11753.9,13391.4,0.46743924311899243,NLD
8591,1971,13963.8,15405.3,0.47545890068132834,NLD
8592,1972,16780.8,17523.4,0.48917625247054297,NLD
8593,1973,24060.1,24752.8,0.49290453957867697,NLD
8594,1974,32814.8,33699.4,0.493350292118074,NLD
8595,1975,35025.3,35583.0,0.49605074757500184,NLD
8596,1976,40114.4,40533.2,0.4974035185176,NLD
8597,1977,43723.2,46573.9,0.48421488619235825,NLD
8598,1978,50119.6,53840.0,0.4821065106060431,NLD
8599,1979,63673.1,68174.4,0.48292990007394904,NLD
8600,1980,73907.5,78037.9,0.48640827560426314,NLD
8601,1981,68714.2,67098.7,0.5059475204490884,NLD
8602,1982,66298.7,63752.8,0.5097880455050499,NLD
8603,1983,64687.4,61725.6,0.5117147761701724,NLD
8604,1984,65767.4,62308.1,0.5135049248294951,NLD
8605,1985,68191.2,65072.3,0.5117020039245554,NLD
8606,1986,80520.6,75581.0,0.5158217468623,NLD
8607,1987,92653.7,91317.1,0.5036326417018353,NLD
8608,1988,102996.1,99371.5908045977,0.5089552565950414,NLD
8609,1989,107253.869077471,104044.912551593,0.5075934099125837,NLD
8610,1990,130661.714298556,123379.067598335,0.5143336173149885,NLD
8611,1991,133007.997325727,125468.895703334,0.5145837052087,NLD
8612,1992,138575.563356418,129811.424409528,0.5163274289484798,NLD
8613,1993,128184.942864402,113274.384004578,0.5308759223616877,NLD
8614,1994,146086.414975924,130799.656647424,0.5276047802601187,NLD
8615,1995,177315.390058751,157679.519566612,0.5293077147263201,NLD
8616,1996,177402.128780818,160989.449680118,0.5242510159019733,NLD
8617,1997,172671.045967445,158254.067120944,0.5217828419124091,NLD
8618,1998,169112.417651309,158797.627195588,0.5157280794196728,NLD
8619,1999,220153.103013639,207942.280179965,0.5142618015903149,NLD
8620,2000,230935.062639,213201.578916,0.5199639953831686,NLD
8621,2001,229434.126515,202137.928899,0.5316241485906857,NLD
8622,2002,242470.417108,218210.568379,0.5263304211518023,NLD
8623,2003,293964.054315,263676.334248,0.5271570358677296,NLD
8624,2004,354347.060267,318912.820429,0.5263154250342148,NLD
8625,2005,402814.126192,362473.361446,0.5263566080705884,NLD
8626,2006,459306.576802,416575.890249,0.5243929340753158,NLD
8627,2007,547042.426473,492456.35096,0.5262559594575945,NLD
8628,2008,632515.9835,580670.894611,0.521367313570736,NLD
8629,2009,494705.007283,442756.595161,0.5277069546030304,NLD
8630,2010,569687.146983,511791.150942,0.5267670632652006,NLD
8631,2011,662778.353047,593370.963541,0.5276270458413842,NLD
8632,2012,649801.139124,586064.057157,0.5257864215930667,NLD
8633,2013,659535.870121,587731.173772,0.5287848126432017,NLD
8634,2014,662782.986801,587392.190646,0.5301520928886768,NLD
8635,2015,563104.724857,509485.407079,0.5249952503670803,NLD
8636,2016,564802.246921,498230.308352,0.5313122764861625,NLD
8637,2017,642476.020806,571146.664026,0.5293869576069575,NLD
8638,2018,715400.058608,640514.199339,0.5276145260771817,NLD
8639,2019,698069.837491,630767.182808,0.5253238936208506,NLD
8640,2020,666835.920877,591252.133967,0.5300391481418891,NLD
8641,2021,827842.688667,752299.780123,0.5239038283053828,NLD
8642,2022,940161.935646,892466.323245,0.5130128988706806,NLD
8643,1963,46.0,38.5,0.5443786982248521,NCL
8644,1964,62.3,54.5,0.533390410958904,NCL
8645,1965,65.1,75.9,0.4617021276595744,NCL
8646,1966,77.6,67.2,0.5359116022099447,NCL
8647,1967,79.0,78.9,0.5003166561114629,NCL
8648,1968,113.226,93.446,0.547853603777967,NCL
8649,1969,136.624,130.809,0.5108718819293057,NCL
8650,1970,191.682,230.383,0.4541527963702273,NCL
8651,1971,199.759,232.942,0.4616559702889524,NCL
8652,1972,189.821,208.674,0.47634474711100516,NCL
8653,1973,184.721,217.106,0.45970280742707686,NCL
8654,1974,261.392,283.395,0.4798058690827791,NCL
8655,1975,292.936,347.071,0.4577074938242862,NCL
8656,1976,300.553,276.389,0.5209414464538896,NCL
8657,1977,309.568,334.445,0.480685948886125,NCL
8658,1978,224.337,329.191,0.4052857308031391,NCL
8659,1979,378.598,409.653,0.4803013253392638,NCL
8660,1980,410.871,544.329,0.4301413316582915,NCL
8661,1981,343.208,447.623,0.4339839991097972,NCL
8662,1982,265.512,366.931,0.4198196517314604,NCL
8663,1983,154.956,305.964,0.3361884925800573,NCL
8664,1984,207.102,310.441,0.4001638511196171,NCL
8665,1985,272.282,348.19,0.43883043876274835,NCL
8666,1986,208.96,533.998,0.2812541220365081,NCL
8667,1987,224.129,627.497,0.2631777329485009,NCL
8668,1988,468.16,603.714,0.43676775441889626,NCL
8669,1989,671.551597803505,764.100928424265,0.4677675033025099,NCL
8670,1990,405.429169935259,749.377171280054,0.3510797918797252,NCL
8671,1991,447.614375011599,865.613948174571,0.3408503815433951,NCL
8672,1992,409.828060879955,926.289543400343,0.3067305299825831,NCL
8673,1993,409.368958194669,924.207367965093,0.30697077487383856,NCL
8674,1994,354.668377892253,864.772991980174,0.29084496118854564,NCL
8675,1995,525.009799308567,957.289952092598,0.35418598620980274,NCL
8676,1996,480.889734138059,1000.75318198198,0.32456520319845983,NCL
8677,1997,518.151314673452,928.850589011403,0.3580861319905361,NCL
8678,1998,371.341874125874,915.916344988345,0.28847504611887403,NCL
8679,1999,388.729625658894,1008.54408112213,0.2782057829989743,NCL
8680,2000,572.990556,923.48967,0.3828921665951902,NCL
8681,2001,428.669584,931.420663,0.31517730896573365,NCL
8682,2002,457.559606,1007.597363,0.31229391504194526,NCL
8683,2003,738.536169,1541.011595,0.323983634238076,NCL
8684,2004,1007.404648,1636.302433,0.3810575896399772,NCL
8685,2005,918.546951,1637.800016,0.3593201403634032,NCL
8686,2006,1359.04399,1941.804304,0.4117256744184075,NCL
8687,2007,2120.870963,2468.246278,0.46215227278391513,NCL
8688,2008,1272.596992,2907.840786,0.30441715905859845,NCL
8689,2009,1033.661988,2346.362994,0.3058148958971215,NCL
8690,2010,1461.10704,3050.42604,0.3238604292800619,NCL
8691,2011,1633.498984,3410.819957,0.32382944122010066,NCL
8692,2012,1309.610006,3017.75401,0.30263458335324844,NCL
8693,2013,1209.490998,3002.021316,0.2871868601640755,NCL
8694,2014,1590.089016,3085.931559,0.340051757791934,NCL
8695,2015,1190.871,2451.804001,0.32692211072167515,NCL
8696,2016,1326.472993,2206.715722,0.3754322511471058,NCL
8697,2017,1548.566889,2290.643286,0.4033555909712601,NCL
8698,2018,1903.977179,2588.709541,0.4237947797526377,NCL
8699,2019,1689.366098,2695.691084,0.38525520372564204,NCL
8700,2020,1709.488431,2351.917979,0.4209104577150653,NCL
8701,2021,1747.066939,2547.462366,0.40681220569759274,NCL
8702,2022,2235.189043,2935.564464,0.4322753037780805,NCL
8703,1948,492.1,474.1,0.509314841647692,NZL
8704,1949,553.0,472.89,0.5390441470333077,NZL
8705,1950,510.9,480.15,0.5155138489480854,NZL
8706,1951,690.7,619.08,0.5273404693918062,NZL
8707,1952,670.4,697.95,0.48993313114334786,NZL
8708,1953,655.1,491.59,0.5712965143151156,NZL
8709,1954,676.0,640.64,0.5134281200631912,NZL
8710,1955,722.1,753.72,0.4892873114607472,NZL
8711,1956,773.3,709.28,0.5215907404659444,NZL
8712,1957,770.5,792.22,0.4930505784785502,NZL
8713,1958,698.6,770.88,0.47540626616217985,NZL
8714,1959,819.8,622.82,0.5682716169192165,NZL
8715,1960,844.9,764.17,0.5250859191955601,NZL
8716,1961,791.5,876.37,0.4745573695791639,NZL
8717,1962,785.9,737.11,0.516017622996566,NZL
8718,1963,904.8,896.28,0.5023652475181558,NZL
8719,1964,1067.4,955.9,0.527553995947215,NZL
8720,1965,995.5,1052.04,0.48619318792306865,NZL
8721,1966,1076.5,1106.71,0.4930812885613386,NZL
8722,1967,983.6,968.33,0.5039115132202486,NZL
8723,1968,997.3,915.97,0.5212541878563924,NZL
8724,1969,1196.28,1006.63,0.543045335488059,NZL
8725,1970,1211.23,1245.66,0.49299317429758754,NZL
8726,1971,1341.9,1347.4,0.4989774290707619,NZL
8727,1972,1787.84,1524.13,0.5398116528833292,NZL
8728,1973,2591.49,2181.14,0.5429899237946374,NZL
8729,1974,2432.72,3652.06,0.3998041013808223,NZL
8730,1975,2155.12,3148.57,0.4063435080104606,NZL
8731,1976,2797.52,3254.69,0.46223115192632114,NZL
8732,1977,3194.61,3360.87,0.48731900638854825,NZL
8733,1978,3738.81,3489.16,0.517269717500211,NZL
8734,1979,4695.68,4553.01,0.5077129842172243,NZL
8735,1980,5411.05,5475.24,0.49705179634200447,NZL
8736,1981,5616.77,5744.29,0.49438784761281074,NZL
8737,1982,5657.77,5806.19,0.4935266696673751,NZL
8738,1983,5416.77,5358.19,0.5027183395576411,NZL
8739,1984,5393.55,6166.8,0.46655594337541684,NZL
8740,1985,5733.51,5962.65,0.49020447736693074,NZL
8741,1986,5939.26,6003.77,0.49729926157767335,NZL
8742,1987,7231.76,7273.21,0.4985711793957519,NZL
8743,1988,8839.59,7383.48,0.5448777574158282,NZL
8744,1989,8867.4449869151,8813.36112969662,0.5015294511138739,NZL
8745,1990,9446.90352735727,9566.21426271789,0.4968624100298033,NZL
8746,1991,9601.46633135525,8393.38000598194,0.5335675643661005,NZL
8747,1992,9370.73100044523,9201.345,0.5045602333428199,NZL
8748,1993,10481.7983118374,9656.90187957482,0.5204803791809349,NZL
8749,1994,11978.7157723822,11935.2889654272,0.5009079785554766,NZL
8750,1995,13679.4140573184,13794.9335637131,0.4978976842691932,NZL
8751,1996,14362.5860687708,14762.1386935536,0.4931406626492887,NZL
8752,1997,14015.7150218876,14551.4301556976,0.490623579456754,NZL
8753,1998,11489.1702340852,12571.3342479036,0.4775116100614498,NZL
8754,1999,12258.9048206108,14372.9574799551,0.4603097103108073,NZL
8755,2000,12742.501618,13952.453638,0.47733744056888705,NZL
8756,2001,13478.963658,13367.349863,0.5020787545916257,NZL
8757,2002,14186.628547,15097.75973,0.48444339737641706,NZL
8758,2003,16326.630762,18476.030692,0.4691201787420634,NZL
8759,2004,20342.292341,23094.04357,0.46832431682729553,NZL
8760,2005,21765.761712,26132.99817,0.45441180033931133,NZL
8761,2006,22440.810143,26362.806196,0.4598185918666661,NZL
8762,2007,26999.03896,30780.471278,0.46727704767292183,NZL
8763,2008,30545.49708,34201.964872,0.4717636206751186,NZL
8764,2009,24916.259168,25640.701727,0.49283538264389976,NZL
8765,2010,31349.0922,30681.948377,0.5053774998516417,NZL
8766,2011,37501.859091,36721.735815,0.5052552242786675,NZL
8767,2012,37251.621958,38383.948486,0.49251458988573127,NZL
8768,2013,39583.712585,39655.017024,0.49955006573583494,NZL
8769,2014,41822.658708,42304.091809,0.497138644378623,NZL
8770,2015,34349.759788,36550.053255,0.4844830799083663,NZL
8771,2016,33680.607901,36263.340657,0.48153712501762536,NZL
8772,2017,38184.162023,40049.221313,0.4880801570220358,NZL
8773,2018,40189.082397,43414.064163,0.48071255748917596,NZL
8774,2019,40048.499899,42207.79019,0.4868746190190216,NZL
8775,2020,38824.427655,37205.019511,0.5106498745181208,NZL
8776,2021,39574.133382,44525.042202,0.47056505735270304,NZL
8777,2022,46319.748469,54664.713791,0.45868193415480785,NZL
8778,1948,26.0,25.96,0.5003849114703618,NIC
8779,1949,21.9,22.44,0.4939106901217861,NIC
8780,1950,33.2,26.07,0.5601484730892526,NIC
8781,1951,45.3,31.68,0.5884645362431801,NIC
8782,1952,50.4,42.9,0.5401929260450161,NIC
8783,1953,53.5,47.08,0.5319148936170213,NIC
8784,1954,62.9,64.35,0.4943025540275049,NIC
8785,1955,79.1,69.3,0.5330188679245284,NIC
8786,1956,63.8,68.8,0.48114630467571645,NIC
8787,1957,71.3,81.2,0.4675409836065574,NIC
8788,1958,71.3,77.7,0.4785234899328859,NIC
8789,1959,72.1,66.2,0.5213304410701373,NIC
8790,1960,62.7,71.1,0.468609865470852,NIC
8791,1961,68.3,74.4,0.4786264891380519,NIC
8792,1962,90.4,98.0,0.47983014861995754,NIC
8793,1963,106.6,110.7,0.490566037735849,NIC
8794,1964,125.6,137.1,0.47811191473163306,NIC
8795,1965,149.0,160.2,0.48188874514877106,NIC
8796,1966,142.2,181.8,0.43888888888888883,NIC
8797,1967,151.6,203.6,0.4268018018018018,NIC
8798,1968,161.2,183.3,0.46792452830188674,NIC
8799,1969,158.747,176.888,0.4729751068869457,NIC
8800,1970,180.115,198.885,0.4752374670184697,NIC
8801,1971,187.139,210.801,0.4702693873448259,NIC
8802,1972,249.439,218.45,0.5331157603619662,NIC
8803,1973,277.884,326.863,0.4595045531437113,NIC
8804,1974,380.103,560.417,0.4041413260749373,NIC
8805,1975,375.171,516.776,0.4206202834921806,NIC
8806,1976,541.983,532.129,0.5045870449264136,NIC
8807,1977,636.76,762.013,0.45522754585626113,NIC
8808,1978,645.965,593.239,0.5212741404966413,NIC
8809,1979,566.554,360.0,0.6114635520433779,NIC
8810,1980,414.089,881.882,0.3195202670430125,NIC
8811,1981,475.912,994.222,0.32372015068014204,NIC
8812,1982,370.194,774.881,0.3232923607623955,NIC
8813,1983,428.796,806.252,0.3471897448520219,NIC
8814,1984,386.651,825.883,0.31887848093331816,NIC
8815,1985,274.628,1066.509,0.20477251764733953,NIC
8816,1986,233.561,774.499,0.23169354998710393,NIC
8817,1987,262.445673380129,781.599681281922,0.25137382414299475,NIC
8818,1988,220.909,805.354,0.21525573853875665,NIC
8819,1989,253.836,605.789,0.2952868983568417,NIC
8820,1990,330.579,666.727,0.33147198552901513,NIC
8821,1991,272.415,751.32,0.26609913698369203,NIC
8822,1992,223.121,893.289,0.19985578774822868,NIC
8823,1993,269.7,753.4,0.26361059524973124,NIC
8824,1994,334.6,866.5,0.2785779701939889,NIC
8825,1995,466.0,975.2,0.32334165972800444,NIC
8826,1996,466.4,1153.7,0.28788346398370473,NIC
8827,1997,576.7,1449.8,0.2845793239575623,NIC
8828,1998,573.2,1491.7,0.277592135212359,NIC
8829,1999,545.2,1861.7,0.2265154347916407,NIC
8830,2000,627.378246,1778.871911,0.2607286047025908,NIC
8831,2001,543.052681,1736.017546,0.23827816912637856,NIC
8832,2002,545.988902,1724.369025,0.24048582626857323,NIC
8833,2003,580.7135,1878.508892,0.23613704148477838,NIC
8834,2004,759.847852,2206.118339,0.2561889795998689,NIC
8835,2005,866.023633,2622.954299,0.24821699932724026,NIC
8836,2006,1049.927948,3025.554863,0.2576205069902821,NIC
8837,2007,1224.792256,3660.642198,0.25070283257964676,NIC
8838,2008,1488.653151,4336.360987,0.2555621524227105,NIC
8839,2009,1389.675441,3472.721743,0.2858004783263711,NIC
8840,2010,1850.713123,4196.485862,0.30604468739835916,NIC
8841,2011,2263.711603,5196.649156,0.30343192187711737,NIC
8842,2012,2677.006448,5853.544978,0.31381399798386256,NIC
8843,2013,2400.11349,5619.414509,0.2992836349345353,NIC
8844,2014,4971.663224,5378.96194,0.4803249219469078,NIC
8845,2015,4704.755884,5511.418134,0.4605203352752835,NIC
8846,2016,2226.357664,5887.214828,0.27439918312126915,NIC
8847,2017,2500.073975,6081.899419,0.29131691048446984,NIC
8848,2018,2535.449676,5220.010753,0.32692445525467334,NIC
8849,2019,2696.767002,4680.612438,0.36554538422928123,NIC
8850,2020,2851.994639,4768.394149,0.37425841624919465,NIC
8851,2021,3513.117968,6607.619642,0.3471207439000091,NIC
8852,2022,3878.440278,7973.942511,0.3272287393214735,NIC
8853,1960,12.5,13.6,0.4789272030651341,NER
8854,1961,0.2,0.6,0.25,NER
8855,1962,14.4,27.3,0.3453237410071942,NER
8856,1963,19.6,22.5,0.4655581947743468,NER
8857,1964,21.2,32.5,0.39478584729981375,NER
8858,1965,25.2,37.2,0.4038461538461538,NER
8859,1966,34.8,45.0,0.43609022556390975,NER
8860,1967,25.4,45.5,0.3582510578279266,NER
8861,1968,28.856,39.804,0.42027381299155264,NER
8862,1969,24.371,49.022,0.33206164075593037,NER
8863,1970,31.661,58.366,0.3516833838737268,NER
8864,1971,38.412,53.909,0.4160700165726108,NER
8865,1972,54.158,68.366,0.4420195227057556,NER
8866,1973,62.342,86.287,0.41944707964125433,NER
8867,1974,52.726,98.88,0.3477830692716647,NER
8868,1975,91.247,101.638,0.4730642610882132,NER
8869,1976,133.582,126.271,0.5140675689716878,NER
8870,1977,160.656,195.873,0.450611310720867,NER
8871,1978,282.338,305.707,0.4801299220297766,NER
8872,1979,449.014,466.703,0.4903414482858787,NER
8873,1980,566.509,617.615,0.4784203343568748,NER
8874,1981,464.338,534.625,0.46482001835903836,NER
8875,1982,332.08,466.236,0.4159756286984101,NER
8876,1983,298.893,323.599,0.4801555682643311,NER
8877,1984,279.488952386506,311.474555000052,0.47293775147386236,NER
8878,1985,209.025794362102,368.648655383744,0.361840123713391,NER
8879,1986,316.613141371837,368.34197364449,0.4622392539754813,NER
8880,1987,312.318072882632,310.734238968393,0.5012710280373839,NER
8881,1988,288.539580127946,386.760748332215,0.42727593630212235,NER
8882,1989,243.598677917616,363.068923867896,0.4015356633528298,NER
8883,1990,282.588874521989,388.77961706062,0.4209147108703978,NER
8884,1991,277.717409796206,355.308561648619,0.4387140849250481,NER
8885,1992,271.013306028306,306.344963350069,0.4694023111855628,NER
8886,1993,220.858985358961,308.635414164938,0.4171129771297844,NER
8887,1994,187.887459915667,225.271869958322,0.4547578774826929,NER
8888,1995,192.776326653237,299.658362600093,0.3914759273875289,NER
8889,1996,219.426188514446,289.415104373818,0.43122716568254144,NER
8890,1997,192.268097857383,294.495493753485,0.39499276686060636,NER
8891,1998,206.137188228968,362.604214822283,0.36244449080559094,NER
8892,1999,178.689548655528,315.332586839281,0.36170352665787703,NER
8893,2000,196.711881,769.543749,0.20358161431876984,NER
8894,2001,162.731097,321.8103,0.33584560165042,NER
8895,2002,168.8599,395.359094,0.29928077890975785,NER
8896,2003,200.992686,490.770077,0.29055146757010397,NER
8897,2004,223.92933,532.550217,0.296015048771702,NER
8898,2005,359.524594,767.792792,0.31892047303171817,NER
8899,2006,337.064645,932.00694,0.26559939485210365,NER
8900,2007,513.12659,1029.617581,0.33260640334644315,NER
8901,2008,851.733358,1285.37114,0.3985454893745678,NER
8902,2009,668.996591,1680.622547,0.28472554559180646,NER
8903,2010,549.996493,2398.420593,0.18653958275155647,NER
8904,2011,1196.039918,2022.133328,0.3716518119360439,NER
8905,2012,1449.262589,1791.068356,0.4472575837465886,NER
8906,2013,1458.361486,1802.01495,0.4472984990006841,NER
8907,2014,1062.016766,2171.842752,0.32840534973418095,NER
8908,2015,930.004594,2575.307046,0.26531295631106855,NER
8909,2016,698.204179,1611.647355,0.302272318684877,NER
8910,2017,924.291667,1897.401521,0.3275663246914285,NER
8911,2018,918.395162,2723.163556,0.2521983669960969,NER
8912,2019,700.203181,2920.807952,0.19337228063695103,NER
8913,2020,728.70619,3114.536892,0.18960710380587892,NER
8914,2021,737.375676,2939.771323,0.2005292897456994,NER
8915,2022,428.399438,3899.144382,0.09899366842228763,NER
8916,1948,251.5,179.5,0.5835266821345708,NGA
8917,1949,297.4,209.6,0.5865877712031558,NGA
8918,1950,250.0,171.2,0.5935422602089269,NGA
8919,1951,331.2,234.3,0.5856763925729442,NGA
8920,1952,356.3,315.1,0.5306821566875186,NGA
8921,1953,342.6,301.3,0.5320701972355956,NGA
8922,1954,419.0,318.1,0.5684439017772351,NGA
8923,1955,370.9,379.9,0.49400639318060735,NGA
8924,1956,376.6,426.9,0.46869943995021784,NGA
8925,1957,354.5,423.7,0.45553842199948597,NGA
8926,1958,380.1,467.4,0.44849557522123895,NGA
8927,1959,458.0,502.5,0.47683498178032274,NGA
8928,1960,461.8,602.7,0.43381869422263974,NGA
8929,1961,485.9,621.9,0.4386170788951074,NGA
8930,1962,471.3,567.4,0.4537402522383749,NGA
8931,1963,530.9,580.1,0.47785778577857785,NGA
8932,1964,601.1,711.0,0.45812057007850016,NGA
8933,1965,749.9,766.4,0.4945591241838686,NGA
8934,1966,781.9,717.6,0.5214404801600533,NGA
8935,1967,677.7,626.4,0.5196687370600415,NGA
8936,1968,592.1,539.7,0.5231489662484538,NGA
8937,1969,890.7,695.6,0.5614953035365315,NGA
8938,1970,1239.3,1058.7,0.5392950391644908,NGA
8939,1971,1810.2,1510.0,0.5452081199927715,NGA
8940,1972,2179.3,1504.8,0.5915420319752449,NGA
8941,1973,3461.3,1861.2,0.6503147017379052,NGA
8942,1974,9219.2,2774.0,0.7687022646166161,NGA
8943,1975,7994.9,6032.0,0.5699691307416463,NGA
8944,1976,10770.5,8213.5,0.5673461862621154,NGA
8945,1977,11822.5,11020.8,0.517547814895396,NGA
8946,1978,9955.7,12812.7,0.4372595351452013,NGA
8947,1979,17221.7,10216.2000026,0.6276610089827604,NGA
8948,1981,19220.3,18620.8,0.5079212813581001,NGA
8949,1982,14155.8,13324.5,0.5151253807272846,NGA
8950,1983,10679.7,10393.5,0.5067906155685895,NGA
8951,1984,11930.4,5802.4,0.672787151493278,NGA
8952,1985,13115.8581990658,6194.79487741542,0.6792032432626441,NGA
8953,1986,5151.50448412965,3388.59931513699,0.6032133338440245,NGA
8954,1987,7336.77737834673,3895.65916091371,0.6531777279758212,NGA
8955,1988,6885.79637481725,3890.06700570866,0.6390018258083365,NGA
8956,1989,8144.97775127007,3418.80927555438,0.704352106483474,NGA
8957,1990,10273.0787342076,4317.37491330551,0.7040959097223553,NGA
8958,1991,7726.46785440558,5370.43704179243,0.5899460915111744,NGA
8959,1992,12369.6961902981,9324.1274000028,0.5701943753165059,NGA
8960,1993,11590.0706428876,7600.88580318257,0.6039339766862406,NGA
8961,1994,11318.8434052732,5421.2492493146,0.6761517775811803,NGA
8962,1995,12247.8665002502,5814.0140588548,0.6781058295768679,NGA
8963,1996,16142.0317172511,6769.94247267959,0.7045238259889961,NGA
8964,1997,16524.8721907146,7010.51495537871,0.7021287599026218,NGA
8965,1998,11346.3726343021,7615.42545613486,0.5983806272056255,NGA
8966,1999,13226.8639546026,7695.17938658648,0.6321975219582384,NGA
8967,2000,27083.547691,6145.014702,0.8150682948807162,NGA
8968,2001,18045.434515,8330.876614,0.6841530806466549,NGA
8969,2002,18547.77283,9048.001989,0.6721236476110702,NGA
8970,2003,27290.797428,16901.711535,0.6175435174058371,NGA
8971,2004,37855.140133,17431.305175,0.6847092433255485,NGA
8972,2005,55706.134912,21950.322256,0.7173406686772585,NGA
8973,2006,65715.415857,27032.207323,0.7085401609641551,NGA
8974,2007,74613.287331,32314.149503,0.6977936583931564,NGA
8975,2008,111934.775312,53454.466144,0.6767959894282424,NGA
8976,2009,63442.225083,42786.014132,0.5972256111164235,NGA
8977,2010,95264.537225,49424.068532,0.6584107762085553,NGA
8978,2011,127679.607741,65663.645264,0.6603778810822951,NGA
8979,2012,124005.307461,60079.563672,0.6736311718490274,NGA
8980,2013,105998.276671,68185.690594,0.6085420968150091,NGA
8981,2014,101622.740888,71401.890833,0.5873310630816158,NGA
8982,2015,57758.46933,54164.680103,0.5160547181043692,NGA
8983,2016,39822.431296,41889.978956,0.4873486312934369,NGA
8984,2017,50044.149581,52927.397483,0.48599978351200274,NGA
8985,2018,67036.90117,58040.646697,0.5359627072420947,NGA
8986,2019,65303.119187,65055.884451,0.500948284081269,NGA
8987,2020,35633.507237,56339.4282014,0.38743470638561905,NGA
8988,2021,47886.665113,61716.891689,0.43690794815635203,NGA
8989,2022,84538.45274,70938.492517,0.5437362600626079,NGA
8990,1993,1055.361,1199.373,0.4680645255715308,MKD
8991,1994,1086.438,1484.186,0.42263590474530704,MKD
8992,1995,1202.774824,1712.031928,0.4126430759688318,MKD
8993,1996,1148.21564698,1626.80095513,0.41376892884422656,MKD
8994,1997,1237.415392678,1773.536540243,0.41097148684055956,MKD
8995,1998,1310.695946,1914.886262,0.4063439904737967,MKD
8996,1999,1191.96804,1796.455536,0.39886181114775143,MKD
8997,2000,1318.992522,2084.731398,0.38751454377651173,MKD
8998,2001,1155.025084,1687.599786,0.40632342881035866,MKD
8999,2002,1115.273744,1995.138569,0.3585613840771856,MKD
9000,2003,1366.581637,2306.322379,0.3720711543364219,MKD
9001,2004,1675.354144,2931.317422,0.36367996285324933,MKD
9002,2005,1726.158864,3062.2516,0.36048682062190057,MKD
9003,2006,1841.763049,3479.118832,0.3461386834345327,MKD
9004,2007,3398.268307,5280.583818,0.39155734630056277,MKD
9005,2008,3978.230137,6851.668077,0.3673377217763018,MKD
9006,2009,2708.487589,5072.780152,0.34807793269068543,MKD
9007,2010,3097.350955,5453.960437,0.36220771446794253,MKD
9008,2011,4799.817259,7148.860884,0.40170278264729387,MKD
9009,2012,4320.576919,6637.896328,0.39426814498842755,MKD
9010,2013,4298.771673,6619.586369,0.3937196102622552,MKD
9011,2014,4964.132179,7301.370324,0.4047230986081354,MKD
9012,2015,4530.076666,6426.812394,0.4134455173538099,MKD
9013,2016,4854.746042,6834.023576,0.4153342225621407,MKD
9014,2017,5683.890405,7730.850253,0.4237048296278737,MKD
9015,2018,6921.53607,9057.263862,0.4331699564082132,MKD
9016,2019,7198.3018,9445.774454,0.4324843079392924,MKD
9017,2020,6636.82406,8715.10941,0.4323119347129375,MKD
9018,2021,8244.915917,11400.882524,0.4196783318204665,MKD
9019,2022,8729.356237,12756.764552,0.40627884031393263,MKD
9020,1948,412.0,744.0,0.356401384083045,NOR
9021,1949,392.3,772.0,0.33694065103495663,NOR
9022,1950,385.1,670.4,0.3648507816200853,NOR
9023,1951,612.7,864.5,0.41477118873544544,NOR
9024,1952,560.7,863.2,0.39377765292506495,NOR
9025,1953,502.7,905.4,0.35700589446772246,NOR
9026,1954,577.0,1013.3,0.36282462428472617,NOR
9027,1955,629.4,1082.6,0.36764018691588785,NOR
9028,1956,765.5,1203.9,0.3886970650959683,NOR
9029,1957,816.7,1268.8,0.39160872692399906,NOR
9030,1958,738.6,1302.7,0.36182824670553076,NOR
9031,1959,808.1,1308.8,0.381737446265766,NOR
9032,1960,878.6,1453.8,0.3766935345566798,NOR
9033,1961,927.2,1608.5,0.36565839807548217,NOR
9034,1962,970.5,1650.2,0.37032090662800016,NOR
9035,1963,1071.0,1816.0,0.370973328714929,NOR
9036,1964,1286.2,1979.8,0.3938150642988365,NOR
9037,1965,1439.3,2203.1,0.39515154842960687,NOR
9038,1966,1559.9,2402.1,0.39371529530540134,NOR
9039,1967,1735.8,2746.0,0.3872997456379133,NOR
9040,1968,1936.6,2704.4,0.417280758457229,NOR
9041,1969,2202.8,2942.89,0.4280864179536661,NOR
9042,1970,2379.57,3697.37,0.39157371966812243,NOR
9043,1971,2559.3,4082.76,0.38531720580663226,NOR
9044,1972,3274.79,4368.13,0.42847367236605904,NOR
9045,1973,4685.47,6235.27,0.42904326996155934,NOR
9046,1974,6274.16,8414.49,0.4271434066439053,NOR
9047,1975,7231.3,9704.8,0.4269755138432107,NOR
9048,1976,7917.47,11106.73,0.4161788669168743,NOR
9049,1977,8866.07,12873.35,0.40783378765394845,NOR
9050,1978,10865.94,11528.01,0.48521765923385557,NOR
9051,1979,13531.69,13707.07,0.49678069045727485,NOR
9052,1980,18559.53,16925.82,0.5230194995963122,NOR
9053,1981,18217.49,15636.48,0.5381197537541388,NOR
9054,1982,17537.28,15465.88,0.5313818434355984,NOR
9055,1983,17976.75,13480.74,0.5714616773302639,NOR
9056,1984,18938.46,13882.82,0.5770177153359041,NOR
9057,1985,20031.05,15558.45,0.5628359488051251,NOR
9058,1986,18458.82,20279.46,0.47650076358578647,NOR
9059,1987,21701.93,22624.94,0.4895885949086864,NOR
9060,1988,22409.6,22994.7,0.49355677766202755,NOR
9061,1989,26944.1019721533,23267.114676839,0.5366151981639754,NOR
9062,1990,33896.554918477,26748.1857886098,0.558936430814287,NOR
9063,1991,33414.5084379272,24696.7006264376,0.5750096922078634,NOR
9064,1992,35104.3865509249,25872.151687566,0.5757031731389035,NOR
9065,1993,30786.3354450134,22684.4509820341,0.5757599149400304,NOR
9066,1994,34314.1648680571,27040.7678856372,0.5592731232517075,NOR
9067,1995,41056.5758351,32524.5800961943,0.5579767715722784,NOR
9068,1996,48654.3221027833,33936.1358950836,0.5891034301328116,NOR
9069,1997,47669.1775208083,35393.1589484125,0.5738964198108293,NOR
9070,1998,39536.4139074319,35623.1325907073,0.526033162113488,NOR
9071,1999,44695.5601792967,33327.6632224135,0.5728494444426787,NOR
9072,2000,57600.366743,31811.327115,0.6442151385083762,NOR
9073,2001,57632.752217,31989.961369,0.6430596654685854,NOR
9074,2002,60510.913967,34158.176655,0.6391834290308263,NOR
9075,2003,68316.456093,40052.240302,0.6304076579826057,NOR
9076,2004,82370.311573,48440.708895,0.6296893891531873,NOR
9077,2005,103751.719425,55481.243727,0.6515718691108013,NOR
9078,2006,122105.978443,64269.12913,0.6551624840520783,NOR
9079,2007,136377.05205,80281.185079,0.6294570373006406,NOR
9080,2008,171764.335195,90293.215721,0.6554450905711829,NOR
9081,2009,116777.947934,68287.381868,0.6310093201084171,NOR
9082,2010,130668.756336,77325.529281,0.6282324341189499,NOR
9083,2011,160305.328287,90787.649715,0.6384301526971541,NOR
9084,2012,161025.706933,87316.348237,0.6484028926263476,NOR
9085,2013,152606.270502,88152.48531,0.6338555372049057,NOR
9086,2014,141563.812803,87631.665384,0.6176553478402329,NOR
9087,2015,103318.831879,73004.243114,0.585963192186285,NOR
9088,2016,86975.754458,70888.513704,0.5509527613224396,NOR
9089,2017,100260.894238,78501.777723,0.5608603470632478,NOR
9090,2018,122048.738906,89142.618052,0.5779059364170479,NOR
9091,2019,102824.92672,85895.40241,0.5448534728294643,NOR
9092,2020,84910.295426,81229.016811,0.5110788908580187,NOR
9093,2021,172992.465489,99220.904188,0.6355031925664325,NOR
9094,2022,277041.256599,107108.572911,0.721180214897865,NOR
9095,1970,197.56,18.23,0.9155197182445897,OMN
9096,1971,211.45,33.19,0.8643312622629169,OMN
9097,1972,231.1,48.75,0.8257995354654278,OMN
9098,1973,329.93,116.67,0.7387595163457232,OMN
9099,1974,1137.72,392.53,0.7434863584381637,OMN
9100,1975,1444.93,669.82,0.6832627970209245,OMN
9101,1976,1554.2,667.32,0.6996110771003637,OMN
9102,1977,1574.8,874.57,0.6429408378480997,OMN
9103,1978,1512.43,947.34,0.6148664306012351,OMN
9104,1979,2165.57,1246.45,0.6346885422711472,OMN
9105,1980,3294.08,1731.96,0.655402662931453,OMN
9106,1981,4406.8,2288.21,0.658221570990932,OMN
9107,1982,4094.0,2682.51,0.604145791860412,OMN
9108,1983,4222.48469027129,2492.3,0.6288339663949364,OMN
9109,1984,3925.76323745718,2748.16,0.5882242120232908,OMN
9110,1985,4704.52919884653,3152.72217026882,0.5987499925659391,OMN
9111,1986,2923.49703290928,2560.79228783954,0.5330676158620509,OMN
9112,1987,3222.76202860858,1958.76587256177,0.6219713740961726,OMN
9113,1988,4030.5721716515,2201.49271521456,0.6467474656988637,OMN
9114,1989,4362.90247074122,2257.51154746424,0.659007496924465,OMN
9115,1990,4583.86475942783,2726.41872561769,0.6270433655281547,OMN
9116,1991,4923.62724079707,3193.97443953186,0.6065371811391418,OMN
9117,1992,5455.69594798439,3770.1826449935,0.5913470346484826,OMN
9118,1993,5304.88920224246,4115.55322311803,0.5631252719045687,OMN
9119,1994,5418.96776357565,3915.01008211977,0.5805635981956753,OMN
9120,1995,5964.74163259561,4253.43974226475,0.5837380854552626,OMN
9121,1996,7225.29726170152,4605.18044378876,0.6107358841772221,OMN
9122,1997,7488.42699169641,5021.04644092639,0.5986204800729449,OMN
9123,1998,5375.32591011265,5681.5167651594,0.4861537844012411,OMN
9124,1999,7094.30765120391,4674.33375186518,0.6028144972922548,OMN
9125,2000,10666.848722,5039.439181,0.6791451161392862,OMN
9126,2001,10994.493482,5797.877661,0.654731448487733,OMN
9127,2002,11068.513422,6004.848507,0.6482913832687838,OMN
9128,2003,11502.859893,6363.655324,0.6438222425185087,OMN
9129,2004,13375.390058,8612.939907,0.6082949491521331,OMN
9130,2005,18688.132218,8823.477182,0.6792816787374132,OMN
9131,2006,21579.280242,10893.419706,0.6645360649578222,OMN
9132,2007,24687.257402,15970.991259,0.6071893948959092,OMN
9133,2008,37717.795146,22923.55914,0.6219814116966008,OMN
9134,2009,27652.565739,17844.364274,0.6077897064944543,OMN
9135,2010,36595.825453,19773.87934,0.6492108764341884,OMN
9136,2011,47091.550632,23618.722534,0.6659789097610682,OMN
9137,2012,52135.221897,28117.165061,0.6496407630128798,OMN
9138,2013,56428.928287,34332.982011,0.6217247753129701,OMN
9139,2014,53218.755035,29304.089419,0.6448972449642749,OMN
9140,2015,32952.556625,29007.301988,0.5318371823735265,OMN
9141,2016,11601.419122,23177.613626,0.33357509411089503,OMN
9142,2017,27024.383637,25878.659878,0.5108285240590661,OMN
9143,2018,21641.2783296878,25268.17991,0.46134146804914866,OMN
9144,2019,12185.716651,22115.018962,0.35526108793951366,OMN
9145,2020,13600.15069,27966.275143,0.3271907655625927,OMN
9146,2021,16988.541145,30958.520545,0.3543187120587034,OMN
9147,2022,23022.648256,38623.255262,0.3734659878782961,OMN
9148,1948,708.9,578.6,0.5506019417475728,Other Countries n.i.e.
9149,1949,575.9,493.79,0.5383802783984144,Other Countries n.i.e.
9150,1950,639.1,563.09,0.5316131393540122,Other Countries n.i.e.
9151,1951,764.2,700.59,0.5217130100560491,Other Countries n.i.e.
9152,1952,671.7,676.93,0.4980609952321986,Other Countries n.i.e.
9153,1953,633.6,536.36,0.5415569763068823,Other Countries n.i.e.
9154,1954,538.7,536.47,0.5010370453044635,Other Countries n.i.e.
9155,1955,836.1,920.69,0.4759248401914856,Other Countries n.i.e.
9156,1956,929.8,1015.95,0.47786200693819864,Other Countries n.i.e.
9157,1957,2617.6,2627.43,0.499062922423704,Other Countries n.i.e.
9158,1960,20.7,13.5,0.6052631578947367,Other Countries n.i.e.
9159,1961,14.8,11.2,0.5692307692307692,Other Countries n.i.e.
9160,1963,8.6,4.9,0.637037037037037,Other Countries n.i.e.
9161,1981,7418.63332273774,9372.54064568142,0.4418174296026416,Other Countries n.i.e.
9162,1982,7020.86105370597,7450.70828014016,0.4851485621041505,Other Countries n.i.e.
9163,1983,6809.03061408909,7839.62753018076,0.46482282179221956,Other Countries n.i.e.
9164,1984,6428.79780831422,8212.41447172669,0.43908917413061765,Other Countries n.i.e.
9165,1985,16988.7498068129,17906.0769068268,0.4868558295540219,Other Countries n.i.e.
9166,1986,15936.6789769573,17861.2498344551,0.4715282722169659,Other Countries n.i.e.
9167,1987,20136.4394796371,22009.0035656947,0.47778450111387527,Other Countries n.i.e.
9168,1988,24271.9942438771,27020.7284789501,0.4732054169757525,Other Countries n.i.e.
9169,1989,24749.1914662245,26734.5308888802,0.4807187657395673,Other Countries n.i.e.
9170,1990,2279.0537441613,4281.4784559577,0.34738854633164684,Other Countries n.i.e.
9171,1991,1751.31439815791,3864.82563226534,0.31183595648805884,Other Countries n.i.e.
9172,1992,2008.12626236482,2912.29691606368,0.40812064116123065,Other Countries n.i.e.
9173,1993,2030.59832137586,3090.94562296674,0.3964816749486091,Other Countries n.i.e.
9174,1994,2218.80243083198,3133.06905514516,0.4145844003626842,Other Countries n.i.e.
9175,1995,2325.88424717139,4204.10412031982,0.356185052143513,Other Countries n.i.e.
9176,1996,2971.58031126815,5016.524190743,0.3720006805769755,Other Countries n.i.e.
9177,1997,2624.82434213352,3932.51173340303,0.40028821336852793,Other Countries n.i.e.
9178,1998,2364.75824919792,4147.84337921682,0.36310500536074336,Other Countries n.i.e.
9179,1999,2222.13083330157,4118.14241002472,0.35047871724464924,Other Countries n.i.e.
9180,2000,2814.019576,6785.773959,0.29313334351830933,Other Countries n.i.e.
9181,2001,2698.964013,7911.754536,0.25436203971825844,Other Countries n.i.e.
9182,2002,2357.52079,6485.603786,0.26659364229677907,Other Countries n.i.e.
9183,2003,2574.105534,6973.021397,0.2696209605888605,Other Countries n.i.e.
9184,2004,3574.005477,8493.249862,0.2961738503576053,Other Countries n.i.e.
9185,2005,4043.319463,11798.809441,0.25522576463691676,Other Countries n.i.e.
9186,2006,4602.111653,13334.547338,0.2565757455337241,Other Countries n.i.e.
9187,2007,7045.434329,14415.843181,0.3282858779360707,Other Countries n.i.e.
9188,2008,5848.963095,18534.879491,0.23987044184570755,Other Countries n.i.e.
9189,2009,4186.090521,11920.072464,0.25990613188868084,Other Countries n.i.e.
9190,2010,5234.548425,13496.854018,0.2794530970614094,Other Countries n.i.e.
9191,2011,7776.882346,15316.287014,0.336761153255579,Other Countries n.i.e.
9192,2012,6704.165803,16060.35381,0.29450064912292245,Other Countries n.i.e.
9193,2013,7202.62446,17305.887184,0.29388257290455644,Other Countries n.i.e.
9194,2014,6903.226796,15291.380826,0.31103171155669823,Other Countries n.i.e.
9195,2015,6053.983756,16042.690471,0.2739771466876503,Other Countries n.i.e.
9196,2016,5596.466218,14469.600021,0.27890201055565245,Other Countries n.i.e.
9197,2017,4203.203265,14244.424668,0.22784518856655325,Other Countries n.i.e.
9198,2018,2968.392624,14645.250775,0.1685280300479189,Other Countries n.i.e.
9199,2019,2488.294263,13630.96833,0.1543677478199638,Other Countries n.i.e.
9200,2020,1901.546363,8415.941651,0.1843032296640185,Other Countries n.i.e.
9201,2021,2149.832078,9468.427831,0.1850390759751078,Other Countries n.i.e.
9202,2022,1195.616545,8514.96538,0.12312511796248504,Other Countries n.i.e.
9203,1948,616.2,397.6,0.6078121917537976,PAK
9204,1949,301.3,403.6,0.4274365158178465,PAK
9205,1950,493.5,384.0,0.5623931623931624,PAK
9206,1951,761.2,524.1,0.5922352758110946,PAK
9207,1952,530.6,600.5,0.46910087525417743,PAK
9208,1953,435.6,342.6,0.5597532767925983,PAK
9209,1954,358.2,319.2,0.5287865367581931,PAK
9210,1955,395.6,279.9,0.585640266469282,PAK
9211,1956,339.6,409.9,0.4531020680453636,PAK
9212,1957,335.9,435.1,0.43566796368352784,PAK
9213,1958,296.9,393.0,0.43035222496013914,PAK
9214,1959,318.1,347.7,0.4777711024331632,PAK
9215,1960,391.8,643.7,0.37836793819410913,PAK
9216,1961,393.9,633.8,0.3832830592585385,PAK
9217,1962,418.5,728.1,0.3649921507064364,PAK
9218,1963,459.5,880.4,0.3429360400029853,PAK
9219,1964,488.9,983.8,0.3319752834929042,PAK
9220,1965,523.7,1035.0,0.3359851158016296,PAK
9221,1966,596.0,899.2,0.3986088817549492,PAK
9222,1967,597.1,1098.0,0.3522506046840895,PAK
9223,1968,733.2,1048.5,0.41151709041926254,PAK
9224,1969,673.34,1007.27,0.40065214416194117,PAK
9225,1970,723.72,1101.94,0.3964155428721668,PAK
9226,1971,665.06,915.96,0.4206524901645773,PAK
9227,1972,679.17,666.43,0.5047339476813317,PAK
9228,1973,951.7,973.61,0.4943100072196166,PAK
9229,1974,1115.59,1739.91,0.39068114165645246,PAK
9230,1975,1051.13,2129.29,0.3305003741644186,PAK
9231,1976,1160.56,2132.65,0.3524099586725414,PAK
9232,1977,1173.55,2451.88,0.3236995335725693,PAK
9233,1978,1490.28,3285.27,0.31206457894902156,PAK
9234,1979,2055.78,4060.73,0.3361034315320338,PAK
9235,1980,2619.42,5349.54,0.32870286712444285,PAK
9236,1981,2882.59,5631.6,0.3385630341817601,PAK
9237,1982,2401.63,5449.98,0.305877393298954,PAK
9238,1983,3074.84,5326.06,0.36601316525610345,PAK
9239,1984,2558.73,5853.8,0.3041570134073816,PAK
9240,1985,2738.42,5888.53,0.31742620508986374,PAK
9241,1986,3383.04,5367.24,0.38662077099247116,PAK
9242,1987,4168.54,5818.74,0.4173849136101121,PAK
9243,1988,4509.33,6588.44,0.40632757752233106,PAK
9244,1989,4660.13503802881,7107.04263187257,0.39602827192358236,PAK
9245,1990,5587.26168972111,7382.99427098571,0.43077497519305935,PAK
9246,1991,6494.45213937043,8431.48430177441,0.43511187153844644,PAK
9247,1992,7268.51049334162,9375.03886511184,0.43671637201892005,PAK
9248,1993,6700.41785917781,9492.42658923079,0.4137888115041032,PAK
9249,1994,7331.63538598859,8884.51584067709,0.4521193274229289,PAK
9250,1995,7991.16785576964,11460.5403018885,0.4108208796369133,PAK
9251,1996,9300.06119889945,12149.8367234177,0.4335713499700795,PAK
9252,1997,8639.69871608402,11611.8884163331,0.4266183514206786,PAK
9253,1998,8439.31128645316,9308.16465610071,0.4755217763793593,PAK
9254,1999,8443.74289179583,10297.6543271671,0.450539668582035,PAK
9255,2000,8876.487603,10721.945507,0.45291822836953316,PAK
9256,2001,9211.428416,10165.520156,0.47538075367091914,PAK
9257,2002,9886.048318,11238.129962,0.4679968227384227,PAK
9258,2003,11929.022388,13048.547917,0.47758938288773634,PAK
9259,2004,13287.483205,17757.673947,0.42800502313269784,PAK
9260,2005,16049.354235,25410.792616,0.38710316904275266,PAK
9261,2006,21276.298226,31711.555091,0.4015316132683179,PAK
9262,2007,21691.83844,35201.774968,0.3812701837804143,PAK
9263,2008,23932.931146,44388.382353,0.35029963448156337,PAK
9264,2009,17522.08152,31645.036402,0.35637804818654384,PAK
9265,2010,25087.477902,39161.835199,0.3904707566688293,PAK
9266,2011,29182.90489,45331.413532,0.3916415731635262,PAK
9267,2012,28282.087094,45322.772423,0.38424211770240363,PAK
9268,2013,28867.036253,45444.93356,0.38845742248040976,PAK
9269,2014,28368.690724,49344.456996,0.3650436452041837,PAK
9270,2015,25750.606489,45906.419996,0.3593591271107292,PAK
9271,2016,23963.536203,49005.092119,0.3284087525566793,PAK
9272,2017,21503.624109,57285.802067,0.2729252534593304,PAK
9273,2018,23163.18518,60061.928871,0.27831965680222076,PAK
9274,2019,23337.825271,50006.32788,0.318196124276633,PAK
9275,2020,22235.464223,45787.704451,0.3268807474930067,PAK
9276,2021,28681.421762,72438.603234,0.2836374077551361,PAK
9277,2022,30872.794317,70687.433835,0.3039850823374901,PAK
9278,2000,2.808396,79.364364,0.03417672717820358,PLW
9279,2001,4.484705,93.679438,0.04568577550766169,PLW
9280,2002,3.459943,87.254333,0.03814110802140999,PLW
9281,2003,4.368098,85.043482,0.04885382855330372,PLW
9282,2004,5.358597,89.409777,0.05654414836747119,PLW
9283,2005,9.275019,97.067974,0.08721796084862873,PLW
9284,2006,13.187315,106.27075,0.11039283952908495,PLW
9285,2007,9.775695,152.33998,0.060300738963089164,PLW
9286,2008,10.194803,168.803974,0.0569545958406185,PLW
9287,2009,6.73088,125.075508,0.05106641720581858,PLW
9288,2010,6.65892,144.58579,0.04402745722478492,PLW
9289,2011,6.901982,166.062756,0.03990398320379036,PLW
9290,2012,11.52303,194.491847,0.05593299944061807,PLW
9291,2013,13.734711,215.677568,0.05986911886263943,PLW
9292,2014,14.733105,219.777627,0.0628248646633366,PLW
9293,2015,7.050817,206.994247,0.032940806334127846,PLW
9294,2016,9.046731,217.934213,0.03985678639172458,PLW
9295,2017,4.714247,214.17641,0.021536995066902286,PLW
9296,2018,9.115925,208.06738,0.04197341503758772,PLW
9297,2019,7.69218,233.2155,0.031929990774889366,PLW
9298,2020,2.595216,210.912535,0.012155137168767238,PLW
9299,2021,2.08101,249.704585,0.00826500817094004,PLW
9300,2022,4.823959,314.529809,0.015105376805824943,PLW
9301,1948,14.2,68.97,0.1707346398941926,PAN
9302,1949,10.2,66.55,0.13289902280130292,PAN
9303,1950,10.2,71.72,0.12451171874999999,PAN
9304,1951,11.1,70.29,0.1363803907113896,PAN
9305,1952,15.2,79.42,0.16064257028112447,PAN
9306,1953,17.2,76.89,0.18280369858645976,PAN
9307,1954,18.2,79.31,0.1866475233309404,PAN
9308,1955,21.5,83.05,0.20564323290291728,PAN
9309,1956,19.3,91.96,0.17346755347833906,PAN
9310,1957,24.4,108.57,0.18350003760246672,PAN
9311,1958,22.5,92.07,0.19638648860958366,PAN
9312,1959,23.0,96.58,0.192339856163238,PAN
9313,1960,19.4,108.35,0.1518590998043053,PAN
9314,1961,21.5,123.42,0.14835771460115924,PAN
9315,1962,34.7,149.6,0.18827997829625612,PAN
9316,1963,40.7,175.34,0.18839103869653767,PAN
9317,1964,56.1,183.48,0.2341597796143251,PAN
9318,1965,62.8,206.14,0.2335093329367145,PAN
9319,1966,72.9,234.3,0.23730468749999997,PAN
9320,1967,77.5,248.05,0.2380586699431731,PAN
9321,1968,87.1,262.46,0.2491703856276462,PAN
9322,1969,104.245,303.142,0.255886908516963,PAN
9323,1970,102.893,355.294,0.22456551582650752,PAN
9324,1971,110.963,394.051,0.21972262155108568,PAN
9325,1972,119.036,438.963,0.21332654718019206,PAN
9326,1973,130.816,500.346,0.20726216090322294,PAN
9327,1974,167.009,792.165,0.17411752195117883,PAN
9328,1975,251.116,862.33,0.22553047026977507,PAN
9329,1976,209.998,846.282,0.19880902790926647,PAN
9330,1977,218.025,858.493,0.20252796516175298,PAN
9331,1978,228.715,938.636,0.1959265036822687,PAN
9332,1979,256.922,1179.63,0.1788462930684027,PAN
9333,1980,349.937,1448.44,0.19458489515824548,PAN
9334,1981,316.254,1539.913,0.1703801435969932,PAN
9335,1982,307.665,1569.239,0.16392154313699583,PAN
9336,1983,298.664,1411.896,0.17460013095126742,PAN
9337,1984,251.498,1422.966,0.15019612246067995,PAN
9338,1985,300.63,1391.375,0.17767677991495295,PAN
9339,1986,331.513,1284.643,0.2051243815572259,PAN
9340,1987,336.597,1306.15,0.20489886756755604,PAN
9341,1988,286.858,795.454,0.2650418733230344,PAN
9342,1989,296.859566,964.757372,0.2353008722842622,PAN
9343,1990,321.371672,1509.696893,0.1755104522806332,PAN
9344,1991,341.727214,1694.927947,0.16778845066349454,PAN
9345,1992,474.184879,2023.590665,0.18984287044488735,PAN
9346,1993,507.426591,2187.361708,0.18829924086738065,PAN
9347,1994,532.328936,2403.993186,0.18129105523252942,PAN
9348,1995,2061.38217169308,2530.08212,0.44895964353301226,PAN
9349,1996,3027.07779322145,2387.283069,0.5590831254604398,PAN
9350,1997,650.98636,3006.365541,0.17799390860420242,PAN
9351,1998,705.457819,3398.342481,0.17190354486791182,PAN
9352,1999,709.812991,3492.53015,0.16890886041045453,PAN
9353,2000,735.396363,3189.534248,0.18736544308298855,PAN
9354,2001,792.207392,3350.92243,0.19120988866759195,PAN
9355,2002,727.912191,3027.343611,0.19383824415165635,PAN
9356,2003,768.296308,2717.650344,0.2203981829610627,PAN
9357,2004,863.664389,3564.713888,0.19502949725087365,PAN
9358,2005,944.479102,4084.494343,0.1878075341477569,PAN
9359,2006,964.63251,4630.257466,0.17241313307999176,PAN
9360,2007,1058.770064,6713.676687,0.13622094790984307,PAN
9361,2008,1135.041533,8873.807271,0.11340380449611596,PAN
9362,2009,801.971764,7624.787688,0.0951696519365651,PAN
9363,2010,710.954273,8938.010905,0.07368191924052149,PAN
9364,2011,769.362387,11011.920378,0.06530378757104724,PAN
9365,2012,802.974204,12366.357648,0.06097304047190928,PAN
9366,2013,824.967135,12785.78366,0.060611434844803504,PAN
9367,2014,809.176358,13592.48833,0.056186307314475645,PAN
9368,2015,693.660487,12136.052317,0.054066719777525585,PAN
9369,2016,636.060873,11696.977866,0.05157373510784689,PAN
9370,2017,660.015863,12724.361215,0.04931240797787092,PAN
9371,2018,672.295199,13232.957117,0.04834829197787568,PAN
9372,2019,713.388064,9841.582634,0.06758787725816953,PAN
9373,2020,1727.082482,6497.250527,0.20999666235669567,PAN
9374,2021,3870.832602,13656.099129,0.22085055510050472,PAN
9375,2022,3768.371259,15230.185561,0.19835039549072442,PAN
9376,1964,43.4,78.4,0.3563218390804597,PNG
9377,1965,53.3,98.9,0.35019710906701706,PNG
9378,1966,54.6,127.1,0.30049532195927353,PNG
9379,1967,59.4,156.9,0.27461858529819694,PNG
9380,1968,78.6,179.1,0.3050058207217695,PNG
9381,1969,100.625,220.016,0.3138244953078365,PNG
9382,1970,105.088,302.043,0.2581183943251681,PNG
9383,1971,119.736,343.23,0.2586280633999041,PNG
9384,1972,218.353,320.706,0.40506326765715817,PNG
9385,1973,516.522,336.522,0.6055045226272032,PNG
9386,1974,700.028,475.452,0.5955252322455508,PNG
9387,1975,475.231,531.278,0.4721577253655953,PNG
9388,1976,593.989,,,PNG
9389,1977,723.375,,,PNG
9390,1978,715.046,,,PNG
9391,1979,883.275,,,PNG
9392,1980,1133.187,1015.883,0.527291805292522,PNG
9393,1981,839.278,1101.981,0.4323369524622938,PNG
9394,1982,773.035,1119.663,0.40843018801731706,PNG
9395,1983,822.219,1071.988,0.4340702996029473,PNG
9396,1984,893.815,929.434,0.49023199793335964,PNG
9397,1985,917.624,867.051,0.514168686175354,PNG
9398,1986,1047.492,928.745,0.5300437143925552,PNG
9399,1987,1186.08716605768,1197.87651390137,0.4975273642080209,PNG
9400,1988,1443.12057305762,1437.89078516007,0.5009076305587329,PNG
9401,1989,1434.2030571817,1613.97290979538,0.47051189718683456,PNG
9402,1990,1265.51538592867,1315.30858243296,0.49035323657973073,PNG
9403,1991,1407.33598121205,1485.98376591866,0.48640872914502364,PNG
9404,1992,1699.48,1445.81255512746,0.5403249364608407,PNG
9405,1993,2624.781,1453.19335286877,0.6436482363243705,PNG
9406,1994,3015.866547248,1549.97742856824,0.6605277278904063,PNG
9407,1995,3131.57602153556,1450.97488929409,0.683369608428115,PNG
9408,1996,3111.04767113816,1882.30765744213,0.6230375101350323,PNG
9409,1997,2722.24546509723,1936.51459575888,0.5843283254637031,PNG
9410,1998,2359.24586813076,1344.57039131473,0.6369770266314372,PNG
9411,1999,2791.16235172841,1261.24171129732,0.688767040087406,PNG
9412,2000,620.435571,1227.078341,0.335821866872091,PNG
9413,2001,581.13662,1111.23885,0.34338515908647627,PNG
9414,2002,958.929357,1185.985665,0.44707102480258537,PNG
9415,2003,1089.879153,1348.82327,0.4469094477132932,PNG
9416,2004,1589.640524,1601.426633,0.4981532652839747,PNG
9417,2005,2867.625533,2022.436431,0.5864190585131815,PNG
9418,2006,3157.125989,2356.914092,0.5725613057980237,PNG
9419,2007,3456.879684,2962.663883,0.5384930638636477,PNG
9420,2008,4108.675291,3496.859349,0.5402217576383295,PNG
9421,2009,3746.535893,3885.806291,0.4908763001813547,PNG
9422,2010,4554.602857,5133.142444,0.4701406483642649,PNG
9423,2011,5608.437874,7209.872937,0.43753330346672,PNG
9424,2012,7469.421287,9114.206868,0.45040935657665204,PNG
9425,2013,7513.516448,7024.651401,0.5168131587170258,PNG
9426,2014,9326.39602,6275.14005,0.5977870370042352,PNG
9427,2015,8117.013327,5601.580338,0.5916796958356445,PNG
9428,2016,6761.409215,4963.073063,0.5766914951705128,PNG
9429,2017,6499.875,5085.247211,0.5610536411802726,PNG
9430,2018,6109.722,5252.226551,0.537735404501745,PNG
9431,2019,10252.139902,5188.053928,0.6639903627427455,PNG
9432,2020,10431.08306,4440.214565,0.7014238651551431,PNG
9433,2021,9722.779964,5098.135231,0.656017515522934,PNG
9434,2022,12740.103152,6553.203084,0.660337994751145,PNG
9435,1948,27.9,26.4,0.5138121546961326,PRY
9436,1949,32.2,29.59,0.5211199223175271,PRY
9437,1957,33.0,30.03,0.5235602094240838,PRY
9438,1958,34.102,35.851,0.48749874916015035,PRY
9439,1959,31.196,28.813,0.5198553550300788,PRY
9440,1960,26.978,35.622,0.43095846645367414,PRY
9441,1961,30.677,38.208,0.4453364302823547,PRY
9442,1962,33.467,38.17,0.46717478398034534,PRY
9443,1963,40.189,35.863,0.5284410666386158,PRY
9444,1964,49.771,37.145,0.5726333471397672,PRY
9445,1965,57.297,52.095,0.5237768758227292,PRY
9446,1966,49.388,57.645,0.4614277839544813,PRY
9447,1967,48.26,69.199,0.4108667705326965,PRY
9448,1968,47.551,69.926,0.40476859300118323,PRY
9449,1969,50.943,80.559,0.3873933476296938,PRY
9450,1970,64.306,69.925,0.47906966349054986,PRY
9451,1971,65.167,77.03,0.45828674303958594,PRY
9452,1972,86.158,76.593,0.5293853801205523,PRY
9453,1973,126.967,114.992,0.5247459280291289,PRY
9454,1974,169.783,188.118,0.47438537472653053,PRY
9455,1975,177.1,195.564,0.47522701414679175,PRY
9456,1976,181.834,197.882,0.4788684174488302,PRY
9457,1977,278.897,279.995,0.4990176993050535,PRY
9458,1978,257.011,346.717,0.42570660959902473,PRY
9459,1979,300.484,479.162,0.38541081465177784,PRY
9460,1980,310.15,571.476,0.3517931639947098,PRY
9461,1981,297.234,557.237,0.347857329271561,PRY
9462,1982,329.804,637.483,0.3409577509053673,PRY
9463,1983,269.19,525.019,0.33894100923056775,PRY
9464,1984,334.261,563.937,0.3721462305638623,PRY
9465,1985,325.248,492.6053,0.39768501270337847,PRY
9466,1986,237.414,566.1601,0.29544755113436333,PRY
9467,1987,382.834,576.33554,0.39913068965888965,PRY
9468,1988,562.0615,548.45901,0.5061243758568673,PRY
9469,1989,1129.445,739.7225,0.604250287895547,PRY
9470,1990,1062.839,1341.0221,0.44213827496106156,PRY
9471,1991,791.258,1444.7301,0.353873976341824,PRY
9472,1992,707.354,1399.7093,0.3357060986255136,PRY
9473,1993,768.329,1672.2453,0.31481483681935024,PRY
9474,1994,816.803,2354.4807,0.25756226098598495,PRY
9475,1995,919.326,3076.6164,0.23006487781205257,PRY
9476,1996,1044.449,3135.5236,0.24986981972082783,PRY
9477,1997,1400.16065060185,3951.57627931443,0.2616273312641609,PRY
9478,1998,1263.96690840118,4244.00654903199,0.22947948427300788,PRY
9479,1999,1014.41204556127,2886.62902393648,0.2600362384013233,PRY
9480,2000,872.953639,2427.285094,0.2645122700582522,PRY
9481,2001,2358.456005,2107.753845,0.5280665450594535,PRY
9482,2002,2328.850354,1600.633298,0.5926606547439582,PRY
9483,2003,2585.474136,1877.571618,0.5793071096532613,PRY
9484,2004,2875.430918,2613.14777,0.5238935399225892,PRY
9485,2005,3154.285062,3241.311402,0.4931963859438396,PRY
9486,2006,3469.819385,4788.747915,0.420147860876547,PRY
9487,2007,4698.301723,5885.00247,0.4439352434098555,PRY
9488,2008,6379.977374,9031.797406,0.4139677269537675,PRY
9489,2009,5060.453819,6907.641355,0.4228286745240417,PRY
9490,2010,6504.579898,9956.778428,0.39514235515584994,PRY
9491,2011,7759.535676,12241.537231,0.38795597176611,PRY
9492,2012,7259.038879,11401.777045,0.388999007790652,PRY
9493,2013,9425.59885,11979.900488,0.4403353877041894,PRY
9494,2014,9650.485677,11977.11787,0.4462115118777751,PRY
9495,2015,8354.002323,10101.067273,0.45266707229381936,PRY
9496,2016,8490.038195,9710.564105,0.4664701780226251,PRY
9497,2017,8387.920515,11497.760624,0.42180705083063635,PRY
9498,2018,8672.251805,12788.737054,0.404093765761551,PRY
9499,2019,7682.208225,12166.756034,0.38703320358475135,PRY
9500,2020,8239.240832,9811.798532,0.4564413530908302,PRY
9501,2021,10559.535045,14373.128629,0.4235221387922372,PRY
9502,2022,9957.013974,16803.879551,0.37207330034395775,PRY
9503,1948,160.6,166.2,0.4914320685434517,PER
9504,1949,155.3,165.1,0.4847066167290887,PER
9505,1950,191.6,184.8,0.5090329436769394,PER
9506,1951,249.3,277.0,0.4736842105263159,PER
9507,1952,237.4,285.3,0.45418021809833553,PER
9508,1953,220.5,290.1,0.4318448883666275,PER
9509,1954,247.3,248.3,0.4989911218724778,PER
9510,1955,270.9,299.9,0.4745970567624387,PER
9511,1956,311.2,360.6,0.46323310509080085,PER
9512,1957,329.6,398.6,0.4526229057951112,PER
9513,1958,276.4,333.8,0.45296624057685997,PER
9514,1959,297.2,293.9,0.5027914058534936,PER
9515,1960,408.8,373.0,0.5228958812995651,PER
9516,1961,476.3,468.6,0.5040745052386496,PER
9517,1962,525.8,536.7,0.49487058823529406,PER
9518,1963,537.4,556.9,0.49109019464497855,PER
9519,1964,667.2,578.8,0.5354735152487962,PER
9520,1965,667.6,728.9,0.4780522735409954,PER
9521,1966,765.5,817.2,0.4836671510709547,PER
9522,1967,774.0,813.4,0.48758976943429505,PER
9523,1968,863.6,630.1,0.5781616121041708,PER
9524,1969,864.84,601.77,0.5896864197025794,PER
9525,1970,1047.84,618.88,0.6286838821157723,PER
9526,1971,893.85,752.66,0.5428755367413499,PER
9527,1972,945.76,797.6,0.5424926578560939,PER
9528,1973,1051.49,1025.72,0.5062030319515118,PER
9529,1974,1520.87,1531.59,0.4982440392339293,PER
9530,1975,1331.89,2416.43,0.3553298544414565,PER
9531,1976,1341.8,1921.81,0.4111398114358027,PER
9532,1977,1732.28,1758.13,0.49629699662790333,PER
9533,1978,1976.55,1419.95,0.5819372883851023,PER
9534,1979,3675.12,1852.08,0.664915327833261,PER
9535,1980,3914.42,2871.35,0.5768571584359623,PER
9536,1981,3246.51,3765.84,0.46297033091616935,PER
9537,1982,2918.72,3301.43,0.4692362724371599,PER
9538,1983,2577.37,2238.48,0.5351848583323815,PER
9539,1984,3086.41,1641.6,0.6527926125367755,PER
9540,1985,2980.56,1566.22,0.6555320468551371,PER
9541,1986,2504.5,1914.96,0.5666981938969919,PER
9542,1987,2604.98,3374.77,0.435633596722271,PER
9543,1988,2688.79,2320.04,0.5368099935513883,PER
9544,1989,3488.229,2520.1,0.5805655782165058,PER
9545,1990,3276.215,3171.894,0.5080892708234306,PER
9546,1991,3329.11100025098,2723.5021,0.5500287140628456,PER
9547,1992,3484.36,4118.4198,0.458300791507864,PER
9548,1993,3464.605,4409.3456,0.4400084755421249,PER
9549,1994,4506.841,6121.1018,0.42405582009718756,PER
9550,1995,5512.569,8292.1619,0.39932462573392147,PER
9551,1996,5853.698,8385.0536,0.4111103391957481,PER
9552,1997,6706.869,9011.3969,0.42669267988398135,PER
9553,1998,5699.984,8758.662,0.3942266793169983,PER
9554,1999,6019.424,7323.2302,0.4511414228212554,PER
9555,2000,6761.797672,7691.548311,0.4678361453433146,PER
9556,2001,6835.705758,7574.789438,0.4743560623716404,PER
9557,2002,7544.697752,7777.06021,0.49241723898209694,PER
9558,2003,8763.230142,8636.737356,0.503634856962076,PER
9559,2004,12299.22333,10251.611656,0.5453999081468868,PER
9560,2005,17062.994159,12664.3724,0.5739827012640026,PER
9561,2006,23230.611505,15591.2941,0.5983892635607267,PER
9562,2007,27588.156684,20582.987847,0.5727112559313585,PER
9563,2008,31207.573495,29920.647176,0.5105264500166494,PER
9564,2009,26535.231887,23175.908274,0.5337884385886154,PER
9565,2010,34908.726386,31932.761336,0.5222613615541991,PER
9566,2011,45855.380943,40290.616779,0.5322984486287914,PER
9567,2012,45443.101247,45097.711793,0.5019073688561169,PER
9568,2013,41895.174142,46289.026973,0.47508707469453615,PER
9569,2014,38365.262982,44885.990753,0.46083705963302146,PER
9570,2015,33175.475003,40176.660419,0.4522768807225469,PER
9571,2016,37019.780721,37694.3408,0.4954857256883467,PER
9572,2017,44756.434955,41861.623215,0.5167102091709244,PER
9573,2018,47883.3828,45697.167133,0.5116809297902462,PER
9574,2019,44648.981082,44480.584253,0.5009446743533813,PER
9575,2020,45040.780631,42310.482889,0.515628267022004,PER
9576,2021,63503.583317,62844.064842,0.5026099356996737,PER
9577,2022,66598.731174,73915.4415,0.47396451124195443,PER
9578,1948,317.0,643.83,0.32992308733074527,PHL
9579,1949,252.8,624.36,0.2882028364266496,PHL
9580,1950,335.1,366.63,0.4775340943097773,PHL
9581,1951,412.8,523.38,0.44094084470935074,PHL
9582,1952,354.0,462.99,0.43329783718282966,PHL
9583,1953,403.1,511.67,0.4406572143817572,PHL
9584,1954,404.6,522.06,0.4366218462003324,PHL
9585,1955,401.1,588.94,0.40513514605470485,PHL
9586,1956,451.2,541.64,0.4544538898513356,PHL
9587,1957,432.9,659.89,0.39614198519386157,PHL
9588,1958,488.0,626.9,0.43770741770562377,PHL
9589,1959,528.4,569.7,0.48119479100264095,PHL
9590,1960,537.0,654.4,0.450730233338929,PHL
9591,1961,487.5,675.9,0.4190304280556988,PHL
9592,1962,553.2,646.7,0.46103841986832234,PHL
9593,1963,725.7,676.4,0.5175807716995935,PHL
9594,1964,735.5,857.5,0.46170747018204644,PHL
9595,1965,763.1,879.8,0.4644835352121249,PHL
9596,1966,838.1,956.6,0.4669861258148994,PHL
9597,1967,809.1,1170.6,0.4086982876193363,PHL
9598,1968,845.5,1277.8,0.39820091367211413,PHL
9599,1969,823.9,1258.65,0.39562075340327957,PHL
9600,1970,1040.5,1204.6,0.46345374370852077,PHL
9601,1971,1117.8,1327.9,0.45704706219078384,PHL
9602,1972,1067.8,1363.7,0.439152786345877,PHL
9603,1973,1886.5,1789.7,0.5131657690005985,PHL
9604,1974,2672.0,3443.5,0.43692257378791594,PHL
9605,1975,2273.5,3702.8,0.380419322992487,PHL
9606,1976,2575.0,3951.94,0.39451871780650655,PHL
9607,1977,3151.74,4269.72,0.4246792410118763,PHL
9608,1978,3424.99,5143.23,0.3997317996036516,PHL
9609,1979,4600.91,6612.84,0.41029182922751084,PHL
9610,1980,5787.01,8294.85,0.4109549448723393,PHL
9611,1981,5720.72,8477.29,0.4029240717537176,PHL
9612,1982,5019.82,8262.46,0.37793360778420576,PHL
9613,1983,4935.27,7863.02,0.385619485103088,PHL
9614,1984,5342.56,6262.14,0.4603789843770197,PHL
9615,1985,4614.31,5351.43,0.46301729726041413,PHL
9616,1986,4807.7,5211.81,0.4798338441700242,PHL
9617,1987,5696.41,6936.82,0.4509068543832417,PHL
9618,1988,7043.8,8661.76,0.4484908529208764,PHL
9619,1989,7754.082792,11171.043,0.40972424052672846,PHL
9620,1990,8195.254548,12993.7988981,0.38676831736947637,PHL
9621,1991,8845.083048,12945.711173,0.4059091632133311,PHL
9622,1992,9834.300768,14568.652278,0.40299634021596353,PHL
9623,1993,11267.414,17642.444,0.3897429727949546,PHL
9624,1994,13441.282,22544.314,0.37351839330380965,PHL
9625,1995,17379.046,28296.84,0.3804862373113025,PHL
9626,1996,20562.0,31867.0,0.3921875298022087,PHL
9627,1997,25238.282,39141.487216,0.39202193961465226,PHL
9628,1998,29504.734898,29531.237715,0.49977553671238945,PHL
9629,1999,35486.620271,30752.986382,0.5357311443121743,PHL
9630,2000,38216.219599,34490.872598,0.5256188694144593,PHL
9631,2001,32150.199938,33057.160435,0.4930455665448502,PHL
9632,2002,35208.128355,35426.066483,0.49845727605092804,PHL
9633,2003,36231.090334,37505.122006,0.4913608820444601,PHL
9634,2004,39680.27188,44039.211411,0.473966994541469,PHL
9635,2005,41221.239155,47414.748087,0.4650621089428944,PHL
9636,2006,46985.503369,51532.594467,0.4769225594186288,PHL
9637,2007,50465.723179,55513.743249,0.47618397110241395,PHL
9638,2008,49077.540614,60419.668849,0.44820814023195443,PHL
9639,2009,39226.612361,45877.719622,0.46092380313655135,PHL
9640,2010,51431.676021,60192.970734,0.46075555458540546,PHL
9641,2011,48041.99502,66158.576415,0.42068086364475205,PHL
9642,2012,51990.426997,67885.693575,0.433701280529624,PHL
9643,2013,53973.92419,68014.090605,0.44245268095150825,PHL
9644,2014,61779.464133,70976.00634,0.46536285030577923,PHL
9645,2015,58641.537829,73348.785951,0.44428664275983637,PHL
9646,2016,64983.093971,93589.461246,0.40980038369233135,PHL
9647,2017,63108.322035,92837.995382,0.40467978391723436,PHL
9648,2018,67426.725276,108926.184249,0.382339738298684,PHL
9649,2019,82500.613314,125803.246371,0.3960589757614601,PHL
9650,2020,63549.827521,89796.978911,0.41441898269450095,PHL
9651,2021,74619.454531,124390.447714,0.37495347562723985,PHL
9652,2022,80785.024507,142934.004151,0.3611003721569716,PHL
9653,1948,526.8,558.91,0.485212441628059,POL
9654,1955,913.7,1025.31,0.471219849304542,POL
9655,1956,974.7,1124.97,0.4642158053408393,POL
9656,1957,975.7,1377.31,0.41466037118414284,POL
9657,1960,4.5,4.29,0.5119453924914676,POL
9658,1961,8.8,7.37,0.5442176870748299,POL
9659,1962,7.8,9.9,0.4406779661016949,POL
9660,1963,6.4,6.71,0.48817696414950423,POL
9661,1970,3547.67,3968.3,0.47201758389136733,POL
9662,1971,3872.01,4441.46,0.4657513649535031,POL
9663,1972,4927.38,5862.38,0.4566718814876327,POL
9664,1973,6432.02,8485.11,0.43118347832324316,POL
9665,1974,8320.56,11537.54,0.4190008107522875,POL
9666,1975,10282.38,13790.54,0.4271347223353046,POL
9667,1976,11016.68,15254.09,0.419351240941929,POL
9668,1977,12265.08,16471.59,0.4268093693528165,POL
9669,1978,14113.99,17697.9,0.4436702754850466,POL
9670,1979,16368.26,19342.38,0.4583580691917031,POL
9671,1980,17016.67,21131.95,0.44606253122655554,POL
9672,1981,13267.12,17023.04,0.43800098777952967,POL
9673,1982,11227.25,11358.74,0.4970891247184649,POL
9674,1983,11581.74,11749.86,0.49639716093195496,POL
9675,1984,11777.61,11863.07,0.49819252238091294,POL
9676,1985,11988.7482126896,12636.4371667994,0.4868490542481504,POL
9677,1986,12073.69,12329.2763,0.4947632124542171,POL
9678,1987,12204.841,11928.1129,0.5057334071317312,POL
9679,1988,13552.493,13840.46,0.49474377589009844,POL
9680,1989,13532.7544945892,11357.2282676354,0.5437028472003521,POL
9681,1990,13626.8365263158,8975.98321052632,0.6028821485535428,POL
9682,1991,14912.5482319736,17084.332773631,0.46606255870256563,POL
9683,1992,13186.372,15203.5851,0.4644731217293738,POL
9684,1993,14148.436,18834.736,0.4289592280572651,POL
9685,1994,17240.862,21569.1,0.44423805413671885,POL
9686,1995,22898.722,29049.742,0.4407969020989726,POL
9687,1996,24447.732,37136.811,0.3969783781621956,POL
9688,1997,25753.905,42317.91,0.3783343370527141,POL
9689,1998,28243.902,47054.067,0.3750951370281979,POL
9690,1999,27408.0307,45911.4662,0.3738164043512415,POL
9691,2000,31591.228152,48828.288242,0.3928303671614342,POL
9692,2001,36005.68708,50152.717854,0.4179010406190954,POL
9693,2002,41163.545391,55333.8265,0.4265768547302705,POL
9694,2003,53844.85018,68372.371388,0.44056679974549623,POL
9695,2004,74959.533042,89577.863575,0.4555774831935999,POL
9696,2005,88968.312777,101264.444601,0.4676813499591789,POL
9697,2006,110695.545649,126545.241735,0.4665957606599376,POL
9698,2007,140269.55636,164391.348884,0.4604120645136908,POL
9699,2008,170899.5082,208033.100631,0.4510023793603347,POL
9700,2009,136654.45455,149239.590682,0.47798985963176094,POL
9701,2010,159550.077927,177288.801882,0.47366882949340866,POL
9702,2011,188415.619997,210004.111649,0.47290735129656986,POL
9703,2012,185086.141791,198418.546848,0.4826176765865436,POL
9704,2013,204563.614967,206764.447899,0.49732472309734316,POL
9705,2014,219661.993269,222591.082961,0.4966884462206921,POL
9706,2015,198461.754555,195652.848573,0.5035635649627118,POL
9707,2016,203366.445676,198806.315152,0.5056693677048285,POL
9708,2017,234012.288188,233362.542951,0.5006951007988776,POL
9709,2018,263132.397078,268109.763577,0.4953153506370211,POL
9710,2019,265977.392345,263865.502518,0.501992939650107,POL
9711,2020,272750.268022,260374.714654,0.5116066154936891,POL
9712,2021,338087.503148,340551.988427,0.4981842456049232,POL
9713,2022,358038.080029,379400.288215,0.48551593658133896,POL
9714,1948,170.3,412.4,0.29226016818259826,PRT
9715,1949,152.8,347.4,0.30547780887644943,PRT
9716,1950,180.6,270.1,0.40071000665631235,PRT
9717,1951,257.8,322.8,0.44402342404409234,PRT
9718,1952,232.3,343.7,0.40329861111111115,PRT
9719,1953,214.2,326.5,0.3961531348252265,PRT
9720,1954,248.6,347.9,0.41676445934618606,PRT
9721,1955,281.9,395.1,0.41639586410635154,PRT
9722,1956,297.6,439.2,0.4039087947882737,PRT
9723,1957,284.9,497.6,0.36408945686900956,PRT
9724,1958,281.79,476.7,0.37151445635407193,PRT
9725,1959,288.29,469.02,0.38067634126051425,PRT
9726,1960,324.19,539.53,0.37534154587134716,PRT
9727,1961,329.81,648.39,0.3371600899611531,PRT
9728,1962,360.67,578.3,0.3841123784572457,PRT
9729,1963,413.8,646.0,0.39045102849594265,PRT
9730,1964,514.9,758.4,0.4043823136731328,PRT
9731,1965,575.6,919.5,0.3849909705036453,PRT
9732,1966,626.5,1007.8,0.38334455118399313,PRT
9733,1967,684.4,1013.1,0.403181148748159,PRT
9734,1968,728.4,1037.4,0.41250424736663266,PRT
9735,1969,822.59,1241.36,0.3985513214951913,PRT
9736,1970,950.41,1564.62,0.37789211261893496,PRT
9737,1971,1033.72,1778.84,0.3675370480985295,PRT
9738,1972,1286.41,2185.33,0.3705375402535905,PRT
9739,1973,1833.49,3018.69,0.3778693288377595,PRT
9740,1974,2274.67,4647.24,0.32861883497473965,PRT
9741,1975,1938.48,3829.62,0.3360690695376294,PRT
9742,1976,1810.43,4203.18,0.30105543924531186,PRT
9743,1977,2028.82,4977.94,0.2895518042576027,PRT
9744,1978,2418.32,5237.59,0.31587623156489564,PRT
9745,1979,3478.52,6528.89,0.3475944325254986,PRT
9746,1980,4636.14,9330.03,0.3319550026957999,PRT
9747,1981,4179.77,9909.94,0.29665408301519336,PRT
9748,1982,4173.34,9482.65,0.30560508611971743,PRT
9749,1983,4570.31,8110.39,0.3604146458791707,PRT
9750,1984,5202.05,7961.81,0.3951766427172577,PRT
9751,1985,5691.05,7659.65,0.4262735287288307,PRT
9752,1986,7240.77,9628.71,0.42922307030210777,PRT
9753,1987,9411.99,14489.34,0.39378519940103746,PRT
9754,1988,10870.32,17316.62,0.38565094330920635,PRT
9755,1989,12668.8217714245,18963.5841242681,0.4005013660105322,PRT
9756,1990,16397.8127936204,25095.8429108992,0.3951884333930671,PRT
9757,1991,17021.5138364488,26803.4416576543,0.3883977438092126,PRT
9758,1992,18797.6033992473,30732.738054168,0.3795169354309213,PRT
9759,1993,15373.0679612658,24261.8832669985,0.3878664533413889,PRT
9760,1994,18051.3448426561,27024.1774074788,0.4004689006704093,PRT
9761,1995,23169.5357517087,33308.844332877,0.4102372574604387,PRT
9762,1996,23831.4066735773,34136.7620173523,0.41111194663815986,PRT
9763,1997,23816.3544229125,35213.63,0.40346198047899495,PRT
9764,1998,24179.5629272254,36911.4567055744,0.39579570078485615,PRT
9765,1999,24541.661539669,39917.441591521,0.38073228368878687,PRT
9766,2000,24157.238127,39867.489537,0.377311064152846,PRT
9767,2001,23936.572161,39440.266657,0.3776864325741921,PRT
9768,2002,25697.168251,40109.007106,0.39049782351872414,PRT
9769,2003,31554.364989,47209.815963,0.4006182075102092,PRT
9770,2004,35405.174256,54841.851967,0.392314026708359,PRT
9771,2005,38304.301613,63835.691491,0.3750176639820033,PRT
9772,2006,44286.500691,70655.680348,0.3852937215100656,PRT
9773,2007,51814.447243,82244.454891,0.3865050840951116,PRT
9774,2008,56249.773725,94615.902989,0.37284672663904966,PRT
9775,2009,43338.239732,71740.02727,0.3765979525156284,PRT
9776,2010,48217.839436,77620.381855,0.3831732437197804,PRT
9777,2011,58026.606002,82916.751031,0.4117016028532217,PRT
9778,2012,56447.157068,72480.004545,0.4378220722599722,PRT
9779,2013,61153.124879,75668.245965,0.4469559433717788,PRT
9780,2014,62368.423639,77964.783419,0.4444309721591626,PRT
9781,2015,54009.768023,66560.165859,0.44795386614260363,PRT
9782,2016,54564.857096,67685.331852,0.4463376095002156,PRT
9783,2017,61058.30429,78286.143764,0.4381825407664477,PRT
9784,2018,66874.674733,89036.804716,0.42892720259815953,PRT
9785,2019,65586.310054,89409.86839,0.4231479170158784,PRT
9786,2020,60838.967728,77764.653876,0.43894212159781143,PRT
9787,2021,74404.449706,98044.509658,0.43145780630052605,PRT
9788,2022,80273.786446,114361.608443,0.4124315954545673,PRT
9789,1969,,52.88,,QAT
9790,1970,,64.0,,QAT
9791,1971,,107.66,,QAT
9792,1972,398.53,138.37,0.7422797541441609,QAT
9793,1973,622.51,194.44,0.7619927780157904,QAT
9794,1974,,270.92,,QAT
9795,1975,,409.4,,QAT
9796,1976,2209.44,832.95,0.7262185321408497,QAT
9797,1977,,1225.07,,QAT
9798,1978,2318.0,1183.9,0.6619263828207544,QAT
9799,1979,3598.03,1425.21,0.7162767456860513,QAT
9800,1980,5310.89,1439.76,0.7867227600305156,QAT
9801,1981,5389.09,1517.77,0.7802518076231456,QAT
9802,1982,6335.93261060098,1950.99,0.7645700229534892,QAT
9803,1983,4832.87901707241,1459.45,0.7680588545131373,QAT
9804,1984,4498.34358646815,1164.1,0.794417377899903,QAT
9805,1985,3542.46024684911,1140.97,0.7563815537196023,QAT
9806,1986,2068.64610540407,1100.04,0.6528403371593277,QAT
9807,1987,1994.06032623173,1135.95,0.637077874638328,QAT
9808,1988,2083.2886647255,1269.47802197802,0.6213640433100981,QAT
9809,1989,2493.71252048212,1330.08241758242,0.652156446899933,QAT
9810,1990,3292.95189196859,1694.89010989011,0.6601957100368224,QAT
9811,1991,3246.79113879951,1720.10989010989,0.6536854911949834,QAT
9812,1992,3623.63689203306,2020.83076923077,0.6419802733393118,QAT
9813,1993,3324.67637563227,1890.68681318681,0.6374774402595498,QAT
9814,1994,3186.31381560435,1945.72747252747,0.6208667539314051,QAT
9815,1995,3680.55324178907,1929.32662375731,0.6560841461852943,QAT
9816,1996,4398.91531726899,3402.86947855352,0.5638344856198036,QAT
9817,1997,5503.55951647462,2871.96118779697,0.6571005804651352,QAT
9818,1998,4869.54693715368,3408.57142857143,0.5882432120463089,QAT
9819,1999,6220.73311988396,2499.56043956044,0.7133628102630416,QAT
9820,2000,11585.149987,3226.874863,0.7821449197069096,QAT
9821,2001,10847.137573,3720.004481,0.7446304520673963,QAT
9822,2002,10977.031764,4052.017739,0.7303876244341891,QAT
9823,2003,13366.588876,4868.895027,0.732998858001295,QAT
9824,2004,18612.320902,5960.155765,0.7574458673510804,QAT
9825,2005,25726.534601,10060.714074,0.7188743352313602,QAT
9826,2006,34048.698022,16441.180914,0.6743667986441297,QAT
9827,2007,44455.984365,23429.474209,0.6548675563050046,QAT
9828,2008,67307.15479,27823.640139,0.707522257542724,QAT
9829,2009,44475.521599,23975.518719,0.6497420841579912,QAT
9830,2010,74579.211104,22441.815175,0.7686912204941551,QAT
9831,2011,114312.864432,21710.141871,0.8403936035449823,QAT
9832,2012,132885.999571,24565.799539,0.8439789213088783,QAT
9833,2013,133308.383122,26187.620569,0.8358101772898671,QAT
9834,2014,126679.200127,29686.274454,0.8101481510957076,QAT
9835,2015,77053.635539,31778.704021,0.708003116082236,QAT
9836,2016,57268.555547,31198.23792,0.6473452162405139,QAT
9837,2017,67464.629327,29014.765398,0.6992646411111696,QAT
9838,2018,84260.449545,30812.924798,0.7322323693563055,QAT
9839,2019,72895.776088,28291.585355,0.7204039620013516,QAT
9840,2020,51473.424475,24977.754822,0.6732848982621235,QAT
9841,2021,87165.659554,27092.150834,0.7628857866083755,QAT
9842,2022,130920.851816,32558.792645,0.8008388582422732,QAT
9843,1958,467.78,529.21,0.4691922687288739,ROU
9844,1959,520.93,551.36,0.4858107414971696,ROU
9845,1960,712.7,711.29,0.5004950877464027,ROU
9846,1961,788.29,893.53,0.46871246625679325,ROU
9847,1962,813.21,1032.6,0.44057080631267576,ROU
9848,1963,908.62,1119.63,0.44798225070873904,ROU
9849,1964,998.83,1282.35,0.4378567232747964,ROU
9850,1965,1098.42,1182.79,0.48150762095554556,ROU
9851,1966,1177.41,1334.63,0.46870670849190305,ROU
9852,1967,1376.03,1700.94,0.4472029301553151,ROU
9853,1968,1450.98,1770.08,0.45046661657963527,ROU
9854,1969,1621.78,1914.76,0.4585781583129273,ROU
9855,1970,1841.5,2156.45,0.4606110631698746,ROU
9856,1971,2097.88,2313.04,0.4756105302295213,ROU
9857,1972,2601.99,2887.7,0.4739775834336729,ROU
9858,1973,3696.91,3820.3,0.49179283271320073,ROU
9859,1974,4866.0,5654.43,0.46252862287948304,ROU
9860,1975,5339.32,5873.53,0.4761786700080711,ROU
9861,1976,6137.73,6704.87,0.4779195801473222,ROU
9862,1977,7020.84,7719.54,0.4762997968844765,ROU
9863,1978,8076.61,9800.61,0.45178221222315323,ROU
9864,1979,9724.07,12006.98,0.4474735459170174,ROU
9865,1980,12056.0,14520.56,0.4536328253167453,ROU
9866,1981,11180.11,12075.86,0.4807415042245067,ROU
9867,1982,10122.45,9155.75,0.5250723615275286,ROU
9868,1983,10090.18,8305.78,0.548499779299368,ROU
9869,1984,10720.07,8312.81,0.5632395097326311,ROU
9870,1985,11218.43,9520.89,0.5409256426922388,ROU
9871,1986,10155.0822948721,9246.31259650173,0.5234202154911662,ROU
9872,1987,11123.4503606512,10048.5154908292,0.5253858068108218,ROU
9873,1988,11969.3259060371,9419.48203101743,0.5596069655336484,ROU
9874,1989,11089.9829804701,9950.72216420287,0.5270727812693022,ROU
9875,1990,5870.6847001133,10293.4304660364,0.3631924568569936,ROU
9876,1991,4318.14630074178,5957.08409088332,0.420248124485979,ROU
9877,1992,4366.84534236789,6140.08888792674,0.41561555889223806,ROU
9878,1993,4892.1,6521.7,0.42861273195605326,ROU
9879,1994,6159.6,7113.0,0.46408390217440443,ROU
9880,1995,8061.1,10387.6,0.4369467767376563,ROU
9881,1996,7644.4,9963.6,0.4341435711040436,ROU
9882,1997,8386.6,11142.0,0.42945218807287777,ROU
9883,1998,8314.57,11882.25,0.41167718482414556,ROU
9884,1999,8508.98,10600.54,0.44527439726377216,ROU
9885,2000,10358.187671,13043.936563,0.44261741230956325,ROU
9886,2001,11379.041765,15543.259734,0.42266229599362676,ROU
9887,2002,13913.965288,17910.313226,0.4372122774717117,ROU
9888,2003,17672.251247,24067.591623,0.4233904593757279,ROU
9889,2004,23533.979344,32725.228498,0.41831337920884903,ROU
9890,2005,27644.913378,40346.62084,0.4065934633768173,ROU
9891,2006,32477.230548,51325.90737,0.38754193882069715,ROU
9892,2007,40528.455105,70500.129568,0.36502721550818557,ROU
9893,2008,49648.457068,84306.237333,0.37063618628679706,ROU
9894,2009,40622.960672,54453.748837,0.427265109213257,ROU
9895,2010,49480.200199,62014.664871,0.44378904954891657,ROU
9896,2011,62985.423493,76512.053046,0.451516579766881,ROU
9897,2012,57832.664704,70220.666604,0.45162952117893845,ROU
9898,2013,65827.696623,73463.214221,0.4725914722226511,ROU
9899,2014,69680.390968,77719.757586,0.4727294487255731,ROU
9900,2015,60504.472402,69790.804111,0.46436428104869376,ROU
9901,2016,63428.934807,74538.819349,0.45973738715266016,ROU
9902,2017,70641.084153,85463.435934,0.45252427100528797,ROU
9903,2018,79529.987442,97724.843556,0.4486759937329852,ROU
9904,2019,76771.417344,96537.503841,0.4429744113521412,ROU
9905,2020,70673.827979,92125.997004,0.43411488916760166,ROU
9906,2021,87301.909663,116189.606082,0.4290198996424012,ROU
9907,2022,96378.832105,132451.291631,0.42118070178641215,ROU
9908,1992,39931.4,34981.4,0.5330384126611206,RUS
9909,1993,44047.2,26751.9,0.6221435018241757,RUS
9910,1994,63077.883,38599.535,0.6203725885328835,RUS
9911,1995,77595.355,46399.372,0.6257956033888441,RUS
9912,1996,83979.296,44504.1839,0.6536194074550435,RUS
9913,1997,85076.577,52400.371,0.6188424913244365,RUS
9914,1998,71463.457,42938.782,0.6246683423739634,RUS
9915,1999,72465.6415691682,30285.7307782633,0.7052522989585126,RUS
9916,2000,102817.623998,33829.260498,0.7524329908963985,RUS
9917,2001,82265.820783,36779.888499,0.691043980326293,RUS
9918,2002,106980.645729,45414.004896,0.7019973817338838,RUS
9919,2003,131139.545102,56563.854494,0.698653009930858,RUS
9920,2004,165923.840722,68741.848319,0.7070647669033983,RUS
9921,2005,238745.602481,97001.703828,0.7110871717948322,RUS
9922,2006,291772.240732,132188.674759,0.6882055162893757,RUS
9923,2007,352292.118015,199614.475558,0.6383183714734924,RUS
9924,2008,465798.533298,266897.944197,0.635731913016026,RUS
9925,2009,284982.505011,157271.332805,0.6443867314263243,RUS
9926,2010,379085.206411,217043.640056,0.6359115292904804,RUS
9927,2011,503368.560627,253981.150429,0.6646448176828841,RUS
9928,2012,524482.741945,316848.275714,0.6233964170302089,RUS
9929,2013,527266.364764,314966.523395,0.6260339297798362,RUS
9930,2014,497833.710457,286669.083347,0.634585006438331,RUS
9931,2015,343426.722931,182403.530303,0.6531132828870756,RUS
9932,2016,285499.878698,182267.576704,0.6103457506521932,RUS
9933,2017,355720.095268,226098.170856,0.6113938251505276,RUS
9934,2018,449185.26724,237509.707808,0.6541263349256371,RUS
9935,2019,419731.678988,242627.666419,0.6336917896585085,RUS
9936,2020,337884.789154,231429.507465,0.5934942985985144,RUS
9937,2021,492048.058908,293656.038258,0.6262511048151533,RUS
9938,2022,593111.283351798,236048.236586238,0.7153162559070924,RUS
9939,1964,5.8,5.8,0.5,RWA
9940,1965,7.0,10.1,0.4093567251461988,RWA
9941,1966,11.8,20.0,0.37106918238993714,RWA
9942,1967,14.0,20.2,0.4093567251461988,RWA
9943,1968,14.7,22.7,0.393048128342246,RWA
9944,1969,14.2,23.4,0.3776595744680851,RWA
9945,1970,24.7,28.9,0.4608208955223881,RWA
9946,1971,22.3,32.7,0.40545454545454546,RWA
9947,1972,19.3,34.3,0.3600746268656717,RWA
9948,1973,33.078,33.997,0.49314945956019385,RWA
9949,1974,37.161,58.59,0.38810038537456526,RWA
9950,1975,42.184,95.894,0.30550848071379944,RWA
9951,1976,81.088,105.025,0.43569229446626506,RWA
9952,1977,92.123,112.892,0.44934760871155777,RWA
9953,1978,68.969,177.926,0.2793454707466737,RWA
9954,1979,117.636,194.866,0.37643279083013864,RWA
9955,1980,73.335,243.044,0.2317947777823433,RWA
9956,1981,108.968,256.21,0.2983969461468106,RWA
9957,1982,102.057,276.671,0.26947307830421835,RWA
9958,1983,120.165,270.127,0.30788486569030366,RWA
9959,1984,143.02,277.645,0.3399854991501552,RWA
9960,1985,129.874,298.464,0.3032044787060686,RWA
9961,1986,173.23,357.469,0.3264185536434024,RWA
9962,1987,108.638,378.858,0.22284900799186047,RWA
9963,1988,108.528,396.174,0.21503382193849044,RWA
9964,1989,95.231,332.73,0.22252261304184257,RWA
9965,1990,99.9,288.34,0.25731506284772304,RWA
9966,1991,91.465,306.27,0.2299646749720291,RWA
9967,1992,196.6193311369,288.33,0.4054430401542194,RWA
9968,1993,100.048425344121,274.367920967905,0.2672116918227283,RWA
9969,1994,60.5575508596242,237.074950116097,0.2034641736406471,RWA
9970,1995,63.1135928919507,284.323458213271,0.18165475642618403,RWA
9971,1996,168.518420136924,322.730967038007,0.3430404689276805,RWA
9972,1997,117.715283189974,325.607699002664,0.2655293948618774,RWA
9973,1998,108.232693034287,277.544350729173,0.28055762981233817,RWA
9974,1999,78.5707547384325,269.045379005955,0.22602735348356387,RWA
9975,2000,42.697776,279.335427,0.1325881170085434,RWA
9976,2001,195.293091,294.546498,0.39868784676773034,RWA
9977,2002,60.368915,260.323649,0.18824544681366545,RWA
9978,2003,55.976807,264.454467,0.17469208389440788,RWA
9979,2004,104.926497,326.835144,0.24301949741755777,RWA
9980,2005,158.146949,384.937416,0.29120143976157375,RWA
9981,2006,154.360919,582.834833,0.20938932241703964,RWA
9982,2007,198.624997,652.846552,0.23327261754461748,RWA
9983,2008,397.556173,1148.931672,0.25707035091504393,RWA
9984,2009,266.301923,1155.3166,0.1873230537528667,RWA
9985,2010,249.305149,1291.392851,0.16181311911873708,RWA
9986,2011,412.400209,1582.557538,0.20672127498447718,RWA
9987,2012,404.9855,1559.226203,0.2061822049942241,RWA
9988,2013,641.212017,2014.595425,0.2414376911742986,RWA
9989,2014,649.509392,2226.379682,0.22584646879186276,RWA
9990,2015,428.643627,1857.00275,0.1875371585532017,RWA
9991,2016,419.021671,1794.782079,0.18927679158552335,RWA
9992,2017,660.643654,1782.037667,0.2704583886241622,RWA
9993,2018,846.756299,2933.307876,0.22400579984862296,RWA
9994,2019,1162.32592,3194.45554,0.26678545404937526,RWA
9995,2020,1643.102991,4213.47987,0.28055660271481986,RWA
9996,2021,1196.665947,3335.78771,0.2640216618987043,RWA
9997,2022,1562.504485,3737.081334,0.294835207573794,RWA
9998,1964,6.8,9.5,0.4171779141104294,WSM
9999,1965,5.5,8.9,0.3819444444444444,WSM
10000,1966,4.6,7.8,0.3709677419354839,WSM
10001,1967,4.4,7.4,0.3728813559322034,WSM
10002,1968,5.4,7.6,0.4153846153846154,WSM
10003,1969,6.444,10.23,0.386469953220583,WSM
10004,1970,4.5,13.4,0.25139664804469275,WSM
10005,1971,6.3,13.2,0.3230769230769231,WSM
10006,1972,5.1,19.0,0.21161825726141076,WSM
10007,1973,6.545,23.565,0.21736964463633346,WSM
10008,1974,12.709,27.37,0.31709873000823374,WSM
10009,1975,7.208,35.487,0.1688253893898583,WSM
10010,1976,6.859,29.614,0.1880569188166589,WSM
10011,1977,15.254,41.382,0.26933399251359563,WSM
10012,1978,10.134,53.994,0.15802769461077845,WSM
10013,1979,18.762,71.376,0.2081475071556946,WSM
10014,1980,17.809,62.584,0.2215242620626174,WSM
10015,1981,12.195,67.107,0.15377922372701824,WSM
10016,1982,14.308,49.774,0.22327642707780657,WSM
10017,1983,17.392,51.2090219228406,0.2535239200891461,WSM
10018,1984,21.029,50.3313290431295,0.29468754253207374,WSM
10019,1985,27.263,64.775,0.29621460701014796,WSM
10020,1986,10.487,58.656,0.15167117423311108,WSM
10021,1987,11.079,75.8004268412513,0.1275215595084885,WSM
10022,1988,15.852,84.6513800281607,0.15772603862236598,WSM
10023,1989,13.6851881081994,94.0675479262979,0.1270054813626083,WSM
10024,1990,12.4617119861092,100.090653251447,0.11071923686194564,WSM
10025,1991,8.16027331916567,99.1754759662329,0.07602567992019182,WSM
10026,1992,5.80328700486286,110.672699074528,0.04982389246232523,WSM
10027,1993,6.43483026436433,103.119302944715,0.05873653577344941,WSM
10028,1994,3.97692130163859,80.4523424878837,0.04710358853244114,WSM
10029,1995,60.9001492204128,143.69332180324,0.2976641870129483,WSM
10030,1996,64.7540547797966,162.872429327008,0.28447504706619886,WSM
10031,1997,64.6851908248857,143.044010414377,0.3113919007967552,WSM
10032,1998,73.9729401830623,146.461170933123,0.33557846291798743,WSM
10033,1999,64.7918922656133,161.638851050083,0.2861444135935135,WSM
10034,2000,58.408529,232.553668,0.2007426724235245,WSM
10035,2001,81.530073,151.472924,0.3499099756214724,WSM
10036,2002,74.732882,147.786872,0.33584830405663674,WSM
10037,2003,90.207882,170.737379,0.3456965712054069,WSM
10038,2004,91.00223,237.809214,0.27676113973697336,WSM
10039,2005,235.560038,673.565177,0.2591062640364672,WSM
10040,2006,68.027787,308.661647,0.18059382838967553,WSM
10041,2007,100.032308,299.682562,0.25025916098643014,WSM
10042,2008,73.401806,323.753658,0.1848188244994157,WSM
10043,2009,47.635097,261.071765,0.1543052742377978,WSM
10044,2010,60.573427,311.72,0.16270345541179806,WSM
10045,2011,53.388006,342.989006,0.13468996532018862,WSM
10046,2012,64.069006,337.247999,0.15964687566628283,WSM
10047,2013,61.090987,365.286005,0.1432792766641592,WSM
10048,2014,49.203011,380.272001,0.1145654802379981,WSM
10049,2015,52.797314,333.793907,0.13657142514366616,WSM
10050,2016,56.175415,350.489718,0.13813678735029394,WSM
10051,2017,41.981446,351.210036,0.10677099561378595,WSM
10052,2018,45.993443,363.555009,0.1123028124642991,WSM
10053,2019,49.062399,389.005334,0.11199729015421458,WSM
10054,2020,37.236526,311.57035,0.10675399070974737,WSM
10055,2021,29.079771,367.887368,0.07325485699711784,WSM
10056,2022,41.580145,439.989271,0.08634299359243362,WSM
10057,2000,65.598532,115.995991,0.3612362912509206,SMR
10058,2001,69.614011,166.312673,0.29506628847460087,SMR
10059,2002,81.746914,198.338308,0.2918644311765938,SMR
10060,2003,90.171778,263.441483,0.25500112112594103,SMR
10061,2004,104.707742,290.185154,0.2651547876921037,SMR
10062,2005,105.401516,314.356564,0.25110062443586556,SMR
10063,2006,114.190814,371.024858,0.2353403251162918,SMR
10064,2007,190.394137,412.705524,0.31569266128305784,SMR
10065,2008,204.209014,432.202855,0.32087555865492506,SMR
10066,2009,120.404513,319.578884,0.27365694665064827,SMR
10067,2010,134.669742,344.915027,0.2808048768537935,SMR
10068,2011,123.138104,377.97579,0.24572877638072432,SMR
10069,2012,91.009664,352.574535,0.20516885904675788,SMR
10070,2013,89.205298,334.28716,0.21064199920178983,SMR
10071,2014,114.293371,327.083916,0.25894710572182206,SMR
10072,2015,99.185178,289.572388,0.25513375603344524,SMR
10073,2016,115.48517,282.995623,0.2898136422851377,SMR
10074,2017,130.300739,322.25392,0.2879226551062863,SMR
10075,2018,152.020278,338.543411,0.30988897345804167,SMR
10076,2019,150.138475,352.894699,0.2984663492591047,SMR
10077,2020,150.506701,309.595039,0.3271161308800962,SMR
10078,2021,216.908866,487.247461,0.3080407825406076,SMR
10079,2022,202.601836,483.79851,0.295165696201441,SMR
10080,1964,1168.9,299.9,0.795819716775599,SAU
10081,1965,1316.2,376.3,0.7776661742983753,SAU
10082,1966,1519.7,456.9,0.7688454922594354,SAU
10083,1967,1692.0,501.4,0.771405124464302,SAU
10084,1968,2026.0,572.7,0.7796205795205295,SAU
10085,1969,2103.4,747.5,0.7378020975832194,SAU
10086,1970,2358.0,709.9,0.7686039310277388,SAU
10087,1971,3480.9,817.1,0.8098883201489064,SAU
10088,1972,4560.2,1135.5,0.8006390786031568,SAU
10089,1973,7747.3,1976.4,0.7967440377634027,SAU
10090,1974,31241.6,2857.3,0.916205508095569,SAU
10091,1975,29838.3,4213.5,0.8762620478212605,SAU
10092,1976,38905.8,8693.5,0.8173607595069675,SAU
10093,1977,44060.8,14653.8,0.7504232337442476,SAU
10094,1978,37816.3,20348.7,0.6501555918507694,SAU
10095,1979,58651.9,24257.3,0.7074233016360066,SAU
10096,1980,102012.2,30166.4,0.7717754613833101,SAU
10097,1981,113235.6,35235.8,0.7626761787118596,SAU
10098,1982,75837.3,40654.5,0.6510097706448008,SAU
10099,1983,45862.2,39180.6,0.5392837488887948,SAU
10100,1984,37520.9,33695.8,0.5268553583639791,SAU
10101,1985,27479.6,23621.9,0.5377454673541873,SAU
10102,1986,20184.2,19112.4,0.5136373121338741,SAU
10103,1987,22602.3049399199,20022.0,0.5302680001885886,SAU
10104,1988,23735.2592790387,21784.5441922563,0.5214271035683681,SAU
10105,1989,28383.5770360481,21153.9287049399,0.5729714609462694,SAU
10106,1990,44417.4085447263,24080.9930574099,0.6484444528022547,SAU
10107,1991,47816.482777036,29073.8048064085,0.6218793592772506,SAU
10108,1992,50287.4680907877,33272.6552736983,0.6018117980922039,SAU
10109,1993,42395.2579439252,28202.3983978638,0.6005193393201935,SAU
10110,1994,42614.1209612817,23343.5882510013,0.6460824893740529,SAU
10111,1995,50041.1222963952,27450.0435246996,0.6457655110251665,SAU
10112,1996,60790.1263134299,27764.9455273698,0.6864669075387984,SAU
10113,1997,60707.7993145074,28487.8824073782,0.6806136591208065,SAU
10114,1998,38736.5858477971,30012.5556742323,0.5634482844470817,SAU
10115,1999,48891.3975543355,28031.6779706275,0.6355881797584824,SAU
10116,2000,140570.540529,30608.15772,0.8211917835975319,SAU
10117,2001,127450.039189,31180.381669,0.8034400873404257,SAU
10118,2002,125495.663286,32289.22932,0.7953591830833355,SAU
10119,2003,168990.11033,36915.666476,0.8207157319788014,SAU
10120,2004,209918.297713,44744.046495,0.8243005002009465,SAU
10121,2005,284890.883893,59507.383007,0.8272134655535921,SAU
10122,2006,319250.15893,77552.02775,0.8045574587205044,SAU
10123,2007,328143.195462,99744.80099,0.7668903969798805,SAU
10124,2008,471375.055056,127756.145563,0.7867643256919233,SAU
10125,2009,214580.340397,105921.63871,0.6695133084509349,SAU
10126,2010,297798.109187,117510.896943,0.7170518933889511,SAU
10127,2011,458539.426602,144287.042928,0.760649125045065,SAU
10128,2012,520282.988709,171552.567061,0.7520327401067655,SAU
10129,2013,475169.205138,184588.181547,0.7202180903582194,SAU
10130,2014,442854.623115,189794.294785,0.7000006015737785,SAU
10131,2015,244612.233261,174674.737282,0.5834005119315144,SAU
10132,2016,206681.876046,140169.333067,0.5958805119190619,SAU
10133,2017,220358.740291,127909.736671,0.6327266315149264,SAU
10134,2018,295387.171148,126629.400057,0.6999421143690395,SAU
10135,2019,259426.780794,132156.499095,0.6625072982368867,SAU
10136,2020,181365.358194,152734.896811,0.5428471109406539,SAU
10137,2021,278924.567991,151537.002507,0.647966246251234,SAU
10138,2022,407429.581914,183637.481565,0.689311936137811,SAU
10139,1960,111.6,172.4,0.3929577464788732,SEN
10140,1961,124.5,158.6,0.4397739314729777,SEN
10141,1962,123.5,154.4,0.44440446203670386,SEN
10142,1963,110.2,168.5,0.39540724793684967,SEN
10143,1964,121.2,171.1,0.41464249059185765,SEN
10144,1965,127.4,163.8,0.43749999999999994,SEN
10145,1966,148.9,155.0,0.48996380388285626,SEN
10146,1967,139.765,168.577,0.4532791510725104,SEN
10147,1968,150.4,179.3,0.45617227782832875,SEN
10148,1969,126.914,207.583,0.3794174536692407,SEN
10149,1970,151.158,190.701,0.442164752134652,SEN
10150,1971,124.443,218.009,0.36338815366825133,SEN
10151,1972,216.321,277.671,0.4379038526939708,SEN
10152,1973,194.708,361.547,0.3500337075621792,SEN
10153,1974,390.74,496.81,0.44024561996507244,SEN
10154,1975,462.299,581.457,0.4429186514855963,SEN
10155,1976,489.954,583.438,0.456453932952733,SEN
10156,1977,619.732,763.218,0.44812321486677037,SEN
10157,1978,449.171,751.366,0.3741417382388048,SEN
10158,1979,534.912,930.743,0.364964469810426,SEN
10159,1980,476.9,1051.703,0.31198421041957913,SEN
10160,1981,499.821,1075.829,0.3172157522292387,SEN
10161,1982,547.441,991.83,0.35564952500242,SEN
10162,1983,617.966114670762,1111.97212705579,0.357218598771483,SEN
10163,1984,673.671904418317,1074.15719214831,0.3854335104854668,SEN
10164,1985,694.294557361391,931.056810623995,0.42716582459457075,SEN
10165,1986,773.39303212851,1100.73006354594,0.41266928192365354,SEN
10166,1987,754.964347829552,1175.62193806645,0.3910544446238861,SEN
10167,1988,591.175503085056,1079.65161529252,0.35382206607892824,SEN
10168,1989,790.560619620515,1322.48795461047,0.37413272428355254,SEN
10169,1990,860.975033051591,1387.25405569508,0.38295698483803625,SEN
10170,1991,651.430542320111,1155.10761425368,0.360596060453873,SEN
10171,1992,741.368254592654,1258.25909387416,0.3707532081720565,SEN
10172,1993,670.653556211473,1052.58619017385,0.3891818057343672,SEN
10173,1994,483.928306530297,884.081151377555,0.35374631639636955,SEN
10174,1995,609.00464117333,1255.57717133043,0.3266172806628199,SEN
10175,1996,723.692886773664,1324.18128995916,0.35338737848056795,SEN
10176,1997,693.862275772785,1210.39517141607,0.36437419572500224,SEN
10177,1998,823.874814778656,1536.83861475786,0.348993996675153,SEN
10178,1999,817.152347425113,1607.50618865921,0.3370174955623915,SEN
10179,2000,684.977329,1417.439602,0.3258047054797049,SEN
10180,2001,766.301292,1638.349427,0.3186746773430258,SEN
10181,2002,937.381114,1858.424894,0.33528117162555293,SEN
10182,2003,1151.065281,2250.683216,0.3383745982441453,SEN
10183,2004,1267.384573,2767.128482,0.3141356975978356,SEN
10184,2005,1432.935315,3088.12823,0.31694651064675533,SEN
10185,2006,1354.987724,3336.614771,0.28881128046207166,SEN
10186,2007,1427.226064,4331.581071,0.24783362778826595,SEN
10187,2008,2061.287859,5587.132368,0.2695050478167196,SEN
10188,2009,1734.90295,4274.061183,0.2887191388732491,SEN
10189,2010,1949.076882,4371.752911,0.3083577545717976,SEN
10190,2011,2372.045726,5324.901784,0.3081800574731995,SEN
10191,2012,2340.964355,5800.763998,0.2875267085197481,SEN
10192,2013,2439.922765,6065.655534,0.2868614783414387,SEN
10193,2014,2573.248738,6048.666469,0.29845442412966655,SEN
10194,2015,2321.527831,5254.017364,0.3064502647984004,SEN
10195,2016,2743.647126,5592.029868,0.3291450865928311,SEN
10196,2017,2464.587781,6001.381291,0.2911170310261677,SEN
10197,2018,3042.33661,7087.667092,0.30032926931698367,SEN
10198,2019,4355.325428,8304.250939,0.344034057834125,SEN
10199,2020,3927.959991,7812.731577,0.33455950769594395,SEN
10200,2021,5194.857137,9677.419697,0.34929803922986874,SEN
10201,2022,5710.112229,12064.410296,0.3212526367990299,SEN
10202,1993,3.77917872066569,90.7889848682739,0.03996248396122701,Serbia and Montenegro
10203,1994,57.1776498292397,222.901097872297,0.20414847716389578,Serbia and Montenegro
10204,1995,65.6008880965898,383.451676010116,0.14608732549404047,Serbia and Montenegro
10205,1996,677.609158794154,2401.88864722522,0.22003885096773176,Serbia and Montenegro
10206,1997,1267.50350436512,2857.30696494837,0.30728769571225323,Serbia and Montenegro
10207,1998,1420.98803758628,3172.91853527925,0.3093201864355534,Serbia and Montenegro
10208,1999,813.715944011018,2371.55580501427,0.2554620164700296,Serbia and Montenegro
10209,2000,1715.018343,3784.35673,0.3118569510597918,Serbia and Montenegro
10210,2001,1909.970173,4952.369596,0.27832637807124005,Serbia and Montenegro
10211,2002,1180.725233,3918.250151,0.23156127340896374,Serbia and Montenegro
10212,2003,1416.041294,4841.081243,0.22630870430083128,Serbia and Montenegro
10213,2004,3849.316145,11742.190999,0.24688544278936578,Serbia and Montenegro
10214,2006,5811.142005,13022.844056,0.30854551905150207,SRB
10215,2007,8824.775217,18553.250102,0.32233059594972757,SRB
10216,2008,10972.822367,22873.72055,0.32419329778843425,SRB
10217,2009,8344.29146,16051.933628,0.3420320738106481,SRB
10218,2010,9794.430275,16734.090398,0.3692037862091761,SRB
10219,2011,11784.04263,19854.990925,0.37245267335726623,SRB
10220,2012,11350.467737,18877.527805,0.3754952167181975,SRB
10221,2013,14716.898483,20561.195292,0.4171681887593713,SRB
10222,2014,14806.724882,20453.933564,0.4199219621685677,SRB
10223,2015,13355.062477,18168.573866,0.42365234555072406,SRB
10224,2016,14872.6291,19182.91393,0.43671683892688173,SRB
10225,2017,16598.016574,22395.911755,0.4256564364061767,SRB
10226,2018,18324.240448,25811.454868,0.41517960274112026,SRB
10227,2019,18942.108657,26668.7846,0.4152979103098998,SRB
10228,2020,19490.703948,26218.812532,0.42640363427445294,SRB
10229,2021,25559.357547,33643.863377,0.4317224155728098,SRB
10230,2022,29056.97941,41148.448639,0.41388508292720083,SRB
10231,1970,1.5,8.8,0.14563106796116504,SYC
10232,1971,1.3,14.1,0.08441558441558442,SYC
10233,1972,1.5,19.5,0.07142857142857142,SYC
10234,1973,2.0,24.6,0.07518796992481203,SYC
10235,1974,2.6,24.6,0.09558823529411764,SYC
10236,1975,2.0,30.3,0.061919504643962855,SYC
10237,1976,1.7,37.6,0.04325699745547073,SYC
10238,1977,9.6,45.3,0.17486338797814208,SYC
10239,1978,12.9,57.1,0.1842857142857143,SYC
10240,1979,16.8,83.7,0.16716417910447762,SYC
10241,1980,15.9,97.4,0.14033539276257723,SYC
10242,1981,16.8,93.1,0.15286624203821658,SYC
10243,1982,14.0,97.2,0.12589928057553956,SYC
10244,1983,19.2,84.1,0.18586640851887706,SYC
10245,1984,25.2,86.2,0.22621184919210052,SYC
10246,1985,27.3,94.2,0.22469135802469137,SYC
10247,1986,17.7,98.6281536621029,0.1521557717782833,SYC
10248,1987,20.6,94.8,0.17850953206239167,SYC
10249,1988,73.3782460314843,123.705893474096,0.37231938711844764,SYC
10250,1989,117.085212383968,164.744363721169,0.4154468597727627,SYC
10251,1990,13.6408776630628,186.456557177387,0.06817117707650538,SYC
10252,1991,16.4860875004136,172.366582272099,0.08729602562819126,SYC
10253,1992,18.1441236392605,192.309413874083,0.08621439132668463,SYC
10254,1993,15.2746290815907,238.442931950645,0.06020327887217079,SYC
10255,1994,23.832166740065,206.255779186851,0.10357851057366965,SYC
10256,1995,24.576552555386,240.390491223264,0.09275324283693534,SYC
10257,1996,167.062934483348,380.281256923429,0.3052246412882632,SYC
10258,1997,68.4182346789682,336.011256389107,0.16917221960811896,SYC
10259,1998,90.3235819042446,383.034318717011,0.19081456501666075,SYC
10260,1999,108.112492396001,433.535586716788,0.1995991429953699,SYC
10261,2000,298.693456,337.322641,0.46963191247658004,SYC
10262,2001,153.777803,468.35469,0.24717854272241008,SYC
10263,2002,350.946499,413.855713,0.4588722332304133,SYC
10264,2003,392.204417,368.668393,0.515466464099302,SYC
10265,2004,808.133171,1383.728162,0.3686972158470939,SYC
10266,2005,783.413622,1863.590154,0.29596241195539574,SYC
10267,2006,1085.449325,2192.431662,0.33114360445204294,SYC
10268,2007,1045.985351,2486.33034,0.2961188756896984,SYC
10269,2008,708.206428,2638.311324,0.2116248830823474,SYC
10270,2009,335.946931,2127.189555,0.13638989674728078,SYC
10271,2010,1259.704294,3581.72313,0.2601927455847782,SYC
10272,2011,2826.171442,5189.870189,0.35256446661535557,SYC
10273,2012,1989.172049,3023.632716,0.39681817709890405,SYC
10274,2013,1764.393919,2924.926483,0.3762579153788434,SYC
10275,2014,1658.950029,2810.817013,0.37114910316616906,SYC
10276,2015,483.44478,994.09955,0.32719477188207274,SYC
10277,2016,487.54051,1547.222404,0.23960556124034013,SYC
10278,2017,3165.643484,3471.951382,0.4769262884987895,SYC
10279,2018,851.710527,1762.962794,0.3257426157827844,SYC
10280,2019,819.805387,1458.052479,0.35990190574954867,SYC
10281,2020,959.562966,2059.916416,0.3177908654452935,SYC
10282,2021,628.252276,1864.301709,0.2520516224646585,SYC
10283,2022,606.920486,2141.200638,0.22084924885574295,SYC
10284,1948,21.2,19.3,0.5234567901234568,SLE
10285,1957,51.5,78.4,0.3964588144726713,SLE
10286,1958,54.6,65.8,0.45348837209302323,SLE
10287,1959,34.8,64.7,0.34974874371859294,SLE
10288,1960,72.6,72.6,0.5,SLE
10289,1961,70.5,89.9,0.43952618453865333,SLE
10290,1962,46.6,83.5,0.35818601076095313,SLE
10291,1963,71.1,83.0,0.4613887086307592,SLE
10292,1964,94.9,99.7,0.48766700924974304,SLE
10293,1965,82.1,107.4,0.43324538258575196,SLE
10294,1966,82.6,100.0,0.452354874041621,SLE
10295,1967,69.8,89.7,0.43761755485893417,SLE
10296,1968,95.3,89.5,0.5156926406926406,SLE
10297,1969,105.364,111.529,0.48578792307727775,SLE
10298,1970,102.66,118.858,0.4634386370407822,SLE
10299,1971,96.775,112.821,0.46172159774041494,SLE
10300,1972,118.604,119.579,0.49795325443041694,SLE
10301,1973,132.449,156.897,0.45775300159670435,SLE
10302,1974,146.309,223.878,0.3952299783622871,SLE
10303,1975,131.914,209.537,0.38633361741509026,SLE
10304,1976,102.261,167.523,0.37904768259051685,SLE
10305,1977,124.273,203.143,0.3795568939819679,SLE
10306,1978,154.73,,,SLE
10307,1979,183.319,,,SLE
10308,1980,219.445,,,SLE
10309,1981,150.47002982738,328.07344662173,0.3144333529398378,SLE
10310,1982,88.051,239.768,0.2685963900811118,SLE
10311,1983,80.461,147.504,0.3529533042352993,SLE
10312,1984,147.789,166.393,0.47039295694852024,SLE
10313,1985,148.269515493153,154.378,0.48990825267986515,SLE
10314,1986,121.289077065198,151.76,0.44420247952801867,SLE
10315,1987,136.773050765183,136.583922011076,0.5003459373144686,SLE
10316,1988,102.395628560957,155.828611474099,0.39653763158352584,SLE
10317,1989,138.25645615463,182.620729572397,0.4308703214327177,SLE
10318,1990,137.014,196.502249324028,0.4108165652429244,SLE
10319,1991,144.722,217.747354091516,0.39926685764297937,SLE
10320,1992,149.911751485241,227.988661200932,0.39669644819820576,SLE
10321,1993,118.02,249.521572293259,0.32110653296610653,SLE
10322,1994,115.514,254.90200384994,0.31184937691514025,SLE
10323,1995,41.466,246.602454602448,0.14394495244967243,SLE
10324,1996,46.678,296.070992098699,0.13618712549432813,SLE
10325,1997,17.2,234.610818009627,0.06830524651781412,SLE
10326,1998,6.554,196.563634880494,0.03226701612519318,SLE
10327,1999,6.26,199.14179543251,0.0304768514161157,SLE
10328,2000,4.318084,232.262638,0.01825205352108106,SLE
10329,2001,24.807493,373.121179,0.062341557031607917,SLE
10330,2002,45.280722,634.326147,0.06662781685333437,SLE
10331,2003,14.692618,773.814409,0.018633464886039626,SLE
10332,2004,16.096987,659.479722,0.02382703072139214,SLE
10333,2005,18.216776,687.458005,0.02581469040764828,SLE
10334,2006,26.459888,629.263514,0.04035220936037296,SLE
10335,2007,27.432873,662.642626,0.039753437181516284,SLE
10336,2008,29.02464,828.001062,0.03386670893564404,SLE
10337,2009,43.7704,807.694321,0.05140600534640355,SLE
10338,2010,39.638333,837.784433,0.045175865655621705,SLE
10339,2011,52.697041,1396.358918,0.036366463746759975,SLE
10340,2012,115.488906,1570.255407,0.06850914762658908,SLE
10341,2013,399.649935,1530.003521,0.20710969306812158,SLE
10342,2014,451.234655,2162.257205,0.17265584863922245,SLE
10343,2015,229.762433,1863.933342,0.10974012353824422,SLE
10344,2016,769.773585,1121.42112,0.407030319493201,SLE
10345,2017,274.767642,1206.340881,0.18551486115511334,SLE
10346,2018,374.463068,1137.208875,0.24771450560685573,SLE
10347,2019,382.105936,1237.687605,0.23589792546283525,SLE
10348,2020,321.839562,1265.830828,0.20271182483915945,SLE
10349,2021,415.818877,1794.207205,0.18815111748531843,SLE
10350,2022,483.357445,1996.905301,0.19488154865024934,SLE
10351,1960,188.43,440.46,0.2996231455421457,SGP
10352,1962,161.87,515.81,0.2388590485184748,SGP
10353,1963,148.59,583.21,0.2030472806777808,SGP
10354,1968,1272.16,1658.95,0.43401987642906614,SGP
10355,1969,1548.65,2036.25,0.4319925241987224,SGP
10356,1970,1556.02,2457.73,0.3876723762067892,SGP
10357,1971,1757.73,2823.37,0.3836916897688328,SGP
10358,1972,2191.39,3392.31,0.39246198757096545,SGP
10359,1973,3664.3,5145.27,0.4159453866647294,SGP
10360,1974,5835.58,8365.8,0.41091640389877604,SGP
10361,1975,5408.31,8135.27,0.3993264705491458,SGP
10362,1976,6631.89,9072.69,0.4222901854108801,SGP
10363,1977,8278.5,10474.77,0.44144301233864813,SGP
10364,1978,10182.25,13071.26,0.4378801307845568,SGP
10365,1979,14303.45,17647.69,0.44766634304754077,SGP
10366,1980,19493.22,24016.89,0.4480158749311367,SGP
10367,1981,21076.87,27577.34,0.4331972505565294,SGP
10368,1982,20917.92,28179.26,0.4260513536622674,SGP
10369,1983,21958.2,28164.11,0.4380923385215087,SGP
10370,1984,24208.58,28670.86,0.4578070418294899,SGP
10371,1985,22972.27,26238.51,0.46681377535572494,SGP
10372,1986,22607.92,25513.81,0.46980688350148675,SGP
10373,1987,28788.26,32627.16,0.4687464483675272,SGP
10374,1988,39429.74,43869.98,0.47334780957246914,SGP
10375,1989,44765.1478912982,49695.1300014444,0.4739044695816792,SGP
10376,1990,52777.0618274989,60959.1257561408,0.4640305161335528,SGP
10377,1991,59213.923774727,66268.4159857933,0.47189049780021,SGP
10378,1992,63472.2513526131,72177.2417038733,0.4679136642713611,SGP
10379,1993,74079.9029812919,85385.538233784,0.4645514565214044,SGP
10380,1994,96887.93901,102641.525051,0.48558211423040504,SGP
10381,1995,118194.376223653,124397.078401975,0.4872157447015309,SGP
10382,1996,125165.036019466,131337.719344525,0.4879676081523966,SGP
10383,1997,125403.073699831,132600.78233723,0.48605116073078175,SGP
10384,1998,109914.568533104,101612.159288754,0.5196249649626832,SGP
10385,1999,114754.165571702,111073.827861524,0.5081485418486575,SGP
10386,2000,138045.805289,134632.60657,0.506258652263174,SGP
10387,2001,121826.240096,116020.346635,0.5122051225136276,SGP
10388,2002,125219.26243,116482.503384,0.5180734282527405,SGP
10389,2003,160072.763707,136326.596505,0.5400577234461903,SGP
10390,2004,198706.596351,172696.661374,0.5350157604113676,SGP
10391,2005,229545.461471,200197.342087,0.5341461440901581,SGP
10392,2006,272157.815847,238797.525796,0.5326450154564667,SGP
10393,2007,299213.586296,263325.378358,0.5318984196588709,SGP
10394,2008,338412.773759,319748.429234,0.5141791588748499,SGP
10395,2009,270095.566994,245936.192916,0.5234088053826508,SGP
10396,2010,352308.735743,310800.617671,0.5312980942421461,SGP
10397,2011,410074.060339,365250.245624,0.5289064939472818,SGP
10398,2012,409678.180062,379223.680922,0.5193018299525963,SGP
10399,2013,412068.039984,372637.410966,0.5251244775796214,SGP
10400,2014,409829.880578,366246.592469,0.5280792483876524,SGP
10401,2015,351471.647543,296996.93953,0.5420025804633677,SGP
10402,2016,330837.110469,282126.274455,0.5397338872207184,SGP
10403,2017,366050.607175,323715.4681,0.5306880409116392,SGP
10404,2018,412959.258267,370838.372344,0.5268697456320232,SGP
10405,2019,390683.808164,359203.538899,0.5209899989567068,SGP
10406,2020,287884.218255,261351.571803,0.5241541492126707,SGP
10407,2021,457406.963375,406291.490156,0.5295910413003682,SGP
10408,2022,516016.208516,475832.490409,0.5202569797946766,SGP
10409,2010,0.019391,,,"['NLD', 'SXM']"
10410,2011,2.561674,20.722023,0.11002007112530282,"['NLD', 'SXM']"
10411,2012,0.123563,29.057457,0.004234361924291886,"['NLD', 'SXM']"
10412,2013,10.25031,160.096449,0.060173202356024864,"['NLD', 'SXM']"
10413,2014,8.297379,156.912523,0.05022325477803382,"['NLD', 'SXM']"
10414,2015,20.911149,162.26333,0.11415972964225002,"['NLD', 'SXM']"
10415,2016,35.591829,166.675899,0.17596395308301482,"['NLD', 'SXM']"
10416,2017,140.225519,793.417822,0.15019174115225656,"['NLD', 'SXM']"
10417,2018,108.393476,964.730398,0.1010074220005658,"['NLD', 'SXM']"
10418,2019,1190.534377,984.17949,0.5474441465912628,"['NLD', 'SXM']"
10419,2020,170.327456,510.282021,0.25025724994422904,"['NLD', 'SXM']"
10420,2021,74.422621,621.901897,0.10687921949633261,"['NLD', 'SXM']"
10421,2022,102.361434,969.471621,0.09550128494590979,"['NLD', 'SXM']"
10422,1993,5464.253688,6967.7844258,0.4395299980567535,SVK
10423,1994,6691.216575,7272.3585407,0.47919078886013255,SVK
10424,1995,8579.183178,9647.62224800001,0.47069044615805483,SVK
10425,1996,8830.58604,12029.9533343,0.42331532668226224,SVK
10426,1997,9641.959852,12891.798947,0.42788954732345363,SVK
10427,1998,10720.38732,14380.387427,0.42709388168511736,SVK
10428,1999,10233.46031,12453.387852,0.4510745713519092,SVK
10429,2000,11783.297315,12689.01035,0.4814951444833431,SVK
10430,2001,12586.350336,14745.304804,0.4605045055460187,SVK
10431,2002,14443.411779,16619.211316,0.4649772086158714,SVK
10432,2003,21909.553809,22615.174241,0.4920760837527451,SVK
10433,2004,27701.367559,29830.340877,0.481497391822039,SVK
10434,2005,31709.49715,34500.363414,0.47892408894818406,SVK
10435,2006,41896.17032,45083.34889,0.4816785687081978,SVK
10436,2007,58618.95969,60817.535602,0.4907960464403075,SVK
10437,2008,71226.39369,73948.092442,0.4906261119824964,SVK
10438,2009,56235.208378,55768.65166,0.50208277070916,SVK
10439,2010,65954.305317,66614.251277,0.4975109257543584,SVK
10440,2011,79730.049152,80185.220951,0.49857683447394735,SVK
10441,2012,80714.495149,77440.606443,0.5103502469191471,SVK
10442,2013,85689.801596,81911.620712,0.5112713270328245,SVK
10443,2014,86220.871648,81542.447742,0.513943524493349,SVK
10444,2015,75135.88426,72821.120765,0.5078224194069381,SVK
10445,2016,77023.825141,74667.972995,0.5077652588173813,SVK
10446,2017,83386.876953,81607.561059,0.5053920481061022,SVK
10447,2018,93401.910643,92898.405018,0.501351327890169,SVK
10448,2019,89485.300783,89977.931632,0.4986274880866382,SVK
10449,2020,86629.835247,84383.313388,0.506568272313946,SVK
10450,2021,103873.162164,103878.776311,0.4999864883402745,SVK
10451,2022,108340.719893,112405.271565,0.49079360027071356,SVK
10452,1993,6238.93536363636,6866.039,0.47607383200597003,SVN
10453,1994,7232.321,8025.99,0.47399223937695334,SVN
10454,1995,8389.448,9645.377,0.46518044949146997,SVN
10455,1996,8311.894,9429.381,0.46850601211017806,SVN
10456,1997,8372.311,9357.465,0.4722175282981579,SVN
10457,1998,9034.39237,10067.707,0.4729528516739152,SVN
10458,1999,8504.8221078,9889.0246952,0.46237321637434103,SVN
10459,2000,8744.009823,10121.844232,0.4634833810072109,SVN
10460,2001,9260.776689,10151.855371,0.47704899883627633,SVN
10461,2002,10359.766268,10939.30622,0.4863951833506714,SVN
10462,2003,12768.286181,13858.226591,0.4795327983928454,SVN
10463,2004,16354.858787,17809.337229,0.478713410359213,SVN
10464,2005,18769.075784,20136.663889,0.4824243400010579,SVN
10465,2006,22933.697809,24045.472662,0.4881673639417889,SVN
10466,2007,30146.892768,31551.566751,0.4886166203017806,SVN
10467,2008,34227.215523,36713.662701,0.48247521569898744,SVN
10468,2009,26069.892239,26339.24444,0.4974302934748787,SVN
10469,2010,29173.525568,29681.301419,0.49568620046141537,SVN
10470,2011,34670.530511,35204.332009,0.4961803037691329,SVN
10471,2012,32161.345747,31661.241717,0.5039179234959887,SVN
10472,2013,33989.543012,32882.735472,0.5082755333382637,SVN
10473,2014,35939.556175,33327.495559,0.5188550006865519,SVN
10474,2015,31914.861791,29635.443748,0.5185167077810499,SVN
10475,2016,32912.539358,30438.327451,0.5195278457235608,SVN
10476,2017,38437.319072,35853.825109,0.5173876307296175,SVN
10477,2018,44191.885709,41958.104729,0.5129644876838819,SVN
10478,2019,44931.325497,43765.310967,0.5065730481813324,SVN
10479,2020,44823.737781,42069.320363,0.5158494675917341,SVN
10480,2021,57330.927839,57478.578606,0.4993569749946154,SVN
10481,2022,69631.365781,69426.019801,0.5007383497796271,SVN
10482,1975,16.786,32.3,0.3419712341604531,SLB
10483,1976,25.654,29.1,0.46853197939876534,SLB
10484,1977,38.878,33.1,0.5401372641640501,SLB
10485,1978,41.646,41.1,0.5032992531361032,SLB
10486,1979,73.692,64.823,0.5320145832581309,SLB
10487,1980,74.531,83.652,0.4711694682740877,SLB
10488,1981,66.719,91.63,0.42134146726534427,SLB
10489,1982,57.803,64.727,0.4717456949318534,SLB
10490,1983,62.56,68.373,0.47780162373122137,SLB
10491,1984,90.494,72.197,0.5562323668795447,SLB
10492,1985,70.594,76.264,0.48069563796320247,SLB
10493,1986,65.68,67.112,0.4946081089222243,SLB
10494,1987,66.35,74.406,0.4713831026741311,SLB
10495,1988,87.5733687605541,107.61584941297,0.4486588428398795,SLB
10496,1989,77.6773780928744,126.168647729379,0.38105907524832666,SLB
10497,1990,75.0786894292546,98.622377942313,0.4322292923431046,SLB
10498,1991,84.7135087323634,115.689532698149,0.4227156839919363,SLB
10499,1992,131.504811290168,181.866265044027,0.4196456572460584,SLB
10500,1993,166.782009792862,129.543464303401,0.5628338579445988,SLB
10501,1994,162.19245371603,133.763576140592,0.54802888724587,SLB
10502,1995,199.754308647417,155.421219107983,0.5624101128526583,SLB
10503,1996,242.96465712807,166.874195967829,0.5928297312290648,SLB
10504,1997,211.348542149358,179.966264794739,0.5400985048325839,SLB
10505,1998,195.995745683754,153.290369160026,0.5611323707253983,SLB
10506,1999,166.269492704963,178.018154738913,0.4829377235559036,SLB
10507,2000,31.21171,107.982591,0.2242312348693069,SLB
10508,2001,21.259861,92.261744,0.18727590223904958,SLB
10509,2002,24.600522,79.389006,0.2365673012767209,SLB
10510,2003,45.327924,112.533347,0.2871377109335449,SLB
10511,2004,63.265882,130.580131,0.32637185062970575,SLB
10512,2005,70.731522,183.954857,0.27772008176377583,SLB
10513,2006,108.050858,226.809614,0.3226742689414832,SLB
10514,2007,162.093517,325.085209,0.33271879158368667,SLB
10515,2008,215.112383,309.823322,0.40978805775842586,SLB
10516,2009,215.12007,282.973076,0.4318872317909791,SLB
10517,2010,216.769676,360.102787,0.3757670714124554,SLB
10518,2011,412.374521,481.028501,0.4615772622716739,SLB
10519,2012,469.297048,514.68321,0.476937463109143,SLB
10520,2013,501.418413,519.485257,0.49115154322052734,SLB
10521,2014,470.702266,476.236246,0.4970779623334192,SLB
10522,2015,411.16894,437.12778,0.48469943394334947,SLB
10523,2016,440.537146,463.762445,0.4871584045646218,SLB
10524,2017,506.180839,476.551724,0.5150748617251223,SLB
10525,2018,573.664277,549.129228,0.5109258954966968,SLB
10526,2019,443.505453,516.317404,0.4620701098807027,SLB
10527,2020,379.219808,426.654014,0.47056970663082287,SLB
10528,2021,366.106085,552.849949,0.3983934719993361,SLB
10529,2022,395.922265,623.167216,0.38850588920954626,SLB
10530,1960,23.0,,,SOM
10531,1961,26.3,,,SOM
10532,1962,,37.8,,SOM
10533,1963,32.0,44.6,0.41775456919060056,SOM
10534,1964,35.9,53.9,0.3997772828507795,SOM
10535,1965,,49.3,,SOM
10536,1966,32.9,26.6,0.5529411764705882,SOM
10537,1967,19.1,30.6,0.3843058350100604,SOM
10538,1968,29.68,47.57,0.38420711974110033,SOM
10539,1969,32.469,51.77,0.3854390484217524,SOM
10540,1970,31.345,45.105,0.4100065402223676,SOM
10541,1971,34.502,62.659,0.3551013266639907,SOM
10542,1972,43.416,77.562,0.35887516738580566,SOM
10543,1973,46.602,107.952,0.30152568034473387,SOM
10544,1974,62.038,127.406,0.32747408205063233,SOM
10545,1975,88.578,162.217,0.35318885942702205,SOM
10546,1976,94.279,155.657,0.37721256641700274,SOM
10547,1977,62.031,227.391,0.21432717623401126,SOM
10548,1978,106.558,241.336,0.3062944460094167,SOM
10549,1980,132.588,347.838,0.27598006768992517,SOM
10550,1981,152.42414617195,511.737,0.22949873995261943,SOM
10551,1982,199.309,330.037,0.3765193276231425,SOM
10552,1983,107.8,348.816,0.23608458748707886,SOM
10553,1984,63.631,256.243,0.19892520179820802,SOM
10554,1985,108.743,238.983,0.31272611193871036,SOM
10555,1986,80.392,284.077,0.22057294310352868,SOM
10556,1987,140.99506876708,459.640171008454,0.23474325086182402,SOM
10557,1988,126.136662154575,298.264435456882,0.2972109706230172,SOM
10558,1989,120.069729843748,399.407643820613,0.23113562963634704,SOM
10559,1990,150.324553337811,394.437213349432,0.2759454912776852,SOM
10560,1991,98.3302929902282,161.125532822336,0.37898664515347547,SOM
10561,1992,129.996674431937,227.149095804135,0.36398771948498704,SOM
10562,1993,121.242539326464,291.574812311177,0.29369535666438545,SOM
10563,1994,151.927700745352,297.459829089102,0.3380772510561638,SOM
10564,1995,172.040517961403,244.738597479595,0.4127858416786678,SOM
10565,1996,192.228161563246,282.884391945017,0.40459499574115726,SOM
10566,1997,157.347245538676,290.715050007616,0.35117269875795537,SOM
10567,1998,126.769542895324,257.198161868972,0.33015678486070404,SOM
10568,1999,116.354871074709,285.037711980794,0.28987797977976065,SOM
10569,2000,122.927577,217.602212,0.36098920262156564,SOM
10570,2001,83.657461,204.140106,0.29068161302419904,SOM
10571,2002,125.887105,240.313119,0.3437657782535928,SOM
10572,2003,152.47482,238.116658,0.39036903923438904,SOM
10573,2004,174.295028,298.694038,0.3684969495679632,SOM
10574,2005,205.323928,361.184385,0.362437625871167,SOM
10575,2006,319.093263,508.939328,0.38536316863402303,SOM
10576,2007,166.501594,523.02983,0.2414706396325166,SOM
10577,2008,184.13045,834.479803,0.1807663426297752,SOM
10578,2009,248.911039,757.512985,0.24732223502645642,SOM
10579,2010,366.30655,1053.496775,0.25799809279922625,SOM
10580,2011,447.629332,1476.347709,0.23265835426359435,SOM
10581,2012,478.9471,1629.817817,0.22712209224410196,SOM
10582,2013,614.144477,1501.616679,0.29027117510800926,SOM
10583,2014,684.646889,1684.689755,0.28896142333077424,SOM
10584,2015,667.968207,1814.98815,0.2690213241633711,SOM
10585,2016,614.5115,2059.173965,0.2298368705086258,SOM
10586,2017,459.992812,2568.892318,0.1518686883975689,SOM
10587,2018,529.600648,2636.024482,0.16729733504484784,SOM
10588,2019,555.983734,3209.278099,0.14766137354039358,SOM
10589,2020,498.561653,3494.104369,0.12486936053576082,SOM
10590,2021,502.590207,3838.930349,0.11576363638435805,SOM
10591,2022,733.257977,4155.638861,0.14998434233682226,SOM
10592,1998,26636.5113812294,29089.7776169767,0.4779882504303644,ZAF
10593,1999,24421.4723855494,26224.3247629005,0.4822013624144696,ZAF
10594,2000,21695.519183,28285.311667,0.4340768013263229,ZAF
10595,2001,28509.150264,26749.035543,0.5159262803808611,ZAF
10596,2002,29400.720624,27505.367904,0.5166533385884308,ZAF
10597,2003,35823.752736,35993.756931,0.4988164154132588,ZAF
10598,2004,45268.409285,49996.855071,0.4751827393858369,ZAF
10599,2005,51570.317859,57491.450985,0.4728542220213323,ZAF
10600,2006,52442.116401,72010.798692,0.42138118148386927,ZAF
10601,2007,63486.918912,90715.184902,0.4117124043169898,ZAF
10602,2008,73007.770046,95922.465254,0.4321770458458599,ZAF
10603,2009,54406.426973,71094.023041,0.4335157919109516,ZAF
10604,2010,91343.456437,87938.461915,0.509496201717662,ZAF
10605,2011,108808.317107,108846.822428,0.4999115451142521,ZAF
10606,2012,99549.29124,110389.420389,0.4741826339104231,ZAF
10607,2013,95951.205194,109695.557353,0.4665826196610832,ZAF
10608,2014,91158.719176,105886.912266,0.4626274559293257,ZAF
10609,2015,81484.09719,90546.21472,0.4736612768139926,ZAF
10610,2016,74909.855037,79490.169263,0.48516737854554864,ZAF
10611,2017,89417.322898,88097.624394,0.5037171475532964,ZAF
10612,2018,94325.664627,98695.332117,0.4886808493280257,ZAF
10613,2019,89963.750664,93373.999119,0.4906995464408274,ZAF
10614,2020,85876.283887,72680.040158,0.5416137413896362,ZAF
10615,2021,122354.020951,98438.586617,0.5541581409754276,ZAF
10616,2022,123387.268723,117268.036933,0.5127136856038135,ZAF
10617,1948,540.3,1551.0,0.25835604647826704,ZAF
10618,1949,538.3,1299.2,0.2929523809523809,ZAF
10619,1950,696.4,921.3,0.43048772949248937,ZAF
10620,1951,764.1,1400.3,0.35303086305673625,ZAF
10621,1952,751.2,1255.4,0.3743645968304595,ZAF
10622,1953,793.4,1282.9,0.38212204402061356,ZAF
10623,1954,755.4,1295.2,0.3683799863454599,ZAF
10624,1955,867.4,1406.1,0.3815262810644381,ZAF
10625,1956,967.7,1442.3,0.40153526970954356,ZAF
10626,1957,1066.9,1624.8,0.39636660846305316,ZAF
10627,1958,1050.1,1651.6,0.38868120072546913,ZAF
10628,1959,1059.7,1442.6,0.4234903888422651,ZAF
10629,1960,1078.9,1638.8,0.39699010192442147,ZAF
10630,1961,1194.9,1479.8,0.4467416906568962,ZAF
10631,1962,1217.5,1514.8,0.44559528602276466,ZAF
10632,1963,1313.2,1816.0,0.4196599769909242,ZAF
10633,1964,2519.0,2364.8,0.5157868872599205,ZAF
10634,1965,2493.0,2707.0,0.4794230769230769,ZAF
10635,1966,2802.5,2537.4,0.5248225622202664,ZAF
10636,1967,3038.7,2958.4,0.5066949025362257,ZAF
10637,1968,3232.5,2900.0,0.5271096616388096,ZAF
10638,1969,3379.9,3291.2,0.5066480790274467,ZAF
10639,1970,3332.3,3923.0,0.45929182804294794,ZAF
10640,1971,3475.7,4442.6,0.4389452281424043,ZAF
10641,1972,4137.6,4028.6,0.5066738507506552,ZAF
10642,1973,6066.2,5209.0,0.5380126294877252,ZAF
10643,1974,8728.8,7947.8,0.5234160440377535,ZAF
10644,1975,8959.8,8350.2,0.5176083188908145,ZAF
10645,1976,7975.8,7446.6,0.517156862745098,ZAF
10646,1977,9987.1,6501.6,0.6056935962204418,ZAF
10647,1978,12853.0,7936.2,0.6182537086564177,ZAF
10648,1979,18371.0,9174.6,0.6669304716542751,ZAF
10649,1980,25661.3,20117.7,0.5605474125690819,ZAF
10650,1981,20828.2,23057.5,0.4746010659508679,ZAF
10651,1982,17632.0,18661.6,0.4858156810016091,ZAF
10652,1983,18589.9,15973.7,0.5378461734310083,ZAF
10653,1984,17364.7,16438.1,0.513705965186316,ZAF
10654,1985,16389.9,11357.9,0.5906738552245583,ZAF
10655,1986,18396.9747785813,12914.3248907099,0.5875506597582814,ZAF
10656,1987,21198.1146800954,15473.7875077723,0.5780478626796853,ZAF
10657,1988,21793.5660351268,18976.6450576394,0.5345463133742175,ZAF
10658,1989,22123.8207998539,19290.5350601264,0.534206565343026,ZAF
10659,1990,24687.8007103788,19135.7909676629,0.5633449875982871,ZAF
10660,1991,28306.9606129834,19300.5846200807,0.5945897961007203,ZAF
10661,1992,23610.3935635462,20286.8996744847,0.5378553396338132,ZAF
10662,1993,24283.1248736799,19893.5830052045,0.5496816317833126,ZAF
10663,1994,25373.9714357194,24021.2699730061,0.513692629331642,ZAF
10664,1995,28161.3165941796,29503.4442555385,0.4883626703589679,ZAF
10665,1996,29333.5161988672,29549.9203329266,0.4981624362740569,ZAF
10666,1997,31212.8919173763,31021.3630203187,0.5015387739216075,ZAF
10667,2012,139.123772,99.117756,0.5839610464553434,SSD
10668,2013,2320.155232,284.15594,0.890890173549507,SSD
10669,2014,4085.405599,223.441779,0.9481434918904662,SSD
10670,2015,2193.229966,813.888216,0.729346115868751,SSD
10671,2016,1375.847377,579.664696,0.7035739620309672,SSD
10672,2017,1259.173609,663.509692,0.6549043247762623,SSD
10673,2018,1612.958504,740.70659,0.6852965224796761,SSD
10674,2019,1613.32039,794.96941,0.6699029286259486,SSD
10675,2020,782.727557,993.311978,0.44071516516100534,SSD
10676,2021,525.22531,1123.710402,0.31852382489973025,SSD
10677,2022,531.516392,1290.620604,0.29169946780445044,SSD
10678,1948,358.1,467.4,0.4337976983646275,ESP
10679,1949,380.3,453.5,0.45610458143439675,ESP
10680,1950,401.2,386.9,0.5090724527344246,ESP
10681,1951,473.3,379.9,0.5547351148616971,ESP
10682,1952,404.9,510.1,0.44251366120218577,ESP
10683,1953,477.6,595.9,0.4448998602701444,ESP
10684,1954,462.7,608.4,0.43198580898142097,ESP
10685,1955,444.3,608.3,0.42209766292988793,ESP
10686,1956,439.8,752.1,0.3689906871381827,ESP
10687,1957,470.9,841.1,0.35891768292682924,ESP
10688,1958,474.4,856.4,0.3564773068830778,ESP
10689,1959,495.6,778.1,0.3891026144303996,ESP
10690,1960,724.9,701.3,0.5082737343991025,ESP
10691,1961,710.9,1076.8,0.3976618000783129,ESP
10692,1962,733.9,1552.8,0.3209428433987843,ESP
10693,1963,736.0,1936.5,0.2753975678203929,ESP
10694,1964,954.3,2241.4,0.2986200206527521,ESP
10695,1965,943.7,3005.3,0.23897189161813118,ESP
10696,1966,1254.8,3593.0,0.2588390610173687,ESP
10697,1967,1383.4,3482.3,0.2843167478471751,ESP
10698,1968,1588.44,3511.39,0.31146920583627297,ESP
10699,1969,1895.62,4229.17,0.3094995910063855,ESP
10700,1970,2390.07,4748.05,0.3348318604898769,ESP
10701,1971,2938.59,4964.82,0.3718129263191458,ESP
10702,1972,3803.14,6796.55,0.3587972855809934,ESP
10703,1973,5158.15,9590.62,0.3497342490255119,ESP
10704,1974,7059.04,15379.37,0.3145962659564559,ESP
10705,1975,7671.7,16234.14,0.3209132161848318,ESP
10706,1976,8725.43,17461.41,0.3331990419615349,ESP
10707,1977,10219.99,17833.94,0.36429797892844246,ESP
10708,1978,13116.47,18712.99,0.41208584751359273,ESP
10709,1979,18206.05,25437.51,0.41715318365412907,ESP
10710,1980,20716.73,34076.48,0.37808936545239813,ESP
10711,1981,20329.04,32152.55,0.38735564223568686,ESP
10712,1982,20490.54,31469.88,0.39434900641680726,ESP
10713,1983,19726.5,29194.29,0.4032334719042763,ESP
10714,1984,23552.23,28831.78,0.44960723701755556,ESP
10715,1985,24232.25,29962.87,0.4471297415708278,ESP
10716,1986,27183.67,35055.0,0.4367649565776389,ESP
10717,1987,34155.38,49106.9,0.4102143251421892,ESP
10718,1988,40287.53,60536.53,0.3995825004468179,ESP
10719,1989,43635.0043504828,70949.1852348276,0.38081173771356647,ESP
10720,1990,55651.3603674351,87808.3868521263,0.38792317319688385,ESP
10721,1991,60262.4224259128,96647.0308491434,0.3840585839036422,ESP
10722,1992,63987.319609824,99824.8907295731,0.39061385886467676,ESP
10723,1993,62660.3951870345,81856.9534255546,0.4335838969410491,ESP
10724,1994,73256.6215273404,92176.4220721345,0.44281734732935135,ESP
10725,1995,91527.1996727859,115493.138721138,0.44211694552747505,ESP
10726,1996,102006.059453702,121846.708321847,0.45568370883839443,ESP
10727,1997,104146.89999619,122753.418327607,0.45899847459697113,ESP
10728,1998,107414.48284224,130073.647478472,0.45229411127698826,ESP
10729,1999,103673.64757,135067.384619495,0.43425148420951587,ESP
10730,2000,112966.485389,155772.112937,0.42035824437829067,ESP
10731,2001,114745.900122,154557.042257,0.42608483631238553,ESP
10732,2002,123721.810544,165037.345423,0.42846021671478773,ESP
10733,2003,153820.778157,208806.61158,0.42418411435650355,ESP
10734,2004,179452.798783,258274.191737,0.40996512134154245,ESP
10735,2005,188294.312382,288438.70896,0.39496805119971107,ESP
10736,2006,208517.508755,328770.593546,0.388092548228779,ESP
10737,2007,246423.165064,389660.439752,0.387406880476479,ESP
10738,2008,272707.242104,422713.221802,0.39214727816934336,ESP
10739,2009,221164.488233,293545.164479,0.4296878581306694,ESP
10740,2010,246861.853622,326876.037433,0.43026939212270915,ESP
10741,2011,296791.243994,376153.756457,0.44103343333421596,ESP
10742,2012,284889.560757,337492.387867,0.457740719162648,ESP
10743,2013,305916.006613,340418.65553,0.47330899073043503,ESP
10744,2014,313875.242876,358573.064271,0.4667648643621101,ESP
10745,2015,275614.713702,311678.089569,0.46929693700813235,ESP
10746,2016,284455.975387,310732.47,0.477925903286047,ESP
10747,2017,312500.342798,351756.450046,0.47045110590444555,ESP
10748,2018,337516.64124,390206.062861,0.46379842120901643,ESP
10749,2019,326413.989325,372424.789665,0.4670805329331485,ESP
10750,2020,303882.015685,325894.748586,0.48252338435629577,ESP
10751,2021,373606.608936,419263.985182,0.4712075485049424,ESP
10752,2022,403501.943997,493469.165893,0.449849431657262,ESP
10753,1948,300.5,297.3,0.5026764804282369,LKA
10754,1949,288.6,285.1,0.5030503747603277,LKA
10755,1950,323.1,239.1,0.5747065101387406,LKA
10756,1951,394.6,322.2,0.5505022321428572,LKA
10757,1952,310.7,347.7,0.4719015795868773,LKA
10758,1953,325.1,329.9,0.4963358778625955,LKA
10759,1954,377.8,289.3,0.5663318842752211,LKA
10760,1955,404.9,301.3,0.5733503256867742,LKA
10761,1956,362.2,338.2,0.5171330668189605,LKA
10762,1957,351.4,368.6,0.4880555555555555,LKA
10763,1958,357.8,357.5,0.5002097022228436,LKA
10764,1959,350.3,418.4,0.455704436060882,LKA
10765,1960,372.6,408.8,0.4768364474020988,LKA
10766,1961,353.0,354.3,0.49908101230029694,LKA
10767,1962,370.6,347.2,0.5162998049595988,LKA
10768,1963,358.2,316.6,0.530823947836396,LKA
10769,1964,384.3,411.9,0.4826676714393368,LKA
10770,1965,408.1,307.7,0.5701313215982119,LKA
10771,1966,351.7,425.9,0.4522890946502058,LKA
10772,1967,336.8,359.7,0.48356066044508256,LKA
10773,1968,331.2,364.9,0.4757937078006034,LKA
10774,1969,315.37,428.202,0.4241283964431151,LKA
10775,1970,335.216,388.876,0.4629466973809958,LKA
10776,1971,324.16,330.047,0.49550065957716743,LKA
10777,1972,323.341,334.714,0.49135862503894046,LKA
10778,1973,403.873,422.406,0.4887852650254938,LKA
10779,1974,558.412,705.141,0.4419379321643018,LKA
10780,1975,556.46,744.887,0.4276030912585191,LKA
10781,1976,495.099,535.896,0.4802147440094278,LKA
10782,1977,621.942,638.162,0.4935640232869668,LKA
10783,1978,844.103,940.947,0.47287358897509874,LKA
10784,1979,978.084,1449.031,0.40298214134888544,LKA
10785,1980,1039.119,2028.666,0.3387196299610305,LKA
10786,1981,1023.755,1905.646,0.3494758826121791,LKA
10787,1982,996.238,1773.139,0.3597336151777097,LKA
10788,1983,1053.746,1794.825,0.3699209182428664,LKA
10789,1984,1435.568,1845.586,0.43751923865810627,LKA
10790,1985,1264.895,1831.8,0.4084661227534517,LKA
10791,1986,1162.65,1829.419,0.38857726877287924,LKA
10792,1987,1334.242,2056.362,0.39351159852344886,LKA
10793,1988,1458.04956407397,2278.75924588334,0.39018575426946367,LKA
10794,1989,1539.93299504121,2087.41155354236,0.42453452502672606,LKA
10795,1990,1895.2397413632,2634.47217162798,0.41840182726139086,LKA
10796,1991,1987.47930338518,3061.11695249145,0.3936696861175478,LKA
10797,1992,2766.576,3472.8,0.4434058790494434,LKA
10798,1993,2859.4536865508,4005.40807694522,0.41653478031502067,LKA
10799,1994,3199.0,4232.0,0.4304938770017494,LKA
10800,1995,3801.0,4481.0,0.4589471142236175,LKA
10801,1996,4089.0,4740.0,0.46313285762827044,LKA
10802,1997,4629.0,5282.0,0.4670568055695692,LKA
10803,1998,4819.86954,6263.36407,0.4348793600859596,LKA
10804,1999,4621.82585,6255.21779,0.42491562992386783,LKA
10805,2000,5266.616041,6526.395901,0.44658786634848635,LKA
10806,2001,4541.185322,5564.61968,0.44936403592799107,LKA
10807,2002,4420.695683,5851.950132,0.4303366204395902,LKA
10808,2003,4963.051821,6469.306014,0.4341232047343452,LKA
10809,2004,5463.723626,7788.544442,0.4122859270552449,LKA
10810,2005,6068.537536,8621.055528,0.41311815171192545,LKA
10811,2006,6523.159718,10010.234364,0.3945445010048966,LKA
10812,2007,8272.100926,9730.696908,0.459489741665451,LKA
10813,2008,8953.994025,11840.322744,0.4305981352726406,LKA
10814,2009,7932.347257,8047.402511,0.496399966968494,LKA
10815,2010,9536.120212,10501.861624,0.47590222858010184,LKA
10816,2011,11048.670354,17143.784377,0.3919016793472421,LKA
10817,2012,9931.507363,15843.709181,0.3853122764670574,LKA
10818,2013,11023.241539,17906.491855,0.38103501988325306,LKA
10819,2014,10897.627778,19211.970403,0.3619320228881934,LKA
10820,2015,9744.507199,15124.493804,0.39183347967312804,LKA
10821,2016,10045.919508,19238.593338,0.34304547119595274,LKA
10822,2017,11164.510102,20747.953422,0.34984795497231513,LKA
10823,2018,11556.681151,21938.122352,0.3450290774198724,LKA
10824,2019,11685.375653,19467.326134,0.37509991052770575,LKA
10825,2020,9871.374883,15565.528678,0.3880729767020404,LKA
10826,2021,12242.24657,20052.211797,0.37908195984824766,LKA
10827,2022,12770.00038,17269.169488,0.425111627122678,LKA
10828,1981,7.96727272727272,8.3479,0.4883351748985466,KNA
10829,1982,9.34818181818181,10.2278,0.47753322949551336,KNA
10830,1983,3.25,10.2542,0.24066586691547814,KNA
10831,1984,2.8911393939984,12.8009155186776,0.18424224297500677,KNA
10832,1985,6.88034242428935,24.718212444563,0.217742312990127,KNA
10833,1986,6.16021203819334,23.6402085981875,0.2067156069157243,KNA
10834,1987,8.0895964659776,299.568988935629,0.026294070277342423,KNA
10835,1988,28.2711801428285,89.1489768640011,0.24076939482532067,KNA
10836,1989,31.3210467273315,119.327711761696,0.20790776533092217,KNA
10837,1990,23.7307351322284,108.373544192374,0.17963638463155307,KNA
10838,1991,28.4405473990213,93.0861413339413,0.23402717292425623,KNA
10839,1992,39.0549393492516,574.285386287917,0.06367580561196488,KNA
10840,1993,62.0254985860249,128.742419309422,0.3251358995280269,KNA
10841,1994,36.8875066698333,136.784522249391,0.21239751098312937,KNA
10842,1995,39.2633032715975,176.103534291152,0.18230895580735687,KNA
10843,1996,38.0206092434217,132.616165153783,0.22281603351759408,KNA
10844,1997,51.4745775931184,167.671931383333,0.23488659633929942,KNA
10845,1998,50.6110099471481,176.872186101336,0.2224824111243858,KNA
10846,1999,28.1259862962963,153.537077407407,0.1548250135325827,KNA
10847,2000,52.544029,195.97565,0.21142804147916192,KNA
10848,2001,54.957362,284.551796,0.16187298841582354,KNA
10849,2002,67.440153,304.484104,0.1813276540336007,KNA
10850,2003,72.183339,308.773098,0.18947924746576733,KNA
10851,2004,72.391736,288.733221,0.20046173657280628,KNA
10852,2005,70.005795,332.012687,0.1741357627433656,KNA
10853,2006,80.282598,394.968741,0.16892661085169502,KNA
10854,2007,71.297067,431.474773,0.14180799584956866,KNA
10855,2008,103.337125,522.940724,0.1650020436855655,KNA
10856,2009,72.832371,491.169604,0.12913495737315459,KNA
10857,2010,56.526211,455.266437,0.11044748536520596,KNA
10858,2011,91.290071,412.729486,0.18112406499337483,KNA
10859,2012,92.891802,373.491793,0.19917467723108917,KNA
10860,2013,89.499314,413.54575,0.1779151022541392,KNA
10861,2014,97.945734,438.966234,0.18242419584135625,KNA
10862,2015,74.668853,472.000166,0.13658877749573003,KNA
10863,2016,73.396073,559.395493,0.11598775480518968,KNA
10864,2017,60.323898,514.129839,0.10501088967587308,KNA
10865,2018,81.859832,480.395961,0.14559179828672747,KNA
10866,2019,64.926605,477.62531,0.11966892606028309,KNA
10867,2020,54.178363,404.038135,0.1182374777784627,KNA
10868,2021,65.034147,379.180743,0.14640244724799747,KNA
10869,2022,43.843186,507.083245,0.07958083608444629,KNA
10870,1981,33.7036363636363,32.3807,0.5100094548605035,LCA
10871,1982,33.7645454545454,26.983,0.5558174441765693,LCA
10872,1983,39.3527272727273,21.4291,0.6474423201552021,LCA
10873,1984,41.6566101020807,25.3696632318681,0.6214967359819128,LCA
10874,1985,56.8432266003888,36.5069514395243,0.6089246726030316,LCA
10875,1986,102.709279509715,63.3954969771234,0.6183403131568185,LCA
10876,1987,78.0129759811556,77.6080677925535,0.5013009429148634,LCA
10877,1988,143.482763779474,182.926193922604,0.4395797369949463,LCA
10878,1989,120.911795856913,197.053810756825,0.3802669010167369,LCA
10879,1990,145.773528958279,197.785011974526,0.42430477368568803,LCA
10880,1991,116.988078203855,220.056023391567,0.34710020929036783,LCA
10881,1992,124.016111111111,306.338592592593,0.2881718499735399,LCA
10882,1993,119.620148148148,300.185518518518,0.2849417186241289,LCA
10883,1994,94.3552655555555,302.635444814815,0.23767625561698216,LCA
10884,1995,108.965788518519,306.566654074074,0.26223172332504024,LCA
10885,1996,79.5504377777777,312.601956296296,0.20285592789917128,LCA
10886,1997,62.0154474074075,332.216734814815,0.15730691253523882,LCA
10887,1998,62.1662962962963,335.202962962963,0.15644465405346458,LCA
10888,1999,55.6440740740741,354.548888888889,0.13565340973218568,LCA
10889,2000,45.427511,349.575986,0.115005338800836,LCA
10890,2001,52.961161,390.393165,0.11945560896590866,LCA
10891,2002,74.822977,449.20282,0.1427849114077107,LCA
10892,2003,74.87409,595.596061,0.1116740094817435,LCA
10893,2004,89.657308,600.493038,0.12990982112758373,LCA
10894,2005,72.185153,697.723829,0.09375803463480051,LCA
10895,2006,113.208939,822.52907,0.12098358505388018,LCA
10896,2007,60.34676,869.947952,0.06486843278971578,LCA
10897,2008,220.233974,934.395424,0.19073996763072196,LCA
10898,2009,408.612143,863.613522,0.3211789812462241,LCA
10899,2010,339.617908,918.659329,0.2699070586460907,LCA
10900,2011,180.830174,981.044154,0.15563660341069174,LCA
10901,2012,103.148234,901.168647,0.10270486930110657,LCA
10902,2013,188.629809,1398.277849,0.11886627936355953,LCA
10903,2014,199.071636,932.510622,0.1759232566546656,LCA
10904,2015,251.556084,824.787121,0.23371363597729036,LCA
10905,2016,156.718662,948.552904,0.1417919964838759,LCA
10906,2017,176.123057,914.69296,0.16145991097965331,LCA
10907,2018,162.26064,974.169403,0.1427810193856341,LCA
10908,2019,127.970207,885.768071,0.1262359425279589,LCA
10909,2020,84.192151,778.081425,0.09763972055198407,LCA
10910,2021,147.811987,1303.025538,0.1018804548772613,LCA
10911,2022,105.474144,2129.20713,0.047198741595576646,LCA
10912,1977,9.995,30.344,0.2477751059768462,VCT
10913,1978,16.413,36.181,0.3120698178499449,VCT
10914,1979,14.792,46.327,0.242019666552136,VCT
10915,1980,15.4366666723839,57.0988889100366,0.212815171103826,VCT
10916,1981,24.0437037126087,58.0240740955644,0.29297373896011836,VCT
10917,1982,32.0885185304032,64.8244444684535,0.33110656755775547,VCT
10918,1983,41.0029629781492,70.2425926186084,0.36858068403897915,VCT
10919,1984,17.8875754214385,20.7145964704939,0.46338261669615755,VCT
10920,1985,29.1421542093627,27.7410465049094,0.512315654594501,VCT
10921,1986,63.521111123779,86.9748148303546,0.42207860924513146,VCT
10922,1987,51.5440740740741,97.8303703703703,0.3450662144102197,VCT
10923,1988,83.6190296296296,121.937162962963,0.4067940185843026,VCT
10924,1989,74.3350774074074,127.345227777778,0.3685787630039135,VCT
10925,1990,82.6170375389978,135.63,0.3785482656287385,VCT
10926,1991,67.0396296296296,138.359259259259,0.32638749894063435,VCT
10927,1992,78.4785185185185,124.474444444444,0.3866832854903443,VCT
10928,1993,57.448017037037,134.763075185185,0.2988798220376342,VCT
10929,1994,49.7708170370371,129.86604962963,0.27706348902974065,VCT
10930,1995,43.4767892592593,135.381821851852,0.24307909465007788,VCT
10931,1996,51.6469681481482,145.112781851852,0.26248746579596766,VCT
10932,1997,46.0644588888889,172.126883703704,0.21111955378954014,VCT
10933,1998,49.6464525925926,192.154877037037,0.2053191877341483,VCT
10934,1999,49.4039503703704,200.762101851852,0.1974846304345279,VCT
10935,2000,51.293844,161.49002,0.24106077893199646,VCT
10936,2001,56.146434,171.827208,0.24628476128832472,VCT
10937,2002,42.278852,178.485001,0.1915116601991903,VCT
10938,2003,43.588411,201.090884,0.17814507353390896,VCT
10939,2004,88.31637,225.222959,0.2816755725084811,VCT
10940,2005,44.005817,240.52841,0.15465913350382274,VCT
10941,2006,41.948736,359.729595,0.10443365440093903,VCT
10942,2007,61.141202,442.707161,0.12134841847248395,VCT
10943,2008,62.393001,511.082559,0.1087980122465899,VCT
10944,2009,81.599259,449.446559,0.1536576623601243,VCT
10945,2010,65.842778,504.96788,0.11534959461110833,VCT
10946,2011,43.920768,513.465149,0.07879777127558824,VCT
10947,2012,53.496389,546.392108,0.08917722087943286,VCT
10948,2013,54.913027,509.667202,0.09726346084995478,VCT
10949,2014,80.298121,483.685069,0.14237679849996945,VCT
10950,2015,54.706516,460.31913,0.10622095506288634,VCT
10951,2016,53.716673,471.540125,0.10226744937816112,VCT
10952,2017,125.975067,454.906534,0.21686875050463164,VCT
10953,2018,135.342488,490.247738,0.21634367414173764,VCT
10954,2019,119.261183,471.503065,0.20187610100603112,VCT
10955,2020,140.764251,460.359839,0.23416837445326805,VCT
10956,2021,58.367019,546.636496,0.09647385106514629,VCT
10957,2022,62.223904,651.660667,0.08716241606515965,VCT
10958,1948,1856.7,2846.08,0.3948090278516112,Sub-Saharan Africa (SSA)
10959,1949,1907.0,2812.32,0.40408363916835477,Sub-Saharan Africa (SSA)
10960,1950,2155.4,2142.93,0.5014505633583276,Sub-Saharan Africa (SSA)
10961,1951,2760.7,3177.31,0.4649200658132943,Sub-Saharan Africa (SSA)
10962,1952,2846.4,3362.43,0.4584438614038394,Sub-Saharan Africa (SSA)
10963,1953,2916.4,3287.51,0.47009063638898696,Sub-Saharan Africa (SSA)
10964,1954,2605.7,3009.8,0.4640192324815243,Sub-Saharan Africa (SSA)
10965,1955,2691.2,3334.5,0.44662030967356486,Sub-Saharan Africa (SSA)
10966,1956,2895.6,3422.7,0.45828783058734157,Sub-Saharan Africa (SSA)
10967,1957,3011.6,3798.2,0.44224499985315285,Sub-Saharan Africa (SSA)
10968,1958,2621.4,3363.2,0.43802426227316776,Sub-Saharan Africa (SSA)
10969,1959,2811.3,3300.602,0.4599713804311653,Sub-Saharan Africa (SSA)
10970,1960,3143.29,4040.82,0.4375336680535236,Sub-Saharan Africa (SSA)
10971,1961,3462.7,4051.1,0.46084537783811125,Sub-Saharan Africa (SSA)
10972,1962,3491.201,4091.6,0.46041047364951293,Sub-Saharan Africa (SSA)
10973,1963,4284.018,4852.609,0.4688839765484571,Sub-Saharan Africa (SSA)
10974,1964,6664.339,6361.82727272727,0.5116116945285005,Sub-Saharan Africa (SSA)
10975,1965,6859.311,7212.187,0.48746132074921944,Sub-Saharan Africa (SSA)
10976,1966,7607.905,7072.703,0.5182281959984218,Sub-Saharan Africa (SSA)
10977,1967,7492.217,7446.81536363636,0.5015195641611351,Sub-Saharan Africa (SSA)
10978,1968,8322.516,7702.62563636364,0.5193411820532596,Sub-Saharan Africa (SSA)
10979,1969,9511.993,8629.29172727273,0.5243285215462238,Sub-Saharan Africa (SSA)
10980,1970,10236.402,10336.9393636364,0.49755661071628116,Sub-Saharan Africa (SSA)
10981,1971,9790.878,11352.1218181818,0.4630789426380447,Sub-Saharan Africa (SSA)
10982,1972,12360.128,11835.0568181818,0.510850737156255,Sub-Saharan Africa (SSA)
10983,1973,17787.158,14744.5095454545,0.5467644096370743,Sub-Saharan Africa (SSA)
10984,1974,29480.933,21470.9462727273,0.5786034474253452,Sub-Saharan Africa (SSA)
10985,1975,26154.31,25534.8392727273,0.5059922704860569,Sub-Saharan Africa (SSA)
10986,1976,29234.394,25962.7971818182,0.5296355371363485,Sub-Saharan Africa (SSA)
10987,1977,34798.637,30599.3633636364,0.5321055201459841,Sub-Saharan Africa (SSA)
10988,1978,34910.727,35303.4483636364,0.4972034040020942,Sub-Saharan Africa (SSA)
10989,1979,51109.8301730762,35486.5731038342,0.5902073092994597,Sub-Saharan Africa (SSA)
10990,1980,43725.3176876376,39849.8443395485,0.5231855568932576,Sub-Saharan Africa (SSA)
10991,1981,57908.2574236864,64676.8932328742,0.4723921055163073,Sub-Saharan Africa (SSA)
10992,1982,48492.7272851826,52826.111313913,0.47861511201348744,Sub-Saharan Africa (SSA)
10993,1983,45958.9425485467,44360.1830233128,0.5088506145022512,Sub-Saharan Africa (SSA)
10994,1984,47655.2853096682,39869.0252531124,0.5444805563533732,Sub-Saharan Africa (SSA)
10995,1985,47937.1081084485,36541.1217742575,0.5674492490551339,Sub-Saharan Africa (SSA)
10996,1986,41909.4305236945,36429.137419188,0.5349782568689679,Sub-Saharan Africa (SSA)
10997,1987,47133.8285529623,41449.5912295471,0.532084092809756,Sub-Saharan Africa (SSA)
10998,1988,48792.8351512864,45642.411206552,0.5166803395249093,Sub-Saharan Africa (SSA)
10999,1989,51420.331436928,47498.1675630806,0.5198252294237049,Sub-Saharan Africa (SSA)
11000,1990,61676.4075518742,55458.4751333639,0.5265417622657248,Sub-Saharan Africa (SSA)
11001,1991,59496.1896026955,54847.2622446893,0.5203287870135807,Sub-Saharan Africa (SSA)
11002,1992,60811.3260471347,64640.3180073657,0.4847391718574547,Sub-Saharan Africa (SSA)
11003,1993,57706.1918245782,58664.9334414325,0.49588067222576593,Sub-Saharan Africa (SSA)
11004,1994,61259.295728095,61914.7596618121,0.4973392776114977,Sub-Saharan Africa (SSA)
11005,1995,68557.3243714165,73890.8390979918,0.4812791032306966,Sub-Saharan Africa (SSA)
11006,1996,79162.056269266,76612.5300394297,0.5081833830865837,Sub-Saharan Africa (SSA)
11007,1997,80323.6300416493,76900.5635801225,0.5108859405880036,Sub-Saharan Africa (SSA)
11008,1998,68363.1783031619,79121.1085988687,0.46352855439151647,Sub-Saharan Africa (SSA)
11009,1999,68463.0923147983,72960.8842230817,0.48409819884014266,Sub-Saharan Africa (SSA)
11010,2000,97235.305053,76532.342781,0.5595708192234308,Sub-Saharan Africa (SSA)
11011,2001,94103.974668,77134.39947,0.5495495687909425,Sub-Saharan Africa (SSA)
11012,2002,100703.838074,80754.218955,0.5549703315621077,Sub-Saharan Africa (SSA)
11013,2003,123087.259798,108071.709611,0.5324788396171474,Sub-Saharan Africa (SSA)
11014,2004,152655.06626,130143.089886,0.5398021979364988,Sub-Saharan Africa (SSA)
11015,2005,208057.041522,164032.829541,0.5591580360078466,Sub-Saharan Africa (SSA)
11016,2006,240872.193116,196882.260726,0.5502449855208983,Sub-Saharan Africa (SSA)
11017,2007,280679.177669,237484.226169,0.5416808203551795,Sub-Saharan Africa (SSA)
11018,2008,375627.763813,306909.597633,0.5503402231596642,Sub-Saharan Africa (SSA)
11019,2009,258408.211105,259796.423492,0.4986605557975378,Sub-Saharan Africa (SSA)
11020,2010,363709.996354,296037.223125,0.5512868953676235,Sub-Saharan Africa (SSA)
11021,2011,472266.49969,370027.066631,0.5606910922432693,Sub-Saharan Africa (SSA)
11022,2012,449373.680357,390694.603894,0.5349251826090053,Sub-Saharan Africa (SSA)
11023,2013,428288.191911,411873.335191,0.5097688695509661,Sub-Saharan Africa (SSA)
11024,2014,415191.046472,428325.273344,0.4922145982457903,Sub-Saharan Africa (SSA)
11025,2015,309961.974882,369958.57503,0.4558796978884039,Sub-Saharan Africa (SSA)
11026,2016,270186.802359,324935.266998,0.454002323676088,Sub-Saharan Africa (SSA)
11027,2017,307108.082123,343554.9036,0.47199255046258604,Sub-Saharan Africa (SSA)
11028,2018,353909.628674,365897.812043,0.49167264556402845,Sub-Saharan Africa (SSA)
11029,2019,331201.46624,363942.482081,0.4764501899785791,Sub-Saharan Africa (SSA)
11030,2020,281015.63193,324897.4703984,0.46378867010816316,Sub-Saharan Africa (SSA)
11031,2021,387027.102906,387394.588069,0.49976273575024915,Sub-Saharan Africa (SSA)
11032,2022,473278.71895,457195.098253,0.5086427046090063,Sub-Saharan Africa (SSA)
11033,1948,97.2,90.2,0.5186766275346851,SDN
11034,1949,105.6,88.2,0.544891640866873,SDN
11035,1950,92.9,75.7,0.5510083036773428,SDN
11036,1951,177.9,117.1,0.6030508474576272,SDN
11037,1952,120.7,174.0,0.4095690532745165,SDN
11038,1953,125.3,140.0,0.4722955145118733,SDN
11039,1954,115.7,135.9,0.4598569157392686,SDN
11040,1955,144.4,139.5,0.5086297992250793,SDN
11041,1956,191.7,127.4,0.6007521153243497,SDN
11042,1957,147.7,192.2,0.43453957046190056,SDN
11043,1958,123.6,168.3,0.4234326824254882,SDN
11044,1959,188.2,163.3,0.5354196301564722,SDN
11045,1960,181.7,180.5,0.5016565433462176,SDN
11046,1961,178.4,238.5,0.4279203645958264,SDN
11047,1962,226.6,256.3,0.469248291571754,SDN
11048,1963,225.9,284.0,0.44302804471464996,SDN
11049,1964,196.4,273.2,0.4182282793867121,SDN
11050,1965,195.1,207.9,0.48411910669975183,SDN
11051,1966,202.7,222.5,0.4767168391345249,SDN
11052,1967,214.1,213.2,0.5010531242686638,SDN
11053,1968,232.3,257.6,0.47417840375586856,SDN
11054,1969,240.193,255.983,0.48408830737480246,SDN
11055,1970,298.441,287.534,0.5093067110371603,SDN
11056,1971,328.519,331.492,0.49774776480998045,SDN
11057,1972,357.879,338.61,0.5138329535714132,SDN
11058,1973,436.698,436.056,0.5003678012360872,SDN
11059,1974,350.362,710.722,0.3301925201020843,SDN
11060,1975,439.413,1033.411,0.29834725669869583,SDN
11061,1976,554.234,981.013,0.36100640483257745,SDN
11062,1977,661.114,1078.527,0.3800289829913183,SDN
11063,1978,485.176,875.472,0.35657716029421277,SDN
11064,1979,589.824,918.647,0.3910078483444494,SDN
11065,1980,542.326,1575.934,0.2560242840822184,SDN
11066,1981,640.632,1550.976,0.2923113987537917,SDN
11067,1982,507.303,1274.539,0.2847070615688708,SDN
11068,1983,623.581,1354.528,0.315240970037546,SDN
11069,1984,680.004119644472,1277.90726532023,0.34731097886574236,SDN
11070,1985,392.160172405092,920.43643894971,0.2987667109701908,SDN
11071,1986,333.318,963.562,0.2570152982542718,SDN
11072,1987,497.82428434052,1055.33789032951,0.320523054488037,SDN
11073,1988,525.815109921041,1127.95963636852,0.3179484455792842,SDN
11074,1989,604.190304395894,1340.25606975699,0.31072613388945486,SDN
11075,1990,514.51843007232,1304.85815750267,0.2827993025666617,SDN
11076,1991,365.624499646065,1400.84445781779,0.2069804273101959,SDN
11077,1992,320.230814334034,1261.48625698412,0.20245770886645584,SDN
11078,1993,351.7216514894,1153.20111719606,0.23371408739906732,SDN
11079,1994,473.921935233711,1151.64443347325,0.29154265513667527,SDN
11080,1995,534.835518090179,1262.58868016083,0.29755664723475006,SDN
11081,1996,495.524991223816,1298.45237775413,0.276215854108641,SDN
11082,1997,509.559491395884,1510.65675318691,0.2522301722710461,SDN
11083,1998,541.634343857654,1604.82830410136,0.2523381174942283,SDN
11084,1999,705.573430969187,1576.99514025096,0.30911379393611066,SDN
11085,2000,1900.580403,1734.183236,0.5228896819059436,SDN
11086,2001,1821.377048,2022.206369,0.47387472844849154,SDN
11087,2002,1244.005191,2330.295934,0.34804151846607495,SDN
11088,2003,2561.87014,2576.086051,0.4986165791930163,SDN
11089,2004,3758.831148,4054.308139,0.4810910198739428,SDN
11090,2005,4819.991575,6575.621004,0.4229690630131065,SDN
11091,2006,5656.568008,8049.576,0.41270309174472236,SDN
11092,2007,8879.250003,8760.778975,0.5033580168192398,SDN
11093,2008,11670.502006,9332.468,0.5556596044590856,SDN
11094,2009,8257.105003,9656.017679,0.4609528528098092,SDN
11095,2010,11404.27951,10001.709365,0.5327611621493006,SDN
11096,2011,9688.841,9227.177994,0.5122029642216589,SDN
11097,2012,3364.97,9475.018,0.2620695595665666,SDN
11098,2013,4789.732,9918.068,0.32565931002597265,SDN
11099,2014,4350.209667,9211.3,0.32077620956799635,SDN
11100,2015,3168.355,9508.653,0.24992924197886443,SDN
11101,2016,2598.726,5662.298,0.31457674012325837,SDN
11102,2017,4100.380502,9163.003922,0.3091503926087214,SDN
11103,2018,3484.681535,7850.068332,0.30743347457055975,SDN
11104,2019,3744.06038,9290.52915,0.2872403746495268,SDN
11105,2020,3802.378142,9837.679399,0.278765549967118,SDN
11106,2021,5027.384617,9894.047103,0.33692374239541134,SDN
11107,2022,4357.419897,11094.75365,0.2819939786300149,SDN
11108,1948,13.9,19.4,0.41741741741741745,SUR
11109,1957,34.5,38.8,0.470668485675307,SUR
11110,1958,29.1,37.7,0.43562874251497,SUR
11111,1959,40.8,45.1,0.4749708963911524,SUR
11112,1960,43.9,54.2,0.4475025484199796,SUR
11113,1961,41.2,53.3,0.435978835978836,SUR
11114,1963,46.0,58.7,0.4393505253104107,SUR
11115,1964,,80.4,,SUR
11116,1965,56.8,94.0,0.37665782493368694,SUR
11117,1966,86.4,89.4,0.49146757679180886,SUR
11118,1967,104.965,102.315,0.5063923195677345,SUR
11119,1968,114.552,99.953,0.5340295098016363,SUR
11120,1969,130.378,110.06,0.5422520566632562,SUR
11121,1970,133.12,115.226,0.5360263503338085,SUR
11122,1971,155.78,125.708,0.5534161314159041,SUR
11123,1972,170.225,143.567,0.5424771823373444,SUR
11124,1973,178.003,157.035,0.5312919728508407,SUR
11125,1974,265.939,229.064,0.5372472490065717,SUR
11126,1975,273.552,253.433,0.5190887786179873,SUR
11127,1976,267.889,293.508,0.4771828135882451,SUR
11128,1977,299.951,395.63,0.4312236820729721,SUR
11129,1978,359.896,405.628,0.47013026371478883,SUR
11130,1979,386.817,426.15,0.4758089811763577,SUR
11131,1980,433.493,484.039,0.47245545659442945,SUR
11132,1981,436.128,554.536,0.44023806255198533,SUR
11133,1982,392.34,511.716,0.433977541214261,SUR
11134,1983,334.161,426.891,0.4390777502719919,SUR
11135,1984,344.84,388.17,0.47044378657862784,SUR
11136,1985,320.35,327.74,0.494298631362928,SUR
11137,1986,327.97893557423,326.918319327731,0.5008097577433408,SUR
11138,1987,301.001680672269,293.643697478992,0.5061868665456989,SUR
11139,1988,402.721176470588,350.642549019607,0.5345640662596907,SUR
11140,1989,528.407282913165,442.27731092437,0.5443655810216819,SUR
11141,1990,453.6918767507,483.27101262563,0.4842154175953443,SUR
11142,1991,359.32164797593,513.544993417518,0.41165698279213353,SUR
11143,1992,388.455952296234,552.695234837653,0.41274553717475443,SUR
11144,1993,1190.07332470649,1030.66477992246,0.5358908924135979,SUR
11145,1994,448.725324569599,432.034755788493,0.5094750938157416,SUR
11146,1995,477.175770444017,585.492264495561,0.44903559225920314,SUR
11147,1996,433.104,500.77,0.46377134388579183,SUR
11148,1997,701.32,658.141,0.5158809263377176,SUR
11149,1998,436.04,551.63,0.4414834914495732,SUR
11150,1999,586.628493369492,501.479201167312,0.5391272355804942,SUR
11151,2000,118.733574,666.146305,0.151276108837541,SUR
11152,2001,170.130799,209.549625,0.4480894674727818,SUR
11153,2002,178.089549,213.928677,0.45428895186113105,SUR
11154,2003,215.547149,270.592407,0.44338533316141016,SUR
11155,2004,262.198172,270.765753,0.49196232559267494,SUR
11156,2005,330.352122,339.712288,0.49301547294535464,SUR
11157,2006,395.564755,329.03342,0.5459091240465793,SUR
11158,2007,464.568418,380.606077,0.5496716012472668,SUR
11159,2008,615.324857,511.884321,0.5458834695542196,SUR
11160,2009,489.760257,506.298547,0.49169813572572973,SUR
11161,2010,740.084298,509.287446,0.5923651639747665,SUR
11162,2011,727.923408,496.413941,0.5945448030271598,SUR
11163,2012,711.794565,517.856983,0.57885875568385,SUR
11164,2013,652.706076,654.731265,0.49922551202398313,SUR
11165,2014,2384.484788,2323.271724,0.5065012988505214,SUR
11166,2015,730.698676,1768.775961,0.29234090443783123,SUR
11167,2016,989.693079,1137.63318,0.46522862904218026,SUR
11168,2017,1001.936898,1074.977144,0.4824161605817676,SUR
11169,2018,1794.446053,1694.02502,0.5143932729981964,SUR
11170,2019,1595.503231,1854.669456,0.46244155749413357,SUR
11171,2020,2004.396215,1868.684489,0.5175198680807039,SUR
11172,2021,2313.929302,1721.408511,0.5734165042008591,SUR
11173,2022,2879.136368,2237.628991,0.5626868081679413,SUR
11174,1948,1103.4,1358.4,0.44820862783329274,SWE
11175,1949,1134.5,1155.7,0.4953715832678369,SWE
11176,1950,1093.8,1158.5,0.4856369044976246,SWE
11177,1951,1770.0,1740.1,0.5042591379162987,SWE
11178,1952,1560.9,1703.5,0.47815831393211616,SWE
11179,1953,1474.8,1557.7,0.48633140972794725,SWE
11180,1954,1575.6,1735.9,0.4757964668579193,SWE
11181,1955,1717.9,1958.5,0.4672777717332173,SWE
11182,1956,1934.5,2172.7,0.4710021425788859,SWE
11183,1957,2126.6,2400.2,0.46977997702571356,SWE
11184,1958,2077.6,2340.8,0.4702154626108999,SWE
11185,1959,2196.1,2371.9,0.4807574430823117,SWE
11186,1960,2561.3,2835.5,0.47459605692262086,SWE
11187,1961,2733.1,2894.8,0.48563407310009066,SWE
11188,1962,2915.0,3084.5,0.4858738228185682,SWE
11189,1963,3190.5,3362.3,0.48689109998779145,SWE
11190,1964,3663.7,3838.8,0.4883305564811729,SWE
11191,1965,3961.3,4362.9,0.47587756180774127,SWE
11192,1966,4268.3,4568.3,0.4830251454179209,SWE
11193,1967,4524.2,4697.9,0.49058240530898606,SWE
11194,1968,4932.2,5117.2,0.49079547037634086,SWE
11195,1969,5689.0,5903.0,0.4907694962042788,SWE
11196,1970,6781.3,7005.2,0.4918797374242919,SWE
11197,1971,7459.6,7076.1,0.5131916591564217,SWE
11198,1972,8758.1,8061.7,0.5207017919356949,SWE
11199,1973,12163.5,10625.5,0.5337443503444644,SWE
11200,1974,15899.0,16456.4,0.49138629100551995,SWE
11201,1975,17341.2,18030.7,0.49025356285639166,SWE
11202,1976,18434.6,19156.9,0.490392774962425,SWE
11203,1977,19042.7,20114.3,0.4863166228260592,SWE
11204,1978,21784.5,20586.8,0.51413338745802,SWE
11205,1979,27529.4,28735.4,0.489282819809188,SWE
11206,1980,28278.1,31388.0,0.47393913796946674,SWE
11207,1981,26334.8,27066.0,0.49315366061931654,SWE
11208,1982,24758.5,26006.7,0.48770614515455474,SWE
11209,1983,25142.6,24545.3,0.5060105176511787,SWE
11210,1984,26923.0,24644.9,0.5220883534136546,SWE
11211,1985,27690.2,26365.4,0.5122540495341833,SWE
11212,1986,34205.4,29826.6,0.5341922788605697,SWE
11213,1987,41092.1,37574.6,0.5223569820521262,SWE
11214,1988,46232.9692978235,42072.4,0.5235578500543457,SWE
11215,1989,47704.7276933263,44843.8733595042,0.5154559566610252,SWE
11216,1990,53066.2127886503,49353.9826627485,0.5181225495105766,SWE
11217,1991,51189.2132217436,45406.2490545056,0.5299339328730555,SWE
11218,1992,51994.384946654,45535.7354169777,0.5331110507481989,SWE
11219,1993,46463.1089685392,39055.1855522583,0.5433119220734655,SWE
11220,1994,56866.991447608,48051.8159090821,0.542009510785598,SWE
11221,1995,79616.4271055265,64567.9491116527,0.5521848427294469,SWE
11222,1996,84466.8120231933,66584.114878776,0.5591942648456008,SWE
11223,1997,82701.4471959969,65437.2668391059,0.5582703193737731,SWE
11224,1998,84725.9763154563,68238.3777475219,0.5538935972009079,SWE
11225,1999,84793.4649120505,62695.1075536055,0.5749154900241197,SWE
11226,2000,85150.938339,69250.26679,0.5514914101082152,SWE
11227,2001,74278.22383,60844.88292,0.5497077858595047,SWE
11228,2002,80126.578826,64914.234114,0.5524416004145433,SWE
11229,2003,100657.116499,81388.976215,0.5529210487210808,SWE
11230,2004,121271.063616,98151.65006,0.5526823617497917,SWE
11231,2005,130210.417508,111579.867794,0.5385262577665809,SWE
11232,2006,147012.722718,127680.250478,0.5351892369416488,SWE
11233,2007,168070.673723,153428.540432,0.522771647093266,SWE
11234,2008,182861.846849,169064.973086,0.519601907245302,SWE
11235,2009,130171.847414,120098.989435,0.5201239147673394,SWE
11236,2010,156952.964697,148836.207572,0.5132718190522779,SWE
11237,2011,184430.587802,176987.308481,0.5102973308703724,SWE
11238,2012,169953.50515,164564.780764,0.5080544541403417,SWE
11239,2013,165993.320631,160616.824897,0.5082307543222644,SWE
11240,2014,163186.528286,162209.998495,0.5015005227631966,SWE
11241,2015,139246.880514,138397.104386,0.5015303341225024,SWE
11242,2016,138592.424715,140953.312159,0.4957772787551682,SWE
11243,2017,151914.302279,154126.552049,0.49638569534309784,SWE
11244,2018,164677.789302,170573.970077,0.4912063388035282,SWE
11245,2019,159075.600321,158834.343885,0.5003794414745386,SWE
11246,2020,154624.801887,149876.646272,0.5077966059664201,SWE
11247,2021,188305.622602,187092.027673,0.501616412526971,SWE
11248,2022,195264.455652,202515.530892,0.4908855705599986,SWE
11249,1948,792.1,1153.4,0.40714469288100746,CHE
11250,1949,796.7,874.3,0.47678037103530824,CHE
11251,1950,892.9,1037.8,0.4624747500906407,CHE
11252,1951,1070.4,1358.2,0.440747755908754,CHE
11253,1952,1087.3,1201.8,0.47499017080948847,CHE
11254,1953,1187.8,1172.0,0.5033477413340113,CHE
11255,1954,1212.0,1290.6,0.4842963318149125,CHE
11256,1955,1291.3,1478.9,0.4661396289076601,CHE
11257,1956,1424.5,1755.8,0.44791371883155673,CHE
11258,1957,1540.8,1954.6,0.4408079189792299,CHE
11259,1958,1536.7,1696.0,0.47536115321557837,CHE
11260,1959,1683.3,1912.8,0.46809043130057565,CHE
11261,1960,1885.3,2233.3,0.45775263439032676,CHE
11262,1961,2044.3,2691.2,0.4316967585260268,CHE
11263,1962,2224.8,3003.5,0.4255302870914064,CHE
11264,1963,2418.9,3236.0,0.42775292224442524,CHE
11265,1964,2646.4,3609.2,0.42304495172325596,CHE
11266,1965,2966.6,3697.8,0.4451413480583398,CHE
11267,1966,3286.7,3947.6,0.45432177266632573,CHE
11268,1967,3507.7,4117.4,0.46002019645643993,CHE
11269,1968,4013.0,4505.8,0.4710757383669062,CHE
11270,1969,4636.9,5286.1,0.4672881185125466,CHE
11271,1970,5156.0,6487.0,0.44284119213261186,CHE
11272,1971,5751.0,7215.4,0.44353097235932876,CHE
11273,1972,6872.0,8481.7,0.44757941082605496,CHE
11274,1973,9550.6,11670.1,0.4500605540816279,CHE
11275,1974,11934.0,14443.2,0.4524361948955916,CHE
11276,1975,12948.5,13296.4,0.4933720456164816,CHE
11277,1976,14843.4,14770.5,0.5012308409226748,CHE
11278,1977,17605.8,17929.3,0.4954481625210004,CHE
11279,1978,23574.7,23802.8,0.49759273916943697,CHE
11280,1979,29834.4,26477.3,0.5298081926136132,CHE
11281,1980,29640.9,36353.6,0.4491419739523748,CHE
11282,1981,27036.3,30687.3,0.46837515331684093,CHE
11283,1982,26011.1,28674.1,0.47565154740222215,CHE
11284,1983,25585.0,29188.9,0.4671020321722572,CHE
11285,1984,25846.2,29514.3,0.46687078332023735,CHE
11286,1985,27444.6,30697.3,0.47202791790429965,CHE
11287,1986,37454.6,41047.1,0.47711832992151765,CHE
11288,1987,45499.8,50649.2,0.47322177037722707,CHE
11289,1988,50628.0,56547.5,0.47238408031686346,CHE
11290,1989,51552.7069173867,58205.9832464637,0.4696913459920812,CHE
11291,1990,63797.3555564878,69703.7570607241,0.47787883041405144,CHE
11292,1991,61385.2688590706,66256.5828048745,0.48091803792290216,CHE
11293,1992,65548.7065500307,65732.3725122514,0.49930048578388986,CHE
11294,1993,62739.9712962679,60701.7395771535,0.5082558468474421,CHE
11295,1994,70482.8800984068,68043.2625415441,0.5088056214890917,CHE
11296,1995,81373.2530161931,80049.9803028213,0.5040987678358438,CHE
11297,1996,79366.5937372715,78177.3443144524,0.503774342058241,CHE
11298,1997,75958.3333095658,75650.3254366786,0.5010157990824348,CHE
11299,1998,78848.9836577568,80268.4925927452,0.4955394310906691,CHE
11300,1999,80250.6,79840.8,0.5012798938606321,CHE
11301,2000,80471.24572,82534.5539,0.49367105899050834,CHE
11302,2001,81989.240438,84066.568103,0.4937450918361368,CHE
11303,2002,91600.912673,87177.89478,0.5123700844524394,CHE
11304,2003,104675.70637,100224.941945,0.5108607865851105,CHE
11305,2004,122844.418983,115799.474844,0.514760369574147,CHE
11306,2005,130814.756437,126510.141611,0.508364163084594,CHE
11307,2006,147565.169135,141255.034587,0.5109239839642135,CHE
11308,2007,171823.967085,160964.591914,0.5163157279259601,CHE
11309,2008,200334.093151,183192.419371,0.5223474430323989,CHE
11310,2009,172639.613552,155706.149136,0.5257860254954629,CHE
11311,2010,195502.018791,176304.402549,0.5258166819346628,CHE
11312,2011,234832.135239,208279.010143,0.5299621498722503,CHE
11313,2012,312432.698181,295606.929829,0.5138360787495608,CHE
11314,2013,357809.273738,321094.931879,0.5270394125969756,CHE
11315,2014,311155.007898,275235.35937,0.5306277614137406,CHE
11316,2015,289839.202523,251500.281914,0.5354111622292552,CHE
11317,2016,339268.416288,293646.439672,0.536041164294367,CHE
11318,2017,299069.969937,263986.629495,0.5311543639461748,CHE
11319,2018,309861.337236,275498.522495,0.5293518714767966,CHE
11320,2019,313769.87615,276422.337068,0.5316401489595771,CHE
11321,2020,313969.861637,290185.355855,0.5196841019438146,CHE
11322,2021,379401.552409,320237.571205,0.5422817844279401,CHE
11323,2022,401751.970003,356531.758,0.5298174748666249,CHE
11324,1950,109.8,140.1,0.43937575030012005,SYR
11325,1951,74.3,135.7,0.3538095238095238,SYR
11326,1952,84.7,140.7,0.375776397515528,SYR
11327,1953,102.2,138.9,0.42389050186644545,SYR
11328,1954,129.9,186.0,0.4112060778727446,SYR
11329,1955,132.1,197.9,0.40030303030303027,SYR
11330,1956,144.4,204.3,0.4141095497562374,SYR
11331,1957,152.6,172.0,0.47011706715958096,SYR
11332,1958,110.8,202.8,0.35331632653061223,SYR
11333,1959,118.7,190.1,0.38439119170984454,SYR
11334,1960,123.5,236.5,0.34305555555555556,SYR
11335,1961,110.5,197.1,0.35923276983094926,SYR
11336,1962,167.4,233.6,0.4174563591022444,SYR
11337,1963,188.7,228.4,0.4524094941261088,SYR
11338,1964,176.1,234.8,0.4285714285714286,SYR
11339,1965,168.7,212.3,0.4427821522309711,SYR
11340,1966,169.5,294.0,0.3656957928802589,SYR
11341,1967,154.7,263.8,0.36965352449223415,SYR
11342,1968,167.5,311.9,0.3493950771798081,SYR
11343,1969,206.64,369.1,0.35891200889290303,SYR
11344,1970,202.98,359.73,0.36071866503172145,SYR
11345,1971,205.75,440.26,0.3184935217721088,SYR
11346,1972,287.33,539.53,0.34749534383087827,SYR
11347,1973,351.03,613.25,0.36403326834529387,SYR
11348,1974,784.31,1229.7,0.3894270634207377,SYR
11349,1975,929.99,1685.43,0.3555796009818691,SYR
11350,1976,1065.04,2362.23,0.31075462394267156,SYR
11351,1977,1063.12,2657.39,0.28574577141305896,SYR
11352,1978,1059.86,2458.66,0.3012232415902141,SYR
11353,1979,1644.22,3329.17,0.33060347167626103,SYR
11354,1980,2107.73,4116.99,0.338606395147091,SYR
11355,1981,2101.94,5008.22,0.2956248523239983,SYR
11356,1982,2026.53,4014.76,0.3354465685308932,SYR
11357,1983,1936.24,4542.39,0.29886565523883907,SYR
11358,1984,1853.54,3977.41,0.3178795908042429,SYR
11359,1985,1637.79,3967.5,0.2921864881210428,SYR
11360,1986,1327.4,2642.74,0.3343458920844102,SYR
11361,1987,1354.85,2470.15,0.35420915032679734,SYR
11362,1988,1343.73131403118,2226.60944320713,0.37635940247635297,SYR
11363,1989,3006.3571714922,2083.59654788419,0.5906452862326874,SYR
11364,1990,4210.20730512249,2392.29113585746,0.637668807158038,SYR
11365,1991,3432.04570155902,2743.37879732739,0.5557586692506575,SYR
11366,1992,3083.28222717149,3454.38832962138,0.47161786455694854,SYR
11367,1993,3149.60231625836,4142.68792873052,0.4319085239952847,SYR
11368,1994,3314.06453234154,5251.26988056902,0.3869159536078636,SYR
11369,1995,3969.8693986637,4708.77630289532,0.45742959618118273,SYR
11370,1996,7534.57461024498,5331.54565701559,0.5856135691050265,SYR
11371,1997,7285.6035634744,4027.67928730513,0.6439866888833592,SYR
11372,1998,2890.20124721604,3895.32204899778,0.4259363826558096,SYR
11373,1999,3463.65986636971,3831.61015590201,0.4747815853005451,SYR
11374,2000,18731.109311,20307.964378,0.4798041434133169,SYR
11375,2001,23023.320429,27780.207855,0.45318349348289133,SYR
11376,2002,29547.865225,28180.783588,0.5118405823201265,SYR
11377,2003,26226.852955,31726.730289,0.45254929008579114,SYR
11378,2004,24573.214178,41773.482606,0.37037584942625223,SYR
11379,2005,8547.381453,21465.441827,0.28479098328266306,SYR
11380,2006,11785.417465,25642.856959,0.31488006450660405,SYR
11381,2007,51584.242823,60985.005203,0.45824453594187325,SYR
11382,2008,63055.526394,74780.877638,0.45746642069508053,SYR
11383,2009,43503.817399,63627.079652,0.40608095886931544,SYR
11384,2010,50696.083212,72357.037988,0.411985350047342,SYR
11385,2011,10512.895209,19985.345413,0.34470497296216135,SYR
11386,2012,3059.391095,12583.370249,0.1955787106714041,SYR
11387,2013,1708.76837,8846.143571,0.16189319054026202,SYR
11388,2014,1162.488923,10220.108218,0.10212861867989044,SYR
11389,2015,2356.647979,6274.75794,0.2730317634364057,SYR
11390,2016,2376.528338,4933.6175,0.32509998988613886,SYR
11391,2017,2555.119313,6153.321006,0.29340722556543936,SYR
11392,2018,2400.141677,7163.819548,0.25095685987580946,SYR
11393,2019,2609.140379,6833.148581,0.27632498751658624,SYR
11394,2020,2727.183696,5696.437574,0.323754310478396,SYR
11395,2021,1721.477754,6606.217445,0.2067171903946145,SYR
11396,2022,1935.504633,6708.195974,0.22392083217604206,SYR
11397,1969,8.5,7.8,0.5214723926380368,STP
11398,1970,8.1,9.0,0.4736842105263157,STP
11399,1973,13.1,9.8,0.5720524017467249,STP
11400,1974,17.4,9.0,0.6590909090909091,STP
11401,1975,7.1,10.5,0.4034090909090909,STP
11402,1976,8.2,8.5,0.49101796407185627,STP
11403,1977,22.8,12.3,0.6495726495726496,STP
11404,1981,13.6636363636364,20.988,0.3943143180959583,STP
11405,1982,9.3,22.968,0.28821123094087026,STP
11406,1983,6.44363636363636,8.019,0.4455367750127286,STP
11407,1984,7.71818181818182,9.91059113295437,0.4378173024052917,STP
11408,1985,7.41090909090909,12.798995,0.3666968956197421,STP
11409,1986,7.45090909090909,11.9514731939628,0.3840203219126649,STP
11410,1987,6.8618181818182,16.0669225145963,0.2992671194930135,STP
11411,1988,13.7856592296152,37.9518910352232,0.2664536523095516,STP
11412,1989,9.81208932508882,43.4598127859133,0.18418883006361345,STP
11413,1990,29.0827374965452,50.7664581329337,0.36422079480295194,STP
11414,1991,21.118736261795,35.106481539092,0.3756096834801738,STP
11415,1992,5.1173905284621,35.2534759843499,0.1267594919429846,STP
11416,1993,7.75497642011703,41.1988458676186,0.1584141147250085,STP
11417,1994,8.95456284505156,54.1286130782724,0.1419485102642202,STP
11418,1995,6.5285457507364,44.2468993705605,0.1285768295115962,STP
11419,1996,7.61834494946712,37.8504815670932,0.1675509471679992,STP
11420,1997,9.24501942317788,41.3081632585812,0.18287709957604165,STP
11421,1998,16.1323518930163,48.4469917339724,0.24980668720012106,STP
11422,1999,12.4294808696399,53.1752595973334,0.1894601027481717,STP
11423,2000,2.764595,29.952915,0.08449894261513176,STP
11424,2001,2.6768,28.44767,0.08600307089566506,STP
11425,2002,5.008192,31.169515,0.1384330963817027,STP
11426,2003,6.823605,40.869658,0.14307272287073333,STP
11427,2004,3.555345,41.264731,0.07932483202393499,STP
11428,2005,3.413508,49.808923,0.06413664193580335,STP
11429,2006,3.554329,70.957577,0.04770149081946717,STP
11430,2007,6.661166,79.252284,0.07753344790600307,STP
11431,2008,10.625032,112.88708,0.0860242111316176,STP
11432,2009,7.710382,101.767429,0.07042871911277071,STP
11433,2010,5.993199,111.454588,0.05102862431967321,STP
11434,2011,6.784191,139.68552,0.046318047285557905,STP
11435,2012,6.086156,143.76184,0.04061553148832234,STP
11436,2013,7.003978,155.231505,0.04317167780121196,STP
11437,2014,10.567578,173.621614,0.05737349670332448,STP
11438,2015,9.294666,143.990046,0.06063661456336232,STP
11439,2016,10.495991,139.836236,0.06981863576064765,STP
11440,2017,10.939198,150.956723,0.06756932436858615,STP
11441,2018,12.0873,148.30596,0.0753603985603884,STP
11442,2019,9.858893,147.66694,0.06258588075519017,STP
11443,2020,12.510943,138.257853,0.08298098367781619,STP
11444,2021,19.28106,167.801011,0.1030620406163881,STP
11445,2022,21.938283,192.403304,0.10235196681640693,STP
11446,1992,29.3185421923387,72.9484040136087,0.2866863955563549,TJK
11447,1993,349.7727,532.1071,0.3966217391531136,TJK
11448,1994,491.9036,546.9891,0.4734883592886927,TJK
11449,1995,748.5935,809.8847,0.4803362023286562,TJK
11450,1996,771.5324,668.0901,0.5359268836101131,TJK
11451,1997,803.3614,750.2805,0.5170827331574928,TJK
11452,1998,596.5659,710.9918,0.4562444165943882,TJK
11453,1999,688.6796,663.0146,0.509493641387231,TJK
11454,2000,685.680322,640.902602,0.5168770904516784,TJK
11455,2001,664.106953,697.895751,0.48759591375965433,TJK
11456,2002,753.645747,724.583163,0.5098302041731818,TJK
11457,2003,809.731269,883.62607,0.478180978315056,TJK
11458,2004,941.749615,1161.202668,0.4478226266059315,TJK
11459,2005,938.711448,1335.272096,0.4128048553723396,TJK
11460,2006,1439.278965,1731.543509,0.45391344889275564,TJK
11461,2007,1508.787049,2553.66673,0.3713979607101888,TJK
11462,2008,1483.802322,3273.898147,0.31187384150559483,TJK
11463,2009,1037.221914,2512.50865,0.29219736408140523,TJK
11464,2010,1035.360698,2322.463988,0.3083426905272326,TJK
11465,2011,1220.417063,2818.19025,0.302187602907458,TJK
11466,2012,1374.642086,2629.185812,0.34333196156774465,TJK
11467,2013,1413.489211,3073.646251,0.3150092576812873,TJK
11468,2014,1023.753754,3781.934357,0.21302958709631498,TJK
11469,2015,1043.40037,2914.924789,0.2635964272989631,TJK
11470,2016,949.858275,3053.393116,0.23727170298009395,TJK
11471,2017,1118.480879,2794.083674,0.28586899049177167,TJK
11472,2018,1197.318934,3215.841904,0.2713064349910738,TJK
11473,2019,919.007653,3364.91168,0.21452496687336667,TJK
11474,2020,730.092634,3169.919318,0.18720266578300987,TJK
11475,2021,1477.326275,4260.741927,0.2574605639028617,TJK
11476,2022,1672.103887,5335.045299,0.23862826987340238,TJK
11477,1948,68.3,88.9,0.4344783715012723,TZA
11478,1949,70.1,98.9,0.414792899408284,TZA
11479,1950,67.6,65.3,0.5086531226486081,TZA
11480,1951,111.1,75.6,0.5950723085163364,TZA
11481,1952,131.7,103.6,0.5597110072248194,TZA
11482,1953,98.0,75.5,0.5648414985590778,TZA
11483,1954,104.3,86.0,0.5480819758276405,TZA
11484,1955,103.3,118.2,0.46636568848758464,TZA
11485,1956,127.8,89.8,0.5873161764705882,TZA
11486,1957,113.5,94.9,0.5446257197696737,TZA
11487,1958,117.8,79.4,0.5973630831643002,TZA
11488,1959,128.5,78.902,0.6195697244963887,TZA
11489,1960,154.2,82.7,0.6509075559307725,TZA
11490,1961,138.2,86.2,0.6158645276292335,TZA
11491,1962,147.4,84.0,0.6369922212618842,TZA
11492,1963,179.5,84.5,0.6799242424242424,TZA
11493,1964,197.6,122.3,0.6176930290715849,TZA
11494,1965,177.0,139.4,0.5594184576485461,TZA
11495,1966,235.4,179.7,0.5670922669236328,TZA
11496,1967,219.7,181.904,0.5470563042200774,TZA
11497,1968,240.208,255.381,0.48469195240410906,TZA
11498,1969,245.578,237.154,0.5087253382829396,TZA
11499,1970,260.492,318.383,0.44999697689483914,TZA
11500,1971,280.807,381.763,0.4238148422053519,TZA
11501,1972,319.638,402.909,0.44237675888212113,TZA
11502,1973,340.761,488.486,0.41092822765713954,TZA
11503,1974,420.11,812.828,0.3407389503770668,TZA
11504,1975,391.81,842.523,0.3174264967395346,TZA
11505,1976,492.756,656.066,0.42892284444413487,TZA
11506,1977,500.859,729.608,0.4070478931982735,TZA
11507,1978,453.844,1118.273,0.28868334863117695,TZA
11508,1979,539.104,1079.547,0.3330575893135704,TZA
11509,1980,510.789,1226.595,0.29399890870412065,TZA
11510,1981,568.056,1175.763,0.32575399167000707,TZA
11511,1982,446.392,1131.014,0.2829911893323596,TZA
11512,1983,371.326,796.614,0.3179324280356868,TZA
11513,1984,376.688,847.26,0.3077647089582237,TZA
11514,1985,283.761,1028.042,0.21631373003415913,TZA
11515,1986,344.777,779.839,0.30657308805850175,TZA
11516,1987,290.04,811.846,0.26322142217978994,TZA
11517,1988,275.072,822.876,0.25053281211860673,TZA
11518,1989,256.278,780.995,0.24706899726494375,TZA
11519,1990,415.347564864947,1021.5429678071,0.28905999129423254,TZA
11520,1991,412.972087755727,1231.40342011798,0.25114220309066076,TZA
11521,1992,474.261972455126,1551.97455150632,0.23406051901971833,TZA
11522,1993,470.68383855987,1463.36597328982,0.2433669679426284,TZA
11523,1994,542.695743581437,1534.54505991432,0.2612579835078064,TZA
11524,1995,697.083249426839,1879.16219980816,0.2705810696856675,TZA
11525,1996,763.463132934885,1787.25641448051,0.2993128482935298,TZA
11526,1997,619.814161381096,1408.83615942887,0.3055303099913379,TZA
11527,1998,588.421365475875,1571.35437326814,0.2724455854004835,TZA
11528,1999,621.527384903635,1660.35816136111,0.27237447816829513,TZA
11529,2000,734.162996,1520.643253,0.3255991490734954,TZA
11530,2001,774.20196,1779.620506,0.30315418174412756,TZA
11531,2002,945.993051,1749.347253,0.35097351143234345,TZA
11532,2003,1148.048634,2234.73819,0.3393795393357013,TZA
11533,2004,1494.27216,2635.536146,0.3618260338691856,TZA
11534,2005,1696.902528,3349.984141,0.3362275872812947,TZA
11535,2006,1893.644434,4651.668816,0.28931303387198465,TZA
11536,2007,2209.206277,6107.997415,0.26561887369969683,TZA
11537,2008,3187.991656,8312.528701,0.2772041226864636,TZA
11538,2009,3040.443133,6671.784217,0.3130531260679354,TZA
11539,2010,4110.760315,8168.593625,0.3347700811529829,TZA
11540,2011,4799.721129,11486.360531,0.2947130702892472,TZA
11541,2012,5633.232646,11954.672615,0.32029014043482007,TZA
11542,2013,4494.996994,12759.715251,0.2605083718682438,TZA
11543,2014,5868.086824,13059.306562,0.31003142927966193,TZA
11544,2015,5938.070569,15026.954863,0.2832369838166958,TZA
11545,2016,4828.05879,8127.885893,0.37265200710026836,TZA
11546,2017,3853.44784,10001.222013,0.27813350161971556,TZA
11547,2018,3668.149099,8515.984237,0.3010595007329621,TZA
11548,2019,4760.919941,9053.863327,0.3446250186224782,TZA
11549,2020,6066.070728,8516.390483,0.4159840125906988,TZA
11550,2021,6390.862891,10833.862442,0.3710284354291596,TZA
11551,2022,6824.846118,15652.839804,0.30362761281045364,TZA
11552,1956,235.1,327.5,0.4178812655527906,THA
11553,1957,261.4,368.1,0.4152501985702938,THA
11554,1958,257.3,383.6,0.4014666874707442,THA
11555,1959,298.7,407.4,0.4230278997309163,THA
11556,1960,344.2,434.0,0.44230274993574914,THA
11557,1961,399.2,468.4,0.4601198709082527,THA
11558,1962,383.9,540.1,0.41547619047619044,THA
11559,1963,387.8,591.4,0.3960375816993464,THA
11560,1964,458.1,655.5,0.4113685344827587,THA
11561,1965,490.9,717.9,0.4061052283256122,THA
11562,1966,689.4,895.7,0.43492524130969656,THA
11563,1967,683.0,1059.0,0.3920780711825488,THA
11564,1968,654.5,1142.4,0.36423841059602646,THA
11565,1969,704.96,1248.31,0.36091272583923373,THA
11566,1970,709.93,1298.52,0.3534715825636685,THA
11567,1971,827.49,1294.51,0.3899575871819039,THA
11568,1972,1078.13,1484.26,0.4207517200738373,THA
11569,1973,1562.3,2032.2,0.43463624982612326,THA
11570,1974,2440.55,3144.75,0.4369595187366838,THA
11571,1975,2201.5,3189.56,0.40836124992116585,THA
11572,1976,2974.52,3571.96,0.4543693710207623,THA
11573,1977,3481.58,4615.43,0.42998341363046355,THA
11574,1978,4081.1,5355.09,0.4324944707556757,THA
11575,1979,5296.55,7164.34,0.425053908669445,THA
11576,1980,6498.93,9218.46,0.4134865903308374,THA
11577,1981,7026.52,9956.43,0.4137396624261392,THA
11578,1982,6933.61,8535.6,0.44822004485038347,THA
11579,1983,6363.39,10282.88,0.38227122352334786,THA
11580,1984,7410.56,10415.3,0.4157196342841243,THA
11581,1985,7118.85,9271.17,0.43434053161619085,THA
11582,1986,8861.04,9184.33,0.49104230060120685,THA
11583,1987,11559.53,13014.43,0.47039752648738753,THA
11584,1988,15906.1892965788,20302.2666842441,0.43929487921283367,THA
11585,1989,20178.6593383344,25375.4849744948,0.44295990283043424,THA
11586,1990,23064.3656405425,33414.2848211086,0.4083731720219335,THA
11587,1991,28857.3008186615,37957.1283686392,0.4319022278520993,THA
11588,1992,32454.895847836,40686.4100720765,0.4437286898236835,THA
11589,1993,37312.3415701043,46191.7377589592,0.4468325603958581,THA
11590,1994,46121.6015074404,55092.0150170126,0.45568573766255566,THA
11591,1995,58672.7769824382,77084.8639446853,0.4321876586963862,THA
11592,1996,56450.8017249819,74938.6031788385,0.4296450065079828,THA
11593,1997,58431.3321316515,63465.4629699718,0.4793508482560045,THA
11594,1998,55391.5193947586,43702.6514264981,0.5589785850741138,THA
11595,1999,58491.9148354394,50350.0570271628,0.5374021972817369,THA
11596,2000,68962.672351,61923.465882,0.5268905728445781,THA
11597,2001,65113.243881,62057.113425,0.5120158915990394,THA
11598,2002,68849.790694,64720.764176,0.5154563500990867,THA
11599,2003,80321.711634,75824.319865,0.5144012362204313,THA
11600,2004,96217.639521,94407.2115,0.5047486673728615,THA
11601,2005,110161.771783,118143.08775,0.4825204860217915,THA
11602,2006,130561.26868,130605.205919,0.499915882696913,THA
11603,2007,153855.835278,141294.117966,0.5212802292088038,THA
11604,2008,175894.383056,179167.69394,0.49539050901789644,THA
11605,2009,151900.696202,134733.857525,0.529945515036108,THA
11606,2010,193359.318565,185120.618074,0.5108839329293936,THA
11607,2011,220202.555312,229092.074545,0.49010724962834595,THA
11608,2012,227354.939096,250453.302281,0.4758288355194203,THA
11609,2013,224437.032082,249576.687724,0.47348214345748374,THA
11610,2014,224694.885501,227895.119886,0.49646453263780804,THA
11611,2015,210684.843219,201790.336767,0.5107818686839556,THA
11612,2016,213761.91107,195102.781832,0.5228182202595717,THA
11613,2017,235925.097351,223707.34508,0.5132907853570782,THA
11614,2018,250607.211853,249373.17077,0.501234089502198,THA
11615,2019,245369.649807,238923.533227,0.5066551799672425,THA
11616,2020,229256.11708,207092.240864,0.5253969973903792,THA
11617,2021,266291.81122,266713.360264,0.4996045544522332,THA
11618,2022,283862.758108,301411.348521,0.4850082292944116,THA
11619,2002,0.007887,,,TLS
11620,2003,29.020443,,,TLS
11621,2004,110.066302,114.106625,0.49098837880633106,TLS
11622,2005,36.511266,179.678461,0.16888529583091613,TLS
11623,2006,33.171776,314.561947,0.09539418758070813,TLS
11624,2007,34.370824,371.165373,0.0847540225860529,TLS
11625,2008,65.388838,420.565676,0.13455752774425306,TLS
11626,2009,43.296811,395.026362,0.09877828430485468,TLS
11627,2010,44.464148,1248.130363,0.03439914653946724,TLS
11628,2011,52.406331,706.747375,0.06903256953869102,TLS
11629,2012,450.751958,758.482849,0.3727580081144654,TLS
11630,2013,410.474521,499.460225,0.45110324977083577,TLS
11631,2014,93.71583,578.141924,0.1394876064792727,TLS
11632,2015,29.132288,635.410556,0.04383808848899439,TLS
11633,2016,21.175033,564.290094,0.03616788092657823,TLS
11634,2017,29.617649,595.295387,0.04739483303081551,TLS
11635,2018,30.043289,525.36105,0.05409264366586089,TLS
11636,2019,152.72265,542.968527,0.21952650119637784,TLS
11637,2020,255.678363,509.384299,0.3341927082568826,TLS
11638,2021,468.650575,553.501323,0.4584940613200329,TLS
11639,2022,480.398814,958.468016,0.3338730200626003,TLS
11640,1959,17.5,15.0,0.5384615384615384,TGO
11641,1960,1.0,0.4,0.7142857142857143,TGO
11642,1961,2.5,0.6,0.8064516129032258,TGO
11643,1962,17.1,27.1,0.38687782805429866,TGO
11644,1963,18.1,28.7,0.3867521367521368,TGO
11645,1964,30.0,41.3,0.420757363253857,TGO
11646,1965,26.9,44.9,0.3746518105849582,TGO
11647,1966,36.0,47.1,0.43321299638989175,TGO
11648,1967,31.9,44.9,0.4153645833333333,TGO
11649,1968,38.3,46.2,0.45325443786982245,TGO
11650,1969,46.481,59.958,0.43669143828859724,TGO
11651,1970,55.137,67.037,0.4512989670469985,TGO
11652,1971,56.037,72.598,0.4356279395187935,TGO
11653,1972,50.26,84.892,0.37187758967680834,TGO
11654,1973,62.038,100.969,0.38058488285779135,TGO
11655,1974,187.834,118.955,0.6122579362363058,TGO
11656,1975,125.799,173.898,0.4197539514910059,TGO
11657,1976,103.523,185.843,0.3577579950650733,TGO
11658,1977,147.026,283.773,0.34128677178916383,TGO
11659,1978,234.956,447.128,0.3444678368060239,TGO
11660,1979,213.945,518.082,0.2922638099414366,TGO
11661,1980,337.36,550.684,0.3798910864776971,TGO
11662,1981,207.76,433.333,0.32407154656188725,TGO
11663,1982,177.024,390.503,0.3119217235479545,TGO
11664,1983,162.228835762433,306.376540996713,0.346194994356233,TGO
11665,1984,193.121586605101,299.240431703597,0.39223493978777796,TGO
11666,1985,190.045324407287,288.04175744026,0.3975119421191324,TGO
11667,1986,203.728172815116,312.308889934318,0.39479368348013,TGO
11668,1987,243.605232328414,420.685859265062,0.3667145855351802,TGO
11669,1988,242.311,487.373,0.33207662494997836,TGO
11670,1989,245.073,471.868,0.3418314756723357,TGO
11671,1990,266.723,581.046,0.3146175432222693,TGO
11672,1991,267.058,445.407,0.37483665864288074,TGO
11673,1992,255.813078607821,955.720713652616,0.2111481167442585,TGO
11674,1993,195.932374184542,635.728086233525,0.23559178716521986,TGO
11675,1994,275.833865440088,706.798866680947,0.2807090140837202,TGO
11676,1995,221.830812748857,384.28531283784,0.36598731395594086,TGO
11677,1996,238.666054103115,403.796478671716,0.3714863387788595,TGO
11678,1997,236.366133867427,373.450618320305,0.3876019033905807,TGO
11679,1998,252.633298898552,429.585211750347,0.3703114104281006,TGO
11680,1999,237.26070805345,341.672105863794,0.4098242530909043,TGO
11681,2000,192.432963,322.236492,0.3738962184961997,TGO
11682,2001,220.704039,351.765297,0.38552988801482285,TGO
11683,2002,249.215513,393.981739,0.3874635848102162,TGO
11684,2003,416.846125,561.948356,0.42587706928437413,TGO
11685,2004,407.862685,555.672366,0.4232982334962301,TGO
11686,2005,362.422554,595.255707,0.3784387395632864,TGO
11687,2006,387.779332,729.463392,0.34708602138992317,TGO
11688,2007,280.044445,770.204843,0.2666456889804623,TGO
11689,2008,687.061095,952.252831,0.4191150237321903,TGO
11690,2009,663.110033,1335.873417,0.33172362332464533,TGO
11691,2010,742.274466,1349.739359,0.35481336553786874,TGO
11692,2011,994.025263,1818.246594,0.35345987640767407,TGO
11693,2012,1116.877916,1855.515502,0.37575036643416493,TGO
11694,2013,1287.022288,2445.094423,0.3448504930745184,TGO
11695,2014,959.094898,1987.265332,0.3255185459790163,TGO
11696,2015,793.105057,1877.717374,0.2969516235128549,TGO
11697,2016,849.571878,1858.070203,0.3137681615903354,TGO
11698,2017,867.018671,1635.602262,0.34644426551673857,TGO
11699,2018,1025.239388,1733.471675,0.3716371031930719,TGO
11700,2019,1011.475845,1790.915687,0.36093309355603637,TGO
11701,2020,982.536633,2169.376102,0.3117271052873867,TGO
11702,2021,1059.445156,2550.438388,0.2934845800665529,TGO
11703,2022,1345.7321,2789.339361,0.3254434929824784,TGO
11704,1979,7.838,29.299,0.21105635888736302,TON
11705,1980,8.162,34.313,0.19216009417304297,TON
11706,1981,8.603,40.324,0.1758333844298649,TON
11707,1982,4.35,41.801,0.09425581244176723,TON
11708,1983,5.264,37.533,0.12299927565016239,TON
11709,1984,8.776,41.224,0.17552,TON
11710,1985,5.009,41.356,0.10803407742909522,TON
11711,1986,5.823,39.856,0.12747652093960027,TON
11712,1987,6.727,47.946,0.12304062334241765,TON
11713,1988,9.7202515397145,62.9677105888727,0.13372574020604788,TON
11714,1989,10.2239316427543,59.6951634921634,0.14622517100694649,TON
11715,1990,12.7172390440287,66.9338299280128,0.1596618753289125,TON
11716,1991,17.2024477171478,65.6000723909706,0.20775270722057626,TON
11717,1992,12.9227778338375,62.5562898101321,0.1712100882696842,TON
11718,1993,16.935987095119,61.6111619915579,0.21561555437779303,TON
11719,1994,14.3168308385175,69.2752537036236,0.17127017368851455,TON
11720,1995,14.6463532836011,77.3162883183601,0.15926416453970968,TON
11721,1996,12.5853657326299,74.6631100969052,0.14424739931525013,TON
11722,1997,10.0834620370193,72.7212707273235,0.12177398199830215,TON
11723,1998,7.51278921736543,68.7876445674027,0.09846325695287475,TON
11724,1999,12.497095839155,72.8315589900751,0.14645837162399528,TON
11725,2000,11.210057,76.652949,0.1275856302935959,TON
11726,2001,7.195348,78.851643,0.08362114603170727,TON
11727,2002,17.763493,99.445604,0.15155387640261403,TON
11728,2003,22.735741,100.807862,0.1840300950264499,TON
11729,2004,18.768022,113.750387,0.14162577215970046,TON
11730,2005,12.482053,131.151175,0.08690226609681152,TON
11731,2006,11.964187,127.914182,0.08553278884743074,TON
11732,2007,10.516137,157.071213,0.06275018371016666,TON
11733,2008,11.293036,180.840953,0.05877687783810078,TON
11734,2009,9.043631,163.33763,0.05246295883634358,TON
11735,2010,9.579231,179.0971,0.05077070848913211,TON
11736,2011,15.90309,216.233555,0.06850745172094652,TON
11737,2012,14.370986,191.724004,0.06972991434677767,TON
11738,2013,15.862994,188.218002,0.07772891308311725,TON
11739,2014,17.62999,209.763996,0.07753059045281875,TON
11740,2015,15.693005,197.738002,0.07352729680931505,TON
11741,2016,19.052,218.443,0.0802206362239205,TON
11742,2017,17.78,227.994,0.07234288411304694,TON
11743,2018,12.504,220.732,0.053610934847107654,TON
11744,2019,18.461,249.461,0.06890438261882188,TON
11745,2020,13.564,214.584,0.059452636008205204,TON
11746,2021,14.381,237.588,0.057074481384614774,TON
11747,2022,12.316,257.961,0.04556806535517266,TON
11748,1948,108.1,109.7,0.49632690541781443,TTO
11749,1949,102.8,116.8,0.4681238615664845,TTO
11750,1950,102.1,96.5,0.5140986908358509,TTO
11751,1951,120.8,126.1,0.48926690968003245,TTO
11752,1952,127.1,140.4,0.47514018691588783,TTO
11753,1953,143.0,136.1,0.5123611608742386,TTO
11754,1954,151.0,145.1,0.5099628503883823,TTO
11755,1955,164.5,172.7,0.48784104389086597,TTO
11756,1956,191.2,175.8,0.5209809264305176,TTO
11757,1957,225.0,207.5,0.5202312138728323,TTO
11758,1958,227.5,239.9,0.48673513050919986,TTO
11759,1959,259.8,260.3,0.49951932320707554,TTO
11760,1960,287.1,292.4,0.4954270923209664,TTO
11761,1961,344.5,335.7,0.5064686856806822,TTO
11762,1962,345.8,353.2,0.49470672389127324,TTO
11763,1963,373.3,375.4,0.4985975691198076,TTO
11764,1964,405.0,422.8,0.48924861077554965,TTO
11765,1965,401.8,474.4,0.4585711024880164,TTO
11766,1966,431.3,457.6,0.48520643491956345,TTO
11767,1967,434.6,411.2,0.5138330574603925,TTO
11768,1968,456.2,420.0,0.5206573841588678,TTO
11769,1969,463.31,484.37,0.488888654398109,TTO
11770,1970,475.12,543.71,0.46633883964940176,TTO
11771,1971,514.54,657.12,0.4391547035829507,TTO
11772,1972,552.12,764.69,0.41928600177702174,TTO
11773,1973,689.03,788.39,0.4663738138105616,TTO
11774,1974,2016.06,1847.25,0.5218478455003611,TTO
11775,1975,1768.2,1471.8,0.5457407407407407,TTO
11776,1976,2192.99,1967.93,0.5270444997740884,TTO
11777,1977,2158.96,1788.79,0.5468836679121019,TTO
11778,1978,2005.98,1960.73,0.5057037192030676,TTO
11779,1979,2580.19,2082.57,0.5533610994346696,TTO
11780,1980,3864.92,3158.28,0.5503075521129969,TTO
11781,1981,3720.94,3101.02,0.5454356226069927,TTO
11782,1982,3024.39,3563.86,0.45905817174515234,TTO
11783,1983,2291.36,2502.45,0.47798306566175974,TTO
11784,1984,2078.23,1901.57,0.5221945826423439,TTO
11785,1985,2133.58,1588.09,0.5732856486469784,TTO
11786,1986,1341.24,1331.95,0.501737624336467,TTO
11787,1987,1424.83,1165.81,0.5499915078899422,TTO
11788,1988,1336.23,1127.86,0.5422813290098981,TTO
11789,1989,1491.39689529412,1244.22487647059,0.5451765703458492,TTO
11790,1990,1889.87861741176,1229.49014870588,0.6058529013752674,TTO
11791,1991,1894.909224,1647.03354541176,0.5349914855667482,TTO
11792,1992,1794.57829388235,1430.18965788235,0.5564984273985658,TTO
11793,1993,1572.97875992245,1386.83836979646,0.5314445761288752,TTO
11794,1994,2366.27183306692,1211.67085682459,0.661349842117977,TTO
11795,1995,2961.16031779279,1967.39654956213,0.600816912026826,TTO
11796,1996,2418.44991679941,2147.12424806889,0.5297142986766427,TTO
11797,1997,2543.85896184145,3028.10157267102,0.4565464787636063,TTO
11798,1998,2263.82829212451,3009.17385615103,0.4293243637051926,TTO
11799,1999,2804.81807950595,2742.99394100557,0.505571938835689,TTO
11800,2000,3040.943854,2348.597649,0.5642305291289265,TTO
11801,2001,4284.940135,3558.857892,0.5462838436495097,TTO
11802,2002,3850.774611,3657.923046,0.5128418784328207,TTO
11803,2003,8200.038854,5143.382198,0.6145379675904721,TTO
11804,2004,11318.653774,6552.328282,0.6333537652565588,TTO
11805,2005,15521.598635,7353.881584,0.6785255866282542,TTO
11806,2006,22459.103226,8265.060835,0.7309915147377002,TTO
11807,2007,21530.819233,9586.93801,0.6919142361342059,TTO
11808,2008,27552.047001,11894.815562,0.6984597813576943,TTO
11809,2009,14389.451836,9114.747344,0.6122077049212616,TTO
11810,2010,16559.13524,8285.17184,0.6665162842609657,TTO
11811,2011,22507.433252,12015.136133,0.6519628652489419,TTO
11812,2012,19413.927249,15193.063209,0.560982824338952,TTO
11813,2013,26829.336264,15323.326672,0.6364802220143182,TTO
11814,2014,21393.836208,13702.765738,0.6095700159496005,TTO
11815,2015,15474.576736,12209.600293,0.5589682770699639,TTO
11816,2016,10974.77296,10582.155235,0.5091065322816046,TTO
11817,2017,12626.857507,8700.456778,0.592050988617951,TTO
11818,2018,7468.168933,6966.862806,0.5173642197697976,TTO
11819,2019,7191.167858,6232.951083,0.5356901178845119,TTO
11820,2020,5518.598173,4877.450578,0.5308361191043053,TTO
11821,2021,8376.9456,5749.313753,0.5930052245728438,TTO
11822,2022,13286.176782,6233.485696,0.6806560716392732,TTO
11823,1948,59.6,175.5,0.2535091450446619,TUN
11824,1949,90.4,139.4,0.39338555265448216,TUN
11825,1950,111.3,144.2,0.43561643835616437,TUN
11826,1951,106.5,179.3,0.37263820853743873,TUN
11827,1952,112.5,182.4,0.38148524923702953,TUN
11828,1953,109.7,170.3,0.3917857142857143,TUN
11829,1954,125.6,167.8,0.4280845262440355,TUN
11830,1955,105.4,178.8,0.37086558761435606,TUN
11831,1956,110.7,189.5,0.3687541638907395,TUN
11832,1957,147.9,173.5,0.4601742377100187,TUN
11833,1958,152.4,151.6,0.5013157894736843,TUN
11834,1959,140.8,151.1,0.48235697156560475,TUN
11835,1960,119.5,191.1,0.384739214423696,TUN
11836,1961,110.3,211.4,0.3428660242461921,TUN
11837,1962,115.7,215.2,0.3496524629797522,TUN
11838,1963,125.4,221.7,0.3612791702679343,TUN
11839,1964,128.8,249.0,0.34092112228692434,TUN
11840,1965,119.9,246.1,0.32759562841530054,TUN
11841,1966,140.9,249.9,0.3605424769703173,TUN
11842,1967,149.5,261.4,0.363835483085909,TUN
11843,1968,159.5,217.8,0.4227405247813411,TUN
11844,1969,171.96,262.64,0.39567418315692593,TUN
11845,1970,183.87,306.19,0.3751989552299718,TUN
11846,1971,217.44,346.1,0.3858466124853604,TUN
11847,1972,310.87,459.95,0.403297786772528,TUN
11848,1973,425.59,682.97,0.38391246301508264,TUN
11849,1974,925.87,1133.39,0.44961296776511944,TUN
11850,1975,856.02,1418.87,0.3762907217491835,TUN
11851,1976,787.82,1528.75,0.34008037745459885,TUN
11852,1977,924.46,1824.48,0.3362968998959599,TUN
11853,1978,1110.54,2120.63,0.34369593676593924,TUN
11854,1979,1788.84,2822.12,0.38795391848985894,TUN
11855,1980,2233.89,3523.76,0.3879864180698723,TUN
11856,1981,2463.71,3940.3,0.3847136403597121,TUN
11857,1982,1976.28,3370.37,0.3696295811395921,TUN
11858,1983,1776.39,3169.99,0.35912930264152776,TUN
11859,1984,2150.66,3215.92,0.40075057112723556,TUN
11860,1985,1731.04,2776.15,0.3840619099705137,TUN
11861,1986,1729.94,2853.49,0.377433494129942,TUN
11862,1987,2134.99,2837.4,0.429368975482615,TUN
11863,1988,2392.876,3696.2,0.39297850774074755,TUN
11864,1989,2933.82396939919,4620.10894825084,0.3883836408639806,TUN
11865,1990,3551.58442218571,6127.15964168374,0.36694682685573854,TUN
11866,1991,4085.02630417281,5525.34958215477,0.4250641548770705,TUN
11867,1992,4043.8854604284,6457.0146885388,0.3850989346685798,TUN
11868,1993,3804.28064990162,6213.25881744481,0.3797619827006626,TUN
11869,1994,4640.69562925037,6571.36337236844,0.41390217698465026,TUN
11870,1995,5782.20543520137,8031.88987456391,0.4185728638424761,TUN
11871,1996,5516.53280141085,7748.74709996662,0.41586252551203323,TUN
11872,1997,5762.74917734279,8934.8708180347,0.3920872344743718,TUN
11873,1998,5742.18173210817,8402.38487091336,0.40596378052909293,TUN
11874,1999,7266.61583278317,10194.4671224454,0.41616066147874553,TUN
11875,2000,5995.98384,8600.957811,0.41076987107016555,TUN
11876,2001,6609.064329,9570.337898,0.40848631094484256,TUN
11877,2002,6798.985645,9527.721619,0.41643336498055555,TUN
11878,2003,8026.816634,10951.155791,0.42295438386379675,TUN
11879,2004,9379.137477,12703.575189,0.42472759659825393,TUN
11880,2005,10094.111547,13016.518853,0.436773526826858,TUN
11881,2006,11370.085732,14811.308639,0.43428113762321807,TUN
11882,2007,14791.903021,18877.499434,0.4393277558391405,TUN
11883,2008,18627.80945,24216.217985,0.43478194196987735,TUN
11884,2009,13969.41892,18927.205477,0.4246459682736913,TUN
11885,2010,15848.61493,21886.533769,0.4199960905525727,TUN
11886,2011,17160.951847,23505.491636,0.4219929351376371,TUN
11887,2012,16297.860334,24001.973876,0.40441507151302003,TUN
11888,2013,16335.007136,23707.075075,0.4079459966622963,TUN
11889,2014,16255.362435,25042.204659,0.39361549792994205,TUN
11890,2015,13795.052951,20420.463654,0.4031811972987745,TUN
11891,2016,12892.90398,18981.868492,0.40448614939371286,TUN
11892,2017,14203.892889,20654.951896,0.4074688354306002,TUN
11893,2018,15534.663052,22625.984466,0.4070859396364397,TUN
11894,2019,14933.25254,21564.06196,0.4091603106853245,TUN
11895,2020,13798.654132,18359.658516,0.42908514146988896,TUN
11896,2021,16676.579729,22469.564134,0.42600823691250733,TUN
11897,2022,18561.200372,26656.187138,0.41048811959547904,TUN
11898,1992,64.3398703039163,141.485719423072,0.312594125877439,TKM
11899,1993,561.407212447168,586.315545081841,0.489148802499874,TKM
11900,1994,1163.20989461539,903.532903907221,0.5628227641324784,TKM
11901,1995,1880.7263,1364.018,0.5796223449718364,TKM
11902,1996,1692.581,1313.457,0.5630604137406113,TKM
11903,1997,751.4341,1227.6558,0.3796866933634495,TKM
11904,1998,593.5,1007.3,0.370752123938031,TKM
11905,1999,1187.06,1478.3,0.4453657292073116,TKM
11906,2000,2918.093661,1789.134233,0.6199176514737063,TKM
11907,2001,2562.689088,2211.186867,0.5368151816588206,TKM
11908,2002,2822.414796,2129.005902,0.5700212056592248,TKM
11909,2003,5006.023104,2287.136166,0.6863998054439856,TKM
11910,2004,3434.147341,2136.270478,0.6164972633267386,TKM
11911,2005,4714.993786,1940.752651,0.7084094670116713,TKM
11912,2006,5322.64242,1756.114575,0.7519176634767359,TKM
11913,2007,5912.73276,2426.608607,0.7090167556154438,TKM
11914,2008,9833.58299,4233.106796,0.6990687318481256,TKM
11915,2009,2624.961078,5570.321636,0.32030146727162684,TKM
11916,2010,2727.405677,4523.261656,0.37615926255321974,TKM
11917,2011,7095.229746,6374.014552,0.5267726673465671,TKM
11918,2012,9626.344562,8221.090974,0.539368501574511,TKM
11919,2013,11114.608109,8140.926503,0.5772162826408053,TKM
11920,2014,11505.33344,8507.654108,0.5748933492515858,TKM
11921,2015,9667.476359,6194.821419,0.6094625440967434,TKM
11922,2016,7875.477451,5430.960871,0.5918546541473234,TKM
11923,2017,8128.483563,4065.723257,0.6665856732615266,TKM
11924,2018,9706.35424,2379.349512,0.8031269373447736,TKM
11925,2019,10622.039346,2987.891762,0.7804623889503967,TKM
11926,2020,6476.62991,3223.369096,0.6676938735760526,TKM
11927,2021,9445.3913,4147.368497,0.6948840000898605,TKM
11928,2022,13550.486998,3455.776919,0.7967938792514271,TKM
11929,2000,0.43176,3.840138,0.1010698289144544,TUV
11930,2001,0.605071,3.126961,0.16212910285871074,TUV
11931,2002,1.432384,8.528359,0.14380292715111714,TUV
11932,2003,2.05213,12.800416,0.13816688398069935,TUV
11933,2004,0.510026,11.772521,0.041524449285640835,TUV
11934,2005,0.814115,13.029655,0.05880731910455028,TUV
11935,2006,1.215522,15.108148,0.07446376948321058,TUV
11936,2007,1.732853,14.686605,0.10553655303360197,TUV
11937,2008,1.0092,27.219007,0.035751473694379525,TUV
11938,2009,0.476653,45.949889,0.010266821078339197,TUV
11939,2010,1.633728,24.041528,0.06363044637218028,TUV
11940,2011,0.997133,23.953789,0.03996377368339334,TUV
11941,2012,10.476722,52.326215,0.16681898173010604,TUV
11942,2013,1.686736,65.254418,0.025197294925629755,TUV
11943,2014,8.087768,58.579982,0.12131454863858464,TUV
11944,2015,2.499025,42.312333,0.05576766943773495,TUV
11945,2016,1.114293,34.430881,0.03134864384121456,TUV
11946,2017,1.201284,43.553854,0.02684125339977725,TUV
11947,2018,9.412095,39.710702,0.191603401573408,TUV
11948,2019,8.342357,40.867888,0.16952480118723245,TUV
11949,2020,7.956528,32.814316,0.19515239861112516,TUV
11950,2021,31.693873,73.970143,0.2999495400591248,TUV
11951,2022,21.994762,82.497719,0.21049133669244585,TUV
11952,1948,193.7,345.5,0.35923590504451036,TUR
11953,1949,244.8,286.6,0.46066992849077903,TUR
11954,1950,260.7,281.7,0.48064159292035397,TUR
11955,1951,311.4,398.9,0.4384063071941433,TUR
11956,1952,360.9,549.9,0.39624505928853754,TUR
11957,1953,394.3,526.3,0.4283076254616555,TUR
11958,1954,334.5,476.5,0.4124537607891492,TUR
11959,1955,312.7,494.7,0.38729254396829327,TUR
11960,1956,304.9,404.7,0.4296786922209696,TUR
11961,1957,344.7,395.5,0.4656849500135098,TUR
11962,1958,246.9,313.6,0.44049955396966994,TUR
11963,1959,354.0,440.8,0.44539506794162054,TUR
11964,1960,319.0,467.7,0.40549129274183293,TUR
11965,1961,347.0,508.8,0.4054685674222949,TUR
11966,1962,380.9,619.3,0.38082383523295343,TUR
11967,1963,367.9,689.1,0.34806054872280034,TUR
11968,1964,410.9,541.8,0.4313005143277002,TUR
11969,1965,454.2,575.6,0.4410565158283162,TUR
11970,1966,490.6,724.3,0.4038192443822537,TUR
11971,1967,522.5,690.6,0.4307146978814608,TUR
11972,1968,495.9,770.4,0.39161336176261546,TUR
11973,1969,536.95,756.47,0.41513970713302717,TUR
11974,1970,588.49,888.58,0.39841713662859574,TUR
11975,1971,676.63,1086.0,0.38387523189778905,TUR
11976,1972,892.16,1511.78,0.3711240713162558,TUR
11977,1973,1316.52,2095.6,0.38583637152268974,TUR
11978,1974,1531.96,3776.78,0.2885731830905262,TUR
11979,1975,1400.86,4737.82,0.2282021542090482,TUR
11980,1976,1960.16,5129.86,0.276467485282129,TUR
11981,1977,1752.71,5796.85,0.23216054975389294,TUR
11982,1978,2288.31,4600.37,0.3321841049373755,TUR
11983,1979,2258.76,5066.07,0.30837029664852295,TUR
11984,1980,2913.78,7667.5,0.2753712216291413,TUR
11985,1981,4695.63,8931.47,0.3445802848735241,TUR
11986,1982,5746.84,8800.44,0.3950456717681931,TUR
11987,1983,5732.09,9187.24,0.38420559100174073,TUR
11988,1984,7133.02,10671.31,0.4006340030767796,TUR
11989,1985,7957.92,11274.63,0.4137735245716247,TUR
11990,1986,7455.92,11027.03,0.40339447977730825,TUR
11991,1987,10237.6,14654.876,0.41127286815502,TUR
11992,1988,11753.02,14694.87,0.44438403214774413,TUR
11993,1989,11823.411,15934.376,0.4259493381082577,TUR
11994,1990,13384.405,23147.09,0.3663798867251395,TUR
11995,1991,13722.289,21132.33,0.3937007316017426,TUR
11996,1992,14595.879,24372.601,0.3745560257931539,TUR
11997,1993,15345.585,29355.0,0.3432971850368401,TUR
11998,1994,18284.501,23389.071,0.43875530995999096,TUR
11999,1995,21649.485,35763.118,0.3770859335536485,TUR
12000,1996,23100.3608594,42464.369755,0.3523290745333507,TUR
12001,1997,26245.506,48656.03,0.35040010394446386,TUR
12002,1998,27184.321,45932.659,0.37179217467679876,TUR
12003,1999,26587.1294,40671.27262,0.39529826165203913,TUR
12004,2000,27774.906054,54502.82142,0.3375750267625823,TUR
12005,2001,31334.216363,41399.0839,0.43080977007363935,TUR
12006,2002,36059.281684,51554.369436,0.4115714985397815,TUR
12007,2003,47253.986396,69339.692061,0.405287722467967,TUR
12008,2004,63016.888939,97340.653806,0.39297739202208426,TUR
12009,2005,73306.851637,116527.035155,0.3861631496663287,TUR
12010,2006,85165.833378,139428.512321,0.3791984749791463,TUR
12011,2007,106538.709125,169912.948972,0.3853791648723562,TUR
12012,2008,132027.195626,201963.585,0.3953019163539215,TUR
12013,2009,102142.612603,140928.421211,0.4202171315943815,TUR
12014,2010,113882.656364,185544.160453,0.38033552764113776,TUR
12015,2011,134881.152413,240841.284023,0.35899147703939543,TUR
12016,2012,152456.576596,236540.534209,0.3919221309394887,TUR
12017,2013,161480.914702,260822.803002,0.3823809924760946,TUR
12018,2014,166504.861795,251142.429205,0.3986733911198768,TUR
12019,2015,150982.113766,213619.211455,0.41410193359687725,TUR
12020,2016,149246.999263,202189.241859,0.4246773149704539,TUR
12021,2017,164494.619316,238715.127912,0.40796290379107447,TUR
12022,2018,177168.756288,231152.482645,0.4338955199856038,TUR
12023,2019,180832.721702,210345.202552,0.46227742029885494,TUR
12024,2020,169637.75531,219516.806838,0.43591357216438026,TUR
12025,2021,225214.458038,271425.553032,0.4534762665472329,TUR
12026,2022,254169.747663,363710.574763,0.41135756948052093,TUR
12027,1949,83.2,45.3,0.6474708171206226,UGA
12028,1950,79.0,41.9,0.6534325889164598,UGA
12029,1951,131.3,61.4,0.6813700051894136,UGA
12030,1952,130.0,66.7,0.6609049313675649,UGA
12031,1953,92.4,70.5,0.567219152854512,UGA
12032,1954,113.7,70.1,0.61860718171926,UGA
12033,1955,117.1,94.3,0.5539262062440871,UGA
12034,1956,115.9,44.6,0.7221183800623053,UGA
12035,1957,130.9,48.9,0.7280311457174639,UGA
12036,1958,128.5,43.8,0.7457922228670922,UGA
12037,1959,119.9,39.6,0.7517241379310345,UGA
12038,1960,120.1,40.1,0.7496878901373284,UGA
12039,1961,115.0,41.1,0.7367072389493915,UGA
12040,1962,113.6,39.0,0.744429882044561,UGA
12041,1963,153.2,50.7,0.7513487003433056,UGA
12042,1964,185.9,91.4,0.6703930760908763,UGA
12043,1965,178.6,113.4,0.6116438356164383,UGA
12044,1966,187.7,120.0,0.6100097497562561,UGA
12045,1967,183.4,116.1,0.6123539232053422,UGA
12046,1968,215.201,163.965,0.5675640748379338,UGA
12047,1969,225.236,175.111,0.5626019428146083,UGA
12048,1970,279.193,171.919,0.618899519409814,UGA
12049,1971,260.694,246.561,0.5139308631753261,UGA
12050,1972,283.17,161.941,0.6361783914574118,UGA
12051,1973,310.379,162.536,0.6563103306090947,UGA
12052,1974,327.007,213.054,0.6055001194309532,UGA
12053,1975,278.13,196.642,0.5858180347619489,UGA
12054,1976,360.553,160.276,0.6922675196657637,UGA
12055,1977,564.932,246.876,0.6958936103117979,UGA
12056,1978,296.561,194.461,0.6039668283702155,UGA
12057,1979,277.656,175.352,0.6129163281884646,UGA
12058,1980,163.02,219.243,0.42646031658831746,UGA
12059,1981,265.342936341275,328.723774817702,0.44665511693730825,UGA
12060,1982,356.37,333.201622525913,0.5167991088360198,UGA
12061,1983,325.943542592159,324.302073847549,0.501262191319026,UGA
12062,1984,384.534393077923,289.706213191089,0.570322210650866,UGA
12063,1985,381.546197883681,284.722826139354,0.5726608683979427,UGA
12064,1986,423.845795450137,358.516581424146,0.5417512497769872,UGA
12065,1987,302.52001336516,512.564867281335,0.37115154574479703,UGA
12066,1988,323.285206421692,472.69723634178,0.40614615229365925,UGA
12067,1989,274.592214210505,459.788430843467,0.3739099281277005,UGA
12068,1990,181.445571876128,581.501477928994,0.23782197194742977,UGA
12069,1991,174.919011606653,401.700408413027,0.3033526196545427,UGA
12070,1992,179.422411984802,398.045428553715,0.31070546165390234,UGA
12071,1993,137.086231159411,460.73125420199,0.22931117693310313,UGA
12072,1994,375.228501398232,622.017352853379,0.3762647894684149,UGA
12073,1995,528.949393055579,872.058202940841,0.377549268517264,UGA
12074,1996,568.211259651108,838.001433516631,0.40407205994643186,UGA
12075,1997,599.790719188966,810.705055642585,0.42523397084305076,UGA
12076,1998,410.668157012752,855.99249923591,0.32421324131830653,UGA
12077,1999,384.591081534113,811.969075414834,0.3214139124561559,UGA
12078,2000,389.522912,957.991832,0.289067643774887,UGA
12079,2001,415.077163,1006.346673,0.29201505735830363,UGA
12080,2002,456.798265,1029.555925,0.30732800302463575,UGA
12081,2003,534.006312,1374.988079,0.2797317344239384,UGA
12082,2004,653.41753,1726.2342,0.27458536127889605,UGA
12083,2005,812.488059,2054.001565,0.2834435723043804,UGA
12084,2006,961.932262,2557.28828,0.27333673764399163,UGA
12085,2007,1336.405045,3495.039681,0.2766056781749468,UGA
12086,2008,1722.195447,4525.790008,0.27564011782738695,UGA
12087,2009,1567.614442,4257.597051,0.26910858839782215,UGA
12088,2010,1618.603695,4664.338482,0.2576187476187878,UGA
12089,2011,2159.077307,5630.874936,0.27716181558624226,UGA
12090,2012,2357.493251,6026.628711,0.2811854672063512,UGA
12091,2013,2232.303096,5817.510225,0.2773111632510118,UGA
12092,2014,1981.669466,6073.527797,0.2460112895189318,UGA
12093,2015,2394.339998,5537.579983,0.3018613404743575,UGA
12094,2016,2598.249996,4834.990025,0.34954474612141684,UGA
12095,2017,2907.295789,5785.525847,0.33444788248730145,UGA
12096,2018,3093.883061,6933.569541,0.30854128000394815,UGA
12097,2019,3568.68119,7988.320814,0.3087895276616584,UGA
12098,2020,4153.611091,8763.502711,0.32155875953937035,UGA
12099,2021,3972.854985,9491.229899,0.2950705539387329,UGA
12100,2022,3531.8773,9957.3614,0.2618292535664003,UGA
12101,1992,1511.36379682937,1941.48580873028,0.43771492230528325,UKR
12102,1993,4112.04985014839,4164.7756867007,0.49681485152021326,UKR
12103,1994,9531.06892624161,11082.4034144442,0.46237085963579644,UKR
12104,1995,15104.2744622965,20077.4136202813,0.429322050347443,UKR
12105,1996,14400.7,17586.2,0.45020617815418185,UKR
12106,1997,14233.7,17113.8,0.45406172741047934,UKR
12107,1998,12637.1,14675.5,0.46268388948690353,UKR
12108,1999,11582.5,11844.3,0.49441238239964486,UKR
12109,2000,14524.599995,13936.199998,0.5103370249104859,UKR
12110,2001,16201.281161,15752.40141,0.5070239126586209,UKR
12111,2002,17881.662393,16948.351439,0.5133980847452683,UKR
12112,2003,24118.031146,24039.073308,0.5008197942847189,UKR
12113,2004,32394.301839,28958.297339,0.5280021103102025,UKR
12114,2005,33716.098641,36100.260098,0.4829254812191445,UKR
12115,2006,38117.529912,44962.300599,0.45880606252504486,UKR
12116,2007,48899.285804,60006.938518,0.44900359101074744,UKR
12117,2008,66327.501429,85445.310778,0.43701833328710554,UKR
12118,2009,39824.660042,45462.89471,0.46694573619565655,UKR
12119,2010,51432.55468,60739.977601,0.45851291429489954,UKR
12120,2011,68411.551808,82606.929961,0.453001189037533,UKR
12121,2012,68684.628236,84658.051984,0.4479159235866916,UKR
12122,2013,63308.212721,76963.897382,0.4513243058403669,UKR
12123,2014,53911.029497,54381.754893,0.49782660775299326,UKR
12124,2015,38134.807637,37502.287395,0.5041812832825772,UKR
12125,2016,36288.47469,39234.210376,0.4804976764039461,UKR
12126,2017,42339.359345,48716.827154,0.46498059025857597,UKR
12127,2018,47182.315551,57085.924187,0.45250898710438914,UKR
12128,2019,49886.456339,60481.414996,0.452001617278451,UKR
12129,2020,50203.173655,56633.113416,0.4699075101855287,UKR
12130,2021,65826.467476,69961.261559,0.4847747874112607,UKR
12131,2022,44443.200595,55224.067354,0.4459157104390752,UKR
12132,1955,3469.2,3343.7,0.5092104683761688,Union of Soviet Socialist Republics (USSR)
12133,1956,3611.5,3883.1,0.48188028714007414,Union of Soviet Socialist Republics (USSR)
12134,1957,4380.0,4277.7,0.5059080356214699,Union of Soviet Socialist Republics (USSR)
12135,1960,146.7,169.5,0.4639468690702087,Union of Soviet Socialist Republics (USSR)
12136,1961,210.7,179.3,0.5402564102564102,Union of Soviet Socialist Republics (USSR)
12137,1962,262.4,196.6,0.571677559912854,Union of Soviet Socialist Republics (USSR)
12138,1981,38722.3744266373,47239.0898645681,0.4504620151124966,Union of Soviet Socialist Republics (USSR)
12139,1982,36725.7463342885,44503.666573122,0.4521237445868335,Union of Soviet Socialist Republics (USSR)
12140,1983,36228.3841834862,43234.3104282091,0.4559168847787112,Union of Soviet Socialist Republics (USSR)
12141,1984,40475.6030242592,45914.8084895627,0.4685196228956887,Union of Soviet Socialist Republics (USSR)
12142,1985,44125.1070415306,54111.0790498682,0.4491736578665286,Union of Soviet Socialist Republics (USSR)
12143,1986,42981.9152202465,52006.0500777154,0.45249853584524286,Union of Soviet Socialist Republics (USSR)
12144,1987,46730.0173216228,53881.2345459628,0.46446114578838704,Union of Soviet Socialist Republics (USSR)
12145,1988,49020.8222566521,62071.5422185388,0.4412618498870767,Union of Soviet Socialist Republics (USSR)
12146,1989,50238.3947218043,67379.3451961772,0.427132801198502,Union of Soviet Socialist Republics (USSR)
12147,1990,45922.8330313329,58559.3551385962,0.43952786437286634,Union of Soviet Socialist Republics (USSR)
12148,1991,44577.2077999718,48384.5591697488,0.47952195029265565,Union of Soviet Socialist Republics (USSR)
12149,1970,,270.1,,ARE
12150,1971,,311.0,,ARE
12151,1972,,494.7,,ARE
12152,1973,,837.1,,ARE
12153,1974,,1773.9,,ARE
12154,1975,,2745.4,,ARE
12155,1976,8590.7,3419.7,0.715271764470792,ARE
12156,1977,9637.0,5186.1,0.6501339126093731,ARE
12157,1978,9125.4,5376.8,0.6292424597647253,ARE
12158,1979,13651.6,6956.6,0.6624353412719208,ARE
12159,1980,21618.4,8569.9,0.716118496238609,ARE
12160,1981,21238.1,9366.4,0.6939535035697364,ARE
12161,1982,16836.8,9439.7,0.6407550472855974,ARE
12162,1983,14672.1404360965,8356.0,0.6371396108518597,ARE
12163,1984,14191.7936484389,7043.2,0.6683210686753474,ARE
12164,1985,14042.9499783016,6484.0,0.6841225799812425,ARE
12165,1986,12344.4992573853,6431.0,0.6574791481259609,ARE
12166,1987,13494.7853288616,6901.0,0.6616457817765635,ARE
12167,1988,13226.735331089,8526.0,0.608049292641618,ARE
12168,1989,16464.3739130938,9559.0,0.632676376555834,ARE
12169,1990,21835.6945830231,11472.0,0.6555750812652382,ARE
12170,1991,23516.5512241589,13764.7,0.6307876064234605,ARE
12171,1992,22696.7103782925,17414.0,0.5658516182893566,ARE
12172,1993,21227.5119790644,19520.0,0.5209523464885624,ARE
12173,1994,21523.2314078777,21024.0,0.5058667907565105,ARE
12174,1995,24087.1944669616,20973.0,0.5345559368285122,ARE
12175,1996,27689.4550805778,22628.0,0.5502952213349468,ARE
12176,1997,31261.9460659843,22969.5928845102,0.5764532349805139,ARE
12177,1998,25811.6205133642,24728.0,0.5107205050449247,ARE
12178,1999,28097.7787139555,35746.2289842388,0.44010048439910504,ARE
12179,2000,43098.455136,25303.240014,0.6300787581577939,ARE
12180,2001,40960.380193,29560.400012,0.5808270991037032,ARE
12181,2002,39875.674133,30251.600002,0.5686186241352613,ARE
12182,2003,52982.897477,38371.414383,0.579971502146456,ARE
12183,2004,73063.602166,58788.732906,0.5541320305484351,ARE
12184,2005,102087.079641,72001.719528,0.5864080867253099,ARE
12185,2006,121540.512462,85119.240681,0.5881189279167434,ARE
12186,2007,136779.878512,112843.257415,0.5479455179667322,ARE
12187,2008,198755.588486,164795.714121,0.5467057525601974,ARE
12188,2009,123632.253354,131597.216554,0.4843964664369066,ARE
12189,2010,181603.713227,141517.458545,0.5620297556829323,ARE
12190,2011,245069.230656,175152.857589,0.5831897882367347,ARE
12191,2012,282457.802668,268356.454299,0.5128004569513575,ARE
12192,2013,270152.651779,203376.36143,0.5705091858009629,ARE
12193,2014,254607.919132,205989.137899,0.5527779981339825,ARE
12194,2015,185036.82069,200333.15712,0.48015369993671175,ARE
12195,2016,179041.882061,206488.398405,0.4644042015184583,ARE
12196,2017,203049.937077,257715.722128,0.44067940615917456,ARE
12197,2018,238192.2611,244641.131593,0.4933218470484907,ARE
12198,2019,241493.487628,249101.385706,0.4922462519570394,ARE
12199,2020,195744.694878,213780.8824,0.4779791684296236,ARE
12200,2021,290598.168167,286890.795245,0.5032099080301861,ARE
12201,2022,398464.105333,352468.707585,0.5306255080060156,ARE
12202,1948,6327.4,8152.3,0.4369841916614294,GBR
12203,1949,6525.4,8260.2,0.44133481224975646,GBR
12204,1950,6050.0,7058.5,0.4615325933554564,GBR
12205,1951,7206.2,10414.7,0.40895754473381035,GBR
12206,1952,7233.7,9361.4,0.4358937276666004,GBR
12207,1953,7167.4,9094.8,0.44073987529362574,GBR
12208,1954,7285.8,8940.9,0.4490007210338516,GBR
12209,1955,7927.3,10219.8,0.4368356376500929,GBR
12210,1956,8714.5,10229.5,0.46001372466216217,GBR
12211,1957,9114.7,10834.0,0.45690696636873585,GBR
12212,1958,9189.8,10348.8,0.4703407613646832,GBR
12213,1959,9645.6,11017.6,0.4668008827287158,GBR
12214,1960,10340.9,12558.4,0.4515814893905054,GBR
12215,1961,10797.1,12276.9,0.4679336049232903,GBR
12216,1962,11086.2,12536.2,0.4693087916553779,GBR
12217,1963,11935.3,13525.1,0.4687789665519787,GBR
12218,1964,12512.1,15740.8,0.44286073288051847,GBR
12219,1965,13415.4,15945.5,0.45691378670272365,GBR
12220,1966,14618.6,16608.4,0.4681397508566305,GBR
12221,1967,14348.2,17677.0,0.44802842761325457,GBR
12222,1968,15344.2,18958.2,0.4473214702178273,GBR
12223,1969,17514.1,19956.2,0.46741285764992535,GBR
12224,1970,19343.1,21727.1,0.47097652312382216,GBR
12225,1971,22626.0,24301.2,0.48215107656114153,GBR
12226,1972,24742.6,28229.9,0.46708386426919624,GBR
12227,1973,31020.0,39370.3,0.4406857194812353,GBR
12228,1974,39387.2,55017.8,0.4172151898734177,GBR
12229,1975,44536.0,54153.4,0.4512744023167635,GBR
12230,1976,45480.8,55895.3,0.4486343428086107,GBR
12231,1977,55856.6,63163.8,0.46930274137878886,GBR
12232,1978,67844.5,75815.4,0.47225774206998616,GBR
12233,1979,86342.7,99589.9,0.464376338522669,GBR
12234,1980,110060.5,115730.4,0.48744435670348096,GBR
12235,1981,102262.8,102631.8,0.4990995370302585,GBR
12236,1982,96955.1,99566.9,0.4933549424491915,GBR
12237,1983,91631.3,100030.9,0.4780874893432299,GBR
12238,1984,93876.7,104718.9,0.4727028191963971,GBR
12239,1985,101239.7,108953.1,0.4816516074765644,GBR
12240,1986,107051.3,126306.5,0.45874318321478863,GBR
12241,1987,131212.3,154387.9,0.45942649900105115,GBR
12242,1988,146117.996395575,189755.523524342,0.43503875039155876,GBR
12243,1989,154435.175998276,199400.500298647,0.4364601603052626,GBR
12244,1990,185030.134498284,223036.23958666,0.4534314666656844,GBR
12245,1991,184943.767715251,209926.784688484,0.46836556078802105,GBR
12246,1992,189981.814579789,221549.375528219,0.46164621089820074,GBR
12247,1993,180128.938032984,205385.222673326,0.46724337623024104,GBR
12248,1994,203886.905383266,226007.719150956,0.474271818597805,GBR
12249,1995,239348.183211122,262504.233909766,0.47692942196882343,GBR
12250,1996,258238.079348016,283603.005643781,0.47659375876217563,GBR
12251,1997,279550.139300476,302837.601292424,0.4800069091699628,GBR
12252,1998,268181.025468803,309791.518033812,0.46400305426894317,GBR
12253,1999,269494.696695062,321079.836508335,0.4563263086087842,GBR
12254,2000,282846.147171,334971.042132,0.457815276214793,GBR
12255,2001,268578.166961,322843.993061,0.454122596540869,GBR
12256,2002,275803.899535,335342.593969,0.4512893430078968,GBR
12257,2003,305960.045312,383635.285854,0.4436805637803093,GBR
12258,2004,341992.09907,453193.416149,0.4300783811131329,GBR
12259,2005,395250.857881,519813.581102,0.43193773142389913,GBR
12260,2006,453687.854577,613179.927612,0.42525218415174465,GBR
12261,2007,443908.5283,639699.847005,0.40965771252465116,GBR
12262,2008,472917.535686,659919.552372,0.4174629703346958,GBR
12263,2009,355668.24884,519479.988693,0.40640914714358717,GBR
12264,2010,415592.771949,589450.713491,0.41350725413344364,GBR
12265,2011,505530.658951,678601.516019,0.42692080296171975,GBR
12266,2012,472578.806711,695533.804263,0.4045661370926837,GBR
12267,2013,539950.325994,660111.992028,0.44993523909989264,GBR
12268,2014,504587.369887,689776.711159,0.42247366434956124,GBR
12269,2015,459682.506528,625724.791468,0.4235115309955232,GBR
12270,2016,471480.001085,689197.286227,0.40621110298185936,GBR
12271,2017,492987.35547,692494.243459,0.4158540764490817,GBR
12272,2018,548069.359185,727491.062869,0.42966946113180504,GBR
12273,2019,532083.528806,752112.962489,0.41433186620019513,GBR
12274,2020,402877.455113,568020.69087,0.41495336743598454,GBR
12275,2021,454905.147615,679169.388638,0.4011245584598114,GBR
12276,2022,521196.74261,793266.155657,0.39650928397990587,GBR
12277,1948,12478.0,7718.0,0.6178451178451179,USA
12278,1949,11920.0,7164.0,0.624607000628799,USA
12279,1950,10227.0,9145.0,0.5279269048110675,USA
12280,1951,14924.0,11401.8,0.5668963526274605,USA
12281,1952,14953.0,11229.0,0.5711175616835994,USA
12282,1953,15338.0,11469.0,0.5721639870183162,USA
12283,1954,14700.0,10675.0,0.5793103448275863,USA
12284,1955,15419.0,11858.0,0.5652747736187997,USA
12285,1956,18872.0,13348.0,0.5857231533209187,USA
12286,1957,20612.0,13879.0,0.5976051723638051,USA
12287,1958,17843.2,14489.6,0.5518606492478226,USA
12288,1959,17569.0,16782.0,0.5114552705889203,USA
12289,1960,20535.0,16170.7,0.5594498947030025,USA
12290,1961,20959.0,15738.6,0.5711272671782351,USA
12291,1962,21616.0,17522.9,0.5522894102797984,USA
12292,1963,23275.0,18374.9,0.5588248711281419,USA
12293,1964,26484.0,20078.5,0.5687838926174497,USA
12294,1965,27374.8,22912.9,0.5443637310913007,USA
12295,1966,30404.4,27730.3,0.5229991726111944,USA
12296,1967,31561.4,28748.3,0.5233221189957835,USA
12297,1968,34564.6,35359.3,0.4943173936236394,USA
12298,1969,37962.0,38400.9,0.4971262222885721,USA
12299,1970,43218.8,42692.5,0.5030630429291607,USA
12300,1971,44142.6,48743.1,0.4752356928999835,USA
12301,1972,49812.5,59337.0,0.4563694748945254,USA
12302,1973,71428.7,74288.6,0.49018682064518077,USA
12303,1974,98597.7,110107.2,0.47242637810612015,USA
12304,1975,107695.3,105516.0,0.5051106578309874,USA
12305,1976,115105.3,132224.0,0.46539289926426025,USA
12306,1977,121347.5,160441.1,0.4306331058105261,USA
12307,1978,143814.1,186068.2,0.43595579393013806,USA
12308,1979,182065.4,222398.8,0.45013971570289785,USA
12309,1980,220912.8,257080.0,0.46216763097686825,USA
12310,1981,233896.4,273453.2,0.4610162302286234,USA
12311,1982,212441.3,254928.6,0.4545463882034337,USA
12312,1983,200592.6,269918.5,0.42632915567773005,USA
12313,1984,217998.2,341221.1,0.3898259591541279,USA
12314,1985,213221.6,361678.5,0.3708846110828647,USA
12315,1986,217426.1,387116.8,0.3596537152284809,USA
12316,1987,252852.8,424114.9,0.3735079236424426,USA
12317,1988,319109.0,459784.3,0.4096953973028141,USA
12318,1989,363546.255,493332.895,0.4242678270325518,USA
12319,1990,392743.0,517014.2,0.4317008977780006,USA
12320,1991,421587.6,509316.7,0.45287963542546744,USA
12321,1992,447215.0,552607.5,0.44729439475506905,USA
12322,1993,465538.7,603000.3,0.435677780595748,USA
12323,1994,512207.07,689362.4,0.4262816947238182,USA
12324,1995,583021.0,771083.8,0.4305582551660698,USA
12325,1996,622661.8,817846.3,0.43225150903351395,USA
12326,1997,687710.7,898712.6,0.43349760432792434,USA
12327,1998,680522.2,944693.1,0.41872741414629805,USA
12328,1999,690792.5,1048483.0,0.39717255834397713,USA
12329,2000,772146.8,1238248.2,0.3840771589662728,USA
12330,2001,731026.0,1180171.1,0.38249639453722484,USA
12331,2002,693254.8,1202414.8,0.3657044455426199,USA
12332,2003,723792.1,1305311.5,0.3567053451583251,USA
12333,2004,816546.2,1525472.2,0.3486506340001428,USA
12334,2005,904308.3,1732492.6,0.3429566107930257,USA
12335,2006,1036986.2,1919201.8,0.3507849297811912,USA
12336,2007,1162694.9,2017388.2,0.3656177726927954,USA
12337,2008,1300121.4,2165986.7,0.3750954564861955,USA
12338,2009,1056913.0,1603566.4,0.3972641171361823,USA
12339,2010,1276805.2,1967930.9,0.3935004760479597,USA
12340,2011,1480414.589987,2206506.3423,0.40153141799780817,USA
12341,2012,1544408.060598,2275361.518597,0.4043196922164811,USA
12342,2013,1576909.969809,2267908.47352,0.4101389943509653,USA
12343,2014,1619089.971025,2347265.945442,0.4082059212848432,USA
12344,2015,1503337.029419,2241276.242105,0.40146656554661114,USA
12345,2016,1452427.666983,2188916.530216,0.3988712926672075,USA
12346,2017,1547195.40268,2339591.330018,0.3980654224385549,USA
12347,2018,1665786.886956,2536145.273678,0.3964335508702409,USA
12348,2019,1645940.338649,2491699.567726,0.3977969025562241,USA
12349,2020,1429995.404019,2331477.180822,0.38016903533525204,USA
12350,2021,1757821.567908,2828874.700494,0.3832435079727708,USA
12351,2022,2065156.971432,3242529.859066,0.3890879468557933,USA
12352,1948,176.8,200.0,0.4692144373673036,URY
12353,1949,189.8,182.4,0.5099408919935519,URY
12354,1950,252.9,198.0,0.5608782435129741,URY
12355,1951,234.1,368.2,0.38867673916652834,URY
12356,1952,209.7,255.9,0.4503865979381443,URY
12357,1953,268.0,192.1,0.5824820691154097,URY
12358,1954,248.5,273.2,0.4763273912210082,URY
12359,1955,183.2,223.9,0.45001228199459586,URY
12360,1956,210.8,203.0,0.5094248429192847,URY
12361,1957,128.1,224.0,0.36381709741550694,URY
12362,1958,138.8,146.4,0.4866760168302945,URY
12363,1959,98.1,157.3,0.3841033672670321,URY
12364,1960,129.5,239.1,0.35132935431361906,URY
12365,1961,174.3,208.3,0.4555671719811814,URY
12366,1962,153.3,230.0,0.3999478215497,URY
12367,1963,165.3,176.9,0.4830508474576271,URY
12368,1964,179.3,197.1,0.47635494155154096,URY
12369,1965,191.3,149.9,0.5606682297772567,URY
12370,1966,186.2,164.9,0.53033323839362,URY
12371,1967,158.7,171.9,0.4800362976406533,URY
12372,1968,176.7,159.8,0.5251114413075779,URY
12373,1969,200.31,198.737,0.5019709457783168,URY
12374,1970,232.339,233.087,0.499196435093871,URY
12375,1971,205.696,222.178,0.48073965700182764,URY
12376,1972,214.062,186.64,0.5342174483780965,URY
12377,1973,321.496,288.58,0.5269769668041359,URY
12378,1974,382.173,487.259,0.43956629155586635,URY
12379,1975,383.889,559.424,0.4069582418560966,URY
12380,1976,545.03,588.37,0.48088053643903295,URY
12381,1977,607.527,729.797,0.45428557327917546,URY
12382,1978,676.567,715.612,0.48597701875980026,URY
12383,1979,788.859,1194.389,0.39776114737037427,URY
12384,1980,1058.969,1649.284,0.3910155365839159,URY
12385,1981,1182.613,1626.53,0.42098711243963016,URY
12386,1982,1032.282,1109.968,0.4818681293033026,URY
12387,1983,1063.219,624.229,0.6300751193518259,URY
12388,1984,937.751,774.341,0.5477223186604457,URY
12389,1985,858.553,707.721,0.5481499405595701,URY
12390,1986,1088.036,869.944,0.555693112289196,URY
12391,1987,1189.101,1141.894,0.5101259333460605,URY
12392,1988,1446.325,1176.928,0.5513478875274326,URY
12393,1989,1612.61,1197.215,0.5739183045207442,URY
12394,1990,1730.347,1317.139,0.5677948971709796,URY
12395,1991,1587.806,1552.095,0.5056866442604401,URY
12396,1992,1620.144,2009.826,0.4463243497880148,URY
12397,1993,1678.406576,2335.402601,0.418158039404971,URY
12398,1994,1913.759,2784.959,0.4072938618576386,URY
12399,1995,2120.637,2866.939,0.42518389694713427,URY
12400,1996,2397.079,3322.68,0.4190874125990274,URY
12401,1997,2729.551,3715.413,0.42351687301899593,URY
12402,1998,2770.041,3810.501,0.42094420186057624,URY
12403,1999,2237.379445,3578.854646,0.384678369198053,URY
12404,2000,2294.988467,3465.809777,0.3983802885980744,URY
12405,2001,2057.578271,3048.093635,0.4029985296513097,URY
12406,2002,1992.901199,2128.785545,0.4835159299529726,URY
12407,2003,2197.227092,2190.356383,0.5007829718840848,URY
12408,2004,2929.914136,3118.627669,0.4844000802934022,URY
12409,2005,3402.587618,3878.670635,0.46730764103828853,URY
12410,2006,4409.544726,5135.477733,0.4619732164005797,URY
12411,2007,4909.045886,6042.12309,0.44826683770092524,URY
12412,2008,5943.60188,8927.671022,0.3996700160885797,URY
12413,2009,5397.157647,6904.980219,0.43871705111648757,URY
12414,2010,6696.391903,8566.815438,0.4387277033846067,URY
12415,2011,7996.896581,10708.671463,0.4275142333122081,URY
12416,2012,8733.796718,11264.78801,0.4367207398317451,URY
12417,2013,9063.669264,11641.514907,0.4377487874121262,URY
12418,2014,9123.859761,11484.070037,0.4427353863504267,URY
12419,2015,7673.394825,9488.719102,0.4471124511606909,URY
12420,2016,6993.769127,8136.09354,0.4622493462716108,URY
12421,2017,7883.610102,8457.124866,0.48245137794832627,URY
12422,2018,7497.903769,8185.651902,0.47807422795483506,URY
12423,2019,7677.379111,7679.653813,0.4999259394047256,URY
12424,2020,6862.752444,7561.2816,0.4757859294470201,URY
12425,2021,9525.63745,9990.678568,0.4880858375737745,URY
12426,2022,11180.655204,11596.800452,0.49086497512529725,URY
12427,1992,161.564288102689,300.084948110003,0.3499719601577609,UZB
12428,1993,692.756176727169,918.035440814771,0.43007187843720684,UZB
12429,1994,1990.84004075328,2454.92700024444,0.44780574924287875,UZB
12430,1995,2717.87656570498,3029.8670810113,0.4728597398837923,UZB
12431,1996,2619.64934935571,4854.12505794123,0.3505122320521266,UZB
12432,1997,2896.10090416801,4537.85815504213,0.38957719313505623,UZB
12433,1998,2310.317608138,2930.93422847731,0.4407950009190847,UZB
12434,1999,1962.72396811336,2481.2135441269,0.44166326882574,UZB
12435,2000,3625.33537,4375.381766,0.4531263021020269,UZB
12436,2001,3604.144126,4463.367815,0.4467479134035533,UZB
12437,2002,3099.682596,4142.395126,0.4280101256831002,UZB
12438,2003,2947.023857,5111.047405,0.3657232309296497,UZB
12439,2004,3731.300177,5495.03753,0.4044183397025531,UZB
12440,2005,5134.199177,5402.667978,0.48726050176723523,UZB
12441,2006,9437.207269,5549.877878,0.629689307589546,UZB
12442,2007,12513.123076,7787.160013,0.6164014078592044,UZB
12443,2008,9102.486857,11628.196861,0.4390828098494653,UZB
12444,2009,4711.15294,10259.594734,0.31469055805288565,UZB
12445,2010,6900.339431,19651.496746,0.25988181702391194,UZB
12446,2011,7465.100864,23591.881919,0.2403678720550489,UZB
12447,2012,5992.582512,23411.243461,0.20380281523576815,UZB
12448,2013,6331.023607,28021.707222,0.1842946238688965,UZB
12449,2014,5817.41784,29626.913899,0.16412829794161407,UZB
12450,2015,4908.287341,22880.516386,0.17662823449398932,UZB
12451,2016,8974.004175,11328.406939,0.4420166710549845,UZB
12452,2017,10079.209986,12035.209176,0.45577547898338966,UZB
12453,2018,10920.699937,17312.259769,0.3868067694893199,UZB
12454,2019,14023.838907,21868.540615,0.39071911903762685,UZB
12455,2020,13124.230369,19955.143883,0.39674965641789617,UZB
12456,2021,14081.079835,23740.370284,0.37230407059210624,UZB
12457,2022,15349.649063,28172.927206,0.35268245537967285,UZB
12458,1964,9.021,6.746,0.572144352127862,VUT
12459,1965,9.124,7.023,0.5650585248033692,VUT
12460,1966,10.383,8.16,0.5599417569972496,VUT
12461,1967,11.848,9.635,0.5515058418284225,VUT
12462,1968,11.624,10.117,0.5346580194103308,VUT
12463,1969,10.857,11.31,0.48978210853972115,VUT
12464,1970,12.602,14.028,0.4732256853173113,VUT
12465,1971,13.666,19.258,0.4150771473696999,VUT
12466,1972,13.334,25.912,0.3397543698720889,VUT
12467,1973,18.804,30.738,0.37955673973598153,VUT
12468,1974,27.105,44.106,0.3806293971436997,VUT
12469,1975,10.13,33.645,0.23141062250142774,VUT
12470,1976,16.391,,,VUT
12471,1977,36.695,,,VUT
12472,1978,42.325,,,VUT
12473,1979,47.121,,,VUT
12474,1980,35.861,75.192,0.3229178860544064,VUT
12475,1981,32.181,58.201,0.3560554092629063,VUT
12476,1982,22.872,58.852,0.27986882678283004,VUT
12477,1983,21.5244219021835,63.962,0.25178761051448006,VUT
12478,1984,44.2839193821734,58.7201881092782,0.4299238201335666,VUT
12479,1985,43.0916472910205,60.2178594448842,0.41711211922807695,VUT
12480,1986,25.5951360190789,55.6677219915613,0.3149672143665878,VUT
12481,1987,22.0601443115181,67.8202687017805,0.2454388400312992,VUT
12482,1988,33.0175342771217,67.6652488608343,0.3279362493573596,VUT
12483,1989,13.8871842010772,258.802742191927,0.05092664912404139,VUT
12484,1990,24.9035618199122,285.714597180818,0.08017419812166762,VUT
12485,1991,22.6804324514633,108.563220647507,0.17281165158028694,VUT
12486,1992,38.5850537380115,108.643849031315,0.2620752651975225,VUT
12487,1993,46.2794899082896,194.890172065151,0.19189598529762936,VUT
12488,1994,27.832405816235,150.633969698123,0.15595321940068102,VUT
12489,1995,29.0117549056805,151.203791767186,0.1609836412079566,VUT
12490,1996,39.0713041986545,173.894035163008,0.18346320727948476,VUT
12491,1997,61.0192314096087,181.130818410715,0.25198934072028983,VUT
12492,1998,79.6300454984555,141.611306716634,0.3599238781592677,VUT
12493,1999,90.8211025134059,195.562973940953,0.3171304202308891,VUT
12494,2000,19.105191,85.21707,0.18313628191014764,VUT
12495,2001,14.88579,127.510533,0.1045377414696305,VUT
12496,2002,13.970481,87.635977,0.1374959945951467,VUT
12497,2003,14.928133,88.9238,0.14374439231670344,VUT
12498,2004,18.48087,115.604371,0.13782926340118223,VUT
12499,2005,27.650563,169.494106,0.14025518995900416,VUT
12500,2006,23.651585,162.401344,0.12712288447767464,VUT
12501,2007,46.450614,356.481902,0.11528137381694956,VUT
12502,2008,34.146588,517.978926,0.06184569836778093,VUT
12503,2009,37.658305,283.019274,0.11743354529940492,VUT
12504,2010,46.043099,280.319851,0.1410794301252639,VUT
12505,2011,63.348142,285.316505,0.18168788417484724,VUT
12506,2012,38.675994,339.401,0.10229660787030062,VUT
12507,2013,35.827019,358.441002,0.09086970561074238,VUT
12508,2014,56.907997,356.927003,0.1375137361508814,VUT
12509,2015,37.636997,401.155009,0.08577411731607526,VUT
12510,2016,32.666988,441.000999,0.06896600339596098,VUT
12511,2017,59.17599,396.385991,0.129896682488963,VUT
12512,2018,51.524003,372.685,0.12145900401835649,VUT
12513,2019,46.68,341.645,0.12020858816712805,VUT
12514,2020,38.874999,284.221,0.1203202736038833,VUT
12515,2021,45.633,318.584,0.12529069208740945,VUT
12516,2022,60.834582,366.194301,0.14246011083048918,VUT
12517,1948,1042.7,797.5,0.5666231931311814,VEN
12518,1949,,732.7,,VEN
12519,1950,,587.3,,VEN
12520,1951,1352.3,704.7,0.657413709285367,VEN
12521,1952,1460.4,832.5,0.6369226743425357,VEN
12522,1953,1440.0,900.7,0.615200581022771,VEN
12523,1954,1689.6,995.3,0.6292971805281389,VEN
12524,1955,1862.0,1073.0,0.634412265758092,VEN
12525,1956,2106.3,1129.4,0.6509565163643106,VEN
12526,1957,2350.7,1834.8,0.5616294349540079,VEN
12527,1958,1553.7,1570.4,0.49732723024230974,VEN
12528,1959,2350.8,1551.1,0.602475716958405,VEN
12529,1960,2511.8,1167.3,0.6827213177135713,VEN
12530,1961,2404.2,1089.7,0.6881135693637482,VEN
12531,1962,2582.1,1089.5,0.7032628826669571,VEN
12532,1963,2607.5,955.0,0.7319298245614035,VEN
12533,1964,2720.7,1262.7,0.6830094893809309,VEN
12534,1965,2759.4,1453.0,0.6550659956319439,VEN
12535,1966,2693.2,1337.1,0.6682380964196214,VEN
12536,1967,2843.9,1477.4,0.6581121421794367,VEN
12537,1968,2835.7,1714.0,0.6232718640789503,VEN
12538,1969,2869.7,1729.4,0.6239699071557477,VEN
12539,1970,3169.5,1957.8,0.6181616055233748,VEN
12540,1971,,2017.1,,VEN
12541,1972,3126.0,2368.6,0.5689222145379099,VEN
12542,1973,4792.0,2773.5,0.633401625801335,VEN
12543,1974,10998.9,4171.4,0.7250285096537313,VEN
12544,1975,8732.2,5860.1,0.5984114909918244,VEN
12545,1976,9259.9,7106.0,0.5658045081541497,VEN
12546,1977,9507.2,9902.7,0.48981190011282905,VEN
12547,1978,9157.7,11660.6,0.4398870224754182,VEN
12548,1979,14245.3,10572.3,0.5739999032944362,VEN
12549,1980,19260.6,12301.1,0.6102522994642241,VEN
12550,1981,20001.9,13306.4,0.6005079814941021,VEN
12551,1982,16957.0,12815.0,0.5695620045680505,VEN
12552,1983,14755.0,6364.6,0.6986401257599576,VEN
12553,1984,16094.0,7707.7,0.6761701895242777,VEN
12554,1985,14189.0,8034.4,0.6384711610284655,VEN
12555,1986,8412.0,8398.5,0.5004015347550638,VEN
12556,1987,9062.9,9582.0,0.4860793031874668,VEN
12557,1988,10148.185,12623.8376,0.44564267207428465,VEN
12558,1989,12432.647,7569.0406,0.6215799010879463,VEN
12559,1990,18044.425,6682.3242341583,0.7297532251054203,VEN
12560,1991,16337.145,11046.2792,0.5966070890433053,VEN
12561,1992,14065.247,13575.8843,0.5088520743722237,VEN
12562,1993,14692.327,12398.606,0.5423337394839817,VEN
12563,1994,17089.793,8089.785785,0.6787163973600998,VEN
12564,1995,19093.0284,10793.762174,0.6388450560700208,VEN
12565,1996,26599.353591,10471.938852,0.7175189166090872,VEN
12566,1997,26320.104834,14755.123469,0.6407780533767031,VEN
12567,1998,20191.426098,16147.711415,0.5556385616135413,VEN
12568,1999,20823.0,13213.0,0.6117933952285814,VEN
12569,2000,33214.306394,18541.232631,0.641753656124732,VEN
12570,2001,26844.602383,21131.627902,0.5595396350136559,VEN
12571,2002,26606.426768,14902.420399,0.6409820697008518,VEN
12572,2003,27230.201719,8255.735321,0.7673519143176611,VEN
12573,2004,39632.527039,14826.178151,0.727753752145351,VEN
12574,2005,55732.055359,21670.540821,0.7200282433601441,VEN
12575,2006,65562.125531,30388.66205,0.6832890816623426,VEN
12576,2007,70201.092084,52118.9941,0.5739130364770999,VEN
12577,2008,95965.414377,56285.822532,0.630309587792434,VEN
12578,2009,58495.120575,45713.945769,0.5613246776619638,VEN
12579,2010,67948.771747,45947.488689,0.5965847472681636,VEN
12580,2011,86211.72397,57564.38153,0.5996248380089834,VEN
12581,2012,84128.238062,72450.20488,0.5372913185320338,VEN
12582,2013,80750.654707,62865.269976,0.5622681111808386,VEN
12583,2014,68525.958157,52169.434341,0.5677595203821515,VEN
12584,2015,34195.697669,40115.122106,0.4601711806240129,VEN
12585,2016,24534.597256,21104.999262,0.5375726151812865,VEN
12586,2017,30051.918081,14250.147364,0.6783412416359857,VEN
12587,2018,32298.898634,15480.749353,0.6759969986130487,VEN
12588,2019,15251.465275,8130.078355,0.652286500683873,VEN
12589,2020,4825.957909,9410.340259,0.33898966234408245,VEN
12590,2021,2762.08768,10456.364187,0.20895697225297466,VEN
12591,2022,4117.358431,13671.365129,0.23145890243965317,VEN
12592,1955,60.6,261.6,0.1880819366852886,VNM
12593,1956,43.7,216.0,0.16827108201771276,VNM
12594,1957,78.1,287.2,0.21379687927730634,VNM
12595,1958,48.3,226.3,0.1758922068463219,VNM
12596,1959,75.0,224.3,0.25058469762779817,VNM
12597,1960,84.8,239.6,0.26140567200986436,VNM
12598,1961,68.8,252.9,0.21386384830587504,VNM
12599,1962,61.306,265.632,0.1875156757550361,VNM
12600,1963,43.179,199.859,0.17766357524337759,VNM
12601,1964,1.982,126.287,0.015451901862492106,VNM
12602,1965,1.417,161.906,0.00867605909761638,VNM
12603,1966,1.197,235.979,0.005046885013660741,VNM
12604,1967,0.263,118.043,0.0022230487042077325,VNM
12605,1968,0.179,92.242,0.0019367892578526524,VNM
12606,1969,0.157,175.044,0.0008961136066574962,VNM
12607,1970,0.192,257.0,0.0007465239976360074,VNM
12608,1971,1.572,272.0,0.005746202096705804,VNM
12609,1972,2.168,392.385,0.005494825790198022,VNM
12610,1973,12.211,304.515,0.03855382886153963,VNM
12611,1981,141.419265782326,565.697,0.19999436107705035,VNM
12612,1982,179.055454545454,434.694646669536,0.2917400000276869,VNM
12613,1983,204.552611604031,408.016612651414,0.3339257075029472,VNM
12614,1984,249.971491237978,524.796090617186,0.3226406177700759,VNM
12615,1985,692.7,1842.24,0.27326090558356414,VNM
12616,1986,789.054,2155.081,0.2680087699782788,VNM
12617,1987,854.199,2455.098,0.25812098460790917,VNM
12618,1988,1038.434,2756.66,0.27362537001718534,VNM
12619,1989,2472.204,3032.112,0.4491391845962332,VNM
12620,1990,2524.639,2842.105,0.4704228485651635,VNM
12621,1991,2188.867,2482.856,0.4685352706057273,VNM
12622,1992,2917.68,3027.25,0.4907845845115081,VNM
12623,1993,2985.159,3923.955,0.43206104284862,VNM
12624,1994,4054.266,5825.806,0.4103478193276324,VNM
12625,1995,5619.946,8358.518,0.4020431715530404,VNM
12626,1996,7461.479,11284.931,0.3980217545652741,VNM
12627,1997,9484.342,11875.115,0.44403478983571537,VNM
12628,1998,9306.984,11309.806,0.45142740455715946,VNM
12629,1999,11541.366,11742.086,0.49568964258392617,VNM
12630,2000,14482.708986,15646.501076,0.48068664781444415,VNM
12631,2001,15031.836417,16218.499211,0.4810135992117672,VNM
12632,2002,16710.160837,19745.600011,0.45836818237512483,VNM
12633,2003,20156.126174,25260.867318,0.4438014193420886,VNM
12634,2004,26524.697846,31968.820724,0.4534638793229292,VNM
12635,2005,32537.165748,36761.120744,0.4695233806647757,VNM
12636,2006,39892.738669,44891.110651,0.47052285298385876,VNM
12637,2007,48623.901404,62764.120732,0.43652719988718625,VNM
12638,2008,62791.364875,80712.899978,0.4375574826247913,VNM
12639,2009,57515.935808,69948.800005,0.45123018096848405,VNM
12640,2010,70249.104234,83364.782891,0.4573095932195004,VNM
12641,2011,93386.148909,104418.960005,0.47211191572206374,VNM
12642,2012,111290.973719,111640.276925,0.4992165674283194,VNM
12643,2013,128743.059525,129257.589612,0.4990028511774659,VNM
12644,2014,145862.687174,144777.893192,0.5018662121797204,VNM
12645,2015,193329.350294,171632.637564,0.5297246198944447,VNM
12646,2016,213925.068305,182226.249813,0.540008472826232,VNM
12647,2017,254302.982424,220574.33314,0.5355130137601344,VNM
12648,2018,239221.683219,232542.086432,0.5070793872025626,VNM
12649,2019,259384.351525,249012.981156,0.5102000637122812,VNM
12650,2020,277270.837492,258784.442782,0.5172429928314024,VNM
12651,2021,330431.996952,324832.94621,0.5042723563960111,VNM
12652,2022,364262.418391,350869.493139,0.5093639544230003,VNM
12653,2000,7.647528,3770.416396,0.0020241923254446237,PSE
12654,2001,7.647528,2756.795289,0.002766390374570732,PSE
12655,2002,7.647528,1638.248272,0.004646422938803295,PSE
12656,2003,7.647528,2260.713083,0.0033713898764220784,PSE
12657,2004,446.919237,3208.894012,0.12224892426391006,PSE
12658,2005,295.648579,2891.446844,0.09276426958114331,PSE
12659,2006,339.721897,2889.685511,0.10519635774613917,PSE
12660,2007,516.337529,3307.64885,0.13502598540505942,PSE
12661,2008,562.005138,3497.898026,0.13842821252078513,PSE
12662,2009,524.487213,3641.141431,0.12590829808015885,PSE
12663,2010,582.786119,4000.431342,0.12715654972933435,PSE
12664,2011,754.363887,4780.868763,0.13628404345389167,PSE
12665,2012,795.94558,4741.255831,0.14374510170766117,PSE
12666,2013,910.912098,5206.294498,0.1489098142599335,PSE
12667,2014,955.697138,5735.102007,0.14283751720662358,PSE
12668,2015,968.511332,5281.053777,0.154972596509995,PSE
12669,2016,936.924981,5419.913719,0.1473885094803491,PSE
12670,2017,1064.875111,5851.769487,0.1539583386007598,PSE
12671,2018,1155.634031,6537.205355,0.15022204065550993,PSE
12672,2019,1103.808368,6612.176096,0.14305476807917014,PSE
12673,2020,1069.073244,6148.262446,0.14812574749450236,PSE
12674,2021,1357.640024,7826.758514,0.1478202430330991,PSE
12675,2022,1543.274573,9195.114732,0.14371564758612557,PSE
12676,1948,51435.2,57109.04,0.47386392866171434,World
12677,1949,46792.5,52840.98,0.46964634779393427,World
12678,1950,47628.4,52196.85,0.47711776329135164,World
12679,1951,69159.9,72867.66,0.4869470404194791,World
12680,1952,66775.6,73395.05,0.4763878886200499,World
12681,1953,67951.0,70322.88,0.4914232536181092,World
12682,1954,69563.4,72796.14,0.4886458610360781,World
12683,1955,82408.2,88539.91,0.4820655811871802,World
12684,1956,92078.6,98375.62,0.48346841566440485,World
12685,1957,99228.2,107875.67,0.47912286718736835,World
12686,1958,84982.472,92002.931,0.4801665592726876,World
12687,1959,91087.916,98428.755,0.4806327354705381,World
12688,1960,105984.569,113998.875,0.4817842973673964,World
12689,1961,111893.173,119621.455,0.4833093008706128,World
12690,1962,116322.905,125819.143,0.480391183442869,World
12691,1963,127639.803,137902.658,0.48067567996215865,World
12692,1964,147523.225,156393.330272727,0.4854070054446899,World
12693,1965,159921.054,169314.093,0.4857350603579393,World
12694,1966,177538.807,188492.206,0.48503760800181156,World
12695,1967,187616.968,199213.718363636,0.4850105604694264,World
12696,1968,212749.052,225370.998636364,0.4855953332676388,World
12697,1969,242403.09,257518.604727273,0.48488211765292655,World
12698,1970,281556.387,299059.378363636,0.4849272165795619,World
12699,1971,309620.595,333144.077818182,0.4817013256849944,World
12700,1972,372864.881,391872.373818182,0.4875725337699802,World
12701,1973,521668.498,545961.339545455,0.48862300364267375,World
12702,1974,745575.635,795995.560272727,0.48364657907875386,World
12703,1975,771154.467,827581.957272727,0.48235247242258955,World
12704,1976,886129.162,937367.929181818,0.48595041159385405,World
12705,1977,1007904.633,1076711.90036364,0.48349642098141293,World
12706,1978,1176114.337,1248529.77436364,0.4850667904159112,World
12707,1979,1497996.30917308,1562560.72610383,0.4894521787722691,World
12708,1980,1830870.68535431,1916230.05202846,0.4886099450406328,World
12709,1981,1912956.27752884,1997845.48289192,0.4891468283790039,World
12710,1982,1773347.17873336,1860715.29594636,0.48797927693569715,World
12711,1983,1727834.13132901,1805133.22810893,0.4890603154635121,World
12712,1984,1835039.80192321,1917978.6462113,0.4889503814816957,World
12713,1985,1872672.80301426,1972610.03476143,0.48700521704601335,World
12714,1986,2041335.46887527,2143001.30969882,0.4878516182846311,World
12715,1987,2412543.57512346,2504684.87916099,0.49063076844057896,World
12716,1988,2759129.31804409,2868905.21914348,0.4902474033897589,World
12717,1989,2980836.21012408,3103611.73930223,0.48991070922139074,World
12718,1990,3375342.61572265,3507974.6575236,0.4903656887706994,World
12719,1991,3485932.25177839,3625627.93930781,0.49017826723139335,World
12720,1992,3725770.26472199,3869376.56936099,0.49054617983193094,World
12721,1993,3710796.17573035,3781440.84547441,0.49528547551658336,World
12722,1994,4249513.79653328,4309250.80253646,0.4965101852427584,World
12723,1995,5070786.088478,5130169.60482398,0.49708931603413536,World
12724,1996,5293639.82102156,5374050.81689501,0.4962310963730218,World
12725,1997,5526904.82804595,5593231.49044871,0.4970177226023549,World
12726,1998,5395920.88858263,5520708.05277422,0.4942845376140412,World
12727,1999,5663375.11575066,5816461.91336771,0.49333236189552393,World
12728,2000,6458360.848254,6576219.228887,0.4954790112172585,World
12729,2001,6208947.887257,6344904.87021,0.49458504948323,World
12730,2002,6511837.088764,6597196.932878,0.49674423592260586,World
12731,2003,7624130.419411,7713457.885568,0.49708795592955113,World
12732,2004,9208653.135088,9383336.605275,0.4953021846336392,World
12733,2005,10500756.163833,10647550.979738,0.49652939559397247,World
12734,2006,12109174.248046,12287069.012786,0.4963540541296043,World
12735,2007,13999212.849267,14232672.821489,0.4958653138698449,World
12736,2008,16253333.551448,16523502.473683,0.4958786607403495,World
12737,2009,12402213.4586,12713983.948959,0.4937934376510122,World
12738,2010,15226702.881597,15452058.55918,0.4963271711927153,World
12739,2011,18207764.119225,18345191.375491,0.49812016218105987,World
12740,2012,18358075.803012,18642643.890156,0.49615456010715725,World
12741,2013,18723941.825013,18788748.900781,0.4991361979837474,World
12742,2014,18819352.556639,18903484.887501,0.49888486210791294,World
12743,2015,16443496.871229,16534875.138138,0.4986145728042148,World
12744,2016,15995941.908986,16180701.812916,0.4971289748936084,World
12745,2017,17648712.221991,17967292.186401,0.4955275729310201,World
12746,2018,19368095.3126867,19789879.747696,0.4946143226972424,World
12747,2019,18842752.122409,19274079.65648,0.49434203324435416,World
12748,2020,17402615.751458,17659722.4738492,0.4963335770601057,World
12749,2021,22094548.220056,22422541.105373,0.4963161014086152,World
12750,2022,24710998.1960138,25433149.1095502,0.4927992502381602,World
12751,1970,2.8,31.727,0.08109595389115763,YEM
12752,1971,3.971,34.204,0.10402095612311724,YEM
12753,1972,4.371,80.804,0.05131787496331084,YEM
12754,1973,7.797,122.278,0.0599423409571401,YEM
12755,1974,13.302,189.839,0.06548161129461802,YEM
12756,1975,10.894,293.92,0.03573982822311311,YEM
12757,1976,7.66,412.443,0.018233623658959825,YEM
12758,1977,11.094,1039.976,0.010554958280609282,YEM
12759,1978,6.862,1283.301,0.005318707791186075,YEM
12760,1979,13.519,1491.932,0.00898003322592366,YEM
12761,1980,22.605,1852.985,0.012052207572017339,YEM
12762,1981,47.472,1759.14658942659,0.026276714010270055,YEM
12763,1982,39.444,1521.0520551279,0.025276577835864587,YEM
12764,1983,26.767,1617.60366079146,0.016277960096366985,YEM
12765,1984,64.8234923959506,1555.93648722913,0.0399957385491131,YEM
12766,1985,66.7084729344768,1313.4607062019,0.04833354775841233,YEM
12767,1986,44.9748893478171,1159.17198927985,0.03735000284938141,YEM
12768,1987,30.7776309427881,883.943110394843,0.033647024224880695,YEM
12769,1988,637.399352113867,1383.97107282961,0.3153303047518816,YEM
12770,1989,1000.09061069804,1303.8397294241,0.434080229459117,YEM
12771,1957,182.7,206.8,0.46906290115532734,YEM
12772,1958,156.7,186.9,0.4560535506402793,YEM
12773,1959,149.1,192.3,0.4367311072056239,YEM
12774,1960,155.4,208.0,0.42762795817281235,YEM
12775,1961,169.2,223.6,0.43075356415478616,YEM
12776,1962,172.4,232.5,0.42578414423314404,YEM
12777,1963,188.5,269.6,0.4114822091246452,YEM
12778,1964,198.1,293.7,0.4028060187067914,YEM
12779,1965,175.4,295.6,0.3723991507430998,YEM
12780,1966,187.1,288.1,0.3937289562289562,YEM
12781,1967,108.05,194.64,0.356965872675014,YEM
12782,1968,109.9,202.79,0.3514663084844415,YEM
12783,1969,143.24,218.26,0.39623789764868605,YEM
12784,1970,145.71,201.04,0.4202162941600577,YEM
12785,1971,104.7,155.74,0.4020119797266165,YEM
12786,1981,179.217272727273,1334.41043740262,0.11840247871247903,YEM
12787,1982,385.028151015108,908.82336453072,0.29758295012135055,YEM
12788,1983,299.038776762932,838.66112778492,0.2628450398629302,YEM
12789,1984,294.974277514738,877.729712387067,0.25153344753217505,YEM
12790,1985,259.345228453196,739.648012625591,0.25960658970338557,YEM
12791,1986,290.17,483.06,0.37526997141859475,YEM
12792,1987,78.0552636404773,640.393798177126,0.10864411659610969,YEM
12793,1988,193.200684842443,629.248227273737,0.23490904054494177,YEM
12794,1989,199.744617296386,687.608441402443,0.2251016270674513,YEM
12795,1990,1561.26573199983,2384.62864479191,0.3956684044009402,YEM
12796,1991,506.478608535107,2037.4810990841,0.19909065659263162,YEM
12797,1992,329.658242298085,2611.27810158201,0.11209295399544543,YEM
12798,1993,374.238551207327,2862.30432972523,0.11562910332876426,YEM
12799,1994,933.866028309742,2093.57185678601,0.3084674446690442,YEM
12800,1995,1945.04245004949,1587.14861404522,0.5506617322661731,YEM
12801,1996,2412.86507196692,1852.25510976216,0.5657203007556857,YEM
12802,1997,2479.7992800048,1839.42536197266,0.5741306566702397,YEM
12803,1998,1497.48159550589,2167.40050534166,0.408602938457305,YEM
12804,1999,2440.36899744196,2008.43022979525,0.5485455451666844,YEM
12805,2000,4139.829406,2381.133063,0.6348494452590906,YEM
12806,2001,3373.402609,2523.14091,0.5720983145685488,YEM
12807,2002,2386.487029,3582.719623,0.39979970004898396,YEM
12808,2003,3429.59534,3325.172404,0.5077295726483531,YEM
12809,2004,4078.413181,4041.814014,0.502253580233724,YEM
12810,2005,5610.772749,4857.259866,0.5359911413497254,YEM
12811,2006,7031.39123,6243.129585,0.5296907758850804,YEM
12812,2007,6494.344193,8891.116827,0.422109170765687,YEM
12813,2008,7564.702918,11036.431957,0.4066796444859389,YEM
12814,2009,6313.029772,9571.169548,0.39744085583534466,YEM
12815,2010,6662.610763,9440.52819,0.41374608903556415,YEM
12816,2011,7341.264834,10385.953958,0.4141238916345406,YEM
12817,2012,7153.261472,11508.077499,0.3833198401849018,YEM
12818,2013,7317.635725,13364.153691,0.3538202414602905,YEM
12819,2014,2580.002913,12247.336833,0.174003088699442,YEM
12820,2015,395.590684,3975.675978,0.09049795278767186,YEM
12821,2016,207.068699,3090.813981,0.06278837638942329,YEM
12822,2017,198.791802,2880.013247,0.0645678433145898,YEM
12823,2018,133.715933,3045.239086,0.042062857826174235,YEM
12824,2019,134.821817,4640.686027,0.028231932896810464,YEM
12825,2020,164.905552,4689.186967,0.03397247814179951,YEM
12826,2021,77.47776,5130.269381,0.014877404355911682,YEM
12827,2022,95.890374,5413.407582,0.0174051893300795,YEM
12828,1948,301.7,312.9,0.49088838268792717,"Yugoslavia, Socialist Federal Republic of"
12829,1949,190.2,289.8,0.39625,"Yugoslavia, Socialist Federal Republic of"
12830,1950,156.6,231.8,0.4031925849639547,"Yugoslavia, Socialist Federal Republic of"
12831,1951,181.2,379.3,0.3232827832292596,"Yugoslavia, Socialist Federal Republic of"
12832,1952,244.7,367.7,0.39957544088830826,"Yugoslavia, Socialist Federal Republic of"
12833,1953,184.3,392.0,0.3197987159465557,"Yugoslavia, Socialist Federal Republic of"
12834,1954,238.5,334.8,0.4160125588697018,"Yugoslavia, Socialist Federal Republic of"
12835,1955,255.5,434.1,0.3705046403712297,"Yugoslavia, Socialist Federal Republic of"
12836,1956,322.4,466.9,0.4084631952362853,"Yugoslavia, Socialist Federal Republic of"
12837,1957,393.6,648.8,0.3775901765157329,"Yugoslavia, Socialist Federal Republic of"
12838,1958,436.6,674.6,0.3929085673146148,"Yugoslavia, Socialist Federal Republic of"
12839,1959,476.4,678.1,0.41264616717193586,"Yugoslavia, Socialist Federal Republic of"
12840,1960,565.4,822.6,0.4073487031700288,"Yugoslavia, Socialist Federal Republic of"
12841,1961,553.2,882.3,0.3853709508881923,"Yugoslavia, Socialist Federal Republic of"
12842,1962,687.0,867.0,0.4420849420849421,"Yugoslavia, Socialist Federal Republic of"
12843,1963,785.5,1036.4,0.43114331192710903,"Yugoslavia, Socialist Federal Republic of"
12844,1964,887.3,1292.6,0.4070370200467912,"Yugoslavia, Socialist Federal Republic of"
12845,1965,1090.0,1264.6,0.4629236388346216,"Yugoslavia, Socialist Federal Republic of"
12846,1966,1221.5,1551.2,0.4405453168391821,"Yugoslavia, Socialist Federal Republic of"
12847,1967,1250.8,1688.3,0.42557245415263173,"Yugoslavia, Socialist Federal Republic of"
12848,1968,1256.7,1772.2,0.4149031001353627,"Yugoslavia, Socialist Federal Republic of"
12849,1969,1472.44,2107.51,0.41130183382449476,"Yugoslavia, Socialist Federal Republic of"
12850,1970,1682.91,2864.08,0.37011517509385333,"Yugoslavia, Socialist Federal Republic of"
12851,1971,1819.68,3242.82,0.35944296296296296,"Yugoslavia, Socialist Federal Republic of"
12852,1972,2237.54,3219.77,0.4100078610157752,"Yugoslavia, Socialist Federal Republic of"
12853,1973,2853.26,4513.1,0.38733648640576895,"Yugoslavia, Socialist Federal Republic of"
12854,1974,3805.1,7544.15,0.3352732559420226,"Yugoslavia, Socialist Federal Republic of"
12855,1975,4072.51,7696.82,0.3460273439524595,"Yugoslavia, Socialist Federal Republic of"
12856,1976,4865.95,7367.0,0.39777404469077365,"Yugoslavia, Socialist Federal Republic of"
12857,1977,5254.22,9634.25,0.35290530188797103,"Yugoslavia, Socialist Federal Republic of"
12858,1978,5668.22,9988.47,0.3620318215408238,"Yugoslavia, Socialist Federal Republic of"
12859,1979,6491.66,12861.35,0.3354341262676968,"Yugoslavia, Socialist Federal Republic of"
12860,1980,8976.56,15101.19,0.37281556623853973,"Yugoslavia, Socialist Federal Republic of"
12861,1981,10928.9,15817.27,0.40861551392218026,"Yugoslavia, Socialist Federal Republic of"
12862,1982,10245.81,13338.39,0.4344353423054418,"Yugoslavia, Socialist Federal Republic of"
12863,1983,9908.8,12149.12,0.4492173332753043,"Yugoslavia, Socialist Federal Republic of"
12864,1984,10242.51,11992.48,0.4606482845281244,"Yugoslavia, Socialist Federal Republic of"
12865,1985,10641.42,12163.34,0.4666315278038444,"Yugoslavia, Socialist Federal Republic of"
12866,1986,10310.7,11762.45,0.46711502436217756,"Yugoslavia, Socialist Federal Republic of"
12867,1987,11432.77,12603.54,0.4756458042020593,"Yugoslavia, Socialist Federal Republic of"
12868,1988,12601.13,13155.46,0.4892390646432622,"Yugoslavia, Socialist Federal Republic of"
12869,1989,13598.884,14832.644,0.478302960009747,"Yugoslavia, Socialist Federal Republic of"
12870,1990,14355.995,19226.908,0.4274792742009231,"Yugoslavia, Socialist Federal Republic of"
12871,1991,15958.9741108631,16939.3545997186,0.4850998435592237,"Yugoslavia, Socialist Federal Republic of"
12872,1992,10840.3659431962,12467.3421000005,0.46509789478680214,"Yugoslavia, Socialist Federal Republic of"
12873,1948,114.8,62.2,0.6485875706214689,ZMB
12874,1949,122.5,76.5,0.6155778894472361,ZMB
12875,1950,139.2,73.1,0.6556759302873293,ZMB
12876,1951,186.9,97.6,0.6569420035149385,ZMB
12877,1952,230.7,117.6,0.6623600344530578,ZMB
12878,1953,264.6,143.6,0.6482116609505144,ZMB
12879,1964,467.4,217.147272727273,0.6827870311101429,ZMB
12880,1965,531.8,293.6,0.6442936757935546,ZMB
12881,1966,690.2,342.7,0.6682157033594733,ZMB
12882,1967,657.525,423.646363636364,0.6081598367427244,ZMB
12883,1968,760.7,458.163636363636,0.6241059108707815,ZMB
12884,1969,1073.08,436.512727272727,0.7108407324793202,ZMB
12885,1970,1000.949,476.996363636364,0.677257106133644,ZMB
12886,1971,679.247,558.991818181818,0.5485589613459059,ZMB
12887,1972,758.447,565.421818181818,0.5729019292422342,ZMB
12888,1973,1136.364,530.874545454546,0.6815845297591704,ZMB
12889,1974,1406.592,787.357272727273,0.6411233010193903,ZMB
12890,1975,811.495,928.737272727273,0.46631418846648204,ZMB
12891,1976,1043.749,654.838181818182,0.6144806761597967,ZMB
12892,1977,897.25,671.616363636364,0.5719097692427594,ZMB
12893,1978,812.964,607.826363636364,0.5721913808025161,ZMB
12894,1979,1375.664,752.983636363636,0.6462619629945159,ZMB
12895,1980,1298.937,1111.59090909091,0.538859971337097,ZMB
12896,1981,651.093,854.564545454546,0.4324310013027831,ZMB
12897,1982,958.443,999.19,0.4895927888424439,ZMB
12898,1983,835.525429947699,708.799282107,0.5410296315442923,ZMB
12899,1984,660.757935482256,598.577195954238,0.5246879238003509,ZMB
12900,1985,477.951043415482,677.842402463979,0.4135263486044443,ZMB
12901,1986,656.059619920655,577.096531525768,0.5320166624081905,ZMB
12902,1987,709.905745852581,695.910751380721,0.5049775324515692,ZMB
12903,1988,870.783720107307,879.84309265941,0.49741253461730506,ZMB
12904,1989,662.965661796399,1274.99470181616,0.34209454137677114,ZMB
12905,1990,543.609994021504,1217.98917267566,0.30858892550495615,ZMB
12906,1991,1076.85106871228,810.028422931467,0.5707047394818976,ZMB
12907,1992,751.829728688965,836.80169618634,0.4732562361014467,ZMB
12908,1993,891.374642196647,701.628350541269,0.5595561629577539,ZMB
12909,1994,757.611031295809,455.549117528867,0.6244938329286464,ZMB
12910,1995,986.015562215713,782.293976596987,0.5576034854608971,ZMB
12911,1996,1039.06854254157,834.292455377356,0.5546547321609917,ZMB
12912,1997,1055.44133784964,697.108971298918,0.6022316919178231,ZMB
12913,1998,1020.92685499062,1087.47145728529,0.4842191577589439,ZMB
12914,1999,524.789453223401,876.125903530925,0.37460468306896544,ZMB
12915,2000,757.40986,1100.448216,0.40767907397464737,ZMB
12916,2001,979.552332,1080.150401,0.475579468971846,ZMB
12917,2002,875.225232,1071.935211,0.4494879891107155,ZMB
12918,2003,947.573864,1546.965039,0.3798593250481771,ZMB
12919,2004,1574.90446,2150.964622,0.42269452450932893,ZMB
12920,2005,2176.640527,2579.68202,0.45763097550499243,ZMB
12921,2006,3683.997787,3027.469223,0.5489109581423689,ZMB
12922,2007,4615.541954,4006.236413,0.5353352588679458,ZMB
12923,2008,5092.698228,5110.400757,0.49913249253849123,ZMB
12924,2009,4222.661516,3820.686419,0.5249880460380706,ZMB
12925,2010,7188.896604,5316.27809,0.574873744662619,ZMB
12926,2011,8822.848126,7268.801723,0.5482873545466991,ZMB
12927,2012,9362.267507,8790.479689,0.5157493466918879,ZMB
12928,2013,10585.006681,10185.384049,0.5096200075673781,ZMB
12929,2014,9693.099463,9706.910899,0.4996440353447683,ZMB
12930,2015,7039.254441,8481.871825,0.45352729694751137,ZMB
12931,2016,6507.521475,7556.211384,0.4627165163220198,ZMB
12932,2017,8157.558016,8774.069192,0.48179409549872715,ZMB
12933,2018,9052.148021,9461.923257,0.48893341097571197,ZMB
12934,2019,7047.068107,7224.05108,0.4937992609170688,ZMB
12935,2020,7816.242421,5318.172329,0.5950963609551008,ZMB
12936,2021,11141.094532,7095.814242,0.6109091551679875,ZMB
12937,2022,11646.598892,9042.527571,0.5629333318073401,ZMB
12938,1948,116.0,187.88,0.3817296301171515,ZWE
12939,1949,127.6,220.22,0.36685641998734975,ZWE
12940,1950,133.2,178.53,0.42729284958136843,ZWE
12941,1951,142.8,260.81,0.3538068927925473,ZWE
12942,1952,150.2,268.73,0.35853245172224474,ZWE
12943,1953,162.0,236.61,0.40641228268232105,ZWE
12944,1964,332.1,336.82,0.4964719248938587,ZWE
12945,1965,435.5,366.41,0.5430784003192378,ZWE
12946,1966,196.629,97.98,0.6674236021302812,ZWE
12947,1981,1320.721,1612.336,0.4502882146511302,ZWE
12948,1982,1073.137,1564.067,0.40692225554033745,ZWE
12949,1983,1022.715,1168.126,0.46681388562656995,ZWE
12950,1984,1010.764,1049.841,0.4905180760019509,ZWE
12951,1985,954.765,982.867,0.4927483650146158,ZWE
12952,1986,996.213,1085.462,0.47856317628832545,ZWE
12953,1987,1135.763,1152.128,0.4964235621364829,ZWE
12954,1988,1393.2539148094,939.725270811872,0.5971994621282387,ZWE
12955,1989,1339.94154322056,1529.05215521898,0.4670423444810496,ZWE
12956,1990,1491.14655458557,1848.98531329974,0.44643343842877625,ZWE
12957,1991,1287.09830354492,2042.73661965414,0.38653516862883125,ZWE
12958,1992,1257.60151005938,2203.06433452369,0.36339871184843964,ZWE
12959,1993,1327.32325025737,1813.50139819817,0.4226034238842541,ZWE
12960,1994,1970.78879520027,2240.30600964299,0.46799915141630827,ZWE
12961,1995,1896.289,2726.181,0.41023284088376993,ZWE
12962,1996,2237.28311921884,4123.59520902212,0.35172550138017483,ZWE
12963,1997,2146.2593553779,3278.19119209071,0.39566391777310606,ZWE
12964,1998,1730.98632746611,2621.1631322311,0.3977313609047193,ZWE
12965,1999,1897.71883149474,2126.69644918393,0.471551442666899,ZWE
12966,2000,3268.698702,2606.936765,0.5563140736620514,ZWE
12967,2001,2146.490728,578.316742,0.7877586771295808,ZWE
12968,2002,2008.247842,551.36499,0.7845904727828775,ZWE
12969,2003,3341.849138,591.218385,0.8496800826472869,ZWE
12970,2004,1794.057586,598.024054,0.7499984766406217,ZWE
12971,2005,1393.408794,3541.994315,0.2823292775131248,ZWE
12972,2006,1062.5247,3364.454262,0.24001123771321864,ZWE
12973,2007,3042.670137,3885.98656,0.43914286275973646,ZWE
12974,2008,1333.202556,5795.574928,0.1870169968121844,ZWE
12975,2009,1860.132236,4977.247056,0.2720533930560832,ZWE
12976,2010,2743.544693,6690.616446,0.29080960697803065,ZWE
12977,2011,3260.11923,7731.917489,0.2965891866395247,ZWE
12978,2012,4250.887131,7764.049565,0.353800210401042,ZWE
12979,2013,4165.479882,7806.164708,0.347945501612991,ZWE
12980,2014,3972.081218,7555.551432,0.3445704194954547,ZWE
12981,2015,3503.418318,6684.153557,0.3438913963981236,ZWE
12982,2016,3424.914438,6375.275995,0.3494742741393421,ZWE
12983,2017,3036.163284,6893.304065,0.3057730266171602,ZWE
12984,2018,3531.595547,7542.572349,0.31890391947873714,ZWE
12985,2019,3642.864845,6268.184894,0.3675559038580262,ZWE
12986,2020,4394.811685,7021.975998,0.3849429285213064,ZWE
12987,2021,6036.187305,9112.979255,0.39845012470441804,ZWE
12988,2022,6585.479341,9758.189551,0.40293763808587074,ZWE
