,year,v2x_regime,v2x_polyarchy,v2x_liberal,country
161,1950,1.0,0.197,0.262,MEX
162,1951,1.0,0.197,0.262,MEX
163,1952,1.0,0.197,0.262,MEX
164,1953,1.0,0.196,0.267,MEX
165,1954,1.0,0.23,0.27,MEX
166,1955,1.0,0.232,0.27,MEX
167,1956,1.0,0.233,0.27,MEX
168,1957,1.0,0.233,0.27,MEX
169,1958,1.0,0.232,0.268,MEX
170,1959,1.0,0.232,0.266,MEX
171,1960,1.0,0.231,0.269,MEX
172,1961,1.0,0.232,0.269,MEX
173,1962,1.0,0.232,0.269,MEX
174,1963,1.0,0.232,0.269,MEX
175,1964,1.0,0.231,0.267,MEX
176,1965,1.0,0.231,0.267,MEX
177,1966,1.0,0.231,0.267,MEX
178,1967,1.0,0.236,0.267,MEX
179,1968,1.0,0.236,0.267,MEX
180,1969,1.0,0.241,0.267,MEX
181,1970,1.0,0.248,0.264,MEX
182,1971,1.0,0.246,0.264,MEX
183,1972,1.0,0.249,0.264,MEX
184,1973,1.0,0.249,0.264,MEX
185,1974,1.0,0.249,0.264,MEX
186,1975,1.0,0.249,0.262,MEX
187,1976,1.0,0.261,0.262,MEX
188,1977,1.0,0.273,0.278,MEX
189,1978,1.0,0.296,0.278,MEX
190,1979,1.0,0.296,0.278,MEX
191,1980,1.0,0.299,0.278,MEX
192,1981,1.0,0.304,0.279,MEX
193,1982,1.0,0.313,0.289,MEX
194,1983,1.0,0.319,0.301,MEX
195,1984,1.0,0.319,0.301,MEX
196,1985,1.0,0.322,0.301,MEX
197,1986,1.0,0.325,0.301,MEX
198,1987,1.0,0.329,0.307,MEX
199,1988,1.0,0.343,0.326,MEX
200,1989,1.0,0.367,0.347,MEX
201,1990,1.0,0.389,0.362,MEX
202,1991,1.0,0.412,0.365,MEX
203,1992,1.0,0.437,0.372,MEX
204,1993,1.0,0.447,0.372,MEX
205,1994,1.0,0.47,0.456,MEX
206,1995,1.0,0.48,0.485,MEX
207,1996,2.0,0.508,0.485,MEX
208,1997,2.0,0.556,0.562,MEX
209,1998,2.0,0.598,0.567,MEX
210,1999,2.0,0.602,0.567,MEX
211,2000,2.0,0.664,0.687,MEX
212,2001,2.0,0.677,0.685,MEX
213,2002,2.0,0.688,0.685,MEX
214,2003,2.0,0.699,0.679,MEX
215,2004,2.0,0.71,0.679,MEX
216,2005,2.0,0.71,0.679,MEX
217,2006,2.0,0.671,0.673,MEX
218,2007,2.0,0.637,0.67,MEX
219,2008,2.0,0.642,0.67,MEX
220,2009,2.0,0.648,0.67,MEX
221,2010,2.0,0.661,0.674,MEX
222,2011,2.0,0.66,0.674,MEX
223,2012,2.0,0.649,0.67,MEX
224,2013,2.0,0.623,0.633,MEX
225,2014,2.0,0.62,0.633,MEX
226,2015,2.0,0.639,0.629,MEX
227,2016,2.0,0.64,0.624,MEX
228,2017,2.0,0.635,0.648,MEX
229,2018,2.0,0.675,0.62,MEX
230,2019,2.0,0.685,0.567,MEX
231,2020,2.0,0.663,0.544,MEX
232,2021,2.0,0.618,0.523,MEX
233,2022,2.0,0.586,0.488,MEX
234,2023,2.0,0.549,0.473,MEX
286,1950,2.0,0.502,0.788,SUR
287,1951,2.0,0.502,0.788,SUR
288,1952,2.0,0.502,0.788,SUR
289,1953,2.0,0.502,0.788,SUR
290,1954,2.0,0.502,0.788,SUR
291,1955,2.0,0.525,0.798,SUR
292,1956,2.0,0.525,0.798,SUR
293,1957,2.0,0.526,0.798,SUR
294,1958,2.0,0.526,0.798,SUR
295,1959,2.0,0.526,0.798,SUR
296,1960,2.0,0.526,0.798,SUR
297,1961,2.0,0.526,0.798,SUR
298,1962,2.0,0.526,0.798,SUR
299,1963,2.0,0.527,0.8,SUR
300,1964,2.0,0.527,0.8,SUR
301,1965,2.0,0.527,0.8,SUR
302,1966,2.0,0.527,0.8,SUR
303,1967,2.0,0.527,0.8,SUR
304,1968,2.0,0.527,0.8,SUR
305,1969,2.0,0.526,0.8,SUR
306,1970,2.0,0.527,0.803,SUR
307,1971,2.0,0.527,0.803,SUR
308,1972,2.0,0.527,0.803,SUR
309,1973,2.0,0.524,0.803,SUR
310,1974,2.0,0.528,0.806,SUR
311,1975,1.0,0.371,0.82,SUR
312,1976,2.0,0.731,0.849,SUR
313,1977,2.0,0.732,0.839,SUR
314,1978,2.0,0.742,0.851,SUR
315,1979,2.0,0.742,0.851,SUR
316,1980,0.0,0.221,0.493,SUR
317,1981,0.0,0.174,0.458,SUR
318,1982,0.0,0.167,0.46,SUR
319,1983,0.0,0.163,0.46,SUR
320,1984,0.0,0.163,0.46,SUR
321,1985,0.0,0.172,0.614,SUR
322,1986,0.0,0.171,0.614,SUR
323,1987,0.0,0.194,0.721,SUR
324,1988,2.0,0.623,0.738,SUR
325,1989,2.0,0.731,0.773,SUR
326,1990,2.0,0.731,0.73,SUR
327,1991,1.0,0.451,0.721,SUR
328,1992,2.0,0.755,0.827,SUR
329,1993,2.0,0.757,0.844,SUR
330,1994,2.0,0.757,0.846,SUR
331,1995,2.0,0.757,0.846,SUR
332,1996,2.0,0.768,0.851,SUR
333,1997,2.0,0.773,0.851,SUR
334,1998,2.0,0.773,0.851,SUR
335,1999,2.0,0.773,0.851,SUR
336,2000,2.0,0.784,0.851,SUR
337,2001,2.0,0.779,0.852,SUR
338,2002,2.0,0.779,0.852,SUR
339,2003,2.0,0.779,0.852,SUR
340,2004,2.0,0.779,0.852,SUR
341,2005,2.0,0.776,0.852,SUR
342,2006,2.0,0.774,0.852,SUR
343,2007,2.0,0.771,0.852,SUR
344,2008,2.0,0.772,0.852,SUR
345,2009,2.0,0.772,0.852,SUR
346,2010,2.0,0.762,0.833,SUR
347,2011,2.0,0.753,0.833,SUR
348,2012,2.0,0.753,0.831,SUR
349,2013,2.0,0.755,0.833,SUR
350,2014,2.0,0.755,0.833,SUR
351,2015,2.0,0.762,0.833,SUR
352,2016,2.0,0.767,0.813,SUR
353,2017,2.0,0.757,0.829,SUR
354,2018,2.0,0.76,0.804,SUR
355,2019,2.0,0.756,0.763,SUR
356,2020,2.0,0.76,0.839,SUR
357,2021,2.0,0.764,0.841,SUR
358,2022,2.0,0.78,0.838,SUR
359,2023,3.0,0.768,0.825,SUR
522,1950,3.0,0.769,0.956,SWE
523,1951,3.0,0.769,0.957,SWE
524,1952,3.0,0.77,0.959,SWE
525,1953,3.0,0.773,0.959,SWE
526,1954,3.0,0.773,0.959,SWE
527,1955,3.0,0.773,0.959,SWE
528,1956,3.0,0.772,0.959,SWE
529,1957,3.0,0.772,0.959,SWE
530,1958,3.0,0.772,0.959,SWE
531,1959,3.0,0.772,0.959,SWE
532,1960,3.0,0.776,0.962,SWE
533,1961,3.0,0.775,0.963,SWE
534,1962,3.0,0.775,0.964,SWE
535,1963,3.0,0.775,0.964,SWE
536,1964,3.0,0.776,0.964,SWE
537,1965,3.0,0.778,0.964,SWE
538,1966,3.0,0.776,0.964,SWE
539,1967,3.0,0.776,0.964,SWE
540,1968,3.0,0.776,0.964,SWE
541,1969,3.0,0.776,0.964,SWE
542,1970,3.0,0.776,0.965,SWE
543,1971,3.0,0.895,0.966,SWE
544,1972,3.0,0.895,0.971,SWE
545,1973,3.0,0.896,0.973,SWE
546,1974,3.0,0.901,0.973,SWE
547,1975,3.0,0.906,0.973,SWE
548,1976,3.0,0.908,0.973,SWE
549,1977,3.0,0.909,0.973,SWE
550,1978,3.0,0.909,0.973,SWE
551,1979,3.0,0.909,0.973,SWE
552,1980,3.0,0.911,0.973,SWE
553,1981,3.0,0.911,0.973,SWE
554,1982,3.0,0.91,0.974,SWE
555,1983,3.0,0.908,0.974,SWE
556,1984,3.0,0.908,0.974,SWE
557,1985,3.0,0.909,0.974,SWE
558,1986,3.0,0.907,0.974,SWE
559,1987,3.0,0.907,0.974,SWE
560,1988,3.0,0.908,0.974,SWE
561,1989,3.0,0.91,0.974,SWE
562,1990,3.0,0.912,0.974,SWE
563,1991,3.0,0.912,0.974,SWE
564,1992,3.0,0.912,0.974,SWE
565,1993,3.0,0.912,0.974,SWE
566,1994,3.0,0.912,0.974,SWE
567,1995,3.0,0.912,0.974,SWE
568,1996,3.0,0.912,0.974,SWE
569,1997,3.0,0.912,0.974,SWE
570,1998,3.0,0.912,0.974,SWE
571,1999,3.0,0.911,0.974,SWE
572,2000,3.0,0.911,0.974,SWE
573,2001,3.0,0.911,0.974,SWE
574,2002,3.0,0.91,0.974,SWE
575,2003,3.0,0.909,0.974,SWE
576,2004,3.0,0.909,0.974,SWE
577,2005,3.0,0.909,0.974,SWE
578,2006,3.0,0.911,0.974,SWE
579,2007,3.0,0.915,0.974,SWE
580,2008,3.0,0.915,0.974,SWE
581,2009,3.0,0.915,0.974,SWE
582,2010,3.0,0.915,0.976,SWE
583,2011,3.0,0.917,0.976,SWE
584,2012,3.0,0.918,0.978,SWE
585,2013,3.0,0.918,0.977,SWE
586,2014,3.0,0.916,0.977,SWE
587,2015,3.0,0.916,0.975,SWE
588,2016,3.0,0.917,0.975,SWE
589,2017,3.0,0.917,0.974,SWE
590,2018,3.0,0.91,0.978,SWE
591,2019,3.0,0.902,0.979,SWE
592,2020,3.0,0.902,0.979,SWE
593,2021,3.0,0.903,0.976,SWE
594,2022,3.0,0.896,0.98,SWE
595,2023,3.0,0.881,0.978,SWE
749,1950,3.0,0.619,0.929,CHE
750,1951,3.0,0.619,0.929,CHE
751,1952,3.0,0.619,0.929,CHE
752,1953,3.0,0.619,0.929,CHE
753,1954,3.0,0.619,0.929,CHE
754,1955,3.0,0.619,0.929,CHE
755,1956,3.0,0.617,0.929,CHE
756,1957,3.0,0.617,0.929,CHE
757,1958,3.0,0.617,0.929,CHE
758,1959,3.0,0.618,0.929,CHE
759,1960,3.0,0.622,0.93,CHE
760,1961,3.0,0.622,0.93,CHE
761,1962,3.0,0.622,0.93,CHE
762,1963,3.0,0.623,0.93,CHE
763,1964,3.0,0.624,0.934,CHE
764,1965,3.0,0.624,0.934,CHE
765,1966,3.0,0.624,0.934,CHE
766,1967,3.0,0.626,0.934,CHE
767,1968,3.0,0.625,0.934,CHE
768,1969,3.0,0.625,0.934,CHE
769,1970,3.0,0.627,0.935,CHE
770,1971,3.0,0.63,0.935,CHE
771,1972,3.0,0.856,0.935,CHE
772,1973,3.0,0.856,0.935,CHE
773,1974,3.0,0.856,0.944,CHE
774,1975,3.0,0.861,0.944,CHE
775,1976,3.0,0.862,0.944,CHE
776,1977,3.0,0.868,0.944,CHE
777,1978,3.0,0.868,0.944,CHE
778,1979,3.0,0.867,0.944,CHE
779,1980,3.0,0.871,0.942,CHE
780,1981,3.0,0.871,0.947,CHE
781,1982,3.0,0.871,0.947,CHE
782,1983,3.0,0.871,0.947,CHE
783,1984,3.0,0.871,0.947,CHE
784,1985,3.0,0.871,0.947,CHE
785,1986,3.0,0.871,0.947,CHE
786,1987,3.0,0.871,0.947,CHE
787,1988,3.0,0.871,0.947,CHE
788,1989,3.0,0.876,0.947,CHE
789,1990,3.0,0.886,0.947,CHE
790,1991,3.0,0.886,0.949,CHE
791,1992,3.0,0.883,0.949,CHE
792,1993,3.0,0.883,0.954,CHE
793,1994,3.0,0.883,0.954,CHE
794,1995,3.0,0.884,0.954,CHE
795,1996,3.0,0.889,0.954,CHE
796,1997,3.0,0.889,0.954,CHE
797,1998,3.0,0.889,0.954,CHE
798,1999,3.0,0.889,0.954,CHE
799,2000,3.0,0.889,0.955,CHE
800,2001,3.0,0.889,0.955,CHE
801,2002,3.0,0.889,0.956,CHE
802,2003,3.0,0.889,0.963,CHE
803,2004,3.0,0.888,0.963,CHE
804,2005,3.0,0.888,0.963,CHE
805,2006,3.0,0.888,0.963,CHE
806,2007,3.0,0.89,0.963,CHE
807,2008,3.0,0.897,0.963,CHE
808,2009,3.0,0.897,0.962,CHE
809,2010,3.0,0.897,0.961,CHE
810,2011,3.0,0.898,0.961,CHE
811,2012,3.0,0.905,0.961,CHE
812,2013,3.0,0.905,0.962,CHE
813,2014,3.0,0.905,0.962,CHE
814,2015,3.0,0.904,0.963,CHE
815,2016,3.0,0.903,0.963,CHE
816,2017,3.0,0.907,0.966,CHE
817,2018,3.0,0.907,0.967,CHE
818,2019,3.0,0.906,0.967,CHE
819,2020,3.0,0.902,0.96,CHE
820,2021,3.0,0.896,0.962,CHE
821,2022,3.0,0.896,0.962,CHE
822,2023,3.0,0.887,0.962,CHE
872,1950,0.0,0.107,0.405,GHA
873,1951,0.0,0.282,0.533,GHA
874,1952,0.0,0.291,0.534,GHA
875,1953,0.0,0.292,0.534,GHA
876,1954,0.0,0.293,0.559,GHA
877,1955,0.0,0.29,0.56,GHA
878,1956,0.0,0.29,0.556,GHA
879,1957,1.0,0.436,0.626,GHA
880,1958,1.0,0.4,0.639,GHA
881,1959,1.0,0.392,0.647,GHA
882,1960,1.0,0.351,0.635,GHA
883,1961,1.0,0.311,0.625,GHA
884,1962,1.0,0.296,0.588,GHA
885,1963,1.0,0.294,0.587,GHA
886,1964,1.0,0.287,0.573,GHA
887,1965,1.0,0.259,0.571,GHA
888,1966,1.0,0.149,0.347,GHA
889,1967,0.0,0.142,0.32,GHA
890,1968,0.0,0.143,0.32,GHA
891,1969,1.0,0.248,0.516,GHA
892,1970,1.0,0.387,0.753,GHA
893,1971,1.0,0.439,0.752,GHA
894,1972,0.0,0.148,0.356,GHA
895,1973,0.0,0.112,0.312,GHA
896,1974,0.0,0.114,0.312,GHA
897,1975,0.0,0.113,0.312,GHA
898,1976,0.0,0.113,0.312,GHA
899,1977,0.0,0.113,0.312,GHA
900,1978,0.0,0.116,0.312,GHA
901,1979,1.0,0.307,0.538,GHA
902,1980,2.0,0.542,0.722,GHA
903,1981,0.0,0.255,0.636,GHA
904,1982,0.0,0.11,0.258,GHA
905,1983,0.0,0.102,0.27,GHA
906,1984,0.0,0.1,0.27,GHA
907,1985,0.0,0.101,0.274,GHA
908,1986,0.0,0.101,0.275,GHA
909,1987,0.0,0.101,0.285,GHA
910,1988,0.0,0.101,0.309,GHA
911,1989,0.0,0.101,0.309,GHA
912,1990,0.0,0.105,0.337,GHA
913,1991,0.0,0.107,0.34,GHA
914,1992,1.0,0.174,0.35,GHA
915,1993,1.0,0.441,0.673,GHA
916,1994,1.0,0.477,0.774,GHA
917,1995,1.0,0.493,0.774,GHA
918,1996,2.0,0.519,0.805,GHA
919,1997,2.0,0.602,0.844,GHA
920,1998,2.0,0.602,0.844,GHA
921,1999,2.0,0.607,0.844,GHA
922,2000,2.0,0.671,0.87,GHA
923,2001,2.0,0.726,0.873,GHA
924,2002,2.0,0.733,0.873,GHA
925,2003,3.0,0.733,0.877,GHA
926,2004,3.0,0.744,0.877,GHA
927,2005,3.0,0.736,0.877,GHA
928,2006,3.0,0.736,0.877,GHA
929,2007,3.0,0.738,0.874,GHA
930,2008,3.0,0.737,0.874,GHA
931,2009,3.0,0.759,0.874,GHA
932,2010,3.0,0.766,0.883,GHA
933,2011,3.0,0.766,0.883,GHA
934,2012,3.0,0.776,0.866,GHA
935,2013,3.0,0.756,0.851,GHA
936,2014,3.0,0.747,0.852,GHA
937,2015,2.0,0.74,0.859,GHA
938,2016,2.0,0.731,0.845,GHA
939,2017,2.0,0.743,0.857,GHA
940,2018,2.0,0.742,0.854,GHA
941,2019,2.0,0.722,0.851,GHA
942,2020,2.0,0.719,0.843,GHA
943,2021,2.0,0.665,0.844,GHA
944,2022,2.0,0.662,0.847,GHA
945,2023,2.0,0.664,0.848,GHA
997,1950,1.0,0.2,0.286,ZAF
998,1951,1.0,0.2,0.286,ZAF
999,1952,1.0,0.2,0.286,ZAF
1000,1953,1.0,0.195,0.286,ZAF
1001,1954,1.0,0.193,0.286,ZAF
1002,1955,1.0,0.193,0.286,ZAF
1003,1956,1.0,0.193,0.286,ZAF
1004,1957,1.0,0.193,0.286,ZAF
1005,1958,1.0,0.194,0.286,ZAF
1006,1959,1.0,0.194,0.286,ZAF
1007,1960,1.0,0.189,0.283,ZAF
1008,1961,1.0,0.159,0.283,ZAF
1009,1962,1.0,0.168,0.283,ZAF
1010,1963,1.0,0.168,0.283,ZAF
1011,1964,1.0,0.164,0.283,ZAF
1012,1965,1.0,0.164,0.283,ZAF
1013,1966,1.0,0.164,0.283,ZAF
1014,1967,1.0,0.164,0.283,ZAF
1015,1968,1.0,0.164,0.283,ZAF
1016,1969,1.0,0.164,0.283,ZAF
1017,1970,1.0,0.164,0.285,ZAF
1018,1971,1.0,0.165,0.283,ZAF
1019,1972,1.0,0.165,0.284,ZAF
1020,1973,1.0,0.165,0.284,ZAF
1021,1974,1.0,0.165,0.284,ZAF
1022,1975,1.0,0.165,0.284,ZAF
1023,1976,1.0,0.165,0.283,ZAF
1024,1977,1.0,0.162,0.283,ZAF
1025,1978,1.0,0.163,0.283,ZAF
1026,1979,1.0,0.163,0.283,ZAF
1027,1980,1.0,0.162,0.283,ZAF
1028,1981,1.0,0.178,0.283,ZAF
1029,1982,1.0,0.178,0.283,ZAF
1030,1983,1.0,0.178,0.283,ZAF
1031,1984,0.0,0.179,0.361,ZAF
1032,1985,0.0,0.18,0.364,ZAF
1033,1986,0.0,0.18,0.364,ZAF
1034,1987,0.0,0.178,0.364,ZAF
1035,1988,0.0,0.178,0.364,ZAF
1036,1989,0.0,0.186,0.366,ZAF
1037,1990,0.0,0.223,0.393,ZAF
1038,1991,0.0,0.253,0.395,ZAF
1039,1992,0.0,0.253,0.394,ZAF
1040,1993,0.0,0.264,0.417,ZAF
1041,1994,1.0,0.391,0.655,ZAF
1042,1995,2.0,0.654,0.782,ZAF
1043,1996,3.0,0.659,0.837,ZAF
1044,1997,3.0,0.659,0.837,ZAF
1045,1998,3.0,0.664,0.837,ZAF
1046,1999,3.0,0.705,0.837,ZAF
1047,2000,3.0,0.743,0.84,ZAF
1048,2001,3.0,0.743,0.84,ZAF
1049,2002,3.0,0.743,0.84,ZAF
1050,2003,3.0,0.743,0.839,ZAF
1051,2004,3.0,0.759,0.839,ZAF
1052,2005,3.0,0.77,0.839,ZAF
1053,2006,3.0,0.768,0.839,ZAF
1054,2007,3.0,0.768,0.843,ZAF
1055,2008,3.0,0.766,0.843,ZAF
1056,2009,3.0,0.767,0.846,ZAF
1057,2010,3.0,0.77,0.858,ZAF
1058,2011,3.0,0.77,0.856,ZAF
1059,2012,3.0,0.772,0.855,ZAF
1060,2013,2.0,0.76,0.849,ZAF
1061,2014,2.0,0.752,0.848,ZAF
1062,2015,2.0,0.755,0.86,ZAF
1063,2016,2.0,0.752,0.863,ZAF
1064,2017,2.0,0.743,0.847,ZAF
1065,2018,2.0,0.747,0.854,ZAF
1066,2019,2.0,0.721,0.859,ZAF
1067,2020,2.0,0.723,0.836,ZAF
1068,2021,2.0,0.725,0.837,ZAF
1069,2022,2.0,0.713,0.848,ZAF
1070,2023,2.0,0.705,0.856,ZAF
1233,1950,0.0,0.376,0.886,JPN
1234,1951,0.0,0.376,0.886,JPN
1235,1952,3.0,0.617,0.886,JPN
1236,1953,3.0,0.785,0.912,JPN
1237,1954,3.0,0.785,0.912,JPN
1238,1955,3.0,0.819,0.912,JPN
1239,1956,3.0,0.828,0.912,JPN
1240,1957,3.0,0.828,0.912,JPN
1241,1958,3.0,0.835,0.912,JPN
1242,1959,3.0,0.839,0.912,JPN
1243,1960,3.0,0.839,0.912,JPN
1244,1961,3.0,0.837,0.912,JPN
1245,1962,3.0,0.837,0.912,JPN
1246,1963,3.0,0.837,0.912,JPN
1247,1964,3.0,0.842,0.913,JPN
1248,1965,3.0,0.842,0.914,JPN
1249,1966,3.0,0.842,0.914,JPN
1250,1967,3.0,0.839,0.914,JPN
1251,1968,3.0,0.839,0.914,JPN
1252,1969,3.0,0.839,0.914,JPN
1253,1970,3.0,0.838,0.906,JPN
1254,1971,3.0,0.841,0.906,JPN
1255,1972,3.0,0.841,0.909,JPN
1256,1973,3.0,0.842,0.909,JPN
1257,1974,3.0,0.842,0.909,JPN
1258,1975,3.0,0.842,0.909,JPN
1259,1976,3.0,0.842,0.909,JPN
1260,1977,3.0,0.841,0.909,JPN
1261,1978,3.0,0.841,0.909,JPN
1262,1979,3.0,0.84,0.909,JPN
1263,1980,3.0,0.842,0.909,JPN
1264,1981,3.0,0.842,0.909,JPN
1265,1982,3.0,0.842,0.909,JPN
1266,1983,3.0,0.843,0.909,JPN
1267,1984,3.0,0.843,0.909,JPN
1268,1985,3.0,0.845,0.909,JPN
1269,1986,3.0,0.844,0.909,JPN
1270,1987,3.0,0.842,0.909,JPN
1271,1988,3.0,0.842,0.909,JPN
1272,1989,3.0,0.842,0.909,JPN
1273,1990,3.0,0.845,0.909,JPN
1274,1991,3.0,0.844,0.909,JPN
1275,1992,3.0,0.844,0.909,JPN
1276,1993,3.0,0.845,0.909,JPN
1277,1994,3.0,0.845,0.916,JPN
1278,1995,3.0,0.845,0.916,JPN
1279,1996,3.0,0.845,0.916,JPN
1280,1997,3.0,0.844,0.916,JPN
1281,1998,3.0,0.844,0.916,JPN
1282,1999,3.0,0.844,0.916,JPN
1283,2000,3.0,0.845,0.92,JPN
1284,2001,3.0,0.845,0.92,JPN
1285,2002,3.0,0.845,0.92,JPN
1286,2003,3.0,0.845,0.92,JPN
1287,2004,3.0,0.845,0.92,JPN
1288,2005,3.0,0.847,0.92,JPN
1289,2006,3.0,0.852,0.92,JPN
1290,2007,3.0,0.852,0.92,JPN
1291,2008,3.0,0.857,0.92,JPN
1292,2009,3.0,0.859,0.92,JPN
1293,2010,3.0,0.857,0.92,JPN
1294,2011,3.0,0.857,0.92,JPN
1295,2012,3.0,0.85,0.92,JPN
1296,2013,3.0,0.823,0.919,JPN
1297,2014,3.0,0.823,0.917,JPN
1298,2015,3.0,0.825,0.917,JPN
1299,2016,3.0,0.825,0.917,JPN
1300,2017,3.0,0.823,0.916,JPN
1301,2018,3.0,0.84,0.916,JPN
1302,2019,3.0,0.838,0.916,JPN
1303,2020,3.0,0.836,0.896,JPN
1304,2021,3.0,0.827,0.898,JPN
1305,2022,3.0,0.823,0.901,JPN
1306,2023,3.0,0.828,0.904,JPN
1469,1950,0.0,0.223,0.411,MMR
1470,1951,1.0,0.256,0.411,MMR
1471,1952,1.0,0.392,0.551,MMR
1472,1953,1.0,0.429,0.574,MMR
1473,1954,1.0,0.429,0.574,MMR
1474,1955,1.0,0.429,0.574,MMR
1475,1956,1.0,0.423,0.574,MMR
1476,1957,1.0,0.42,0.574,MMR
1477,1958,1.0,0.402,0.573,MMR
1478,1959,1.0,0.402,0.572,MMR
1479,1960,1.0,0.416,0.569,MMR
1480,1961,1.0,0.422,0.564,MMR
1481,1962,0.0,0.129,0.159,MMR
1482,1963,0.0,0.077,0.051,MMR
1483,1964,0.0,0.069,0.046,MMR
1484,1965,0.0,0.069,0.045,MMR
1485,1966,0.0,0.069,0.039,MMR
1486,1967,0.0,0.069,0.039,MMR
1487,1968,0.0,0.069,0.039,MMR
1488,1969,0.0,0.069,0.039,MMR
1489,1970,0.0,0.069,0.039,MMR
1490,1971,0.0,0.069,0.039,MMR
1491,1972,0.0,0.069,0.039,MMR
1492,1973,0.0,0.069,0.039,MMR
1493,1974,0.0,0.073,0.046,MMR
1494,1975,0.0,0.073,0.059,MMR
1495,1976,0.0,0.135,0.059,MMR
1496,1977,0.0,0.135,0.059,MMR
1497,1978,0.0,0.135,0.059,MMR
1498,1979,0.0,0.135,0.059,MMR
1499,1980,0.0,0.137,0.057,MMR
1500,1981,0.0,0.137,0.057,MMR
1501,1982,0.0,0.137,0.057,MMR
1502,1983,0.0,0.137,0.057,MMR
1503,1984,0.0,0.137,0.057,MMR
1504,1985,0.0,0.137,0.057,MMR
1505,1986,0.0,0.137,0.057,MMR
1506,1987,0.0,0.137,0.056,MMR
1507,1988,0.0,0.124,0.04,MMR
1508,1989,0.0,0.089,0.041,MMR
1509,1990,0.0,0.115,0.042,MMR
1510,1991,0.0,0.094,0.042,MMR
1511,1992,0.0,0.094,0.042,MMR
1512,1993,0.0,0.094,0.042,MMR
1513,1994,0.0,0.094,0.042,MMR
1514,1995,0.0,0.094,0.042,MMR
1515,1996,0.0,0.094,0.042,MMR
1516,1997,0.0,0.094,0.042,MMR
1517,1998,0.0,0.094,0.042,MMR
1518,1999,0.0,0.094,0.042,MMR
1519,2000,0.0,0.094,0.042,MMR
1520,2001,0.0,0.094,0.042,MMR
1521,2002,0.0,0.094,0.042,MMR
1522,2003,0.0,0.094,0.042,MMR
1523,2004,0.0,0.094,0.042,MMR
1524,2005,0.0,0.094,0.042,MMR
1525,2006,0.0,0.095,0.042,MMR
1526,2007,0.0,0.095,0.041,MMR
1527,2008,0.0,0.095,0.044,MMR
1528,2009,0.0,0.097,0.044,MMR
1529,2010,0.0,0.118,0.086,MMR
1530,2011,1.0,0.22,0.288,MMR
1531,2012,1.0,0.3,0.294,MMR
1532,2013,1.0,0.355,0.321,MMR
1533,2014,1.0,0.352,0.335,MMR
1534,2015,1.0,0.366,0.374,MMR
1535,2016,1.0,0.399,0.476,MMR
1536,2017,1.0,0.4,0.478,MMR
1537,2018,1.0,0.395,0.499,MMR
1538,2019,1.0,0.422,0.503,MMR
1539,2020,1.0,0.427,0.514,MMR
1540,2021,0.0,0.107,0.047,MMR
1541,2022,0.0,0.092,0.04,MMR
1542,2023,0.0,0.08,0.04,MMR
1705,1950,0.0,0.102,0.032,RUS
1706,1951,0.0,0.103,0.032,RUS
1707,1952,0.0,0.103,0.032,RUS
1708,1953,0.0,0.103,0.033,RUS
1709,1954,0.0,0.105,0.054,RUS
1710,1955,0.0,0.105,0.054,RUS
1711,1956,0.0,0.105,0.059,RUS
1712,1957,0.0,0.105,0.061,RUS
1713,1958,0.0,0.106,0.062,RUS
1714,1959,0.0,0.107,0.062,RUS
1715,1960,0.0,0.106,0.063,RUS
1716,1961,0.0,0.106,0.064,RUS
1717,1962,0.0,0.096,0.064,RUS
1718,1963,0.0,0.093,0.065,RUS
1719,1964,0.0,0.093,0.065,RUS
1720,1965,0.0,0.093,0.066,RUS
1721,1966,0.0,0.092,0.066,RUS
1722,1967,0.0,0.091,0.066,RUS
1723,1968,0.0,0.091,0.066,RUS
1724,1969,0.0,0.091,0.065,RUS
1725,1970,0.0,0.101,0.065,RUS
1726,1971,0.0,0.109,0.066,RUS
1727,1972,0.0,0.109,0.066,RUS
1728,1973,0.0,0.108,0.066,RUS
1729,1974,0.0,0.108,0.066,RUS
1730,1975,0.0,0.108,0.066,RUS
1731,1976,0.0,0.108,0.066,RUS
1732,1977,0.0,0.108,0.065,RUS
1733,1978,0.0,0.108,0.065,RUS
1734,1979,0.0,0.109,0.066,RUS
1735,1980,0.0,0.109,0.076,RUS
1736,1981,0.0,0.109,0.075,RUS
1737,1982,0.0,0.109,0.075,RUS
1738,1983,0.0,0.109,0.072,RUS
1739,1984,0.0,0.106,0.072,RUS
1740,1985,0.0,0.109,0.079,RUS
1741,1986,0.0,0.117,0.105,RUS
1742,1987,0.0,0.143,0.108,RUS
1743,1988,0.0,0.144,0.11,RUS
1744,1989,0.0,0.174,0.164,RUS
1745,1990,0.0,0.236,0.234,RUS
1746,1991,1.0,0.255,0.325,RUS
1747,1992,1.0,0.498,0.513,RUS
1748,1993,1.0,0.479,0.525,RUS
1749,1994,1.0,0.477,0.53,RUS
1750,1995,1.0,0.476,0.536,RUS
1751,1996,1.0,0.463,0.54,RUS
1752,1997,1.0,0.458,0.529,RUS
1753,1998,1.0,0.458,0.525,RUS
1754,1999,1.0,0.462,0.525,RUS
1755,2000,1.0,0.407,0.432,RUS
1756,2001,1.0,0.38,0.409,RUS
1757,2002,1.0,0.351,0.366,RUS
1758,2003,1.0,0.339,0.351,RUS
1759,2004,1.0,0.326,0.329,RUS
1760,2005,1.0,0.325,0.319,RUS
1761,2006,1.0,0.323,0.319,RUS
1762,2007,1.0,0.316,0.319,RUS
1763,2008,1.0,0.305,0.302,RUS
1764,2009,1.0,0.311,0.305,RUS
1765,2010,1.0,0.309,0.293,RUS
1766,2011,1.0,0.297,0.294,RUS
1767,2012,1.0,0.28,0.271,RUS
1768,2013,1.0,0.277,0.26,RUS
1769,2014,1.0,0.269,0.244,RUS
1770,2015,1.0,0.267,0.243,RUS
1771,2016,1.0,0.264,0.24,RUS
1772,2017,1.0,0.263,0.24,RUS
1773,2018,1.0,0.266,0.235,RUS
1774,2019,1.0,0.263,0.23,RUS
1775,2020,1.0,0.256,0.212,RUS
1776,2021,1.0,0.245,0.212,RUS
1777,2022,1.0,0.207,0.165,RUS
1778,2023,1.0,0.19,0.152,RUS
1818,1950,0.0,0.17,0.144,ALB
1819,1951,0.0,0.172,0.144,ALB
1820,1952,0.0,0.172,0.144,ALB
1821,1953,0.0,0.172,0.144,ALB
1822,1954,0.0,0.173,0.144,ALB
1823,1955,0.0,0.174,0.143,ALB
1824,1956,0.0,0.174,0.143,ALB
1825,1957,0.0,0.174,0.143,ALB
1826,1958,0.0,0.173,0.143,ALB
1827,1959,0.0,0.173,0.143,ALB
1828,1960,0.0,0.174,0.143,ALB
1829,1961,0.0,0.174,0.143,ALB
1830,1962,0.0,0.174,0.143,ALB
1831,1963,0.0,0.175,0.143,ALB
1832,1964,0.0,0.175,0.143,ALB
1833,1965,0.0,0.175,0.143,ALB
1834,1966,0.0,0.174,0.143,ALB
1835,1967,0.0,0.173,0.143,ALB
1836,1968,0.0,0.173,0.143,ALB
1837,1969,0.0,0.173,0.143,ALB
1838,1970,0.0,0.173,0.143,ALB
1839,1971,0.0,0.174,0.143,ALB
1840,1972,0.0,0.174,0.143,ALB
1841,1973,0.0,0.174,0.143,ALB
1842,1974,0.0,0.174,0.143,ALB
1843,1975,0.0,0.173,0.143,ALB
1844,1976,0.0,0.173,0.149,ALB
1845,1977,0.0,0.173,0.149,ALB
1846,1978,0.0,0.173,0.149,ALB
1847,1979,0.0,0.173,0.149,ALB
1848,1980,0.0,0.173,0.149,ALB
1849,1981,0.0,0.173,0.149,ALB
1850,1982,0.0,0.173,0.149,ALB
1851,1983,0.0,0.172,0.149,ALB
1852,1984,0.0,0.172,0.149,ALB
1853,1985,0.0,0.172,0.15,ALB
1854,1986,0.0,0.172,0.153,ALB
1855,1987,0.0,0.174,0.153,ALB
1856,1988,0.0,0.174,0.153,ALB
1857,1989,0.0,0.174,0.153,ALB
1858,1990,0.0,0.188,0.192,ALB
1859,1991,1.0,0.366,0.597,ALB
1860,1992,1.0,0.421,0.725,ALB
1861,1993,1.0,0.417,0.69,ALB
1862,1994,1.0,0.417,0.741,ALB
1863,1995,1.0,0.427,0.744,ALB
1864,1996,1.0,0.386,0.744,ALB
1865,1997,1.0,0.372,0.739,ALB
1866,1998,1.0,0.391,0.737,ALB
1867,1999,1.0,0.396,0.749,ALB
1868,2000,1.0,0.409,0.774,ALB
1869,2001,1.0,0.44,0.782,ALB
1870,2002,1.0,0.482,0.789,ALB
1871,2003,1.0,0.488,0.782,ALB
1872,2004,1.0,0.486,0.798,ALB
1873,2005,2.0,0.518,0.798,ALB
1874,2006,2.0,0.553,0.798,ALB
1875,2007,2.0,0.547,0.798,ALB
1876,2008,2.0,0.552,0.8,ALB
1877,2009,2.0,0.545,0.809,ALB
1878,2010,2.0,0.55,0.8,ALB
1879,2011,2.0,0.55,0.802,ALB
1880,2012,2.0,0.547,0.801,ALB
1881,2013,2.0,0.521,0.813,ALB
1882,2014,2.0,0.527,0.82,ALB
1883,2015,2.0,0.524,0.82,ALB
1884,2016,2.0,0.523,0.82,ALB
1885,2017,2.0,0.537,0.8,ALB
1886,2018,2.0,0.523,0.799,ALB
1887,2019,2.0,0.512,0.806,ALB
1888,2020,2.0,0.526,0.813,ALB
1889,2021,2.0,0.525,0.81,ALB
1890,2022,2.0,0.52,0.806,ALB
1891,2023,2.0,0.507,0.748,ALB
2054,1950,1.0,0.178,0.628,EGY
2055,1951,1.0,0.177,0.628,EGY
2056,1952,1.0,0.15,0.607,EGY
2057,1953,0.0,0.066,0.375,EGY
2058,1954,0.0,0.058,0.351,EGY
2059,1955,0.0,0.058,0.348,EGY
2060,1956,0.0,0.091,0.348,EGY
2061,1957,0.0,0.168,0.439,EGY
2062,1958,0.0,0.153,0.355,EGY
2063,1959,0.0,0.15,0.348,EGY
2064,1960,0.0,0.164,0.386,EGY
2065,1961,0.0,0.148,0.37,EGY
2066,1962,0.0,0.126,0.336,EGY
2067,1963,0.0,0.149,0.336,EGY
2068,1964,0.0,0.178,0.425,EGY
2069,1965,0.0,0.183,0.448,EGY
2070,1966,0.0,0.182,0.448,EGY
2071,1967,0.0,0.182,0.446,EGY
2072,1968,0.0,0.181,0.445,EGY
2073,1969,0.0,0.179,0.445,EGY
2074,1970,0.0,0.188,0.452,EGY
2075,1971,0.0,0.204,0.5,EGY
2076,1972,0.0,0.197,0.502,EGY
2077,1973,0.0,0.198,0.502,EGY
2078,1974,0.0,0.198,0.5,EGY
2079,1975,0.0,0.198,0.5,EGY
2080,1976,1.0,0.207,0.5,EGY
2081,1977,1.0,0.209,0.494,EGY
2082,1978,1.0,0.209,0.489,EGY
2083,1979,1.0,0.202,0.489,EGY
2084,1980,1.0,0.181,0.379,EGY
2085,1981,1.0,0.188,0.517,EGY
2086,1982,1.0,0.216,0.512,EGY
2087,1983,1.0,0.216,0.511,EGY
2088,1984,1.0,0.215,0.511,EGY
2089,1985,1.0,0.214,0.511,EGY
2090,1986,1.0,0.219,0.518,EGY
2091,1987,1.0,0.219,0.507,EGY
2092,1988,1.0,0.221,0.507,EGY
2093,1989,1.0,0.224,0.507,EGY
2094,1990,1.0,0.222,0.478,EGY
2095,1991,1.0,0.211,0.478,EGY
2096,1992,1.0,0.211,0.478,EGY
2097,1993,1.0,0.216,0.478,EGY
2098,1994,1.0,0.215,0.467,EGY
2099,1995,1.0,0.214,0.47,EGY
2100,1996,1.0,0.215,0.47,EGY
2101,1997,1.0,0.214,0.47,EGY
2102,1998,1.0,0.215,0.467,EGY
2103,1999,1.0,0.215,0.467,EGY
2104,2000,1.0,0.216,0.458,EGY
2105,2001,1.0,0.208,0.455,EGY
2106,2002,1.0,0.208,0.455,EGY
2107,2003,1.0,0.208,0.455,EGY
2108,2004,1.0,0.21,0.455,EGY
2109,2005,1.0,0.21,0.455,EGY
2110,2006,1.0,0.213,0.455,EGY
2111,2007,1.0,0.214,0.458,EGY
2112,2008,1.0,0.214,0.46,EGY
2113,2009,1.0,0.212,0.46,EGY
2114,2010,1.0,0.214,0.453,EGY
2115,2011,1.0,0.206,0.355,EGY
2116,2012,1.0,0.296,0.384,EGY
2117,2013,0.0,0.187,0.277,EGY
2118,2014,1.0,0.135,0.271,EGY
2119,2015,1.0,0.155,0.297,EGY
2120,2016,1.0,0.178,0.378,EGY
2121,2017,1.0,0.177,0.351,EGY
2122,2018,1.0,0.177,0.343,EGY
2123,2019,1.0,0.174,0.371,EGY
2124,2020,1.0,0.175,0.372,EGY
2125,2021,1.0,0.181,0.368,EGY
2126,2022,1.0,0.184,0.391,EGY
2127,2023,1.0,0.188,0.388,EGY
2223,1950,0.0,0.018,0.07,YEM
2224,1951,0.0,0.018,0.07,YEM
2225,1952,0.0,0.018,0.07,YEM
2226,1953,0.0,0.018,0.089,YEM
2227,1954,0.0,0.018,0.109,YEM
2228,1955,0.0,0.018,0.109,YEM
2229,1956,0.0,0.018,0.109,YEM
2230,1957,0.0,0.018,0.109,YEM
2231,1958,0.0,0.019,0.109,YEM
2232,1959,0.0,0.019,0.109,YEM
2233,1960,0.0,0.019,0.123,YEM
2234,1961,0.0,0.019,0.123,YEM
2235,1962,0.0,0.017,0.121,YEM
2236,1963,0.0,0.024,0.164,YEM
2237,1964,0.0,0.024,0.169,YEM
2238,1965,0.0,0.023,0.169,YEM
2239,1966,0.0,0.023,0.169,YEM
2240,1967,0.0,0.022,0.139,YEM
2241,1968,0.0,0.024,0.139,YEM
2242,1969,0.0,0.027,0.139,YEM
2243,1970,0.0,0.027,0.139,YEM
2244,1971,0.0,0.112,0.225,YEM
2245,1972,0.0,0.116,0.192,YEM
2246,1973,0.0,0.116,0.197,YEM
2247,1974,0.0,0.118,0.219,YEM
2248,1975,0.0,0.094,0.182,YEM
2249,1976,0.0,0.094,0.182,YEM
2250,1977,0.0,0.092,0.182,YEM
2251,1978,0.0,0.09,0.204,YEM
2252,1979,0.0,0.089,0.207,YEM
2253,1980,0.0,0.09,0.207,YEM
2254,1981,0.0,0.09,0.207,YEM
2255,1982,0.0,0.09,0.208,YEM
2256,1983,0.0,0.09,0.208,YEM
2257,1984,0.0,0.09,0.208,YEM
2258,1985,0.0,0.09,0.208,YEM
2259,1986,0.0,0.09,0.208,YEM
2260,1987,0.0,0.09,0.2,YEM
2261,1988,1.0,0.13,0.2,YEM
2262,1989,1.0,0.171,0.2,YEM
2263,1990,1.0,0.225,0.307,YEM
2264,1991,1.0,0.281,0.373,YEM
2265,1992,1.0,0.279,0.373,YEM
2266,1993,1.0,0.309,0.372,YEM
2267,1994,1.0,0.319,0.319,YEM
2268,1995,1.0,0.298,0.29,YEM
2269,1996,1.0,0.298,0.29,YEM
2270,1997,1.0,0.279,0.311,YEM
2271,1998,1.0,0.266,0.311,YEM
2272,1999,1.0,0.263,0.311,YEM
2273,2000,1.0,0.264,0.331,YEM
2274,2001,1.0,0.264,0.331,YEM
2275,2002,1.0,0.264,0.338,YEM
2276,2003,1.0,0.277,0.365,YEM
2277,2004,1.0,0.281,0.365,YEM
2278,2005,1.0,0.282,0.365,YEM
2279,2006,1.0,0.285,0.365,YEM
2280,2007,1.0,0.285,0.365,YEM
2281,2008,1.0,0.286,0.365,YEM
2282,2009,1.0,0.286,0.365,YEM
2283,2010,1.0,0.288,0.369,YEM
2284,2011,1.0,0.309,0.309,YEM
2285,2012,1.0,0.359,0.327,YEM
2286,2013,1.0,0.331,0.305,YEM
2287,2014,1.0,0.301,0.243,YEM
2288,2015,1.0,0.184,0.185,YEM
2289,2016,0.0,0.113,0.11,YEM
2290,2017,0.0,0.111,0.101,YEM
2291,2018,0.0,0.113,0.099,YEM
2292,2019,0.0,0.118,0.111,YEM
2293,2020,0.0,0.114,0.096,YEM
2294,2021,0.0,0.115,0.09,YEM
2295,2022,0.0,0.124,0.117,YEM
2296,2023,0.0,0.128,0.13,YEM
2459,1950,1.0,0.144,0.169,COL
2460,1951,1.0,0.176,0.377,COL
2461,1952,1.0,0.177,0.377,COL
2462,1953,1.0,0.132,0.363,COL
2463,1954,1.0,0.099,0.356,COL
2464,1955,1.0,0.099,0.361,COL
2465,1956,1.0,0.099,0.361,COL
2466,1957,1.0,0.1,0.367,COL
2467,1958,1.0,0.228,0.521,COL
2468,1959,1.0,0.336,0.583,COL
2469,1960,1.0,0.349,0.582,COL
2470,1961,1.0,0.353,0.582,COL
2471,1962,1.0,0.356,0.582,COL
2472,1963,1.0,0.357,0.582,COL
2473,1964,1.0,0.356,0.582,COL
2474,1965,1.0,0.356,0.582,COL
2475,1966,1.0,0.356,0.582,COL
2476,1967,1.0,0.355,0.582,COL
2477,1968,1.0,0.354,0.587,COL
2478,1969,1.0,0.353,0.587,COL
2479,1970,1.0,0.349,0.595,COL
2480,1971,1.0,0.364,0.595,COL
2481,1972,1.0,0.371,0.595,COL
2482,1973,1.0,0.371,0.593,COL
2483,1974,1.0,0.417,0.584,COL
2484,1975,1.0,0.448,0.595,COL
2485,1976,1.0,0.448,0.602,COL
2486,1977,1.0,0.449,0.602,COL
2487,1978,1.0,0.429,0.573,COL
2488,1979,1.0,0.412,0.573,COL
2489,1980,1.0,0.409,0.573,COL
2490,1981,1.0,0.409,0.573,COL
2491,1982,1.0,0.411,0.587,COL
2492,1983,1.0,0.47,0.618,COL
2493,1984,1.0,0.46,0.626,COL
2494,1985,1.0,0.458,0.626,COL
2495,1986,1.0,0.45,0.618,COL
2496,1987,1.0,0.448,0.617,COL
2497,1988,1.0,0.449,0.605,COL
2498,1989,1.0,0.449,0.605,COL
2499,1990,1.0,0.472,0.612,COL
2500,1991,2.0,0.513,0.722,COL
2501,1992,2.0,0.557,0.739,COL
2502,1993,2.0,0.557,0.745,COL
2503,1994,2.0,0.557,0.746,COL
2504,1995,2.0,0.563,0.747,COL
2505,1996,2.0,0.554,0.747,COL
2506,1997,2.0,0.554,0.747,COL
2507,1998,2.0,0.544,0.747,COL
2508,1999,2.0,0.539,0.747,COL
2509,2000,2.0,0.548,0.747,COL
2510,2001,2.0,0.549,0.747,COL
2511,2002,2.0,0.538,0.753,COL
2512,2003,2.0,0.545,0.766,COL
2513,2004,2.0,0.546,0.766,COL
2514,2005,2.0,0.551,0.773,COL
2515,2006,2.0,0.573,0.77,COL
2516,2007,2.0,0.589,0.78,COL
2517,2008,2.0,0.588,0.78,COL
2518,2009,2.0,0.592,0.779,COL
2519,2010,2.0,0.626,0.785,COL
2520,2011,2.0,0.661,0.809,COL
2521,2012,2.0,0.664,0.814,COL
2522,2013,2.0,0.669,0.802,COL
2523,2014,2.0,0.682,0.803,COL
2524,2015,2.0,0.687,0.805,COL
2525,2016,2.0,0.688,0.796,COL
2526,2017,2.0,0.685,0.801,COL
2527,2018,2.0,0.67,0.79,COL
2528,2019,2.0,0.659,0.768,COL
2529,2020,2.0,0.645,0.754,COL
2530,2021,2.0,0.658,0.741,COL
2531,2022,2.0,0.696,0.793,COL
2532,2023,2.0,0.709,0.793,COL
2629,1950,1.0,0.173,0.31,POL
2630,1951,1.0,0.173,0.31,POL
2631,1952,0.0,0.172,0.31,POL
2632,1953,0.0,0.169,0.31,POL
2633,1954,0.0,0.169,0.31,POL
2634,1955,0.0,0.169,0.31,POL
2635,1956,0.0,0.17,0.335,POL
2636,1957,1.0,0.196,0.402,POL
2637,1958,1.0,0.197,0.402,POL
2638,1959,1.0,0.197,0.402,POL
2639,1960,1.0,0.197,0.402,POL
2640,1961,0.0,0.19,0.402,POL
2641,1962,0.0,0.187,0.402,POL
2642,1963,0.0,0.187,0.402,POL
2643,1964,0.0,0.187,0.402,POL
2644,1965,0.0,0.186,0.402,POL
2645,1966,0.0,0.187,0.402,POL
2646,1967,0.0,0.187,0.402,POL
2647,1968,0.0,0.187,0.397,POL
2648,1969,0.0,0.186,0.399,POL
2649,1970,0.0,0.185,0.402,POL
2650,1971,0.0,0.188,0.406,POL
2651,1972,0.0,0.191,0.406,POL
2652,1973,0.0,0.191,0.404,POL
2653,1974,0.0,0.191,0.406,POL
2654,1975,0.0,0.191,0.406,POL
2655,1976,0.0,0.186,0.405,POL
2656,1977,0.0,0.185,0.405,POL
2657,1978,0.0,0.185,0.41,POL
2658,1979,0.0,0.185,0.41,POL
2659,1980,0.0,0.209,0.406,POL
2660,1981,0.0,0.209,0.376,POL
2661,1982,0.0,0.185,0.36,POL
2662,1983,0.0,0.185,0.373,POL
2663,1984,0.0,0.189,0.404,POL
2664,1985,0.0,0.189,0.419,POL
2665,1986,0.0,0.19,0.44,POL
2666,1987,0.0,0.188,0.465,POL
2667,1988,0.0,0.193,0.477,POL
2668,1989,1.0,0.377,0.659,POL
2669,1990,3.0,0.742,0.909,POL
2670,1991,3.0,0.864,0.909,POL
2671,1992,3.0,0.884,0.912,POL
2672,1993,3.0,0.884,0.918,POL
2673,1994,3.0,0.89,0.918,POL
2674,1995,3.0,0.888,0.918,POL
2675,1996,3.0,0.881,0.918,POL
2676,1997,3.0,0.869,0.918,POL
2677,1998,3.0,0.878,0.918,POL
2678,1999,3.0,0.878,0.921,POL
2679,2000,3.0,0.878,0.921,POL
2680,2001,3.0,0.878,0.921,POL
2681,2002,3.0,0.879,0.93,POL
2682,2003,3.0,0.879,0.93,POL
2683,2004,3.0,0.879,0.93,POL
2684,2005,3.0,0.881,0.93,POL
2685,2006,3.0,0.875,0.927,POL
2686,2007,3.0,0.873,0.928,POL
2687,2008,3.0,0.895,0.934,POL
2688,2009,3.0,0.895,0.934,POL
2689,2010,3.0,0.894,0.938,POL
2690,2011,3.0,0.894,0.937,POL
2691,2012,3.0,0.894,0.936,POL
2692,2013,3.0,0.891,0.932,POL
2693,2014,3.0,0.884,0.93,POL
2694,2015,3.0,0.875,0.887,POL
2695,2016,2.0,0.727,0.808,POL
2696,2017,2.0,0.697,0.758,POL
2697,2018,2.0,0.697,0.723,POL
2698,2019,2.0,0.681,0.715,POL
2699,2020,2.0,0.614,0.695,POL
2700,2021,2.0,0.584,0.677,POL
2701,2022,2.0,0.576,0.679,POL
2702,2023,2.0,0.59,0.737,POL
2865,1950,1.0,0.388,0.57,BRA
2866,1951,1.0,0.379,0.57,BRA
2867,1952,1.0,0.379,0.57,BRA
2868,1953,1.0,0.38,0.57,BRA
2869,1954,1.0,0.378,0.57,BRA
2870,1955,1.0,0.388,0.579,BRA
2871,1956,1.0,0.393,0.573,BRA
2872,1957,1.0,0.394,0.573,BRA
2873,1958,1.0,0.395,0.573,BRA
2874,1959,1.0,0.397,0.571,BRA
2875,1960,1.0,0.408,0.574,BRA
2876,1961,1.0,0.407,0.578,BRA
2877,1962,1.0,0.407,0.581,BRA
2878,1963,1.0,0.403,0.581,BRA
2879,1964,1.0,0.21,0.375,BRA
2880,1965,0.0,0.147,0.202,BRA
2881,1966,0.0,0.144,0.202,BRA
2882,1967,0.0,0.181,0.199,BRA
2883,1968,0.0,0.18,0.186,BRA
2884,1969,0.0,0.173,0.181,BRA
2885,1970,0.0,0.177,0.181,BRA
2886,1971,0.0,0.174,0.185,BRA
2887,1972,0.0,0.174,0.185,BRA
2888,1973,0.0,0.174,0.185,BRA
2889,1974,0.0,0.175,0.177,BRA
2890,1975,0.0,0.185,0.177,BRA
2891,1976,0.0,0.187,0.182,BRA
2892,1977,0.0,0.188,0.182,BRA
2893,1978,0.0,0.188,0.193,BRA
2894,1979,0.0,0.205,0.237,BRA
2895,1980,0.0,0.254,0.292,BRA
2896,1981,0.0,0.254,0.292,BRA
2897,1982,0.0,0.263,0.337,BRA
2898,1983,0.0,0.284,0.352,BRA
2899,1984,0.0,0.291,0.352,BRA
2900,1985,1.0,0.396,0.468,BRA
2901,1986,1.0,0.478,0.591,BRA
2902,1987,2.0,0.569,0.604,BRA
2903,1988,2.0,0.685,0.763,BRA
2904,1989,2.0,0.728,0.788,BRA
2905,1990,2.0,0.814,0.827,BRA
2906,1991,2.0,0.829,0.832,BRA
2907,1992,2.0,0.839,0.832,BRA
2908,1993,2.0,0.842,0.825,BRA
2909,1994,2.0,0.847,0.819,BRA
2910,1995,2.0,0.848,0.82,BRA
2911,1996,2.0,0.85,0.82,BRA
2912,1997,2.0,0.85,0.82,BRA
2913,1998,2.0,0.851,0.82,BRA
2914,1999,2.0,0.854,0.82,BRA
2915,2000,2.0,0.857,0.82,BRA
2916,2001,2.0,0.857,0.82,BRA
2917,2002,2.0,0.858,0.823,BRA
2918,2003,2.0,0.856,0.832,BRA
2919,2004,2.0,0.856,0.832,BRA
2920,2005,2.0,0.873,0.887,BRA
2921,2006,2.0,0.874,0.886,BRA
2922,2007,2.0,0.869,0.886,BRA
2923,2008,2.0,0.869,0.886,BRA
2924,2009,2.0,0.869,0.886,BRA
2925,2010,2.0,0.872,0.892,BRA
2926,2011,2.0,0.876,0.894,BRA
2927,2012,2.0,0.872,0.895,BRA
2928,2013,2.0,0.876,0.895,BRA
2929,2014,2.0,0.877,0.892,BRA
2930,2015,2.0,0.863,0.893,BRA
2931,2016,2.0,0.782,0.841,BRA
2932,2017,2.0,0.778,0.824,BRA
2933,2018,2.0,0.753,0.808,BRA
2934,2019,2.0,0.698,0.759,BRA
2935,2020,2.0,0.699,0.752,BRA
2936,2021,2.0,0.688,0.751,BRA
2937,2022,2.0,0.699,0.76,BRA
2938,2023,2.0,0.789,0.89,BRA
3101,1950,2.0,0.585,0.853,USA
3102,1951,2.0,0.611,0.853,USA
3103,1952,2.0,0.611,0.853,USA
3104,1953,2.0,0.612,0.851,USA
3105,1954,2.0,0.611,0.851,USA
3106,1955,2.0,0.609,0.837,USA
3107,1956,2.0,0.613,0.837,USA
3108,1957,2.0,0.614,0.837,USA
3109,1958,2.0,0.624,0.837,USA
3110,1959,2.0,0.623,0.837,USA
3111,1960,2.0,0.644,0.837,USA
3112,1961,2.0,0.659,0.837,USA
3113,1962,2.0,0.661,0.837,USA
3114,1963,2.0,0.675,0.839,USA
3115,1964,2.0,0.677,0.846,USA
3116,1965,2.0,0.677,0.85,USA
3117,1966,2.0,0.695,0.864,USA
3118,1967,2.0,0.704,0.864,USA
3119,1968,2.0,0.702,0.866,USA
3120,1969,3.0,0.696,0.892,USA
3121,1970,3.0,0.717,0.908,USA
3122,1971,3.0,0.726,0.911,USA
3123,1972,3.0,0.735,0.914,USA
3124,1973,3.0,0.755,0.928,USA
3125,1974,3.0,0.76,0.931,USA
3126,1975,3.0,0.784,0.934,USA
3127,1976,3.0,0.793,0.935,USA
3128,1977,3.0,0.828,0.935,USA
3129,1978,3.0,0.832,0.935,USA
3130,1979,3.0,0.833,0.936,USA
3131,1980,3.0,0.847,0.937,USA
3132,1981,3.0,0.858,0.932,USA
3133,1982,3.0,0.858,0.932,USA
3134,1983,3.0,0.859,0.931,USA
3135,1984,3.0,0.859,0.931,USA
3136,1985,3.0,0.859,0.925,USA
3137,1986,3.0,0.859,0.935,USA
3138,1987,3.0,0.859,0.935,USA
3139,1988,3.0,0.86,0.935,USA
3140,1989,3.0,0.861,0.935,USA
3141,1990,3.0,0.866,0.937,USA
3142,1991,3.0,0.865,0.937,USA
3143,1992,3.0,0.869,0.937,USA
3144,1993,3.0,0.868,0.938,USA
3145,1994,3.0,0.868,0.938,USA
3146,1995,3.0,0.868,0.94,USA
3147,1996,3.0,0.867,0.94,USA
3148,1997,3.0,0.866,0.94,USA
3149,1998,3.0,0.867,0.94,USA
3150,1999,3.0,0.87,0.94,USA
3151,2000,3.0,0.868,0.942,USA
3152,2001,3.0,0.821,0.943,USA
3153,2002,3.0,0.826,0.942,USA
3154,2003,3.0,0.859,0.937,USA
3155,2004,3.0,0.862,0.937,USA
3156,2005,3.0,0.861,0.94,USA
3157,2006,3.0,0.867,0.94,USA
3158,2007,3.0,0.897,0.943,USA
3159,2008,3.0,0.898,0.945,USA
3160,2009,3.0,0.902,0.949,USA
3161,2010,3.0,0.902,0.95,USA
3162,2011,3.0,0.9,0.949,USA
3163,2012,3.0,0.899,0.949,USA
3164,2013,3.0,0.902,0.949,USA
3165,2014,3.0,0.9,0.949,USA
3166,2015,3.0,0.9,0.949,USA
3167,2016,3.0,0.887,0.948,USA
3168,2017,3.0,0.827,0.909,USA
3169,2018,3.0,0.823,0.911,USA
3170,2019,3.0,0.812,0.918,USA
3171,2020,3.0,0.807,0.912,USA
3172,2021,3.0,0.821,0.934,USA
3173,2022,3.0,0.829,0.935,USA
3174,2023,3.0,0.843,0.924,USA
3337,1950,1.0,0.12,0.246,PRT
3338,1951,0.0,0.12,0.246,PRT
3339,1952,0.0,0.12,0.246,PRT
3340,1953,0.0,0.121,0.246,PRT
3341,1954,0.0,0.12,0.246,PRT
3342,1955,0.0,0.12,0.246,PRT
3343,1956,0.0,0.12,0.246,PRT
3344,1957,0.0,0.121,0.246,PRT
3345,1958,1.0,0.122,0.246,PRT
3346,1959,1.0,0.121,0.246,PRT
3347,1960,1.0,0.128,0.246,PRT
3348,1961,0.0,0.129,0.246,PRT
3349,1962,0.0,0.127,0.246,PRT
3350,1963,0.0,0.127,0.246,PRT
3351,1964,0.0,0.127,0.246,PRT
3352,1965,0.0,0.127,0.246,PRT
3353,1966,0.0,0.118,0.246,PRT
3354,1967,0.0,0.118,0.249,PRT
3355,1968,0.0,0.12,0.25,PRT
3356,1969,0.0,0.128,0.258,PRT
3357,1970,0.0,0.146,0.258,PRT
3358,1971,0.0,0.146,0.258,PRT
3359,1972,0.0,0.147,0.258,PRT
3360,1973,0.0,0.151,0.267,PRT
3361,1974,0.0,0.229,0.613,PRT
3362,1975,0.0,0.309,0.593,PRT
3363,1976,2.0,0.515,0.81,PRT
3364,1977,3.0,0.743,0.935,PRT
3365,1978,3.0,0.746,0.935,PRT
3366,1979,3.0,0.752,0.935,PRT
3367,1980,3.0,0.841,0.935,PRT
3368,1981,3.0,0.846,0.935,PRT
3369,1982,3.0,0.846,0.935,PRT
3370,1983,3.0,0.859,0.945,PRT
3371,1984,3.0,0.865,0.945,PRT
3372,1985,3.0,0.865,0.945,PRT
3373,1986,3.0,0.86,0.949,PRT
3374,1987,3.0,0.866,0.949,PRT
3375,1988,3.0,0.873,0.949,PRT
3376,1989,3.0,0.873,0.949,PRT
3377,1990,3.0,0.873,0.949,PRT
3378,1991,3.0,0.863,0.949,PRT
3379,1992,3.0,0.863,0.949,PRT
3380,1993,3.0,0.863,0.949,PRT
3381,1994,3.0,0.863,0.949,PRT
3382,1995,3.0,0.865,0.949,PRT
3383,1996,3.0,0.871,0.95,PRT
3384,1997,3.0,0.871,0.95,PRT
3385,1998,3.0,0.871,0.95,PRT
3386,1999,3.0,0.87,0.95,PRT
3387,2000,3.0,0.869,0.95,PRT
3388,2001,3.0,0.877,0.95,PRT
3389,2002,3.0,0.878,0.95,PRT
3390,2003,3.0,0.877,0.95,PRT
3391,2004,3.0,0.877,0.95,PRT
3392,2005,3.0,0.89,0.948,PRT
3393,2006,3.0,0.893,0.948,PRT
3394,2007,3.0,0.893,0.948,PRT
3395,2008,3.0,0.894,0.948,PRT
3396,2009,3.0,0.895,0.948,PRT
3397,2010,3.0,0.898,0.947,PRT
3398,2011,3.0,0.888,0.946,PRT
3399,2012,3.0,0.887,0.949,PRT
3400,2013,3.0,0.887,0.948,PRT
3401,2014,3.0,0.887,0.948,PRT
3402,2015,3.0,0.887,0.947,PRT
3403,2016,3.0,0.887,0.943,PRT
3404,2017,3.0,0.899,0.951,PRT
3405,2018,3.0,0.899,0.955,PRT
3406,2019,3.0,0.885,0.937,PRT
3407,2020,3.0,0.884,0.913,PRT
3408,2021,3.0,0.887,0.918,PRT
3409,2022,3.0,0.844,0.902,PRT
3410,2023,2.0,0.851,0.885,PRT
3524,1950,0.0,0.139,0.175,SLV
3525,1951,0.0,0.185,0.175,SLV
3526,1952,0.0,0.183,0.175,SLV
3527,1953,0.0,0.183,0.175,SLV
3528,1954,0.0,0.184,0.175,SLV
3529,1955,0.0,0.178,0.175,SLV
3530,1956,1.0,0.179,0.175,SLV
3531,1957,1.0,0.179,0.175,SLV
3532,1958,1.0,0.179,0.175,SLV
3533,1959,1.0,0.179,0.175,SLV
3534,1960,1.0,0.178,0.171,SLV
3535,1961,1.0,0.117,0.158,SLV
3536,1962,1.0,0.157,0.17,SLV
3537,1963,1.0,0.188,0.173,SLV
3538,1964,1.0,0.192,0.173,SLV
3539,1965,1.0,0.193,0.173,SLV
3540,1966,1.0,0.192,0.168,SLV
3541,1967,1.0,0.193,0.168,SLV
3542,1968,1.0,0.192,0.163,SLV
3543,1969,1.0,0.192,0.16,SLV
3544,1970,1.0,0.188,0.16,SLV
3545,1971,1.0,0.187,0.16,SLV
3546,1972,1.0,0.182,0.155,SLV
3547,1973,1.0,0.173,0.141,SLV
3548,1974,1.0,0.174,0.139,SLV
3549,1975,1.0,0.174,0.139,SLV
3550,1976,1.0,0.172,0.139,SLV
3551,1977,1.0,0.173,0.138,SLV
3552,1978,1.0,0.172,0.137,SLV
3553,1979,1.0,0.158,0.135,SLV
3554,1980,0.0,0.102,0.134,SLV
3555,1981,0.0,0.104,0.134,SLV
3556,1982,0.0,0.129,0.136,SLV
3557,1983,0.0,0.139,0.136,SLV
3558,1984,1.0,0.155,0.136,SLV
3559,1985,1.0,0.19,0.175,SLV
3560,1986,1.0,0.199,0.205,SLV
3561,1987,1.0,0.199,0.205,SLV
3562,1988,1.0,0.202,0.205,SLV
3563,1989,1.0,0.207,0.205,SLV
3564,1990,1.0,0.214,0.218,SLV
3565,1991,1.0,0.223,0.219,SLV
3566,1992,1.0,0.271,0.344,SLV
3567,1993,1.0,0.375,0.424,SLV
3568,1994,1.0,0.468,0.453,SLV
3569,1995,1.0,0.48,0.478,SLV
3570,1996,1.0,0.482,0.478,SLV
3571,1997,1.0,0.489,0.478,SLV
3572,1998,1.0,0.488,0.499,SLV
3573,1999,2.0,0.508,0.499,SLV
3574,2000,2.0,0.531,0.519,SLV
3575,2001,2.0,0.54,0.539,SLV
3576,2002,2.0,0.547,0.539,SLV
3577,2003,2.0,0.544,0.547,SLV
3578,2004,2.0,0.543,0.546,SLV
3579,2005,2.0,0.541,0.549,SLV
3580,2006,2.0,0.561,0.552,SLV
3581,2007,2.0,0.566,0.552,SLV
3582,2008,2.0,0.566,0.561,SLV
3583,2009,2.0,0.597,0.618,SLV
3584,2010,2.0,0.619,0.645,SLV
3585,2011,2.0,0.619,0.645,SLV
3586,2012,2.0,0.624,0.657,SLV
3587,2013,2.0,0.622,0.663,SLV
3588,2014,2.0,0.666,0.665,SLV
3589,2015,2.0,0.661,0.662,SLV
3590,2016,2.0,0.666,0.662,SLV
3591,2017,2.0,0.671,0.656,SLV
3592,2018,2.0,0.635,0.633,SLV
3593,2019,2.0,0.594,0.607,SLV
3594,2020,2.0,0.522,0.527,SLV
3595,2021,1.0,0.409,0.271,SLV
3596,2022,1.0,0.381,0.179,SLV
3597,2023,1.0,0.38,0.15,SLV
3649,1950,0.0,0.049,0.632,YEM
3650,1951,0.0,0.051,0.638,YEM
3651,1952,0.0,0.052,0.638,YEM
3652,1953,0.0,0.052,0.638,YEM
3653,1954,0.0,0.052,0.638,YEM
3654,1955,0.0,0.129,0.638,YEM
3655,1956,0.0,0.14,0.638,YEM
3656,1957,0.0,0.14,0.638,YEM
3657,1958,0.0,0.14,0.638,YEM
3658,1959,0.0,0.14,0.638,YEM
3659,1960,0.0,0.133,0.61,YEM
3660,1961,0.0,0.133,0.61,YEM
3661,1962,0.0,0.133,0.61,YEM
3662,1963,0.0,0.133,0.594,YEM
3663,1964,0.0,0.126,0.581,YEM
3664,1965,0.0,0.117,0.571,YEM
3665,1966,0.0,0.097,0.571,YEM
3666,1967,0.0,0.082,0.524,YEM
3667,1968,0.0,0.078,0.343,YEM
3668,1969,0.0,0.078,0.343,YEM
3669,1970,0.0,0.08,0.416,YEM
3670,1971,0.0,0.079,0.415,YEM
3671,1972,0.0,0.079,0.415,YEM
3672,1973,0.0,0.079,0.415,YEM
3673,1974,0.0,0.079,0.426,YEM
3674,1975,0.0,0.079,0.426,YEM
3675,1976,0.0,0.079,0.428,YEM
3676,1977,0.0,0.079,0.426,YEM
3677,1978,0.0,0.083,0.416,YEM
3678,1979,0.0,0.117,0.411,YEM
3679,1980,0.0,0.119,0.357,YEM
3680,1981,0.0,0.117,0.431,YEM
3681,1982,0.0,0.118,0.431,YEM
3682,1983,0.0,0.118,0.431,YEM
3683,1984,0.0,0.118,0.431,YEM
3684,1985,0.0,0.118,0.431,YEM
3685,1986,0.0,0.119,0.3,YEM
3686,1987,0.0,0.119,0.304,YEM
3687,1988,0.0,0.119,0.304,YEM
3688,1989,0.0,0.119,0.304,YEM
3689,1990,0.0,0.132,0.304,YEM
3690,1971,0.0,0.171,0.325,BGD
3691,1972,0.0,0.221,0.471,BGD
3692,1973,1.0,0.362,0.395,BGD
3693,1974,1.0,0.381,0.381,BGD
3694,1975,1.0,0.212,0.353,BGD
3695,1976,0.0,0.133,0.302,BGD
3696,1977,0.0,0.176,0.304,BGD
3697,1978,1.0,0.233,0.313,BGD
3698,1979,1.0,0.367,0.357,BGD
3699,1980,1.0,0.382,0.374,BGD
3700,1981,1.0,0.374,0.374,BGD
3701,1982,1.0,0.229,0.34,BGD
3702,1983,0.0,0.183,0.319,BGD
3703,1984,0.0,0.188,0.319,BGD
3704,1985,0.0,0.189,0.319,BGD
3705,1986,1.0,0.238,0.36,BGD
3706,1987,1.0,0.328,0.373,BGD
3707,1988,1.0,0.307,0.364,BGD
3708,1989,1.0,0.301,0.364,BGD
3709,1990,1.0,0.303,0.386,BGD
3710,1991,1.0,0.49,0.436,BGD
3711,1992,2.0,0.511,0.434,BGD
3712,1993,2.0,0.511,0.434,BGD
3713,1994,2.0,0.511,0.434,BGD
3714,1995,2.0,0.511,0.434,BGD
3715,1996,1.0,0.5,0.437,BGD
3716,1997,2.0,0.511,0.434,BGD
3717,1998,2.0,0.511,0.434,BGD
3718,1999,2.0,0.511,0.434,BGD
3719,2000,2.0,0.511,0.447,BGD
3720,2001,2.0,0.504,0.437,BGD
3721,2002,1.0,0.463,0.401,BGD
3722,2003,1.0,0.474,0.401,BGD
3723,2004,1.0,0.474,0.391,BGD
3724,2005,1.0,0.474,0.391,BGD
3725,2006,1.0,0.424,0.391,BGD
3726,2007,0.0,0.205,0.284,BGD
3727,2008,1.0,0.209,0.288,BGD
3728,2009,1.0,0.418,0.347,BGD
3729,2010,1.0,0.427,0.282,BGD
3730,2011,1.0,0.416,0.281,BGD
3731,2012,1.0,0.411,0.279,BGD
3732,2013,1.0,0.377,0.259,BGD
3733,2014,1.0,0.281,0.235,BGD
3734,2015,1.0,0.271,0.246,BGD
3735,2016,1.0,0.269,0.249,BGD
3736,2017,1.0,0.264,0.245,BGD
3737,2018,1.0,0.254,0.233,BGD
3738,2019,1.0,0.251,0.22,BGD
3739,2020,1.0,0.258,0.218,BGD
3740,2021,1.0,0.254,0.205,BGD
3741,2022,1.0,0.263,0.208,BGD
3742,2023,1.0,0.253,0.219,BGD
3869,1950,0.0,0.164,0.208,BOL
3870,1951,1.0,0.119,0.204,BOL
3871,1952,1.0,0.132,0.26,BOL
3872,1953,1.0,0.216,0.258,BOL
3873,1954,1.0,0.216,0.258,BOL
3874,1955,1.0,0.217,0.253,BOL
3875,1956,1.0,0.241,0.265,BOL
3876,1957,1.0,0.263,0.269,BOL
3877,1958,1.0,0.261,0.269,BOL
3878,1959,1.0,0.26,0.269,BOL
3879,1960,1.0,0.265,0.265,BOL
3880,1961,1.0,0.267,0.265,BOL
3881,1962,1.0,0.261,0.265,BOL
3882,1963,1.0,0.257,0.265,BOL
3883,1964,1.0,0.229,0.218,BOL
3884,1965,0.0,0.123,0.12,BOL
3885,1966,1.0,0.137,0.09,BOL
3886,1967,1.0,0.184,0.106,BOL
3887,1968,1.0,0.184,0.106,BOL
3888,1969,1.0,0.168,0.097,BOL
3889,1970,0.0,0.109,0.086,BOL
3890,1971,0.0,0.098,0.045,BOL
3891,1972,0.0,0.09,0.045,BOL
3892,1973,0.0,0.09,0.045,BOL
3893,1974,0.0,0.089,0.045,BOL
3894,1975,0.0,0.088,0.045,BOL
3895,1976,0.0,0.088,0.045,BOL
3896,1977,0.0,0.088,0.045,BOL
3897,1978,1.0,0.107,0.051,BOL
3898,1979,1.0,0.14,0.104,BOL
3899,1980,1.0,0.126,0.084,BOL
3900,1981,0.0,0.1,0.064,BOL
3901,1982,0.0,0.202,0.346,BOL
3902,1983,0.0,0.321,0.49,BOL
3903,1984,0.0,0.325,0.534,BOL
3904,1985,1.0,0.463,0.608,BOL
3905,1986,2.0,0.627,0.608,BOL
3906,1987,2.0,0.636,0.608,BOL
3907,1988,2.0,0.638,0.608,BOL
3908,1989,2.0,0.646,0.608,BOL
3909,1990,2.0,0.652,0.608,BOL
3910,1991,2.0,0.692,0.611,BOL
3911,1992,2.0,0.707,0.611,BOL
3912,1993,2.0,0.712,0.611,BOL
3913,1994,2.0,0.726,0.618,BOL
3914,1995,2.0,0.737,0.618,BOL
3915,1996,2.0,0.737,0.618,BOL
3916,1997,2.0,0.739,0.657,BOL
3917,1998,2.0,0.738,0.657,BOL
3918,1999,2.0,0.744,0.66,BOL
3919,2000,2.0,0.744,0.666,BOL
3920,2001,2.0,0.744,0.666,BOL
3921,2002,2.0,0.727,0.666,BOL
3922,2003,2.0,0.722,0.678,BOL
3923,2004,2.0,0.753,0.677,BOL
3924,2005,2.0,0.748,0.666,BOL
3925,2006,2.0,0.721,0.579,BOL
3926,2007,2.0,0.719,0.578,BOL
3927,2008,2.0,0.716,0.572,BOL
3928,2009,2.0,0.712,0.54,BOL
3929,2010,2.0,0.685,0.51,BOL
3930,2011,2.0,0.681,0.51,BOL
3931,2012,2.0,0.674,0.511,BOL
3932,2013,2.0,0.661,0.533,BOL
3933,2014,2.0,0.646,0.533,BOL
3934,2015,2.0,0.617,0.534,BOL
3935,2016,2.0,0.619,0.527,BOL
3936,2017,2.0,0.615,0.522,BOL
3937,2018,2.0,0.598,0.497,BOL
3938,2019,1.0,0.481,0.428,BOL
3939,2020,1.0,0.331,0.546,BOL
3940,2021,2.0,0.614,0.52,BOL
3941,2022,2.0,0.589,0.507,BOL
3942,2023,2.0,0.584,0.513,BOL
4105,1950,1.0,0.096,0.173,HTI
4106,1951,1.0,0.216,0.275,HTI
4107,1952,1.0,0.216,0.275,HTI
4108,1953,1.0,0.216,0.275,HTI
4109,1954,1.0,0.216,0.275,HTI
4110,1955,1.0,0.214,0.275,HTI
4111,1956,1.0,0.179,0.136,HTI
4112,1957,1.0,0.127,0.079,HTI
4113,1958,1.0,0.148,0.061,HTI
4114,1959,1.0,0.148,0.061,HTI
4115,1960,1.0,0.148,0.061,HTI
4116,1961,0.0,0.146,0.061,HTI
4117,1962,0.0,0.145,0.061,HTI
4118,1963,0.0,0.145,0.061,HTI
4119,1964,0.0,0.144,0.061,HTI
4120,1965,0.0,0.144,0.061,HTI
4121,1966,0.0,0.144,0.061,HTI
4122,1967,0.0,0.144,0.061,HTI
4123,1968,0.0,0.144,0.061,HTI
4124,1969,0.0,0.144,0.061,HTI
4125,1970,0.0,0.144,0.061,HTI
4126,1971,0.0,0.148,0.072,HTI
4127,1972,0.0,0.15,0.075,HTI
4128,1973,0.0,0.15,0.075,HTI
4129,1974,0.0,0.15,0.075,HTI
4130,1975,0.0,0.15,0.075,HTI
4131,1976,0.0,0.15,0.075,HTI
4132,1977,0.0,0.15,0.075,HTI
4133,1978,0.0,0.15,0.075,HTI
4134,1979,0.0,0.151,0.075,HTI
4135,1980,0.0,0.148,0.075,HTI
4136,1981,0.0,0.149,0.073,HTI
4137,1982,0.0,0.149,0.075,HTI
4138,1983,0.0,0.114,0.049,HTI
4139,1984,0.0,0.146,0.069,HTI
4140,1985,0.0,0.151,0.072,HTI
4141,1986,0.0,0.117,0.063,HTI
4142,1987,1.0,0.19,0.175,HTI
4143,1988,1.0,0.257,0.206,HTI
4144,1989,0.0,0.202,0.168,HTI
4145,1990,1.0,0.197,0.186,HTI
4146,1991,1.0,0.324,0.344,HTI
4147,1992,0.0,0.175,0.211,HTI
4148,1993,0.0,0.203,0.211,HTI
4149,1994,0.0,0.227,0.249,HTI
4150,1995,1.0,0.346,0.53,HTI
4151,1996,1.0,0.42,0.532,HTI
4152,1997,1.0,0.437,0.54,HTI
4153,1998,1.0,0.439,0.542,HTI
4154,1999,1.0,0.439,0.517,HTI
4155,2000,1.0,0.432,0.529,HTI
4156,2001,1.0,0.411,0.528,HTI
4157,2002,1.0,0.409,0.524,HTI
4158,2003,1.0,0.406,0.512,HTI
4159,2004,1.0,0.243,0.236,HTI
4160,2005,0.0,0.237,0.201,HTI
4161,2006,1.0,0.368,0.398,HTI
4162,2007,1.0,0.446,0.552,HTI
4163,2008,1.0,0.447,0.542,HTI
4164,2009,1.0,0.441,0.543,HTI
4165,2010,1.0,0.434,0.494,HTI
4166,2011,1.0,0.418,0.494,HTI
4167,2012,1.0,0.427,0.497,HTI
4168,2013,1.0,0.424,0.482,HTI
4169,2014,1.0,0.424,0.482,HTI
4170,2015,1.0,0.403,0.452,HTI
4171,2016,1.0,0.394,0.491,HTI
4172,2017,1.0,0.404,0.472,HTI
4173,2018,1.0,0.411,0.479,HTI
4174,2019,1.0,0.403,0.466,HTI
4175,2020,1.0,0.371,0.462,HTI
4176,2021,1.0,0.302,0.457,HTI
4177,2022,0.0,0.213,0.415,HTI
4178,2023,0.0,0.211,0.16,HTI
4292,1950,1.0,0.246,0.304,HND
4293,1951,1.0,0.246,0.304,HND
4294,1952,1.0,0.246,0.304,HND
4295,1953,1.0,0.246,0.304,HND
4296,1954,1.0,0.242,0.336,HND
4297,1955,0.0,0.137,0.258,HND
4298,1956,0.0,0.17,0.258,HND
4299,1957,1.0,0.191,0.236,HND
4300,1958,0.0,0.178,0.255,HND
4301,1959,0.0,0.178,0.251,HND
4302,1960,0.0,0.18,0.255,HND
4303,1961,0.0,0.18,0.25,HND
4304,1962,0.0,0.18,0.253,HND
4305,1963,0.0,0.176,0.22,HND
4306,1964,0.0,0.137,0.174,HND
4307,1965,1.0,0.149,0.164,HND
4308,1966,0.0,0.14,0.164,HND
4309,1967,0.0,0.14,0.164,HND
4310,1968,0.0,0.14,0.159,HND
4311,1969,0.0,0.14,0.159,HND
4312,1970,0.0,0.141,0.157,HND
4313,1971,1.0,0.244,0.217,HND
4314,1972,1.0,0.252,0.255,HND
4315,1973,0.0,0.141,0.187,HND
4316,1974,0.0,0.141,0.187,HND
4317,1975,0.0,0.141,0.187,HND
4318,1976,0.0,0.141,0.189,HND
4319,1977,0.0,0.139,0.189,HND
4320,1978,0.0,0.138,0.165,HND
4321,1979,0.0,0.14,0.16,HND
4322,1980,0.0,0.175,0.208,HND
4323,1981,1.0,0.188,0.268,HND
4324,1982,1.0,0.371,0.334,HND
4325,1983,1.0,0.398,0.353,HND
4326,1984,1.0,0.398,0.353,HND
4327,1985,1.0,0.403,0.353,HND
4328,1986,1.0,0.4,0.363,HND
4329,1987,1.0,0.404,0.363,HND
4330,1988,1.0,0.404,0.376,HND
4331,1989,1.0,0.407,0.379,HND
4332,1990,1.0,0.482,0.437,HND
4333,1991,1.0,0.491,0.441,HND
4334,1992,1.0,0.491,0.444,HND
4335,1993,1.0,0.491,0.433,HND
4336,1994,2.0,0.529,0.447,HND
4337,1995,2.0,0.542,0.458,HND
4338,1996,2.0,0.548,0.457,HND
4339,1997,2.0,0.548,0.461,HND
4340,1998,2.0,0.553,0.462,HND
4341,1999,2.0,0.554,0.481,HND
4342,2000,2.0,0.554,0.505,HND
4343,2001,2.0,0.554,0.513,HND
4344,2002,2.0,0.557,0.513,HND
4345,2003,2.0,0.567,0.512,HND
4346,2004,2.0,0.567,0.512,HND
4347,2005,2.0,0.562,0.511,HND
4348,2006,2.0,0.521,0.53,HND
4349,2007,2.0,0.524,0.529,HND
4350,2008,2.0,0.52,0.544,HND
4351,2009,1.0,0.441,0.543,HND
4352,2010,1.0,0.402,0.473,HND
4353,2011,1.0,0.415,0.487,HND
4354,2012,1.0,0.416,0.47,HND
4355,2013,1.0,0.411,0.511,HND
4356,2014,1.0,0.428,0.529,HND
4357,2015,1.0,0.422,0.469,HND
4358,2016,1.0,0.423,0.495,HND
4359,2017,1.0,0.412,0.481,HND
4360,2018,1.0,0.362,0.516,HND
4361,2019,1.0,0.368,0.509,HND
4362,2020,1.0,0.372,0.504,HND
4363,2021,1.0,0.39,0.513,HND
4364,2022,2.0,0.534,0.661,HND
4365,2023,2.0,0.538,0.69,HND
4417,1950,0.0,0.109,0.315,MLI
4418,1951,0.0,0.109,0.315,MLI
4419,1952,0.0,0.111,0.315,MLI
4420,1953,0.0,0.11,0.315,MLI
4421,1954,0.0,0.11,0.315,MLI
4422,1955,0.0,0.11,0.315,MLI
4423,1956,0.0,0.111,0.317,MLI
4424,1957,0.0,0.161,0.317,MLI
4425,1958,0.0,0.162,0.252,MLI
4426,1959,0.0,0.166,0.282,MLI
4427,1960,1.0,0.216,0.474,MLI
4428,1961,1.0,0.25,0.455,MLI
4429,1962,1.0,0.25,0.469,MLI
4430,1963,1.0,0.25,0.46,MLI
4431,1964,1.0,0.237,0.468,MLI
4432,1965,1.0,0.227,0.468,MLI
4433,1966,1.0,0.227,0.468,MLI
4434,1967,1.0,0.229,0.468,MLI
4435,1968,0.0,0.2,0.463,MLI
4436,1969,0.0,0.105,0.345,MLI
4437,1970,0.0,0.103,0.342,MLI
4438,1971,0.0,0.103,0.342,MLI
4439,1972,0.0,0.103,0.342,MLI
4440,1973,0.0,0.103,0.342,MLI
4441,1974,0.0,0.103,0.338,MLI
4442,1975,0.0,0.105,0.342,MLI
4443,1976,0.0,0.105,0.342,MLI
4444,1977,0.0,0.105,0.34,MLI
4445,1978,0.0,0.105,0.339,MLI
4446,1979,0.0,0.149,0.36,MLI
4447,1980,0.0,0.19,0.374,MLI
4448,1981,0.0,0.19,0.374,MLI
4449,1982,0.0,0.19,0.374,MLI
4450,1983,0.0,0.189,0.374,MLI
4451,1984,0.0,0.189,0.374,MLI
4452,1985,0.0,0.19,0.374,MLI
4453,1986,0.0,0.19,0.374,MLI
4454,1987,0.0,0.192,0.374,MLI
4455,1988,0.0,0.197,0.374,MLI
4456,1989,0.0,0.196,0.374,MLI
4457,1990,0.0,0.201,0.427,MLI
4458,1991,0.0,0.208,0.454,MLI
4459,1992,1.0,0.468,0.646,MLI
4460,1993,2.0,0.586,0.682,MLI
4461,1994,2.0,0.586,0.682,MLI
4462,1995,2.0,0.586,0.679,MLI
4463,1996,2.0,0.586,0.679,MLI
4464,1997,2.0,0.548,0.673,MLI
4465,1998,2.0,0.521,0.665,MLI
4466,1999,2.0,0.521,0.665,MLI
4467,2000,2.0,0.521,0.67,MLI
4468,2001,2.0,0.521,0.67,MLI
4469,2002,2.0,0.599,0.624,MLI
4470,2003,2.0,0.625,0.623,MLI
4471,2004,2.0,0.625,0.623,MLI
4472,2005,2.0,0.625,0.623,MLI
4473,2006,2.0,0.625,0.623,MLI
4474,2007,2.0,0.611,0.623,MLI
4475,2008,2.0,0.601,0.624,MLI
4476,2009,2.0,0.603,0.624,MLI
4477,2010,2.0,0.602,0.615,MLI
4478,2011,2.0,0.604,0.614,MLI
4479,2012,1.0,0.353,0.512,MLI
4480,2013,1.0,0.326,0.449,MLI
4481,2014,2.0,0.539,0.527,MLI
4482,2015,2.0,0.542,0.579,MLI
4483,2016,2.0,0.542,0.579,MLI
4484,2017,2.0,0.532,0.54,MLI
4485,2018,1.0,0.512,0.52,MLI
4486,2019,1.0,0.51,0.553,MLI
4487,2020,1.0,0.431,0.509,MLI
4488,2021,0.0,0.244,0.43,MLI
4489,2022,0.0,0.232,0.416,MLI
4490,2023,0.0,0.231,0.418,MLI
4495,1950,0.0,0.199,0.512,PAK
4496,1951,0.0,0.199,0.51,PAK
4497,1952,0.0,0.199,0.498,PAK
4498,1953,0.0,0.183,0.511,PAK
4499,1954,0.0,0.181,0.496,PAK
4500,1955,0.0,0.181,0.498,PAK
4501,1956,0.0,0.19,0.475,PAK
4502,1957,0.0,0.196,0.477,PAK
4503,1958,0.0,0.159,0.351,PAK
4504,1959,0.0,0.128,0.27,PAK
4505,1960,0.0,0.128,0.266,PAK
4506,1961,0.0,0.128,0.266,PAK
4507,1962,0.0,0.134,0.34,PAK
4508,1963,0.0,0.138,0.406,PAK
4509,1964,0.0,0.138,0.425,PAK
4510,1965,0.0,0.138,0.425,PAK
4511,1966,0.0,0.142,0.433,PAK
4512,1967,0.0,0.139,0.433,PAK
4513,1968,0.0,0.14,0.433,PAK
4514,1969,0.0,0.141,0.285,PAK
4515,1970,0.0,0.193,0.265,PAK
4516,1971,0.0,0.154,0.217,PAK
4517,1972,0.0,0.167,0.349,PAK
4518,1973,0.0,0.192,0.398,PAK
4519,1974,0.0,0.231,0.401,PAK
4520,1975,0.0,0.227,0.398,PAK
4521,1976,0.0,0.231,0.398,PAK
4522,1977,1.0,0.217,0.298,PAK
4523,1978,0.0,0.114,0.226,PAK
4524,1979,0.0,0.106,0.206,PAK
4525,1980,0.0,0.108,0.191,PAK
4526,1981,0.0,0.108,0.191,PAK
4527,1982,0.0,0.111,0.191,PAK
4528,1983,0.0,0.111,0.191,PAK
4529,1984,0.0,0.111,0.191,PAK
4530,1985,1.0,0.157,0.319,PAK
4531,1986,1.0,0.17,0.351,PAK
4532,1987,1.0,0.17,0.356,PAK
4533,1988,1.0,0.212,0.355,PAK
4534,1989,1.0,0.369,0.423,PAK
4535,1990,1.0,0.373,0.41,PAK
4536,1991,1.0,0.369,0.41,PAK
4537,1992,1.0,0.369,0.41,PAK
4538,1993,1.0,0.37,0.432,PAK
4539,1994,1.0,0.376,0.434,PAK
4540,1995,1.0,0.376,0.434,PAK
4541,1996,1.0,0.376,0.434,PAK
4542,1997,1.0,0.388,0.398,PAK
4543,1998,1.0,0.388,0.399,PAK
4544,1999,0.0,0.338,0.354,PAK
4545,2000,0.0,0.203,0.252,PAK
4546,2001,0.0,0.202,0.244,PAK
4547,2002,1.0,0.243,0.344,PAK
4548,2003,1.0,0.357,0.406,PAK
4549,2004,1.0,0.357,0.424,PAK
4550,2005,1.0,0.358,0.412,PAK
4551,2006,1.0,0.355,0.403,PAK
4552,2007,1.0,0.35,0.407,PAK
4553,2008,1.0,0.417,0.441,PAK
4554,2009,1.0,0.441,0.493,PAK
4555,2010,1.0,0.466,0.536,PAK
4556,2011,1.0,0.466,0.532,PAK
4557,2012,1.0,0.462,0.532,PAK
4558,2013,1.0,0.467,0.526,PAK
4559,2014,1.0,0.467,0.528,PAK
4560,2015,1.0,0.439,0.514,PAK
4561,2016,1.0,0.428,0.51,PAK
4562,2017,1.0,0.418,0.514,PAK
4563,2018,1.0,0.395,0.538,PAK
4564,2019,1.0,0.367,0.525,PAK
4565,2020,1.0,0.376,0.565,PAK
4566,2021,1.0,0.393,0.525,PAK
4567,2022,1.0,0.383,0.498,PAK
4568,2023,1.0,0.335,0.487,PAK
4731,1950,0.0,0.12,0.124,PER
4732,1951,0.0,0.161,0.146,PER
4733,1952,0.0,0.161,0.146,PER
4734,1953,0.0,0.161,0.143,PER
4735,1954,0.0,0.161,0.143,PER
4736,1955,0.0,0.161,0.143,PER
4737,1956,1.0,0.265,0.305,PER
4738,1957,1.0,0.353,0.589,PER
4739,1958,1.0,0.353,0.603,PER
4740,1959,1.0,0.353,0.603,PER
4741,1960,1.0,0.354,0.603,PER
4742,1961,1.0,0.362,0.587,PER
4743,1962,1.0,0.278,0.41,PER
4744,1963,1.0,0.292,0.439,PER
4745,1964,1.0,0.415,0.735,PER
4746,1965,1.0,0.415,0.743,PER
4747,1966,1.0,0.415,0.743,PER
4748,1967,1.0,0.412,0.743,PER
4749,1968,1.0,0.265,0.431,PER
4750,1969,0.0,0.089,0.119,PER
4751,1970,0.0,0.097,0.119,PER
4752,1971,0.0,0.097,0.119,PER
4753,1972,0.0,0.097,0.119,PER
4754,1973,0.0,0.094,0.119,PER
4755,1974,0.0,0.092,0.114,PER
4756,1975,0.0,0.092,0.121,PER
4757,1976,0.0,0.101,0.125,PER
4758,1977,0.0,0.101,0.125,PER
4759,1978,0.0,0.197,0.136,PER
4760,1979,0.0,0.179,0.136,PER
4761,1980,1.0,0.442,0.268,PER
4762,1981,2.0,0.672,0.645,PER
4763,1982,2.0,0.671,0.632,PER
4764,1983,2.0,0.671,0.641,PER
4765,1984,2.0,0.671,0.641,PER
4766,1985,2.0,0.662,0.605,PER
4767,1986,2.0,0.665,0.579,PER
4768,1987,2.0,0.665,0.584,PER
4769,1988,2.0,0.665,0.584,PER
4770,1989,2.0,0.665,0.584,PER
4771,1990,2.0,0.618,0.579,PER
4772,1991,2.0,0.604,0.6,PER
4773,1992,0.0,0.25,0.281,PER
4774,1993,0.0,0.255,0.214,PER
4775,1994,0.0,0.251,0.214,PER
4776,1995,1.0,0.288,0.217,PER
4777,1996,1.0,0.365,0.218,PER
4778,1997,1.0,0.365,0.208,PER
4779,1998,1.0,0.353,0.205,PER
4780,1999,1.0,0.353,0.205,PER
4781,2000,1.0,0.418,0.334,PER
4782,2001,2.0,0.728,0.753,PER
4783,2002,2.0,0.797,0.799,PER
4784,2003,2.0,0.797,0.804,PER
4785,2004,2.0,0.795,0.804,PER
4786,2005,2.0,0.795,0.819,PER
4787,2006,2.0,0.793,0.809,PER
4788,2007,2.0,0.801,0.791,PER
4789,2008,2.0,0.805,0.791,PER
4790,2009,2.0,0.799,0.791,PER
4791,2010,2.0,0.806,0.797,PER
4792,2011,2.0,0.811,0.806,PER
4793,2012,2.0,0.823,0.832,PER
4794,2013,2.0,0.82,0.82,PER
4795,2014,2.0,0.82,0.823,PER
4796,2015,2.0,0.816,0.835,PER
4797,2016,2.0,0.781,0.848,PER
4798,2017,2.0,0.788,0.859,PER
4799,2018,2.0,0.807,0.864,PER
4800,2019,2.0,0.802,0.87,PER
4801,2020,2.0,0.819,0.864,PER
4802,2021,2.0,0.77,0.86,PER
4803,2022,2.0,0.745,0.85,PER
4804,2023,2.0,0.712,0.818,PER
4852,1950,0.0,0.245,0.298,SEN
4853,1951,0.0,0.245,0.298,SEN
4854,1952,0.0,0.244,0.298,SEN
4855,1953,0.0,0.237,0.298,SEN
4856,1954,0.0,0.237,0.298,SEN
4857,1955,0.0,0.237,0.298,SEN
4858,1956,0.0,0.237,0.298,SEN
4859,1957,0.0,0.245,0.298,SEN
4860,1958,0.0,0.246,0.298,SEN
4861,1959,0.0,0.246,0.32,SEN
4862,1960,1.0,0.311,0.625,SEN
4863,1961,1.0,0.394,0.626,SEN
4864,1962,1.0,0.394,0.642,SEN
4865,1963,1.0,0.388,0.65,SEN
4866,1964,1.0,0.327,0.65,SEN
4867,1965,1.0,0.327,0.65,SEN
4868,1966,1.0,0.325,0.65,SEN
4869,1967,1.0,0.325,0.65,SEN
4870,1968,1.0,0.348,0.65,SEN
4871,1969,1.0,0.366,0.65,SEN
4872,1970,1.0,0.377,0.665,SEN
4873,1971,1.0,0.377,0.663,SEN
4874,1972,1.0,0.381,0.663,SEN
4875,1973,1.0,0.369,0.663,SEN
4876,1974,1.0,0.364,0.663,SEN
4877,1975,1.0,0.364,0.663,SEN
4878,1976,1.0,0.373,0.672,SEN
4879,1977,1.0,0.373,0.672,SEN
4880,1978,1.0,0.395,0.672,SEN
4881,1979,1.0,0.399,0.672,SEN
4882,1980,1.0,0.414,0.675,SEN
4883,1981,1.0,0.447,0.69,SEN
4884,1982,1.0,0.466,0.693,SEN
4885,1983,1.0,0.49,0.695,SEN
4886,1984,1.0,0.494,0.695,SEN
4887,1985,1.0,0.494,0.695,SEN
4888,1986,1.0,0.494,0.695,SEN
4889,1987,1.0,0.494,0.695,SEN
4890,1988,1.0,0.492,0.695,SEN
4891,1989,1.0,0.492,0.695,SEN
4892,1990,2.0,0.511,0.711,SEN
4893,1991,2.0,0.523,0.711,SEN
4894,1992,2.0,0.537,0.711,SEN
4895,1993,2.0,0.613,0.711,SEN
4896,1994,2.0,0.629,0.711,SEN
4897,1995,2.0,0.637,0.711,SEN
4898,1996,2.0,0.642,0.711,SEN
4899,1997,2.0,0.642,0.715,SEN
4900,1998,2.0,0.641,0.715,SEN
4901,1999,2.0,0.641,0.715,SEN
4902,2000,2.0,0.676,0.728,SEN
4903,2001,2.0,0.604,0.653,SEN
4904,2002,2.0,0.688,0.749,SEN
4905,2003,2.0,0.688,0.749,SEN
4906,2004,2.0,0.688,0.749,SEN
4907,2005,2.0,0.688,0.749,SEN
4908,2006,2.0,0.688,0.749,SEN
4909,2007,2.0,0.674,0.749,SEN
4910,2008,2.0,0.669,0.749,SEN
4911,2009,2.0,0.669,0.749,SEN
4912,2010,2.0,0.683,0.752,SEN
4913,2011,2.0,0.683,0.752,SEN
4914,2012,2.0,0.692,0.755,SEN
4915,2013,2.0,0.725,0.787,SEN
4916,2014,2.0,0.729,0.787,SEN
4917,2015,2.0,0.729,0.797,SEN
4918,2016,2.0,0.728,0.777,SEN
4919,2017,2.0,0.701,0.778,SEN
4920,2018,2.0,0.694,0.76,SEN
4921,2019,2.0,0.7,0.756,SEN
4922,2020,2.0,0.742,0.748,SEN
4923,2021,2.0,0.724,0.758,SEN
4924,2022,2.0,0.695,0.758,SEN
4925,2023,2.0,0.626,0.71,SEN
4927,2011,0.0,0.196,0.284,SSD
4928,2012,0.0,0.196,0.283,SSD
4929,2013,0.0,0.172,0.21,SSD
4930,2014,0.0,0.164,0.19,SSD
4931,2015,0.0,0.167,0.181,SSD
4932,2016,0.0,0.16,0.14,SSD
4933,2017,0.0,0.158,0.166,SSD
4934,2018,0.0,0.153,0.139,SSD
4935,2019,0.0,0.16,0.18,SSD
4936,2020,0.0,0.169,0.192,SSD
4937,2021,0.0,0.133,0.175,SSD
4938,2022,0.0,0.127,0.196,SSD
4939,2023,0.0,0.159,0.21,SSD
4991,1950,0.0,0.107,0.198,SDN
4992,1951,0.0,0.107,0.198,SDN
4993,1952,0.0,0.107,0.198,SDN
4994,1953,0.0,0.167,0.267,SDN
4995,1954,1.0,0.228,0.267,SDN
4996,1955,1.0,0.242,0.266,SDN
4997,1956,1.0,0.291,0.334,SDN
4998,1957,1.0,0.29,0.344,SDN
4999,1958,0.0,0.259,0.382,SDN
5000,1959,0.0,0.078,0.18,SDN
5001,1960,0.0,0.073,0.177,SDN
5002,1961,0.0,0.073,0.177,SDN
5003,1962,0.0,0.073,0.175,SDN
5004,1963,0.0,0.072,0.175,SDN
5005,1964,0.0,0.105,0.23,SDN
5006,1965,1.0,0.208,0.291,SDN
5007,1966,0.0,0.204,0.291,SDN
5008,1967,0.0,0.204,0.291,SDN
5009,1968,1.0,0.227,0.289,SDN
5010,1969,0.0,0.099,0.186,SDN
5011,1970,0.0,0.101,0.17,SDN
5012,1971,1.0,0.11,0.17,SDN
5013,1972,1.0,0.145,0.173,SDN
5014,1973,1.0,0.146,0.172,SDN
5015,1974,1.0,0.152,0.205,SDN
5016,1975,1.0,0.162,0.24,SDN
5017,1976,1.0,0.162,0.24,SDN
5018,1977,1.0,0.161,0.238,SDN
5019,1978,1.0,0.177,0.238,SDN
5020,1979,1.0,0.182,0.24,SDN
5021,1980,1.0,0.173,0.226,SDN
5022,1981,1.0,0.186,0.237,SDN
5023,1982,1.0,0.165,0.223,SDN
5024,1983,1.0,0.185,0.224,SDN
5025,1984,1.0,0.2,0.23,SDN
5026,1985,0.0,0.213,0.277,SDN
5027,1986,1.0,0.332,0.302,SDN
5028,1987,1.0,0.371,0.328,SDN
5029,1988,1.0,0.371,0.319,SDN
5030,1989,0.0,0.17,0.16,SDN
5031,1990,0.0,0.087,0.026,SDN
5032,1991,0.0,0.087,0.025,SDN
5033,1992,0.0,0.088,0.055,SDN
5034,1993,0.0,0.088,0.047,SDN
5035,1994,0.0,0.09,0.047,SDN
5036,1995,0.0,0.09,0.047,SDN
5037,1996,1.0,0.138,0.047,SDN
5038,1997,1.0,0.153,0.047,SDN
5039,1998,1.0,0.153,0.047,SDN
5040,1999,1.0,0.151,0.084,SDN
5041,2000,1.0,0.132,0.027,SDN
5042,2001,1.0,0.176,0.072,SDN
5043,2002,1.0,0.175,0.072,SDN
5044,2003,1.0,0.175,0.072,SDN
5045,2004,1.0,0.181,0.078,SDN
5046,2005,1.0,0.205,0.145,SDN
5047,2006,1.0,0.207,0.144,SDN
5048,2007,1.0,0.205,0.148,SDN
5049,2008,1.0,0.207,0.148,SDN
5050,2009,1.0,0.208,0.143,SDN
5051,2010,1.0,0.222,0.145,SDN
5052,2011,1.0,0.219,0.123,SDN
5053,2012,1.0,0.216,0.128,SDN
5054,2013,1.0,0.216,0.136,SDN
5055,2014,1.0,0.216,0.133,SDN
5056,2015,1.0,0.23,0.135,SDN
5057,2016,1.0,0.232,0.136,SDN
5058,2017,1.0,0.238,0.161,SDN
5059,2018,1.0,0.238,0.138,SDN
5060,2019,1.0,0.199,0.182,SDN
5061,2020,0.0,0.164,0.165,SDN
5062,2021,0.0,0.159,0.157,SDN
5063,2022,0.0,0.157,0.156,SDN
5064,2023,0.0,0.133,0.129,SDN
5071,1950,1.0,0.258,0.269,VNM
5072,1951,1.0,0.247,0.225,VNM
5073,1952,1.0,0.246,0.225,VNM
5074,1953,1.0,0.246,0.212,VNM
5075,1954,1.0,0.241,0.203,VNM
5076,1955,1.0,0.233,0.195,VNM
5077,1956,1.0,0.228,0.186,VNM
5078,1957,1.0,0.223,0.189,VNM
5079,1958,1.0,0.221,0.184,VNM
5080,1959,1.0,0.221,0.181,VNM
5081,1960,1.0,0.218,0.18,VNM
5082,1961,1.0,0.216,0.169,VNM
5083,1962,1.0,0.216,0.169,VNM
5084,1963,1.0,0.216,0.169,VNM
5085,1964,1.0,0.217,0.169,VNM
5086,1965,1.0,0.218,0.169,VNM
5087,1966,1.0,0.218,0.169,VNM
5088,1967,1.0,0.218,0.169,VNM
5089,1968,1.0,0.218,0.169,VNM
5090,1969,1.0,0.218,0.167,VNM
5091,1970,1.0,0.218,0.167,VNM
5092,1971,1.0,0.217,0.167,VNM
5093,1972,1.0,0.217,0.167,VNM
5094,1973,1.0,0.217,0.167,VNM
5095,1974,1.0,0.217,0.167,VNM
5096,1975,1.0,0.214,0.167,VNM
5097,1976,1.0,0.211,0.168,VNM
5098,1977,0.0,0.212,0.168,VNM
5099,1978,0.0,0.149,0.168,VNM
5100,1979,0.0,0.149,0.172,VNM
5101,1980,0.0,0.148,0.174,VNM
5102,1981,0.0,0.146,0.174,VNM
5103,1982,0.0,0.144,0.174,VNM
5104,1983,0.0,0.144,0.174,VNM
5105,1984,0.0,0.144,0.174,VNM
5106,1985,0.0,0.144,0.175,VNM
5107,1986,0.0,0.155,0.191,VNM
5108,1987,0.0,0.164,0.193,VNM
5109,1988,0.0,0.166,0.192,VNM
5110,1989,0.0,0.162,0.196,VNM
5111,1990,0.0,0.154,0.217,VNM
5112,1991,0.0,0.155,0.225,VNM
5113,1992,0.0,0.154,0.233,VNM
5114,1993,0.0,0.152,0.246,VNM
5115,1994,0.0,0.152,0.256,VNM
5116,1995,0.0,0.152,0.256,VNM
5117,1996,0.0,0.154,0.256,VNM
5118,1997,0.0,0.153,0.256,VNM
5119,1998,0.0,0.151,0.261,VNM
5120,1999,0.0,0.151,0.279,VNM
5121,2000,0.0,0.151,0.289,VNM
5122,2001,0.0,0.151,0.291,VNM
5123,2002,0.0,0.148,0.297,VNM
5124,2003,0.0,0.147,0.297,VNM
5125,2004,0.0,0.148,0.294,VNM
5126,2005,0.0,0.146,0.355,VNM
5127,2006,0.0,0.148,0.357,VNM
5128,2007,0.0,0.148,0.359,VNM
5129,2008,0.0,0.149,0.359,VNM
5130,2009,0.0,0.149,0.359,VNM
5131,2010,0.0,0.149,0.36,VNM
5132,2011,0.0,0.149,0.36,VNM
5133,2012,0.0,0.149,0.359,VNM
5134,2013,0.0,0.147,0.387,VNM
5135,2014,0.0,0.147,0.387,VNM
5136,2015,0.0,0.147,0.387,VNM
5137,2016,0.0,0.151,0.396,VNM
5138,2017,0.0,0.151,0.381,VNM
5139,2018,1.0,0.162,0.364,VNM
5140,2019,1.0,0.214,0.332,VNM
5141,2020,1.0,0.211,0.295,VNM
5142,2021,0.0,0.17,0.34,VNM
5143,2022,0.0,0.153,0.35,VNM
5144,2023,0.0,0.148,0.366,VNM
5294,1950,0.0,0.161,0.193,Republic of Vietnam
5295,1951,0.0,0.161,0.193,Republic of Vietnam
5296,1952,0.0,0.161,0.193,Republic of Vietnam
5297,1953,0.0,0.161,0.193,Republic of Vietnam
5298,1954,0.0,0.158,0.186,Republic of Vietnam
5299,1955,1.0,0.177,0.163,Republic of Vietnam
5300,1956,1.0,0.291,0.371,Republic of Vietnam
5301,1957,1.0,0.299,0.401,Republic of Vietnam
5302,1958,1.0,0.299,0.401,Republic of Vietnam
5303,1959,1.0,0.298,0.401,Republic of Vietnam
5304,1960,1.0,0.296,0.401,Republic of Vietnam
5305,1961,1.0,0.295,0.401,Republic of Vietnam
5306,1962,1.0,0.295,0.401,Republic of Vietnam
5307,1963,1.0,0.278,0.362,Republic of Vietnam
5308,1964,0.0,0.163,0.178,Republic of Vietnam
5309,1965,0.0,0.156,0.18,Republic of Vietnam
5310,1966,0.0,0.174,0.18,Republic of Vietnam
5311,1967,1.0,0.199,0.228,Republic of Vietnam
5312,1968,1.0,0.316,0.466,Republic of Vietnam
5313,1969,1.0,0.316,0.466,Republic of Vietnam
5314,1970,1.0,0.316,0.466,Republic of Vietnam
5315,1971,1.0,0.318,0.466,Republic of Vietnam
5316,1972,1.0,0.321,0.466,Republic of Vietnam
5317,1973,1.0,0.321,0.466,Republic of Vietnam
5318,1974,1.0,0.321,0.466,Republic of Vietnam
5319,1975,1.0,0.319,0.468,Republic of Vietnam
5481,1950,0.0,0.1,0.239,AFG
5482,1951,0.0,0.1,0.239,AFG
5483,1952,0.0,0.089,0.239,AFG
5484,1953,0.0,0.086,0.239,AFG
5485,1954,0.0,0.079,0.239,AFG
5486,1955,0.0,0.082,0.239,AFG
5487,1956,0.0,0.083,0.239,AFG
5488,1957,0.0,0.083,0.239,AFG
5489,1958,0.0,0.08,0.239,AFG
5490,1959,0.0,0.08,0.239,AFG
5491,1960,0.0,0.082,0.239,AFG
5492,1961,0.0,0.083,0.239,AFG
5493,1962,0.0,0.083,0.239,AFG
5494,1963,0.0,0.086,0.252,AFG
5495,1964,0.0,0.139,0.298,AFG
5496,1965,0.0,0.152,0.299,AFG
5497,1966,0.0,0.164,0.299,AFG
5498,1967,0.0,0.166,0.299,AFG
5499,1968,0.0,0.166,0.299,AFG
5500,1969,0.0,0.165,0.299,AFG
5501,1970,0.0,0.163,0.299,AFG
5502,1971,0.0,0.163,0.299,AFG
5503,1972,0.0,0.157,0.295,AFG
5504,1973,0.0,0.153,0.242,AFG
5505,1974,0.0,0.104,0.161,AFG
5506,1975,0.0,0.105,0.161,AFG
5507,1976,0.0,0.105,0.161,AFG
5508,1977,0.0,0.102,0.161,AFG
5509,1978,0.0,0.087,0.169,AFG
5510,1979,0.0,0.084,0.157,AFG
5511,1980,0.0,0.084,0.142,AFG
5512,1981,0.0,0.085,0.148,AFG
5513,1982,0.0,0.084,0.152,AFG
5514,1983,0.0,0.085,0.152,AFG
5515,1984,0.0,0.084,0.152,AFG
5516,1985,0.0,0.084,0.152,AFG
5517,1986,0.0,0.084,0.152,AFG
5518,1987,0.0,0.084,0.152,AFG
5519,1988,0.0,0.092,0.156,AFG
5520,1989,0.0,0.094,0.156,AFG
5521,1990,0.0,0.093,0.145,AFG
5522,1991,0.0,0.093,0.134,AFG
5523,1992,0.0,0.096,0.095,AFG
5524,1993,0.0,0.094,0.061,AFG
5525,1994,0.0,0.094,0.062,AFG
5526,1995,0.0,0.094,0.06,AFG
5527,1996,0.0,0.076,0.056,AFG
5528,1997,0.0,0.073,0.072,AFG
5529,1998,0.0,0.073,0.072,AFG
5530,1999,0.0,0.073,0.072,AFG
5531,2000,0.0,0.073,0.072,AFG
5532,2001,0.0,0.084,0.091,AFG
5533,2002,0.0,0.22,0.207,AFG
5534,2003,0.0,0.227,0.209,AFG
5535,2004,1.0,0.238,0.216,AFG
5536,2005,1.0,0.319,0.215,AFG
5537,2006,1.0,0.373,0.408,AFG
5538,2007,1.0,0.373,0.414,AFG
5539,2008,1.0,0.379,0.415,AFG
5540,2009,1.0,0.37,0.411,AFG
5541,2010,1.0,0.353,0.427,AFG
5542,2011,1.0,0.358,0.428,AFG
5543,2012,1.0,0.362,0.426,AFG
5544,2013,1.0,0.357,0.437,AFG
5545,2014,1.0,0.355,0.437,AFG
5546,2015,1.0,0.353,0.447,AFG
5547,2016,1.0,0.34,0.422,AFG
5548,2017,1.0,0.339,0.415,AFG
5549,2018,1.0,0.336,0.395,AFG
5550,2019,1.0,0.338,0.354,AFG
5551,2020,1.0,0.335,0.362,AFG
5552,2021,1.0,0.144,0.104,AFG
5553,2022,0.0,0.076,0.028,AFG
5554,2023,0.0,0.073,0.045,AFG
5717,1950,1.0,0.349,0.433,ARG
5718,1951,1.0,0.34,0.433,ARG
5719,1952,1.0,0.338,0.429,ARG
5720,1953,1.0,0.337,0.428,ARG
5721,1954,1.0,0.331,0.428,ARG
5722,1955,1.0,0.289,0.36,ARG
5723,1956,0.0,0.151,0.322,ARG
5724,1957,0.0,0.186,0.344,ARG
5725,1958,1.0,0.385,0.515,ARG
5726,1959,1.0,0.482,0.664,ARG
5727,1960,1.0,0.49,0.668,ARG
5728,1961,1.0,0.492,0.681,ARG
5729,1962,1.0,0.274,0.527,ARG
5730,1963,1.0,0.308,0.544,ARG
5731,1964,2.0,0.525,0.779,ARG
5732,1965,2.0,0.526,0.788,ARG
5733,1966,1.0,0.228,0.567,ARG
5734,1967,0.0,0.103,0.31,ARG
5735,1968,0.0,0.106,0.29,ARG
5736,1969,0.0,0.108,0.28,ARG
5737,1970,0.0,0.109,0.318,ARG
5738,1971,0.0,0.121,0.318,ARG
5739,1972,0.0,0.13,0.316,ARG
5740,1973,1.0,0.456,0.516,ARG
5741,1974,2.0,0.565,0.498,ARG
5742,1975,2.0,0.513,0.487,ARG
5743,1976,1.0,0.134,0.2,ARG
5744,1977,0.0,0.071,0.176,ARG
5745,1978,0.0,0.071,0.175,ARG
5746,1979,0.0,0.071,0.175,ARG
5747,1980,0.0,0.071,0.18,ARG
5748,1981,0.0,0.071,0.18,ARG
5749,1982,0.0,0.074,0.18,ARG
5750,1983,1.0,0.268,0.563,ARG
5751,1984,2.0,0.832,0.794,ARG
5752,1985,2.0,0.832,0.794,ARG
5753,1986,2.0,0.831,0.794,ARG
5754,1987,2.0,0.831,0.794,ARG
5755,1988,2.0,0.83,0.794,ARG
5756,1989,2.0,0.828,0.791,ARG
5757,1990,2.0,0.827,0.713,ARG
5758,1991,2.0,0.829,0.728,ARG
5759,1992,2.0,0.831,0.729,ARG
5760,1993,2.0,0.83,0.729,ARG
5761,1994,2.0,0.835,0.729,ARG
5762,1995,2.0,0.833,0.743,ARG
5763,1996,2.0,0.827,0.737,ARG
5764,1997,2.0,0.828,0.737,ARG
5765,1998,2.0,0.83,0.734,ARG
5766,1999,2.0,0.83,0.742,ARG
5767,2000,2.0,0.836,0.784,ARG
5768,2001,2.0,0.835,0.798,ARG
5769,2002,2.0,0.825,0.784,ARG
5770,2003,2.0,0.81,0.772,ARG
5771,2004,2.0,0.804,0.777,ARG
5772,2005,2.0,0.801,0.764,ARG
5773,2006,2.0,0.789,0.764,ARG
5774,2007,2.0,0.784,0.762,ARG
5775,2008,2.0,0.765,0.749,ARG
5776,2009,2.0,0.764,0.749,ARG
5777,2010,2.0,0.761,0.753,ARG
5778,2011,2.0,0.762,0.745,ARG
5779,2012,2.0,0.766,0.737,ARG
5780,2013,2.0,0.774,0.739,ARG
5781,2014,2.0,0.786,0.738,ARG
5782,2015,2.0,0.776,0.751,ARG
5783,2016,2.0,0.753,0.812,ARG
5784,2017,2.0,0.754,0.799,ARG
5785,2018,2.0,0.783,0.794,ARG
5786,2019,2.0,0.788,0.775,ARG
5787,2020,2.0,0.805,0.778,ARG
5788,2021,2.0,0.797,0.784,ARG
5789,2022,2.0,0.832,0.768,ARG
5790,2023,2.0,0.838,0.813,ARG
5953,1950,0.0,0.014,0.096,ETH
5954,1951,0.0,0.014,0.096,ETH
5955,1952,0.0,0.014,0.096,ETH
5956,1953,0.0,0.014,0.096,ETH
5957,1954,0.0,0.014,0.096,ETH
5958,1955,0.0,0.03,0.104,ETH
5959,1956,0.0,0.093,0.104,ETH
5960,1957,0.0,0.093,0.104,ETH
5961,1958,0.0,0.094,0.104,ETH
5962,1959,0.0,0.094,0.104,ETH
5963,1960,0.0,0.094,0.107,ETH
5964,1961,0.0,0.094,0.11,ETH
5965,1962,0.0,0.094,0.111,ETH
5966,1963,0.0,0.094,0.111,ETH
5967,1964,0.0,0.094,0.111,ETH
5968,1965,0.0,0.094,0.111,ETH
5969,1966,0.0,0.094,0.111,ETH
5970,1967,0.0,0.094,0.111,ETH
5971,1968,0.0,0.094,0.111,ETH
5972,1969,0.0,0.094,0.111,ETH
5973,1970,0.0,0.093,0.114,ETH
5974,1971,0.0,0.093,0.114,ETH
5975,1972,0.0,0.094,0.116,ETH
5976,1973,0.0,0.094,0.113,ETH
5977,1974,0.0,0.086,0.092,ETH
5978,1975,0.0,0.077,0.042,ETH
5979,1976,0.0,0.072,0.044,ETH
5980,1977,0.0,0.072,0.044,ETH
5981,1978,0.0,0.072,0.044,ETH
5982,1979,0.0,0.072,0.044,ETH
5983,1980,0.0,0.072,0.045,ETH
5984,1981,0.0,0.072,0.046,ETH
5985,1982,0.0,0.072,0.046,ETH
5986,1983,0.0,0.072,0.046,ETH
5987,1984,0.0,0.072,0.046,ETH
5988,1985,0.0,0.072,0.046,ETH
5989,1986,0.0,0.072,0.046,ETH
5990,1987,0.0,0.099,0.052,ETH
5991,1988,0.0,0.15,0.07,ETH
5992,1989,0.0,0.15,0.07,ETH
5993,1990,0.0,0.15,0.075,ETH
5994,1991,0.0,0.202,0.196,ETH
5995,1992,0.0,0.231,0.242,ETH
5996,1993,0.0,0.231,0.243,ETH
5997,1994,1.0,0.194,0.228,ETH
5998,1995,1.0,0.222,0.25,ETH
5999,1996,1.0,0.243,0.277,ETH
6000,1997,1.0,0.243,0.277,ETH
6001,1998,1.0,0.243,0.277,ETH
6002,1999,1.0,0.243,0.277,ETH
6003,2000,1.0,0.242,0.277,ETH
6004,2001,1.0,0.243,0.277,ETH
6005,2002,1.0,0.243,0.277,ETH
6006,2003,1.0,0.243,0.278,ETH
6007,2004,1.0,0.241,0.278,ETH
6008,2005,1.0,0.256,0.278,ETH
6009,2006,1.0,0.241,0.274,ETH
6010,2007,1.0,0.243,0.28,ETH
6011,2008,1.0,0.244,0.279,ETH
6012,2009,1.0,0.243,0.281,ETH
6013,2010,1.0,0.23,0.282,ETH
6014,2011,1.0,0.225,0.281,ETH
6015,2012,1.0,0.226,0.28,ETH
6016,2013,1.0,0.226,0.27,ETH
6017,2014,1.0,0.229,0.267,ETH
6018,2015,1.0,0.229,0.261,ETH
6019,2016,1.0,0.227,0.256,ETH
6020,2017,1.0,0.228,0.249,ETH
6021,2018,1.0,0.272,0.319,ETH
6022,2019,1.0,0.335,0.341,ETH
6023,2020,1.0,0.321,0.332,ETH
6024,2021,1.0,0.293,0.322,ETH
6025,2022,1.0,0.3,0.296,ETH
6026,2023,1.0,0.282,0.236,ETH
6189,1950,0.0,0.272,0.739,IND
6190,1951,1.0,0.312,0.746,IND
6191,1952,2.0,0.593,0.752,IND
6192,1953,2.0,0.658,0.752,IND
6193,1954,2.0,0.658,0.752,IND
6194,1955,2.0,0.658,0.752,IND
6195,1956,2.0,0.658,0.754,IND
6196,1957,2.0,0.665,0.754,IND
6197,1958,2.0,0.666,0.754,IND
6198,1959,2.0,0.666,0.754,IND
6199,1960,2.0,0.666,0.754,IND
6200,1961,2.0,0.666,0.754,IND
6201,1962,2.0,0.648,0.754,IND
6202,1963,2.0,0.646,0.754,IND
6203,1964,2.0,0.641,0.754,IND
6204,1965,2.0,0.636,0.736,IND
6205,1966,2.0,0.64,0.736,IND
6206,1967,2.0,0.651,0.736,IND
6207,1968,2.0,0.651,0.736,IND
6208,1969,2.0,0.651,0.736,IND
6209,1970,2.0,0.659,0.721,IND
6210,1971,2.0,0.612,0.721,IND
6211,1972,2.0,0.607,0.721,IND
6212,1973,2.0,0.607,0.721,IND
6213,1974,2.0,0.568,0.721,IND
6214,1975,1.0,0.386,0.632,IND
6215,1976,1.0,0.378,0.586,IND
6216,1977,1.0,0.498,0.632,IND
6217,1978,2.0,0.654,0.766,IND
6218,1979,2.0,0.656,0.766,IND
6219,1980,2.0,0.65,0.758,IND
6220,1981,2.0,0.647,0.754,IND
6221,1982,2.0,0.65,0.754,IND
6222,1983,2.0,0.651,0.754,IND
6223,1984,2.0,0.651,0.751,IND
6224,1985,2.0,0.661,0.762,IND
6225,1986,2.0,0.67,0.764,IND
6226,1987,2.0,0.67,0.764,IND
6227,1988,2.0,0.663,0.764,IND
6228,1989,2.0,0.664,0.764,IND
6229,1990,2.0,0.693,0.762,IND
6230,1991,2.0,0.714,0.768,IND
6231,1992,2.0,0.725,0.768,IND
6232,1993,2.0,0.729,0.771,IND
6233,1994,2.0,0.736,0.771,IND
6234,1995,2.0,0.736,0.771,IND
6235,1996,2.0,0.74,0.78,IND
6236,1997,2.0,0.741,0.781,IND
6237,1998,2.0,0.748,0.777,IND
6238,1999,2.0,0.743,0.781,IND
6239,2000,2.0,0.728,0.781,IND
6240,2001,2.0,0.728,0.781,IND
6241,2002,2.0,0.731,0.779,IND
6242,2003,2.0,0.732,0.776,IND
6243,2004,2.0,0.73,0.776,IND
6244,2005,2.0,0.72,0.777,IND
6245,2006,2.0,0.722,0.777,IND
6246,2007,2.0,0.722,0.777,IND
6247,2008,2.0,0.722,0.777,IND
6248,2009,2.0,0.69,0.777,IND
6249,2010,2.0,0.672,0.785,IND
6250,2011,2.0,0.672,0.783,IND
6251,2012,2.0,0.66,0.781,IND
6252,2013,2.0,0.658,0.788,IND
6253,2014,2.0,0.622,0.775,IND
6254,2015,2.0,0.546,0.746,IND
6255,2016,2.0,0.526,0.737,IND
6256,2017,1.0,0.481,0.71,IND
6257,2018,1.0,0.476,0.702,IND
6258,2019,1.0,0.431,0.672,IND
6259,2020,1.0,0.394,0.65,IND
6260,2021,1.0,0.397,0.685,IND
6261,2022,1.0,0.388,0.655,IND
6262,2023,1.0,0.373,0.624,IND
6314,1950,0.0,0.084,0.183,KEN
6315,1951,0.0,0.085,0.183,KEN
6316,1952,0.0,0.08,0.18,KEN
6317,1953,0.0,0.077,0.18,KEN
6318,1954,0.0,0.077,0.18,KEN
6319,1955,0.0,0.081,0.18,KEN
6320,1956,0.0,0.093,0.18,KEN
6321,1957,0.0,0.096,0.224,KEN
6322,1958,0.0,0.1,0.224,KEN
6323,1959,0.0,0.102,0.224,KEN
6324,1960,0.0,0.112,0.246,KEN
6325,1961,0.0,0.118,0.24,KEN
6326,1962,0.0,0.122,0.237,KEN
6327,1963,1.0,0.21,0.331,KEN
6328,1964,1.0,0.237,0.395,KEN
6329,1965,1.0,0.273,0.397,KEN
6330,1966,1.0,0.248,0.398,KEN
6331,1967,1.0,0.221,0.393,KEN
6332,1968,1.0,0.216,0.393,KEN
6333,1969,1.0,0.2,0.379,KEN
6334,1970,1.0,0.196,0.327,KEN
6335,1971,1.0,0.197,0.327,KEN
6336,1972,1.0,0.197,0.327,KEN
6337,1973,1.0,0.198,0.327,KEN
6338,1974,1.0,0.2,0.332,KEN
6339,1975,1.0,0.21,0.326,KEN
6340,1976,1.0,0.21,0.327,KEN
6341,1977,1.0,0.211,0.327,KEN
6342,1978,1.0,0.209,0.314,KEN
6343,1979,1.0,0.209,0.316,KEN
6344,1980,1.0,0.204,0.307,KEN
6345,1981,1.0,0.204,0.307,KEN
6346,1982,1.0,0.195,0.301,KEN
6347,1983,1.0,0.192,0.292,KEN
6348,1984,1.0,0.181,0.289,KEN
6349,1985,1.0,0.181,0.289,KEN
6350,1986,1.0,0.182,0.289,KEN
6351,1987,1.0,0.182,0.289,KEN
6352,1988,1.0,0.176,0.276,KEN
6353,1989,1.0,0.175,0.28,KEN
6354,1990,1.0,0.189,0.366,KEN
6355,1991,1.0,0.204,0.381,KEN
6356,1992,1.0,0.29,0.47,KEN
6357,1993,1.0,0.332,0.486,KEN
6358,1994,1.0,0.333,0.486,KEN
6359,1995,1.0,0.336,0.486,KEN
6360,1996,1.0,0.336,0.486,KEN
6361,1997,1.0,0.336,0.486,KEN
6362,1998,1.0,0.36,0.493,KEN
6363,1999,1.0,0.36,0.493,KEN
6364,2000,1.0,0.373,0.553,KEN
6365,2001,1.0,0.374,0.553,KEN
6366,2002,1.0,0.416,0.598,KEN
6367,2003,2.0,0.514,0.629,KEN
6368,2004,2.0,0.514,0.629,KEN
6369,2005,2.0,0.514,0.639,KEN
6370,2006,2.0,0.514,0.639,KEN
6371,2007,1.0,0.514,0.633,KEN
6372,2008,1.0,0.41,0.641,KEN
6373,2009,1.0,0.415,0.646,KEN
6374,2010,1.0,0.426,0.771,KEN
6375,2011,1.0,0.43,0.771,KEN
6376,2012,1.0,0.432,0.763,KEN
6377,2013,2.0,0.519,0.755,KEN
6378,2014,2.0,0.535,0.753,KEN
6379,2015,2.0,0.535,0.753,KEN
6380,2016,2.0,0.533,0.758,KEN
6381,2017,1.0,0.51,0.763,KEN
6382,2018,1.0,0.493,0.751,KEN
6383,2019,1.0,0.497,0.754,KEN
6384,2020,1.0,0.498,0.759,KEN
6385,2021,1.0,0.511,0.81,KEN
6386,2022,2.0,0.548,0.801,KEN
6387,2023,2.0,0.566,0.791,KEN
6394,1950,0.0,0.097,0.042,PRK
6395,1951,0.0,0.097,0.042,PRK
6396,1952,0.0,0.097,0.042,PRK
6397,1953,0.0,0.097,0.042,PRK
6398,1954,0.0,0.096,0.042,PRK
6399,1955,0.0,0.096,0.041,PRK
6400,1956,0.0,0.096,0.041,PRK
6401,1957,0.0,0.095,0.04,PRK
6402,1958,0.0,0.093,0.039,PRK
6403,1959,0.0,0.093,0.039,PRK
6404,1960,0.0,0.093,0.037,PRK
6405,1961,0.0,0.093,0.037,PRK
6406,1962,0.0,0.092,0.037,PRK
6407,1963,0.0,0.09,0.037,PRK
6408,1964,0.0,0.09,0.037,PRK
6409,1965,0.0,0.09,0.037,PRK
6410,1966,0.0,0.09,0.037,PRK
6411,1967,0.0,0.09,0.037,PRK
6412,1968,0.0,0.088,0.037,PRK
6413,1969,0.0,0.088,0.037,PRK
6414,1970,0.0,0.088,0.037,PRK
6415,1971,0.0,0.088,0.037,PRK
6416,1972,0.0,0.087,0.037,PRK
6417,1973,0.0,0.087,0.034,PRK
6418,1974,0.0,0.087,0.034,PRK
6419,1975,0.0,0.087,0.034,PRK
6420,1976,0.0,0.087,0.034,PRK
6421,1977,0.0,0.087,0.034,PRK
6422,1978,0.0,0.086,0.034,PRK
6423,1979,0.0,0.086,0.034,PRK
6424,1980,0.0,0.086,0.034,PRK
6425,1981,0.0,0.086,0.034,PRK
6426,1982,0.0,0.087,0.034,PRK
6427,1983,0.0,0.087,0.034,PRK
6428,1984,0.0,0.087,0.034,PRK
6429,1985,0.0,0.087,0.034,PRK
6430,1986,0.0,0.086,0.034,PRK
6431,1987,0.0,0.084,0.034,PRK
6432,1988,0.0,0.084,0.034,PRK
6433,1989,0.0,0.084,0.034,PRK
6434,1990,0.0,0.086,0.034,PRK
6435,1991,0.0,0.087,0.034,PRK
6436,1992,0.0,0.084,0.034,PRK
6437,1993,0.0,0.084,0.034,PRK
6438,1994,0.0,0.084,0.034,PRK
6439,1995,0.0,0.084,0.033,PRK
6440,1996,0.0,0.084,0.033,PRK
6441,1997,0.0,0.084,0.033,PRK
6442,1998,0.0,0.083,0.033,PRK
6443,1999,0.0,0.083,0.033,PRK
6444,2000,0.0,0.083,0.033,PRK
6445,2001,0.0,0.083,0.033,PRK
6446,2002,0.0,0.083,0.033,PRK
6447,2003,0.0,0.084,0.033,PRK
6448,2004,0.0,0.085,0.033,PRK
6449,2005,0.0,0.085,0.033,PRK
6450,2006,0.0,0.085,0.033,PRK
6451,2007,0.0,0.085,0.033,PRK
6452,2008,0.0,0.085,0.033,PRK
6453,2009,0.0,0.085,0.033,PRK
6454,2010,0.0,0.085,0.033,PRK
6455,2011,0.0,0.085,0.033,PRK
6456,2012,0.0,0.085,0.033,PRK
6457,2013,0.0,0.085,0.033,PRK
6458,2014,0.0,0.084,0.033,PRK
6459,2015,0.0,0.084,0.033,PRK
6460,2016,0.0,0.084,0.033,PRK
6461,2017,0.0,0.084,0.033,PRK
6462,2018,0.0,0.084,0.033,PRK
6463,2019,0.0,0.083,0.035,PRK
6464,2020,0.0,0.084,0.034,PRK
6465,2021,0.0,0.084,0.033,PRK
6466,2022,0.0,0.083,0.033,PRK
6467,2023,0.0,0.083,0.033,PRK
6630,1950,1.0,0.254,0.378,KOR
6631,1951,1.0,0.253,0.373,KOR
6632,1952,1.0,0.254,0.373,KOR
6633,1953,1.0,0.258,0.388,KOR
6634,1954,1.0,0.264,0.382,KOR
6635,1955,1.0,0.265,0.382,KOR
6636,1956,1.0,0.262,0.382,KOR
6637,1957,1.0,0.26,0.382,KOR
6638,1958,1.0,0.264,0.376,KOR
6639,1959,1.0,0.264,0.376,KOR
6640,1960,1.0,0.336,0.529,KOR
6641,1961,1.0,0.219,0.339,KOR
6642,1962,1.0,0.164,0.328,KOR
6643,1963,1.0,0.175,0.328,KOR
6644,1964,1.0,0.275,0.332,KOR
6645,1965,1.0,0.275,0.331,KOR
6646,1966,1.0,0.275,0.331,KOR
6647,1967,1.0,0.277,0.331,KOR
6648,1968,1.0,0.277,0.331,KOR
6649,1969,1.0,0.277,0.331,KOR
6650,1970,1.0,0.279,0.331,KOR
6651,1971,1.0,0.278,0.331,KOR
6652,1972,1.0,0.235,0.275,KOR
6653,1973,1.0,0.21,0.268,KOR
6654,1974,1.0,0.213,0.268,KOR
6655,1975,1.0,0.213,0.268,KOR
6656,1976,1.0,0.212,0.268,KOR
6657,1977,1.0,0.212,0.268,KOR
6658,1978,1.0,0.212,0.268,KOR
6659,1979,1.0,0.211,0.268,KOR
6660,1980,1.0,0.202,0.293,KOR
6661,1981,1.0,0.21,0.288,KOR
6662,1982,1.0,0.222,0.321,KOR
6663,1983,1.0,0.228,0.323,KOR
6664,1984,1.0,0.244,0.323,KOR
6665,1985,1.0,0.306,0.325,KOR
6666,1986,1.0,0.314,0.332,KOR
6667,1987,1.0,0.387,0.462,KOR
6668,1988,2.0,0.626,0.734,KOR
6669,1989,2.0,0.653,0.746,KOR
6670,1990,2.0,0.655,0.747,KOR
6671,1991,2.0,0.655,0.747,KOR
6672,1992,2.0,0.659,0.774,KOR
6673,1993,3.0,0.732,0.836,KOR
6674,1994,3.0,0.737,0.836,KOR
6675,1995,3.0,0.737,0.836,KOR
6676,1996,3.0,0.747,0.836,KOR
6677,1997,3.0,0.754,0.863,KOR
6678,1998,3.0,0.819,0.918,KOR
6679,1999,3.0,0.827,0.918,KOR
6680,2000,3.0,0.842,0.918,KOR
6681,2001,3.0,0.845,0.918,KOR
6682,2002,3.0,0.845,0.923,KOR
6683,2003,3.0,0.845,0.922,KOR
6684,2004,3.0,0.845,0.922,KOR
6685,2005,3.0,0.846,0.922,KOR
6686,2006,3.0,0.846,0.922,KOR
6687,2007,3.0,0.843,0.92,KOR
6688,2008,3.0,0.77,0.879,KOR
6689,2009,3.0,0.768,0.879,KOR
6690,2010,3.0,0.769,0.879,KOR
6691,2011,3.0,0.769,0.879,KOR
6692,2012,3.0,0.756,0.879,KOR
6693,2013,3.0,0.718,0.853,KOR
6694,2014,3.0,0.71,0.853,KOR
6695,2015,3.0,0.714,0.854,KOR
6696,2016,3.0,0.729,0.868,KOR
6697,2017,3.0,0.859,0.936,KOR
6698,2018,3.0,0.864,0.93,KOR
6699,2019,3.0,0.852,0.933,KOR
6700,2020,3.0,0.858,0.929,KOR
6701,2021,3.0,0.861,0.913,KOR
6702,2022,3.0,0.81,0.905,KOR
6703,2023,3.0,0.733,0.866,KOR
6705,1999,0.0,0.221,0.406,XKX
6706,2000,0.0,0.241,0.424,XKX
6707,2001,0.0,0.251,0.44,XKX
6708,2002,1.0,0.489,0.641,XKX
6709,2003,2.0,0.525,0.666,XKX
6710,2004,2.0,0.525,0.668,XKX
6711,2005,2.0,0.516,0.666,XKX
6712,2006,2.0,0.516,0.666,XKX
6713,2007,2.0,0.516,0.665,XKX
6714,2008,2.0,0.512,0.655,XKX
6715,2009,2.0,0.511,0.678,XKX
6716,2010,2.0,0.532,0.689,XKX
6717,2011,2.0,0.502,0.705,XKX
6718,2012,2.0,0.505,0.706,XKX
6719,2013,2.0,0.516,0.646,XKX
6720,2014,2.0,0.588,0.643,XKX
6721,2015,2.0,0.646,0.641,XKX
6722,2016,2.0,0.653,0.645,XKX
6723,2017,2.0,0.578,0.622,XKX
6724,2018,2.0,0.662,0.675,XKX
6725,2019,2.0,0.678,0.695,XKX
6726,2020,2.0,0.664,0.699,XKX
6727,2021,2.0,0.668,0.703,XKX
6728,2022,2.0,0.672,0.732,XKX
6729,2023,2.0,0.675,0.7,XKX
6763,1950,1.0,0.321,0.464,LBN
6764,1951,1.0,0.312,0.464,LBN
6765,1952,1.0,0.308,0.464,LBN
6766,1953,1.0,0.373,0.464,LBN
6767,1954,1.0,0.384,0.464,LBN
6768,1955,1.0,0.384,0.464,LBN
6769,1956,1.0,0.384,0.464,LBN
6770,1957,1.0,0.36,0.464,LBN
6771,1958,1.0,0.341,0.464,LBN
6772,1959,1.0,0.338,0.484,LBN
6773,1960,1.0,0.37,0.484,LBN
6774,1961,1.0,0.389,0.484,LBN
6775,1962,1.0,0.39,0.484,LBN
6776,1963,1.0,0.39,0.484,LBN
6777,1964,1.0,0.388,0.484,LBN
6778,1965,1.0,0.387,0.484,LBN
6779,1966,1.0,0.387,0.484,LBN
6780,1967,1.0,0.387,0.484,LBN
6781,1968,1.0,0.384,0.484,LBN
6782,1969,1.0,0.383,0.484,LBN
6783,1970,1.0,0.393,0.468,LBN
6784,1971,1.0,0.393,0.468,LBN
6785,1972,1.0,0.372,0.468,LBN
6786,1973,1.0,0.363,0.468,LBN
6787,1974,1.0,0.363,0.468,LBN
6788,1975,1.0,0.355,0.447,LBN
6789,1976,1.0,0.342,0.437,LBN
6790,1977,1.0,0.342,0.437,LBN
6791,1978,1.0,0.342,0.437,LBN
6792,1979,1.0,0.342,0.437,LBN
6793,1980,1.0,0.342,0.437,LBN
6794,1981,1.0,0.342,0.437,LBN
6795,1982,1.0,0.342,0.419,LBN
6796,1983,1.0,0.342,0.419,LBN
6797,1984,1.0,0.342,0.419,LBN
6798,1985,1.0,0.342,0.419,LBN
6799,1986,1.0,0.342,0.419,LBN
6800,1987,1.0,0.342,0.419,LBN
6801,1988,1.0,0.329,0.419,LBN
6802,1989,1.0,0.3,0.419,LBN
6803,1990,1.0,0.341,0.44,LBN
6804,1991,1.0,0.333,0.44,LBN
6805,1992,1.0,0.333,0.44,LBN
6806,1993,1.0,0.315,0.458,LBN
6807,1994,1.0,0.309,0.458,LBN
6808,1995,1.0,0.309,0.458,LBN
6809,1996,1.0,0.311,0.458,LBN
6810,1997,1.0,0.314,0.458,LBN
6811,1998,1.0,0.314,0.458,LBN
6812,1999,1.0,0.314,0.458,LBN
6813,2000,1.0,0.325,0.463,LBN
6814,2001,1.0,0.352,0.464,LBN
6815,2002,1.0,0.353,0.464,LBN
6816,2003,1.0,0.353,0.464,LBN
6817,2004,1.0,0.358,0.464,LBN
6818,2005,1.0,0.402,0.471,LBN
6819,2006,1.0,0.444,0.487,LBN
6820,2007,1.0,0.444,0.495,LBN
6821,2008,1.0,0.451,0.492,LBN
6822,2009,1.0,0.468,0.501,LBN
6823,2010,1.0,0.473,0.502,LBN
6824,2011,1.0,0.489,0.505,LBN
6825,2012,1.0,0.486,0.512,LBN
6826,2013,1.0,0.493,0.55,LBN
6827,2014,1.0,0.493,0.553,LBN
6828,2015,1.0,0.487,0.539,LBN
6829,2016,1.0,0.483,0.545,LBN
6830,2017,1.0,0.474,0.556,LBN
6831,2018,1.0,0.444,0.566,LBN
6832,2019,1.0,0.427,0.555,LBN
6833,2020,1.0,0.44,0.543,LBN
6834,2021,1.0,0.435,0.529,LBN
6835,2022,1.0,0.41,0.524,LBN
6836,2023,1.0,0.362,0.541,LBN
6874,1950,0.0,0.145,0.354,NGA
6875,1951,0.0,0.145,0.354,NGA
6876,1952,0.0,0.151,0.354,NGA
6877,1953,0.0,0.182,0.354,NGA
6878,1954,0.0,0.184,0.38,NGA
6879,1955,0.0,0.179,0.385,NGA
6880,1956,0.0,0.179,0.385,NGA
6881,1957,0.0,0.19,0.385,NGA
6882,1958,0.0,0.211,0.385,NGA
6883,1959,0.0,0.181,,NGA
6884,1960,0.0,0.25,0.546,NGA
6885,1961,0.0,0.249,0.547,NGA
6886,1962,0.0,0.249,0.547,NGA
6887,1963,0.0,0.249,0.547,NGA
6888,1964,0.0,0.249,0.525,NGA
6889,1965,0.0,0.233,0.525,NGA
6890,1966,0.0,0.214,0.292,NGA
6891,1967,0.0,0.182,0.235,NGA
6892,1968,0.0,0.182,0.235,NGA
6893,1969,0.0,0.182,0.235,NGA
6894,1970,0.0,0.182,0.236,NGA
6895,1971,0.0,0.182,0.245,NGA
6896,1972,0.0,0.182,0.264,NGA
6897,1973,0.0,0.18,0.264,NGA
6898,1974,0.0,0.18,0.264,NGA
6899,1975,0.0,0.182,0.262,NGA
6900,1976,0.0,0.182,0.262,NGA
6901,1977,0.0,0.19,0.262,NGA
6902,1978,0.0,0.201,0.267,NGA
6903,1979,1.0,0.265,0.365,NGA
6904,1980,1.0,0.382,0.561,NGA
6905,1981,1.0,0.382,0.569,NGA
6906,1982,1.0,0.382,0.569,NGA
6907,1983,1.0,0.312,0.537,NGA
6908,1984,0.0,0.187,0.265,NGA
6909,1985,0.0,0.19,0.268,NGA
6910,1986,0.0,0.193,0.27,NGA
6911,1987,0.0,0.193,0.27,NGA
6912,1988,0.0,0.193,0.27,NGA
6913,1989,0.0,0.201,0.27,NGA
6914,1990,0.0,0.203,0.273,NGA
6915,1991,0.0,0.204,0.274,NGA
6916,1992,0.0,0.222,0.285,NGA
6917,1993,1.0,0.23,0.409,NGA
6918,1994,0.0,0.194,0.267,NGA
6919,1995,0.0,0.191,0.265,NGA
6920,1996,0.0,0.191,0.264,NGA
6921,1997,0.0,0.201,0.264,NGA
6922,1998,0.0,0.222,0.28,NGA
6923,1999,1.0,0.379,0.513,NGA
6924,2000,1.0,0.475,0.614,NGA
6925,2001,1.0,0.475,0.614,NGA
6926,2002,1.0,0.475,0.614,NGA
6927,2003,1.0,0.43,0.614,NGA
6928,2004,1.0,0.413,0.614,NGA
6929,2005,1.0,0.413,0.614,NGA
6930,2006,1.0,0.416,0.613,NGA
6931,2007,1.0,0.41,0.629,NGA
6932,2008,1.0,0.416,0.634,NGA
6933,2009,1.0,0.414,0.634,NGA
6934,2010,1.0,0.428,0.653,NGA
6935,2011,1.0,0.49,0.648,NGA
6936,2012,2.0,0.505,0.645,NGA
6937,2013,2.0,0.523,0.676,NGA
6938,2014,2.0,0.532,0.683,NGA
6939,2015,2.0,0.561,0.675,NGA
6940,2016,2.0,0.557,0.665,NGA
6941,2017,2.0,0.556,0.649,NGA
6942,2018,2.0,0.556,0.649,NGA
6943,2019,2.0,0.525,0.639,NGA
6944,2020,2.0,0.513,0.613,NGA
6945,2021,1.0,0.491,0.601,NGA
6946,2022,1.0,0.492,0.572,NGA
6947,2023,1.0,0.49,0.564,NGA
6999,1950,1.0,0.342,0.629,PHL
7000,1951,1.0,0.346,0.629,PHL
7001,1952,1.0,0.346,0.628,PHL
7002,1953,1.0,0.348,0.628,PHL
7003,1954,1.0,0.366,0.628,PHL
7004,1955,1.0,0.373,0.636,PHL
7005,1956,1.0,0.373,0.636,PHL
7006,1957,1.0,0.374,0.636,PHL
7007,1958,1.0,0.382,0.636,PHL
7008,1959,1.0,0.382,0.636,PHL
7009,1960,1.0,0.406,0.635,PHL
7010,1961,1.0,0.403,0.635,PHL
7011,1962,1.0,0.395,0.635,PHL
7012,1963,1.0,0.395,0.635,PHL
7013,1964,1.0,0.395,0.635,PHL
7014,1965,1.0,0.404,0.622,PHL
7015,1966,1.0,0.388,0.631,PHL
7016,1967,1.0,0.388,0.632,PHL
7017,1968,1.0,0.389,0.601,PHL
7018,1969,1.0,0.384,0.596,PHL
7019,1970,1.0,0.353,0.58,PHL
7020,1971,1.0,0.33,0.5,PHL
7021,1972,0.0,0.141,0.191,PHL
7022,1973,0.0,0.078,0.126,PHL
7023,1974,0.0,0.078,0.126,PHL
7024,1975,0.0,0.078,0.126,PHL
7025,1976,0.0,0.078,0.126,PHL
7026,1977,1.0,0.078,0.126,PHL
7027,1978,1.0,0.156,0.147,PHL
7028,1979,1.0,0.167,0.16,PHL
7029,1980,1.0,0.167,0.16,PHL
7030,1981,0.0,0.173,0.16,PHL
7031,1982,0.0,0.176,0.16,PHL
7032,1983,0.0,0.179,0.16,PHL
7033,1984,0.0,0.18,0.16,PHL
7034,1985,0.0,0.184,0.16,PHL
7035,1986,1.0,0.236,0.343,PHL
7036,1987,1.0,0.437,0.52,PHL
7037,1988,2.0,0.562,0.719,PHL
7038,1989,2.0,0.562,0.719,PHL
7039,1990,2.0,0.579,0.726,PHL
7040,1991,2.0,0.579,0.727,PHL
7041,1992,2.0,0.558,0.744,PHL
7042,1993,2.0,0.551,0.717,PHL
7043,1994,2.0,0.551,0.718,PHL
7044,1995,2.0,0.556,0.718,PHL
7045,1996,2.0,0.559,0.718,PHL
7046,1997,2.0,0.559,0.718,PHL
7047,1998,2.0,0.589,0.705,PHL
7048,1999,2.0,0.581,0.725,PHL
7049,2000,2.0,0.588,0.729,PHL
7050,2001,2.0,0.547,0.718,PHL
7051,2002,2.0,0.535,0.697,PHL
7052,2003,2.0,0.534,0.697,PHL
7053,2004,1.0,0.493,0.672,PHL
7054,2005,1.0,0.47,0.689,PHL
7055,2006,1.0,0.47,0.688,PHL
7056,2007,1.0,0.468,0.702,PHL
7057,2008,1.0,0.466,0.704,PHL
7058,2009,1.0,0.467,0.699,PHL
7059,2010,2.0,0.529,0.748,PHL
7060,2011,2.0,0.553,0.754,PHL
7061,2012,2.0,0.553,0.754,PHL
7062,2013,2.0,0.551,0.753,PHL
7063,2014,2.0,0.55,0.753,PHL
7064,2015,2.0,0.549,0.753,PHL
7065,2016,2.0,0.52,0.657,PHL
7066,2017,2.0,0.508,0.614,PHL
7067,2018,1.0,0.482,0.583,PHL
7068,2019,1.0,0.45,0.572,PHL
7069,2020,1.0,0.425,0.583,PHL
7070,2021,1.0,0.432,0.566,PHL
7071,2022,1.0,0.43,0.588,PHL
7072,2023,1.0,0.434,0.605,PHL
7110,1950,0.0,0.053,0.344,TZA
7111,1951,0.0,0.058,0.344,TZA
7112,1952,0.0,0.058,0.344,TZA
7113,1953,0.0,0.058,0.356,TZA
7114,1954,0.0,0.065,0.351,TZA
7115,1955,0.0,0.071,0.351,TZA
7116,1956,0.0,0.074,0.351,TZA
7117,1957,0.0,0.074,0.357,TZA
7118,1958,0.0,0.111,0.357,TZA
7119,1959,0.0,0.157,0.357,TZA
7120,1960,0.0,0.167,0.371,TZA
7121,1961,0.0,0.215,0.586,TZA
7122,1962,1.0,0.248,0.722,TZA
7123,1963,1.0,0.326,0.722,TZA
7124,1964,1.0,0.327,0.711,TZA
7125,1965,1.0,0.271,0.694,TZA
7126,1966,1.0,0.255,0.685,TZA
7127,1967,1.0,0.248,0.694,TZA
7128,1968,1.0,0.247,0.694,TZA
7129,1969,1.0,0.247,0.694,TZA
7130,1970,1.0,0.246,0.691,TZA
7131,1971,1.0,0.246,0.691,TZA
7132,1972,1.0,0.246,0.683,TZA
7133,1973,1.0,0.246,0.693,TZA
7134,1974,1.0,0.246,0.693,TZA
7135,1975,1.0,0.246,0.693,TZA
7136,1976,1.0,0.243,0.693,TZA
7137,1977,1.0,0.243,0.693,TZA
7138,1978,1.0,0.243,0.693,TZA
7139,1979,1.0,0.243,0.693,TZA
7140,1980,1.0,0.245,0.693,TZA
7141,1981,1.0,0.249,0.693,TZA
7142,1982,1.0,0.252,0.693,TZA
7143,1983,1.0,0.252,0.693,TZA
7144,1984,1.0,0.252,0.693,TZA
7145,1985,1.0,0.259,0.692,TZA
7146,1986,1.0,0.266,0.693,TZA
7147,1987,1.0,0.268,0.699,TZA
7148,1988,1.0,0.268,0.702,TZA
7149,1989,1.0,0.268,0.702,TZA
7150,1990,1.0,0.288,0.743,TZA
7151,1991,1.0,0.297,0.755,TZA
7152,1992,1.0,0.396,0.754,TZA
7153,1993,1.0,0.406,0.754,TZA
7154,1994,1.0,0.42,0.758,TZA
7155,1995,1.0,0.477,0.791,TZA
7156,1996,1.0,0.494,0.789,TZA
7157,1997,1.0,0.494,0.789,TZA
7158,1998,1.0,0.494,0.789,TZA
7159,1999,1.0,0.494,0.789,TZA
7160,2000,1.0,0.48,0.79,TZA
7161,2001,1.0,0.445,0.793,TZA
7162,2002,1.0,0.445,0.793,TZA
7163,2003,1.0,0.445,0.793,TZA
7164,2004,1.0,0.445,0.793,TZA
7165,2005,1.0,0.43,0.797,TZA
7166,2006,1.0,0.466,0.806,TZA
7167,2007,1.0,0.465,0.806,TZA
7168,2008,1.0,0.467,0.806,TZA
7169,2009,1.0,0.465,0.806,TZA
7170,2010,1.0,0.468,0.809,TZA
7171,2011,1.0,0.483,0.811,TZA
7172,2012,1.0,0.483,0.81,TZA
7173,2013,1.0,0.477,0.797,TZA
7174,2014,1.0,0.476,0.798,TZA
7175,2015,1.0,0.457,0.813,TZA
7176,2016,1.0,0.411,0.785,TZA
7177,2017,1.0,0.401,0.785,TZA
7178,2018,1.0,0.39,0.761,TZA
7179,2019,1.0,0.385,0.764,TZA
7180,2020,1.0,0.386,0.779,TZA
7181,2021,1.0,0.365,0.79,TZA
7182,2022,1.0,0.39,0.8,TZA
7183,2023,1.0,0.419,0.809,TZA
7235,1950,0.0,0.075,0.181,TWN
7236,1951,0.0,0.076,0.188,TWN
7237,1952,0.0,0.078,0.196,TWN
7238,1953,0.0,0.078,0.2,TWN
7239,1954,0.0,0.078,0.201,TWN
7240,1955,0.0,0.078,0.203,TWN
7241,1956,0.0,0.078,0.203,TWN
7242,1957,0.0,0.078,0.203,TWN
7243,1958,0.0,0.078,0.203,TWN
7244,1959,0.0,0.078,0.203,TWN
7245,1960,0.0,0.082,0.218,TWN
7246,1961,0.0,0.082,0.221,TWN
7247,1962,0.0,0.082,0.22,TWN
7248,1963,0.0,0.082,0.22,TWN
7249,1964,0.0,0.082,0.223,TWN
7250,1965,0.0,0.082,0.223,TWN
7251,1966,0.0,0.082,0.223,TWN
7252,1967,0.0,0.082,0.221,TWN
7253,1968,0.0,0.082,0.221,TWN
7254,1969,0.0,0.083,0.221,TWN
7255,1970,0.0,0.113,0.238,TWN
7256,1971,0.0,0.112,0.229,TWN
7257,1972,0.0,0.113,0.227,TWN
7258,1973,0.0,0.112,0.231,TWN
7259,1974,0.0,0.113,0.239,TWN
7260,1975,0.0,0.113,0.252,TWN
7261,1976,0.0,0.117,0.273,TWN
7262,1977,0.0,0.118,0.273,TWN
7263,1978,0.0,0.119,0.252,TWN
7264,1979,0.0,0.119,0.25,TWN
7265,1980,0.0,0.128,0.282,TWN
7266,1981,0.0,0.131,0.297,TWN
7267,1982,0.0,0.133,0.321,TWN
7268,1983,0.0,0.134,0.327,TWN
7269,1984,0.0,0.139,0.337,TWN
7270,1985,0.0,0.139,0.337,TWN
7271,1986,0.0,0.157,0.382,TWN
7272,1987,0.0,0.201,0.388,TWN
7273,1988,0.0,0.224,0.506,TWN
7274,1989,0.0,0.242,0.57,TWN
7275,1990,0.0,0.265,0.628,TWN
7276,1991,0.0,0.266,0.665,TWN
7277,1992,0.0,0.295,0.703,TWN
7278,1993,0.0,0.322,0.714,TWN
7279,1994,0.0,0.324,0.721,TWN
7280,1995,0.0,0.326,0.724,TWN
7281,1996,2.0,0.509,0.724,TWN
7282,1997,2.0,0.649,0.729,TWN
7283,1998,2.0,0.662,0.729,TWN
7284,1999,2.0,0.658,0.729,TWN
7285,2000,3.0,0.774,0.872,TWN
7286,2001,3.0,0.786,0.872,TWN
7287,2002,3.0,0.795,0.872,TWN
7288,2003,3.0,0.791,0.872,TWN
7289,2004,3.0,0.777,0.872,TWN
7290,2005,3.0,0.774,0.871,TWN
7291,2006,3.0,0.776,0.871,TWN
7292,2007,3.0,0.777,0.871,TWN
7293,2008,3.0,0.796,0.86,TWN
7294,2009,3.0,0.796,0.833,TWN
7295,2010,3.0,0.804,0.822,TWN
7296,2011,3.0,0.804,0.822,TWN
7297,2012,3.0,0.806,0.835,TWN
7298,2013,3.0,0.802,0.839,TWN
7299,2014,3.0,0.804,0.84,TWN
7300,2015,3.0,0.804,0.84,TWN
7301,2016,3.0,0.838,0.865,TWN
7302,2017,3.0,0.843,0.865,TWN
7303,2018,3.0,0.844,0.865,TWN
7304,2019,3.0,0.835,0.864,TWN
7305,2020,3.0,0.824,0.873,TWN
7306,2021,3.0,0.824,0.86,TWN
7307,2022,3.0,0.827,0.883,TWN
7308,2023,3.0,0.823,0.88,TWN
7471,1950,0.0,0.135,0.354,THA
7472,1951,0.0,0.132,0.359,THA
7473,1952,0.0,0.12,0.355,THA
7474,1953,0.0,0.123,0.355,THA
7475,1954,0.0,0.124,0.355,THA
7476,1955,0.0,0.135,0.355,THA
7477,1956,0.0,0.138,0.355,THA
7478,1957,0.0,0.146,0.332,THA
7479,1958,0.0,0.127,0.303,THA
7480,1959,0.0,0.108,0.285,THA
7481,1960,0.0,0.11,0.284,THA
7482,1961,0.0,0.11,0.284,THA
7483,1962,0.0,0.11,0.284,THA
7484,1963,0.0,0.11,0.284,THA
7485,1964,0.0,0.11,0.288,THA
7486,1965,0.0,0.11,0.288,THA
7487,1966,0.0,0.11,0.288,THA
7488,1967,0.0,0.113,0.288,THA
7489,1968,0.0,0.126,0.288,THA
7490,1969,0.0,0.151,0.343,THA
7491,1970,0.0,0.153,0.357,THA
7492,1971,0.0,0.149,0.353,THA
7493,1972,0.0,0.114,0.348,THA
7494,1973,0.0,0.126,0.387,THA
7495,1974,0.0,0.178,0.517,THA
7496,1975,1.0,0.279,0.524,THA
7497,1976,1.0,0.234,0.352,THA
7498,1977,0.0,0.122,0.344,THA
7499,1978,0.0,0.125,0.366,THA
7500,1979,0.0,0.143,0.371,THA
7501,1980,1.0,0.252,0.513,THA
7502,1981,1.0,0.29,0.514,THA
7503,1982,1.0,0.298,0.512,THA
7504,1983,1.0,0.323,0.525,THA
7505,1984,1.0,0.336,0.527,THA
7506,1985,1.0,0.337,0.529,THA
7507,1986,1.0,0.334,0.537,THA
7508,1987,1.0,0.333,0.535,THA
7509,1988,1.0,0.354,0.596,THA
7510,1989,1.0,0.368,0.596,THA
7511,1990,1.0,0.377,0.596,THA
7512,1991,0.0,0.211,0.471,THA
7513,1992,1.0,0.275,0.54,THA
7514,1993,1.0,0.417,0.664,THA
7515,1994,1.0,0.421,0.667,THA
7516,1995,1.0,0.427,0.667,THA
7517,1996,1.0,0.406,0.605,THA
7518,1997,1.0,0.481,0.677,THA
7519,1998,2.0,0.508,0.72,THA
7520,1999,2.0,0.508,0.72,THA
7521,2000,2.0,0.507,0.743,THA
7522,2001,2.0,0.55,0.72,THA
7523,2002,2.0,0.544,0.715,THA
7524,2003,2.0,0.539,0.689,THA
7525,2004,2.0,0.538,0.684,THA
7526,2005,2.0,0.514,0.666,THA
7527,2006,1.0,0.236,0.487,THA
7528,2007,0.0,0.186,0.593,THA
7529,2008,1.0,0.401,0.764,THA
7530,2009,1.0,0.416,0.744,THA
7531,2010,1.0,0.414,0.732,THA
7532,2011,1.0,0.466,0.764,THA
7533,2012,1.0,0.497,0.782,THA
7534,2013,1.0,0.432,0.729,THA
7535,2014,0.0,0.158,0.378,THA
7536,2015,0.0,0.152,0.338,THA
7537,2016,0.0,0.155,0.344,THA
7538,2017,0.0,0.15,0.337,THA
7539,2018,0.0,0.168,0.356,THA
7540,2019,0.0,0.206,0.581,THA
7541,2020,0.0,0.198,0.575,THA
7542,2021,0.0,0.203,0.569,THA
7543,2022,0.0,0.208,0.583,THA
7544,2023,1.0,0.289,0.636,THA
7596,1950,0.0,0.068,0.391,UGA
7597,1951,0.0,0.077,0.391,UGA
7598,1952,0.0,0.079,0.407,UGA
7599,1953,0.0,0.08,0.41,UGA
7600,1954,0.0,0.08,0.413,UGA
7601,1955,0.0,0.08,0.414,UGA
7602,1956,0.0,0.092,0.421,UGA
7603,1957,0.0,0.092,0.421,UGA
7604,1958,0.0,0.17,0.441,UGA
7605,1959,0.0,0.167,0.441,UGA
7606,1960,0.0,0.178,0.441,UGA
7607,1961,0.0,0.185,0.436,UGA
7608,1962,0.0,0.256,0.446,UGA
7609,1963,1.0,0.394,0.488,UGA
7610,1964,1.0,0.39,0.489,UGA
7611,1965,1.0,0.39,0.489,UGA
7612,1966,0.0,0.237,0.415,UGA
7613,1967,0.0,0.227,0.272,UGA
7614,1968,0.0,0.227,0.279,UGA
7615,1969,0.0,0.202,0.279,UGA
7616,1970,0.0,0.195,0.279,UGA
7617,1971,0.0,0.124,0.105,UGA
7618,1972,0.0,0.087,0.07,UGA
7619,1973,0.0,0.084,0.052,UGA
7620,1974,0.0,0.084,0.052,UGA
7621,1975,0.0,0.084,0.05,UGA
7622,1976,0.0,0.084,0.05,UGA
7623,1977,0.0,0.084,0.05,UGA
7624,1978,0.0,0.084,0.05,UGA
7625,1979,0.0,0.086,0.05,UGA
7626,1980,1.0,0.15,0.121,UGA
7627,1981,1.0,0.224,0.267,UGA
7628,1982,1.0,0.223,0.265,UGA
7629,1983,1.0,0.223,0.252,UGA
7630,1984,1.0,0.223,0.252,UGA
7631,1985,0.0,0.182,0.194,UGA
7632,1986,0.0,0.125,0.383,UGA
7633,1987,0.0,0.126,0.489,UGA
7634,1988,0.0,0.132,0.489,UGA
7635,1989,0.0,0.172,0.489,UGA
7636,1990,1.0,0.179,0.522,UGA
7637,1991,1.0,0.254,0.53,UGA
7638,1992,1.0,0.259,0.537,UGA
7639,1993,1.0,0.266,0.541,UGA
7640,1994,0.0,0.29,0.545,UGA
7641,1995,0.0,0.298,0.601,UGA
7642,1996,1.0,0.308,0.625,UGA
7643,1997,1.0,0.306,0.625,UGA
7644,1998,1.0,0.306,0.625,UGA
7645,1999,1.0,0.306,0.626,UGA
7646,2000,1.0,0.312,0.629,UGA
7647,2001,1.0,0.28,0.633,UGA
7648,2002,1.0,0.272,0.619,UGA
7649,2003,1.0,0.267,0.62,UGA
7650,2004,1.0,0.276,0.62,UGA
7651,2005,1.0,0.306,0.647,UGA
7652,2006,1.0,0.328,0.65,UGA
7653,2007,1.0,0.331,0.66,UGA
7654,2008,1.0,0.329,0.654,UGA
7655,2009,1.0,0.327,0.648,UGA
7656,2010,1.0,0.328,0.645,UGA
7657,2011,1.0,0.327,0.638,UGA
7658,2012,1.0,0.327,0.628,UGA
7659,2013,1.0,0.321,0.63,UGA
7660,2014,1.0,0.317,0.631,UGA
7661,2015,1.0,0.313,0.623,UGA
7662,2016,1.0,0.3,0.594,UGA
7663,2017,1.0,0.302,0.566,UGA
7664,2018,1.0,0.298,0.566,UGA
7665,2019,1.0,0.3,0.569,UGA
7666,2020,1.0,0.3,0.593,UGA
7667,2021,1.0,0.287,0.551,UGA
7668,2022,1.0,0.279,0.576,UGA
7669,2023,1.0,0.275,0.579,UGA
7822,1950,0.0,0.097,0.181,VEN
7823,1951,0.0,0.097,0.172,VEN
7824,1952,0.0,0.095,0.167,VEN
7825,1953,0.0,0.091,0.155,VEN
7826,1954,0.0,0.091,0.155,VEN
7827,1955,0.0,0.091,0.155,VEN
7828,1956,0.0,0.091,0.155,VEN
7829,1957,0.0,0.094,0.161,VEN
7830,1958,1.0,0.264,0.447,VEN
7831,1959,2.0,0.598,0.779,VEN
7832,1960,2.0,0.652,0.779,VEN
7833,1961,2.0,0.664,0.79,VEN
7834,1962,2.0,0.658,0.794,VEN
7835,1963,2.0,0.656,0.794,VEN
7836,1964,2.0,0.635,0.791,VEN
7837,1965,2.0,0.642,0.791,VEN
7838,1966,2.0,0.642,0.791,VEN
7839,1967,2.0,0.642,0.791,VEN
7840,1968,2.0,0.642,0.796,VEN
7841,1969,2.0,0.67,0.804,VEN
7842,1970,2.0,0.686,0.8,VEN
7843,1971,2.0,0.693,0.8,VEN
7844,1972,2.0,0.701,0.8,VEN
7845,1973,2.0,0.7,0.793,VEN
7846,1974,2.0,0.727,0.792,VEN
7847,1975,2.0,0.727,0.788,VEN
7848,1976,2.0,0.727,0.79,VEN
7849,1977,2.0,0.727,0.79,VEN
7850,1978,2.0,0.729,0.79,VEN
7851,1979,2.0,0.729,0.793,VEN
7852,1980,2.0,0.731,0.795,VEN
7853,1981,2.0,0.731,0.784,VEN
7854,1982,2.0,0.731,0.79,VEN
7855,1983,2.0,0.73,0.79,VEN
7856,1984,2.0,0.727,0.788,VEN
7857,1985,2.0,0.726,0.788,VEN
7858,1986,2.0,0.724,0.788,VEN
7859,1987,2.0,0.724,0.788,VEN
7860,1988,2.0,0.728,0.778,VEN
7861,1989,2.0,0.729,0.778,VEN
7862,1990,2.0,0.739,0.792,VEN
7863,1991,2.0,0.743,0.826,VEN
7864,1992,2.0,0.733,0.826,VEN
7865,1993,2.0,0.745,0.818,VEN
7866,1994,2.0,0.751,0.79,VEN
7867,1995,2.0,0.751,0.791,VEN
7868,1996,2.0,0.751,0.791,VEN
7869,1997,2.0,0.749,0.791,VEN
7870,1998,2.0,0.733,0.773,VEN
7871,1999,2.0,0.67,0.603,VEN
7872,2000,2.0,0.573,0.439,VEN
7873,2001,2.0,0.532,0.441,VEN
7874,2002,1.0,0.499,0.409,VEN
7875,2003,1.0,0.483,0.399,VEN
7876,2004,1.0,0.472,0.342,VEN
7877,2005,1.0,0.471,0.262,VEN
7878,2006,1.0,0.453,0.246,VEN
7879,2007,1.0,0.434,0.246,VEN
7880,2008,1.0,0.433,0.247,VEN
7881,2009,1.0,0.43,0.242,VEN
7882,2010,1.0,0.42,0.242,VEN
7883,2011,1.0,0.414,0.239,VEN
7884,2012,1.0,0.401,0.236,VEN
7885,2013,1.0,0.324,0.198,VEN
7886,2014,1.0,0.31,0.185,VEN
7887,2015,1.0,0.297,0.205,VEN
7888,2016,1.0,0.292,0.253,VEN
7889,2017,1.0,0.232,0.19,VEN
7890,2018,1.0,0.215,0.141,VEN
7891,2019,1.0,0.208,0.138,VEN
7892,2020,1.0,0.206,0.126,VEN
7893,2021,1.0,0.215,0.119,VEN
7894,2022,1.0,0.211,0.117,VEN
7895,2023,1.0,0.207,0.115,VEN
7947,1950,0.0,0.049,0.173,BEN
7948,1951,0.0,0.049,0.173,BEN
7949,1952,0.0,0.078,0.299,BEN
7950,1953,0.0,0.085,0.269,BEN
7951,1954,0.0,0.085,0.269,BEN
7952,1955,0.0,0.085,0.269,BEN
7953,1956,0.0,0.135,0.269,BEN
7954,1957,0.0,0.134,0.281,BEN
7955,1958,0.0,0.135,0.285,BEN
7956,1959,0.0,0.15,0.291,BEN
7957,1960,1.0,0.268,0.53,BEN
7958,1961,1.0,0.334,0.541,BEN
7959,1962,1.0,0.334,0.541,BEN
7960,1963,1.0,0.334,0.541,BEN
7961,1964,1.0,0.314,0.531,BEN
7962,1965,0.0,0.31,0.554,BEN
7963,1966,0.0,0.175,0.332,BEN
7964,1967,0.0,0.175,0.332,BEN
7965,1968,1.0,0.22,0.332,BEN
7966,1969,0.0,0.256,0.332,BEN
7967,1970,0.0,0.175,0.341,BEN
7968,1971,0.0,0.169,0.33,BEN
7969,1972,0.0,0.124,0.297,BEN
7970,1973,0.0,0.094,0.298,BEN
7971,1974,0.0,0.088,0.296,BEN
7972,1975,0.0,0.085,0.296,BEN
7973,1976,0.0,0.085,0.296,BEN
7974,1977,0.0,0.085,0.296,BEN
7975,1978,0.0,0.085,0.296,BEN
7976,1979,0.0,0.087,0.296,BEN
7977,1980,0.0,0.107,0.296,BEN
7978,1981,0.0,0.107,0.296,BEN
7979,1982,0.0,0.107,0.295,BEN
7980,1983,0.0,0.107,0.295,BEN
7981,1984,0.0,0.103,0.295,BEN
7982,1985,0.0,0.101,0.295,BEN
7983,1986,0.0,0.101,0.295,BEN
7984,1987,0.0,0.102,0.295,BEN
7985,1988,0.0,0.101,0.295,BEN
7986,1989,0.0,0.102,0.295,BEN
7987,1990,0.0,0.222,0.473,BEN
7988,1991,1.0,0.47,0.713,BEN
7989,1992,2.0,0.601,0.819,BEN
7990,1993,2.0,0.601,0.819,BEN
7991,1994,2.0,0.601,0.819,BEN
7992,1995,2.0,0.624,0.819,BEN
7993,1996,2.0,0.624,0.818,BEN
7994,1997,2.0,0.623,0.809,BEN
7995,1998,2.0,0.623,0.809,BEN
7996,1999,2.0,0.61,0.809,BEN
7997,2000,2.0,0.607,0.816,BEN
7998,2001,2.0,0.605,0.816,BEN
7999,2002,2.0,0.606,0.816,BEN
8000,2003,2.0,0.606,0.816,BEN
8001,2004,2.0,0.606,0.816,BEN
8002,2005,2.0,0.628,0.809,BEN
8003,2006,2.0,0.661,0.804,BEN
8004,2007,2.0,0.653,0.807,BEN
8005,2008,2.0,0.642,0.807,BEN
8006,2009,2.0,0.644,0.807,BEN
8007,2010,2.0,0.643,0.807,BEN
8008,2011,2.0,0.604,0.807,BEN
8009,2012,2.0,0.598,0.807,BEN
8010,2013,2.0,0.595,0.784,BEN
8011,2014,2.0,0.605,0.788,BEN
8012,2015,2.0,0.656,0.795,BEN
8013,2016,2.0,0.709,0.809,BEN
8014,2017,2.0,0.714,0.838,BEN
8015,2018,2.0,0.611,0.763,BEN
8016,2019,1.0,0.456,0.669,BEN
8017,2020,1.0,0.411,0.597,BEN
8018,2021,1.0,0.395,0.599,BEN
8019,2022,1.0,0.435,0.588,BEN
8020,2023,1.0,0.493,0.581,BEN
8072,1950,0.0,0.034,0.318,BTN
8073,1951,0.0,0.034,0.318,BTN
8074,1952,0.0,0.037,0.34,BTN
8075,1953,0.0,0.036,0.407,BTN
8076,1954,0.0,0.036,0.413,BTN
8077,1955,0.0,0.038,0.416,BTN
8078,1956,0.0,0.038,0.423,BTN
8079,1957,0.0,0.038,0.446,BTN
8080,1958,0.0,0.038,0.466,BTN
8081,1959,0.0,0.038,0.46,BTN
8082,1960,0.0,0.041,0.465,BTN
8083,1961,0.0,0.041,0.471,BTN
8084,1962,0.0,0.041,0.471,BTN
8085,1963,0.0,0.041,0.468,BTN
8086,1964,0.0,0.041,0.468,BTN
8087,1965,0.0,0.041,0.472,BTN
8088,1966,0.0,0.041,0.472,BTN
8089,1967,0.0,0.047,0.472,BTN
8090,1968,0.0,0.047,0.487,BTN
8091,1969,0.0,0.047,0.487,BTN
8092,1970,0.0,0.047,0.489,BTN
8093,1971,0.0,0.049,0.489,BTN
8094,1972,0.0,0.05,0.492,BTN
8095,1973,0.0,0.051,0.492,BTN
8096,1974,0.0,0.051,0.492,BTN
8097,1975,0.0,0.051,0.492,BTN
8098,1976,0.0,0.053,0.492,BTN
8099,1977,0.0,0.054,0.491,BTN
8100,1978,0.0,0.054,0.491,BTN
8101,1979,0.0,0.054,0.492,BTN
8102,1980,0.0,0.054,0.498,BTN
8103,1981,0.0,0.054,0.498,BTN
8104,1982,0.0,0.054,0.498,BTN
8105,1983,0.0,0.054,0.498,BTN
8106,1984,0.0,0.054,0.496,BTN
8107,1985,0.0,0.053,0.488,BTN
8108,1986,0.0,0.059,0.488,BTN
8109,1987,0.0,0.059,0.488,BTN
8110,1988,0.0,0.059,0.488,BTN
8111,1989,0.0,0.061,0.497,BTN
8112,1990,0.0,0.061,0.501,BTN
8113,1991,0.0,0.061,0.501,BTN
8114,1992,0.0,0.064,0.503,BTN
8115,1993,0.0,0.065,0.51,BTN
8116,1994,0.0,0.064,0.51,BTN
8117,1995,0.0,0.064,0.51,BTN
8118,1996,0.0,0.065,0.51,BTN
8119,1997,0.0,0.065,0.51,BTN
8120,1998,0.0,0.065,0.551,BTN
8121,1999,0.0,0.088,0.564,BTN
8122,2000,0.0,0.095,0.573,BTN
8123,2001,0.0,0.095,0.575,BTN
8124,2002,0.0,0.096,0.597,BTN
8125,2003,0.0,0.1,0.599,BTN
8126,2004,0.0,0.102,0.598,BTN
8127,2005,0.0,0.103,0.594,BTN
8128,2006,0.0,0.11,0.604,BTN
8129,2007,0.0,0.137,0.603,BTN
8130,2008,3.0,0.502,0.832,BTN
8131,2009,3.0,0.602,0.842,BTN
8132,2010,3.0,0.601,0.847,BTN
8133,2011,3.0,0.601,0.841,BTN
8134,2012,3.0,0.605,0.848,BTN
8135,2013,2.0,0.58,0.833,BTN
8136,2014,2.0,0.573,0.834,BTN
8137,2015,2.0,0.572,0.834,BTN
8138,2016,2.0,0.563,0.834,BTN
8139,2017,2.0,0.578,0.834,BTN
8140,2018,2.0,0.585,0.849,BTN
8141,2019,2.0,0.601,0.872,BTN
8142,2020,2.0,0.6,0.866,BTN
8143,2021,3.0,0.58,0.841,BTN
8144,2022,3.0,0.562,0.826,BTN
8145,2023,3.0,0.54,0.815,BTN
8163,1950,0.0,0.141,0.443,BFA
8164,1951,0.0,0.141,0.443,BFA
8165,1952,0.0,0.147,0.443,BFA
8166,1953,0.0,0.147,0.443,BFA
8167,1954,0.0,0.147,0.443,BFA
8168,1955,0.0,0.152,0.443,BFA
8169,1956,0.0,0.152,0.443,BFA
8170,1957,0.0,0.204,0.443,BFA
8171,1958,0.0,0.204,0.451,BFA
8172,1959,0.0,0.23,0.455,BFA
8173,1960,1.0,0.302,0.467,BFA
8174,1961,1.0,0.37,0.47,BFA
8175,1962,1.0,0.37,0.47,BFA
8176,1963,1.0,0.37,0.47,BFA
8177,1964,1.0,0.37,0.47,BFA
8178,1965,1.0,0.351,0.47,BFA
8179,1966,0.0,0.188,0.386,BFA
8180,1967,0.0,0.175,0.361,BFA
8181,1968,0.0,0.175,0.361,BFA
8182,1969,0.0,0.175,0.361,BFA
8183,1970,0.0,0.182,0.39,BFA
8184,1971,0.0,0.177,0.39,BFA
8185,1972,0.0,0.177,0.484,BFA
8186,1973,0.0,0.177,0.484,BFA
8187,1974,0.0,0.177,0.393,BFA
8188,1975,0.0,0.177,0.359,BFA
8189,1976,0.0,0.177,0.359,BFA
8190,1977,0.0,0.178,0.355,BFA
8191,1978,1.0,0.233,0.409,BFA
8192,1979,1.0,0.379,0.46,BFA
8193,1980,1.0,0.319,0.433,BFA
8194,1981,0.0,0.16,0.336,BFA
8195,1982,0.0,0.16,0.331,BFA
8196,1983,0.0,0.161,0.36,BFA
8197,1984,0.0,0.158,0.361,BFA
8198,1985,0.0,0.155,0.362,BFA
8199,1986,0.0,0.155,0.362,BFA
8200,1987,0.0,0.161,0.359,BFA
8201,1988,0.0,0.161,0.325,BFA
8202,1989,0.0,0.161,0.32,BFA
8203,1990,0.0,0.168,0.316,BFA
8204,1991,1.0,0.193,0.333,BFA
8205,1992,1.0,0.408,0.4,BFA
8206,1993,1.0,0.476,0.441,BFA
8207,1994,1.0,0.476,0.441,BFA
8208,1995,1.0,0.476,0.441,BFA
8209,1996,1.0,0.472,0.441,BFA
8210,1997,1.0,0.483,0.44,BFA
8211,1998,1.0,0.49,0.441,BFA
8212,1999,1.0,0.494,0.549,BFA
8213,2000,2.0,0.51,0.56,BFA
8214,2001,2.0,0.519,0.56,BFA
8215,2002,2.0,0.515,0.56,BFA
8216,2003,2.0,0.513,0.56,BFA
8217,2004,2.0,0.513,0.56,BFA
8218,2005,2.0,0.518,0.56,BFA
8219,2006,2.0,0.546,0.563,BFA
8220,2007,2.0,0.54,0.563,BFA
8221,2008,2.0,0.539,0.563,BFA
8222,2009,2.0,0.535,0.561,BFA
8223,2010,2.0,0.554,0.572,BFA
8224,2011,2.0,0.565,0.568,BFA
8225,2012,2.0,0.569,0.568,BFA
8226,2013,2.0,0.604,0.63,BFA
8227,2014,2.0,0.575,0.693,BFA
8228,2015,1.0,0.376,0.706,BFA
8229,2016,2.0,0.684,0.708,BFA
8230,2017,2.0,0.685,0.715,BFA
8231,2018,2.0,0.672,0.695,BFA
8232,2019,2.0,0.657,0.698,BFA
8233,2020,2.0,0.663,0.707,BFA
8234,2021,2.0,0.628,0.688,BFA
8235,2022,1.0,0.274,0.607,BFA
8236,2023,0.0,0.211,0.553,BFA
8288,1950,0.0,0.072,0.158,KHM
8289,1951,0.0,0.082,0.199,KHM
8290,1952,0.0,0.087,0.214,KHM
8291,1953,0.0,0.069,0.158,KHM
8292,1954,0.0,0.104,0.244,KHM
8293,1955,1.0,0.144,0.305,KHM
8294,1956,1.0,0.269,0.387,KHM
8295,1957,1.0,0.269,0.39,KHM
8296,1958,1.0,0.267,0.39,KHM
8297,1959,1.0,0.266,0.39,KHM
8298,1960,1.0,0.271,0.388,KHM
8299,1961,1.0,0.271,0.388,KHM
8300,1962,1.0,0.265,0.388,KHM
8301,1963,1.0,0.263,0.388,KHM
8302,1964,1.0,0.263,0.387,KHM
8303,1965,1.0,0.265,0.387,KHM
8304,1966,1.0,0.264,0.387,KHM
8305,1967,1.0,0.263,0.387,KHM
8306,1968,1.0,0.263,0.387,KHM
8307,1969,1.0,0.263,0.387,KHM
8308,1970,1.0,0.161,0.239,KHM
8309,1971,0.0,0.138,0.202,KHM
8310,1972,1.0,0.148,0.221,KHM
8311,1973,0.0,0.163,0.252,KHM
8312,1974,0.0,0.163,0.252,KHM
8313,1975,0.0,0.067,0.011,KHM
8314,1976,0.0,0.104,0.024,KHM
8315,1977,0.0,0.13,0.027,KHM
8316,1978,0.0,0.13,0.027,KHM
8317,1979,0.0,0.069,0.032,KHM
8318,1980,0.0,0.071,0.07,KHM
8319,1981,1.0,0.089,0.07,KHM
8320,1982,1.0,0.105,0.049,KHM
8321,1983,1.0,0.105,0.051,KHM
8322,1984,1.0,0.105,0.051,KHM
8323,1985,1.0,0.105,0.051,KHM
8324,1986,1.0,0.105,0.051,KHM
8325,1987,1.0,0.105,0.053,KHM
8326,1988,1.0,0.105,0.053,KHM
8327,1989,1.0,0.105,0.053,KHM
8328,1990,1.0,0.139,0.057,KHM
8329,1991,1.0,0.14,0.061,KHM
8330,1992,1.0,0.166,0.092,KHM
8331,1993,1.0,0.319,0.175,KHM
8332,1994,1.0,0.364,0.245,KHM
8333,1995,1.0,0.364,0.245,KHM
8334,1996,1.0,0.364,0.245,KHM
8335,1997,1.0,0.364,0.237,KHM
8336,1998,1.0,0.348,0.238,KHM
8337,1999,1.0,0.326,0.242,KHM
8338,2000,1.0,0.319,0.247,KHM
8339,2001,1.0,0.319,0.247,KHM
8340,2002,1.0,0.319,0.246,KHM
8341,2003,1.0,0.322,0.243,KHM
8342,2004,1.0,0.324,0.243,KHM
8343,2005,1.0,0.322,0.24,KHM
8344,2006,1.0,0.322,0.24,KHM
8345,2007,1.0,0.319,0.24,KHM
8346,2008,1.0,0.316,0.24,KHM
8347,2009,1.0,0.314,0.24,KHM
8348,2010,1.0,0.307,0.237,KHM
8349,2011,1.0,0.307,0.237,KHM
8350,2012,1.0,0.306,0.24,KHM
8351,2013,1.0,0.298,0.237,KHM
8352,2014,1.0,0.295,0.232,KHM
8353,2015,1.0,0.293,0.238,KHM
8354,2016,1.0,0.28,0.218,KHM
8355,2017,1.0,0.234,0.177,KHM
8356,2018,1.0,0.211,0.17,KHM
8357,2019,1.0,0.195,0.167,KHM
8358,2020,1.0,0.192,0.16,KHM
8359,2021,1.0,0.192,0.158,KHM
8360,2022,1.0,0.199,0.147,KHM
8361,2023,1.0,0.19,0.125,KHM
8513,1950,0.0,0.223,0.535,IDN
8514,1951,0.0,0.262,0.536,IDN
8515,1952,0.0,0.262,0.536,IDN
8516,1953,0.0,0.262,0.536,IDN
8517,1954,0.0,0.262,0.537,IDN
8518,1955,1.0,0.282,0.544,IDN
8519,1956,2.0,0.608,0.539,IDN
8520,1957,2.0,0.538,0.51,IDN
8521,1958,1.0,0.46,0.375,IDN
8522,1959,1.0,0.416,0.3,IDN
8523,1960,1.0,0.24,0.27,IDN
8524,1961,0.0,0.222,0.279,IDN
8525,1962,0.0,0.222,0.275,IDN
8526,1963,0.0,0.222,0.268,IDN
8527,1964,0.0,0.222,0.268,IDN
8528,1965,0.0,0.217,0.223,IDN
8529,1966,0.0,0.195,0.198,IDN
8530,1967,0.0,0.193,0.171,IDN
8531,1968,0.0,0.192,0.163,IDN
8532,1969,0.0,0.192,0.17,IDN
8533,1970,0.0,0.187,0.148,IDN
8534,1971,1.0,0.207,0.136,IDN
8535,1972,1.0,0.233,0.136,IDN
8536,1973,1.0,0.228,0.14,IDN
8537,1974,1.0,0.225,0.148,IDN
8538,1975,1.0,0.217,0.148,IDN
8539,1976,1.0,0.217,0.148,IDN
8540,1977,1.0,0.198,0.137,IDN
8541,1978,1.0,0.193,0.14,IDN
8542,1979,1.0,0.193,0.134,IDN
8543,1980,1.0,0.192,0.132,IDN
8544,1981,1.0,0.192,0.134,IDN
8545,1982,1.0,0.191,0.133,IDN
8546,1983,1.0,0.19,0.133,IDN
8547,1984,1.0,0.19,0.133,IDN
8548,1985,1.0,0.19,0.132,IDN
8549,1986,1.0,0.19,0.132,IDN
8550,1987,1.0,0.191,0.132,IDN
8551,1988,1.0,0.191,0.132,IDN
8552,1989,1.0,0.191,0.132,IDN
8553,1990,1.0,0.192,0.132,IDN
8554,1991,1.0,0.195,0.132,IDN
8555,1992,1.0,0.194,0.115,IDN
8556,1993,1.0,0.193,0.115,IDN
8557,1994,1.0,0.193,0.115,IDN
8558,1995,1.0,0.193,0.118,IDN
8559,1996,1.0,0.193,0.109,IDN
8560,1997,1.0,0.201,0.113,IDN
8561,1998,1.0,0.283,0.26,IDN
8562,1999,2.0,0.558,0.714,IDN
8563,2000,2.0,0.671,0.724,IDN
8564,2001,2.0,0.671,0.724,IDN
8565,2002,2.0,0.671,0.741,IDN
8566,2003,2.0,0.671,0.744,IDN
8567,2004,2.0,0.696,0.745,IDN
8568,2005,2.0,0.707,0.734,IDN
8569,2006,2.0,0.707,0.74,IDN
8570,2007,2.0,0.709,0.747,IDN
8571,2008,2.0,0.711,0.743,IDN
8572,2009,2.0,0.69,0.742,IDN
8573,2010,2.0,0.688,0.773,IDN
8574,2011,2.0,0.688,0.767,IDN
8575,2012,2.0,0.689,0.765,IDN
8576,2013,2.0,0.678,0.751,IDN
8577,2014,2.0,0.665,0.757,IDN
8578,2015,2.0,0.654,0.764,IDN
8579,2016,2.0,0.645,0.759,IDN
8580,2017,2.0,0.628,0.754,IDN
8581,2018,2.0,0.603,0.749,IDN
8582,2019,2.0,0.602,0.741,IDN
8583,2020,2.0,0.574,0.683,IDN
8584,2021,2.0,0.551,0.688,IDN
8585,2022,2.0,0.557,0.66,IDN
8586,2023,2.0,0.538,0.6,IDN
8638,1950,0.0,0.028,0.073,MOZ
8639,1951,0.0,0.028,0.073,MOZ
8640,1952,0.0,0.028,0.073,MOZ
8641,1953,0.0,0.028,0.073,MOZ
8642,1954,0.0,0.028,0.073,MOZ
8643,1955,0.0,0.028,0.073,MOZ
8644,1956,0.0,0.028,0.073,MOZ
8645,1957,0.0,0.028,0.073,MOZ
8646,1958,0.0,0.028,0.073,MOZ
8647,1959,0.0,0.028,0.073,MOZ
8648,1960,0.0,0.028,0.074,MOZ
8649,1961,0.0,0.028,0.073,MOZ
8650,1962,0.0,0.028,0.072,MOZ
8651,1963,0.0,0.028,0.072,MOZ
8652,1964,0.0,0.028,0.072,MOZ
8653,1965,0.0,0.028,0.072,MOZ
8654,1966,0.0,0.028,0.072,MOZ
8655,1967,0.0,0.028,0.072,MOZ
8656,1968,0.0,0.028,0.072,MOZ
8657,1969,0.0,0.028,0.072,MOZ
8658,1970,0.0,0.028,0.072,MOZ
8659,1971,0.0,0.028,0.073,MOZ
8660,1972,0.0,0.028,0.073,MOZ
8661,1973,0.0,0.052,0.122,MOZ
8662,1974,0.0,0.034,0.109,MOZ
8663,1975,0.0,0.024,0.183,MOZ
8664,1976,0.0,0.08,0.176,MOZ
8665,1977,0.0,0.08,0.165,MOZ
8666,1978,0.0,0.08,0.165,MOZ
8667,1979,0.0,0.08,0.165,MOZ
8668,1980,0.0,0.08,0.164,MOZ
8669,1981,0.0,0.08,0.164,MOZ
8670,1982,0.0,0.08,0.164,MOZ
8671,1983,0.0,0.08,0.164,MOZ
8672,1984,0.0,0.08,0.163,MOZ
8673,1985,0.0,0.08,0.163,MOZ
8674,1986,0.0,0.08,0.163,MOZ
8675,1987,0.0,0.08,0.173,MOZ
8676,1988,0.0,0.08,0.173,MOZ
8677,1989,0.0,0.08,0.173,MOZ
8678,1990,0.0,0.123,0.38,MOZ
8679,1991,0.0,0.162,0.423,MOZ
8680,1992,0.0,0.183,0.427,MOZ
8681,1993,0.0,0.221,0.446,MOZ
8682,1994,1.0,0.246,0.547,MOZ
8683,1995,1.0,0.471,0.565,MOZ
8684,1996,1.0,0.466,0.565,MOZ
8685,1997,1.0,0.465,0.56,MOZ
8686,1998,1.0,0.465,0.56,MOZ
8687,1999,1.0,0.458,0.56,MOZ
8688,2000,1.0,0.419,0.604,MOZ
8689,2001,1.0,0.419,0.604,MOZ
8690,2002,1.0,0.419,0.599,MOZ
8691,2003,1.0,0.421,0.603,MOZ
8692,2004,1.0,0.428,0.597,MOZ
8693,2005,1.0,0.474,0.581,MOZ
8694,2006,1.0,0.469,0.581,MOZ
8695,2007,1.0,0.471,0.581,MOZ
8696,2008,1.0,0.464,0.582,MOZ
8697,2009,1.0,0.46,0.58,MOZ
8698,2010,1.0,0.433,0.598,MOZ
8699,2011,1.0,0.43,0.598,MOZ
8700,2012,1.0,0.43,0.597,MOZ
8701,2013,1.0,0.435,0.601,MOZ
8702,2014,1.0,0.435,0.604,MOZ
8703,2015,1.0,0.439,0.59,MOZ
8704,2016,1.0,0.429,0.572,MOZ
8705,2017,1.0,0.406,0.565,MOZ
8706,2018,1.0,0.396,0.556,MOZ
8707,2019,1.0,0.394,0.528,MOZ
8708,2020,1.0,0.369,0.502,MOZ
8709,2021,1.0,0.369,0.516,MOZ
8710,2022,1.0,0.369,0.517,MOZ
8711,2023,1.0,0.355,0.49,MOZ
8874,1950,0.0,0.027,0.083,NPL
8875,1951,0.0,0.057,0.202,NPL
8876,1952,0.0,0.141,0.212,NPL
8877,1953,0.0,0.141,0.219,NPL
8878,1954,0.0,0.141,0.219,NPL
8879,1955,0.0,0.141,0.219,NPL
8880,1956,0.0,0.141,0.221,NPL
8881,1957,0.0,0.141,0.216,NPL
8882,1958,0.0,0.142,0.216,NPL
8883,1959,1.0,0.206,0.37,NPL
8884,1960,0.0,0.199,0.333,NPL
8885,1961,0.0,0.1,0.192,NPL
8886,1962,0.0,0.092,0.171,NPL
8887,1963,0.0,0.092,0.278,NPL
8888,1964,0.0,0.092,0.28,NPL
8889,1965,0.0,0.092,0.285,NPL
8890,1966,0.0,0.092,0.285,NPL
8891,1967,0.0,0.092,0.285,NPL
8892,1968,0.0,0.092,0.285,NPL
8893,1969,0.0,0.092,0.285,NPL
8894,1970,0.0,0.092,0.287,NPL
8895,1971,0.0,0.093,0.297,NPL
8896,1972,0.0,0.093,0.285,NPL
8897,1973,0.0,0.093,0.287,NPL
8898,1974,0.0,0.093,0.287,NPL
8899,1975,0.0,0.093,0.286,NPL
8900,1976,0.0,0.093,0.284,NPL
8901,1977,0.0,0.093,0.284,NPL
8902,1978,0.0,0.093,0.284,NPL
8903,1979,0.0,0.093,0.283,NPL
8904,1980,0.0,0.097,0.358,NPL
8905,1981,0.0,0.105,0.35,NPL
8906,1982,0.0,0.11,0.349,NPL
8907,1983,0.0,0.11,0.349,NPL
8908,1984,0.0,0.11,0.349,NPL
8909,1985,0.0,0.11,0.349,NPL
8910,1986,0.0,0.111,0.349,NPL
8911,1987,0.0,0.112,0.349,NPL
8912,1988,0.0,0.112,0.349,NPL
8913,1989,0.0,0.112,0.348,NPL
8914,1990,0.0,0.257,0.595,NPL
8915,1991,1.0,0.38,0.702,NPL
8916,1992,1.0,0.402,0.705,NPL
8917,1993,1.0,0.402,0.715,NPL
8918,1994,1.0,0.403,0.715,NPL
8919,1995,1.0,0.405,0.699,NPL
8920,1996,1.0,0.398,0.683,NPL
8921,1997,1.0,0.395,0.689,NPL
8922,1998,1.0,0.394,0.692,NPL
8923,1999,1.0,0.385,0.692,NPL
8924,2000,1.0,0.358,0.692,NPL
8925,2001,1.0,0.355,0.67,NPL
8926,2002,0.0,0.272,0.597,NPL
8927,2003,0.0,0.224,0.409,NPL
8928,2004,0.0,0.225,0.413,NPL
8929,2005,0.0,0.222,0.423,NPL
8930,2006,0.0,0.23,0.618,NPL
8931,2007,0.0,0.273,0.779,NPL
8932,2008,1.0,0.473,0.811,NPL
8933,2009,2.0,0.556,0.823,NPL
8934,2010,2.0,0.549,0.827,NPL
8935,2011,2.0,0.557,0.838,NPL
8936,2012,1.0,0.391,0.659,NPL
8937,2013,1.0,0.28,0.497,NPL
8938,2014,2.0,0.624,0.774,NPL
8939,2015,2.0,0.64,0.826,NPL
8940,2016,2.0,0.661,0.835,NPL
8941,2017,2.0,0.658,0.84,NPL
8942,2018,2.0,0.632,0.811,NPL
8943,2019,2.0,0.601,0.772,NPL
8944,2020,2.0,0.598,0.785,NPL
8945,2021,2.0,0.618,0.786,NPL
8946,2022,2.0,0.63,0.773,NPL
8947,2023,2.0,0.692,0.742,NPL
9061,1950,1.0,0.138,0.066,NIC
9062,1951,1.0,0.139,0.066,NIC
9063,1952,1.0,0.139,0.066,NIC
9064,1953,1.0,0.139,0.066,NIC
9065,1954,1.0,0.139,0.066,NIC
9066,1955,1.0,0.141,0.069,NIC
9067,1956,1.0,0.173,0.069,NIC
9068,1957,1.0,0.172,0.067,NIC
9069,1958,1.0,0.172,0.067,NIC
9070,1959,1.0,0.168,0.067,NIC
9071,1960,1.0,0.172,0.067,NIC
9072,1961,1.0,0.172,0.067,NIC
9073,1962,1.0,0.173,0.067,NIC
9074,1963,1.0,0.173,0.067,NIC
9075,1964,1.0,0.174,0.067,NIC
9076,1965,1.0,0.174,0.067,NIC
9077,1966,1.0,0.174,0.067,NIC
9078,1967,1.0,0.176,0.067,NIC
9079,1968,1.0,0.175,0.067,NIC
9080,1969,1.0,0.175,0.067,NIC
9081,1970,1.0,0.175,0.074,NIC
9082,1971,1.0,0.175,0.066,NIC
9083,1972,1.0,0.16,0.062,NIC
9084,1973,1.0,0.171,0.066,NIC
9085,1974,1.0,0.173,0.066,NIC
9086,1975,1.0,0.176,0.066,NIC
9087,1976,1.0,0.176,0.066,NIC
9088,1977,1.0,0.173,0.065,NIC
9089,1978,1.0,0.173,0.065,NIC
9090,1979,1.0,0.146,0.061,NIC
9091,1980,0.0,0.182,0.229,NIC
9092,1981,0.0,0.185,0.229,NIC
9093,1982,0.0,0.171,0.193,NIC
9094,1983,0.0,0.175,0.193,NIC
9095,1984,1.0,0.198,0.241,NIC
9096,1985,1.0,0.359,0.325,NIC
9097,1986,1.0,0.362,0.308,NIC
9098,1987,1.0,0.364,0.309,NIC
9099,1988,1.0,0.38,0.328,NIC
9100,1989,1.0,0.399,0.328,NIC
9101,1990,2.0,0.634,0.603,NIC
9102,1991,2.0,0.69,0.635,NIC
9103,1992,2.0,0.691,0.643,NIC
9104,1993,2.0,0.694,0.65,NIC
9105,1994,2.0,0.693,0.65,NIC
9106,1995,2.0,0.692,0.659,NIC
9107,1996,2.0,0.682,0.614,NIC
9108,1997,2.0,0.635,0.59,NIC
9109,1998,2.0,0.635,0.59,NIC
9110,1999,2.0,0.603,0.58,NIC
9111,2000,2.0,0.589,0.582,NIC
9112,2001,2.0,0.592,0.568,NIC
9113,2002,2.0,0.613,0.56,NIC
9114,2003,2.0,0.608,0.56,NIC
9115,2004,2.0,0.608,0.561,NIC
9116,2005,2.0,0.608,0.561,NIC
9117,2006,2.0,0.56,0.496,NIC
9118,2007,1.0,0.457,0.365,NIC
9119,2008,1.0,0.445,0.346,NIC
9120,2009,1.0,0.443,0.334,NIC
9121,2010,1.0,0.436,0.324,NIC
9122,2011,1.0,0.427,0.321,NIC
9123,2012,1.0,0.369,0.292,NIC
9124,2013,1.0,0.323,0.256,NIC
9125,2014,1.0,0.321,0.256,NIC
9126,2015,1.0,0.321,0.255,NIC
9127,2016,1.0,0.309,0.248,NIC
9128,2017,1.0,0.283,0.214,NIC
9129,2018,1.0,0.223,0.09,NIC
9130,2019,1.0,0.217,0.082,NIC
9131,2020,1.0,0.219,0.074,NIC
9132,2021,1.0,0.198,0.052,NIC
9133,2022,1.0,0.161,0.046,NIC
9134,2023,1.0,0.159,0.025,NIC
9164,1950,0.0,0.03,0.275,NER
9165,1951,0.0,0.03,0.277,NER
9166,1952,0.0,0.037,0.277,NER
9167,1953,0.0,0.037,0.277,NER
9168,1954,0.0,0.038,0.277,NER
9169,1955,0.0,0.038,0.277,NER
9170,1956,0.0,0.038,0.298,NER
9171,1957,0.0,0.114,0.324,NER
9172,1958,0.0,0.115,0.327,NER
9173,1959,0.0,0.133,0.336,NER
9174,1960,1.0,0.143,0.386,NER
9175,1961,1.0,0.2,0.38,NER
9176,1962,1.0,0.196,0.38,NER
9177,1963,1.0,0.197,0.38,NER
9178,1964,1.0,0.198,0.38,NER
9179,1965,0.0,0.195,0.38,NER
9180,1966,0.0,0.186,0.38,NER
9181,1967,0.0,0.186,0.38,NER
9182,1968,0.0,0.186,0.38,NER
9183,1969,0.0,0.186,0.38,NER
9184,1970,0.0,0.187,0.372,NER
9185,1971,0.0,0.187,0.372,NER
9186,1972,0.0,0.187,0.372,NER
9187,1973,0.0,0.187,0.372,NER
9188,1974,0.0,0.115,0.352,NER
9189,1975,0.0,0.09,0.306,NER
9190,1976,0.0,0.09,0.306,NER
9191,1977,0.0,0.09,0.31,NER
9192,1978,0.0,0.09,0.309,NER
9193,1979,0.0,0.088,0.309,NER
9194,1980,0.0,0.09,0.312,NER
9195,1981,0.0,0.09,0.312,NER
9196,1982,0.0,0.09,0.312,NER
9197,1983,0.0,0.09,0.312,NER
9198,1984,0.0,0.09,0.312,NER
9199,1985,0.0,0.09,0.312,NER
9200,1986,0.0,0.09,0.312,NER
9201,1987,0.0,0.093,0.326,NER
9202,1988,0.0,0.111,0.356,NER
9203,1989,1.0,0.151,0.382,NER
9204,1990,1.0,0.347,0.493,NER
9205,1991,1.0,0.39,0.561,NER
9206,1992,1.0,0.339,0.566,NER
9207,1993,2.0,0.533,0.723,NER
9208,1994,2.0,0.545,0.723,NER
9209,1995,2.0,0.541,0.723,NER
9210,1996,1.0,0.291,0.476,NER
9211,1997,1.0,0.386,0.478,NER
9212,1998,1.0,0.386,0.478,NER
9213,1999,1.0,0.255,0.459,NER
9214,2000,2.0,0.541,0.705,NER
9215,2001,2.0,0.542,0.705,NER
9216,2002,2.0,0.542,0.705,NER
9217,2003,2.0,0.542,0.705,NER
9218,2004,2.0,0.546,0.705,NER
9219,2005,2.0,0.568,0.705,NER
9220,2006,2.0,0.576,0.705,NER
9221,2007,2.0,0.576,0.713,NER
9222,2008,2.0,0.569,0.706,NER
9223,2009,1.0,0.42,0.536,NER
9224,2010,0.0,0.264,0.501,NER
9225,2011,2.0,0.542,0.64,NER
9226,2012,2.0,0.618,0.756,NER
9227,2013,2.0,0.625,0.774,NER
9228,2014,2.0,0.625,0.772,NER
9229,2015,2.0,0.618,0.77,NER
9230,2016,2.0,0.569,0.774,NER
9231,2017,2.0,0.545,0.749,NER
9232,2018,2.0,0.529,0.726,NER
9233,2019,2.0,0.528,0.71,NER
9234,2020,2.0,0.549,0.694,NER
9235,2021,2.0,0.518,0.731,NER
9236,2022,2.0,0.503,0.723,NER
9237,2023,1.0,0.387,0.606,NER
9278,1950,0.0,0.096,0.375,ZMB
9279,1951,0.0,0.1,0.375,ZMB
9280,1952,0.0,0.1,0.375,ZMB
9281,1953,0.0,0.102,0.382,ZMB
9282,1954,0.0,0.106,0.384,ZMB
9283,1955,0.0,0.107,0.384,ZMB
9284,1956,0.0,0.107,0.384,ZMB
9285,1957,0.0,0.107,0.384,ZMB
9286,1958,0.0,0.108,0.384,ZMB
9287,1959,0.0,0.109,0.384,ZMB
9288,1960,0.0,0.116,0.384,ZMB
9289,1961,0.0,0.117,0.384,ZMB
9290,1962,0.0,0.124,0.384,ZMB
9291,1963,0.0,0.137,0.395,ZMB
9292,1964,1.0,0.226,0.491,ZMB
9293,1965,1.0,0.306,0.528,ZMB
9294,1966,1.0,0.306,0.525,ZMB
9295,1967,1.0,0.306,0.53,ZMB
9296,1968,1.0,0.305,0.528,ZMB
9297,1969,1.0,0.287,0.528,ZMB
9298,1970,1.0,0.281,0.53,ZMB
9299,1971,1.0,0.257,0.532,ZMB
9300,1972,1.0,0.253,0.532,ZMB
9301,1973,1.0,0.208,0.471,ZMB
9302,1974,1.0,0.192,0.45,ZMB
9303,1975,1.0,0.192,0.45,ZMB
9304,1976,1.0,0.191,0.45,ZMB
9305,1977,1.0,0.191,0.45,ZMB
9306,1978,1.0,0.191,0.45,ZMB
9307,1979,1.0,0.193,0.45,ZMB
9308,1980,1.0,0.193,0.45,ZMB
9309,1981,1.0,0.193,0.45,ZMB
9310,1982,1.0,0.193,0.45,ZMB
9311,1983,1.0,0.193,0.45,ZMB
9312,1984,1.0,0.191,0.457,ZMB
9313,1985,1.0,0.191,0.457,ZMB
9314,1986,1.0,0.191,0.457,ZMB
9315,1987,1.0,0.191,0.457,ZMB
9316,1988,1.0,0.191,0.457,ZMB
9317,1989,1.0,0.191,0.457,ZMB
9318,1990,1.0,0.215,0.473,ZMB
9319,1991,1.0,0.284,0.668,ZMB
9320,1992,1.0,0.438,0.722,ZMB
9321,1993,1.0,0.448,0.736,ZMB
9322,1994,1.0,0.487,0.736,ZMB
9323,1995,1.0,0.487,0.736,ZMB
9324,1996,1.0,0.495,0.736,ZMB
9325,1997,1.0,0.486,0.736,ZMB
9326,1998,1.0,0.486,0.736,ZMB
9327,1999,1.0,0.486,0.736,ZMB
9328,2000,1.0,0.49,0.736,ZMB
9329,2001,1.0,0.492,0.762,ZMB
9330,2002,1.0,0.486,0.791,ZMB
9331,2003,1.0,0.486,0.791,ZMB
9332,2004,1.0,0.486,0.791,ZMB
9333,2005,1.0,0.499,0.813,ZMB
9334,2006,2.0,0.501,0.813,ZMB
9335,2007,2.0,0.502,0.813,ZMB
9336,2008,2.0,0.506,0.807,ZMB
9337,2009,2.0,0.519,0.789,ZMB
9338,2010,2.0,0.515,0.797,ZMB
9339,2011,2.0,0.502,0.806,ZMB
9340,2012,2.0,0.503,0.806,ZMB
9341,2013,1.0,0.487,0.757,ZMB
9342,2014,1.0,0.478,0.761,ZMB
9343,2015,1.0,0.456,0.755,ZMB
9344,2016,1.0,0.402,0.74,ZMB
9345,2017,1.0,0.364,0.688,ZMB
9346,2018,1.0,0.367,0.686,ZMB
9347,2019,1.0,0.36,0.729,ZMB
9348,2020,1.0,0.354,0.706,ZMB
9349,2021,1.0,0.417,0.736,ZMB
9350,2022,2.0,0.523,0.821,ZMB
9351,2023,2.0,0.527,0.793,ZMB
9403,1950,1.0,0.255,0.484,ZWE
9404,1951,1.0,0.255,0.486,ZWE
9405,1952,1.0,0.255,0.486,ZWE
9406,1953,1.0,0.253,0.509,ZWE
9407,1954,1.0,0.253,0.512,ZWE
9408,1955,1.0,0.254,0.512,ZWE
9409,1956,1.0,0.251,0.512,ZWE
9410,1957,1.0,0.242,0.512,ZWE
9411,1958,1.0,0.235,0.504,ZWE
9412,1959,1.0,0.225,0.5,ZWE
9413,1960,1.0,0.228,0.494,ZWE
9414,1961,1.0,0.228,0.494,ZWE
9415,1962,1.0,0.228,0.494,ZWE
9416,1963,1.0,0.226,0.494,ZWE
9417,1964,1.0,0.211,0.408,ZWE
9418,1965,1.0,0.202,0.36,ZWE
9419,1966,1.0,0.193,0.356,ZWE
9420,1967,1.0,0.193,0.356,ZWE
9421,1968,1.0,0.193,0.356,ZWE
9422,1969,1.0,0.193,0.344,ZWE
9423,1970,1.0,0.195,0.344,ZWE
9424,1971,1.0,0.192,0.344,ZWE
9425,1972,1.0,0.192,0.344,ZWE
9426,1973,1.0,0.192,0.344,ZWE
9427,1974,1.0,0.192,0.344,ZWE
9428,1975,1.0,0.192,0.348,ZWE
9429,1976,1.0,0.192,0.348,ZWE
9430,1977,1.0,0.19,0.348,ZWE
9431,1978,0.0,0.054,0.348,ZWE
9432,1979,1.0,0.162,0.348,ZWE
9433,1980,1.0,0.301,0.542,ZWE
9434,1981,1.0,0.32,0.553,ZWE
9435,1982,1.0,0.316,0.553,ZWE
9436,1983,1.0,0.316,0.553,ZWE
9437,1984,1.0,0.314,0.553,ZWE
9438,1985,1.0,0.308,0.553,ZWE
9439,1986,1.0,0.306,0.553,ZWE
9440,1987,1.0,0.213,0.536,ZWE
9441,1988,1.0,0.302,0.546,ZWE
9442,1989,1.0,0.304,0.547,ZWE
9443,1990,1.0,0.299,0.558,ZWE
9444,1991,1.0,0.306,0.558,ZWE
9445,1992,1.0,0.306,0.558,ZWE
9446,1993,1.0,0.306,0.558,ZWE
9447,1994,1.0,0.306,0.558,ZWE
9448,1995,1.0,0.304,0.558,ZWE
9449,1996,1.0,0.306,0.56,ZWE
9450,1997,1.0,0.304,0.566,ZWE
9451,1998,1.0,0.302,0.562,ZWE
9452,1999,1.0,0.301,0.562,ZWE
9453,2000,1.0,0.283,0.475,ZWE
9454,2001,1.0,0.269,0.418,ZWE
9455,2002,1.0,0.268,0.429,ZWE
9456,2003,1.0,0.268,0.398,ZWE
9457,2004,1.0,0.256,0.398,ZWE
9458,2005,1.0,0.255,0.398,ZWE
9459,2006,1.0,0.256,0.394,ZWE
9460,2007,1.0,0.256,0.394,ZWE
9461,2008,1.0,0.252,0.388,ZWE
9462,2009,1.0,0.249,0.488,ZWE
9463,2010,1.0,0.261,0.539,ZWE
9464,2011,1.0,0.26,0.539,ZWE
9465,2012,1.0,0.261,0.538,ZWE
9466,2013,1.0,0.285,0.539,ZWE
9467,2014,1.0,0.296,0.532,ZWE
9468,2015,1.0,0.296,0.531,ZWE
9469,2016,1.0,0.29,0.516,ZWE
9470,2017,1.0,0.295,0.572,ZWE
9471,2018,1.0,0.303,0.531,ZWE
9472,2019,1.0,0.292,0.498,ZWE
9473,2020,1.0,0.294,0.485,ZWE
9474,2021,1.0,0.289,0.476,ZWE
9475,2022,1.0,0.286,0.455,ZWE
9476,2023,1.0,0.291,0.422,ZWE
9528,1950,0.0,0.103,0.157,GIN
9529,1951,0.0,0.103,0.157,GIN
9530,1952,0.0,0.112,0.122,GIN
9531,1953,0.0,0.088,0.157,GIN
9532,1954,0.0,0.075,0.157,GIN
9533,1955,0.0,0.075,0.158,GIN
9534,1956,0.0,0.078,0.158,GIN
9535,1957,0.0,0.162,0.153,GIN
9536,1958,1.0,0.157,0.142,GIN
9537,1959,1.0,0.192,0.133,GIN
9538,1960,1.0,0.183,0.1,GIN
9539,1961,0.0,0.156,0.092,GIN
9540,1962,0.0,0.155,0.092,GIN
9541,1963,0.0,0.148,0.093,GIN
9542,1964,0.0,0.146,0.089,GIN
9543,1965,0.0,0.145,0.091,GIN
9544,1966,0.0,0.145,0.091,GIN
9545,1967,0.0,0.143,0.091,GIN
9546,1968,0.0,0.143,0.091,GIN
9547,1969,0.0,0.142,0.087,GIN
9548,1970,0.0,0.142,0.087,GIN
9549,1971,0.0,0.142,0.087,GIN
9550,1972,0.0,0.142,0.087,GIN
9551,1973,0.0,0.142,0.087,GIN
9552,1974,0.0,0.142,0.087,GIN
9553,1975,0.0,0.142,0.089,GIN
9554,1976,0.0,0.142,0.089,GIN
9555,1977,0.0,0.142,0.089,GIN
9556,1978,0.0,0.142,0.089,GIN
9557,1979,0.0,0.142,0.089,GIN
9558,1980,0.0,0.142,0.091,GIN
9559,1981,0.0,0.142,0.091,GIN
9560,1982,0.0,0.143,0.091,GIN
9561,1983,0.0,0.142,0.091,GIN
9562,1984,0.0,0.091,0.095,GIN
9563,1985,0.0,0.096,0.126,GIN
9564,1986,0.0,0.097,0.129,GIN
9565,1987,0.0,0.098,0.12,GIN
9566,1988,0.0,0.098,0.12,GIN
9567,1989,0.0,0.1,0.12,GIN
9568,1990,0.0,0.116,0.136,GIN
9569,1991,0.0,0.143,0.222,GIN
9570,1992,0.0,0.164,0.225,GIN
9571,1993,0.0,0.166,0.228,GIN
9572,1994,1.0,0.185,0.225,GIN
9573,1995,1.0,0.254,0.229,GIN
9574,1996,1.0,0.256,0.256,GIN
9575,1997,1.0,0.256,0.247,GIN
9576,1998,1.0,0.254,0.254,GIN
9577,1999,1.0,0.26,0.254,GIN
9578,2000,1.0,0.264,0.246,GIN
9579,2001,1.0,0.269,0.246,GIN
9580,2002,1.0,0.265,0.246,GIN
9581,2003,1.0,0.27,0.258,GIN
9582,2004,1.0,0.266,0.258,GIN
9583,2005,1.0,0.266,0.259,GIN
9584,2006,1.0,0.265,0.266,GIN
9585,2007,1.0,0.265,0.285,GIN
9586,2008,1.0,0.263,0.203,GIN
9587,2009,0.0,0.173,0.135,GIN
9588,2010,1.0,0.232,0.215,GIN
9589,2011,1.0,0.311,0.223,GIN
9590,2012,1.0,0.313,0.223,GIN
9591,2013,1.0,0.315,0.221,GIN
9592,2014,1.0,0.368,0.296,GIN
9593,2015,1.0,0.367,0.308,GIN
9594,2016,1.0,0.364,0.31,GIN
9595,2017,1.0,0.361,0.31,GIN
9596,2018,1.0,0.358,0.288,GIN
9597,2019,1.0,0.353,0.254,GIN
9598,2020,1.0,0.295,0.223,GIN
9599,2021,1.0,0.255,0.214,GIN
9600,2022,0.0,0.175,0.231,GIN
9601,2023,0.0,0.171,0.232,GIN
9653,1950,0.0,0.108,0.29,CIV
9654,1951,0.0,0.107,0.29,CIV
9655,1952,0.0,0.114,0.291,CIV
9656,1953,0.0,0.114,0.291,CIV
9657,1954,0.0,0.114,0.291,CIV
9658,1955,0.0,0.114,0.291,CIV
9659,1956,0.0,0.114,0.291,CIV
9660,1957,0.0,0.151,0.291,CIV
9661,1958,0.0,0.147,0.291,CIV
9662,1959,0.0,0.142,0.291,CIV
9663,1960,1.0,0.146,0.445,CIV
9664,1961,1.0,0.188,0.451,CIV
9665,1962,1.0,0.188,0.448,CIV
9666,1963,1.0,0.188,0.448,CIV
9667,1964,1.0,0.188,0.448,CIV
9668,1965,0.0,0.186,0.448,CIV
9669,1966,0.0,0.175,0.448,CIV
9670,1967,0.0,0.175,0.448,CIV
9671,1968,0.0,0.175,0.448,CIV
9672,1969,0.0,0.175,0.448,CIV
9673,1970,0.0,0.177,0.455,CIV
9674,1971,0.0,0.174,0.454,CIV
9675,1972,0.0,0.174,0.454,CIV
9676,1973,0.0,0.174,0.454,CIV
9677,1974,0.0,0.174,0.454,CIV
9678,1975,0.0,0.174,0.454,CIV
9679,1976,0.0,0.174,0.454,CIV
9680,1977,0.0,0.174,0.454,CIV
9681,1978,0.0,0.174,0.454,CIV
9682,1979,0.0,0.174,0.454,CIV
9683,1980,0.0,0.176,0.454,CIV
9684,1981,0.0,0.174,0.454,CIV
9685,1982,0.0,0.174,0.454,CIV
9686,1983,0.0,0.174,0.454,CIV
9687,1984,0.0,0.174,0.454,CIV
9688,1985,1.0,0.176,0.454,CIV
9689,1986,1.0,0.177,0.454,CIV
9690,1987,1.0,0.177,0.454,CIV
9691,1988,1.0,0.177,0.454,CIV
9692,1989,1.0,0.177,0.454,CIV
9693,1990,1.0,0.307,0.479,CIV
9694,1991,1.0,0.312,0.49,CIV
9695,1992,1.0,0.312,0.489,CIV
9696,1993,1.0,0.33,0.502,CIV
9697,1994,1.0,0.359,0.514,CIV
9698,1995,1.0,0.263,0.512,CIV
9699,1996,1.0,0.397,0.527,CIV
9700,1997,1.0,0.398,0.528,CIV
9701,1998,1.0,0.392,0.537,CIV
9702,1999,1.0,0.388,0.552,CIV
9703,2000,1.0,0.274,0.459,CIV
9704,2001,1.0,0.452,0.591,CIV
9705,2002,1.0,0.448,0.6,CIV
9706,2003,1.0,0.445,0.599,CIV
9707,2004,1.0,0.446,0.6,CIV
9708,2005,1.0,0.432,0.605,CIV
9709,2006,1.0,0.433,0.602,CIV
9710,2007,1.0,0.436,0.605,CIV
9711,2008,1.0,0.436,0.602,CIV
9712,2009,1.0,0.436,0.596,CIV
9713,2010,1.0,0.447,0.595,CIV
9714,2011,1.0,0.427,0.611,CIV
9715,2012,1.0,0.463,0.627,CIV
9716,2013,1.0,0.467,0.603,CIV
9717,2014,1.0,0.469,0.613,CIV
9718,2015,1.0,0.473,0.616,CIV
9719,2016,2.0,0.528,0.609,CIV
9720,2017,2.0,0.54,0.567,CIV
9721,2018,2.0,0.539,0.581,CIV
9722,2019,2.0,0.532,0.543,CIV
9723,2020,1.0,0.499,0.436,CIV
9724,2021,1.0,0.434,0.449,CIV
9725,2022,1.0,0.445,0.451,CIV
9726,2023,1.0,0.446,0.451,CIV
9774,1950,0.0,0.122,0.292,MRT
9775,1951,0.0,0.122,0.292,MRT
9776,1952,0.0,0.126,0.292,MRT
9777,1953,0.0,0.126,0.292,MRT
9778,1954,0.0,0.126,0.292,MRT
9779,1955,0.0,0.126,0.292,MRT
9780,1956,0.0,0.123,0.292,MRT
9781,1957,1.0,0.229,0.292,MRT
9782,1958,1.0,0.254,0.291,MRT
9783,1959,1.0,0.254,0.294,MRT
9784,1960,0.0,0.239,0.392,MRT
9785,1961,1.0,0.193,0.303,MRT
9786,1962,1.0,0.227,0.319,MRT
9787,1963,1.0,0.227,0.319,MRT
9788,1964,1.0,0.227,0.319,MRT
9789,1965,1.0,0.216,0.319,MRT
9790,1966,1.0,0.209,0.319,MRT
9791,1967,1.0,0.208,0.319,MRT
9792,1968,1.0,0.208,0.319,MRT
9793,1969,1.0,0.208,0.319,MRT
9794,1970,1.0,0.211,0.323,MRT
9795,1971,1.0,0.21,0.323,MRT
9796,1972,1.0,0.209,0.323,MRT
9797,1973,1.0,0.209,0.323,MRT
9798,1974,1.0,0.209,0.323,MRT
9799,1975,1.0,0.209,0.323,MRT
9800,1976,1.0,0.209,0.323,MRT
9801,1977,1.0,0.209,0.323,MRT
9802,1978,1.0,0.145,0.274,MRT
9803,1979,0.0,0.095,0.139,MRT
9804,1980,0.0,0.095,0.139,MRT
9805,1981,0.0,0.095,0.142,MRT
9806,1982,0.0,0.095,0.131,MRT
9807,1983,0.0,0.095,0.131,MRT
9808,1984,0.0,0.101,0.131,MRT
9809,1985,0.0,0.101,0.137,MRT
9810,1986,0.0,0.101,0.137,MRT
9811,1987,0.0,0.108,0.137,MRT
9812,1988,0.0,0.108,0.137,MRT
9813,1989,0.0,0.11,0.133,MRT
9814,1990,0.0,0.115,0.134,MRT
9815,1991,0.0,0.13,0.144,MRT
9816,1992,1.0,0.268,0.234,MRT
9817,1993,1.0,0.296,0.256,MRT
9818,1994,1.0,0.305,0.256,MRT
9819,1995,1.0,0.307,0.256,MRT
9820,1996,1.0,0.307,0.291,MRT
9821,1997,1.0,0.3,0.291,MRT
9822,1998,1.0,0.3,0.291,MRT
9823,1999,1.0,0.3,0.291,MRT
9824,2000,1.0,0.307,0.301,MRT
9825,2001,1.0,0.313,0.301,MRT
9826,2002,1.0,0.314,0.301,MRT
9827,2003,1.0,0.31,0.303,MRT
9828,2004,1.0,0.316,0.311,MRT
9829,2005,1.0,0.292,0.256,MRT
9830,2006,0.0,0.249,0.303,MRT
9831,2007,1.0,0.452,0.406,MRT
9832,2008,1.0,0.393,0.393,MRT
9833,2009,1.0,0.363,0.385,MRT
9834,2010,1.0,0.467,0.37,MRT
9835,2011,1.0,0.467,0.372,MRT
9836,2012,1.0,0.47,0.372,MRT
9837,2013,1.0,0.417,0.297,MRT
9838,2014,1.0,0.424,0.297,MRT
9839,2015,1.0,0.43,0.297,MRT
9840,2016,1.0,0.43,0.297,MRT
9841,2017,1.0,0.39,0.279,MRT
9842,2018,1.0,0.388,0.31,MRT
9843,2019,1.0,0.404,0.34,MRT
9844,2020,1.0,0.392,0.407,MRT
9845,2021,1.0,0.394,0.381,MRT
9846,2022,1.0,0.397,0.364,MRT
9847,2023,1.0,0.366,0.367,MRT
9958,1950,2.0,0.748,0.894,CAN
9959,1951,2.0,0.748,0.894,CAN
9960,1952,2.0,0.748,0.894,CAN
9961,1953,2.0,0.749,0.894,CAN
9962,1954,2.0,0.752,0.894,CAN
9963,1955,2.0,0.752,0.894,CAN
9964,1956,2.0,0.752,0.894,CAN
9965,1957,2.0,0.753,0.894,CAN
9966,1958,2.0,0.754,0.896,CAN
9967,1959,2.0,0.754,0.893,CAN
9968,1960,2.0,0.777,0.9,CAN
9969,1961,2.0,0.799,0.899,CAN
9970,1962,2.0,0.813,0.899,CAN
9971,1963,2.0,0.821,0.909,CAN
9972,1964,2.0,0.821,0.909,CAN
9973,1965,2.0,0.821,0.909,CAN
9974,1966,2.0,0.816,0.913,CAN
9975,1967,2.0,0.816,0.913,CAN
9976,1968,2.0,0.814,0.909,CAN
9977,1969,2.0,0.812,0.909,CAN
9978,1970,2.0,0.823,0.911,CAN
9979,1971,2.0,0.825,0.912,CAN
9980,1972,2.0,0.827,0.912,CAN
9981,1973,2.0,0.834,0.915,CAN
9982,1974,2.0,0.826,0.915,CAN
9983,1975,2.0,0.826,0.907,CAN
9984,1976,3.0,0.826,0.913,CAN
9985,1977,3.0,0.826,0.913,CAN
9986,1978,3.0,0.826,0.913,CAN
9987,1979,3.0,0.828,0.913,CAN
9988,1980,3.0,0.829,0.915,CAN
9989,1981,3.0,0.829,0.913,CAN
9990,1982,3.0,0.829,0.914,CAN
9991,1983,3.0,0.829,0.918,CAN
9992,1984,3.0,0.837,0.918,CAN
9993,1985,3.0,0.835,0.918,CAN
9994,1986,3.0,0.835,0.918,CAN
9995,1987,3.0,0.835,0.918,CAN
9996,1988,3.0,0.835,0.918,CAN
9997,1989,3.0,0.837,0.906,CAN
9998,1990,3.0,0.837,0.916,CAN
9999,1991,3.0,0.837,0.916,CAN
10000,1992,3.0,0.832,0.916,CAN
10001,1993,3.0,0.832,0.916,CAN
10002,1994,3.0,0.841,0.916,CAN
10003,1995,3.0,0.841,0.916,CAN
10004,1996,3.0,0.847,0.916,CAN
10005,1997,3.0,0.844,0.916,CAN
10006,1998,3.0,0.842,0.916,CAN
10007,1999,3.0,0.842,0.916,CAN
10008,2000,3.0,0.843,0.916,CAN
10009,2001,3.0,0.838,0.916,CAN
10010,2002,3.0,0.831,0.916,CAN
10011,2003,3.0,0.831,0.916,CAN
10012,2004,3.0,0.83,0.925,CAN
10013,2005,3.0,0.829,0.925,CAN
10014,2006,3.0,0.834,0.929,CAN
10015,2007,3.0,0.834,0.929,CAN
10016,2008,3.0,0.832,0.929,CAN
10017,2009,3.0,0.833,0.929,CAN
10018,2010,3.0,0.833,0.929,CAN
10019,2011,3.0,0.818,0.927,CAN
10020,2012,3.0,0.814,0.928,CAN
10021,2013,3.0,0.817,0.926,CAN
10022,2014,3.0,0.812,0.928,CAN
10023,2015,3.0,0.814,0.929,CAN
10024,2016,3.0,0.837,0.928,CAN
10025,2017,3.0,0.84,0.925,CAN
10026,2018,3.0,0.84,0.922,CAN
10027,2019,3.0,0.851,0.907,CAN
10028,2020,2.0,0.849,0.884,CAN
10029,2021,3.0,0.846,0.898,CAN
10030,2022,2.0,0.847,0.887,CAN
10031,2023,2.0,0.848,0.878,CAN
10194,1950,3.0,0.8,0.948,AUS
10195,1951,3.0,0.799,0.948,AUS
10196,1952,3.0,0.809,0.948,AUS
10197,1953,3.0,0.818,0.948,AUS
10198,1954,3.0,0.825,0.948,AUS
10199,1955,3.0,0.83,0.948,AUS
10200,1956,3.0,0.833,0.948,AUS
10201,1957,3.0,0.833,0.948,AUS
10202,1958,3.0,0.833,0.948,AUS
10203,1959,3.0,0.835,0.948,AUS
10204,1960,3.0,0.836,0.948,AUS
10205,1961,3.0,0.836,0.948,AUS
10206,1962,3.0,0.834,0.948,AUS
10207,1963,3.0,0.843,0.948,AUS
10208,1964,3.0,0.841,0.948,AUS
10209,1965,3.0,0.841,0.948,AUS
10210,1966,3.0,0.841,0.948,AUS
10211,1967,3.0,0.847,0.948,AUS
10212,1968,3.0,0.847,0.95,AUS
10213,1969,3.0,0.847,0.95,AUS
10214,1970,3.0,0.858,0.952,AUS
10215,1971,3.0,0.858,0.952,AUS
10216,1972,3.0,0.859,0.952,AUS
10217,1973,3.0,0.874,0.952,AUS
10218,1974,3.0,0.871,0.952,AUS
10219,1975,3.0,0.869,0.953,AUS
10220,1976,3.0,0.865,0.962,AUS
10221,1977,3.0,0.865,0.962,AUS
10222,1978,3.0,0.868,0.962,AUS
10223,1979,3.0,0.868,0.962,AUS
10224,1980,3.0,0.876,0.966,AUS
10225,1981,3.0,0.877,0.966,AUS
10226,1982,3.0,0.877,0.966,AUS
10227,1983,3.0,0.873,0.966,AUS
10228,1984,3.0,0.879,0.966,AUS
10229,1985,3.0,0.886,0.966,AUS
10230,1986,3.0,0.886,0.966,AUS
10231,1987,3.0,0.885,0.966,AUS
10232,1988,3.0,0.884,0.966,AUS
10233,1989,3.0,0.884,0.966,AUS
10234,1990,3.0,0.89,0.966,AUS
10235,1991,3.0,0.891,0.966,AUS
10236,1992,3.0,0.891,0.966,AUS
10237,1993,3.0,0.889,0.966,AUS
10238,1994,3.0,0.889,0.966,AUS
10239,1995,3.0,0.889,0.966,AUS
10240,1996,3.0,0.889,0.966,AUS
10241,1997,3.0,0.886,0.966,AUS
10242,1998,3.0,0.885,0.966,AUS
10243,1999,3.0,0.884,0.966,AUS
10244,2000,3.0,0.883,0.966,AUS
10245,2001,3.0,0.882,0.966,AUS
10246,2002,3.0,0.876,0.966,AUS
10247,2003,3.0,0.876,0.966,AUS
10248,2004,3.0,0.877,0.966,AUS
10249,2005,3.0,0.877,0.966,AUS
10250,2006,3.0,0.877,0.966,AUS
10251,2007,3.0,0.881,0.966,AUS
10252,2008,3.0,0.89,0.969,AUS
10253,2009,3.0,0.89,0.969,AUS
10254,2010,3.0,0.898,0.97,AUS
10255,2011,3.0,0.903,0.97,AUS
10256,2012,3.0,0.903,0.97,AUS
10257,2013,3.0,0.863,0.97,AUS
10258,2014,3.0,0.857,0.971,AUS
10259,2015,3.0,0.872,0.97,AUS
10260,2016,3.0,0.872,0.971,AUS
10261,2017,3.0,0.868,0.967,AUS
10262,2018,3.0,0.858,0.967,AUS
10263,2019,3.0,0.825,0.967,AUS
10264,2020,3.0,0.843,0.965,AUS
10265,2021,3.0,0.832,0.964,AUS
10266,2022,3.0,0.851,0.957,AUS
10267,2023,3.0,0.855,0.957,AUS
10319,1950,0.0,0.034,0.4,BWA
10320,1951,0.0,0.036,0.4,BWA
10321,1952,0.0,0.036,0.4,BWA
10322,1953,0.0,0.036,0.4,BWA
10323,1954,0.0,0.036,0.4,BWA
10324,1955,0.0,0.036,0.4,BWA
10325,1956,0.0,0.036,0.4,BWA
10326,1957,0.0,0.043,0.4,BWA
10327,1958,0.0,0.043,0.4,BWA
10328,1959,0.0,0.055,0.4,BWA
10329,1960,0.0,0.078,0.407,BWA
10330,1961,0.0,0.183,0.483,BWA
10331,1962,0.0,0.219,0.501,BWA
10332,1963,0.0,0.219,0.508,BWA
10333,1964,0.0,0.219,0.508,BWA
10334,1965,1.0,0.273,0.508,BWA
10335,1966,1.0,0.405,0.79,BWA
10336,1967,2.0,0.596,0.8,BWA
10337,1968,2.0,0.596,0.8,BWA
10338,1969,2.0,0.603,0.8,BWA
10339,1970,2.0,0.628,0.8,BWA
10340,1971,2.0,0.628,0.803,BWA
10341,1972,2.0,0.628,0.803,BWA
10342,1973,2.0,0.628,0.803,BWA
10343,1974,2.0,0.629,0.803,BWA
10344,1975,2.0,0.627,0.804,BWA
10345,1976,2.0,0.625,0.808,BWA
10346,1977,2.0,0.625,0.808,BWA
10347,1978,2.0,0.625,0.808,BWA
10348,1979,2.0,0.626,0.808,BWA
10349,1980,2.0,0.631,0.808,BWA
10350,1981,2.0,0.632,0.817,BWA
10351,1982,2.0,0.641,0.817,BWA
10352,1983,2.0,0.641,0.817,BWA
10353,1984,2.0,0.655,0.835,BWA
10354,1985,2.0,0.661,0.837,BWA
10355,1986,2.0,0.661,0.837,BWA
10356,1987,2.0,0.661,0.837,BWA
10357,1988,2.0,0.666,0.837,BWA
10358,1989,2.0,0.666,0.845,BWA
10359,1990,2.0,0.687,0.845,BWA
10360,1991,2.0,0.687,0.845,BWA
10361,1992,2.0,0.687,0.845,BWA
10362,1993,2.0,0.687,0.845,BWA
10363,1994,2.0,0.679,0.861,BWA
10364,1995,2.0,0.683,0.866,BWA
10365,1996,2.0,0.683,0.866,BWA
10366,1997,2.0,0.7,0.866,BWA
10367,1998,2.0,0.705,0.866,BWA
10368,1999,3.0,0.702,0.871,BWA
10369,2000,3.0,0.701,0.871,BWA
10370,2001,3.0,0.701,0.871,BWA
10371,2002,3.0,0.701,0.871,BWA
10372,2003,3.0,0.701,0.871,BWA
10373,2004,3.0,0.71,0.871,BWA
10374,2005,3.0,0.717,0.871,BWA
10375,2006,3.0,0.71,0.871,BWA
10376,2007,3.0,0.714,0.87,BWA
10377,2008,3.0,0.713,0.87,BWA
10378,2009,3.0,0.713,0.87,BWA
10379,2010,3.0,0.717,0.877,BWA
10380,2011,3.0,0.715,0.877,BWA
10381,2012,3.0,0.715,0.863,BWA
10382,2013,3.0,0.71,0.859,BWA
10383,2014,3.0,0.707,0.864,BWA
10384,2015,3.0,0.69,0.86,BWA
10385,2016,3.0,0.69,0.857,BWA
10386,2017,3.0,0.676,0.84,BWA
10387,2018,3.0,0.673,0.863,BWA
10388,2019,3.0,0.654,0.86,BWA
10389,2020,3.0,0.586,0.809,BWA
10390,2021,2.0,0.59,0.802,BWA
10391,2022,2.0,0.569,0.788,BWA
10392,2023,2.0,0.556,0.763,BWA
10428,1950,0.0,0.023,0.194,BDI
10429,1951,0.0,0.023,0.206,BDI
10430,1952,0.0,0.023,0.206,BDI
10431,1953,0.0,0.038,0.206,BDI
10432,1954,0.0,0.038,0.206,BDI
10433,1955,0.0,0.038,0.206,BDI
10434,1956,0.0,0.038,0.206,BDI
10435,1957,0.0,0.045,0.206,BDI
10436,1958,0.0,0.052,0.206,BDI
10437,1959,0.0,0.063,0.207,BDI
10438,1960,0.0,0.108,0.209,BDI
10439,1961,0.0,0.126,0.251,BDI
10440,1962,0.0,0.187,0.401,BDI
10441,1963,0.0,0.192,0.403,BDI
10442,1964,0.0,0.192,0.404,BDI
10443,1965,0.0,0.18,0.404,BDI
10444,1966,0.0,0.124,0.355,BDI
10445,1967,0.0,0.085,0.235,BDI
10446,1968,0.0,0.085,0.235,BDI
10447,1969,0.0,0.084,0.235,BDI
10448,1970,0.0,0.083,0.241,BDI
10449,1971,0.0,0.083,0.237,BDI
10450,1972,0.0,0.083,0.232,BDI
10451,1973,0.0,0.083,0.232,BDI
10452,1974,0.0,0.083,0.237,BDI
10453,1975,0.0,0.083,0.245,BDI
10454,1976,0.0,0.08,0.28,BDI
10455,1977,0.0,0.081,0.286,BDI
10456,1978,0.0,0.081,0.297,BDI
10457,1979,0.0,0.083,0.297,BDI
10458,1980,0.0,0.084,0.302,BDI
10459,1981,0.0,0.09,0.302,BDI
10460,1982,0.0,0.137,0.324,BDI
10461,1983,0.0,0.138,0.406,BDI
10462,1984,1.0,0.137,0.406,BDI
10463,1985,1.0,0.193,0.406,BDI
10464,1986,1.0,0.193,0.41,BDI
10465,1987,1.0,0.159,0.399,BDI
10466,1988,0.0,0.088,0.303,BDI
10467,1989,0.0,0.089,0.303,BDI
10468,1990,0.0,0.089,0.31,BDI
10469,1991,0.0,0.089,0.298,BDI
10470,1992,0.0,0.165,0.308,BDI
10471,1993,1.0,0.275,0.389,BDI
10472,1994,1.0,0.238,0.463,BDI
10473,1995,1.0,0.254,0.454,BDI
10474,1996,0.0,0.225,0.434,BDI
10475,1997,0.0,0.188,0.454,BDI
10476,1998,0.0,0.184,0.454,BDI
10477,1999,0.0,0.186,0.455,BDI
10478,2000,0.0,0.185,0.454,BDI
10479,2001,0.0,0.188,0.459,BDI
10480,2002,0.0,0.202,0.447,BDI
10481,2003,0.0,0.208,0.447,BDI
10482,2004,0.0,0.209,0.452,BDI
10483,2005,1.0,0.299,0.329,BDI
10484,2006,1.0,0.415,0.323,BDI
10485,2007,1.0,0.412,0.32,BDI
10486,2008,1.0,0.404,0.317,BDI
10487,2009,1.0,0.394,0.316,BDI
10488,2010,1.0,0.321,0.301,BDI
10489,2011,1.0,0.285,0.308,BDI
10490,2012,1.0,0.285,0.311,BDI
10491,2013,1.0,0.279,0.24,BDI
10492,2014,1.0,0.271,0.217,BDI
10493,2015,1.0,0.197,0.145,BDI
10494,2016,1.0,0.165,0.111,BDI
10495,2017,1.0,0.157,0.12,BDI
10496,2018,1.0,0.157,0.11,BDI
10497,2019,1.0,0.158,0.141,BDI
10498,2020,1.0,0.168,0.128,BDI
10499,2021,1.0,0.181,0.188,BDI
10500,2022,1.0,0.19,0.217,BDI
10501,2023,1.0,0.187,0.159,BDI
10553,1950,0.0,0.02,0.128,CPV
10554,1951,0.0,0.02,0.128,CPV
10555,1952,0.0,0.02,0.128,CPV
10556,1953,0.0,0.02,0.128,CPV
10557,1954,0.0,0.02,0.128,CPV
10558,1955,0.0,0.02,0.128,CPV
10559,1956,0.0,0.02,0.128,CPV
10560,1957,0.0,0.02,0.128,CPV
10561,1958,0.0,0.02,0.128,CPV
10562,1959,0.0,0.02,0.128,CPV
10563,1960,0.0,0.02,0.128,CPV
10564,1961,0.0,0.02,0.128,CPV
10565,1962,0.0,0.02,0.128,CPV
10566,1963,0.0,0.02,0.128,CPV
10567,1964,0.0,0.02,0.128,CPV
10568,1965,0.0,0.02,0.128,CPV
10569,1966,0.0,0.02,0.128,CPV
10570,1967,0.0,0.02,0.128,CPV
10571,1968,0.0,0.02,0.128,CPV
10572,1969,0.0,0.02,0.128,CPV
10573,1970,0.0,0.02,0.13,CPV
10574,1971,0.0,0.023,0.13,CPV
10575,1972,0.0,0.038,0.13,CPV
10576,1973,0.0,0.038,0.331,CPV
10577,1974,0.0,0.038,0.315,CPV
10578,1975,1.0,0.195,0.573,CPV
10579,1976,0.0,0.157,0.521,CPV
10580,1977,0.0,0.157,0.521,CPV
10581,1978,0.0,0.157,0.521,CPV
10582,1979,0.0,0.157,0.521,CPV
10583,1980,1.0,0.166,0.54,CPV
10584,1981,1.0,0.3,0.686,CPV
10585,1982,1.0,0.3,0.686,CPV
10586,1983,1.0,0.3,0.686,CPV
10587,1984,1.0,0.3,0.692,CPV
10588,1985,1.0,0.301,0.692,CPV
10589,1986,1.0,0.312,0.692,CPV
10590,1987,1.0,0.313,0.694,CPV
10591,1988,1.0,0.321,0.71,CPV
10592,1989,1.0,0.321,0.71,CPV
10593,1990,1.0,0.333,0.722,CPV
10594,1991,2.0,0.663,0.874,CPV
10595,1992,2.0,0.719,0.905,CPV
10596,1993,2.0,0.719,0.905,CPV
10597,1994,2.0,0.719,0.905,CPV
10598,1995,2.0,0.731,0.905,CPV
10599,1996,2.0,0.773,0.905,CPV
10600,1997,2.0,0.774,0.898,CPV
10601,1998,2.0,0.774,0.898,CPV
10602,1999,2.0,0.774,0.899,CPV
10603,2000,2.0,0.765,0.899,CPV
10604,2001,2.0,0.762,0.9,CPV
10605,2002,2.0,0.769,0.9,CPV
10606,2003,2.0,0.769,0.9,CPV
10607,2004,2.0,0.769,0.9,CPV
10608,2005,2.0,0.769,0.901,CPV
10609,2006,2.0,0.778,0.901,CPV
10610,2007,2.0,0.782,0.901,CPV
10611,2008,2.0,0.785,0.901,CPV
10612,2009,2.0,0.785,0.901,CPV
10613,2010,2.0,0.782,0.901,CPV
10614,2011,2.0,0.792,0.901,CPV
10615,2012,2.0,0.793,0.901,CPV
10616,2013,2.0,0.803,0.9,CPV
10617,2014,2.0,0.803,0.902,CPV
10618,2015,2.0,0.802,0.902,CPV
10619,2016,2.0,0.803,0.903,CPV
10620,2017,2.0,0.798,0.895,CPV
10621,2018,2.0,0.782,0.91,CPV
10622,2019,2.0,0.79,0.906,CPV
10623,2020,2.0,0.794,0.887,CPV
10624,2021,2.0,0.778,0.878,CPV
10625,2022,2.0,0.761,0.87,CPV
10626,2023,2.0,0.757,0.86,CPV
10658,1950,0.0,0.127,0.37,CAF
10659,1951,0.0,0.127,0.375,CAF
10660,1952,0.0,0.139,0.375,CAF
10661,1953,0.0,0.14,0.376,CAF
10662,1954,0.0,0.14,0.383,CAF
10663,1955,0.0,0.14,0.383,CAF
10664,1956,0.0,0.148,0.383,CAF
10665,1957,0.0,0.213,0.399,CAF
10666,1958,0.0,0.215,0.411,CAF
10667,1959,0.0,0.218,0.388,CAF
10668,1960,1.0,0.218,0.27,CAF
10669,1961,1.0,0.26,0.279,CAF
10670,1962,1.0,0.254,0.282,CAF
10671,1963,1.0,0.218,0.282,CAF
10672,1964,0.0,0.178,,CAF
10673,1965,0.0,0.179,,CAF
10674,1966,0.0,0.092,0.119,CAF
10675,1967,0.0,0.092,0.12,CAF
10676,1968,0.0,0.092,0.12,CAF
10677,1969,0.0,0.092,0.114,CAF
10678,1970,0.0,0.091,0.114,CAF
10679,1971,0.0,0.091,0.114,CAF
10680,1972,0.0,0.091,0.108,CAF
10681,1973,0.0,0.091,0.103,CAF
10682,1974,0.0,0.091,0.103,CAF
10683,1975,0.0,0.091,0.103,CAF
10684,1976,0.0,0.091,0.103,CAF
10685,1977,0.0,0.088,0.082,CAF
10686,1978,0.0,0.088,0.082,CAF
10687,1979,0.0,0.091,0.103,CAF
10688,1980,0.0,0.164,0.221,CAF
10689,1981,1.0,0.185,0.239,CAF
10690,1982,0.0,0.107,0.219,CAF
10691,1983,0.0,0.107,0.226,CAF
10692,1984,0.0,0.107,0.226,CAF
10693,1985,0.0,0.107,0.226,CAF
10694,1986,1.0,0.12,0.228,CAF
10695,1987,1.0,0.18,0.273,CAF
10696,1988,1.0,0.199,0.334,CAF
10697,1989,1.0,0.199,0.334,CAF
10698,1990,1.0,0.224,0.334,CAF
10699,1991,1.0,0.248,0.34,CAF
10700,1992,1.0,0.289,0.361,CAF
10701,1993,1.0,0.345,0.481,CAF
10702,1994,1.0,0.353,0.499,CAF
10703,1995,1.0,0.353,0.494,CAF
10704,1996,1.0,0.353,0.494,CAF
10705,1997,1.0,0.353,0.494,CAF
10706,1998,1.0,0.352,0.494,CAF
10707,1999,1.0,0.344,0.494,CAF
10708,2000,1.0,0.341,0.497,CAF
10709,2001,1.0,0.341,0.497,CAF
10710,2002,1.0,0.341,0.497,CAF
10711,2003,1.0,0.246,0.292,CAF
10712,2004,0.0,0.22,0.232,CAF
10713,2005,1.0,0.293,0.424,CAF
10714,2006,1.0,0.34,0.426,CAF
10715,2007,1.0,0.34,0.426,CAF
10716,2008,1.0,0.34,0.426,CAF
10717,2009,1.0,0.34,0.426,CAF
10718,2010,1.0,0.341,0.427,CAF
10719,2011,1.0,0.319,0.422,CAF
10720,2012,1.0,0.318,0.431,CAF
10721,2013,1.0,0.27,0.379,CAF
10722,2014,1.0,0.281,0.435,CAF
10723,2015,1.0,0.283,0.461,CAF
10724,2016,1.0,0.395,0.47,CAF
10725,2017,1.0,0.395,0.477,CAF
10726,2018,1.0,0.406,0.503,CAF
10727,2019,1.0,0.379,0.448,CAF
10728,2020,1.0,0.377,0.409,CAF
10729,2021,1.0,0.34,0.377,CAF
10730,2022,1.0,0.328,0.376,CAF
10731,2023,1.0,0.305,0.198,CAF
10894,1950,1.0,0.415,0.621,CHL
10895,1951,1.0,0.415,0.621,CHL
10896,1952,1.0,0.413,0.616,CHL
10897,1953,1.0,0.421,0.621,CHL
10898,1954,1.0,0.421,0.621,CHL
10899,1955,1.0,0.421,0.621,CHL
10900,1956,1.0,0.421,0.621,CHL
10901,1957,1.0,0.422,0.621,CHL
10902,1958,1.0,0.454,0.631,CHL
10903,1959,2.0,0.52,0.676,CHL
10904,1960,2.0,0.538,0.691,CHL
10905,1961,2.0,0.548,0.691,CHL
10906,1962,2.0,0.549,0.691,CHL
10907,1963,2.0,0.557,0.691,CHL
10908,1964,2.0,0.583,0.705,CHL
10909,1965,2.0,0.586,0.705,CHL
10910,1966,2.0,0.586,0.707,CHL
10911,1967,2.0,0.586,0.709,CHL
10912,1968,2.0,0.586,0.723,CHL
10913,1969,2.0,0.588,0.717,CHL
10914,1970,2.0,0.604,0.731,CHL
10915,1971,2.0,0.701,0.731,CHL
10916,1972,2.0,0.689,0.731,CHL
10917,1973,1.0,0.311,0.443,CHL
10918,1974,0.0,0.071,0.115,CHL
10919,1975,0.0,0.071,0.115,CHL
10920,1976,0.0,0.071,0.115,CHL
10921,1977,0.0,0.072,0.115,CHL
10922,1978,0.0,0.072,0.115,CHL
10923,1979,0.0,0.073,0.115,CHL
10924,1980,0.0,0.074,0.153,CHL
10925,1981,0.0,0.075,0.153,CHL
10926,1982,0.0,0.075,0.157,CHL
10927,1983,0.0,0.075,0.165,CHL
10928,1984,0.0,0.075,0.165,CHL
10929,1985,0.0,0.077,0.175,CHL
10930,1986,0.0,0.077,0.175,CHL
10931,1987,0.0,0.08,0.189,CHL
10932,1988,0.0,0.112,0.201,CHL
10933,1989,1.0,0.133,0.237,CHL
10934,1990,2.0,0.723,0.843,CHL
10935,1991,2.0,0.819,0.933,CHL
10936,1992,2.0,0.819,0.933,CHL
10937,1993,2.0,0.814,0.933,CHL
10938,1994,2.0,0.853,0.933,CHL
10939,1995,2.0,0.853,0.933,CHL
10940,1996,3.0,0.853,0.933,CHL
10941,1997,3.0,0.853,0.933,CHL
10942,1998,3.0,0.853,0.933,CHL
10943,1999,3.0,0.851,0.935,CHL
10944,2000,3.0,0.879,0.935,CHL
10945,2001,3.0,0.879,0.935,CHL
10946,2002,3.0,0.879,0.936,CHL
10947,2003,3.0,0.879,0.936,CHL
10948,2004,3.0,0.879,0.936,CHL
10949,2005,3.0,0.877,0.947,CHL
10950,2006,3.0,0.893,0.948,CHL
10951,2007,3.0,0.893,0.95,CHL
10952,2008,3.0,0.893,0.951,CHL
10953,2009,3.0,0.887,0.951,CHL
10954,2010,3.0,0.887,0.954,CHL
10955,2011,3.0,0.89,0.954,CHL
10956,2012,3.0,0.894,0.956,CHL
10957,2013,3.0,0.894,0.96,CHL
10958,2014,3.0,0.894,0.961,CHL
10959,2015,3.0,0.888,0.956,CHL
10960,2016,3.0,0.888,0.956,CHL
10961,2017,3.0,0.891,0.957,CHL
10962,2018,2.0,0.871,0.931,CHL
10963,2019,2.0,0.829,0.933,CHL
10964,2020,2.0,0.835,0.926,CHL
10965,2021,3.0,0.839,0.938,CHL
10966,2022,3.0,0.838,0.947,CHL
10967,2023,3.0,0.837,0.949,CHL
11081,1950,2.0,0.56,0.865,CRI
11082,1951,2.0,0.578,0.864,CRI
11083,1952,2.0,0.58,0.864,CRI
11084,1953,2.0,0.653,0.864,CRI
11085,1954,2.0,0.724,0.876,CRI
11086,1955,2.0,0.724,0.876,CRI
11087,1956,2.0,0.724,0.876,CRI
11088,1957,2.0,0.724,0.876,CRI
11089,1958,2.0,0.727,0.876,CRI
11090,1959,2.0,0.734,0.881,CRI
11091,1960,2.0,0.726,0.883,CRI
11092,1961,2.0,0.726,0.883,CRI
11093,1962,2.0,0.724,0.889,CRI
11094,1963,2.0,0.724,0.889,CRI
11095,1964,2.0,0.724,0.889,CRI
11096,1965,2.0,0.724,0.889,CRI
11097,1966,2.0,0.728,0.889,CRI
11098,1967,2.0,0.728,0.889,CRI
11099,1968,2.0,0.728,0.889,CRI
11100,1969,2.0,0.728,0.889,CRI
11101,1970,2.0,0.742,0.897,CRI
11102,1971,2.0,0.747,0.897,CRI
11103,1972,2.0,0.747,0.897,CRI
11104,1973,2.0,0.747,0.897,CRI
11105,1974,2.0,0.744,0.897,CRI
11106,1975,2.0,0.798,0.897,CRI
11107,1976,2.0,0.806,0.897,CRI
11108,1977,2.0,0.81,0.897,CRI
11109,1978,2.0,0.826,0.897,CRI
11110,1979,2.0,0.826,0.897,CRI
11111,1980,2.0,0.843,0.912,CRI
11112,1981,2.0,0.843,0.911,CRI
11113,1982,2.0,0.862,0.91,CRI
11114,1983,2.0,0.863,0.91,CRI
11115,1984,2.0,0.863,0.91,CRI
11116,1985,2.0,0.863,0.91,CRI
11117,1986,2.0,0.868,0.915,CRI
11118,1987,2.0,0.868,0.924,CRI
11119,1988,2.0,0.877,0.924,CRI
11120,1989,3.0,0.877,0.936,CRI
11121,1990,3.0,0.894,0.951,CRI
11122,1991,3.0,0.895,0.953,CRI
11123,1992,3.0,0.895,0.953,CRI
11124,1993,3.0,0.895,0.953,CRI
11125,1994,3.0,0.896,0.952,CRI
11126,1995,3.0,0.896,0.952,CRI
11127,1996,3.0,0.897,0.952,CRI
11128,1997,3.0,0.897,0.944,CRI
11129,1998,3.0,0.894,0.952,CRI
11130,1999,3.0,0.894,0.952,CRI
11131,2000,3.0,0.895,0.952,CRI
11132,2001,3.0,0.895,0.953,CRI
11133,2002,3.0,0.896,0.953,CRI
11134,2003,3.0,0.896,0.953,CRI
11135,2004,3.0,0.894,0.953,CRI
11136,2005,3.0,0.894,0.949,CRI
11137,2006,3.0,0.905,0.948,CRI
11138,2007,3.0,0.908,0.948,CRI
11139,2008,3.0,0.908,0.948,CRI
11140,2009,3.0,0.908,0.949,CRI
11141,2010,3.0,0.911,0.949,CRI
11142,2011,3.0,0.911,0.949,CRI
11143,2012,3.0,0.909,0.951,CRI
11144,2013,3.0,0.908,0.947,CRI
11145,2014,3.0,0.905,0.953,CRI
11146,2015,3.0,0.905,0.953,CRI
11147,2016,3.0,0.904,0.954,CRI
11148,2017,3.0,0.899,0.956,CRI
11149,2018,3.0,0.892,0.946,CRI
11150,2019,3.0,0.896,0.952,CRI
11151,2020,3.0,0.898,0.953,CRI
11152,2021,3.0,0.895,0.953,CRI
11153,2022,3.0,0.865,0.952,CRI
11154,2023,3.0,0.859,0.952,CRI
11206,1950,0.0,0.017,,TLS
11207,1951,0.0,0.017,,TLS
11208,1952,0.0,0.017,,TLS
11209,1953,0.0,0.017,,TLS
11210,1954,0.0,0.017,,TLS
11211,1955,0.0,0.017,,TLS
11212,1956,0.0,0.017,,TLS
11213,1957,0.0,0.017,,TLS
11214,1958,0.0,0.017,,TLS
11215,1959,0.0,0.017,,TLS
11216,1960,0.0,0.018,,TLS
11217,1961,0.0,0.018,,TLS
11218,1962,0.0,0.018,,TLS
11219,1963,0.0,0.018,,TLS
11220,1964,0.0,0.018,,TLS
11221,1965,0.0,0.018,,TLS
11222,1966,0.0,0.018,,TLS
11223,1967,0.0,0.018,,TLS
11224,1968,0.0,0.018,,TLS
11225,1969,0.0,0.018,,TLS
11226,1970,0.0,0.018,,TLS
11227,1971,0.0,0.018,,TLS
11228,1972,0.0,0.018,,TLS
11229,1973,0.0,0.047,,TLS
11230,1974,0.0,0.054,,TLS
11231,1975,0.0,0.09,,TLS
11232,1976,0.0,0.022,,TLS
11233,1977,0.0,0.076,,TLS
11234,1978,0.0,0.076,,TLS
11235,1979,0.0,0.076,,TLS
11236,1980,0.0,0.076,,TLS
11237,1981,0.0,0.076,,TLS
11238,1982,0.0,0.076,,TLS
11239,1983,0.0,0.076,,TLS
11240,1984,0.0,0.076,,TLS
11241,1985,0.0,0.076,,TLS
11242,1986,0.0,0.076,,TLS
11243,1987,0.0,0.076,,TLS
11244,1988,0.0,0.076,,TLS
11245,1989,0.0,0.076,,TLS
11246,1990,0.0,0.078,,TLS
11247,1991,0.0,0.078,,TLS
11248,1992,0.0,0.078,,TLS
11249,1993,0.0,0.078,,TLS
11250,1994,0.0,0.078,,TLS
11251,1995,0.0,0.078,,TLS
11252,1996,0.0,0.078,,TLS
11253,1997,0.0,0.078,,TLS
11254,1998,0.0,0.091,,TLS
11255,1999,0.0,0.111,0.306,TLS
11256,2000,0.0,0.224,0.541,TLS
11257,2001,1.0,0.291,0.595,TLS
11258,2002,2.0,0.567,0.719,TLS
11259,2003,2.0,0.582,0.687,TLS
11260,2004,2.0,0.582,0.687,TLS
11261,2005,2.0,0.58,0.674,TLS
11262,2006,2.0,0.58,0.676,TLS
11263,2007,2.0,0.621,0.729,TLS
11264,2008,2.0,0.628,0.727,TLS
11265,2009,2.0,0.634,0.734,TLS
11266,2010,2.0,0.636,0.742,TLS
11267,2011,2.0,0.636,0.742,TLS
11268,2012,2.0,0.656,0.743,TLS
11269,2013,2.0,0.655,0.744,TLS
11270,2014,2.0,0.639,0.711,TLS
11271,2015,2.0,0.644,0.7,TLS
11272,2016,2.0,0.626,0.702,TLS
11273,2017,2.0,0.662,0.708,TLS
11274,2018,2.0,0.688,0.704,TLS
11275,2019,2.0,0.699,0.719,TLS
11276,2020,2.0,0.677,0.687,TLS
11277,2021,2.0,0.69,0.692,TLS
11278,2022,2.0,0.705,0.693,TLS
11279,2023,2.0,0.712,0.703,TLS
11401,1950,1.0,0.37,0.379,ECU
11402,1951,1.0,0.369,0.379,ECU
11403,1952,1.0,0.356,0.379,ECU
11404,1953,1.0,0.348,0.379,ECU
11405,1954,1.0,0.355,0.379,ECU
11406,1955,1.0,0.367,0.379,ECU
11407,1956,1.0,0.366,0.379,ECU
11408,1957,1.0,0.373,0.379,ECU
11409,1958,1.0,0.377,0.382,ECU
11410,1959,1.0,0.38,0.382,ECU
11411,1960,1.0,0.36,0.382,ECU
11412,1961,1.0,0.359,0.376,ECU
11413,1962,1.0,0.368,0.38,ECU
11414,1963,1.0,0.215,0.171,ECU
11415,1964,0.0,0.134,0.18,ECU
11416,1965,0.0,0.137,0.182,ECU
11417,1966,0.0,0.141,0.199,ECU
11418,1967,0.0,0.181,0.382,ECU
11419,1968,1.0,0.275,0.382,ECU
11420,1969,1.0,0.381,0.4,ECU
11421,1970,1.0,0.298,0.237,ECU
11422,1971,1.0,0.209,0.233,ECU
11423,1972,0.0,0.175,0.209,ECU
11424,1973,0.0,0.147,0.188,ECU
11425,1974,0.0,0.147,0.197,ECU
11426,1975,0.0,0.147,0.197,ECU
11427,1976,0.0,0.147,0.198,ECU
11428,1977,0.0,0.148,0.211,ECU
11429,1978,0.0,0.202,0.223,ECU
11430,1979,1.0,0.395,0.317,ECU
11431,1980,2.0,0.685,0.582,ECU
11432,1981,2.0,0.685,0.585,ECU
11433,1982,2.0,0.685,0.585,ECU
11434,1983,2.0,0.685,0.589,ECU
11435,1984,2.0,0.689,0.554,ECU
11436,1985,2.0,0.677,0.53,ECU
11437,1986,2.0,0.677,0.535,ECU
11438,1987,2.0,0.677,0.535,ECU
11439,1988,2.0,0.7,0.55,ECU
11440,1989,2.0,0.723,0.598,ECU
11441,1990,2.0,0.721,0.598,ECU
11442,1991,2.0,0.719,0.598,ECU
11443,1992,2.0,0.718,0.598,ECU
11444,1993,2.0,0.711,0.579,ECU
11445,1994,2.0,0.704,0.579,ECU
11446,1995,2.0,0.706,0.579,ECU
11447,1996,2.0,0.704,0.578,ECU
11448,1997,2.0,0.703,0.594,ECU
11449,1998,2.0,0.694,0.616,ECU
11450,1999,2.0,0.691,0.614,ECU
11451,2000,2.0,0.689,0.597,ECU
11452,2001,2.0,0.689,0.597,ECU
11453,2002,2.0,0.691,0.597,ECU
11454,2003,2.0,0.7,0.6,ECU
11455,2004,2.0,0.7,0.595,ECU
11456,2005,2.0,0.7,0.598,ECU
11457,2006,2.0,0.703,0.598,ECU
11458,2007,2.0,0.671,0.534,ECU
11459,2008,2.0,0.632,0.466,ECU
11460,2009,2.0,0.612,0.45,ECU
11461,2010,2.0,0.588,0.437,ECU
11462,2011,2.0,0.587,0.437,ECU
11463,2012,2.0,0.589,0.427,ECU
11464,2013,2.0,0.541,0.395,ECU
11465,2014,2.0,0.54,0.387,ECU
11466,2015,2.0,0.534,0.388,ECU
11467,2016,2.0,0.543,0.389,ECU
11468,2017,2.0,0.555,0.546,ECU
11469,2018,2.0,0.643,0.678,ECU
11470,2019,2.0,0.618,0.691,ECU
11471,2020,2.0,0.623,0.731,ECU
11472,2021,2.0,0.628,0.691,ECU
11473,2022,2.0,0.659,0.734,ECU
11474,2023,2.0,0.639,0.682,ECU
11637,1950,3.0,0.751,0.849,FRA
11638,1951,3.0,0.751,0.849,FRA
11639,1952,3.0,0.752,0.849,FRA
11640,1953,3.0,0.752,0.849,FRA
11641,1954,3.0,0.721,0.841,FRA
11642,1955,3.0,0.737,0.841,FRA
11643,1956,3.0,0.743,0.841,FRA
11644,1957,3.0,0.751,0.841,FRA
11645,1958,3.0,0.756,0.836,FRA
11646,1959,3.0,0.748,0.837,FRA
11647,1960,3.0,0.75,0.842,FRA
11648,1961,3.0,0.75,0.842,FRA
11649,1962,3.0,0.75,0.846,FRA
11650,1963,3.0,0.774,0.856,FRA
11651,1964,3.0,0.774,0.856,FRA
11652,1965,3.0,0.774,0.856,FRA
11653,1966,3.0,0.775,0.859,FRA
11654,1967,3.0,0.782,0.859,FRA
11655,1968,3.0,0.779,0.859,FRA
11656,1969,3.0,0.807,0.893,FRA
11657,1970,3.0,0.832,0.904,FRA
11658,1971,3.0,0.836,0.908,FRA
11659,1972,3.0,0.83,0.908,FRA
11660,1973,3.0,0.841,0.908,FRA
11661,1974,3.0,0.844,0.908,FRA
11662,1975,3.0,0.853,0.908,FRA
11663,1976,3.0,0.853,0.909,FRA
11664,1977,3.0,0.853,0.909,FRA
11665,1978,3.0,0.855,0.909,FRA
11666,1979,3.0,0.855,0.909,FRA
11667,1980,3.0,0.855,0.909,FRA
11668,1981,3.0,0.864,0.913,FRA
11669,1982,3.0,0.868,0.915,FRA
11670,1983,3.0,0.868,0.915,FRA
11671,1984,3.0,0.868,0.915,FRA
11672,1985,3.0,0.868,0.915,FRA
11673,1986,3.0,0.868,0.915,FRA
11674,1987,3.0,0.868,0.915,FRA
11675,1988,3.0,0.876,0.915,FRA
11676,1989,3.0,0.877,0.915,FRA
11677,1990,3.0,0.877,0.915,FRA
11678,1991,3.0,0.877,0.915,FRA
11679,1992,3.0,0.877,0.916,FRA
11680,1993,3.0,0.876,0.91,FRA
11681,1994,3.0,0.876,0.914,FRA
11682,1995,3.0,0.871,0.914,FRA
11683,1996,3.0,0.874,0.914,FRA
11684,1997,3.0,0.876,0.914,FRA
11685,1998,3.0,0.877,0.914,FRA
11686,1999,3.0,0.877,0.914,FRA
11687,2000,3.0,0.877,0.914,FRA
11688,2001,3.0,0.877,0.914,FRA
11689,2002,3.0,0.875,0.914,FRA
11690,2003,3.0,0.874,0.914,FRA
11691,2004,3.0,0.874,0.914,FRA
11692,2005,3.0,0.874,0.914,FRA
11693,2006,3.0,0.874,0.914,FRA
11694,2007,3.0,0.878,0.921,FRA
11695,2008,3.0,0.886,0.921,FRA
11696,2009,3.0,0.886,0.921,FRA
11697,2010,3.0,0.886,0.921,FRA
11698,2011,3.0,0.889,0.921,FRA
11699,2012,3.0,0.891,0.92,FRA
11700,2013,3.0,0.892,0.922,FRA
11701,2014,3.0,0.891,0.922,FRA
11702,2015,3.0,0.885,0.922,FRA
11703,2016,3.0,0.885,0.922,FRA
11704,2017,3.0,0.887,0.922,FRA
11705,2018,3.0,0.875,0.913,FRA
11706,2019,3.0,0.867,0.92,FRA
11707,2020,3.0,0.866,0.915,FRA
11708,2021,3.0,0.867,0.911,FRA
11709,2022,3.0,0.878,0.925,FRA
11710,2023,3.0,0.876,0.93,FRA
11869,1950,3.0,0.82,0.963,DEU
11870,1951,3.0,0.82,0.964,DEU
11871,1952,3.0,0.801,0.966,DEU
11872,1953,3.0,0.818,0.966,DEU
11873,1954,3.0,0.835,0.966,DEU
11874,1955,3.0,0.835,0.966,DEU
11875,1956,3.0,0.827,0.966,DEU
11876,1957,3.0,0.837,0.966,DEU
11877,1958,3.0,0.836,0.966,DEU
11878,1959,3.0,0.836,0.966,DEU
11879,1960,3.0,0.836,0.966,DEU
11880,1961,3.0,0.839,0.966,DEU
11881,1962,3.0,0.842,0.966,DEU
11882,1963,3.0,0.847,0.965,DEU
11883,1964,3.0,0.847,0.965,DEU
11884,1965,3.0,0.85,0.965,DEU
11885,1966,3.0,0.851,0.961,DEU
11886,1967,3.0,0.851,0.961,DEU
11887,1968,3.0,0.851,0.961,DEU
11888,1969,3.0,0.852,0.961,DEU
11889,1970,3.0,0.86,0.964,DEU
11890,1971,3.0,0.861,0.964,DEU
11891,1972,3.0,0.861,0.964,DEU
11892,1973,3.0,0.86,0.964,DEU
11893,1974,3.0,0.86,0.964,DEU
11894,1975,3.0,0.86,0.964,DEU
11895,1976,3.0,0.859,0.964,DEU
11896,1977,3.0,0.858,0.964,DEU
11897,1978,3.0,0.862,0.965,DEU
11898,1979,3.0,0.865,0.965,DEU
11899,1980,3.0,0.868,0.967,DEU
11900,1981,3.0,0.869,0.967,DEU
11901,1982,3.0,0.869,0.967,DEU
11902,1983,3.0,0.87,0.967,DEU
11903,1984,3.0,0.87,0.967,DEU
11904,1985,3.0,0.87,0.967,DEU
11905,1986,3.0,0.87,0.967,DEU
11906,1987,3.0,0.87,0.967,DEU
11907,1988,3.0,0.87,0.967,DEU
11908,1989,3.0,0.87,0.967,DEU
11909,1990,3.0,0.895,0.969,DEU
11910,1991,3.0,0.896,0.969,DEU
11911,1992,3.0,0.896,0.969,DEU
11912,1993,3.0,0.896,0.969,DEU
11913,1994,3.0,0.896,0.969,DEU
11914,1995,3.0,0.896,0.969,DEU
11915,1996,3.0,0.896,0.969,DEU
11916,1997,3.0,0.896,0.969,DEU
11917,1998,3.0,0.896,0.969,DEU
11918,1999,3.0,0.895,0.969,DEU
11919,2000,3.0,0.895,0.969,DEU
11920,2001,3.0,0.895,0.969,DEU
11921,2002,3.0,0.896,0.969,DEU
11922,2003,3.0,0.897,0.969,DEU
11923,2004,3.0,0.897,0.969,DEU
11924,2005,3.0,0.897,0.972,DEU
11925,2006,3.0,0.906,0.97,DEU
11926,2007,3.0,0.906,0.97,DEU
11927,2008,3.0,0.906,0.97,DEU
11928,2009,3.0,0.901,0.97,DEU
11929,2010,3.0,0.899,0.973,DEU
11930,2011,3.0,0.903,0.973,DEU
11931,2012,3.0,0.902,0.973,DEU
11932,2013,3.0,0.895,0.968,DEU
11933,2014,3.0,0.888,0.968,DEU
11934,2015,3.0,0.885,0.971,DEU
11935,2016,3.0,0.888,0.971,DEU
11936,2017,3.0,0.888,0.96,DEU
11937,2018,3.0,0.88,0.96,DEU
11938,2019,3.0,0.882,0.96,DEU
11939,2020,3.0,0.872,0.959,DEU
11940,2021,3.0,0.864,0.959,DEU
11941,2022,3.0,0.854,0.959,DEU
11942,2023,3.0,0.854,0.969,DEU
12105,1950,1.0,0.387,0.484,GTM
12106,1951,1.0,0.385,0.484,GTM
12107,1952,1.0,0.382,0.481,GTM
12108,1953,1.0,0.376,0.38,GTM
12109,1954,1.0,0.245,0.295,GTM
12110,1955,0.0,0.079,0.19,GTM
12111,1956,0.0,0.086,0.226,GTM
12112,1957,0.0,0.101,0.231,GTM
12113,1958,0.0,0.153,0.24,GTM
12114,1959,0.0,0.155,0.24,GTM
12115,1960,0.0,0.154,0.234,GTM
12116,1961,0.0,0.157,0.234,GTM
12117,1962,0.0,0.155,0.227,GTM
12118,1963,0.0,0.101,0.194,GTM
12119,1964,0.0,0.087,0.186,GTM
12120,1965,0.0,0.084,0.187,GTM
12121,1966,1.0,0.128,0.254,GTM
12122,1967,1.0,0.184,0.251,GTM
12123,1968,1.0,0.183,0.248,GTM
12124,1969,1.0,0.183,0.246,GTM
12125,1970,1.0,0.176,0.225,GTM
12126,1971,1.0,0.171,0.222,GTM
12127,1972,1.0,0.171,0.222,GTM
12128,1973,1.0,0.172,0.221,GTM
12129,1974,1.0,0.173,0.219,GTM
12130,1975,1.0,0.174,0.225,GTM
12131,1976,1.0,0.172,0.224,GTM
12132,1977,1.0,0.169,0.219,GTM
12133,1978,1.0,0.165,0.188,GTM
12134,1979,1.0,0.163,0.187,GTM
12135,1980,1.0,0.163,0.186,GTM
12136,1981,1.0,0.163,0.186,GTM
12137,1982,1.0,0.11,0.157,GTM
12138,1983,0.0,0.095,0.16,GTM
12139,1984,0.0,0.126,0.164,GTM
12140,1985,1.0,0.15,0.195,GTM
12141,1986,1.0,0.343,0.344,GTM
12142,1987,1.0,0.367,0.418,GTM
12143,1988,1.0,0.367,0.418,GTM
12144,1989,1.0,0.367,0.418,GTM
12145,1990,1.0,0.369,0.438,GTM
12146,1991,1.0,0.386,0.435,GTM
12147,1992,1.0,0.386,0.435,GTM
12148,1993,1.0,0.388,0.455,GTM
12149,1994,1.0,0.402,0.478,GTM
12150,1995,1.0,0.414,0.489,GTM
12151,1996,1.0,0.452,0.494,GTM
12152,1997,1.0,0.491,0.499,GTM
12153,1998,1.0,0.491,0.505,GTM
12154,1999,1.0,0.493,0.509,GTM
12155,2000,2.0,0.546,0.607,GTM
12156,2001,2.0,0.546,0.609,GTM
12157,2002,2.0,0.546,0.609,GTM
12158,2003,2.0,0.548,0.609,GTM
12159,2004,2.0,0.562,0.621,GTM
12160,2005,2.0,0.562,0.621,GTM
12161,2006,2.0,0.562,0.62,GTM
12162,2007,2.0,0.568,0.64,GTM
12163,2008,2.0,0.588,0.641,GTM
12164,2009,2.0,0.588,0.641,GTM
12165,2010,2.0,0.583,0.639,GTM
12166,2011,2.0,0.583,0.626,GTM
12167,2012,2.0,0.578,0.624,GTM
12168,2013,2.0,0.573,0.664,GTM
12169,2014,2.0,0.58,0.673,GTM
12170,2015,2.0,0.595,0.691,GTM
12171,2016,2.0,0.626,0.689,GTM
12172,2017,2.0,0.629,0.697,GTM
12173,2018,2.0,0.599,0.65,GTM
12174,2019,2.0,0.604,0.654,GTM
12175,2020,2.0,0.587,0.643,GTM
12176,2021,2.0,0.549,0.593,GTM
12177,2022,2.0,0.507,0.535,GTM
12178,2023,2.0,0.505,0.522,GTM
12341,1950,0.0,0.157,0.363,IRN
12342,1951,0.0,0.186,0.376,IRN
12343,1952,0.0,0.206,0.376,IRN
12344,1953,0.0,0.118,0.289,IRN
12345,1954,0.0,0.058,0.225,IRN
12346,1955,0.0,0.102,0.245,IRN
12347,1956,0.0,0.058,0.241,IRN
12348,1957,0.0,0.059,0.241,IRN
12349,1958,0.0,0.059,0.241,IRN
12350,1959,0.0,0.059,0.241,IRN
12351,1960,0.0,0.061,0.246,IRN
12352,1961,0.0,0.061,0.252,IRN
12353,1962,0.0,0.06,0.269,IRN
12354,1963,0.0,0.061,0.278,IRN
12355,1964,0.0,0.111,0.277,IRN
12356,1965,0.0,0.112,0.277,IRN
12357,1966,0.0,0.112,0.277,IRN
12358,1967,0.0,0.113,0.277,IRN
12359,1968,0.0,0.114,0.286,IRN
12360,1969,0.0,0.114,0.286,IRN
12361,1970,0.0,0.115,0.29,IRN
12362,1971,0.0,0.115,0.29,IRN
12363,1972,0.0,0.114,0.29,IRN
12364,1973,0.0,0.114,0.29,IRN
12365,1974,0.0,0.114,0.29,IRN
12366,1975,0.0,0.109,0.28,IRN
12367,1976,0.0,0.108,0.28,IRN
12368,1977,0.0,0.108,0.28,IRN
12369,1978,0.0,0.111,0.282,IRN
12370,1979,0.0,0.161,0.223,IRN
12371,1980,1.0,0.168,0.255,IRN
12372,1981,1.0,0.123,0.313,IRN
12373,1982,1.0,0.107,0.312,IRN
12374,1983,1.0,0.105,0.29,IRN
12375,1984,1.0,0.108,0.301,IRN
12376,1985,1.0,0.109,0.306,IRN
12377,1986,1.0,0.111,0.306,IRN
12378,1987,1.0,0.172,0.306,IRN
12379,1988,1.0,0.178,0.306,IRN
12380,1989,1.0,0.169,0.323,IRN
12381,1990,1.0,0.16,0.341,IRN
12382,1991,1.0,0.161,0.341,IRN
12383,1992,1.0,0.16,0.337,IRN
12384,1993,1.0,0.163,0.353,IRN
12385,1994,1.0,0.165,0.36,IRN
12386,1995,1.0,0.168,0.362,IRN
12387,1996,1.0,0.175,0.365,IRN
12388,1997,1.0,0.222,0.416,IRN
12389,1998,1.0,0.233,0.441,IRN
12390,1999,1.0,0.236,0.441,IRN
12391,2000,1.0,0.237,0.449,IRN
12392,2001,1.0,0.234,0.398,IRN
12393,2002,1.0,0.232,0.398,IRN
12394,2003,1.0,0.232,0.398,IRN
12395,2004,1.0,0.208,0.392,IRN
12396,2005,1.0,0.178,0.368,IRN
12397,2006,1.0,0.174,0.363,IRN
12398,2007,1.0,0.174,0.359,IRN
12399,2008,1.0,0.168,0.362,IRN
12400,2009,1.0,0.159,0.356,IRN
12401,2010,1.0,0.145,0.351,IRN
12402,2011,1.0,0.146,0.35,IRN
12403,2012,1.0,0.159,0.35,IRN
12404,2013,1.0,0.175,0.37,IRN
12405,2014,1.0,0.185,0.369,IRN
12406,2015,1.0,0.188,0.377,IRN
12407,2016,1.0,0.188,0.384,IRN
12408,2017,1.0,0.187,0.38,IRN
12409,2018,1.0,0.183,0.375,IRN
12410,2019,1.0,0.182,0.358,IRN
12411,2020,1.0,0.166,0.351,IRN
12412,2021,0.0,0.158,0.275,IRN
12413,2022,0.0,0.151,0.238,IRN
12414,2023,0.0,0.154,0.226,IRN
12446,1950,0.0,0.144,0.551,IRQ
12447,1951,0.0,0.145,0.551,IRQ
12448,1952,0.0,0.145,0.551,IRQ
12449,1953,1.0,0.177,0.551,IRQ
12450,1954,1.0,0.178,0.529,IRQ
12451,1955,1.0,0.211,0.549,IRQ
12452,1956,1.0,0.211,0.549,IRQ
12453,1957,1.0,0.211,0.549,IRQ
12454,1958,0.0,0.155,0.407,IRQ
12455,1959,0.0,0.098,0.277,IRQ
12456,1960,0.0,0.099,0.277,IRQ
12457,1961,0.0,0.091,0.27,IRQ
12458,1962,0.0,0.092,0.269,IRQ
12459,1963,0.0,0.068,0.202,IRQ
12460,1964,0.0,0.069,0.243,IRQ
12461,1965,0.0,0.071,0.251,IRQ
12462,1966,0.0,0.077,0.251,IRQ
12463,1967,0.0,0.08,0.254,IRQ
12464,1968,0.0,0.056,0.267,IRQ
12465,1969,0.0,0.052,0.247,IRQ
12466,1970,0.0,0.051,0.234,IRQ
12467,1971,0.0,0.051,0.234,IRQ
12468,1972,0.0,0.051,0.234,IRQ
12469,1973,0.0,0.052,0.234,IRQ
12470,1974,0.0,0.053,0.234,IRQ
12471,1975,0.0,0.052,0.234,IRQ
12472,1976,0.0,0.052,0.234,IRQ
12473,1977,0.0,0.05,0.234,IRQ
12474,1978,0.0,0.05,0.234,IRQ
12475,1979,0.0,0.046,0.222,IRQ
12476,1980,0.0,0.047,0.212,IRQ
12477,1981,0.0,0.082,0.235,IRQ
12478,1982,0.0,0.082,0.236,IRQ
12479,1983,0.0,0.082,0.236,IRQ
12480,1984,0.0,0.081,0.236,IRQ
12481,1985,0.0,0.08,0.236,IRQ
12482,1986,0.0,0.08,0.236,IRQ
12483,1987,0.0,0.08,0.236,IRQ
12484,1988,0.0,0.081,0.236,IRQ
12485,1989,0.0,0.081,0.236,IRQ
12486,1990,0.0,0.081,0.221,IRQ
12487,1991,0.0,0.08,0.21,IRQ
12488,1992,0.0,0.08,0.21,IRQ
12489,1993,0.0,0.082,0.21,IRQ
12490,1994,0.0,0.082,0.21,IRQ
12491,1995,1.0,0.096,0.21,IRQ
12492,1996,1.0,0.146,0.21,IRQ
12493,1997,1.0,0.146,0.21,IRQ
12494,1998,1.0,0.146,0.21,IRQ
12495,1999,1.0,0.146,0.21,IRQ
12496,2000,0.0,0.146,0.209,IRQ
12497,2001,0.0,0.147,0.209,IRQ
12498,2002,0.0,0.147,0.308,IRQ
12499,2003,0.0,0.183,0.356,IRQ
12500,2004,0.0,0.214,0.333,IRQ
12501,2005,1.0,0.24,0.316,IRQ
12502,2006,1.0,0.403,0.518,IRQ
12503,2007,1.0,0.433,0.562,IRQ
12504,2008,1.0,0.431,0.567,IRQ
12505,2009,1.0,0.431,0.569,IRQ
12506,2010,1.0,0.421,0.564,IRQ
12507,2011,1.0,0.415,0.559,IRQ
12508,2012,1.0,0.414,0.559,IRQ
12509,2013,1.0,0.415,0.524,IRQ
12510,2014,1.0,0.402,0.533,IRQ
12511,2015,1.0,0.392,0.544,IRQ
12512,2016,1.0,0.393,0.568,IRQ
12513,2017,1.0,0.371,0.555,IRQ
12514,2018,1.0,0.402,0.535,IRQ
12515,2019,1.0,0.391,0.526,IRQ
12516,2020,1.0,0.371,0.511,IRQ
12517,2021,1.0,0.371,0.521,IRQ
12518,2022,1.0,0.372,0.464,IRQ
12519,2023,1.0,0.356,0.5,IRQ
12552,1950,3.0,0.776,0.861,IRL
12553,1951,3.0,0.782,0.856,IRL
12554,1952,3.0,0.783,0.861,IRL
12555,1953,3.0,0.783,0.861,IRL
12556,1954,3.0,0.786,0.861,IRL
12557,1955,3.0,0.786,0.861,IRL
12558,1956,3.0,0.786,0.861,IRL
12559,1957,3.0,0.785,0.862,IRL
12560,1958,3.0,0.785,0.862,IRL
12561,1959,3.0,0.788,0.862,IRL
12562,1960,3.0,0.796,0.862,IRL
12563,1961,3.0,0.8,0.862,IRL
12564,1962,3.0,0.809,0.862,IRL
12565,1963,3.0,0.809,0.862,IRL
12566,1964,3.0,0.815,0.864,IRL
12567,1965,3.0,0.816,0.869,IRL
12568,1966,3.0,0.816,0.869,IRL
12569,1967,3.0,0.815,0.869,IRL
12570,1968,3.0,0.815,0.869,IRL
12571,1969,3.0,0.819,0.869,IRL
12572,1970,3.0,0.823,0.869,IRL
12573,1971,3.0,0.823,0.87,IRL
12574,1972,3.0,0.823,0.87,IRL
12575,1973,3.0,0.823,0.87,IRL
12576,1974,3.0,0.834,0.881,IRL
12577,1975,3.0,0.834,0.881,IRL
12578,1976,3.0,0.834,0.881,IRL
12579,1977,3.0,0.831,0.881,IRL
12580,1978,3.0,0.828,0.881,IRL
12581,1979,3.0,0.828,0.881,IRL
12582,1980,3.0,0.827,0.881,IRL
12583,1981,3.0,0.837,0.881,IRL
12584,1982,3.0,0.838,0.874,IRL
12585,1983,3.0,0.836,0.877,IRL
12586,1984,3.0,0.836,0.889,IRL
12587,1985,3.0,0.84,0.889,IRL
12588,1986,3.0,0.84,0.892,IRL
12589,1987,3.0,0.849,0.892,IRL
12590,1988,3.0,0.851,0.892,IRL
12591,1989,3.0,0.849,0.892,IRL
12592,1990,3.0,0.857,0.891,IRL
12593,1991,3.0,0.871,0.893,IRL
12594,1992,3.0,0.872,0.906,IRL
12595,1993,3.0,0.872,0.906,IRL
12596,1994,3.0,0.872,0.906,IRL
12597,1995,3.0,0.873,0.906,IRL
12598,1996,3.0,0.878,0.906,IRL
12599,1997,3.0,0.88,0.919,IRL
12600,1998,3.0,0.882,0.919,IRL
12601,1999,3.0,0.882,0.919,IRL
12602,2000,3.0,0.886,0.919,IRL
12603,2001,3.0,0.886,0.919,IRL
12604,2002,3.0,0.887,0.919,IRL
12605,2003,3.0,0.887,0.919,IRL
12606,2004,3.0,0.887,0.919,IRL
12607,2005,3.0,0.887,0.919,IRL
12608,2006,3.0,0.887,0.919,IRL
12609,2007,3.0,0.896,0.919,IRL
12610,2008,3.0,0.901,0.919,IRL
12611,2009,3.0,0.901,0.917,IRL
12612,2010,3.0,0.901,0.917,IRL
12613,2011,3.0,0.897,0.917,IRL
12614,2012,3.0,0.898,0.918,IRL
12615,2013,3.0,0.896,0.924,IRL
12616,2014,3.0,0.896,0.923,IRL
12617,2015,3.0,0.896,0.924,IRL
12618,2016,3.0,0.89,0.924,IRL
12619,2017,3.0,0.889,0.931,IRL
12620,2018,3.0,0.893,0.93,IRL
12621,2019,3.0,0.892,0.932,IRL
12622,2020,3.0,0.893,0.931,IRL
12623,2021,3.0,0.901,0.93,IRL
12624,2022,3.0,0.89,0.932,IRL
12625,2023,3.0,0.895,0.932,IRL
12716,1950,2.0,0.671,0.802,ITA
12717,1951,2.0,0.671,0.802,ITA
12718,1952,2.0,0.671,0.802,ITA
12719,1953,2.0,0.681,0.802,ITA
12720,1954,2.0,0.688,0.802,ITA
12721,1955,2.0,0.688,0.802,ITA
12722,1956,2.0,0.706,0.836,ITA
12723,1957,2.0,0.706,0.836,ITA
12724,1958,2.0,0.71,0.836,ITA
12725,1959,2.0,0.713,0.836,ITA
12726,1960,2.0,0.729,0.839,ITA
12727,1961,2.0,0.73,0.841,ITA
12728,1962,2.0,0.73,0.842,ITA
12729,1963,2.0,0.728,0.852,ITA
12730,1964,2.0,0.728,0.852,ITA
12731,1965,2.0,0.728,0.852,ITA
12732,1966,2.0,0.728,0.852,ITA
12733,1967,2.0,0.728,0.852,ITA
12734,1968,2.0,0.73,0.856,ITA
12735,1969,2.0,0.741,0.855,ITA
12736,1970,3.0,0.752,0.865,ITA
12737,1971,3.0,0.75,0.867,ITA
12738,1972,3.0,0.752,0.867,ITA
12739,1973,3.0,0.749,0.865,ITA
12740,1974,3.0,0.749,0.865,ITA
12741,1975,3.0,0.755,0.868,ITA
12742,1976,3.0,0.764,0.874,ITA
12743,1977,3.0,0.766,0.877,ITA
12744,1978,3.0,0.766,0.877,ITA
12745,1979,3.0,0.767,0.877,ITA
12746,1980,3.0,0.798,0.883,ITA
12747,1981,3.0,0.809,0.885,ITA
12748,1982,3.0,0.809,0.886,ITA
12749,1983,3.0,0.81,0.886,ITA
12750,1984,3.0,0.825,0.886,ITA
12751,1985,3.0,0.825,0.886,ITA
12752,1986,3.0,0.825,0.886,ITA
12753,1987,3.0,0.824,0.886,ITA
12754,1988,3.0,0.823,0.886,ITA
12755,1989,3.0,0.823,0.886,ITA
12756,1990,3.0,0.823,0.893,ITA
12757,1991,3.0,0.828,0.893,ITA
12758,1992,3.0,0.836,0.898,ITA
12759,1993,3.0,0.839,0.899,ITA
12760,1994,3.0,0.836,0.898,ITA
12761,1995,3.0,0.834,0.906,ITA
12762,1996,3.0,0.839,0.906,ITA
12763,1997,3.0,0.846,0.906,ITA
12764,1998,3.0,0.846,0.906,ITA
12765,1999,3.0,0.846,0.906,ITA
12766,2000,3.0,0.841,0.906,ITA
12767,2001,3.0,0.834,0.901,ITA
12768,2002,3.0,0.841,0.905,ITA
12769,2003,3.0,0.841,0.909,ITA
12770,2004,3.0,0.841,0.909,ITA
12771,2005,3.0,0.846,0.909,ITA
12772,2006,3.0,0.855,0.917,ITA
12773,2007,3.0,0.866,0.915,ITA
12774,2008,3.0,0.857,0.899,ITA
12775,2009,3.0,0.854,0.905,ITA
12776,2010,3.0,0.856,0.91,ITA
12777,2011,3.0,0.86,0.915,ITA
12778,2012,3.0,0.869,0.916,ITA
12779,2013,3.0,0.864,0.914,ITA
12780,2014,3.0,0.865,0.914,ITA
12781,2015,3.0,0.865,0.914,ITA
12782,2016,3.0,0.872,0.914,ITA
12783,2017,3.0,0.87,0.918,ITA
12784,2018,3.0,0.869,0.91,ITA
12785,2019,3.0,0.86,0.915,ITA
12786,2020,3.0,0.866,0.904,ITA
12787,2021,3.0,0.865,0.903,ITA
12788,2022,3.0,0.848,0.909,ITA
12789,2023,3.0,0.816,0.907,ITA
12819,1950,0.0,0.127,0.566,JOR
12820,1951,0.0,0.131,0.562,JOR
12821,1952,1.0,0.17,0.569,JOR
12822,1953,0.0,0.169,0.57,JOR
12823,1954,0.0,0.155,0.57,JOR
12824,1955,0.0,0.161,0.57,JOR
12825,1956,0.0,0.163,0.594,JOR
12826,1957,0.0,0.141,0.57,JOR
12827,1958,0.0,0.14,0.543,JOR
12828,1959,0.0,0.14,0.543,JOR
12829,1960,0.0,0.14,0.546,JOR
12830,1961,0.0,0.137,0.546,JOR
12831,1962,0.0,0.125,0.569,JOR
12832,1963,0.0,0.123,0.569,JOR
12833,1964,0.0,0.123,0.565,JOR
12834,1965,0.0,0.123,0.568,JOR
12835,1966,0.0,0.123,0.568,JOR
12836,1967,0.0,0.125,0.556,JOR
12837,1968,0.0,0.123,0.552,JOR
12838,1969,0.0,0.123,0.552,JOR
12839,1970,0.0,0.124,0.549,JOR
12840,1971,0.0,0.12,0.561,JOR
12841,1972,0.0,0.12,0.547,JOR
12842,1973,0.0,0.12,0.547,JOR
12843,1974,0.0,0.12,0.547,JOR
12844,1975,0.0,0.127,0.379,JOR
12845,1976,0.0,0.127,0.379,JOR
12846,1977,0.0,0.127,0.379,JOR
12847,1978,0.0,0.127,0.379,JOR
12848,1979,0.0,0.127,0.379,JOR
12849,1980,0.0,0.126,0.403,JOR
12850,1981,0.0,0.126,0.403,JOR
12851,1982,0.0,0.126,0.403,JOR
12852,1983,0.0,0.126,0.403,JOR
12853,1984,0.0,0.126,0.571,JOR
12854,1985,0.0,0.126,0.596,JOR
12855,1986,0.0,0.126,0.596,JOR
12856,1987,0.0,0.126,0.596,JOR
12857,1988,0.0,0.129,0.596,JOR
12858,1989,0.0,0.146,0.596,JOR
12859,1990,0.0,0.218,0.591,JOR
12860,1991,0.0,0.22,0.591,JOR
12861,1992,0.0,0.227,0.587,JOR
12862,1993,0.0,0.236,0.587,JOR
12863,1994,0.0,0.229,0.587,JOR
12864,1995,0.0,0.229,0.587,JOR
12865,1996,0.0,0.229,0.587,JOR
12866,1997,0.0,0.226,0.587,JOR
12867,1998,0.0,0.224,0.587,JOR
12868,1999,0.0,0.225,0.59,JOR
12869,2000,0.0,0.187,0.403,JOR
12870,2001,0.0,0.187,0.403,JOR
12871,2002,0.0,0.187,0.403,JOR
12872,2003,0.0,0.21,0.455,JOR
12873,2004,0.0,0.23,0.602,JOR
12874,2005,0.0,0.23,0.609,JOR
12875,2006,0.0,0.232,0.609,JOR
12876,2007,0.0,0.232,0.609,JOR
12877,2008,0.0,0.232,0.609,JOR
12878,2009,0.0,0.234,0.609,JOR
12879,2010,0.0,0.24,0.613,JOR
12880,2011,0.0,0.247,0.623,JOR
12881,2012,0.0,0.248,0.618,JOR
12882,2013,0.0,0.256,0.628,JOR
12883,2014,0.0,0.258,0.625,JOR
12884,2015,0.0,0.258,0.625,JOR
12885,2016,0.0,0.24,0.556,JOR
12886,2017,0.0,0.262,0.666,JOR
12887,2018,0.0,0.262,0.687,JOR
12888,2019,0.0,0.261,0.678,JOR
12889,2020,0.0,0.257,0.689,JOR
12890,2021,0.0,0.257,0.713,JOR
12891,2022,0.0,0.256,0.7,JOR
12892,2023,0.0,0.251,0.721,JOR
12914,1990,2.0,0.556,0.701,LVA
12915,1991,2.0,0.595,0.821,LVA
12916,1992,2.0,0.678,0.825,LVA
12917,1993,2.0,0.744,0.835,LVA
12918,1994,2.0,0.798,0.845,LVA
12919,1995,2.0,0.8,0.836,LVA
12920,1996,2.0,0.797,0.854,LVA
12921,1997,2.0,0.813,0.854,LVA
12922,1998,2.0,0.813,0.854,LVA
12923,1999,2.0,0.817,0.854,LVA
12924,2000,2.0,0.817,0.862,LVA
12925,2001,2.0,0.817,0.862,LVA
12926,2002,2.0,0.813,0.869,LVA
12927,2003,2.0,0.82,0.869,LVA
12928,2004,2.0,0.82,0.87,LVA
12929,2005,2.0,0.82,0.861,LVA
12930,2006,2.0,0.811,0.861,LVA
12931,2007,2.0,0.789,0.869,LVA
12932,2008,2.0,0.79,0.873,LVA
12933,2009,3.0,0.788,0.883,LVA
12934,2010,3.0,0.796,0.882,LVA
12935,2011,3.0,0.82,0.884,LVA
12936,2012,3.0,0.823,0.894,LVA
12937,2013,2.0,0.833,0.899,LVA
12938,2014,3.0,0.837,0.906,LVA
12939,2015,3.0,0.842,0.906,LVA
12940,2016,2.0,0.841,0.889,LVA
12941,2017,3.0,0.835,0.896,LVA
12942,2018,3.0,0.834,0.898,LVA
12943,2019,3.0,0.835,0.898,LVA
12944,2020,3.0,0.827,0.901,LVA
12945,2021,3.0,0.832,0.9,LVA
12946,2022,3.0,0.83,0.9,LVA
12947,2023,3.0,0.847,0.909,LVA
12999,1950,0.0,0.054,0.346,LSO
13000,1951,0.0,0.054,0.346,LSO
13001,1952,0.0,0.074,0.346,LSO
13002,1953,0.0,0.074,0.346,LSO
13003,1954,0.0,0.074,0.346,LSO
13004,1955,0.0,0.074,0.346,LSO
13005,1956,0.0,0.074,0.346,LSO
13006,1957,0.0,0.074,0.346,LSO
13007,1958,0.0,0.074,0.346,LSO
13008,1959,0.0,0.074,0.346,LSO
13009,1960,0.0,0.089,0.368,LSO
13010,1961,0.0,0.089,0.372,LSO
13011,1962,0.0,0.089,0.399,LSO
13012,1963,0.0,0.089,0.376,LSO
13013,1964,0.0,0.089,0.38,LSO
13014,1965,1.0,0.209,0.451,LSO
13015,1966,1.0,0.275,0.554,LSO
13016,1967,1.0,0.36,0.568,LSO
13017,1968,1.0,0.36,0.568,LSO
13018,1969,0.0,0.188,0.441,LSO
13019,1970,1.0,0.144,0.368,LSO
13020,1971,0.0,0.115,0.36,LSO
13021,1972,0.0,0.115,0.36,LSO
13022,1973,0.0,0.115,0.411,LSO
13023,1974,0.0,0.115,0.411,LSO
13024,1975,0.0,0.115,0.411,LSO
13025,1976,0.0,0.115,0.411,LSO
13026,1977,0.0,0.115,0.411,LSO
13027,1978,0.0,0.117,0.411,LSO
13028,1979,0.0,0.123,0.411,LSO
13029,1980,0.0,0.123,0.415,LSO
13030,1981,0.0,0.123,0.415,LSO
13031,1982,0.0,0.124,0.406,LSO
13032,1983,0.0,0.122,0.411,LSO
13033,1984,0.0,0.122,0.411,LSO
13034,1985,0.0,0.125,0.411,LSO
13035,1986,0.0,0.119,0.364,LSO
13036,1987,0.0,0.128,0.404,LSO
13037,1988,0.0,0.128,0.404,LSO
13038,1989,0.0,0.128,0.404,LSO
13039,1990,0.0,0.158,0.588,LSO
13040,1991,0.0,0.158,0.5,LSO
13041,1992,0.0,0.158,0.509,LSO
13042,1993,2.0,0.506,0.649,LSO
13043,1994,1.0,0.473,0.625,LSO
13044,1995,0.0,0.315,0.66,LSO
13045,1996,0.0,0.315,0.66,LSO
13046,1997,0.0,0.315,0.66,LSO
13047,1998,1.0,0.374,0.65,LSO
13048,1999,0.0,0.317,0.67,LSO
13049,2000,0.0,0.317,0.666,LSO
13050,2001,0.0,0.317,0.666,LSO
13051,2002,2.0,0.501,0.689,LSO
13052,2003,2.0,0.621,0.692,LSO
13053,2004,2.0,0.621,0.694,LSO
13054,2005,2.0,0.621,0.695,LSO
13055,2006,2.0,0.621,0.696,LSO
13056,2007,2.0,0.577,0.699,LSO
13057,2008,2.0,0.571,0.703,LSO
13058,2009,2.0,0.57,0.703,LSO
13059,2010,2.0,0.578,0.724,LSO
13060,2011,2.0,0.582,0.724,LSO
13061,2012,2.0,0.587,0.755,LSO
13062,2013,2.0,0.621,0.749,LSO
13063,2014,2.0,0.623,0.75,LSO
13064,2015,2.0,0.597,0.724,LSO
13065,2016,2.0,0.582,0.71,LSO
13066,2017,2.0,0.506,0.662,LSO
13067,2018,2.0,0.603,0.704,LSO
13068,2019,2.0,0.627,0.769,LSO
13069,2020,2.0,0.635,0.784,LSO
13070,2021,2.0,0.622,0.788,LSO
13071,2022,2.0,0.659,0.765,LSO
13072,2023,2.0,0.675,0.766,LSO
13203,1950,1.0,0.244,0.311,LBR
13204,1951,1.0,0.205,0.315,LBR
13205,1952,1.0,0.193,0.315,LBR
13206,1953,1.0,0.193,0.315,LBR
13207,1954,1.0,0.193,0.315,LBR
13208,1955,1.0,0.187,0.312,LBR
13209,1956,1.0,0.185,0.312,LBR
13210,1957,1.0,0.185,0.312,LBR
13211,1958,1.0,0.185,0.312,LBR
13212,1959,0.0,0.188,0.312,LBR
13213,1960,0.0,0.19,0.309,LBR
13214,1961,0.0,0.19,0.309,LBR
13215,1962,0.0,0.191,0.309,LBR
13216,1963,0.0,0.189,0.309,LBR
13217,1964,0.0,0.188,0.309,LBR
13218,1965,0.0,0.188,0.309,LBR
13219,1966,0.0,0.188,0.309,LBR
13220,1967,0.0,0.188,0.309,LBR
13221,1968,0.0,0.189,0.309,LBR
13222,1969,0.0,0.189,0.309,LBR
13223,1970,0.0,0.189,0.312,LBR
13224,1971,0.0,0.197,0.369,LBR
13225,1972,0.0,0.221,0.381,LBR
13226,1973,0.0,0.221,0.381,LBR
13227,1974,0.0,0.221,0.381,LBR
13228,1975,0.0,0.221,0.381,LBR
13229,1976,0.0,0.218,0.381,LBR
13230,1977,0.0,0.218,0.381,LBR
13231,1978,0.0,0.218,0.381,LBR
13232,1979,0.0,0.218,0.38,LBR
13233,1980,0.0,0.123,0.187,LBR
13234,1981,0.0,0.092,0.144,LBR
13235,1982,0.0,0.092,0.144,LBR
13236,1983,0.0,0.092,0.144,LBR
13237,1984,0.0,0.099,0.206,LBR
13238,1985,1.0,0.121,0.272,LBR
13239,1986,1.0,0.239,0.345,LBR
13240,1987,1.0,0.24,0.345,LBR
13241,1988,1.0,0.232,0.345,LBR
13242,1989,1.0,0.221,0.319,LBR
13243,1990,1.0,0.166,0.175,LBR
13244,1991,0.0,0.2,0.551,LBR
13245,1992,0.0,0.2,0.557,LBR
13246,1993,0.0,0.205,0.557,LBR
13247,1994,0.0,0.17,0.517,LBR
13248,1995,0.0,0.166,0.459,LBR
13249,1996,0.0,0.151,0.381,LBR
13250,1997,1.0,0.241,0.331,LBR
13251,1998,1.0,0.349,0.331,LBR
13252,1999,1.0,0.341,0.33,LBR
13253,2000,1.0,0.342,0.332,LBR
13254,2001,1.0,0.341,0.332,LBR
13255,2002,1.0,0.341,0.328,LBR
13256,2003,1.0,0.306,0.335,LBR
13257,2004,0.0,0.24,0.731,LBR
13258,2005,1.0,0.277,0.751,LBR
13259,2006,2.0,0.65,0.75,LBR
13260,2007,2.0,0.662,0.75,LBR
13261,2008,2.0,0.662,0.75,LBR
13262,2009,2.0,0.662,0.75,LBR
13263,2010,2.0,0.648,0.729,LBR
13264,2011,2.0,0.645,0.731,LBR
13265,2012,2.0,0.64,0.726,LBR
13266,2013,2.0,0.613,0.712,LBR
13267,2014,2.0,0.61,0.712,LBR
13268,2015,2.0,0.609,0.712,LBR
13269,2016,2.0,0.616,0.712,LBR
13270,2017,2.0,0.617,0.713,LBR
13271,2018,2.0,0.619,0.642,LBR
13272,2019,2.0,0.621,0.6,LBR
13273,2020,2.0,0.634,0.61,LBR
13274,2021,2.0,0.612,0.61,LBR
13275,2022,2.0,0.614,0.61,LBR
13276,2023,2.0,0.623,0.625,LBR
13328,1950,0.0,0.012,0.156,MWI
13329,1951,0.0,0.012,0.156,MWI
13330,1952,0.0,0.012,0.156,MWI
13331,1953,0.0,0.012,0.156,MWI
13332,1954,0.0,0.012,0.157,MWI
13333,1955,0.0,0.013,0.157,MWI
13334,1956,0.0,0.013,0.157,MWI
13335,1957,0.0,0.013,0.157,MWI
13336,1958,0.0,0.014,0.157,MWI
13337,1959,0.0,0.016,0.157,MWI
13338,1960,0.0,0.041,0.159,MWI
13339,1961,0.0,0.118,0.187,MWI
13340,1962,0.0,0.175,0.261,MWI
13341,1963,1.0,0.237,0.274,MWI
13342,1964,1.0,0.274,0.327,MWI
13343,1965,1.0,0.237,0.245,MWI
13344,1966,1.0,0.21,0.22,MWI
13345,1967,1.0,0.209,0.22,MWI
13346,1968,1.0,0.209,0.22,MWI
13347,1969,1.0,0.209,0.226,MWI
13348,1970,1.0,0.209,0.226,MWI
13349,1971,1.0,0.209,0.225,MWI
13350,1972,1.0,0.209,0.225,MWI
13351,1973,1.0,0.209,0.225,MWI
13352,1974,1.0,0.209,0.223,MWI
13353,1975,1.0,0.209,0.225,MWI
13354,1976,1.0,0.181,0.225,MWI
13355,1977,1.0,0.163,0.225,MWI
13356,1978,1.0,0.165,0.225,MWI
13357,1979,1.0,0.168,0.225,MWI
13358,1980,1.0,0.168,0.225,MWI
13359,1981,1.0,0.168,0.225,MWI
13360,1982,1.0,0.168,0.225,MWI
13361,1983,1.0,0.167,0.225,MWI
13362,1984,1.0,0.167,0.225,MWI
13363,1985,1.0,0.167,0.225,MWI
13364,1986,1.0,0.167,0.225,MWI
13365,1987,1.0,0.167,0.225,MWI
13366,1988,1.0,0.166,0.225,MWI
13367,1989,1.0,0.166,0.225,MWI
13368,1990,1.0,0.166,0.225,MWI
13369,1991,1.0,0.166,0.225,MWI
13370,1992,1.0,0.188,0.237,MWI
13371,1993,1.0,0.251,0.266,MWI
13372,1994,1.0,0.456,0.564,MWI
13373,1995,2.0,0.558,0.738,MWI
13374,1996,2.0,0.559,0.752,MWI
13375,1997,2.0,0.559,0.75,MWI
13376,1998,2.0,0.559,0.75,MWI
13377,1999,2.0,0.507,0.75,MWI
13378,2000,1.0,0.475,0.75,MWI
13379,2001,1.0,0.475,0.765,MWI
13380,2002,1.0,0.475,0.77,MWI
13381,2003,1.0,0.475,0.77,MWI
13382,2004,1.0,0.458,0.777,MWI
13383,2005,1.0,0.446,0.775,MWI
13384,2006,1.0,0.441,0.781,MWI
13385,2007,1.0,0.443,0.775,MWI
13386,2008,1.0,0.443,0.775,MWI
13387,2009,1.0,0.496,0.766,MWI
13388,2010,2.0,0.516,0.755,MWI
13389,2011,2.0,0.514,0.751,MWI
13390,2012,2.0,0.534,0.759,MWI
13391,2013,2.0,0.558,0.763,MWI
13392,2014,2.0,0.543,0.784,MWI
13393,2015,2.0,0.538,0.806,MWI
13394,2016,2.0,0.536,0.8,MWI
13395,2017,2.0,0.546,0.816,MWI
13396,2018,2.0,0.527,0.819,MWI
13397,2019,1.0,0.476,0.821,MWI
13398,2020,2.0,0.539,0.841,MWI
13399,2021,2.0,0.605,0.871,MWI
13400,2022,2.0,0.614,0.828,MWI
13401,2023,2.0,0.576,0.833,MWI
13453,1950,0.0,0.13,0.223,MDV
13454,1951,0.0,0.13,0.223,MDV
13455,1952,0.0,0.13,0.223,MDV
13456,1953,0.0,0.129,0.191,MDV
13457,1954,0.0,0.129,0.191,MDV
13458,1955,0.0,0.13,0.191,MDV
13459,1956,0.0,0.13,0.191,MDV
13460,1957,0.0,0.13,0.193,MDV
13461,1958,0.0,0.13,0.193,MDV
13462,1959,0.0,0.13,0.193,MDV
13463,1960,0.0,0.13,0.197,MDV
13464,1961,0.0,0.13,0.197,MDV
13465,1962,0.0,0.131,0.197,MDV
13466,1963,0.0,0.13,0.185,MDV
13467,1964,0.0,0.13,0.193,MDV
13468,1965,0.0,0.13,0.193,MDV
13469,1966,0.0,0.129,0.178,MDV
13470,1967,0.0,0.129,0.17,MDV
13471,1968,0.0,0.142,0.182,MDV
13472,1969,0.0,0.171,0.185,MDV
13473,1970,0.0,0.168,0.185,MDV
13474,1971,0.0,0.168,0.185,MDV
13475,1972,0.0,0.168,0.185,MDV
13476,1973,0.0,0.169,0.185,MDV
13477,1974,0.0,0.169,0.183,MDV
13478,1975,0.0,0.171,0.184,MDV
13479,1976,0.0,0.171,0.184,MDV
13480,1977,0.0,0.171,0.184,MDV
13481,1978,0.0,0.163,0.168,MDV
13482,1979,0.0,0.155,0.164,MDV
13483,1980,0.0,0.154,0.164,MDV
13484,1981,0.0,0.154,0.164,MDV
13485,1982,0.0,0.154,0.164,MDV
13486,1983,0.0,0.154,0.164,MDV
13487,1984,0.0,0.153,0.164,MDV
13488,1985,0.0,0.156,0.164,MDV
13489,1986,0.0,0.156,0.155,MDV
13490,1987,0.0,0.156,0.155,MDV
13491,1988,0.0,0.155,0.155,MDV
13492,1989,0.0,0.155,0.155,MDV
13493,1990,0.0,0.166,0.157,MDV
13494,1991,0.0,0.159,0.157,MDV
13495,1992,0.0,0.159,0.157,MDV
13496,1993,0.0,0.16,0.157,MDV
13497,1994,0.0,0.159,0.153,MDV
13498,1995,0.0,0.16,0.153,MDV
13499,1996,0.0,0.16,0.153,MDV
13500,1997,0.0,0.16,0.153,MDV
13501,1998,0.0,0.16,0.153,MDV
13502,1999,0.0,0.157,0.153,MDV
13503,2000,0.0,0.16,0.153,MDV
13504,2001,0.0,0.161,0.153,MDV
13505,2002,0.0,0.162,0.145,MDV
13506,2003,0.0,0.171,0.148,MDV
13507,2004,0.0,0.175,0.162,MDV
13508,2005,0.0,0.283,0.252,MDV
13509,2006,0.0,0.299,0.268,MDV
13510,2007,0.0,0.304,0.268,MDV
13511,2008,1.0,0.456,0.434,MDV
13512,2009,2.0,0.603,0.606,MDV
13513,2010,2.0,0.596,0.608,MDV
13514,2011,2.0,0.597,0.602,MDV
13515,2012,2.0,0.537,0.542,MDV
13516,2013,1.0,0.45,0.425,MDV
13517,2014,1.0,0.402,0.403,MDV
13518,2015,1.0,0.374,0.376,MDV
13519,2016,1.0,0.362,0.371,MDV
13520,2017,1.0,0.354,0.365,MDV
13521,2018,1.0,0.386,0.377,MDV
13522,2019,2.0,0.568,0.676,MDV
13523,2020,2.0,0.573,0.703,MDV
13524,2021,2.0,0.577,0.696,MDV
13525,2022,2.0,0.58,0.708,MDV
13526,2023,2.0,0.591,0.732,MDV
13567,1950,0.0,0.074,0.129,MNG
13568,1951,0.0,0.093,0.129,MNG
13569,1952,0.0,0.165,0.129,MNG
13570,1953,0.0,0.17,0.129,MNG
13571,1954,0.0,0.17,0.129,MNG
13572,1955,0.0,0.169,0.129,MNG
13573,1956,0.0,0.169,0.129,MNG
13574,1957,0.0,0.169,0.129,MNG
13575,1958,0.0,0.169,0.129,MNG
13576,1959,0.0,0.169,0.129,MNG
13577,1960,0.0,0.174,0.14,MNG
13578,1961,0.0,0.175,0.145,MNG
13579,1962,0.0,0.175,0.145,MNG
13580,1963,0.0,0.176,0.145,MNG
13581,1964,0.0,0.176,0.145,MNG
13582,1965,0.0,0.176,0.145,MNG
13583,1966,0.0,0.176,0.145,MNG
13584,1967,0.0,0.175,0.145,MNG
13585,1968,0.0,0.175,0.145,MNG
13586,1969,0.0,0.175,0.145,MNG
13587,1970,0.0,0.175,0.145,MNG
13588,1971,0.0,0.175,0.145,MNG
13589,1972,0.0,0.175,0.145,MNG
13590,1973,0.0,0.178,0.145,MNG
13591,1974,0.0,0.18,0.145,MNG
13592,1975,0.0,0.18,0.145,MNG
13593,1976,0.0,0.18,0.145,MNG
13594,1977,0.0,0.18,0.145,MNG
13595,1978,0.0,0.18,0.145,MNG
13596,1979,0.0,0.18,0.145,MNG
13597,1980,0.0,0.18,0.145,MNG
13598,1981,0.0,0.18,0.145,MNG
13599,1982,0.0,0.18,0.145,MNG
13600,1983,0.0,0.18,0.145,MNG
13601,1984,0.0,0.18,0.145,MNG
13602,1985,0.0,0.18,0.145,MNG
13603,1986,0.0,0.179,0.145,MNG
13604,1987,0.0,0.179,0.145,MNG
13605,1988,0.0,0.179,0.145,MNG
13606,1989,0.0,0.184,0.145,MNG
13607,1990,1.0,0.378,0.52,MNG
13608,1991,2.0,0.561,0.675,MNG
13609,1992,2.0,0.673,0.786,MNG
13610,1993,2.0,0.703,0.8,MNG
13611,1994,2.0,0.703,0.823,MNG
13612,1995,2.0,0.703,0.823,MNG
13613,1996,2.0,0.7,0.841,MNG
13614,1997,2.0,0.708,0.841,MNG
13615,1998,2.0,0.708,0.844,MNG
13616,1999,2.0,0.708,0.849,MNG
13617,2000,2.0,0.679,0.806,MNG
13618,2001,2.0,0.662,0.806,MNG
13619,2002,2.0,0.667,0.81,MNG
13620,2003,2.0,0.668,0.816,MNG
13621,2004,2.0,0.672,0.818,MNG
13622,2005,2.0,0.675,0.818,MNG
13623,2006,2.0,0.686,0.818,MNG
13624,2007,2.0,0.686,0.818,MNG
13625,2008,2.0,0.657,0.811,MNG
13626,2009,2.0,0.661,0.816,MNG
13627,2010,2.0,0.679,0.826,MNG
13628,2011,2.0,0.684,0.826,MNG
13629,2012,2.0,0.69,0.822,MNG
13630,2013,2.0,0.688,0.806,MNG
13631,2014,2.0,0.687,0.8,MNG
13632,2015,2.0,0.681,0.802,MNG
13633,2016,2.0,0.677,0.805,MNG
13634,2017,2.0,0.664,0.806,MNG
13635,2018,2.0,0.653,0.813,MNG
13636,2019,2.0,0.653,0.829,MNG
13637,2020,2.0,0.633,0.815,MNG
13638,2021,2.0,0.613,0.79,MNG
13639,2022,2.0,0.573,0.78,MNG
13640,2023,2.0,0.533,0.763,MNG
13803,1950,0.0,0.051,0.17,MAR
13804,1951,0.0,0.051,0.17,MAR
13805,1952,0.0,0.051,0.17,MAR
13806,1953,0.0,0.051,0.172,MAR
13807,1954,0.0,0.051,0.172,MAR
13808,1955,0.0,0.051,0.168,MAR
13809,1956,0.0,0.063,0.241,MAR
13810,1957,0.0,0.067,0.255,MAR
13811,1958,0.0,0.067,0.257,MAR
13812,1959,0.0,0.065,0.263,MAR
13813,1960,0.0,0.072,0.263,MAR
13814,1961,0.0,0.069,0.279,MAR
13815,1962,0.0,0.069,0.305,MAR
13816,1963,0.0,0.154,0.395,MAR
13817,1964,0.0,0.168,0.44,MAR
13818,1965,0.0,0.159,0.44,MAR
13819,1966,0.0,0.132,0.286,MAR
13820,1967,0.0,0.132,0.286,MAR
13821,1968,0.0,0.132,0.286,MAR
13822,1969,0.0,0.123,0.286,MAR
13823,1970,0.0,0.135,0.367,MAR
13824,1971,0.0,0.152,0.456,MAR
13825,1972,0.0,0.152,0.456,MAR
13826,1973,0.0,0.151,0.457,MAR
13827,1974,0.0,0.136,0.289,MAR
13828,1975,0.0,0.13,0.289,MAR
13829,1976,0.0,0.13,0.292,MAR
13830,1977,0.0,0.146,0.334,MAR
13831,1978,0.0,0.157,0.462,MAR
13832,1979,0.0,0.159,0.472,MAR
13833,1980,0.0,0.16,0.487,MAR
13834,1981,0.0,0.16,0.487,MAR
13835,1982,0.0,0.16,0.487,MAR
13836,1983,0.0,0.16,0.487,MAR
13837,1984,0.0,0.161,0.487,MAR
13838,1985,0.0,0.161,0.487,MAR
13839,1986,0.0,0.161,0.487,MAR
13840,1987,0.0,0.164,0.487,MAR
13841,1988,0.0,0.164,0.487,MAR
13842,1989,0.0,0.164,0.487,MAR
13843,1990,0.0,0.17,0.553,MAR
13844,1991,0.0,0.17,0.576,MAR
13845,1992,0.0,0.184,0.569,MAR
13846,1993,0.0,0.191,0.581,MAR
13847,1994,0.0,0.193,0.592,MAR
13848,1995,0.0,0.193,0.592,MAR
13849,1996,0.0,0.193,0.62,MAR
13850,1997,0.0,0.203,0.603,MAR
13851,1998,0.0,0.213,0.603,MAR
13852,1999,0.0,0.213,0.603,MAR
13853,2000,0.0,0.237,0.628,MAR
13854,2001,0.0,0.239,0.645,MAR
13855,2002,0.0,0.242,0.645,MAR
13856,2003,0.0,0.252,0.633,MAR
13857,2004,0.0,0.252,0.633,MAR
13858,2005,0.0,0.259,0.644,MAR
13859,2006,0.0,0.256,0.644,MAR
13860,2007,0.0,0.259,0.644,MAR
13861,2008,0.0,0.252,0.649,MAR
13862,2009,0.0,0.252,0.642,MAR
13863,2010,0.0,0.256,0.662,MAR
13864,2011,0.0,0.262,0.664,MAR
13865,2012,0.0,0.264,0.664,MAR
13866,2013,0.0,0.269,0.642,MAR
13867,2014,0.0,0.268,0.642,MAR
13868,2015,0.0,0.263,0.64,MAR
13869,2016,0.0,0.265,0.649,MAR
13870,2017,0.0,0.26,0.684,MAR
13871,2018,0.0,0.261,0.69,MAR
13872,2019,0.0,0.258,0.684,MAR
13873,2020,0.0,0.256,0.663,MAR
13874,2021,0.0,0.262,0.663,MAR
13875,2022,0.0,0.262,0.699,MAR
13876,2023,0.0,0.262,0.703,MAR
14037,1950,3.0,0.781,0.939,NLD
14038,1951,3.0,0.781,0.939,NLD
14039,1952,3.0,0.774,0.939,NLD
14040,1953,3.0,0.767,0.941,NLD
14041,1954,3.0,0.767,0.941,NLD
14042,1955,3.0,0.761,0.941,NLD
14043,1956,3.0,0.781,0.941,NLD
14044,1957,3.0,0.786,0.943,NLD
14045,1958,3.0,0.786,0.943,NLD
14046,1959,3.0,0.789,0.943,NLD
14047,1960,3.0,0.796,0.946,NLD
14048,1961,3.0,0.796,0.946,NLD
14049,1962,3.0,0.796,0.946,NLD
14050,1963,3.0,0.794,0.946,NLD
14051,1964,3.0,0.794,0.946,NLD
14052,1965,3.0,0.794,0.946,NLD
14053,1966,3.0,0.815,0.946,NLD
14054,1967,3.0,0.825,0.946,NLD
14055,1968,3.0,0.827,0.946,NLD
14056,1969,3.0,0.839,0.946,NLD
14057,1970,3.0,0.844,0.951,NLD
14058,1971,3.0,0.845,0.951,NLD
14059,1972,3.0,0.848,0.951,NLD
14060,1973,3.0,0.845,0.951,NLD
14061,1974,3.0,0.845,0.951,NLD
14062,1975,3.0,0.845,0.951,NLD
14063,1976,3.0,0.845,0.951,NLD
14064,1977,3.0,0.847,0.951,NLD
14065,1978,3.0,0.845,0.951,NLD
14066,1979,3.0,0.857,0.951,NLD
14067,1980,3.0,0.863,0.955,NLD
14068,1981,3.0,0.863,0.955,NLD
14069,1982,3.0,0.863,0.96,NLD
14070,1983,3.0,0.864,0.96,NLD
14071,1984,3.0,0.864,0.96,NLD
14072,1985,3.0,0.864,0.96,NLD
14073,1986,3.0,0.863,0.96,NLD
14074,1987,3.0,0.862,0.96,NLD
14075,1988,3.0,0.862,0.96,NLD
14076,1989,3.0,0.861,0.96,NLD
14077,1990,3.0,0.86,0.96,NLD
14078,1991,3.0,0.86,0.96,NLD
14079,1992,3.0,0.86,0.96,NLD
14080,1993,3.0,0.86,0.96,NLD
14081,1994,3.0,0.862,0.96,NLD
14082,1995,3.0,0.863,0.96,NLD
14083,1996,3.0,0.863,0.96,NLD
14084,1997,3.0,0.858,0.96,NLD
14085,1998,3.0,0.85,0.96,NLD
14086,1999,3.0,0.866,0.96,NLD
14087,2000,3.0,0.862,0.96,NLD
14088,2001,3.0,0.862,0.96,NLD
14089,2002,3.0,0.852,0.96,NLD
14090,2003,3.0,0.857,0.96,NLD
14091,2004,3.0,0.857,0.96,NLD
14092,2005,3.0,0.857,0.96,NLD
14093,2006,3.0,0.863,0.96,NLD
14094,2007,3.0,0.871,0.959,NLD
14095,2008,3.0,0.871,0.959,NLD
14096,2009,3.0,0.871,0.959,NLD
14097,2010,3.0,0.873,0.962,NLD
14098,2011,3.0,0.874,0.962,NLD
14099,2012,3.0,0.871,0.961,NLD
14100,2013,3.0,0.876,0.959,NLD
14101,2014,3.0,0.88,0.959,NLD
14102,2015,3.0,0.88,0.958,NLD
14103,2016,3.0,0.88,0.958,NLD
14104,2017,3.0,0.879,0.964,NLD
14105,2018,3.0,0.878,0.96,NLD
14106,2019,3.0,0.861,0.96,NLD
14107,2020,3.0,0.857,0.955,NLD
14108,2021,3.0,0.863,0.951,NLD
14109,2022,3.0,0.852,0.952,NLD
14110,2023,3.0,0.843,0.951,NLD
14159,1950,1.0,0.324,0.4,PAN
14160,1951,1.0,0.253,0.434,PAN
14161,1952,1.0,0.258,0.42,PAN
14162,1953,1.0,0.365,0.42,PAN
14163,1954,1.0,0.365,0.42,PAN
14164,1955,1.0,0.365,0.42,PAN
14165,1956,1.0,0.372,0.42,PAN
14166,1957,1.0,0.371,0.42,PAN
14167,1958,1.0,0.371,0.42,PAN
14168,1959,1.0,0.371,0.42,PAN
14169,1960,1.0,0.382,0.42,PAN
14170,1961,1.0,0.386,0.42,PAN
14171,1962,1.0,0.386,0.42,PAN
14172,1963,1.0,0.386,0.42,PAN
14173,1964,1.0,0.338,0.42,PAN
14174,1965,1.0,0.324,0.42,PAN
14175,1966,1.0,0.323,0.42,PAN
14176,1967,1.0,0.322,0.448,PAN
14177,1968,1.0,0.207,0.299,PAN
14178,1969,0.0,0.092,0.237,PAN
14179,1970,0.0,0.09,0.237,PAN
14180,1971,0.0,0.09,0.237,PAN
14181,1972,0.0,0.095,0.249,PAN
14182,1973,0.0,0.102,0.258,PAN
14183,1974,0.0,0.102,0.258,PAN
14184,1975,0.0,0.102,0.258,PAN
14185,1976,0.0,0.102,0.258,PAN
14186,1977,0.0,0.102,0.258,PAN
14187,1978,0.0,0.105,0.258,PAN
14188,1979,0.0,0.123,0.258,PAN
14189,1980,0.0,0.134,0.251,PAN
14190,1981,0.0,0.125,0.239,PAN
14191,1982,0.0,0.122,0.225,PAN
14192,1983,0.0,0.122,0.225,PAN
14193,1984,1.0,0.134,0.236,PAN
14194,1985,1.0,0.132,0.236,PAN
14195,1986,1.0,0.132,0.222,PAN
14196,1987,1.0,0.132,0.222,PAN
14197,1988,1.0,0.132,0.222,PAN
14198,1989,1.0,0.145,0.222,PAN
14199,1990,1.0,0.475,0.729,PAN
14200,1991,2.0,0.68,0.713,PAN
14201,1992,2.0,0.696,0.713,PAN
14202,1993,2.0,0.701,0.713,PAN
14203,1994,2.0,0.708,0.724,PAN
14204,1995,2.0,0.711,0.724,PAN
14205,1996,2.0,0.711,0.724,PAN
14206,1997,2.0,0.711,0.724,PAN
14207,1998,2.0,0.7,0.724,PAN
14208,1999,2.0,0.698,0.724,PAN
14209,2000,2.0,0.727,0.724,PAN
14210,2001,2.0,0.733,0.724,PAN
14211,2002,2.0,0.733,0.724,PAN
14212,2003,2.0,0.733,0.724,PAN
14213,2004,2.0,0.736,0.733,PAN
14214,2005,2.0,0.738,0.722,PAN
14215,2006,2.0,0.738,0.722,PAN
14216,2007,2.0,0.738,0.722,PAN
14217,2008,2.0,0.738,0.722,PAN
14218,2009,2.0,0.742,0.722,PAN
14219,2010,2.0,0.744,0.722,PAN
14220,2011,2.0,0.744,0.722,PAN
14221,2012,2.0,0.744,0.722,PAN
14222,2013,2.0,0.748,0.7,PAN
14223,2014,2.0,0.74,0.7,PAN
14224,2015,2.0,0.756,0.7,PAN
14225,2016,2.0,0.756,0.7,PAN
14226,2017,2.0,0.736,0.716,PAN
14227,2018,2.0,0.728,0.703,PAN
14228,2019,2.0,0.731,0.7,PAN
14229,2020,2.0,0.73,0.725,PAN
14230,2021,2.0,0.738,0.712,PAN
14231,2022,2.0,0.727,0.751,PAN
14232,2023,2.0,0.725,0.764,PAN
14284,1950,0.0,0.109,0.392,PNG
14285,1951,0.0,0.186,0.61,PNG
14286,1952,0.0,0.186,0.61,PNG
14287,1953,0.0,0.186,0.61,PNG
14288,1954,0.0,0.186,0.61,PNG
14289,1955,0.0,0.186,0.61,PNG
14290,1956,0.0,0.186,0.61,PNG
14291,1957,0.0,0.186,0.61,PNG
14292,1958,0.0,0.186,0.61,PNG
14293,1959,0.0,0.186,0.61,PNG
14294,1960,0.0,0.226,0.61,PNG
14295,1961,0.0,0.235,0.61,PNG
14296,1962,0.0,0.237,0.61,PNG
14297,1963,0.0,0.237,0.61,PNG
14298,1964,0.0,0.288,0.61,PNG
14299,1965,0.0,0.287,0.624,PNG
14300,1966,0.0,0.287,0.624,PNG
14301,1967,0.0,0.287,0.624,PNG
14302,1968,0.0,0.287,0.624,PNG
14303,1969,0.0,0.287,0.624,PNG
14304,1970,0.0,0.303,0.614,PNG
14305,1971,0.0,0.303,0.614,PNG
14306,1972,1.0,0.313,0.633,PNG
14307,1973,2.0,0.517,0.633,PNG
14308,1974,2.0,0.517,0.633,PNG
14309,1975,2.0,0.576,0.737,PNG
14310,1976,2.0,0.576,0.737,PNG
14311,1977,2.0,0.569,0.737,PNG
14312,1978,2.0,0.562,0.737,PNG
14313,1979,2.0,0.562,0.737,PNG
14314,1980,2.0,0.557,0.737,PNG
14315,1981,2.0,0.557,0.737,PNG
14316,1982,2.0,0.551,0.737,PNG
14317,1983,2.0,0.546,0.737,PNG
14318,1984,2.0,0.546,0.737,PNG
14319,1985,2.0,0.546,0.737,PNG
14320,1986,2.0,0.546,0.737,PNG
14321,1987,2.0,0.542,0.737,PNG
14322,1988,2.0,0.538,0.737,PNG
14323,1989,2.0,0.54,0.737,PNG
14324,1990,2.0,0.54,0.737,PNG
14325,1991,2.0,0.54,0.737,PNG
14326,1992,2.0,0.525,0.737,PNG
14327,1993,2.0,0.513,0.737,PNG
14328,1994,2.0,0.513,0.737,PNG
14329,1995,2.0,0.513,0.737,PNG
14330,1996,2.0,0.513,0.737,PNG
14331,1997,2.0,0.521,0.737,PNG
14332,1998,2.0,0.528,0.737,PNG
14333,1999,2.0,0.528,0.737,PNG
14334,2000,2.0,0.528,0.737,PNG
14335,2001,2.0,0.528,0.737,PNG
14336,2002,2.0,0.524,0.737,PNG
14337,2003,2.0,0.521,0.737,PNG
14338,2004,2.0,0.52,0.737,PNG
14339,2005,2.0,0.52,0.737,PNG
14340,2006,2.0,0.526,0.737,PNG
14341,2007,1.0,0.495,0.737,PNG
14342,2008,1.0,0.464,0.737,PNG
14343,2009,1.0,0.464,0.737,PNG
14344,2010,1.0,0.458,0.729,PNG
14345,2011,1.0,0.457,0.714,PNG
14346,2012,1.0,0.445,0.711,PNG
14347,2013,1.0,0.439,0.712,PNG
14348,2014,1.0,0.438,0.711,PNG
14349,2015,1.0,0.438,0.711,PNG
14350,2016,1.0,0.441,0.709,PNG
14351,2017,1.0,0.44,0.702,PNG
14352,2018,1.0,0.453,0.709,PNG
14353,2019,1.0,0.455,0.697,PNG
14354,2020,1.0,0.446,0.723,PNG
14355,2021,1.0,0.446,0.711,PNG
14356,2022,1.0,0.465,0.741,PNG
14357,2023,1.0,0.467,0.757,PNG
14409,1950,0.0,0.013,0.209,QAT
14410,1951,0.0,0.013,0.209,QAT
14411,1952,0.0,0.013,0.209,QAT
14412,1953,0.0,0.013,0.209,QAT
14413,1954,0.0,0.013,0.209,QAT
14414,1955,0.0,0.013,0.208,QAT
14415,1956,0.0,0.013,0.208,QAT
14416,1957,0.0,0.013,0.208,QAT
14417,1958,0.0,0.013,0.208,QAT
14418,1959,0.0,0.013,0.208,QAT
14419,1960,0.0,0.013,0.226,QAT
14420,1961,0.0,0.013,0.226,QAT
14421,1962,0.0,0.013,0.226,QAT
14422,1963,0.0,0.013,0.226,QAT
14423,1964,0.0,0.013,0.226,QAT
14424,1965,0.0,0.013,0.226,QAT
14425,1966,0.0,0.013,0.226,QAT
14426,1967,0.0,0.013,0.226,QAT
14427,1968,0.0,0.013,0.23,QAT
14428,1969,0.0,0.013,0.23,QAT
14429,1970,0.0,0.017,0.266,QAT
14430,1971,0.0,0.017,0.298,QAT
14431,1972,0.0,0.017,0.303,QAT
14432,1973,0.0,0.017,0.303,QAT
14433,1974,0.0,0.017,0.303,QAT
14434,1975,0.0,0.017,0.303,QAT
14435,1976,0.0,0.017,0.303,QAT
14436,1977,0.0,0.017,0.303,QAT
14437,1978,0.0,0.017,0.303,QAT
14438,1979,0.0,0.016,0.303,QAT
14439,1980,0.0,0.016,0.306,QAT
14440,1981,0.0,0.016,0.306,QAT
14441,1982,0.0,0.016,0.306,QAT
14442,1983,0.0,0.016,0.306,QAT
14443,1984,0.0,0.016,0.306,QAT
14444,1985,0.0,0.016,0.306,QAT
14445,1986,0.0,0.016,0.306,QAT
14446,1987,0.0,0.016,0.306,QAT
14447,1988,0.0,0.016,0.306,QAT
14448,1989,0.0,0.016,0.306,QAT
14449,1990,0.0,0.016,0.33,QAT
14450,1991,0.0,0.016,0.33,QAT
14451,1992,0.0,0.016,0.33,QAT
14452,1993,0.0,0.016,0.33,QAT
14453,1994,0.0,0.017,0.33,QAT
14454,1995,0.0,0.018,0.339,QAT
14455,1996,0.0,0.018,0.352,QAT
14456,1997,0.0,0.018,0.356,QAT
14457,1998,0.0,0.017,0.356,QAT
14458,1999,0.0,0.017,0.356,QAT
14459,2000,0.0,0.019,0.362,QAT
14460,2001,0.0,0.019,0.357,QAT
14461,2002,0.0,0.019,0.357,QAT
14462,2003,0.0,0.041,0.377,QAT
14463,2004,0.0,0.041,0.381,QAT
14464,2005,0.0,0.041,0.382,QAT
14465,2006,0.0,0.041,0.375,QAT
14466,2007,0.0,0.041,0.38,QAT
14467,2008,0.0,0.041,0.381,QAT
14468,2009,0.0,0.041,0.381,QAT
14469,2010,0.0,0.04,0.382,QAT
14470,2011,0.0,0.042,0.382,QAT
14471,2012,0.0,0.042,0.385,QAT
14472,2013,0.0,0.042,0.353,QAT
14473,2014,0.0,0.042,0.353,QAT
14474,2015,0.0,0.041,0.354,QAT
14475,2016,0.0,0.04,0.352,QAT
14476,2017,0.0,0.04,0.341,QAT
14477,2018,0.0,0.042,0.352,QAT
14478,2019,0.0,0.04,0.329,QAT
14479,2020,0.0,0.039,0.34,QAT
14480,2021,0.0,0.088,0.301,QAT
14481,2022,0.0,0.086,0.303,QAT
14482,2023,0.0,0.086,0.304,QAT
14534,1950,0.0,0.079,0.227,SLE
14535,1951,0.0,0.133,0.252,SLE
14536,1952,0.0,0.153,0.257,SLE
14537,1953,0.0,0.157,0.262,SLE
14538,1954,0.0,0.157,0.265,SLE
14539,1955,0.0,0.159,0.265,SLE
14540,1956,0.0,0.159,0.265,SLE
14541,1957,0.0,0.165,0.272,SLE
14542,1958,0.0,0.224,0.281,SLE
14543,1959,0.0,0.224,0.281,SLE
14544,1960,0.0,0.234,0.312,SLE
14545,1961,1.0,0.246,0.364,SLE
14546,1962,1.0,0.36,0.377,SLE
14547,1963,1.0,0.359,0.377,SLE
14548,1964,1.0,0.366,0.373,SLE
14549,1965,1.0,0.36,0.367,SLE
14550,1966,1.0,0.36,0.364,SLE
14551,1967,0.0,0.239,0.278,SLE
14552,1968,0.0,0.169,0.222,SLE
14553,1969,0.0,0.16,0.235,SLE
14554,1970,0.0,0.16,0.223,SLE
14555,1971,0.0,0.196,0.254,SLE
14556,1972,0.0,0.205,0.245,SLE
14557,1973,1.0,0.225,0.243,SLE
14558,1974,1.0,0.235,0.243,SLE
14559,1975,1.0,0.235,0.243,SLE
14560,1976,1.0,0.235,0.243,SLE
14561,1977,1.0,0.224,0.243,SLE
14562,1978,1.0,0.198,0.245,SLE
14563,1979,1.0,0.19,0.243,SLE
14564,1980,1.0,0.187,0.243,SLE
14565,1981,1.0,0.179,0.243,SLE
14566,1982,1.0,0.181,0.243,SLE
14567,1983,1.0,0.182,0.243,SLE
14568,1984,1.0,0.182,0.243,SLE
14569,1985,1.0,0.183,0.243,SLE
14570,1986,1.0,0.195,0.244,SLE
14571,1987,1.0,0.195,0.244,SLE
14572,1988,1.0,0.195,0.244,SLE
14573,1989,1.0,0.194,0.244,SLE
14574,1990,1.0,0.194,0.235,SLE
14575,1991,1.0,0.197,0.139,SLE
14576,1992,1.0,0.166,0.115,SLE
14577,1993,0.0,0.146,0.074,SLE
14578,1994,0.0,0.153,0.074,SLE
14579,1995,0.0,0.158,0.074,SLE
14580,1996,1.0,0.284,0.278,SLE
14581,1997,1.0,0.296,0.175,SLE
14582,1998,0.0,0.218,0.173,SLE
14583,1999,0.0,0.229,0.191,SLE
14584,2000,0.0,0.23,0.211,SLE
14585,2001,0.0,0.23,0.211,SLE
14586,2002,1.0,0.43,0.49,SLE
14587,2003,2.0,0.552,0.587,SLE
14588,2004,2.0,0.552,0.587,SLE
14589,2005,2.0,0.552,0.567,SLE
14590,2006,2.0,0.552,0.556,SLE
14591,2007,2.0,0.537,0.579,SLE
14592,2008,2.0,0.514,0.555,SLE
14593,2009,2.0,0.514,0.558,SLE
14594,2010,2.0,0.514,0.567,SLE
14595,2011,2.0,0.514,0.567,SLE
14596,2012,2.0,0.5,0.567,SLE
14597,2013,2.0,0.5,0.545,SLE
14598,2014,2.0,0.5,0.545,SLE
14599,2015,2.0,0.5,0.545,SLE
14600,2016,2.0,0.5,0.534,SLE
14601,2017,2.0,0.502,0.603,SLE
14602,2018,2.0,0.539,0.647,SLE
14603,2019,2.0,0.544,0.657,SLE
14604,2020,2.0,0.548,0.732,SLE
14605,2021,2.0,0.551,0.745,SLE
14606,2022,2.0,0.564,0.741,SLE
14607,2023,1.0,0.493,0.725,SLE
14770,1950,0.0,0.069,0.228,ESP
14771,1951,0.0,0.069,0.228,ESP
14772,1952,0.0,0.069,0.228,ESP
14773,1953,0.0,0.069,0.228,ESP
14774,1954,0.0,0.069,0.228,ESP
14775,1955,0.0,0.069,0.228,ESP
14776,1956,0.0,0.069,0.227,ESP
14777,1957,0.0,0.069,0.227,ESP
14778,1958,0.0,0.069,0.236,ESP
14779,1959,0.0,0.069,0.236,ESP
14780,1960,0.0,0.07,0.246,ESP
14781,1961,0.0,0.071,0.246,ESP
14782,1962,0.0,0.071,0.246,ESP
14783,1963,0.0,0.072,0.246,ESP
14784,1964,0.0,0.072,0.246,ESP
14785,1965,0.0,0.072,0.246,ESP
14786,1966,0.0,0.077,0.246,ESP
14787,1967,0.0,0.086,0.246,ESP
14788,1968,0.0,0.103,0.246,ESP
14789,1969,0.0,0.103,0.246,ESP
14790,1970,0.0,0.103,0.251,ESP
14791,1971,0.0,0.105,0.251,ESP
14792,1972,0.0,0.112,0.251,ESP
14793,1973,0.0,0.112,0.256,ESP
14794,1974,0.0,0.112,0.256,ESP
14795,1975,1.0,0.116,0.336,ESP
14796,1976,1.0,0.144,0.363,ESP
14797,1977,1.0,0.404,0.579,ESP
14798,1978,2.0,0.764,0.855,ESP
14799,1979,2.0,0.861,0.914,ESP
14800,1980,2.0,0.869,0.913,ESP
14801,1981,2.0,0.869,0.913,ESP
14802,1982,2.0,0.88,0.903,ESP
14803,1983,3.0,0.886,0.905,ESP
14804,1984,3.0,0.886,0.905,ESP
14805,1985,3.0,0.886,0.905,ESP
14806,1986,3.0,0.891,0.906,ESP
14807,1987,3.0,0.894,0.912,ESP
14808,1988,3.0,0.894,0.912,ESP
14809,1989,3.0,0.894,0.912,ESP
14810,1990,3.0,0.893,0.912,ESP
14811,1991,3.0,0.893,0.912,ESP
14812,1992,3.0,0.893,0.912,ESP
14813,1993,3.0,0.893,0.92,ESP
14814,1994,3.0,0.893,0.92,ESP
14815,1995,3.0,0.893,0.92,ESP
14816,1996,3.0,0.894,0.921,ESP
14817,1997,3.0,0.895,0.921,ESP
14818,1998,3.0,0.895,0.921,ESP
14819,1999,3.0,0.895,0.921,ESP
14820,2000,3.0,0.892,0.912,ESP
14821,2001,3.0,0.891,0.909,ESP
14822,2002,3.0,0.891,0.909,ESP
14823,2003,3.0,0.875,0.909,ESP
14824,2004,3.0,0.873,0.926,ESP
14825,2005,3.0,0.877,0.926,ESP
14826,2006,3.0,0.873,0.927,ESP
14827,2007,3.0,0.874,0.927,ESP
14828,2008,3.0,0.886,0.927,ESP
14829,2009,3.0,0.889,0.927,ESP
14830,2010,3.0,0.891,0.926,ESP
14831,2011,3.0,0.893,0.924,ESP
14832,2012,3.0,0.892,0.898,ESP
14833,2013,3.0,0.872,0.885,ESP
14834,2014,3.0,0.872,0.885,ESP
14835,2015,3.0,0.854,0.889,ESP
14836,2016,3.0,0.847,0.912,ESP
14837,2017,3.0,0.833,0.915,ESP
14838,2018,3.0,0.854,0.916,ESP
14839,2019,3.0,0.872,0.928,ESP
14840,2020,3.0,0.873,0.901,ESP
14841,2021,3.0,0.853,0.919,ESP
14842,2022,3.0,0.868,0.907,ESP
14843,2023,3.0,0.85,0.903,ESP
14875,1950,1.0,0.247,0.476,SYR
14876,1951,0.0,0.209,0.465,SYR
14877,1952,0.0,0.147,0.34,SYR
14878,1953,1.0,0.174,0.339,SYR
14879,1954,1.0,0.268,0.351,SYR
14880,1955,1.0,0.305,0.493,SYR
14881,1956,1.0,0.308,0.491,SYR
14882,1957,1.0,0.308,0.495,SYR
14883,1958,1.0,0.112,0.315,SYR
14884,1959,0.0,0.082,0.236,SYR
14885,1960,0.0,0.079,0.222,SYR
14886,1961,1.0,0.095,0.239,SYR
14887,1962,1.0,0.262,0.41,SYR
14888,1963,1.0,0.159,0.34,SYR
14889,1964,1.0,0.141,0.184,SYR
14890,1965,1.0,0.141,0.184,SYR
14891,1966,1.0,0.105,0.151,SYR
14892,1967,0.0,0.1,0.147,SYR
14893,1968,0.0,0.1,0.147,SYR
14894,1969,0.0,0.1,0.14,SYR
14895,1970,0.0,0.075,0.091,SYR
14896,1971,1.0,0.137,0.103,SYR
14897,1972,1.0,0.147,0.106,SYR
14898,1973,1.0,0.144,0.1,SYR
14899,1974,1.0,0.144,0.1,SYR
14900,1975,1.0,0.144,0.096,SYR
14901,1976,1.0,0.144,0.098,SYR
14902,1977,1.0,0.144,0.1,SYR
14903,1978,1.0,0.144,0.097,SYR
14904,1979,1.0,0.144,0.095,SYR
14905,1980,1.0,0.143,0.088,SYR
14906,1981,1.0,0.144,0.088,SYR
14907,1982,1.0,0.144,0.092,SYR
14908,1983,1.0,0.144,0.095,SYR
14909,1984,1.0,0.144,0.094,SYR
14910,1985,1.0,0.143,0.095,SYR
14911,1986,1.0,0.143,0.095,SYR
14912,1987,1.0,0.143,0.089,SYR
14913,1988,1.0,0.143,0.089,SYR
14914,1989,1.0,0.143,0.089,SYR
14915,1990,1.0,0.145,0.099,SYR
14916,1991,1.0,0.145,0.099,SYR
14917,1992,1.0,0.144,0.099,SYR
14918,1993,1.0,0.144,0.099,SYR
14919,1994,1.0,0.145,0.097,SYR
14920,1995,1.0,0.146,0.1,SYR
14921,1996,1.0,0.146,0.1,SYR
14922,1997,1.0,0.146,0.1,SYR
14923,1998,1.0,0.146,0.102,SYR
14924,1999,1.0,0.145,0.103,SYR
14925,2000,1.0,0.151,0.144,SYR
14926,2001,1.0,0.153,0.144,SYR
14927,2002,1.0,0.151,0.144,SYR
14928,2003,1.0,0.151,0.14,SYR
14929,2004,1.0,0.151,0.138,SYR
14930,2005,1.0,0.149,0.14,SYR
14931,2006,1.0,0.149,0.14,SYR
14932,2007,1.0,0.146,0.14,SYR
14933,2008,1.0,0.145,0.14,SYR
14934,2009,1.0,0.145,0.14,SYR
14935,2010,1.0,0.146,0.141,SYR
14936,2011,1.0,0.146,0.101,SYR
14937,2012,1.0,0.145,0.075,SYR
14938,2013,0.0,0.137,0.051,SYR
14939,2014,0.0,0.138,0.054,SYR
14940,2015,0.0,0.137,0.054,SYR
14941,2016,0.0,0.137,0.056,SYR
14942,2017,0.0,0.138,0.058,SYR
14943,2018,0.0,0.137,0.057,SYR
14944,2019,0.0,0.137,0.059,SYR
14945,2020,0.0,0.139,0.081,SYR
14946,2021,0.0,0.137,0.092,SYR
14947,2022,0.0,0.137,0.078,SYR
14948,2023,0.0,0.146,0.132,SYR
15111,1950,0.0,0.036,0.13,TUN
15112,1951,0.0,0.036,0.13,TUN
15113,1952,0.0,0.036,0.13,TUN
15114,1953,0.0,0.037,0.13,TUN
15115,1954,0.0,0.038,0.13,TUN
15116,1955,0.0,0.04,0.13,TUN
15117,1956,0.0,0.064,0.248,TUN
15118,1957,0.0,0.068,0.287,TUN
15119,1958,0.0,0.086,0.368,TUN
15120,1959,1.0,0.098,0.388,TUN
15121,1960,1.0,0.194,0.442,TUN
15122,1961,1.0,0.194,0.442,TUN
15123,1962,1.0,0.194,0.443,TUN
15124,1963,1.0,0.193,0.448,TUN
15125,1964,1.0,0.193,0.455,TUN
15126,1965,1.0,0.188,0.455,TUN
15127,1966,1.0,0.188,0.455,TUN
15128,1967,1.0,0.188,0.455,TUN
15129,1968,1.0,0.188,0.455,TUN
15130,1969,1.0,0.188,0.455,TUN
15131,1970,1.0,0.188,0.455,TUN
15132,1971,1.0,0.188,0.455,TUN
15133,1972,1.0,0.188,0.455,TUN
15134,1973,1.0,0.188,0.455,TUN
15135,1974,1.0,0.187,0.455,TUN
15136,1975,1.0,0.188,0.455,TUN
15137,1976,1.0,0.189,0.459,TUN
15138,1977,1.0,0.191,0.459,TUN
15139,1978,1.0,0.191,0.459,TUN
15140,1979,1.0,0.191,0.459,TUN
15141,1980,1.0,0.193,0.483,TUN
15142,1981,1.0,0.195,0.483,TUN
15143,1982,1.0,0.196,0.483,TUN
15144,1983,1.0,0.199,0.483,TUN
15145,1984,1.0,0.199,0.483,TUN
15146,1985,1.0,0.197,0.483,TUN
15147,1986,1.0,0.197,0.483,TUN
15148,1987,1.0,0.182,0.483,TUN
15149,1988,0.0,0.114,0.267,TUN
15150,1989,1.0,0.125,0.267,TUN
15151,1990,1.0,0.198,0.27,TUN
15152,1991,1.0,0.198,0.27,TUN
15153,1992,1.0,0.197,0.27,TUN
15154,1993,1.0,0.194,0.27,TUN
15155,1994,1.0,0.189,0.27,TUN
15156,1995,1.0,0.188,0.27,TUN
15157,1996,1.0,0.188,0.27,TUN
15158,1997,1.0,0.188,0.27,TUN
15159,1998,1.0,0.188,0.27,TUN
15160,1999,1.0,0.188,0.27,TUN
15161,2000,1.0,0.189,0.27,TUN
15162,2001,1.0,0.189,0.27,TUN
15163,2002,1.0,0.191,0.27,TUN
15164,2003,1.0,0.191,0.27,TUN
15165,2004,1.0,0.189,0.27,TUN
15166,2005,1.0,0.191,0.27,TUN
15167,2006,1.0,0.191,0.27,TUN
15168,2007,1.0,0.191,0.27,TUN
15169,2008,1.0,0.191,0.27,TUN
15170,2009,1.0,0.191,0.268,TUN
15171,2010,1.0,0.194,0.306,TUN
15172,2011,1.0,0.327,0.576,TUN
15173,2012,2.0,0.767,0.839,TUN
15174,2013,2.0,0.761,0.832,TUN
15175,2014,2.0,0.746,0.853,TUN
15176,2015,2.0,0.726,0.867,TUN
15177,2016,2.0,0.726,0.864,TUN
15178,2017,2.0,0.724,0.877,TUN
15179,2018,2.0,0.726,0.877,TUN
15180,2019,2.0,0.721,0.88,TUN
15181,2020,2.0,0.707,0.883,TUN
15182,2021,2.0,0.532,0.825,TUN
15183,2022,1.0,0.283,0.504,TUN
15184,2023,1.0,0.461,0.546,TUN
15347,1950,1.0,0.337,0.424,TUR
15348,1951,1.0,0.405,0.461,TUR
15349,1952,1.0,0.401,0.465,TUR
15350,1953,1.0,0.403,0.472,TUR
15351,1954,1.0,0.393,0.487,TUR
15352,1955,1.0,0.392,0.446,TUR
15353,1956,1.0,0.352,0.453,TUR
15354,1957,1.0,0.351,0.453,TUR
15355,1958,1.0,0.35,0.453,TUR
15356,1959,1.0,0.35,0.453,TUR
15357,1960,0.0,0.225,0.356,TUR
15358,1961,0.0,0.194,0.329,TUR
15359,1962,0.0,0.288,0.621,TUR
15360,1963,0.0,0.299,0.65,TUR
15361,1964,0.0,0.313,0.651,TUR
15362,1965,0.0,0.321,0.663,TUR
15363,1966,2.0,0.519,0.654,TUR
15364,1967,2.0,0.576,0.654,TUR
15365,1968,2.0,0.576,0.654,TUR
15366,1969,2.0,0.576,0.654,TUR
15367,1970,2.0,0.547,0.632,TUR
15368,1971,1.0,0.482,0.501,TUR
15369,1972,2.0,0.503,0.499,TUR
15370,1973,2.0,0.523,0.52,TUR
15371,1974,2.0,0.572,0.623,TUR
15372,1975,2.0,0.572,0.623,TUR
15373,1976,2.0,0.572,0.624,TUR
15374,1977,2.0,0.571,0.614,TUR
15375,1978,2.0,0.57,0.612,TUR
15376,1979,2.0,0.57,0.615,TUR
15377,1980,1.0,0.34,0.429,TUR
15378,1981,0.0,0.114,0.186,TUR
15379,1982,0.0,0.114,0.205,TUR
15380,1983,1.0,0.147,0.451,TUR
15381,1984,1.0,0.406,0.602,TUR
15382,1985,1.0,0.406,0.602,TUR
15383,1986,1.0,0.418,0.595,TUR
15384,1987,1.0,0.428,0.589,TUR
15385,1988,1.0,0.492,0.591,TUR
15386,1989,1.0,0.492,0.591,TUR
15387,1990,2.0,0.518,0.62,TUR
15388,1991,2.0,0.522,0.644,TUR
15389,1992,2.0,0.542,0.644,TUR
15390,1993,2.0,0.539,0.644,TUR
15391,1994,2.0,0.539,0.644,TUR
15392,1995,2.0,0.545,0.644,TUR
15393,1996,2.0,0.549,0.654,TUR
15394,1997,2.0,0.553,0.68,TUR
15395,1998,2.0,0.552,0.675,TUR
15396,1999,2.0,0.577,0.685,TUR
15397,2000,2.0,0.592,0.693,TUR
15398,2001,2.0,0.593,0.7,TUR
15399,2002,2.0,0.638,0.748,TUR
15400,2003,2.0,0.653,0.75,TUR
15401,2004,2.0,0.663,0.745,TUR
15402,2005,2.0,0.646,0.739,TUR
15403,2006,2.0,0.646,0.74,TUR
15404,2007,2.0,0.62,0.731,TUR
15405,2008,2.0,0.558,0.712,TUR
15406,2009,2.0,0.551,0.713,TUR
15407,2010,2.0,0.534,0.64,TUR
15408,2011,2.0,0.52,0.631,TUR
15409,2012,2.0,0.512,0.626,TUR
15410,2013,1.0,0.47,0.55,TUR
15411,2014,1.0,0.429,0.507,TUR
15412,2015,1.0,0.387,0.49,TUR
15413,2016,1.0,0.305,0.325,TUR
15414,2017,1.0,0.29,0.214,TUR
15415,2018,1.0,0.297,0.222,TUR
15416,2019,1.0,0.293,0.237,TUR
15417,2020,1.0,0.291,0.25,TUR
15418,2021,1.0,0.285,0.255,TUR
15419,2022,1.0,0.286,0.248,TUR
15420,2023,1.0,0.285,0.242,TUR
15422,1990,0.0,0.378,0.495,UKR
15423,1991,1.0,0.435,0.533,UKR
15424,1992,2.0,0.534,0.542,UKR
15425,1993,2.0,0.537,0.601,UKR
15426,1994,2.0,0.549,0.578,UKR
15427,1995,2.0,0.549,0.514,UKR
15428,1996,2.0,0.554,0.509,UKR
15429,1997,2.0,0.53,0.483,UKR
15430,1998,1.0,0.45,0.48,UKR
15431,1999,1.0,0.424,0.477,UKR
15432,2000,1.0,0.384,0.481,UKR
15433,2001,1.0,0.384,0.495,UKR
15434,2002,1.0,0.391,0.511,UKR
15435,2003,1.0,0.396,0.558,UKR
15436,2004,1.0,0.387,0.593,UKR
15437,2005,1.0,0.456,0.55,UKR
15438,2006,2.0,0.58,0.59,UKR
15439,2007,2.0,0.604,0.598,UKR
15440,2008,2.0,0.609,0.584,UKR
15441,2009,2.0,0.613,0.59,UKR
15442,2010,1.0,0.49,0.448,UKR
15443,2011,1.0,0.485,0.439,UKR
15444,2012,1.0,0.483,0.433,UKR
15445,2013,1.0,0.464,0.441,UKR
15446,2014,1.0,0.417,0.398,UKR
15447,2015,1.0,0.421,0.426,UKR
15448,2016,1.0,0.434,0.441,UKR
15449,2017,1.0,0.431,0.455,UKR
15450,2018,1.0,0.433,0.465,UKR
15451,2019,2.0,0.525,0.521,UKR
15452,2020,2.0,0.546,0.512,UKR
15453,2021,2.0,0.539,0.521,UKR
15454,2022,1.0,0.389,0.489,UKR
15455,2023,1.0,0.387,0.498,UKR
15618,1950,3.0,0.814,0.868,GBR
15619,1951,3.0,0.814,0.868,GBR
15620,1952,3.0,0.812,0.867,GBR
15621,1953,3.0,0.812,0.867,GBR
15622,1954,3.0,0.812,0.867,GBR
15623,1955,3.0,0.811,0.867,GBR
15624,1956,3.0,0.81,0.867,GBR
15625,1957,3.0,0.81,0.867,GBR
15626,1958,3.0,0.81,0.867,GBR
15627,1959,3.0,0.81,0.867,GBR
15628,1960,3.0,0.81,0.867,GBR
15629,1961,3.0,0.81,0.866,GBR
15630,1962,3.0,0.81,0.866,GBR
15631,1963,3.0,0.81,0.866,GBR
15632,1964,3.0,0.813,0.891,GBR
15633,1965,3.0,0.825,0.892,GBR
15634,1966,3.0,0.827,0.892,GBR
15635,1967,3.0,0.833,0.892,GBR
15636,1968,3.0,0.82,0.891,GBR
15637,1969,3.0,0.82,0.892,GBR
15638,1970,3.0,0.826,0.893,GBR
15639,1971,3.0,0.826,0.899,GBR
15640,1972,3.0,0.826,0.899,GBR
15641,1973,3.0,0.826,0.899,GBR
15642,1974,3.0,0.825,0.906,GBR
15643,1975,3.0,0.824,0.906,GBR
15644,1976,3.0,0.824,0.906,GBR
15645,1977,3.0,0.824,0.906,GBR
15646,1978,3.0,0.824,0.906,GBR
15647,1979,3.0,0.818,0.897,GBR
15648,1980,3.0,0.809,0.905,GBR
15649,1981,3.0,0.809,0.92,GBR
15650,1982,3.0,0.809,0.92,GBR
15651,1983,3.0,0.808,0.92,GBR
15652,1984,3.0,0.808,0.92,GBR
15653,1985,3.0,0.808,0.92,GBR
15654,1986,3.0,0.808,0.92,GBR
15655,1987,3.0,0.809,0.92,GBR
15656,1988,3.0,0.811,0.92,GBR
15657,1989,3.0,0.811,0.92,GBR
15658,1990,3.0,0.821,0.926,GBR
15659,1991,3.0,0.821,0.926,GBR
15660,1992,3.0,0.818,0.926,GBR
15661,1993,3.0,0.817,0.931,GBR
15662,1994,3.0,0.817,0.935,GBR
15663,1995,3.0,0.817,0.935,GBR
15664,1996,3.0,0.817,0.935,GBR
15665,1997,3.0,0.813,0.933,GBR
15666,1998,3.0,0.814,0.936,GBR
15667,1999,3.0,0.837,0.939,GBR
15668,2000,3.0,0.85,0.938,GBR
15669,2001,3.0,0.859,0.935,GBR
15670,2002,3.0,0.863,0.939,GBR
15671,2003,3.0,0.863,0.939,GBR
15672,2004,3.0,0.863,0.939,GBR
15673,2005,3.0,0.865,0.939,GBR
15674,2006,3.0,0.867,0.938,GBR
15675,2007,3.0,0.867,0.937,GBR
15676,2008,3.0,0.867,0.937,GBR
15677,2009,3.0,0.867,0.937,GBR
15678,2010,3.0,0.866,0.936,GBR
15679,2011,3.0,0.867,0.937,GBR
15680,2012,3.0,0.867,0.935,GBR
15681,2013,3.0,0.866,0.931,GBR
15682,2014,3.0,0.866,0.931,GBR
15683,2015,3.0,0.858,0.931,GBR
15684,2016,3.0,0.856,0.931,GBR
15685,2017,3.0,0.867,0.936,GBR
15686,2018,3.0,0.874,0.936,GBR
15687,2019,3.0,0.855,0.93,GBR
15688,2020,3.0,0.87,0.927,GBR
15689,2021,3.0,0.859,0.917,GBR
15690,2022,3.0,0.842,0.918,GBR
15691,2023,3.0,0.847,0.911,GBR
15818,1950,2.0,0.78,0.835,URY
15819,1951,2.0,0.782,0.836,URY
15820,1952,2.0,0.782,0.836,URY
15821,1953,2.0,0.782,0.849,URY
15822,1954,2.0,0.782,0.849,URY
15823,1955,2.0,0.785,0.849,URY
15824,1956,2.0,0.79,0.849,URY
15825,1957,2.0,0.79,0.848,URY
15826,1958,2.0,0.791,0.848,URY
15827,1959,2.0,0.796,0.848,URY
15828,1960,2.0,0.796,0.842,URY
15829,1961,2.0,0.796,0.842,URY
15830,1962,2.0,0.795,0.842,URY
15831,1963,2.0,0.767,0.842,URY
15832,1964,2.0,0.762,0.842,URY
15833,1965,2.0,0.759,0.841,URY
15834,1966,2.0,0.759,0.847,URY
15835,1967,2.0,0.738,0.846,URY
15836,1968,2.0,0.627,0.765,URY
15837,1969,2.0,0.616,0.765,URY
15838,1970,2.0,0.589,0.712,URY
15839,1971,2.0,0.555,0.699,URY
15840,1972,1.0,0.492,0.635,URY
15841,1973,0.0,0.173,0.174,URY
15842,1974,0.0,0.099,0.143,URY
15843,1975,0.0,0.099,0.143,URY
15844,1976,0.0,0.093,0.143,URY
15845,1977,0.0,0.093,0.136,URY
15846,1978,0.0,0.093,0.136,URY
15847,1979,0.0,0.094,0.136,URY
15848,1980,0.0,0.105,0.138,URY
15849,1981,0.0,0.105,0.138,URY
15850,1982,0.0,0.111,0.138,URY
15851,1983,0.0,0.111,0.138,URY
15852,1984,1.0,0.129,0.164,URY
15853,1985,3.0,0.687,0.83,URY
15854,1986,3.0,0.819,0.849,URY
15855,1987,3.0,0.819,0.9,URY
15856,1988,3.0,0.819,0.9,URY
15857,1989,3.0,0.82,0.9,URY
15858,1990,3.0,0.841,0.922,URY
15859,1991,3.0,0.841,0.922,URY
15860,1992,3.0,0.841,0.922,URY
15861,1993,3.0,0.841,0.922,URY
15862,1994,3.0,0.842,0.921,URY
15863,1995,3.0,0.87,0.921,URY
15864,1996,3.0,0.87,0.925,URY
15865,1997,3.0,0.87,0.921,URY
15866,1998,3.0,0.877,0.927,URY
15867,1999,3.0,0.876,0.927,URY
15868,2000,3.0,0.874,0.922,URY
15869,2001,3.0,0.874,0.931,URY
15870,2002,3.0,0.874,0.931,URY
15871,2003,3.0,0.874,0.907,URY
15872,2004,3.0,0.875,0.933,URY
15873,2005,3.0,0.889,0.931,URY
15874,2006,3.0,0.892,0.931,URY
15875,2007,3.0,0.892,0.931,URY
15876,2008,3.0,0.892,0.928,URY
15877,2009,3.0,0.894,0.928,URY
15878,2010,3.0,0.912,0.93,URY
15879,2011,3.0,0.912,0.93,URY
15880,2012,3.0,0.912,0.93,URY
15881,2013,3.0,0.912,0.928,URY
15882,2014,3.0,0.911,0.93,URY
15883,2015,3.0,0.897,0.933,URY
15884,2016,3.0,0.897,0.933,URY
15885,2017,3.0,0.889,0.936,URY
15886,2018,3.0,0.9,0.937,URY
15887,2019,3.0,0.898,0.937,URY
15888,2020,3.0,0.87,0.944,URY
15889,2021,3.0,0.857,0.936,URY
15890,2022,3.0,0.819,0.927,URY
15891,2023,3.0,0.834,0.92,URY
15943,1950,0.0,0.093,0.35,DZA
15944,1951,0.0,0.093,0.35,DZA
15945,1952,0.0,0.105,0.347,DZA
15946,1953,0.0,0.076,0.35,DZA
15947,1954,0.0,0.078,0.344,DZA
15948,1955,0.0,0.089,0.339,DZA
15949,1956,0.0,0.083,0.181,DZA
15950,1957,0.0,0.075,0.12,DZA
15951,1958,0.0,0.075,0.12,DZA
15952,1959,0.0,0.075,0.12,DZA
15953,1960,0.0,0.075,0.12,DZA
15954,1961,0.0,0.075,0.12,DZA
15955,1962,1.0,0.077,0.143,DZA
15956,1963,1.0,0.192,0.264,DZA
15957,1964,1.0,0.187,0.264,DZA
15958,1965,1.0,0.132,0.245,DZA
15959,1966,0.0,0.085,0.223,DZA
15960,1967,0.0,0.085,0.223,DZA
15961,1968,0.0,0.085,0.223,DZA
15962,1969,0.0,0.085,0.223,DZA
15963,1970,0.0,0.085,0.223,DZA
15964,1971,0.0,0.085,0.223,DZA
15965,1972,0.0,0.085,0.223,DZA
15966,1973,0.0,0.085,0.223,DZA
15967,1974,0.0,0.085,0.223,DZA
15968,1975,0.0,0.085,0.223,DZA
15969,1976,0.0,0.089,0.223,DZA
15970,1977,0.0,0.19,0.308,DZA
15971,1978,0.0,0.195,0.286,DZA
15972,1979,0.0,0.194,0.29,DZA
15973,1980,0.0,0.196,0.302,DZA
15974,1981,0.0,0.196,0.304,DZA
15975,1982,0.0,0.205,0.304,DZA
15976,1983,0.0,0.207,0.304,DZA
15977,1984,0.0,0.207,0.304,DZA
15978,1985,0.0,0.207,0.31,DZA
15979,1986,0.0,0.207,0.31,DZA
15980,1987,0.0,0.207,0.31,DZA
15981,1988,0.0,0.206,0.318,DZA
15982,1989,0.0,0.224,0.332,DZA
15983,1990,0.0,0.352,0.318,DZA
15984,1991,0.0,0.351,0.296,DZA
15985,1992,0.0,0.188,0.222,DZA
15986,1993,0.0,0.175,0.231,DZA
15987,1994,0.0,0.182,0.292,DZA
15988,1995,1.0,0.188,0.323,DZA
15989,1996,1.0,0.336,0.323,DZA
15990,1997,1.0,0.325,0.323,DZA
15991,1998,1.0,0.319,0.323,DZA
15992,1999,1.0,0.329,0.337,DZA
15993,2000,1.0,0.323,0.332,DZA
15994,2001,1.0,0.323,0.332,DZA
15995,2002,1.0,0.327,0.332,DZA
15996,2003,1.0,0.332,0.332,DZA
15997,2004,1.0,0.333,0.332,DZA
15998,2005,1.0,0.333,0.339,DZA
15999,2006,1.0,0.333,0.339,DZA
16000,2007,1.0,0.329,0.339,DZA
16001,2008,1.0,0.329,0.339,DZA
16002,2009,1.0,0.325,0.339,DZA
16003,2010,1.0,0.322,0.34,DZA
16004,2011,1.0,0.326,0.341,DZA
16005,2012,1.0,0.327,0.351,DZA
16006,2013,1.0,0.324,0.358,DZA
16007,2014,1.0,0.323,0.365,DZA
16008,2015,1.0,0.327,0.368,DZA
16009,2016,1.0,0.303,0.367,DZA
16010,2017,1.0,0.307,0.354,DZA
16011,2018,1.0,0.307,0.358,DZA
16012,2019,1.0,0.288,0.341,DZA
16013,2020,1.0,0.278,0.356,DZA
16014,2021,1.0,0.277,0.315,DZA
16015,2022,1.0,0.267,0.269,DZA
16016,2023,1.0,0.265,0.273,DZA
16068,1950,0.0,0.009,0.134,AGO
16069,1951,0.0,0.009,0.134,AGO
16070,1952,0.0,0.009,0.134,AGO
16071,1953,0.0,0.009,0.134,AGO
16072,1954,0.0,0.009,0.134,AGO
16073,1955,0.0,0.009,0.134,AGO
16074,1956,0.0,0.009,0.134,AGO
16075,1957,0.0,0.009,0.134,AGO
16076,1958,0.0,0.009,0.134,AGO
16077,1959,0.0,0.009,0.134,AGO
16078,1960,0.0,0.009,0.134,AGO
16079,1961,0.0,0.009,0.134,AGO
16080,1962,0.0,0.009,0.134,AGO
16081,1963,0.0,0.009,0.134,AGO
16082,1964,0.0,0.009,0.134,AGO
16083,1965,0.0,0.009,0.134,AGO
16084,1966,0.0,0.009,0.134,AGO
16085,1967,0.0,0.009,0.134,AGO
16086,1968,0.0,0.009,0.135,AGO
16087,1969,0.0,0.009,0.139,AGO
16088,1970,0.0,0.009,0.139,AGO
16089,1971,0.0,0.009,0.139,AGO
16090,1972,0.0,0.009,0.139,AGO
16091,1973,0.0,0.021,0.171,AGO
16092,1974,0.0,0.021,0.17,AGO
16093,1975,0.0,0.073,0.149,AGO
16094,1976,0.0,0.074,0.163,AGO
16095,1977,0.0,0.073,0.163,AGO
16096,1978,0.0,0.073,0.163,AGO
16097,1979,0.0,0.073,0.162,AGO
16098,1980,0.0,0.073,0.164,AGO
16099,1981,0.0,0.073,0.164,AGO
16100,1982,0.0,0.073,0.164,AGO
16101,1983,0.0,0.073,0.164,AGO
16102,1984,0.0,0.073,0.164,AGO
16103,1985,0.0,0.073,0.164,AGO
16104,1986,0.0,0.074,0.164,AGO
16105,1987,0.0,0.074,0.164,AGO
16106,1988,0.0,0.074,0.164,AGO
16107,1989,0.0,0.074,0.164,AGO
16108,1990,0.0,0.076,0.181,AGO
16109,1991,0.0,0.083,0.194,AGO
16110,1992,1.0,0.146,0.23,AGO
16111,1993,0.0,0.155,0.225,AGO
16112,1994,0.0,0.155,0.225,AGO
16113,1995,0.0,0.155,0.224,AGO
16114,1996,0.0,0.155,0.224,AGO
16115,1997,0.0,0.155,0.224,AGO
16116,1998,0.0,0.155,0.224,AGO
16117,1999,0.0,0.155,0.224,AGO
16118,2000,0.0,0.155,0.227,AGO
16119,2001,0.0,0.155,0.237,AGO
16120,2002,0.0,0.16,0.24,AGO
16121,2003,0.0,0.167,0.251,AGO
16122,2004,0.0,0.167,0.258,AGO
16123,2005,0.0,0.169,0.259,AGO
16124,2006,0.0,0.169,0.259,AGO
16125,2007,0.0,0.169,0.264,AGO
16126,2008,0.0,0.182,0.268,AGO
16127,2009,0.0,0.211,0.271,AGO
16128,2010,1.0,0.214,0.264,AGO
16129,2011,1.0,0.296,0.264,AGO
16130,2012,1.0,0.294,0.267,AGO
16131,2013,1.0,0.292,0.269,AGO
16132,2014,1.0,0.292,0.269,AGO
16133,2015,1.0,0.292,0.269,AGO
16134,2016,1.0,0.294,0.27,AGO
16135,2017,1.0,0.309,0.31,AGO
16136,2018,1.0,0.352,0.327,AGO
16137,2019,1.0,0.348,0.333,AGO
16138,2020,1.0,0.335,0.341,AGO
16139,2021,1.0,0.326,0.329,AGO
16140,2022,1.0,0.327,0.333,AGO
16141,2023,1.0,0.33,0.333,AGO
16143,1990,2.0,0.566,0.513,ARM
16144,1991,2.0,0.609,0.494,ARM
16145,1992,2.0,0.615,0.474,ARM
16146,1993,2.0,0.606,0.467,ARM
16147,1994,2.0,0.587,0.468,ARM
16148,1995,1.0,0.49,0.471,ARM
16149,1996,1.0,0.422,0.464,ARM
16150,1997,1.0,0.39,0.46,ARM
16151,1998,1.0,0.404,0.425,ARM
16152,1999,1.0,0.413,0.402,ARM
16153,2000,1.0,0.415,0.397,ARM
16154,2001,1.0,0.417,0.407,ARM
16155,2002,1.0,0.407,0.395,ARM
16156,2003,1.0,0.352,0.404,ARM
16157,2004,1.0,0.343,0.402,ARM
16158,2005,1.0,0.344,0.413,ARM
16159,2006,1.0,0.339,0.413,ARM
16160,2007,1.0,0.347,0.412,ARM
16161,2008,1.0,0.316,0.401,ARM
16162,2009,1.0,0.318,0.416,ARM
16163,2010,1.0,0.33,0.429,ARM
16164,2011,1.0,0.334,0.429,ARM
16165,2012,1.0,0.352,0.441,ARM
16166,2013,1.0,0.349,0.456,ARM
16167,2014,1.0,0.343,0.455,ARM
16168,2015,1.0,0.345,0.456,ARM
16169,2016,1.0,0.349,0.456,ARM
16170,2017,1.0,0.382,0.46,ARM
16171,2018,2.0,0.522,0.734,ARM
16172,2019,2.0,0.793,0.762,ARM
16173,2020,2.0,0.779,0.712,ARM
16174,2021,2.0,0.726,0.71,ARM
16175,2022,2.0,0.65,0.631,ARM
16176,2023,2.0,0.635,0.609,ARM
16178,1990,0.0,0.173,0.227,AZE
16179,1991,1.0,0.18,0.273,AZE
16180,1992,1.0,0.364,0.442,AZE
16181,1993,1.0,0.311,0.303,AZE
16182,1994,1.0,0.252,0.191,AZE
16183,1995,1.0,0.251,0.182,AZE
16184,1996,1.0,0.24,0.191,AZE
16185,1997,1.0,0.242,0.191,AZE
16186,1998,1.0,0.245,0.182,AZE
16187,1999,1.0,0.24,0.178,AZE
16188,2000,1.0,0.246,0.184,AZE
16189,2001,1.0,0.242,0.184,AZE
16190,2002,1.0,0.24,0.184,AZE
16191,2003,1.0,0.238,0.168,AZE
16192,2004,1.0,0.223,0.179,AZE
16193,2005,1.0,0.222,0.171,AZE
16194,2006,1.0,0.219,0.171,AZE
16195,2007,1.0,0.216,0.171,AZE
16196,2008,1.0,0.214,0.171,AZE
16197,2009,1.0,0.212,0.172,AZE
16198,2010,1.0,0.211,0.164,AZE
16199,2011,1.0,0.209,0.16,AZE
16200,2012,1.0,0.207,0.16,AZE
16201,2013,1.0,0.202,0.166,AZE
16202,2014,1.0,0.195,0.158,AZE
16203,2015,1.0,0.194,0.157,AZE
16204,2016,1.0,0.199,0.143,AZE
16205,2017,1.0,0.199,0.164,AZE
16206,2018,1.0,0.192,0.139,AZE
16207,2019,1.0,0.193,0.152,AZE
16208,2020,1.0,0.193,0.161,AZE
16209,2021,1.0,0.194,0.162,AZE
16210,2022,1.0,0.185,0.155,AZE
16211,2023,1.0,0.187,0.157,AZE
16213,1990,1.0,0.458,0.695,BLR
16214,1991,1.0,0.491,0.708,BLR
16215,1992,2.0,0.56,0.765,BLR
16216,1993,2.0,0.552,0.77,BLR
16217,1994,2.0,0.547,0.712,BLR
16218,1995,1.0,0.496,0.665,BLR
16219,1996,1.0,0.442,0.376,BLR
16220,1997,1.0,0.366,0.251,BLR
16221,1998,1.0,0.344,0.248,BLR
16222,1999,1.0,0.328,0.21,BLR
16223,2000,1.0,0.297,0.218,BLR
16224,2001,1.0,0.246,0.248,BLR
16225,2002,1.0,0.242,0.241,BLR
16226,2003,1.0,0.241,0.237,BLR
16227,2004,1.0,0.241,0.236,BLR
16228,2005,1.0,0.233,0.237,BLR
16229,2006,1.0,0.227,0.24,BLR
16230,2007,1.0,0.225,0.245,BLR
16231,2008,1.0,0.226,0.246,BLR
16232,2009,1.0,0.228,0.246,BLR
16233,2010,1.0,0.227,0.242,BLR
16234,2011,1.0,0.216,0.244,BLR
16235,2012,1.0,0.221,0.239,BLR
16236,2013,1.0,0.242,0.238,BLR
16237,2014,1.0,0.245,0.238,BLR
16238,2015,1.0,0.25,0.24,BLR
16239,2016,1.0,0.256,0.254,BLR
16240,2017,1.0,0.256,0.258,BLR
16241,2018,1.0,0.257,0.266,BLR
16242,2019,1.0,0.26,0.262,BLR
16243,2020,1.0,0.211,0.082,BLR
16244,2021,1.0,0.173,0.071,BLR
16245,2022,1.0,0.172,0.075,BLR
16246,2023,1.0,0.157,0.078,BLR
16248,1961,1.0,0.16,0.204,CMR
16249,1962,1.0,0.16,0.204,CMR
16250,1963,1.0,0.16,0.204,CMR
16251,1964,1.0,0.16,0.204,CMR
16252,1965,1.0,0.16,0.204,CMR
16253,1966,1.0,0.157,0.204,CMR
16254,1967,1.0,0.157,0.204,CMR
16255,1968,1.0,0.157,0.204,CMR
16256,1969,1.0,0.157,0.204,CMR
16257,1970,1.0,0.157,0.204,CMR
16258,1971,1.0,0.157,0.202,CMR
16259,1972,1.0,0.157,0.211,CMR
16260,1973,1.0,0.157,0.206,CMR
16261,1974,1.0,0.156,0.207,CMR
16262,1975,1.0,0.158,0.208,CMR
16263,1976,1.0,0.158,0.208,CMR
16264,1977,1.0,0.158,0.209,CMR
16265,1978,1.0,0.158,0.209,CMR
16266,1979,1.0,0.157,0.205,CMR
16267,1980,1.0,0.163,0.238,CMR
16268,1981,1.0,0.163,0.238,CMR
16269,1982,1.0,0.169,0.27,CMR
16270,1983,1.0,0.177,0.287,CMR
16271,1984,1.0,0.177,0.302,CMR
16272,1985,1.0,0.179,0.299,CMR
16273,1986,1.0,0.179,0.299,CMR
16274,1987,1.0,0.179,0.299,CMR
16275,1988,1.0,0.179,0.299,CMR
16276,1989,1.0,0.18,0.299,CMR
16277,1990,1.0,0.246,0.324,CMR
16278,1991,1.0,0.263,0.335,CMR
16279,1992,1.0,0.291,0.335,CMR
16280,1993,1.0,0.29,0.351,CMR
16281,1994,1.0,0.29,0.354,CMR
16282,1995,1.0,0.288,0.356,CMR
16283,1996,1.0,0.288,0.358,CMR
16284,1997,1.0,0.292,0.353,CMR
16285,1998,1.0,0.294,0.356,CMR
16286,1999,1.0,0.294,0.356,CMR
16287,2000,1.0,0.306,0.367,CMR
16288,2001,1.0,0.306,0.37,CMR
16289,2002,1.0,0.31,0.365,CMR
16290,2003,1.0,0.313,0.365,CMR
16291,2004,1.0,0.314,0.368,CMR
16292,2005,1.0,0.317,0.347,CMR
16293,2006,1.0,0.317,0.347,CMR
16294,2007,1.0,0.316,0.346,CMR
16295,2008,1.0,0.317,0.34,CMR
16296,2009,1.0,0.317,0.346,CMR
16297,2010,1.0,0.319,0.339,CMR
16298,2011,1.0,0.321,0.342,CMR
16299,2012,1.0,0.325,0.355,CMR
16300,2013,1.0,0.321,0.33,CMR
16301,2014,1.0,0.329,0.33,CMR
16302,2015,1.0,0.326,0.33,CMR
16303,2016,1.0,0.308,0.316,CMR
16304,2017,1.0,0.3,0.303,CMR
16305,2018,1.0,0.294,0.282,CMR
16306,2019,1.0,0.283,0.273,CMR
16307,2020,1.0,0.287,0.291,CMR
16308,2021,1.0,0.285,0.288,CMR
16309,2022,1.0,0.291,0.321,CMR
16310,2023,1.0,0.29,0.289,CMR
16342,1950,0.0,0.14,0.197,TCD
16343,1951,0.0,0.14,0.197,TCD
16344,1952,0.0,0.146,0.19,TCD
16345,1953,0.0,0.145,0.19,TCD
16346,1954,0.0,0.145,0.19,TCD
16347,1955,0.0,0.145,0.19,TCD
16348,1956,0.0,0.145,0.19,TCD
16349,1957,1.0,0.246,0.19,TCD
16350,1958,1.0,0.274,0.191,TCD
16351,1959,1.0,0.271,0.215,TCD
16352,1960,1.0,0.213,0.287,TCD
16353,1961,1.0,0.257,0.287,TCD
16354,1962,1.0,0.208,0.287,TCD
16355,1963,1.0,0.193,0.287,TCD
16356,1964,1.0,0.194,0.274,TCD
16357,1965,1.0,0.194,0.258,TCD
16358,1966,1.0,0.194,0.253,TCD
16359,1967,1.0,0.194,0.241,TCD
16360,1968,1.0,0.193,0.241,TCD
16361,1969,0.0,0.192,0.241,TCD
16362,1970,0.0,0.194,0.241,TCD
16363,1971,0.0,0.194,0.241,TCD
16364,1972,0.0,0.188,0.241,TCD
16365,1973,0.0,0.188,0.241,TCD
16366,1974,0.0,0.188,0.241,TCD
16367,1975,0.0,0.117,0.192,TCD
16368,1976,0.0,0.091,0.165,TCD
16369,1977,0.0,0.091,0.165,TCD
16370,1978,0.0,0.091,0.165,TCD
16371,1979,0.0,0.091,0.162,TCD
16372,1980,0.0,0.09,0.096,TCD
16373,1981,0.0,0.09,0.09,TCD
16374,1982,0.0,0.08,0.096,TCD
16375,1983,0.0,0.08,0.113,TCD
16376,1984,0.0,0.08,0.113,TCD
16377,1985,0.0,0.08,0.113,TCD
16378,1986,0.0,0.08,0.113,TCD
16379,1987,0.0,0.08,0.113,TCD
16380,1988,0.0,0.08,0.113,TCD
16381,1989,0.0,0.08,0.113,TCD
16382,1990,0.0,0.126,0.125,TCD
16383,1991,0.0,0.169,0.147,TCD
16384,1992,0.0,0.174,0.147,TCD
16385,1993,0.0,0.174,0.193,TCD
16386,1994,0.0,0.174,0.212,TCD
16387,1995,0.0,0.174,0.212,TCD
16388,1996,1.0,0.224,0.197,TCD
16389,1997,1.0,0.282,0.197,TCD
16390,1998,1.0,0.283,0.197,TCD
16391,1999,1.0,0.283,0.197,TCD
16392,2000,1.0,0.285,0.197,TCD
16393,2001,1.0,0.282,0.197,TCD
16394,2002,1.0,0.28,0.197,TCD
16395,2003,1.0,0.28,0.197,TCD
16396,2004,1.0,0.282,0.197,TCD
16397,2005,1.0,0.281,0.197,TCD
16398,2006,1.0,0.281,0.196,TCD
16399,2007,1.0,0.277,0.197,TCD
16400,2008,1.0,0.28,0.195,TCD
16401,2009,1.0,0.28,0.199,TCD
16402,2010,1.0,0.283,0.205,TCD
16403,2011,1.0,0.283,0.204,TCD
16404,2012,1.0,0.281,0.204,TCD
16405,2013,1.0,0.279,0.192,TCD
16406,2014,1.0,0.278,0.186,TCD
16407,2015,1.0,0.281,0.187,TCD
16408,2016,1.0,0.281,0.187,TCD
16409,2017,1.0,0.267,0.172,TCD
16410,2018,1.0,0.267,0.153,TCD
16411,2019,1.0,0.273,0.179,TCD
16412,2020,1.0,0.27,0.183,TCD
16413,2021,1.0,0.177,0.13,TCD
16414,2022,0.0,0.146,0.101,TCD
16415,2023,0.0,0.147,0.135,TCD
16578,1950,0.0,0.075,0.098,CHN
16579,1951,0.0,0.075,0.098,CHN
16580,1952,0.0,0.075,0.098,CHN
16581,1953,0.0,0.075,0.098,CHN
16582,1954,0.0,0.074,0.132,CHN
16583,1955,0.0,0.074,0.133,CHN
16584,1956,0.0,0.073,0.131,CHN
16585,1957,0.0,0.07,0.123,CHN
16586,1958,0.0,0.07,0.121,CHN
16587,1959,0.0,0.07,0.122,CHN
16588,1960,0.0,0.07,0.122,CHN
16589,1961,0.0,0.07,0.122,CHN
16590,1962,0.0,0.07,0.123,CHN
16591,1963,0.0,0.07,0.123,CHN
16592,1964,0.0,0.07,0.123,CHN
16593,1965,0.0,0.07,0.121,CHN
16594,1966,0.0,0.071,0.115,CHN
16595,1967,0.0,0.071,0.114,CHN
16596,1968,0.0,0.071,0.114,CHN
16597,1969,0.0,0.069,0.114,CHN
16598,1970,0.0,0.068,0.114,CHN
16599,1971,0.0,0.068,0.114,CHN
16600,1972,0.0,0.068,0.114,CHN
16601,1973,0.0,0.07,0.114,CHN
16602,1974,0.0,0.07,0.114,CHN
16603,1975,0.0,0.07,0.115,CHN
16604,1976,0.0,0.07,0.115,CHN
16605,1977,0.0,0.069,0.121,CHN
16606,1978,0.0,0.076,0.143,CHN
16607,1979,0.0,0.093,0.196,CHN
16608,1980,0.0,0.098,0.215,CHN
16609,1981,0.0,0.098,0.22,CHN
16610,1982,0.0,0.098,0.22,CHN
16611,1983,0.0,0.098,0.22,CHN
16612,1984,0.0,0.098,0.22,CHN
16613,1985,0.0,0.098,0.22,CHN
16614,1986,0.0,0.103,0.22,CHN
16615,1987,0.0,0.104,0.22,CHN
16616,1988,0.0,0.104,0.22,CHN
16617,1989,0.0,0.101,0.213,CHN
16618,1990,0.0,0.094,0.213,CHN
16619,1991,0.0,0.094,0.213,CHN
16620,1992,0.0,0.097,0.217,CHN
16621,1993,0.0,0.101,0.22,CHN
16622,1994,0.0,0.101,0.219,CHN
16623,1995,0.0,0.102,0.222,CHN
16624,1996,0.0,0.102,0.224,CHN
16625,1997,0.0,0.102,0.227,CHN
16626,1998,0.0,0.102,0.229,CHN
16627,1999,0.0,0.102,0.225,CHN
16628,2000,0.0,0.101,0.227,CHN
16629,2001,0.0,0.101,0.231,CHN
16630,2002,0.0,0.102,0.241,CHN
16631,2003,0.0,0.102,0.244,CHN
16632,2004,0.0,0.103,0.244,CHN
16633,2005,0.0,0.094,0.185,CHN
16634,2006,0.0,0.094,0.183,CHN
16635,2007,0.0,0.094,0.182,CHN
16636,2008,0.0,0.095,0.185,CHN
16637,2009,0.0,0.094,0.189,CHN
16638,2010,0.0,0.094,0.182,CHN
16639,2011,0.0,0.094,0.18,CHN
16640,2012,0.0,0.094,0.184,CHN
16641,2013,0.0,0.086,0.18,CHN
16642,2014,0.0,0.084,0.175,CHN
16643,2015,0.0,0.082,0.176,CHN
16644,2016,0.0,0.08,0.173,CHN
16645,2017,0.0,0.078,0.169,CHN
16646,2018,0.0,0.077,0.168,CHN
16647,2019,0.0,0.075,0.16,CHN
16648,2020,0.0,0.075,0.14,CHN
16649,2021,0.0,0.077,0.143,CHN
16650,2022,0.0,0.075,0.146,CHN
16651,2023,0.0,0.074,0.124,CHN
16703,1950,0.0,0.009,0.172,COD
16704,1951,0.0,0.01,0.172,COD
16705,1952,0.0,0.01,0.172,COD
16706,1953,0.0,0.01,0.172,COD
16707,1954,0.0,0.01,0.172,COD
16708,1955,0.0,0.02,0.172,COD
16709,1956,0.0,0.02,0.172,COD
16710,1957,0.0,0.024,0.172,COD
16711,1958,0.0,0.032,0.172,COD
16712,1959,0.0,0.037,0.172,COD
16713,1960,1.0,0.226,0.29,COD
16714,1961,1.0,0.287,0.394,COD
16715,1962,1.0,0.287,0.397,COD
16716,1963,1.0,0.287,0.348,COD
16717,1964,1.0,0.287,0.323,COD
16718,1965,0.0,0.206,0.289,COD
16719,1966,0.0,0.095,0.189,COD
16720,1967,0.0,0.106,0.131,COD
16721,1968,0.0,0.104,0.131,COD
16722,1969,0.0,0.104,0.131,COD
16723,1970,0.0,0.102,0.08,COD
16724,1971,0.0,0.148,0.075,COD
16725,1972,0.0,0.148,0.075,COD
16726,1973,0.0,0.148,0.075,COD
16727,1974,0.0,0.148,0.073,COD
16728,1975,0.0,0.148,0.073,COD
16729,1976,0.0,0.147,0.073,COD
16730,1977,0.0,0.147,0.071,COD
16731,1978,0.0,0.148,0.08,COD
16732,1979,0.0,0.148,0.081,COD
16733,1980,0.0,0.15,0.082,COD
16734,1981,0.0,0.15,0.082,COD
16735,1982,0.0,0.15,0.077,COD
16736,1983,0.0,0.15,0.077,COD
16737,1984,0.0,0.15,0.077,COD
16738,1985,0.0,0.15,0.077,COD
16739,1986,0.0,0.15,0.077,COD
16740,1987,0.0,0.151,0.077,COD
16741,1988,0.0,0.152,0.079,COD
16742,1989,0.0,0.152,0.079,COD
16743,1990,0.0,0.179,0.132,COD
16744,1991,0.0,0.201,0.132,COD
16745,1992,0.0,0.203,0.127,COD
16746,1993,0.0,0.173,0.076,COD
16747,1994,0.0,0.176,0.076,COD
16748,1995,0.0,0.176,0.077,COD
16749,1996,0.0,0.176,0.078,COD
16750,1997,0.0,0.128,0.064,COD
16751,1998,0.0,0.148,0.094,COD
16752,1999,0.0,0.15,0.108,COD
16753,2000,0.0,0.151,0.148,COD
16754,2001,0.0,0.159,0.15,COD
16755,2002,0.0,0.165,0.15,COD
16756,2003,0.0,0.183,0.243,COD
16757,2004,0.0,0.188,0.28,COD
16758,2005,0.0,0.199,0.28,COD
16759,2006,1.0,0.256,0.293,COD
16760,2007,1.0,0.365,0.283,COD
16761,2008,1.0,0.367,0.283,COD
16762,2009,1.0,0.369,0.3,COD
16763,2010,1.0,0.361,0.301,COD
16764,2011,1.0,0.353,0.301,COD
16765,2012,1.0,0.328,0.297,COD
16766,2013,1.0,0.32,0.262,COD
16767,2014,1.0,0.327,0.267,COD
16768,2015,1.0,0.32,0.259,COD
16769,2016,1.0,0.312,0.261,COD
16770,2017,1.0,0.312,0.236,COD
16771,2018,1.0,0.315,0.245,COD
16772,2019,1.0,0.346,0.282,COD
16773,2020,1.0,0.353,0.302,COD
16774,2021,1.0,0.346,0.282,COD
16775,2022,1.0,0.345,0.307,COD
16776,2023,1.0,0.336,0.258,COD
16825,1950,0.0,0.099,0.356,COG
16826,1951,0.0,0.106,0.356,COG
16827,1952,0.0,0.106,0.356,COG
16828,1953,0.0,0.106,0.358,COG
16829,1954,0.0,0.106,0.358,COG
16830,1955,0.0,0.106,0.358,COG
16831,1956,0.0,0.11,0.358,COG
16832,1957,1.0,0.178,0.36,COG
16833,1958,1.0,0.189,0.336,COG
16834,1959,1.0,0.182,0.339,COG
16835,1960,1.0,0.249,0.501,COG
16836,1961,1.0,0.302,0.482,COG
16837,1962,1.0,0.291,0.483,COG
16838,1963,1.0,0.229,0.489,COG
16839,1964,0.0,0.132,0.307,COG
16840,1965,0.0,0.132,0.307,COG
16841,1966,0.0,0.132,0.307,COG
16842,1967,0.0,0.132,0.307,COG
16843,1968,0.0,0.088,0.196,COG
16844,1969,0.0,0.088,0.192,COG
16845,1970,0.0,0.087,0.071,COG
16846,1971,0.0,0.087,0.071,COG
16847,1972,0.0,0.087,0.071,COG
16848,1973,0.0,0.1,0.089,COG
16849,1974,0.0,0.111,0.105,COG
16850,1975,0.0,0.112,0.104,COG
16851,1976,0.0,0.114,0.104,COG
16852,1977,0.0,0.09,0.069,COG
16853,1978,0.0,0.089,0.062,COG
16854,1979,0.0,0.1,0.085,COG
16855,1980,0.0,0.114,0.094,COG
16856,1981,0.0,0.114,0.094,COG
16857,1982,0.0,0.114,0.094,COG
16858,1983,0.0,0.114,0.094,COG
16859,1984,0.0,0.114,0.094,COG
16860,1985,0.0,0.113,0.094,COG
16861,1986,0.0,0.112,0.094,COG
16862,1987,0.0,0.113,0.094,COG
16863,1988,0.0,0.113,0.094,COG
16864,1989,0.0,0.113,0.094,COG
16865,1990,0.0,0.156,0.188,COG
16866,1991,0.0,0.253,0.48,COG
16867,1992,1.0,0.335,0.42,COG
16868,1993,1.0,0.462,0.571,COG
16869,1994,1.0,0.449,0.571,COG
16870,1995,1.0,0.449,0.573,COG
16871,1996,1.0,0.449,0.594,COG
16872,1997,1.0,0.246,0.134,COG
16873,1998,0.0,0.164,0.237,COG
16874,1999,0.0,0.164,0.228,COG
16875,2000,0.0,0.161,0.227,COG
16876,2001,0.0,0.16,0.227,COG
16877,2002,1.0,0.208,0.227,COG
16878,2003,1.0,0.257,0.227,COG
16879,2004,1.0,0.257,0.227,COG
16880,2005,1.0,0.257,0.227,COG
16881,2006,1.0,0.257,0.227,COG
16882,2007,1.0,0.255,0.227,COG
16883,2008,1.0,0.254,0.227,COG
16884,2009,1.0,0.256,0.22,COG
16885,2010,1.0,0.256,0.216,COG
16886,2011,1.0,0.256,0.216,COG
16887,2012,1.0,0.255,0.216,COG
16888,2013,1.0,0.251,0.252,COG
16889,2014,1.0,0.251,0.252,COG
16890,2015,1.0,0.251,0.255,COG
16891,2016,1.0,0.25,0.25,COG
16892,2017,1.0,0.252,0.249,COG
16893,2018,1.0,0.26,0.268,COG
16894,2019,1.0,0.25,0.251,COG
16895,2020,1.0,0.255,0.298,COG
16896,2021,1.0,0.255,0.284,COG
16897,2022,1.0,0.243,0.29,COG
16898,2023,1.0,0.253,0.301,COG
16950,1950,0.0,0.048,0.099,DJI
16951,1951,0.0,0.048,0.099,DJI
16952,1952,0.0,0.054,0.099,DJI
16953,1953,0.0,0.054,0.099,DJI
16954,1954,0.0,0.054,0.099,DJI
16955,1955,0.0,0.054,0.099,DJI
16956,1956,0.0,0.054,0.099,DJI
16957,1957,0.0,0.102,0.099,DJI
16958,1958,0.0,0.102,0.099,DJI
16959,1959,0.0,0.102,0.099,DJI
16960,1960,0.0,0.103,0.1,DJI
16961,1961,0.0,0.103,0.1,DJI
16962,1962,0.0,0.103,0.1,DJI
16963,1963,0.0,0.103,0.1,DJI
16964,1964,0.0,0.105,0.1,DJI
16965,1965,0.0,0.105,0.1,DJI
16966,1966,0.0,0.105,0.1,DJI
16967,1967,0.0,0.103,0.097,DJI
16968,1968,0.0,0.106,0.106,DJI
16969,1969,0.0,0.106,0.106,DJI
16970,1970,0.0,0.103,0.106,DJI
16971,1971,0.0,0.102,0.094,DJI
16972,1972,0.0,0.1,0.094,DJI
16973,1973,0.0,0.1,0.094,DJI
16974,1974,0.0,0.099,0.098,DJI
16975,1975,0.0,0.099,0.098,DJI
16976,1976,0.0,0.099,0.098,DJI
16977,1977,1.0,0.132,0.134,DJI
16978,1978,1.0,0.181,0.226,DJI
16979,1979,1.0,0.181,0.233,DJI
16980,1980,1.0,0.18,0.236,DJI
16981,1981,0.0,0.181,0.236,DJI
16982,1982,0.0,0.179,0.236,DJI
16983,1983,0.0,0.179,0.236,DJI
16984,1984,0.0,0.179,0.236,DJI
16985,1985,0.0,0.179,0.236,DJI
16986,1986,0.0,0.179,0.236,DJI
16987,1987,1.0,0.18,0.236,DJI
16988,1988,1.0,0.18,0.236,DJI
16989,1989,1.0,0.18,0.236,DJI
16990,1990,1.0,0.178,0.247,DJI
16991,1991,1.0,0.176,0.235,DJI
16992,1992,1.0,0.227,0.271,DJI
16993,1993,1.0,0.239,0.276,DJI
16994,1994,1.0,0.239,0.276,DJI
16995,1995,1.0,0.239,0.276,DJI
16996,1996,1.0,0.239,0.276,DJI
16997,1997,1.0,0.24,0.276,DJI
16998,1998,1.0,0.247,0.288,DJI
16999,1999,1.0,0.245,0.288,DJI
17000,2000,1.0,0.254,0.289,DJI
17001,2001,1.0,0.255,0.289,DJI
17002,2002,1.0,0.266,0.288,DJI
17003,2003,1.0,0.262,0.287,DJI
17004,2004,1.0,0.265,0.287,DJI
17005,2005,1.0,0.25,0.287,DJI
17006,2006,1.0,0.244,0.287,DJI
17007,2007,1.0,0.244,0.287,DJI
17008,2008,1.0,0.242,0.287,DJI
17009,2009,1.0,0.241,0.287,DJI
17010,2010,1.0,0.241,0.287,DJI
17011,2011,1.0,0.245,0.287,DJI
17012,2012,1.0,0.246,0.287,DJI
17013,2013,1.0,0.243,0.287,DJI
17014,2014,1.0,0.243,0.287,DJI
17015,2015,1.0,0.243,0.287,DJI
17016,2016,1.0,0.243,0.287,DJI
17017,2017,1.0,0.247,0.272,DJI
17018,2018,1.0,0.254,0.274,DJI
17019,2019,1.0,0.252,0.308,DJI
17020,2020,1.0,0.25,0.307,DJI
17021,2021,1.0,0.251,0.306,DJI
17022,2022,1.0,0.253,0.306,DJI
17023,2023,1.0,0.25,0.304,DJI
17165,1950,0.0,0.15,0.067,DOM
17166,1951,0.0,0.149,0.067,DOM
17167,1952,0.0,0.15,0.067,DOM
17168,1953,0.0,0.15,0.067,DOM
17169,1954,0.0,0.15,0.067,DOM
17170,1955,0.0,0.15,0.067,DOM
17171,1956,0.0,0.151,0.067,DOM
17172,1957,0.0,0.15,0.067,DOM
17173,1958,0.0,0.15,0.067,DOM
17174,1959,0.0,0.152,0.067,DOM
17175,1960,0.0,0.147,0.069,DOM
17176,1961,0.0,0.16,0.115,DOM
17177,1962,1.0,0.171,0.184,DOM
17178,1963,1.0,0.363,0.446,DOM
17179,1964,0.0,0.156,0.189,DOM
17180,1965,0.0,0.148,0.286,DOM
17181,1966,1.0,0.194,0.15,DOM
17182,1967,1.0,0.264,0.159,DOM
17183,1968,1.0,0.264,0.17,DOM
17184,1969,1.0,0.264,0.17,DOM
17185,1970,1.0,0.265,0.168,DOM
17186,1971,1.0,0.267,0.168,DOM
17187,1972,1.0,0.267,0.168,DOM
17188,1973,1.0,0.267,0.168,DOM
17189,1974,1.0,0.267,0.168,DOM
17190,1975,1.0,0.272,0.168,DOM
17191,1976,1.0,0.272,0.168,DOM
17192,1977,1.0,0.272,0.169,DOM
17193,1978,1.0,0.358,0.284,DOM
17194,1979,1.0,0.467,0.478,DOM
17195,1980,1.0,0.464,0.485,DOM
17196,1981,1.0,0.464,0.485,DOM
17197,1982,2.0,0.502,0.485,DOM
17198,1983,2.0,0.524,0.453,DOM
17199,1984,2.0,0.522,0.45,DOM
17200,1985,2.0,0.522,0.45,DOM
17201,1986,2.0,0.518,0.41,DOM
17202,1987,2.0,0.508,0.383,DOM
17203,1988,2.0,0.505,0.374,DOM
17204,1989,2.0,0.505,0.381,DOM
17205,1990,1.0,0.453,0.392,DOM
17206,1991,1.0,0.424,0.392,DOM
17207,1992,1.0,0.424,0.392,DOM
17208,1993,1.0,0.424,0.39,DOM
17209,1994,1.0,0.424,0.368,DOM
17210,1995,1.0,0.441,0.376,DOM
17211,1996,2.0,0.538,0.39,DOM
17212,1997,2.0,0.614,0.452,DOM
17213,1998,2.0,0.634,0.452,DOM
17214,1999,2.0,0.641,0.452,DOM
17215,2000,2.0,0.657,0.455,DOM
17216,2001,2.0,0.664,0.439,DOM
17217,2002,2.0,0.66,0.431,DOM
17218,2003,2.0,0.658,0.427,DOM
17219,2004,2.0,0.644,0.43,DOM
17220,2005,2.0,0.636,0.438,DOM
17221,2006,2.0,0.637,0.438,DOM
17222,2007,2.0,0.635,0.448,DOM
17223,2008,2.0,0.632,0.448,DOM
17224,2009,2.0,0.631,0.448,DOM
17225,2010,2.0,0.614,0.466,DOM
17226,2011,2.0,0.606,0.438,DOM
17227,2012,2.0,0.601,0.448,DOM
17228,2013,2.0,0.598,0.428,DOM
17229,2014,2.0,0.598,0.424,DOM
17230,2015,2.0,0.576,0.424,DOM
17231,2016,2.0,0.553,0.433,DOM
17232,2017,2.0,0.541,0.422,DOM
17233,2018,2.0,0.547,0.429,DOM
17234,2019,2.0,0.541,0.44,DOM
17235,2020,2.0,0.643,0.55,DOM
17236,2021,2.0,0.687,0.588,DOM
17237,2022,2.0,0.683,0.58,DOM
17238,2023,2.0,0.683,0.565,DOM
17290,1950,0.0,0.119,0.285,ERI
17291,1951,0.0,0.119,0.285,ERI
17292,1952,0.0,0.125,0.245,ERI
17293,1953,0.0,0.076,0.314,ERI
17294,1954,0.0,0.077,0.314,ERI
17295,1955,0.0,0.077,0.314,ERI
17296,1956,0.0,0.136,0.314,ERI
17297,1957,0.0,0.125,0.314,ERI
17298,1958,0.0,0.12,0.314,ERI
17299,1959,0.0,0.12,0.314,ERI
17300,1960,0.0,0.111,0.254,ERI
17301,1961,0.0,0.111,0.239,ERI
17302,1962,0.0,0.105,0.134,ERI
17303,1963,0.0,0.086,0.078,ERI
17304,1964,0.0,0.085,0.078,ERI
17305,1965,0.0,0.087,0.078,ERI
17306,1966,0.0,0.086,0.078,ERI
17307,1967,0.0,0.086,0.074,ERI
17308,1968,0.0,0.085,0.074,ERI
17309,1969,0.0,0.085,0.074,ERI
17310,1970,0.0,0.083,0.072,ERI
17311,1971,0.0,0.083,0.072,ERI
17312,1972,0.0,0.083,0.072,ERI
17313,1973,0.0,0.082,0.068,ERI
17314,1974,0.0,0.076,0.033,ERI
17315,1975,0.0,0.073,0.028,ERI
17316,1976,0.0,0.073,0.026,ERI
17317,1977,0.0,0.073,0.025,ERI
17318,1978,0.0,0.073,0.024,ERI
17319,1979,0.0,0.073,0.024,ERI
17320,1980,0.0,0.073,0.021,ERI
17321,1981,0.0,0.073,0.021,ERI
17322,1982,0.0,0.073,0.021,ERI
17323,1983,0.0,0.073,0.021,ERI
17324,1984,0.0,0.073,0.021,ERI
17325,1985,0.0,0.073,0.021,ERI
17326,1986,0.0,0.073,0.021,ERI
17327,1987,0.0,0.072,0.021,ERI
17328,1988,0.0,0.072,0.021,ERI
17329,1989,0.0,0.072,0.023,ERI
17330,1990,0.0,0.076,0.041,ERI
17331,1991,0.0,0.084,0.09,ERI
17332,1992,0.0,0.096,0.135,ERI
17333,1993,0.0,0.1,0.114,ERI
17334,1994,0.0,0.103,0.115,ERI
17335,1995,0.0,0.103,0.112,ERI
17336,1996,0.0,0.103,0.11,ERI
17337,1997,0.0,0.132,0.11,ERI
17338,1998,0.0,0.122,0.093,ERI
17339,1999,0.0,0.122,0.086,ERI
17340,2000,0.0,0.121,0.07,ERI
17341,2001,0.0,0.103,0.038,ERI
17342,2002,0.0,0.084,0.022,ERI
17343,2003,0.0,0.068,0.009,ERI
17344,2004,0.0,0.068,0.009,ERI
17345,2005,0.0,0.068,0.008,ERI
17346,2006,0.0,0.068,0.008,ERI
17347,2007,0.0,0.067,0.007,ERI
17348,2008,0.0,0.067,0.007,ERI
17349,2009,0.0,0.068,0.007,ERI
17350,2010,0.0,0.068,0.007,ERI
17351,2011,0.0,0.068,0.007,ERI
17352,2012,0.0,0.068,0.007,ERI
17353,2013,0.0,0.07,0.011,ERI
17354,2014,0.0,0.07,0.011,ERI
17355,2015,0.0,0.069,0.011,ERI
17356,2016,0.0,0.069,0.01,ERI
17357,2017,0.0,0.068,0.012,ERI
17358,2018,0.0,0.069,0.014,ERI
17359,2019,0.0,0.07,0.02,ERI
17360,2020,0.0,0.069,0.025,ERI
17361,2021,0.0,0.072,0.027,ERI
17362,2022,0.0,0.072,0.032,ERI
17363,2023,0.0,0.069,0.024,ERI
17405,1950,0.0,0.095,0.209,GAB
17406,1951,0.0,0.102,0.209,GAB
17407,1952,0.0,0.098,0.209,GAB
17408,1953,0.0,0.097,0.209,GAB
17409,1954,0.0,0.097,0.209,GAB
17410,1955,0.0,0.097,0.212,GAB
17411,1956,0.0,0.097,0.212,GAB
17412,1957,0.0,0.146,0.212,GAB
17413,1958,0.0,0.149,0.243,GAB
17414,1959,0.0,0.149,0.243,GAB
17415,1960,1.0,0.179,0.319,GAB
17416,1961,1.0,0.211,0.319,GAB
17417,1962,1.0,0.211,0.32,GAB
17418,1963,1.0,0.211,0.32,GAB
17419,1964,1.0,0.138,0.241,GAB
17420,1965,0.0,0.135,0.299,GAB
17421,1966,0.0,0.129,0.299,GAB
17422,1967,0.0,0.133,0.297,GAB
17423,1968,0.0,0.174,0.31,GAB
17424,1969,0.0,0.174,0.31,GAB
17425,1970,0.0,0.187,0.304,GAB
17426,1971,0.0,0.187,0.301,GAB
17427,1972,0.0,0.187,0.301,GAB
17428,1973,1.0,0.185,0.301,GAB
17429,1974,1.0,0.185,0.301,GAB
17430,1975,1.0,0.185,0.301,GAB
17431,1976,1.0,0.185,0.301,GAB
17432,1977,1.0,0.185,0.301,GAB
17433,1978,1.0,0.185,0.301,GAB
17434,1979,1.0,0.186,0.301,GAB
17435,1980,1.0,0.184,0.305,GAB
17436,1981,1.0,0.182,0.305,GAB
17437,1982,1.0,0.182,0.305,GAB
17438,1983,1.0,0.182,0.305,GAB
17439,1984,1.0,0.182,0.305,GAB
17440,1985,0.0,0.183,0.305,GAB
17441,1986,0.0,0.183,0.305,GAB
17442,1987,0.0,0.182,0.305,GAB
17443,1988,0.0,0.182,0.305,GAB
17444,1989,0.0,0.182,0.305,GAB
17445,1990,1.0,0.22,0.45,GAB
17446,1991,1.0,0.309,0.457,GAB
17447,1992,1.0,0.324,0.468,GAB
17448,1993,1.0,0.324,0.468,GAB
17449,1994,1.0,0.331,0.468,GAB
17450,1995,1.0,0.331,0.468,GAB
17451,1996,1.0,0.332,0.462,GAB
17452,1997,1.0,0.342,0.462,GAB
17453,1998,1.0,0.342,0.462,GAB
17454,1999,1.0,0.342,0.462,GAB
17455,2000,1.0,0.342,0.452,GAB
17456,2001,1.0,0.345,0.452,GAB
17457,2002,1.0,0.347,0.452,GAB
17458,2003,1.0,0.347,0.452,GAB
17459,2004,1.0,0.347,0.452,GAB
17460,2005,1.0,0.347,0.452,GAB
17461,2006,1.0,0.351,0.452,GAB
17462,2007,1.0,0.353,0.452,GAB
17463,2008,1.0,0.353,0.452,GAB
17464,2009,1.0,0.356,0.452,GAB
17465,2010,1.0,0.372,0.437,GAB
17466,2011,1.0,0.372,0.437,GAB
17467,2012,1.0,0.367,0.468,GAB
17468,2013,1.0,0.373,0.488,GAB
17469,2014,1.0,0.373,0.488,GAB
17470,2015,1.0,0.373,0.488,GAB
17471,2016,1.0,0.378,0.488,GAB
17472,2017,1.0,0.396,0.48,GAB
17473,2018,1.0,0.386,0.436,GAB
17474,2019,1.0,0.382,0.414,GAB
17475,2020,1.0,0.373,0.415,GAB
17476,2021,1.0,0.373,0.42,GAB
17477,2022,1.0,0.368,0.435,GAB
17478,2023,1.0,0.329,0.427,GAB
17530,1950,0.0,0.16,0.463,GMB
17531,1951,0.0,0.16,0.463,GMB
17532,1952,0.0,0.158,0.463,GMB
17533,1953,0.0,0.158,0.464,GMB
17534,1954,0.0,0.159,0.464,GMB
17535,1955,0.0,0.16,0.464,GMB
17536,1956,0.0,0.16,0.467,GMB
17537,1957,0.0,0.16,0.467,GMB
17538,1958,0.0,0.16,0.467,GMB
17539,1959,0.0,0.16,0.467,GMB
17540,1960,0.0,0.228,0.473,GMB
17541,1961,0.0,0.229,0.511,GMB
17542,1962,1.0,0.285,0.531,GMB
17543,1963,1.0,0.325,0.532,GMB
17544,1964,1.0,0.325,0.534,GMB
17545,1965,1.0,0.324,0.583,GMB
17546,1966,1.0,0.431,0.603,GMB
17547,1967,1.0,0.444,0.603,GMB
17548,1968,1.0,0.444,0.603,GMB
17549,1969,1.0,0.444,0.603,GMB
17550,1970,1.0,0.494,0.646,GMB
17551,1971,1.0,0.494,0.649,GMB
17552,1972,1.0,0.475,0.649,GMB
17553,1973,1.0,0.469,0.649,GMB
17554,1974,1.0,0.469,0.649,GMB
17555,1975,1.0,0.469,0.649,GMB
17556,1976,1.0,0.469,0.649,GMB
17557,1977,1.0,0.458,0.645,GMB
17558,1978,1.0,0.456,0.645,GMB
17559,1979,1.0,0.456,0.645,GMB
17560,1980,1.0,0.455,0.645,GMB
17561,1981,1.0,0.451,0.628,GMB
17562,1982,1.0,0.454,0.628,GMB
17563,1983,1.0,0.457,0.635,GMB
17564,1984,1.0,0.457,0.637,GMB
17565,1985,1.0,0.461,0.641,GMB
17566,1986,1.0,0.461,0.641,GMB
17567,1987,1.0,0.471,0.641,GMB
17568,1988,1.0,0.473,0.641,GMB
17569,1989,1.0,0.473,0.641,GMB
17570,1990,1.0,0.473,0.643,GMB
17571,1991,1.0,0.473,0.643,GMB
17572,1992,1.0,0.467,0.643,GMB
17573,1993,1.0,0.443,0.643,GMB
17574,1994,1.0,0.207,0.389,GMB
17575,1995,0.0,0.1,0.258,GMB
17576,1996,1.0,0.13,0.258,GMB
17577,1997,1.0,0.248,0.321,GMB
17578,1998,1.0,0.258,0.322,GMB
17579,1999,1.0,0.26,0.317,GMB
17580,2000,1.0,0.257,0.309,GMB
17581,2001,1.0,0.256,0.308,GMB
17582,2002,1.0,0.257,0.302,GMB
17583,2003,1.0,0.258,0.296,GMB
17584,2004,1.0,0.258,0.289,GMB
17585,2005,1.0,0.258,0.289,GMB
17586,2006,1.0,0.253,0.284,GMB
17587,2007,1.0,0.243,0.29,GMB
17588,2008,1.0,0.243,0.287,GMB
17589,2009,1.0,0.243,0.287,GMB
17590,2010,1.0,0.242,0.287,GMB
17591,2011,1.0,0.243,0.287,GMB
17592,2012,1.0,0.243,0.284,GMB
17593,2013,1.0,0.24,0.259,GMB
17594,2014,1.0,0.242,0.26,GMB
17595,2015,1.0,0.242,0.265,GMB
17596,2016,1.0,0.249,0.265,GMB
17597,2017,2.0,0.5,0.733,GMB
17598,2018,2.0,0.533,0.749,GMB
17599,2019,2.0,0.526,0.774,GMB
17600,2020,1.0,0.496,0.781,GMB
17601,2021,2.0,0.503,0.792,GMB
17602,2022,2.0,0.626,0.785,GMB
17603,2023,2.0,0.64,0.795,GMB
17605,1990,1.0,0.311,0.276,GEO
17606,1991,1.0,0.325,0.288,GEO
17607,1992,1.0,0.256,0.242,GEO
17608,1993,1.0,0.354,0.309,GEO
17609,1994,1.0,0.361,0.322,GEO
17610,1995,1.0,0.363,0.372,GEO
17611,1996,1.0,0.38,0.431,GEO
17612,1997,1.0,0.377,0.426,GEO
17613,1998,1.0,0.379,0.445,GEO
17614,1999,1.0,0.377,0.454,GEO
17615,2000,1.0,0.372,0.432,GEO
17616,2001,1.0,0.38,0.432,GEO
17617,2002,1.0,0.38,0.432,GEO
17618,2003,1.0,0.38,0.461,GEO
17619,2004,2.0,0.553,0.586,GEO
17620,2005,2.0,0.555,0.627,GEO
17621,2006,2.0,0.553,0.636,GEO
17622,2007,2.0,0.542,0.633,GEO
17623,2008,1.0,0.498,0.625,GEO
17624,2009,1.0,0.498,0.626,GEO
17625,2010,2.0,0.501,0.625,GEO
17626,2011,2.0,0.505,0.627,GEO
17627,2012,2.0,0.517,0.647,GEO
17628,2013,2.0,0.618,0.702,GEO
17629,2014,2.0,0.667,0.714,GEO
17630,2015,2.0,0.669,0.729,GEO
17631,2016,2.0,0.682,0.732,GEO
17632,2017,2.0,0.674,0.715,GEO
17633,2018,2.0,0.664,0.762,GEO
17634,2019,2.0,0.625,0.743,GEO
17635,2020,2.0,0.618,0.737,GEO
17636,2021,2.0,0.604,0.724,GEO
17637,2022,2.0,0.606,0.739,GEO
17638,2023,2.0,0.583,0.752,GEO
17690,1950,0.0,0.007,0.05,GNB
17691,1951,0.0,0.007,0.05,GNB
17692,1952,0.0,0.007,0.05,GNB
17693,1953,0.0,0.007,0.05,GNB
17694,1954,0.0,0.007,0.05,GNB
17695,1955,0.0,0.007,0.05,GNB
17696,1956,0.0,0.009,0.05,GNB
17697,1957,0.0,0.009,0.05,GNB
17698,1958,0.0,0.009,0.05,GNB
17699,1959,0.0,0.009,0.05,GNB
17700,1960,0.0,0.012,0.049,GNB
17701,1961,0.0,0.012,0.05,GNB
17702,1962,0.0,0.012,0.05,GNB
17703,1963,0.0,0.012,0.05,GNB
17704,1964,0.0,0.012,0.05,GNB
17705,1965,0.0,0.012,0.05,GNB
17706,1966,0.0,0.012,0.05,GNB
17707,1967,0.0,0.012,0.05,GNB
17708,1968,0.0,0.012,0.05,GNB
17709,1969,0.0,0.012,0.05,GNB
17710,1970,0.0,0.012,0.049,GNB
17711,1971,0.0,0.012,0.049,GNB
17712,1972,0.0,0.012,0.095,GNB
17713,1973,0.0,0.08,0.087,GNB
17714,1974,0.0,0.113,0.162,GNB
17715,1975,0.0,0.115,0.179,GNB
17716,1976,0.0,0.115,0.179,GNB
17717,1977,0.0,0.126,0.179,GNB
17718,1978,0.0,0.126,0.179,GNB
17719,1979,0.0,0.126,0.179,GNB
17720,1980,0.0,0.121,0.17,GNB
17721,1981,0.0,0.094,0.152,GNB
17722,1982,0.0,0.094,0.152,GNB
17723,1983,0.0,0.094,0.152,GNB
17724,1984,0.0,0.094,0.152,GNB
17725,1985,0.0,0.094,0.152,GNB
17726,1986,0.0,0.094,0.157,GNB
17727,1987,0.0,0.094,0.157,GNB
17728,1988,0.0,0.094,0.157,GNB
17729,1989,0.0,0.094,0.157,GNB
17730,1990,0.0,0.101,0.16,GNB
17731,1991,0.0,0.101,0.16,GNB
17732,1992,0.0,0.131,0.174,GNB
17733,1993,0.0,0.159,0.245,GNB
17734,1994,1.0,0.25,0.368,GNB
17735,1995,1.0,0.36,0.456,GNB
17736,1996,1.0,0.36,0.456,GNB
17737,1997,1.0,0.36,0.451,GNB
17738,1998,1.0,0.358,0.456,GNB
17739,1999,1.0,0.362,0.445,GNB
17740,2000,1.0,0.425,0.449,GNB
17741,2001,1.0,0.432,0.464,GNB
17742,2002,1.0,0.438,0.472,GNB
17743,2003,1.0,0.376,0.435,GNB
17744,2004,1.0,0.373,0.469,GNB
17745,2005,1.0,0.452,0.513,GNB
17746,2006,1.0,0.449,0.52,GNB
17747,2007,1.0,0.449,0.519,GNB
17748,2008,1.0,0.402,0.475,GNB
17749,2009,1.0,0.451,0.518,GNB
17750,2010,1.0,0.444,0.521,GNB
17751,2011,1.0,0.447,0.517,GNB
17752,2012,1.0,0.326,0.391,GNB
17753,2013,0.0,0.288,0.527,GNB
17754,2014,1.0,0.439,0.54,GNB
17755,2015,2.0,0.501,0.534,GNB
17756,2016,2.0,0.503,0.529,GNB
17757,2017,2.0,0.5,0.53,GNB
17758,2018,2.0,0.514,0.556,GNB
17759,2019,2.0,0.531,0.566,GNB
17760,2020,2.0,0.535,0.563,GNB
17761,2021,2.0,0.536,0.552,GNB
17762,2022,1.0,0.381,0.346,GNB
17763,2023,1.0,0.43,0.439,GNB
17815,1950,0.0,0.305,0.602,JAM
17816,1951,0.0,0.305,0.602,JAM
17817,1952,0.0,0.306,0.602,JAM
17818,1953,1.0,0.422,0.618,JAM
17819,1954,1.0,0.482,0.625,JAM
17820,1955,1.0,0.49,0.633,JAM
17821,1956,2.0,0.526,0.633,JAM
17822,1957,2.0,0.526,0.633,JAM
17823,1958,2.0,0.526,0.633,JAM
17824,1959,2.0,0.515,0.633,JAM
17825,1960,2.0,0.51,0.659,JAM
17826,1961,2.0,0.51,0.659,JAM
17827,1962,2.0,0.549,0.711,JAM
17828,1963,2.0,0.553,0.714,JAM
17829,1964,2.0,0.553,0.714,JAM
17830,1965,2.0,0.548,0.712,JAM
17831,1966,2.0,0.548,0.712,JAM
17832,1967,2.0,0.524,0.701,JAM
17833,1968,2.0,0.519,0.701,JAM
17834,1969,2.0,0.519,0.701,JAM
17835,1970,2.0,0.524,0.718,JAM
17836,1971,2.0,0.524,0.718,JAM
17837,1972,2.0,0.526,0.722,JAM
17838,1973,2.0,0.517,0.74,JAM
17839,1974,2.0,0.515,0.738,JAM
17840,1975,2.0,0.513,0.737,JAM
17841,1976,2.0,0.514,0.737,JAM
17842,1977,1.0,0.479,0.737,JAM
17843,1978,1.0,0.47,0.737,JAM
17844,1979,1.0,0.478,0.737,JAM
17845,1980,2.0,0.503,0.733,JAM
17846,1981,1.0,0.478,0.737,JAM
17847,1982,1.0,0.478,0.737,JAM
17848,1983,1.0,0.481,0.737,JAM
17849,1984,2.0,0.534,0.737,JAM
17850,1985,2.0,0.537,0.737,JAM
17851,1986,2.0,0.537,0.737,JAM
17852,1987,2.0,0.537,0.737,JAM
17853,1988,2.0,0.537,0.745,JAM
17854,1989,2.0,0.56,0.745,JAM
17855,1990,2.0,0.577,0.757,JAM
17856,1991,2.0,0.577,0.757,JAM
17857,1992,2.0,0.577,0.759,JAM
17858,1993,2.0,0.62,0.759,JAM
17859,1994,2.0,0.638,0.759,JAM
17860,1995,2.0,0.641,0.759,JAM
17861,1996,2.0,0.645,0.759,JAM
17862,1997,2.0,0.651,0.759,JAM
17863,1998,2.0,0.678,0.759,JAM
17864,1999,2.0,0.678,0.759,JAM
17865,2000,2.0,0.683,0.813,JAM
17866,2001,2.0,0.683,0.813,JAM
17867,2002,2.0,0.706,0.813,JAM
17868,2003,2.0,0.751,0.827,JAM
17869,2004,2.0,0.751,0.827,JAM
17870,2005,2.0,0.756,0.837,JAM
17871,2006,2.0,0.763,0.837,JAM
17872,2007,2.0,0.767,0.842,JAM
17873,2008,2.0,0.776,0.842,JAM
17874,2009,2.0,0.776,0.842,JAM
17875,2010,2.0,0.776,0.844,JAM
17876,2011,2.0,0.773,0.846,JAM
17877,2012,2.0,0.785,0.85,JAM
17878,2013,2.0,0.801,0.848,JAM
17879,2014,2.0,0.801,0.848,JAM
17880,2015,2.0,0.801,0.848,JAM
17881,2016,2.0,0.809,0.848,JAM
17882,2017,2.0,0.815,0.862,JAM
17883,2018,2.0,0.811,0.847,JAM
17884,2019,3.0,0.814,0.869,JAM
17885,2020,2.0,0.814,0.867,JAM
17886,2021,2.0,0.806,0.863,JAM
17887,2022,2.0,0.803,0.874,JAM
17888,2023,2.0,0.803,0.85,JAM
17890,1990,1.0,0.246,0.375,KAZ
17891,1991,1.0,0.29,0.407,KAZ
17892,1992,1.0,0.303,0.412,KAZ
17893,1993,1.0,0.304,0.421,KAZ
17894,1994,1.0,0.303,0.397,KAZ
17895,1995,1.0,0.29,0.35,KAZ
17896,1996,1.0,0.285,0.313,KAZ
17897,1997,1.0,0.296,0.317,KAZ
17898,1998,1.0,0.289,0.317,KAZ
17899,1999,1.0,0.272,0.316,KAZ
17900,2000,1.0,0.272,0.313,KAZ
17901,2001,1.0,0.258,0.313,KAZ
17902,2002,1.0,0.252,0.315,KAZ
17903,2003,1.0,0.248,0.307,KAZ
17904,2004,1.0,0.246,0.313,KAZ
17905,2005,1.0,0.239,0.315,KAZ
17906,2006,1.0,0.244,0.317,KAZ
17907,2007,1.0,0.242,0.318,KAZ
17908,2008,1.0,0.242,0.322,KAZ
17909,2009,1.0,0.242,0.322,KAZ
17910,2010,1.0,0.238,0.319,KAZ
17911,2011,1.0,0.234,0.315,KAZ
17912,2012,1.0,0.235,0.291,KAZ
17913,2013,1.0,0.231,0.286,KAZ
17914,2014,1.0,0.232,0.283,KAZ
17915,2015,1.0,0.236,0.287,KAZ
17916,2016,1.0,0.245,0.292,KAZ
17917,2017,1.0,0.236,0.29,KAZ
17918,2018,1.0,0.234,0.279,KAZ
17919,2019,1.0,0.236,0.289,KAZ
17920,2020,1.0,0.24,0.301,KAZ
17921,2021,1.0,0.252,0.308,KAZ
17922,2022,1.0,0.265,0.341,KAZ
17923,2023,1.0,0.271,0.344,KAZ
17925,1990,0.0,0.257,0.364,KGZ
17926,1991,0.0,0.291,0.41,KGZ
17927,1992,0.0,0.351,0.45,KGZ
17928,1993,0.0,0.341,0.456,KGZ
17929,1994,0.0,0.32,0.447,KGZ
17930,1995,1.0,0.303,0.43,KGZ
17931,1996,1.0,0.294,0.427,KGZ
17932,1997,1.0,0.289,0.413,KGZ
17933,1998,1.0,0.29,0.423,KGZ
17934,1999,1.0,0.287,0.423,KGZ
17935,2000,1.0,0.288,0.418,KGZ
17936,2001,1.0,0.286,0.414,KGZ
17937,2002,1.0,0.285,0.411,KGZ
17938,2003,1.0,0.284,0.402,KGZ
17939,2004,1.0,0.284,0.402,KGZ
17940,2005,1.0,0.324,0.429,KGZ
17941,2006,1.0,0.333,0.441,KGZ
17942,2007,1.0,0.318,0.392,KGZ
17943,2008,1.0,0.305,0.369,KGZ
17944,2009,1.0,0.298,0.368,KGZ
17945,2010,1.0,0.383,0.553,KGZ
17946,2011,1.0,0.473,0.634,KGZ
17947,2012,1.0,0.459,0.619,KGZ
17948,2013,1.0,0.446,0.63,KGZ
17949,2014,1.0,0.445,0.628,KGZ
17950,2015,1.0,0.456,0.615,KGZ
17951,2016,1.0,0.452,0.594,KGZ
17952,2017,1.0,0.453,0.584,KGZ
17953,2018,1.0,0.467,0.628,KGZ
17954,2019,1.0,0.446,0.624,KGZ
17955,2020,1.0,0.39,0.539,KGZ
17956,2021,1.0,0.409,0.507,KGZ
17957,2022,1.0,0.379,0.499,KGZ
17958,2023,1.0,0.35,0.407,KGZ
18010,1950,1.0,0.19,0.348,LAO
18011,1951,1.0,0.201,0.348,LAO
18012,1952,1.0,0.202,0.348,LAO
18013,1953,1.0,0.212,0.335,LAO
18014,1954,1.0,0.216,0.334,LAO
18015,1955,1.0,0.23,0.325,LAO
18016,1956,1.0,0.229,0.325,LAO
18017,1957,1.0,0.265,0.351,LAO
18018,1958,1.0,0.314,0.351,LAO
18019,1959,1.0,0.295,0.351,LAO
18020,1960,1.0,0.27,0.335,LAO
18021,1961,1.0,0.217,0.31,LAO
18022,1962,1.0,0.217,0.31,LAO
18023,1963,1.0,0.216,0.31,LAO
18024,1964,1.0,0.22,0.306,LAO
18025,1965,1.0,0.166,0.306,LAO
18026,1966,1.0,0.169,0.306,LAO
18027,1967,1.0,0.238,0.306,LAO
18028,1968,1.0,0.238,0.306,LAO
18029,1969,1.0,0.238,0.306,LAO
18030,1970,1.0,0.24,0.306,LAO
18031,1971,1.0,0.238,0.306,LAO
18032,1972,1.0,0.234,0.306,LAO
18033,1973,1.0,0.234,0.306,LAO
18034,1974,1.0,0.23,0.306,LAO
18035,1975,1.0,0.129,0.197,LAO
18036,1976,0.0,0.069,0.199,LAO
18037,1977,0.0,0.069,0.2,LAO
18038,1978,0.0,0.069,0.2,LAO
18039,1979,0.0,0.069,0.2,LAO
18040,1980,0.0,0.069,0.2,LAO
18041,1981,0.0,0.069,0.2,LAO
18042,1982,0.0,0.069,0.2,LAO
18043,1983,0.0,0.069,0.2,LAO
18044,1984,0.0,0.069,0.2,LAO
18045,1985,0.0,0.069,0.2,LAO
18046,1986,0.0,0.069,0.208,LAO
18047,1987,0.0,0.069,0.21,LAO
18048,1988,0.0,0.069,0.21,LAO
18049,1989,1.0,0.113,0.262,LAO
18050,1990,1.0,0.116,0.259,LAO
18051,1991,0.0,0.085,0.254,LAO
18052,1992,0.0,0.085,0.237,LAO
18053,1993,0.0,0.085,0.25,LAO
18054,1994,0.0,0.085,0.254,LAO
18055,1995,0.0,0.085,0.255,LAO
18056,1996,0.0,0.085,0.258,LAO
18057,1997,0.0,0.086,0.258,LAO
18058,1998,0.0,0.087,0.258,LAO
18059,1999,0.0,0.087,0.26,LAO
18060,2000,0.0,0.087,0.259,LAO
18061,2001,0.0,0.087,0.259,LAO
18062,2002,0.0,0.091,0.258,LAO
18063,2003,0.0,0.091,0.259,LAO
18064,2004,0.0,0.091,0.259,LAO
18065,2005,0.0,0.091,0.259,LAO
18066,2006,0.0,0.091,0.26,LAO
18067,2007,0.0,0.091,0.261,LAO
18068,2008,0.0,0.091,0.261,LAO
18069,2009,0.0,0.091,0.261,LAO
18070,2010,0.0,0.091,0.261,LAO
18071,2011,0.0,0.09,0.261,LAO
18072,2012,0.0,0.09,0.261,LAO
18073,2013,0.0,0.091,0.263,LAO
18074,2014,0.0,0.091,0.263,LAO
18075,2015,0.0,0.09,0.263,LAO
18076,2016,0.0,0.094,0.263,LAO
18077,2017,0.0,0.125,0.267,LAO
18078,2018,0.0,0.126,0.255,LAO
18079,2019,0.0,0.127,0.317,LAO
18080,2020,0.0,0.126,0.257,LAO
18081,2021,0.0,0.134,0.307,LAO
18082,2022,0.0,0.134,0.343,LAO
18083,2023,0.0,0.132,0.3,LAO
18162,1951,0.0,0.06,0.286,LBY
18163,1952,0.0,0.071,0.392,LBY
18164,1953,0.0,0.067,0.401,LBY
18165,1954,0.0,0.067,0.417,LBY
18166,1955,0.0,0.067,0.456,LBY
18167,1956,0.0,0.102,0.456,LBY
18168,1957,0.0,0.103,0.456,LBY
18169,1958,0.0,0.103,0.456,LBY
18170,1959,0.0,0.103,0.456,LBY
18171,1960,0.0,0.105,0.456,LBY
18172,1961,0.0,0.105,0.456,LBY
18173,1962,0.0,0.105,0.456,LBY
18174,1963,0.0,0.136,0.456,LBY
18175,1964,0.0,0.136,0.453,LBY
18176,1965,0.0,0.14,0.454,LBY
18177,1966,0.0,0.142,0.454,LBY
18178,1967,0.0,0.141,0.454,LBY
18179,1968,0.0,0.141,0.447,LBY
18180,1969,0.0,0.087,0.263,LBY
18181,1970,0.0,0.072,0.097,LBY
18182,1971,0.0,0.072,0.091,LBY
18183,1972,0.0,0.072,0.091,LBY
18184,1973,0.0,0.072,0.091,LBY
18185,1974,0.0,0.072,0.117,LBY
18186,1975,0.0,0.072,0.086,LBY
18187,1976,0.0,0.072,0.086,LBY
18188,1977,0.0,0.072,0.212,LBY
18189,1978,0.0,0.072,0.161,LBY
18190,1979,0.0,0.072,0.162,LBY
18191,1980,0.0,0.072,0.162,LBY
18192,1981,0.0,0.072,0.162,LBY
18193,1982,0.0,0.072,0.162,LBY
18194,1983,0.0,0.072,0.162,LBY
18195,1984,0.0,0.072,0.162,LBY
18196,1985,0.0,0.072,0.162,LBY
18197,1986,0.0,0.072,0.164,LBY
18198,1987,0.0,0.072,0.164,LBY
18199,1988,0.0,0.072,0.164,LBY
18200,1989,0.0,0.072,0.164,LBY
18201,1990,0.0,0.072,0.164,LBY
18202,1991,0.0,0.072,0.164,LBY
18203,1992,0.0,0.072,0.166,LBY
18204,1993,0.0,0.072,0.166,LBY
18205,1994,0.0,0.072,0.166,LBY
18206,1995,0.0,0.072,0.162,LBY
18207,1996,0.0,0.072,0.162,LBY
18208,1997,0.0,0.072,0.162,LBY
18209,1998,0.0,0.072,0.162,LBY
18210,1999,0.0,0.072,0.162,LBY
18211,2000,0.0,0.072,0.162,LBY
18212,2001,0.0,0.072,0.162,LBY
18213,2002,0.0,0.072,0.162,LBY
18214,2003,0.0,0.072,0.145,LBY
18215,2004,0.0,0.072,0.145,LBY
18216,2005,0.0,0.072,0.145,LBY
18217,2006,0.0,0.072,0.145,LBY
18218,2007,0.0,0.072,0.146,LBY
18219,2008,0.0,0.072,0.145,LBY
18220,2009,0.0,0.072,0.145,LBY
18221,2010,0.0,0.072,0.152,LBY
18222,2011,0.0,0.176,0.16,LBY
18223,2012,1.0,0.33,0.475,LBY
18224,2013,2.0,0.541,0.466,LBY
18225,2014,0.0,0.28,0.444,LBY
18226,2015,0.0,0.284,0.426,LBY
18227,2016,0.0,0.284,0.425,LBY
18228,2017,0.0,0.273,0.422,LBY
18229,2018,0.0,0.267,0.384,LBY
18230,2019,0.0,0.265,0.374,LBY
18231,2020,0.0,0.265,0.369,LBY
18232,2021,0.0,0.218,0.346,LBY
18233,2022,0.0,0.207,0.299,LBY
18234,2023,0.0,0.196,0.29,LBY
18369,1950,0.0,0.05,0.265,MDG
18370,1951,0.0,0.05,0.265,MDG
18371,1952,0.0,0.056,0.265,MDG
18372,1953,0.0,0.056,0.265,MDG
18373,1954,0.0,0.056,0.265,MDG
18374,1955,0.0,0.056,0.265,MDG
18375,1956,0.0,0.063,0.265,MDG
18376,1957,0.0,0.132,0.265,MDG
18377,1958,0.0,0.132,0.268,MDG
18378,1959,0.0,0.136,0.26,MDG
18379,1960,0.0,0.15,0.307,MDG
18380,1961,1.0,0.18,0.321,MDG
18381,1962,1.0,0.254,0.321,MDG
18382,1963,1.0,0.254,0.321,MDG
18383,1964,1.0,0.254,0.321,MDG
18384,1965,1.0,0.25,0.321,MDG
18385,1966,1.0,0.249,0.321,MDG
18386,1967,1.0,0.249,0.321,MDG
18387,1968,1.0,0.249,0.321,MDG
18388,1969,1.0,0.249,0.321,MDG
18389,1970,1.0,0.249,0.322,MDG
18390,1971,1.0,0.254,0.322,MDG
18391,1972,0.0,0.191,0.242,MDG
18392,1973,0.0,0.148,0.257,MDG
18393,1974,0.0,0.148,0.257,MDG
18394,1975,1.0,0.151,0.244,MDG
18395,1976,1.0,0.201,0.243,MDG
18396,1977,1.0,0.2,0.237,MDG
18397,1978,1.0,0.199,0.237,MDG
18398,1979,1.0,0.199,0.237,MDG
18399,1980,1.0,0.198,0.237,MDG
18400,1981,1.0,0.2,0.249,MDG
18401,1982,1.0,0.2,0.249,MDG
18402,1983,1.0,0.197,0.248,MDG
18403,1984,1.0,0.196,0.248,MDG
18404,1985,1.0,0.2,0.248,MDG
18405,1986,1.0,0.2,0.256,MDG
18406,1987,1.0,0.205,0.258,MDG
18407,1988,1.0,0.213,0.258,MDG
18408,1989,1.0,0.219,0.258,MDG
18409,1990,1.0,0.234,0.279,MDG
18410,1991,1.0,0.249,0.383,MDG
18411,1992,1.0,0.285,0.347,MDG
18412,1993,1.0,0.442,0.456,MDG
18413,1994,2.0,0.557,0.602,MDG
18414,1995,2.0,0.557,0.562,MDG
18415,1996,2.0,0.549,0.561,MDG
18416,1997,2.0,0.508,0.441,MDG
18417,1998,2.0,0.509,0.427,MDG
18418,1999,2.0,0.508,0.427,MDG
18419,2000,2.0,0.503,0.44,MDG
18420,2001,1.0,0.498,0.452,MDG
18421,2002,1.0,0.427,0.459,MDG
18422,2003,1.0,0.488,0.438,MDG
18423,2004,1.0,0.488,0.445,MDG
18424,2005,1.0,0.488,0.45,MDG
18425,2006,1.0,0.48,0.45,MDG
18426,2007,1.0,0.488,0.453,MDG
18427,2008,1.0,0.497,0.454,MDG
18428,2009,1.0,0.276,0.216,MDG
18429,2010,0.0,0.226,0.193,MDG
18430,2011,0.0,0.226,0.264,MDG
18431,2012,0.0,0.226,0.263,MDG
18432,2013,1.0,0.252,0.319,MDG
18433,2014,1.0,0.449,0.385,MDG
18434,2015,1.0,0.469,0.43,MDG
18435,2016,1.0,0.474,0.43,MDG
18436,2017,1.0,0.473,0.44,MDG
18437,2018,1.0,0.492,0.468,MDG
18438,2019,1.0,0.494,0.425,MDG
18439,2020,2.0,0.501,0.417,MDG
18440,2021,1.0,0.494,0.415,MDG
18441,2022,1.0,0.497,0.415,MDG
18442,2023,1.0,0.479,0.4,MDG
18444,1990,1.0,0.424,0.629,MDA
18445,1991,1.0,0.461,0.649,MDA
18446,1992,1.0,0.498,0.686,MDA
18447,1993,2.0,0.504,0.688,MDA
18448,1994,2.0,0.57,0.671,MDA
18449,1995,2.0,0.587,0.65,MDA
18450,1996,2.0,0.586,0.65,MDA
18451,1997,2.0,0.59,0.65,MDA
18452,1998,2.0,0.582,0.71,MDA
18453,1999,2.0,0.583,0.75,MDA
18454,2000,2.0,0.575,0.73,MDA
18455,2001,2.0,0.505,0.623,MDA
18456,2002,1.0,0.499,0.703,MDA
18457,2003,1.0,0.499,0.703,MDA
18458,2004,2.0,0.503,0.703,MDA
18459,2005,1.0,0.444,0.704,MDA
18460,2006,1.0,0.433,0.724,MDA
18461,2007,1.0,0.431,0.725,MDA
18462,2008,1.0,0.431,0.726,MDA
18463,2009,1.0,0.451,0.733,MDA
18464,2010,2.0,0.6,0.841,MDA
18465,2011,2.0,0.668,0.84,MDA
18466,2012,2.0,0.659,0.842,MDA
18467,2013,2.0,0.626,0.838,MDA
18468,2014,2.0,0.617,0.831,MDA
18469,2015,2.0,0.566,0.828,MDA
18470,2016,2.0,0.525,0.795,MDA
18471,2017,2.0,0.505,0.747,MDA
18472,2018,2.0,0.504,0.741,MDA
18473,2019,2.0,0.58,0.731,MDA
18474,2020,2.0,0.651,0.797,MDA
18475,2021,2.0,0.755,0.824,MDA
18476,2022,2.0,0.763,0.86,MDA
18477,2023,2.0,0.709,0.863,MDA
18529,1950,0.0,0.057,0.214,NAM
18530,1951,0.0,0.058,0.214,NAM
18531,1952,0.0,0.058,0.214,NAM
18532,1953,0.0,0.058,0.214,NAM
18533,1954,0.0,0.058,0.214,NAM
18534,1955,0.0,0.058,0.214,NAM
18535,1956,0.0,0.058,0.214,NAM
18536,1957,0.0,0.058,0.214,NAM
18537,1958,0.0,0.058,0.214,NAM
18538,1959,0.0,0.058,0.214,NAM
18539,1960,0.0,0.063,0.214,NAM
18540,1961,0.0,0.062,0.216,NAM
18541,1962,0.0,0.061,0.216,NAM
18542,1963,0.0,0.061,0.216,NAM
18543,1964,0.0,0.061,0.215,NAM
18544,1965,0.0,0.062,0.215,NAM
18545,1966,0.0,0.067,0.214,NAM
18546,1967,0.0,0.067,0.214,NAM
18547,1968,0.0,0.067,0.214,NAM
18548,1969,0.0,0.067,0.214,NAM
18549,1970,0.0,0.064,0.214,NAM
18550,1971,0.0,0.062,0.216,NAM
18551,1972,0.0,0.062,0.216,NAM
18552,1973,0.0,0.062,0.218,NAM
18553,1974,0.0,0.063,0.218,NAM
18554,1975,0.0,0.064,0.215,NAM
18555,1976,0.0,0.068,0.215,NAM
18556,1977,0.0,0.069,0.222,NAM
18557,1978,0.0,0.069,0.226,NAM
18558,1979,0.0,0.07,,NAM
18559,1980,0.0,0.089,0.26,NAM
18560,1981,0.0,0.089,0.26,NAM
18561,1982,0.0,0.089,0.26,NAM
18562,1983,0.0,0.071,0.193,NAM
18563,1984,0.0,0.07,0.19,NAM
18564,1985,0.0,0.081,0.264,NAM
18565,1986,0.0,0.081,0.301,NAM
18566,1987,0.0,0.081,0.301,NAM
18567,1988,0.0,0.08,0.301,NAM
18568,1989,0.0,0.184,0.316,NAM
18569,1990,2.0,0.527,0.712,NAM
18570,1991,2.0,0.592,0.815,NAM
18571,1992,2.0,0.592,0.815,NAM
18572,1993,2.0,0.592,0.815,NAM
18573,1994,2.0,0.592,0.815,NAM
18574,1995,2.0,0.67,0.814,NAM
18575,1996,2.0,0.67,0.814,NAM
18576,1997,2.0,0.67,0.814,NAM
18577,1998,2.0,0.67,0.814,NAM
18578,1999,2.0,0.669,0.812,NAM
18579,2000,2.0,0.653,0.815,NAM
18580,2001,2.0,0.649,0.818,NAM
18581,2002,2.0,0.649,0.811,NAM
18582,2003,2.0,0.645,0.818,NAM
18583,2004,2.0,0.652,0.812,NAM
18584,2005,2.0,0.663,0.819,NAM
18585,2006,2.0,0.661,0.816,NAM
18586,2007,2.0,0.656,0.816,NAM
18587,2008,2.0,0.661,0.816,NAM
18588,2009,2.0,0.654,0.817,NAM
18589,2010,2.0,0.635,0.821,NAM
18590,2011,2.0,0.647,0.821,NAM
18591,2012,2.0,0.647,0.821,NAM
18592,2013,2.0,0.647,0.82,NAM
18593,2014,2.0,0.659,0.82,NAM
18594,2015,2.0,0.705,0.818,NAM
18595,2016,2.0,0.712,0.818,NAM
18596,2017,2.0,0.709,0.801,NAM
18597,2018,2.0,0.683,0.819,NAM
18598,2019,2.0,0.648,0.78,NAM
18599,2020,2.0,0.634,0.806,NAM
18600,2021,2.0,0.624,0.797,NAM
18601,2022,2.0,0.63,0.784,NAM
18602,2023,2.0,0.627,0.789,NAM
18606,1967,0.0,0.052,0.276,PSE
18607,1968,0.0,0.049,0.274,PSE
18608,1969,0.0,0.049,0.274,PSE
18609,1970,0.0,0.084,0.284,PSE
18610,1971,0.0,0.084,0.284,PSE
18611,1972,0.0,0.084,0.284,PSE
18612,1973,0.0,0.086,0.284,PSE
18613,1974,0.0,0.086,0.284,PSE
18614,1975,0.0,0.086,0.284,PSE
18615,1976,0.0,0.086,0.284,PSE
18616,1977,0.0,0.086,0.284,PSE
18617,1978,0.0,0.086,0.284,PSE
18618,1979,0.0,0.086,0.284,PSE
18619,1980,0.0,0.086,0.28,PSE
18620,1981,0.0,0.089,0.28,PSE
18621,1982,0.0,0.089,0.28,PSE
18622,1983,0.0,0.089,0.28,PSE
18623,1984,0.0,0.087,0.28,PSE
18624,1985,0.0,0.087,0.28,PSE
18625,1986,0.0,0.087,0.28,PSE
18626,1987,0.0,0.082,0.277,PSE
18627,1988,0.0,0.082,0.277,PSE
18628,1989,0.0,0.082,0.277,PSE
18629,1990,0.0,0.077,0.263,PSE
18630,1991,0.0,0.079,0.263,PSE
18631,1992,0.0,0.079,0.285,PSE
18632,1993,0.0,0.083,0.31,PSE
18633,1994,0.0,0.157,0.483,PSE
18634,1995,0.0,0.165,0.49,PSE
18635,1996,1.0,0.446,0.52,PSE
18636,1997,1.0,0.456,0.52,PSE
18637,1998,1.0,0.471,0.523,PSE
18638,1999,1.0,0.471,0.517,PSE
18639,2000,1.0,0.475,0.495,PSE
18640,2001,1.0,0.48,0.495,PSE
18641,2002,1.0,0.477,0.493,PSE
18642,2003,2.0,0.505,0.503,PSE
18643,2004,2.0,0.513,0.52,PSE
18644,2005,2.0,0.536,0.54,PSE
18645,2006,2.0,0.506,0.55,PSE
18646,2007,1.0,0.329,0.396,PSE
18647,2008,1.0,0.251,0.366,PSE
18648,2009,1.0,0.245,0.373,PSE
18649,2010,1.0,0.249,0.374,PSE
18650,2011,1.0,0.245,0.373,PSE
18651,2012,1.0,0.246,0.376,PSE
18652,2013,1.0,0.249,0.448,PSE
18653,2014,1.0,0.253,0.443,PSE
18654,2015,1.0,0.246,0.446,PSE
18655,2016,1.0,0.244,0.446,PSE
18656,2017,1.0,0.256,0.462,PSE
18657,2018,1.0,0.266,0.47,PSE
18658,2019,1.0,0.273,0.511,PSE
18659,2020,1.0,0.245,0.392,PSE
18660,2021,1.0,0.238,0.338,PSE
18661,2022,1.0,0.235,0.322,PSE
18662,2023,1.0,0.232,0.332,PSE
18698,1950,0.0,0.016,0.101,RWA
18699,1951,0.0,0.016,0.101,RWA
18700,1952,0.0,0.016,0.102,RWA
18701,1953,0.0,0.016,0.102,RWA
18702,1954,0.0,0.016,0.102,RWA
18703,1955,0.0,0.047,0.102,RWA
18704,1956,0.0,0.051,0.102,RWA
18705,1957,0.0,0.062,0.104,RWA
18706,1958,0.0,0.072,0.106,RWA
18707,1959,0.0,0.076,0.096,RWA
18708,1960,0.0,0.087,0.244,RWA
18709,1961,1.0,0.149,0.357,RWA
18710,1962,1.0,0.265,0.462,RWA
18711,1963,1.0,0.255,0.473,RWA
18712,1964,1.0,0.248,0.476,RWA
18713,1965,1.0,0.239,0.476,RWA
18714,1966,1.0,0.238,0.476,RWA
18715,1967,1.0,0.238,0.475,RWA
18716,1968,1.0,0.238,0.475,RWA
18717,1969,1.0,0.238,0.477,RWA
18718,1970,1.0,0.241,0.47,RWA
18719,1971,1.0,0.241,0.465,RWA
18720,1972,1.0,0.241,0.474,RWA
18721,1973,1.0,0.167,0.446,RWA
18722,1974,0.0,0.089,0.367,RWA
18723,1975,0.0,0.087,0.368,RWA
18724,1976,0.0,0.09,0.368,RWA
18725,1977,0.0,0.09,0.368,RWA
18726,1978,0.0,0.094,0.375,RWA
18727,1979,0.0,0.168,0.38,RWA
18728,1980,0.0,0.166,0.38,RWA
18729,1981,0.0,0.166,0.38,RWA
18730,1982,0.0,0.21,0.442,RWA
18731,1983,0.0,0.21,0.442,RWA
18732,1984,0.0,0.204,0.442,RWA
18733,1985,0.0,0.204,0.442,RWA
18734,1986,0.0,0.204,0.442,RWA
18735,1987,0.0,0.204,0.442,RWA
18736,1988,0.0,0.206,0.442,RWA
18737,1989,0.0,0.213,0.442,RWA
18738,1990,0.0,0.219,0.458,RWA
18739,1991,0.0,0.256,0.487,RWA
18740,1992,0.0,0.291,0.493,RWA
18741,1993,0.0,0.187,0.386,RWA
18742,1994,0.0,0.143,0.362,RWA
18743,1995,0.0,0.102,0.413,RWA
18744,1996,0.0,0.105,0.418,RWA
18745,1997,0.0,0.105,0.426,RWA
18746,1998,0.0,0.105,0.436,RWA
18747,1999,0.0,0.106,0.439,RWA
18748,2000,0.0,0.113,0.358,RWA
18749,2001,0.0,0.113,0.355,RWA
18750,2002,0.0,0.114,0.358,RWA
18751,2003,1.0,0.142,0.358,RWA
18752,2004,1.0,0.197,0.359,RWA
18753,2005,1.0,0.195,0.358,RWA
18754,2006,1.0,0.196,0.359,RWA
18755,2007,1.0,0.197,0.36,RWA
18756,2008,1.0,0.203,0.36,RWA
18757,2009,1.0,0.217,0.358,RWA
18758,2010,1.0,0.218,0.364,RWA
18759,2011,1.0,0.217,0.366,RWA
18760,2012,1.0,0.22,0.37,RWA
18761,2013,1.0,0.221,0.373,RWA
18762,2014,1.0,0.224,0.376,RWA
18763,2015,1.0,0.225,0.376,RWA
18764,2016,1.0,0.226,0.342,RWA
18765,2017,1.0,0.223,0.303,RWA
18766,2018,1.0,0.225,0.308,RWA
18767,2019,1.0,0.228,0.315,RWA
18768,2020,1.0,0.225,0.309,RWA
18769,2021,1.0,0.226,0.288,RWA
18770,2022,1.0,0.219,0.285,RWA
18771,2023,1.0,0.213,0.258,RWA
18823,1950,0.0,0.07,0.206,SOM
18824,1951,0.0,0.075,0.228,SOM
18825,1952,0.0,0.075,0.228,SOM
18826,1953,0.0,0.075,0.228,SOM
18827,1954,0.0,0.075,0.228,SOM
18828,1955,0.0,0.088,0.228,SOM
18829,1956,1.0,0.279,0.455,SOM
18830,1957,1.0,0.279,0.457,SOM
18831,1958,1.0,0.279,0.457,SOM
18832,1959,1.0,0.275,0.457,SOM
18833,1960,1.0,0.357,0.558,SOM
18834,1961,1.0,0.371,0.546,SOM
18835,1962,1.0,0.367,0.546,SOM
18836,1963,1.0,0.367,0.546,SOM
18837,1964,1.0,0.358,0.546,SOM
18838,1965,1.0,0.346,0.546,SOM
18839,1966,1.0,0.343,0.536,SOM
18840,1967,1.0,0.343,0.536,SOM
18841,1968,1.0,0.343,0.536,SOM
18842,1969,0.0,0.21,0.281,SOM
18843,1970,0.0,0.076,0.062,SOM
18844,1971,0.0,0.076,0.063,SOM
18845,1972,0.0,0.076,0.063,SOM
18846,1973,0.0,0.076,0.063,SOM
18847,1974,0.0,0.076,0.063,SOM
18848,1975,0.0,0.076,0.063,SOM
18849,1976,0.0,0.076,0.062,SOM
18850,1977,0.0,0.076,0.062,SOM
18851,1978,0.0,0.076,0.062,SOM
18852,1979,0.0,0.076,0.067,SOM
18853,1980,1.0,0.084,0.106,SOM
18854,1981,1.0,0.145,0.106,SOM
18855,1982,1.0,0.145,0.106,SOM
18856,1983,1.0,0.145,0.106,SOM
18857,1984,0.0,0.145,0.106,SOM
18858,1985,0.0,0.142,0.106,SOM
18859,1986,0.0,0.142,0.106,SOM
18860,1987,0.0,0.143,0.106,SOM
18861,1988,0.0,0.143,0.106,SOM
18862,1989,0.0,0.143,0.106,SOM
18863,1990,0.0,0.144,0.098,SOM
18864,1991,0.0,0.133,0.1,SOM
18865,1992,0.0,0.154,0.046,SOM
18866,1993,0.0,0.159,0.046,SOM
18867,1994,0.0,0.162,0.046,SOM
18868,1995,0.0,0.163,0.046,SOM
18869,1996,0.0,0.163,0.046,SOM
18870,1997,0.0,0.163,0.046,SOM
18871,1998,0.0,0.163,0.046,SOM
18872,1999,0.0,0.163,0.046,SOM
18873,2000,0.0,0.174,0.045,SOM
18874,2001,0.0,0.172,0.045,SOM
18875,2002,0.0,0.172,0.045,SOM
18876,2003,0.0,0.172,0.045,SOM
18877,2004,0.0,0.175,0.154,SOM
18878,2005,0.0,0.177,0.276,SOM
18879,2006,0.0,0.178,0.277,SOM
18880,2007,0.0,0.178,0.282,SOM
18881,2008,0.0,0.178,0.273,SOM
18882,2009,0.0,0.18,0.276,SOM
18883,2010,0.0,0.192,0.292,SOM
18884,2011,0.0,0.197,0.296,SOM
18885,2012,0.0,0.173,0.329,SOM
18886,2013,0.0,0.166,0.377,SOM
18887,2014,0.0,0.166,0.377,SOM
18888,2015,0.0,0.166,0.383,SOM
18889,2016,0.0,0.167,0.343,SOM
18890,2017,0.0,0.171,0.386,SOM
18891,2018,0.0,0.156,0.337,SOM
18892,2019,0.0,0.151,0.329,SOM
18893,2020,0.0,0.158,0.331,SOM
18894,2021,0.0,0.166,0.346,SOM
18895,2022,0.0,0.162,0.366,SOM
18896,2023,0.0,0.17,0.42,SOM
18948,1950,2.0,0.676,0.763,LKA
18949,1951,2.0,0.676,0.763,LKA
18950,1952,2.0,0.651,0.763,LKA
18951,1953,2.0,0.634,0.763,LKA
18952,1954,2.0,0.634,0.763,LKA
18953,1955,2.0,0.637,0.762,LKA
18954,1956,2.0,0.632,0.742,LKA
18955,1957,2.0,0.634,0.75,LKA
18956,1958,2.0,0.629,0.746,LKA
18957,1959,2.0,0.629,0.721,LKA
18958,1960,2.0,0.659,0.721,LKA
18959,1961,2.0,0.662,0.721,LKA
18960,1962,2.0,0.66,0.721,LKA
18961,1963,2.0,0.66,0.721,LKA
18962,1964,2.0,0.66,0.721,LKA
18963,1965,2.0,0.662,0.721,LKA
18964,1966,2.0,0.665,0.723,LKA
18965,1967,2.0,0.665,0.723,LKA
18966,1968,2.0,0.665,0.723,LKA
18967,1969,2.0,0.665,0.723,LKA
18968,1970,2.0,0.645,0.71,LKA
18969,1971,2.0,0.612,0.681,LKA
18970,1972,2.0,0.601,0.686,LKA
18971,1973,2.0,0.598,0.684,LKA
18972,1974,2.0,0.599,0.687,LKA
18973,1975,2.0,0.598,0.693,LKA
18974,1976,2.0,0.598,0.693,LKA
18975,1977,2.0,0.574,0.691,LKA
18976,1978,2.0,0.555,0.606,LKA
18977,1979,2.0,0.544,0.611,LKA
18978,1980,2.0,0.517,0.581,LKA
18979,1981,2.0,0.517,0.581,LKA
18980,1982,2.0,0.511,0.581,LKA
18981,1983,1.0,0.484,0.56,LKA
18982,1984,1.0,0.484,0.555,LKA
18983,1985,1.0,0.484,0.555,LKA
18984,1986,1.0,0.478,0.547,LKA
18985,1987,1.0,0.47,0.524,LKA
18986,1988,1.0,0.463,0.513,LKA
18987,1989,1.0,0.437,0.514,LKA
18988,1990,1.0,0.444,0.52,LKA
18989,1991,1.0,0.444,0.521,LKA
18990,1992,1.0,0.445,0.537,LKA
18991,1993,1.0,0.449,0.545,LKA
18992,1994,1.0,0.49,0.569,LKA
18993,1995,2.0,0.55,0.566,LKA
18994,1996,2.0,0.55,0.566,LKA
18995,1997,2.0,0.55,0.566,LKA
18996,1998,2.0,0.533,0.566,LKA
18997,1999,2.0,0.532,0.566,LKA
18998,2000,1.0,0.493,0.566,LKA
18999,2001,1.0,0.497,0.568,LKA
19000,2002,2.0,0.536,0.568,LKA
19001,2003,2.0,0.536,0.568,LKA
19002,2004,2.0,0.517,0.567,LKA
19003,2005,1.0,0.432,0.547,LKA
19004,2006,1.0,0.378,0.53,LKA
19005,2007,1.0,0.373,0.52,LKA
19006,2008,1.0,0.366,0.521,LKA
19007,2009,1.0,0.364,0.52,LKA
19008,2010,1.0,0.39,0.512,LKA
19009,2011,1.0,0.388,0.512,LKA
19010,2012,1.0,0.387,0.516,LKA
19011,2013,1.0,0.422,0.552,LKA
19012,2014,1.0,0.422,0.549,LKA
19013,2015,2.0,0.545,0.678,LKA
19014,2016,2.0,0.587,0.714,LKA
19015,2017,2.0,0.583,0.724,LKA
19016,2018,2.0,0.607,0.771,LKA
19017,2019,2.0,0.558,0.743,LKA
19018,2020,2.0,0.578,0.577,LKA
19019,2021,2.0,0.57,0.625,LKA
19020,2022,2.0,0.598,0.69,LKA
19021,2023,2.0,0.574,0.68,LKA
19073,1950,0.0,0.051,0.272,SWZ
19074,1951,0.0,0.051,0.272,SWZ
19075,1952,0.0,0.051,0.272,SWZ
19076,1953,0.0,0.051,0.272,SWZ
19077,1954,0.0,0.051,0.281,SWZ
19078,1955,0.0,0.051,0.281,SWZ
19079,1956,0.0,0.051,0.281,SWZ
19080,1957,0.0,0.051,0.281,SWZ
19081,1958,0.0,0.051,0.281,SWZ
19082,1959,0.0,0.051,0.281,SWZ
19083,1960,0.0,0.051,0.286,SWZ
19084,1961,0.0,0.055,0.286,SWZ
19085,1962,0.0,0.055,0.286,SWZ
19086,1963,0.0,0.06,0.286,SWZ
19087,1964,0.0,0.145,0.311,SWZ
19088,1965,0.0,0.176,0.354,SWZ
19089,1966,0.0,0.185,0.349,SWZ
19090,1967,0.0,0.187,0.389,SWZ
19091,1968,0.0,0.204,0.397,SWZ
19092,1969,0.0,0.21,0.402,SWZ
19093,1970,0.0,0.212,0.402,SWZ
19094,1971,0.0,0.209,0.39,SWZ
19095,1972,0.0,0.208,0.39,SWZ
19096,1973,0.0,0.129,0.323,SWZ
19097,1974,0.0,0.091,0.288,SWZ
19098,1975,0.0,0.091,0.288,SWZ
19099,1976,0.0,0.091,0.288,SWZ
19100,1977,0.0,0.091,0.288,SWZ
19101,1978,0.0,0.098,0.304,SWZ
19102,1979,0.0,0.132,0.363,SWZ
19103,1980,0.0,0.133,0.363,SWZ
19104,1981,0.0,0.133,0.363,SWZ
19105,1982,0.0,0.133,0.363,SWZ
19106,1983,0.0,0.132,0.363,SWZ
19107,1984,0.0,0.127,0.362,SWZ
19108,1985,0.0,0.127,0.362,SWZ
19109,1986,0.0,0.127,0.362,SWZ
19110,1987,0.0,0.127,0.362,SWZ
19111,1988,0.0,0.124,0.362,SWZ
19112,1989,0.0,0.124,0.362,SWZ
19113,1990,0.0,0.126,0.351,SWZ
19114,1991,0.0,0.126,0.351,SWZ
19115,1992,0.0,0.126,0.351,SWZ
19116,1993,0.0,0.124,0.351,SWZ
19117,1994,0.0,0.117,0.338,SWZ
19118,1995,0.0,0.117,0.338,SWZ
19119,1996,0.0,0.116,0.338,SWZ
19120,1997,0.0,0.116,0.338,SWZ
19121,1998,0.0,0.118,0.312,SWZ
19122,1999,0.0,0.126,0.312,SWZ
19123,2000,0.0,0.126,0.316,SWZ
19124,2001,0.0,0.128,0.316,SWZ
19125,2002,0.0,0.128,0.316,SWZ
19126,2003,0.0,0.127,0.316,SWZ
19127,2004,0.0,0.124,0.316,SWZ
19128,2005,0.0,0.129,0.312,SWZ
19129,2006,0.0,0.13,0.317,SWZ
19130,2007,0.0,0.13,0.315,SWZ
19131,2008,0.0,0.128,0.321,SWZ
19132,2009,0.0,0.126,0.322,SWZ
19133,2010,0.0,0.126,0.315,SWZ
19134,2011,0.0,0.126,0.315,SWZ
19135,2012,0.0,0.126,0.315,SWZ
19136,2013,0.0,0.131,0.318,SWZ
19137,2014,0.0,0.131,0.318,SWZ
19138,2015,0.0,0.131,0.318,SWZ
19139,2016,0.0,0.131,0.318,SWZ
19140,2017,0.0,0.133,0.317,SWZ
19141,2018,0.0,0.132,0.377,SWZ
19142,2019,0.0,0.135,0.369,SWZ
19143,2020,0.0,0.133,0.371,SWZ
19144,2021,0.0,0.121,0.312,SWZ
19145,2022,0.0,0.119,0.324,SWZ
19146,2023,0.0,0.122,0.323,SWZ
19148,1990,1.0,0.26,0.308,TJK
19149,1991,1.0,0.304,0.273,TJK
19150,1992,1.0,0.275,0.137,TJK
19151,1993,1.0,0.216,0.12,TJK
19152,1994,1.0,0.194,0.12,TJK
19153,1995,1.0,0.172,0.139,TJK
19154,1996,1.0,0.173,0.144,TJK
19155,1997,1.0,0.182,0.145,TJK
19156,1998,1.0,0.194,0.166,TJK
19157,1999,1.0,0.209,0.173,TJK
19158,2000,1.0,0.24,0.194,TJK
19159,2001,1.0,0.246,0.2,TJK
19160,2002,1.0,0.245,0.191,TJK
19161,2003,1.0,0.249,0.195,TJK
19162,2004,1.0,0.247,0.189,TJK
19163,2005,1.0,0.233,0.163,TJK
19164,2006,1.0,0.23,0.159,TJK
19165,2007,1.0,0.231,0.155,TJK
19166,2008,1.0,0.233,0.156,TJK
19167,2009,1.0,0.233,0.156,TJK
19168,2010,1.0,0.227,0.144,TJK
19169,2011,1.0,0.226,0.145,TJK
19170,2012,1.0,0.226,0.14,TJK
19171,2013,1.0,0.208,0.115,TJK
19172,2014,1.0,0.204,0.113,TJK
19173,2015,1.0,0.185,0.094,TJK
19174,2016,1.0,0.174,0.087,TJK
19175,2017,1.0,0.169,0.1,TJK
19176,2018,1.0,0.166,0.12,TJK
19177,2019,1.0,0.166,0.099,TJK
19178,2020,1.0,0.173,0.099,TJK
19179,2021,1.0,0.173,0.091,TJK
19180,2022,1.0,0.167,0.092,TJK
19181,2023,1.0,0.166,0.093,TJK
19217,1950,0.0,0.066,0.162,TGO
19218,1951,0.0,0.066,0.162,TGO
19219,1952,0.0,0.074,0.162,TGO
19220,1953,0.0,0.075,0.165,TGO
19221,1954,0.0,0.075,0.165,TGO
19222,1955,0.0,0.076,0.165,TGO
19223,1956,0.0,0.123,0.198,TGO
19224,1957,0.0,0.174,0.198,TGO
19225,1958,1.0,0.204,0.247,TGO
19226,1959,1.0,0.225,0.247,TGO
19227,1960,1.0,0.249,0.304,TGO
19228,1961,1.0,0.265,0.304,TGO
19229,1962,1.0,0.262,0.221,TGO
19230,1963,1.0,0.216,0.265,TGO
19231,1964,1.0,0.232,0.261,TGO
19232,1965,1.0,0.231,0.261,TGO
19233,1966,1.0,0.231,0.261,TGO
19234,1967,1.0,0.1,0.144,TGO
19235,1968,0.0,0.087,0.139,TGO
19236,1969,0.0,0.08,0.139,TGO
19237,1970,0.0,0.08,0.139,TGO
19238,1971,0.0,0.08,0.148,TGO
19239,1972,0.0,0.08,0.148,TGO
19240,1973,0.0,0.08,0.148,TGO
19241,1974,0.0,0.08,0.148,TGO
19242,1975,0.0,0.08,0.148,TGO
19243,1976,0.0,0.08,0.148,TGO
19244,1977,0.0,0.081,0.148,TGO
19245,1978,0.0,0.081,0.148,TGO
19246,1979,1.0,0.081,0.148,TGO
19247,1980,1.0,0.141,0.174,TGO
19248,1981,1.0,0.151,0.178,TGO
19249,1982,1.0,0.151,0.178,TGO
19250,1983,1.0,0.151,0.178,TGO
19251,1984,1.0,0.151,0.178,TGO
19252,1985,1.0,0.151,0.178,TGO
19253,1986,1.0,0.151,0.184,TGO
19254,1987,1.0,0.151,0.184,TGO
19255,1988,1.0,0.151,0.184,TGO
19256,1989,1.0,0.151,0.184,TGO
19257,1990,1.0,0.155,0.188,TGO
19258,1991,1.0,0.23,0.335,TGO
19259,1992,1.0,0.277,0.378,TGO
19260,1993,1.0,0.292,0.391,TGO
19261,1994,1.0,0.32,0.383,TGO
19262,1995,1.0,0.324,0.383,TGO
19263,1996,1.0,0.331,0.383,TGO
19264,1997,1.0,0.331,0.383,TGO
19265,1998,1.0,0.309,0.384,TGO
19266,1999,1.0,0.3,0.38,TGO
19267,2000,1.0,0.304,0.411,TGO
19268,2001,1.0,0.304,0.411,TGO
19269,2002,1.0,0.303,0.411,TGO
19270,2003,1.0,0.306,0.411,TGO
19271,2004,1.0,0.306,0.411,TGO
19272,2005,1.0,0.328,0.325,TGO
19273,2006,1.0,0.339,0.401,TGO
19274,2007,1.0,0.359,0.421,TGO
19275,2008,1.0,0.441,0.427,TGO
19276,2009,1.0,0.441,0.433,TGO
19277,2010,1.0,0.417,0.463,TGO
19278,2011,1.0,0.417,0.467,TGO
19279,2012,1.0,0.418,0.467,TGO
19280,2013,1.0,0.443,0.451,TGO
19281,2014,1.0,0.476,0.451,TGO
19282,2015,1.0,0.473,0.454,TGO
19283,2016,1.0,0.48,0.464,TGO
19284,2017,1.0,0.452,0.439,TGO
19285,2018,1.0,0.44,0.395,TGO
19286,2019,1.0,0.399,0.384,TGO
19287,2020,1.0,0.434,0.456,TGO
19288,2021,1.0,0.403,0.442,TGO
19289,2022,1.0,0.407,0.442,TGO
19290,2023,1.0,0.394,0.39,TGO
19342,1950,0.0,0.301,0.71,TTO
19343,1951,0.0,0.307,0.71,TTO
19344,1952,0.0,0.307,0.709,TTO
19345,1953,0.0,0.307,0.709,TTO
19346,1954,0.0,0.307,0.709,TTO
19347,1955,0.0,0.308,0.709,TTO
19348,1956,1.0,0.336,0.709,TTO
19349,1957,1.0,0.47,0.709,TTO
19350,1958,1.0,0.47,0.709,TTO
19351,1959,1.0,0.47,0.709,TTO
19352,1960,1.0,0.482,0.707,TTO
19353,1961,1.0,0.481,0.716,TTO
19354,1962,2.0,0.534,0.807,TTO
19355,1963,2.0,0.549,0.806,TTO
19356,1964,2.0,0.548,0.806,TTO
19357,1965,2.0,0.548,0.806,TTO
19358,1966,2.0,0.552,0.806,TTO
19359,1967,2.0,0.574,0.806,TTO
19360,1968,2.0,0.576,0.806,TTO
19361,1969,2.0,0.58,0.806,TTO
19362,1970,2.0,0.586,0.808,TTO
19363,1971,2.0,0.571,0.801,TTO
19364,1972,2.0,0.559,0.812,TTO
19365,1973,2.0,0.564,0.812,TTO
19366,1974,2.0,0.564,0.812,TTO
19367,1975,2.0,0.562,0.812,TTO
19368,1976,2.0,0.6,0.818,TTO
19369,1977,2.0,0.65,0.818,TTO
19370,1978,2.0,0.657,0.815,TTO
19371,1979,2.0,0.657,0.817,TTO
19372,1980,2.0,0.666,0.824,TTO
19373,1981,2.0,0.673,0.824,TTO
19374,1982,2.0,0.678,0.824,TTO
19375,1983,2.0,0.678,0.824,TTO
19376,1984,2.0,0.681,0.824,TTO
19377,1985,2.0,0.681,0.824,TTO
19378,1986,2.0,0.693,0.824,TTO
19379,1987,2.0,0.725,0.824,TTO
19380,1988,2.0,0.725,0.824,TTO
19381,1989,2.0,0.725,0.824,TTO
19382,1990,2.0,0.73,0.824,TTO
19383,1991,2.0,0.746,0.824,TTO
19384,1992,2.0,0.765,0.824,TTO
19385,1993,2.0,0.765,0.824,TTO
19386,1994,2.0,0.765,0.824,TTO
19387,1995,2.0,0.76,0.824,TTO
19388,1996,2.0,0.759,0.824,TTO
19389,1997,2.0,0.759,0.824,TTO
19390,1998,2.0,0.759,0.824,TTO
19391,1999,2.0,0.759,0.824,TTO
19392,2000,2.0,0.767,0.829,TTO
19393,2001,2.0,0.731,0.829,TTO
19394,2002,2.0,0.746,0.829,TTO
19395,2003,2.0,0.758,0.839,TTO
19396,2004,2.0,0.758,0.839,TTO
19397,2005,3.0,0.759,0.842,TTO
19398,2006,3.0,0.763,0.842,TTO
19399,2007,3.0,0.76,0.842,TTO
19400,2008,3.0,0.764,0.842,TTO
19401,2009,3.0,0.764,0.842,TTO
19402,2010,3.0,0.775,0.84,TTO
19403,2011,3.0,0.78,0.84,TTO
19404,2012,3.0,0.78,0.84,TTO
19405,2013,3.0,0.746,0.844,TTO
19406,2014,3.0,0.746,0.841,TTO
19407,2015,3.0,0.764,0.845,TTO
19408,2016,3.0,0.754,0.845,TTO
19409,2017,3.0,0.75,0.848,TTO
19410,2018,3.0,0.744,0.843,TTO
19411,2019,3.0,0.75,0.853,TTO
19412,2020,3.0,0.753,0.836,TTO
19413,2021,2.0,0.77,0.828,TTO
19414,2022,2.0,0.755,0.826,TTO
19415,2023,2.0,0.755,0.826,TTO
19417,1990,,,0.1,TKM
19418,1991,0.0,0.176,0.098,TKM
19419,1992,0.0,0.161,0.058,TKM
19420,1993,0.0,0.15,0.056,TKM
19421,1994,0.0,0.149,0.056,TKM
19422,1995,0.0,0.148,0.056,TKM
19423,1996,0.0,0.148,0.056,TKM
19424,1997,0.0,0.143,0.044,TKM
19425,1998,0.0,0.143,0.044,TKM
19426,1999,0.0,0.143,0.044,TKM
19427,2000,0.0,0.07,0.042,TKM
19428,2001,0.0,0.07,0.039,TKM
19429,2002,0.0,0.07,0.039,TKM
19430,2003,0.0,0.07,0.039,TKM
19431,2004,0.0,0.07,0.04,TKM
19432,2005,0.0,0.079,0.037,TKM
19433,2006,0.0,0.079,0.037,TKM
19434,2007,0.0,0.134,0.046,TKM
19435,2008,0.0,0.141,0.048,TKM
19436,2009,0.0,0.143,0.043,TKM
19437,2010,0.0,0.144,0.041,TKM
19438,2011,0.0,0.144,0.042,TKM
19439,2012,0.0,0.145,0.042,TKM
19440,2013,0.0,0.144,0.046,TKM
19441,2014,0.0,0.144,0.049,TKM
19442,2015,0.0,0.144,0.049,TKM
19443,2016,0.0,0.144,0.05,TKM
19444,2017,0.0,0.147,0.054,TKM
19445,2018,1.0,0.149,0.062,TKM
19446,2019,1.0,0.149,0.084,TKM
19447,2020,1.0,0.15,0.073,TKM
19448,2021,1.0,0.149,0.077,TKM
19449,2022,0.0,0.147,0.074,TKM
19450,2023,0.0,0.149,0.078,TKM
19453,1950,0.0,0.172,0.165,German Democratic Republic
19454,1951,0.0,0.171,0.165,German Democratic Republic
19455,1952,0.0,0.171,0.165,German Democratic Republic
19456,1953,0.0,0.173,0.168,German Democratic Republic
19457,1954,0.0,0.171,0.169,German Democratic Republic
19458,1955,0.0,0.168,0.169,German Democratic Republic
19459,1956,0.0,0.168,0.169,German Democratic Republic
19460,1957,0.0,0.167,0.174,German Democratic Republic
19461,1958,0.0,0.167,0.186,German Democratic Republic
19462,1959,0.0,0.167,0.186,German Democratic Republic
19463,1960,0.0,0.167,0.183,German Democratic Republic
19464,1961,0.0,0.167,0.159,German Democratic Republic
19465,1962,0.0,0.168,0.159,German Democratic Republic
19466,1963,0.0,0.168,0.159,German Democratic Republic
19467,1964,0.0,0.167,0.159,German Democratic Republic
19468,1965,0.0,0.167,0.159,German Democratic Republic
19469,1966,0.0,0.167,0.159,German Democratic Republic
19470,1967,0.0,0.168,0.159,German Democratic Republic
19471,1968,0.0,0.168,0.159,German Democratic Republic
19472,1969,0.0,0.168,0.159,German Democratic Republic
19473,1970,0.0,0.168,0.168,German Democratic Republic
19474,1971,0.0,0.168,0.168,German Democratic Republic
19475,1972,0.0,0.167,0.168,German Democratic Republic
19476,1973,0.0,0.168,0.17,German Democratic Republic
19477,1974,0.0,0.168,0.17,German Democratic Republic
19478,1975,0.0,0.168,0.17,German Democratic Republic
19479,1976,0.0,0.168,0.17,German Democratic Republic
19480,1977,0.0,0.168,0.17,German Democratic Republic
19481,1978,0.0,0.168,0.17,German Democratic Republic
19482,1979,0.0,0.168,0.17,German Democratic Republic
19483,1980,0.0,0.168,0.171,German Democratic Republic
19484,1981,0.0,0.168,0.171,German Democratic Republic
19485,1982,0.0,0.168,0.171,German Democratic Republic
19486,1983,0.0,0.168,0.171,German Democratic Republic
19487,1984,0.0,0.168,0.171,German Democratic Republic
19488,1985,0.0,0.168,0.171,German Democratic Republic
19489,1986,0.0,0.172,0.168,German Democratic Republic
19490,1987,0.0,0.175,0.168,German Democratic Republic
19491,1988,0.0,0.175,0.168,German Democratic Republic
19492,1989,0.0,0.18,0.171,German Democratic Republic
19493,1990,2.0,0.709,0.728,German Democratic Republic
19496,1950,0.0,0.04,0.348,PSE
19497,1951,0.0,0.04,0.348,PSE
19498,1952,0.0,0.04,0.348,PSE
19499,1953,0.0,0.04,0.348,PSE
19500,1954,0.0,0.038,0.351,PSE
19501,1955,0.0,0.038,0.347,PSE
19502,1956,0.0,0.038,0.347,PSE
19503,1957,0.0,0.038,0.347,PSE
19504,1958,0.0,0.038,0.347,PSE
19505,1959,0.0,0.038,0.262,PSE
19506,1960,0.0,0.038,0.262,PSE
19507,1961,0.0,0.038,0.262,PSE
19508,1962,0.0,0.038,0.372,PSE
19509,1963,0.0,0.038,0.407,PSE
19510,1964,0.0,0.038,0.407,PSE
19511,1965,0.0,0.04,0.407,PSE
19512,1966,0.0,0.04,0.407,PSE
19513,2007,0.0,0.134,0.304,PSE
19514,2008,0.0,0.136,0.292,PSE
19515,2009,0.0,0.139,0.293,PSE
19516,2010,0.0,0.144,0.306,PSE
19517,2011,0.0,0.144,0.306,PSE
19518,2012,0.0,0.145,0.306,PSE
19519,2013,0.0,0.13,0.212,PSE
19520,2014,0.0,0.131,0.217,PSE
19521,2015,0.0,0.122,0.201,PSE
19522,2016,0.0,0.12,0.206,PSE
19523,2017,0.0,0.121,0.175,PSE
19524,2018,0.0,0.116,0.113,PSE
19525,2019,0.0,0.119,0.222,PSE
19526,2020,0.0,0.13,0.143,PSE
19527,2021,0.0,0.128,0.157,PSE
19528,2022,0.0,0.125,0.169,PSE
19529,2023,0.0,0.123,0.231,PSE
19581,1950,0.0,0.075,0.417,SOM
19582,1951,0.0,0.075,0.417,SOM
19583,1952,0.0,0.075,0.417,SOM
19584,1953,0.0,0.075,0.417,SOM
19585,1954,0.0,0.084,0.417,SOM
19586,1955,0.0,0.087,0.417,SOM
19587,1956,0.0,0.096,0.417,SOM
19588,1957,0.0,0.112,0.417,SOM
19589,1958,0.0,0.112,0.556,SOM
19590,1959,0.0,0.117,0.556,SOM
19591,1991,0.0,0.145,0.264,SOM
19592,1992,0.0,0.145,0.264,SOM
19593,1993,0.0,0.166,0.38,SOM
19594,1994,0.0,0.174,0.382,SOM
19595,1995,0.0,0.174,0.404,SOM
19596,1996,0.0,0.174,0.404,SOM
19597,1997,0.0,0.177,0.414,SOM
19598,1998,0.0,0.174,0.437,SOM
19599,1999,0.0,0.174,0.445,SOM
19600,2000,0.0,0.172,0.444,SOM
19601,2001,0.0,0.181,0.448,SOM
19602,2002,0.0,0.199,0.464,SOM
19603,2003,1.0,0.359,0.497,SOM
19604,2004,1.0,0.381,0.497,SOM
19605,2005,1.0,0.388,0.497,SOM
19606,2006,1.0,0.402,0.505,SOM
19607,2007,1.0,0.4,0.505,SOM
19608,2008,1.0,0.4,0.505,SOM
19609,2009,1.0,0.4,0.505,SOM
19610,2010,1.0,0.42,0.507,SOM
19611,2011,1.0,0.438,0.514,SOM
19612,2012,1.0,0.438,0.515,SOM
19613,2013,1.0,0.408,0.506,SOM
19614,2014,1.0,0.407,0.506,SOM
19615,2015,1.0,0.407,0.506,SOM
19616,2016,1.0,0.412,0.511,SOM
19617,2017,1.0,0.417,0.508,SOM
19618,2018,1.0,0.402,0.515,SOM
19619,2019,1.0,0.398,0.512,SOM
19620,2020,1.0,0.406,0.51,SOM
19621,2021,1.0,0.414,0.523,SOM
19622,2022,1.0,0.415,0.516,SOM
19623,2023,1.0,0.41,0.513,SOM
19757,1990,0.0,0.204,0.17,UZB
19758,1991,0.0,0.226,0.16,UZB
19759,1992,0.0,0.203,0.128,UZB
19760,1993,0.0,0.198,0.103,UZB
19761,1994,1.0,0.186,0.099,UZB
19762,1995,1.0,0.164,0.098,UZB
19763,1996,1.0,0.163,0.098,UZB
19764,1997,1.0,0.163,0.092,UZB
19765,1998,1.0,0.163,0.083,UZB
19766,1999,1.0,0.157,0.08,UZB
19767,2000,1.0,0.156,0.079,UZB
19768,2001,1.0,0.155,0.073,UZB
19769,2002,1.0,0.156,0.076,UZB
19770,2003,1.0,0.157,0.079,UZB
19771,2004,1.0,0.157,0.079,UZB
19772,2005,1.0,0.161,0.064,UZB
19773,2006,1.0,0.16,0.068,UZB
19774,2007,1.0,0.16,0.07,UZB
19775,2008,1.0,0.163,0.072,UZB
19776,2009,1.0,0.162,0.072,UZB
19777,2010,1.0,0.162,0.078,UZB
19778,2011,1.0,0.162,0.08,UZB
19779,2012,1.0,0.162,0.083,UZB
19780,2013,1.0,0.166,0.079,UZB
19781,2014,0.0,0.167,0.081,UZB
19782,2015,0.0,0.165,0.078,UZB
19783,2016,0.0,0.169,0.081,UZB
19784,2017,0.0,0.19,0.119,UZB
19785,2018,0.0,0.188,0.166,UZB
19786,2019,1.0,0.202,0.198,UZB
19787,2020,0.0,0.205,0.222,UZB
19788,2021,0.0,0.205,0.207,UZB
19789,2022,0.0,0.212,0.199,UZB
19790,2023,0.0,0.214,0.195,UZB
19947,1950,2.0,0.768,0.795,AUT
19948,1951,2.0,0.767,0.795,AUT
19949,1952,2.0,0.766,0.795,AUT
19950,1953,2.0,0.769,0.795,AUT
19951,1954,2.0,0.77,0.795,AUT
19952,1955,2.0,0.77,0.803,AUT
19953,1956,3.0,0.826,0.825,AUT
19954,1957,3.0,0.82,0.825,AUT
19955,1958,3.0,0.82,0.825,AUT
19956,1959,3.0,0.82,0.825,AUT
19957,1960,3.0,0.824,0.825,AUT
19958,1961,3.0,0.824,0.825,AUT
19959,1962,3.0,0.824,0.825,AUT
19960,1963,3.0,0.829,0.825,AUT
19961,1964,3.0,0.829,0.825,AUT
19962,1965,3.0,0.828,0.823,AUT
19963,1966,3.0,0.828,0.83,AUT
19964,1967,3.0,0.831,0.833,AUT
19965,1968,3.0,0.831,0.833,AUT
19966,1969,3.0,0.831,0.833,AUT
19967,1970,3.0,0.831,0.854,AUT
19968,1971,3.0,0.829,0.859,AUT
19969,1972,3.0,0.841,0.859,AUT
19970,1973,3.0,0.845,0.868,AUT
19971,1974,3.0,0.851,0.869,AUT
19972,1975,3.0,0.85,0.87,AUT
19973,1976,3.0,0.856,0.876,AUT
19974,1977,3.0,0.856,0.876,AUT
19975,1978,3.0,0.856,0.876,AUT
19976,1979,3.0,0.856,0.876,AUT
19977,1980,3.0,0.856,0.874,AUT
19978,1981,3.0,0.855,0.899,AUT
19979,1982,3.0,0.855,0.899,AUT
19980,1983,3.0,0.854,0.899,AUT
19981,1984,3.0,0.853,0.899,AUT
19982,1985,3.0,0.853,0.899,AUT
19983,1986,3.0,0.856,0.9,AUT
19984,1987,3.0,0.857,0.919,AUT
19985,1988,3.0,0.855,0.924,AUT
19986,1989,3.0,0.859,0.924,AUT
19987,1990,3.0,0.859,0.918,AUT
19988,1991,3.0,0.858,0.918,AUT
19989,1992,3.0,0.861,0.918,AUT
19990,1993,3.0,0.863,0.918,AUT
19991,1994,3.0,0.862,0.918,AUT
19992,1995,3.0,0.861,0.916,AUT
19993,1996,3.0,0.859,0.918,AUT
19994,1997,3.0,0.859,0.918,AUT
19995,1998,3.0,0.858,0.918,AUT
19996,1999,3.0,0.859,0.918,AUT
19997,2000,3.0,0.862,0.926,AUT
19998,2001,3.0,0.862,0.926,AUT
19999,2002,3.0,0.862,0.926,AUT
20000,2003,3.0,0.863,0.926,AUT
20001,2004,3.0,0.861,0.926,AUT
20002,2005,3.0,0.859,0.926,AUT
20003,2006,3.0,0.863,0.926,AUT
20004,2007,3.0,0.876,0.931,AUT
20005,2008,3.0,0.876,0.931,AUT
20006,2009,3.0,0.876,0.931,AUT
20007,2010,3.0,0.872,0.931,AUT
20008,2011,3.0,0.872,0.931,AUT
20009,2012,3.0,0.872,0.931,AUT
20010,2013,3.0,0.875,0.931,AUT
20011,2014,3.0,0.872,0.93,AUT
20012,2015,3.0,0.872,0.931,AUT
20013,2016,3.0,0.848,0.933,AUT
20014,2017,3.0,0.853,0.93,AUT
20015,2018,3.0,0.857,0.92,AUT
20016,2019,3.0,0.863,0.93,AUT
20017,2020,3.0,0.86,0.928,AUT
20018,2021,2.0,0.852,0.93,AUT
20019,2022,2.0,0.838,0.915,AUT
20020,2023,2.0,0.846,0.928,AUT
20072,1950,0.0,0.022,,BHR
20073,1951,0.0,0.024,,BHR
20074,1952,0.0,0.024,,BHR
20075,1953,0.0,0.025,,BHR
20076,1954,0.0,0.025,,BHR
20077,1955,0.0,0.025,,BHR
20078,1956,0.0,0.025,,BHR
20079,1957,0.0,0.025,,BHR
20080,1958,0.0,0.025,,BHR
20081,1959,0.0,0.026,,BHR
20082,1960,0.0,0.024,,BHR
20083,1961,0.0,0.025,,BHR
20084,1962,0.0,0.025,,BHR
20085,1963,0.0,0.025,,BHR
20086,1964,0.0,0.025,,BHR
20087,1965,0.0,0.025,,BHR
20088,1966,0.0,0.025,,BHR
20089,1967,0.0,0.025,,BHR
20090,1968,0.0,0.025,,BHR
20091,1969,0.0,0.025,,BHR
20092,1970,0.0,0.025,,BHR
20093,1971,0.0,0.029,,BHR
20094,1972,0.0,0.076,,BHR
20095,1973,0.0,0.15,,BHR
20096,1974,0.0,0.125,,BHR
20097,1975,0.0,0.105,,BHR
20098,1976,0.0,0.051,,BHR
20099,1977,0.0,0.051,,BHR
20100,1978,0.0,0.051,,BHR
20101,1979,0.0,0.051,,BHR
20102,1980,0.0,0.048,,BHR
20103,1981,0.0,0.048,,BHR
20104,1982,0.0,0.048,,BHR
20105,1983,0.0,0.048,,BHR
20106,1984,0.0,0.05,,BHR
20107,1985,0.0,0.05,,BHR
20108,1986,0.0,0.05,,BHR
20109,1987,0.0,0.05,,BHR
20110,1988,0.0,0.05,,BHR
20111,1989,0.0,0.05,,BHR
20112,1990,0.0,0.049,,BHR
20113,1991,0.0,0.049,,BHR
20114,1992,0.0,0.049,,BHR
20115,1993,0.0,0.049,,BHR
20116,1994,0.0,0.049,,BHR
20117,1995,0.0,0.049,,BHR
20118,1996,0.0,0.049,,BHR
20119,1997,0.0,0.049,,BHR
20120,1998,0.0,0.049,,BHR
20121,1999,0.0,0.049,,BHR
20122,2000,0.0,0.066,,BHR
20123,2001,0.0,0.111,,BHR
20124,2002,0.0,0.167,0.223,BHR
20125,2003,0.0,0.211,0.223,BHR
20126,2004,0.0,0.211,0.208,BHR
20127,2005,0.0,0.219,0.212,BHR
20128,2006,0.0,0.221,0.231,BHR
20129,2007,0.0,0.222,0.218,BHR
20130,2008,0.0,0.222,0.218,BHR
20131,2009,0.0,0.221,0.213,BHR
20132,2010,0.0,0.216,0.207,BHR
20133,2011,0.0,0.17,0.105,BHR
20134,2012,0.0,0.159,0.104,BHR
20135,2013,0.0,0.158,0.107,BHR
20136,2014,0.0,0.156,0.111,BHR
20137,2015,0.0,0.134,0.121,BHR
20138,2016,0.0,0.13,0.124,BHR
20139,2017,0.0,0.122,0.123,BHR
20140,2018,0.0,0.118,0.13,BHR
20141,2019,0.0,0.117,0.156,BHR
20142,2020,0.0,0.117,0.158,BHR
20143,2021,0.0,0.12,0.163,BHR
20144,2022,0.0,0.123,0.165,BHR
20145,2023,0.0,0.124,0.162,BHR
20197,1950,0.0,0.165,0.675,BRB
20198,1951,0.0,0.207,0.696,BRB
20199,1952,0.0,0.335,0.696,BRB
20200,1953,0.0,0.335,0.696,BRB
20201,1954,1.0,0.335,0.696,BRB
20202,1955,1.0,0.46,0.725,BRB
20203,1956,1.0,0.468,0.718,BRB
20204,1957,1.0,0.466,0.723,BRB
20205,1958,1.0,0.466,0.752,BRB
20206,1959,1.0,0.466,0.752,BRB
20207,1960,2.0,0.594,0.748,BRB
20208,1961,2.0,0.595,0.748,BRB
20209,1962,2.0,0.611,0.748,BRB
20210,1963,2.0,0.611,0.741,BRB
20211,1964,2.0,0.611,0.741,BRB
20212,1965,2.0,0.611,0.741,BRB
20213,1966,2.0,0.715,0.818,BRB
20214,1967,2.0,0.72,0.826,BRB
20215,1968,2.0,0.72,0.826,BRB
20216,1969,2.0,0.73,0.825,BRB
20217,1970,2.0,0.73,0.84,BRB
20218,1971,2.0,0.73,0.84,BRB
20219,1972,2.0,0.73,0.846,BRB
20220,1973,2.0,0.733,0.846,BRB
20221,1974,2.0,0.733,0.846,BRB
20222,1975,2.0,0.733,0.846,BRB
20223,1976,2.0,0.737,0.848,BRB
20224,1977,2.0,0.745,0.848,BRB
20225,1978,2.0,0.745,0.848,BRB
20226,1979,2.0,0.745,0.848,BRB
20227,1980,2.0,0.749,0.851,BRB
20228,1981,2.0,0.745,0.851,BRB
20229,1982,2.0,0.743,0.846,BRB
20230,1983,2.0,0.743,0.846,BRB
20231,1984,2.0,0.743,0.846,BRB
20232,1985,2.0,0.743,0.846,BRB
20233,1986,2.0,0.742,0.846,BRB
20234,1987,2.0,0.742,0.846,BRB
20235,1988,2.0,0.742,0.846,BRB
20236,1989,2.0,0.742,0.853,BRB
20237,1990,2.0,0.745,0.855,BRB
20238,1991,2.0,0.76,0.855,BRB
20239,1992,2.0,0.76,0.855,BRB
20240,1993,2.0,0.76,0.855,BRB
20241,1994,2.0,0.763,0.855,BRB
20242,1995,2.0,0.767,0.855,BRB
20243,1996,2.0,0.767,0.855,BRB
20244,1997,2.0,0.767,0.855,BRB
20245,1998,2.0,0.767,0.855,BRB
20246,1999,2.0,0.77,0.855,BRB
20247,2000,2.0,0.769,0.855,BRB
20248,2001,2.0,0.769,0.855,BRB
20249,2002,2.0,0.769,0.855,BRB
20250,2003,2.0,0.767,0.855,BRB
20251,2004,2.0,0.765,0.855,BRB
20252,2005,2.0,0.765,0.855,BRB
20253,2006,2.0,0.765,0.852,BRB
20254,2007,2.0,0.765,0.853,BRB
20255,2008,2.0,0.782,0.853,BRB
20256,2009,2.0,0.783,0.853,BRB
20257,2010,2.0,0.783,0.854,BRB
20258,2011,2.0,0.783,0.854,BRB
20259,2012,2.0,0.783,0.854,BRB
20260,2013,2.0,0.779,0.854,BRB
20261,2014,2.0,0.779,0.853,BRB
20262,2015,3.0,0.777,0.856,BRB
20263,2016,3.0,0.777,0.856,BRB
20264,2017,3.0,0.774,0.847,BRB
20265,2018,3.0,0.776,0.839,BRB
20266,2019,3.0,0.789,0.839,BRB
20267,2020,3.0,0.801,0.846,BRB
20268,2021,3.0,0.795,0.846,BRB
20269,2022,3.0,0.793,0.846,BRB
20270,2023,3.0,0.792,0.848,BRB
20399,1950,3.0,0.716,0.899,BEL
20400,1951,3.0,0.721,0.901,BEL
20401,1952,3.0,0.721,0.901,BEL
20402,1953,3.0,0.721,0.901,BEL
20403,1954,3.0,0.726,0.901,BEL
20404,1955,3.0,0.729,0.901,BEL
20405,1956,3.0,0.729,0.901,BEL
20406,1957,3.0,0.729,0.904,BEL
20407,1958,3.0,0.73,0.904,BEL
20408,1959,3.0,0.731,0.905,BEL
20409,1960,3.0,0.836,0.905,BEL
20410,1961,3.0,0.838,0.904,BEL
20411,1962,3.0,0.844,0.906,BEL
20412,1963,3.0,0.844,0.912,BEL
20413,1964,3.0,0.844,0.912,BEL
20414,1965,3.0,0.845,0.912,BEL
20415,1966,3.0,0.846,0.912,BEL
20416,1967,3.0,0.846,0.912,BEL
20417,1968,3.0,0.844,0.912,BEL
20418,1969,3.0,0.844,0.912,BEL
20419,1970,3.0,0.846,0.914,BEL
20420,1971,3.0,0.847,0.914,BEL
20421,1972,3.0,0.852,0.914,BEL
20422,1973,3.0,0.852,0.914,BEL
20423,1974,3.0,0.849,0.914,BEL
20424,1975,3.0,0.849,0.914,BEL
20425,1976,3.0,0.851,0.914,BEL
20426,1977,3.0,0.853,0.914,BEL
20427,1978,3.0,0.854,0.914,BEL
20428,1979,3.0,0.855,0.914,BEL
20429,1980,3.0,0.865,0.918,BEL
20430,1981,3.0,0.862,0.918,BEL
20431,1982,3.0,0.86,0.918,BEL
20432,1983,3.0,0.86,0.918,BEL
20433,1984,3.0,0.86,0.918,BEL
20434,1985,3.0,0.86,0.918,BEL
20435,1986,3.0,0.86,0.918,BEL
20436,1987,3.0,0.858,0.918,BEL
20437,1988,3.0,0.856,0.918,BEL
20438,1989,3.0,0.862,0.915,BEL
20439,1990,3.0,0.872,0.925,BEL
20440,1991,3.0,0.873,0.924,BEL
20441,1992,3.0,0.876,0.927,BEL
20442,1993,3.0,0.876,0.927,BEL
20443,1994,3.0,0.876,0.927,BEL
20444,1995,3.0,0.878,0.927,BEL
20445,1996,3.0,0.878,0.931,BEL
20446,1997,3.0,0.878,0.931,BEL
20447,1998,3.0,0.878,0.927,BEL
20448,1999,3.0,0.881,0.933,BEL
20449,2000,3.0,0.885,0.933,BEL
20450,2001,3.0,0.885,0.933,BEL
20451,2002,3.0,0.885,0.933,BEL
20452,2003,3.0,0.887,0.933,BEL
20453,2004,3.0,0.866,0.933,BEL
20454,2005,3.0,0.881,0.933,BEL
20455,2006,3.0,0.884,0.933,BEL
20456,2007,3.0,0.895,0.938,BEL
20457,2008,3.0,0.907,0.935,BEL
20458,2009,3.0,0.907,0.936,BEL
20459,2010,3.0,0.904,0.933,BEL
20460,2011,3.0,0.901,0.933,BEL
20461,2012,3.0,0.901,0.933,BEL
20462,2013,3.0,0.906,0.937,BEL
20463,2014,3.0,0.904,0.937,BEL
20464,2015,3.0,0.903,0.935,BEL
20465,2016,3.0,0.903,0.935,BEL
20466,2017,3.0,0.902,0.935,BEL
20467,2018,3.0,0.902,0.935,BEL
20468,2019,3.0,0.902,0.938,BEL
20469,2020,3.0,0.897,0.925,BEL
20470,2021,3.0,0.898,0.925,BEL
20471,2022,3.0,0.898,0.935,BEL
20472,2023,3.0,0.898,0.908,BEL
20474,1992,0.0,0.249,0.219,BIH
20475,1993,0.0,0.249,0.219,BIH
20476,1994,0.0,0.187,0.174,BIH
20477,1995,0.0,0.187,0.185,BIH
20478,1996,1.0,0.268,0.359,BIH
20479,1997,2.0,0.585,0.517,BIH
20480,1998,2.0,0.602,0.528,BIH
20481,1999,2.0,0.618,0.53,BIH
20482,2000,2.0,0.638,0.57,BIH
20483,2001,2.0,0.659,0.602,BIH
20484,2002,2.0,0.655,0.592,BIH
20485,2003,2.0,0.664,0.606,BIH
20486,2004,2.0,0.646,0.598,BIH
20487,2005,2.0,0.646,0.61,BIH
20488,2006,2.0,0.626,0.607,BIH
20489,2007,2.0,0.566,0.609,BIH
20490,2008,2.0,0.564,0.611,BIH
20491,2009,2.0,0.563,0.603,BIH
20492,2010,2.0,0.57,0.605,BIH
20493,2011,2.0,0.573,0.605,BIH
20494,2012,2.0,0.573,0.605,BIH
20495,2013,2.0,0.563,0.613,BIH
20496,2014,2.0,0.56,0.615,BIH
20497,2015,2.0,0.549,0.614,BIH
20498,2016,2.0,0.554,0.602,BIH
20499,2017,2.0,0.545,0.611,BIH
20500,2018,2.0,0.519,0.612,BIH
20501,2019,2.0,0.524,0.6,BIH
20502,2020,2.0,0.524,0.583,BIH
20503,2021,2.0,0.517,0.584,BIH
20504,2022,2.0,0.521,0.596,BIH
20505,2023,2.0,0.504,0.607,BIH
20579,1950,0.0,0.165,0.148,BGR
20580,1951,0.0,0.164,0.148,BGR
20581,1952,0.0,0.164,0.148,BGR
20582,1953,0.0,0.166,0.15,BGR
20583,1954,0.0,0.173,0.15,BGR
20584,1955,0.0,0.173,0.146,BGR
20585,1956,0.0,0.173,0.146,BGR
20586,1957,0.0,0.175,0.146,BGR
20587,1958,0.0,0.172,0.146,BGR
20588,1959,0.0,0.172,0.146,BGR
20589,1960,0.0,0.172,0.147,BGR
20590,1961,0.0,0.172,0.147,BGR
20591,1962,0.0,0.176,0.147,BGR
20592,1963,0.0,0.176,0.147,BGR
20593,1964,0.0,0.176,0.147,BGR
20594,1965,0.0,0.177,0.147,BGR
20595,1966,0.0,0.177,0.147,BGR
20596,1967,0.0,0.176,0.147,BGR
20597,1968,0.0,0.176,0.147,BGR
20598,1969,0.0,0.176,0.147,BGR
20599,1970,0.0,0.177,0.149,BGR
20600,1971,0.0,0.177,0.151,BGR
20601,1972,0.0,0.176,0.151,BGR
20602,1973,0.0,0.176,0.151,BGR
20603,1974,0.0,0.176,0.151,BGR
20604,1975,0.0,0.178,0.151,BGR
20605,1976,0.0,0.178,0.151,BGR
20606,1977,0.0,0.177,0.151,BGR
20607,1978,0.0,0.177,0.151,BGR
20608,1979,0.0,0.177,0.151,BGR
20609,1980,0.0,0.179,0.153,BGR
20610,1981,0.0,0.179,0.153,BGR
20611,1982,0.0,0.18,0.153,BGR
20612,1983,0.0,0.18,0.153,BGR
20613,1984,0.0,0.181,0.153,BGR
20614,1985,0.0,0.181,0.153,BGR
20615,1986,0.0,0.18,0.153,BGR
20616,1987,0.0,0.18,0.153,BGR
20617,1988,0.0,0.18,0.153,BGR
20618,1989,0.0,0.182,0.155,BGR
20619,1990,2.0,0.574,0.779,BGR
20620,1991,2.0,0.628,0.818,BGR
20621,1992,2.0,0.695,0.867,BGR
20622,1993,2.0,0.691,0.867,BGR
20623,1994,2.0,0.691,0.867,BGR
20624,1995,2.0,0.695,0.867,BGR
20625,1996,2.0,0.703,0.867,BGR
20626,1997,2.0,0.715,0.867,BGR
20627,1998,2.0,0.71,0.872,BGR
20628,1999,2.0,0.719,0.872,BGR
20629,2000,2.0,0.72,0.875,BGR
20630,2001,2.0,0.692,0.875,BGR
20631,2002,2.0,0.718,0.869,BGR
20632,2003,2.0,0.718,0.87,BGR
20633,2004,2.0,0.714,0.877,BGR
20634,2005,2.0,0.705,0.877,BGR
20635,2006,2.0,0.706,0.879,BGR
20636,2007,2.0,0.708,0.88,BGR
20637,2008,2.0,0.709,0.881,BGR
20638,2009,2.0,0.696,0.858,BGR
20639,2010,2.0,0.678,0.845,BGR
20640,2011,2.0,0.672,0.845,BGR
20641,2012,2.0,0.663,0.847,BGR
20642,2013,2.0,0.657,0.825,BGR
20643,2014,2.0,0.677,0.833,BGR
20644,2015,2.0,0.669,0.851,BGR
20645,2016,2.0,0.669,0.838,BGR
20646,2017,2.0,0.624,0.841,BGR
20647,2018,2.0,0.614,0.83,BGR
20648,2019,2.0,0.614,0.824,BGR
20649,2020,2.0,0.603,0.819,BGR
20650,2021,2.0,0.666,0.826,BGR
20651,2022,2.0,0.694,0.901,BGR
20652,2023,2.0,0.67,0.89,BGR
20672,1950,0.0,0.061,0.183,COM
20673,1951,0.0,0.067,0.183,COM
20674,1952,0.0,0.067,0.183,COM
20675,1953,0.0,0.067,0.183,COM
20676,1954,0.0,0.067,0.183,COM
20677,1955,0.0,0.067,0.183,COM
20678,1956,0.0,0.067,0.183,COM
20679,1957,0.0,0.117,0.186,COM
20680,1958,0.0,0.118,0.186,COM
20681,1959,0.0,0.118,0.186,COM
20682,1960,0.0,0.118,0.189,COM
20683,1961,0.0,0.118,0.189,COM
20684,1962,0.0,0.118,0.19,COM
20685,1963,0.0,0.118,0.19,COM
20686,1964,0.0,0.118,0.188,COM
20687,1965,0.0,0.12,0.191,COM
20688,1966,0.0,0.12,0.191,COM
20689,1967,0.0,0.12,0.191,COM
20690,1968,0.0,0.12,0.191,COM
20691,1969,0.0,0.12,0.191,COM
20692,1970,0.0,0.122,0.201,COM
20693,1971,0.0,0.123,0.201,COM
20694,1972,0.0,0.124,0.247,COM
20695,1973,0.0,0.148,0.252,COM
20696,1974,0.0,0.148,0.24,COM
20697,1975,0.0,0.132,0.239,COM
20698,1976,1.0,0.169,0.298,COM
20699,1977,1.0,0.169,0.307,COM
20700,1978,0.0,0.15,0.304,COM
20701,1979,0.0,0.221,0.263,COM
20702,1980,0.0,0.231,0.253,COM
20703,1981,0.0,0.231,0.253,COM
20704,1982,0.0,0.21,0.253,COM
20705,1983,0.0,0.207,0.253,COM
20706,1984,0.0,0.206,0.253,COM
20707,1985,0.0,0.203,0.253,COM
20708,1986,0.0,0.203,0.256,COM
20709,1987,0.0,0.206,0.258,COM
20710,1988,0.0,0.207,0.258,COM
20711,1989,1.0,0.207,0.259,COM
20712,1990,1.0,0.395,0.372,COM
20713,1991,1.0,0.424,0.387,COM
20714,1992,1.0,0.42,0.399,COM
20715,1993,1.0,0.345,0.336,COM
20716,1994,1.0,0.413,0.397,COM
20717,1995,1.0,0.409,0.386,COM
20718,1996,1.0,0.322,0.308,COM
20719,1997,1.0,0.438,0.39,COM
20720,1998,1.0,0.442,0.395,COM
20721,1999,1.0,0.305,0.305,COM
20722,2000,0.0,0.225,0.274,COM
20723,2001,0.0,0.229,0.246,COM
20724,2002,1.0,0.327,0.295,COM
20725,2003,1.0,0.383,0.312,COM
20726,2004,1.0,0.426,0.441,COM
20727,2005,1.0,0.448,0.498,COM
20728,2006,1.0,0.446,0.479,COM
20729,2007,1.0,0.447,0.48,COM
20730,2008,1.0,0.447,0.483,COM
20731,2009,1.0,0.451,0.464,COM
20732,2010,1.0,0.439,0.486,COM
20733,2011,1.0,0.474,0.489,COM
20734,2012,1.0,0.474,0.489,COM
20735,2013,1.0,0.495,0.519,COM
20736,2014,1.0,0.495,0.52,COM
20737,2015,1.0,0.415,0.507,COM
20738,2016,1.0,0.407,0.517,COM
20739,2017,1.0,0.396,0.368,COM
20740,2018,1.0,0.383,0.323,COM
20741,2019,1.0,0.318,0.237,COM
20742,2020,1.0,0.289,0.239,COM
20743,2021,1.0,0.291,0.23,COM
20744,2022,1.0,0.283,0.24,COM
20745,2023,1.0,0.272,0.226,COM
20751,1991,0.0,0.242,0.432,HRV
20752,1992,1.0,0.3,0.421,HRV
20753,1993,1.0,0.38,0.435,HRV
20754,1994,1.0,0.384,0.438,HRV
20755,1995,1.0,0.39,0.437,HRV
20756,1996,1.0,0.409,0.48,HRV
20757,1997,1.0,0.422,0.518,HRV
20758,1998,1.0,0.427,0.51,HRV
20759,1999,1.0,0.437,0.543,HRV
20760,2000,2.0,0.771,0.794,HRV
20761,2001,2.0,0.773,0.802,HRV
20762,2002,2.0,0.771,0.802,HRV
20763,2003,2.0,0.774,0.805,HRV
20764,2004,2.0,0.752,0.79,HRV
20765,2005,2.0,0.777,0.805,HRV
20766,2006,2.0,0.775,0.803,HRV
20767,2007,2.0,0.787,0.802,HRV
20768,2008,2.0,0.783,0.803,HRV
20769,2009,2.0,0.787,0.826,HRV
20770,2010,2.0,0.846,0.863,HRV
20771,2011,2.0,0.854,0.867,HRV
20772,2012,2.0,0.855,0.867,HRV
20773,2013,2.0,0.832,0.851,HRV
20774,2014,2.0,0.828,0.851,HRV
20775,2015,2.0,0.816,0.854,HRV
20776,2016,2.0,0.764,0.855,HRV
20777,2017,2.0,0.739,0.844,HRV
20778,2018,2.0,0.732,0.842,HRV
20779,2019,2.0,0.742,0.842,HRV
20780,2020,2.0,0.773,0.855,HRV
20781,2021,2.0,0.761,0.859,HRV
20782,2022,2.0,0.742,0.887,HRV
20783,2023,2.0,0.744,0.877,HRV
20946,1950,1.0,0.424,0.654,CUB
20947,1951,1.0,0.414,0.625,CUB
20948,1952,1.0,0.256,0.54,CUB
20949,1953,0.0,0.192,0.338,CUB
20950,1954,1.0,0.194,0.337,CUB
20951,1955,1.0,0.269,0.337,CUB
20952,1956,1.0,0.28,0.337,CUB
20953,1957,1.0,0.279,0.337,CUB
20954,1958,1.0,0.279,0.337,CUB
20955,1959,1.0,0.149,0.183,CUB
20956,1960,0.0,0.088,0.095,CUB
20957,1961,0.0,0.07,0.09,CUB
20958,1962,0.0,0.069,0.079,CUB
20959,1963,0.0,0.069,0.082,CUB
20960,1964,0.0,0.069,0.082,CUB
20961,1965,0.0,0.069,0.078,CUB
20962,1966,0.0,0.069,0.08,CUB
20963,1967,0.0,0.069,0.08,CUB
20964,1968,0.0,0.069,0.074,CUB
20965,1969,0.0,0.069,0.079,CUB
20966,1970,0.0,0.069,0.079,CUB
20967,1971,0.0,0.069,0.079,CUB
20968,1972,0.0,0.069,0.08,CUB
20969,1973,0.0,0.069,0.08,CUB
20970,1974,0.0,0.069,0.08,CUB
20971,1975,0.0,0.069,0.08,CUB
20972,1976,0.0,0.069,0.087,CUB
20973,1977,0.0,0.069,0.113,CUB
20974,1978,0.0,0.069,0.113,CUB
20975,1979,0.0,0.069,0.118,CUB
20976,1980,0.0,0.071,0.11,CUB
20977,1981,0.0,0.071,0.11,CUB
20978,1982,0.0,0.071,0.11,CUB
20979,1983,0.0,0.071,0.11,CUB
20980,1984,0.0,0.071,0.11,CUB
20981,1985,0.0,0.071,0.11,CUB
20982,1986,0.0,0.071,0.11,CUB
20983,1987,0.0,0.071,0.11,CUB
20984,1988,0.0,0.071,0.11,CUB
20985,1989,0.0,0.071,0.11,CUB
20986,1990,0.0,0.071,0.111,CUB
20987,1991,0.0,0.071,0.111,CUB
20988,1992,0.0,0.071,0.112,CUB
20989,1993,0.0,0.103,0.112,CUB
20990,1994,0.0,0.108,0.112,CUB
20991,1995,0.0,0.108,0.112,CUB
20992,1996,0.0,0.108,0.115,CUB
20993,1997,0.0,0.108,0.117,CUB
20994,1998,0.0,0.113,0.117,CUB
20995,1999,0.0,0.113,0.117,CUB
20996,2000,0.0,0.114,0.117,CUB
20997,2001,0.0,0.114,0.126,CUB
20998,2002,0.0,0.114,0.126,CUB
20999,2003,0.0,0.114,0.121,CUB
21000,2004,0.0,0.114,0.121,CUB
21001,2005,0.0,0.113,0.123,CUB
21002,2006,0.0,0.114,0.123,CUB
21003,2007,0.0,0.114,0.123,CUB
21004,2008,0.0,0.105,0.121,CUB
21005,2009,0.0,0.167,0.126,CUB
21006,2010,0.0,0.167,0.125,CUB
21007,2011,0.0,0.167,0.129,CUB
21008,2012,0.0,0.167,0.13,CUB
21009,2013,0.0,0.169,0.15,CUB
21010,2014,0.0,0.169,0.149,CUB
21011,2015,0.0,0.169,0.148,CUB
21012,2016,0.0,0.171,0.143,CUB
21013,2017,0.0,0.17,0.153,CUB
21014,2018,0.0,0.177,0.153,CUB
21015,2019,0.0,0.181,0.156,CUB
21016,2020,0.0,0.179,0.154,CUB
21017,2021,0.0,0.179,0.139,CUB
21018,2022,0.0,0.178,0.141,CUB
21019,2023,0.0,0.175,0.137,CUB
21071,1950,0.0,0.088,0.343,CYP
21072,1951,0.0,0.088,0.349,CYP
21073,1952,0.0,0.088,0.349,CYP
21074,1953,0.0,0.088,0.349,CYP
21075,1954,0.0,0.088,0.349,CYP
21076,1955,0.0,0.083,0.323,CYP
21077,1956,0.0,0.081,0.305,CYP
21078,1957,0.0,0.081,0.308,CYP
21079,1958,0.0,0.081,0.304,CYP
21080,1959,0.0,0.087,0.321,CYP
21081,1960,1.0,0.34,0.474,CYP
21082,1961,1.0,0.463,0.664,CYP
21083,1962,1.0,0.468,0.66,CYP
21084,1963,1.0,0.468,0.659,CYP
21085,1964,1.0,0.465,0.659,CYP
21086,1965,1.0,0.465,0.659,CYP
21087,1966,1.0,0.465,0.659,CYP
21088,1967,1.0,0.465,0.659,CYP
21089,1968,1.0,0.462,0.659,CYP
21090,1969,1.0,0.461,0.659,CYP
21091,1970,1.0,0.476,0.682,CYP
21092,1971,1.0,0.488,0.688,CYP
21093,1972,1.0,0.488,0.699,CYP
21094,1973,1.0,0.488,0.705,CYP
21095,1974,2.0,0.504,0.672,CYP
21096,1975,2.0,0.532,0.768,CYP
21097,1976,2.0,0.561,0.783,CYP
21098,1977,2.0,0.577,0.775,CYP
21099,1978,2.0,0.577,0.778,CYP
21100,1979,2.0,0.577,0.778,CYP
21101,1980,2.0,0.602,0.785,CYP
21102,1981,2.0,0.639,0.785,CYP
21103,1982,2.0,0.661,0.785,CYP
21104,1983,2.0,0.693,0.785,CYP
21105,1984,2.0,0.698,0.785,CYP
21106,1985,2.0,0.698,0.785,CYP
21107,1986,2.0,0.7,0.786,CYP
21108,1987,2.0,0.7,0.786,CYP
21109,1988,2.0,0.713,0.786,CYP
21110,1989,2.0,0.725,0.791,CYP
21111,1990,2.0,0.754,0.804,CYP
21112,1991,2.0,0.767,0.808,CYP
21113,1992,2.0,0.775,0.808,CYP
21114,1993,2.0,0.776,0.808,CYP
21115,1994,2.0,0.776,0.811,CYP
21116,1995,2.0,0.776,0.807,CYP
21117,1996,2.0,0.776,0.807,CYP
21118,1997,2.0,0.777,0.807,CYP
21119,1998,2.0,0.767,0.816,CYP
21120,1999,2.0,0.769,0.822,CYP
21121,2000,2.0,0.795,0.834,CYP
21122,2001,2.0,0.805,0.834,CYP
21123,2002,2.0,0.809,0.832,CYP
21124,2003,2.0,0.806,0.813,CYP
21125,2004,3.0,0.825,0.847,CYP
21126,2005,3.0,0.823,0.847,CYP
21127,2006,3.0,0.834,0.849,CYP
21128,2007,3.0,0.841,0.86,CYP
21129,2008,3.0,0.839,0.858,CYP
21130,2009,3.0,0.839,0.857,CYP
21131,2010,3.0,0.848,0.859,CYP
21132,2011,3.0,0.848,0.859,CYP
21133,2012,3.0,0.846,0.859,CYP
21134,2013,3.0,0.847,0.861,CYP
21135,2014,3.0,0.845,0.863,CYP
21136,2015,3.0,0.851,0.863,CYP
21137,2016,3.0,0.852,0.863,CYP
21138,2017,3.0,0.839,0.871,CYP
21139,2018,3.0,0.834,0.866,CYP
21140,2019,3.0,0.84,0.84,CYP
21141,2020,3.0,0.807,0.859,CYP
21142,2021,3.0,0.797,0.811,CYP
21143,2022,3.0,0.782,0.822,CYP
21144,2023,2.0,0.778,0.822,CYP
21178,1950,0.0,0.187,0.058,CZE
21179,1951,0.0,0.187,0.058,CZE
21180,1952,0.0,0.187,0.055,CZE
21181,1953,0.0,0.138,0.055,CZE
21182,1954,0.0,0.128,0.075,CZE
21183,1955,0.0,0.131,0.076,CZE
21184,1956,0.0,0.131,0.089,CZE
21185,1957,0.0,0.139,0.091,CZE
21186,1958,0.0,0.195,0.091,CZE
21187,1959,0.0,0.195,0.091,CZE
21188,1960,0.0,0.195,0.111,CZE
21189,1961,0.0,0.194,0.12,CZE
21190,1962,0.0,0.195,0.12,CZE
21191,1963,0.0,0.196,0.122,CZE
21192,1964,0.0,0.198,0.122,CZE
21193,1965,0.0,0.198,0.123,CZE
21194,1966,0.0,0.198,0.123,CZE
21195,1967,0.0,0.205,0.125,CZE
21196,1968,0.0,0.16,0.166,CZE
21197,1969,0.0,0.14,0.156,CZE
21198,1970,0.0,0.133,0.133,CZE
21199,1971,0.0,0.132,0.133,CZE
21200,1972,0.0,0.131,0.131,CZE
21201,1973,0.0,0.132,0.131,CZE
21202,1974,0.0,0.132,0.131,CZE
21203,1975,0.0,0.169,0.131,CZE
21204,1976,0.0,0.195,0.131,CZE
21205,1977,0.0,0.196,0.131,CZE
21206,1978,0.0,0.196,0.131,CZE
21207,1979,0.0,0.196,0.131,CZE
21208,1980,0.0,0.196,0.129,CZE
21209,1981,0.0,0.195,0.131,CZE
21210,1982,0.0,0.195,0.131,CZE
21211,1983,0.0,0.195,0.131,CZE
21212,1984,0.0,0.195,0.131,CZE
21213,1985,0.0,0.195,0.133,CZE
21214,1986,0.0,0.197,0.133,CZE
21215,1987,0.0,0.197,0.133,CZE
21216,1988,0.0,0.136,0.133,CZE
21217,1989,0.0,0.146,0.16,CZE
21218,1990,3.0,0.8,0.9,CZE
21219,1991,3.0,0.888,0.901,CZE
21220,1992,3.0,0.888,0.913,CZE
21221,1993,3.0,0.896,0.92,CZE
21222,1994,3.0,0.896,0.92,CZE
21223,1995,3.0,0.896,0.92,CZE
21224,1996,3.0,0.896,0.92,CZE
21225,1997,3.0,0.896,0.92,CZE
21226,1998,3.0,0.887,0.92,CZE
21227,1999,3.0,0.879,0.92,CZE
21228,2000,3.0,0.879,0.919,CZE
21229,2001,3.0,0.879,0.919,CZE
21230,2002,3.0,0.888,0.919,CZE
21231,2003,3.0,0.896,0.919,CZE
21232,2004,3.0,0.897,0.919,CZE
21233,2005,3.0,0.897,0.92,CZE
21234,2006,3.0,0.9,0.92,CZE
21235,2007,3.0,0.902,0.921,CZE
21236,2008,3.0,0.902,0.921,CZE
21237,2009,3.0,0.895,0.92,CZE
21238,2010,3.0,0.886,0.918,CZE
21239,2011,3.0,0.894,0.909,CZE
21240,2012,3.0,0.894,0.918,CZE
21241,2013,3.0,0.87,0.908,CZE
21242,2014,3.0,0.857,0.91,CZE
21243,2015,3.0,0.857,0.909,CZE
21244,2016,3.0,0.857,0.904,CZE
21245,2017,3.0,0.842,0.879,CZE
21246,2018,3.0,0.817,0.879,CZE
21247,2019,3.0,0.808,0.884,CZE
21248,2020,2.0,0.815,0.889,CZE
21249,2021,2.0,0.794,0.894,CZE
21250,2022,3.0,0.857,0.93,CZE
21251,2023,3.0,0.869,0.932,CZE
21414,1950,3.0,0.906,0.97,DNK
21415,1951,3.0,0.906,0.972,DNK
21416,1952,3.0,0.906,0.972,DNK
21417,1953,3.0,0.904,0.973,DNK
21418,1954,3.0,0.902,0.98,DNK
21419,1955,3.0,0.905,0.98,DNK
21420,1956,3.0,0.905,0.98,DNK
21421,1957,3.0,0.904,0.98,DNK
21422,1958,3.0,0.903,0.98,DNK
21423,1959,3.0,0.903,0.98,DNK
21424,1960,3.0,0.905,0.98,DNK
21425,1961,3.0,0.905,0.98,DNK
21426,1962,3.0,0.905,0.981,DNK
21427,1963,3.0,0.905,0.981,DNK
21428,1964,3.0,0.906,0.981,DNK
21429,1965,3.0,0.906,0.981,DNK
21430,1966,3.0,0.906,0.981,DNK
21431,1967,3.0,0.907,0.981,DNK
21432,1968,3.0,0.907,0.981,DNK
21433,1969,3.0,0.907,0.983,DNK
21434,1970,3.0,0.907,0.983,DNK
21435,1971,3.0,0.908,0.983,DNK
21436,1972,3.0,0.91,0.983,DNK
21437,1973,3.0,0.91,0.984,DNK
21438,1974,3.0,0.908,0.984,DNK
21439,1975,3.0,0.906,0.984,DNK
21440,1976,3.0,0.906,0.984,DNK
21441,1977,3.0,0.907,0.984,DNK
21442,1978,3.0,0.907,0.984,DNK
21443,1979,3.0,0.908,0.984,DNK
21444,1980,3.0,0.911,0.984,DNK
21445,1981,3.0,0.91,0.984,DNK
21446,1982,3.0,0.907,0.984,DNK
21447,1983,3.0,0.907,0.984,DNK
21448,1984,3.0,0.91,0.984,DNK
21449,1985,3.0,0.91,0.984,DNK
21450,1986,3.0,0.91,0.984,DNK
21451,1987,3.0,0.909,0.984,DNK
21452,1988,3.0,0.908,0.984,DNK
21453,1989,3.0,0.908,0.984,DNK
21454,1990,3.0,0.908,0.984,DNK
21455,1991,3.0,0.908,0.984,DNK
21456,1992,3.0,0.908,0.984,DNK
21457,1993,3.0,0.908,0.984,DNK
21458,1994,3.0,0.909,0.984,DNK
21459,1995,3.0,0.911,0.984,DNK
21460,1996,3.0,0.911,0.984,DNK
21461,1997,3.0,0.911,0.984,DNK
21462,1998,3.0,0.908,0.984,DNK
21463,1999,3.0,0.908,0.984,DNK
21464,2000,3.0,0.908,0.984,DNK
21465,2001,3.0,0.908,0.984,DNK
21466,2002,3.0,0.91,0.984,DNK
21467,2003,3.0,0.91,0.984,DNK
21468,2004,3.0,0.91,0.984,DNK
21469,2005,3.0,0.921,0.984,DNK
21470,2006,3.0,0.923,0.984,DNK
21471,2007,3.0,0.923,0.984,DNK
21472,2008,3.0,0.922,0.984,DNK
21473,2009,3.0,0.922,0.984,DNK
21474,2010,3.0,0.922,0.984,DNK
21475,2011,3.0,0.922,0.984,DNK
21476,2012,3.0,0.922,0.984,DNK
21477,2013,3.0,0.922,0.984,DNK
21478,2014,3.0,0.922,0.984,DNK
21479,2015,3.0,0.923,0.983,DNK
21480,2016,3.0,0.921,0.983,DNK
21481,2017,3.0,0.921,0.982,DNK
21482,2018,3.0,0.921,0.981,DNK
21483,2019,3.0,0.917,0.98,DNK
21484,2020,3.0,0.917,0.975,DNK
21485,2021,3.0,0.919,0.976,DNK
21486,2022,3.0,0.918,0.981,DNK
21487,2023,3.0,0.916,0.977,DNK
21539,1950,0.0,0.019,0.068,GNQ
21540,1951,0.0,0.019,0.068,GNQ
21541,1952,0.0,0.019,0.068,GNQ
21542,1953,0.0,0.019,0.068,GNQ
21543,1954,0.0,0.019,0.068,GNQ
21544,1955,0.0,0.02,0.068,GNQ
21545,1956,0.0,0.02,0.068,GNQ
21546,1957,0.0,0.02,0.068,GNQ
21547,1958,0.0,0.02,0.068,GNQ
21548,1959,0.0,0.034,0.082,GNQ
21549,1960,0.0,0.037,0.146,GNQ
21550,1961,0.0,0.039,0.146,GNQ
21551,1962,0.0,0.039,0.146,GNQ
21552,1963,0.0,0.039,0.149,GNQ
21553,1964,0.0,0.045,0.186,GNQ
21554,1965,0.0,0.047,0.186,GNQ
21555,1966,0.0,0.047,0.186,GNQ
21556,1967,0.0,0.047,0.186,GNQ
21557,1968,1.0,0.169,0.178,GNQ
21558,1969,1.0,0.177,0.099,GNQ
21559,1970,1.0,0.17,0.018,GNQ
21560,1971,1.0,0.112,0.007,GNQ
21561,1972,1.0,0.1,0.005,GNQ
21562,1973,1.0,0.069,0.018,GNQ
21563,1974,1.0,0.069,0.018,GNQ
21564,1975,1.0,0.069,0.018,GNQ
21565,1976,1.0,0.069,0.018,GNQ
21566,1977,1.0,0.069,0.018,GNQ
21567,1978,1.0,0.069,0.018,GNQ
21568,1979,0.0,0.044,0.018,GNQ
21569,1980,0.0,0.032,0.08,GNQ
21570,1981,0.0,0.032,0.083,GNQ
21571,1982,0.0,0.103,0.083,GNQ
21572,1983,0.0,0.137,0.105,GNQ
21573,1984,0.0,0.147,0.124,GNQ
21574,1985,0.0,0.147,0.124,GNQ
21575,1986,0.0,0.147,0.124,GNQ
21576,1987,0.0,0.147,0.122,GNQ
21577,1988,0.0,0.162,0.122,GNQ
21578,1989,0.0,0.163,0.122,GNQ
21579,1990,0.0,0.163,0.131,GNQ
21580,1991,0.0,0.163,0.131,GNQ
21581,1992,0.0,0.163,0.127,GNQ
21582,1993,0.0,0.173,0.129,GNQ
21583,1994,0.0,0.179,0.129,GNQ
21584,1995,0.0,0.183,0.129,GNQ
21585,1996,1.0,0.184,0.129,GNQ
21586,1997,1.0,0.182,0.123,GNQ
21587,1998,1.0,0.182,0.123,GNQ
21588,1999,1.0,0.183,0.124,GNQ
21589,2000,1.0,0.187,0.126,GNQ
21590,2001,1.0,0.187,0.126,GNQ
21591,2002,1.0,0.187,0.128,GNQ
21592,2003,1.0,0.188,0.128,GNQ
21593,2004,1.0,0.186,0.128,GNQ
21594,2005,1.0,0.182,0.13,GNQ
21595,2006,1.0,0.183,0.131,GNQ
21596,2007,1.0,0.183,0.13,GNQ
21597,2008,1.0,0.181,0.129,GNQ
21598,2009,1.0,0.181,0.129,GNQ
21599,2010,1.0,0.18,0.117,GNQ
21600,2011,1.0,0.179,0.117,GNQ
21601,2012,1.0,0.179,0.117,GNQ
21602,2013,1.0,0.181,0.125,GNQ
21603,2014,1.0,0.182,0.125,GNQ
21604,2015,1.0,0.181,0.118,GNQ
21605,2016,1.0,0.181,0.121,GNQ
21606,2017,1.0,0.177,0.12,GNQ
21607,2018,1.0,0.178,0.125,GNQ
21608,2019,1.0,0.179,0.123,GNQ
21609,2020,1.0,0.178,0.119,GNQ
21610,2021,1.0,0.174,0.122,GNQ
21611,2022,1.0,0.174,0.114,GNQ
21612,2023,1.0,0.184,0.127,GNQ
21636,1990,2.0,0.799,0.859,EST
21637,1991,2.0,0.607,0.778,EST
21638,1992,1.0,0.451,0.694,EST
21639,1993,2.0,0.883,0.923,EST
21640,1994,2.0,0.87,0.926,EST
21641,1995,2.0,0.87,0.931,EST
21642,1996,3.0,0.87,0.935,EST
21643,1997,3.0,0.87,0.936,EST
21644,1998,3.0,0.87,0.935,EST
21645,1999,3.0,0.867,0.939,EST
21646,2000,3.0,0.867,0.942,EST
21647,2001,3.0,0.867,0.942,EST
21648,2002,3.0,0.867,0.943,EST
21649,2003,3.0,0.87,0.943,EST
21650,2004,3.0,0.872,0.943,EST
21651,2005,3.0,0.872,0.943,EST
21652,2006,3.0,0.872,0.943,EST
21653,2007,3.0,0.873,0.94,EST
21654,2008,3.0,0.874,0.94,EST
21655,2009,3.0,0.874,0.941,EST
21656,2010,3.0,0.881,0.956,EST
21657,2011,3.0,0.881,0.956,EST
21658,2012,3.0,0.881,0.954,EST
21659,2013,3.0,0.883,0.958,EST
21660,2014,3.0,0.887,0.958,EST
21661,2015,3.0,0.895,0.958,EST
21662,2016,3.0,0.907,0.958,EST
21663,2017,3.0,0.906,0.959,EST
21664,2018,3.0,0.905,0.962,EST
21665,2019,3.0,0.898,0.954,EST
21666,2020,3.0,0.896,0.945,EST
21667,2021,3.0,0.898,0.962,EST
21668,2022,3.0,0.895,0.966,EST
21669,2023,3.0,0.895,0.959,EST
21721,1950,0.0,0.212,0.584,FJI
21722,1951,0.0,0.212,0.584,FJI
21723,1952,0.0,0.212,0.584,FJI
21724,1953,0.0,0.211,0.584,FJI
21725,1954,0.0,0.211,0.584,FJI
21726,1955,0.0,0.211,0.584,FJI
21727,1956,0.0,0.21,0.584,FJI
21728,1957,0.0,0.212,0.584,FJI
21729,1958,0.0,0.212,0.584,FJI
21730,1959,0.0,0.214,0.584,FJI
21731,1960,0.0,0.217,0.584,FJI
21732,1961,0.0,0.221,0.584,FJI
21733,1962,0.0,0.221,0.584,FJI
21734,1963,0.0,0.281,0.584,FJI
21735,1964,0.0,0.289,0.584,FJI
21736,1965,0.0,0.289,0.584,FJI
21737,1966,0.0,0.299,0.584,FJI
21738,1967,1.0,0.313,0.584,FJI
21739,1968,1.0,0.484,0.584,FJI
21740,1969,1.0,0.484,0.584,FJI
21741,1970,2.0,0.511,0.699,FJI
21742,1971,2.0,0.515,0.699,FJI
21743,1972,2.0,0.54,0.699,FJI
21744,1973,2.0,0.575,0.699,FJI
21745,1974,2.0,0.575,0.699,FJI
21746,1975,2.0,0.575,0.699,FJI
21747,1976,2.0,0.575,0.699,FJI
21748,1977,2.0,0.573,0.699,FJI
21749,1978,2.0,0.573,0.699,FJI
21750,1979,2.0,0.573,0.699,FJI
21751,1980,2.0,0.573,0.699,FJI
21752,1981,2.0,0.573,0.699,FJI
21753,1982,2.0,0.572,0.699,FJI
21754,1983,2.0,0.571,0.699,FJI
21755,1984,2.0,0.571,0.699,FJI
21756,1985,2.0,0.571,0.699,FJI
21757,1986,2.0,0.571,0.699,FJI
21758,1987,0.0,0.329,0.386,FJI
21759,1988,0.0,0.221,0.414,FJI
21760,1989,0.0,0.221,0.414,FJI
21761,1990,0.0,0.224,0.418,FJI
21762,1991,0.0,0.226,0.417,FJI
21763,1992,1.0,0.409,0.55,FJI
21764,1993,2.0,0.546,0.68,FJI
21765,1994,2.0,0.536,0.68,FJI
21766,1995,2.0,0.534,0.685,FJI
21767,1996,2.0,0.534,0.688,FJI
21768,1997,2.0,0.555,0.704,FJI
21769,1998,2.0,0.555,0.704,FJI
21770,1999,2.0,0.551,0.704,FJI
21771,2000,0.0,0.346,0.441,FJI
21772,2001,0.0,0.257,0.505,FJI
21773,2002,1.0,0.319,0.645,FJI
21774,2003,2.0,0.538,0.645,FJI
21775,2004,2.0,0.538,0.645,FJI
21776,2005,2.0,0.538,0.645,FJI
21777,2006,1.0,0.397,0.561,FJI
21778,2007,0.0,0.137,0.357,FJI
21779,2008,0.0,0.134,0.355,FJI
21780,2009,0.0,0.13,0.327,FJI
21781,2010,0.0,0.134,0.356,FJI
21782,2011,0.0,0.134,0.356,FJI
21783,2012,0.0,0.137,0.356,FJI
21784,2013,0.0,0.142,0.381,FJI
21785,2014,1.0,0.197,0.432,FJI
21786,2015,1.0,0.387,0.59,FJI
21787,2016,1.0,0.398,0.597,FJI
21788,2017,1.0,0.405,0.618,FJI
21789,2018,1.0,0.404,0.61,FJI
21790,2019,1.0,0.393,0.575,FJI
21791,2020,1.0,0.408,0.574,FJI
21792,2021,1.0,0.402,0.58,FJI
21793,2022,1.0,0.399,0.564,FJI
21794,2023,2.0,0.511,0.779,FJI
21937,1950,3.0,0.816,0.961,FIN
21938,1951,3.0,0.816,0.961,FIN
21939,1952,3.0,0.815,0.961,FIN
21940,1953,3.0,0.815,0.961,FIN
21941,1954,3.0,0.817,0.961,FIN
21942,1955,3.0,0.817,0.961,FIN
21943,1956,3.0,0.811,0.961,FIN
21944,1957,3.0,0.811,0.961,FIN
21945,1958,3.0,0.815,0.961,FIN
21946,1959,3.0,0.82,0.961,FIN
21947,1960,3.0,0.82,0.964,FIN
21948,1961,3.0,0.82,0.964,FIN
21949,1962,3.0,0.809,0.964,FIN
21950,1963,3.0,0.81,0.964,FIN
21951,1964,3.0,0.81,0.964,FIN
21952,1965,3.0,0.814,0.964,FIN
21953,1966,3.0,0.809,0.964,FIN
21954,1967,3.0,0.815,0.964,FIN
21955,1968,3.0,0.819,0.964,FIN
21956,1969,3.0,0.811,0.964,FIN
21957,1970,3.0,0.812,0.964,FIN
21958,1971,3.0,0.812,0.964,FIN
21959,1972,3.0,0.811,0.964,FIN
21960,1973,3.0,0.811,0.96,FIN
21961,1974,3.0,0.811,0.963,FIN
21962,1975,3.0,0.811,0.963,FIN
21963,1976,3.0,0.817,0.963,FIN
21964,1977,3.0,0.817,0.963,FIN
21965,1978,3.0,0.82,0.963,FIN
21966,1979,3.0,0.818,0.963,FIN
21967,1980,3.0,0.815,0.963,FIN
21968,1981,3.0,0.821,0.965,FIN
21969,1982,3.0,0.841,0.961,FIN
21970,1983,3.0,0.84,0.964,FIN
21971,1984,3.0,0.839,0.964,FIN
21972,1985,3.0,0.839,0.964,FIN
21973,1986,3.0,0.839,0.969,FIN
21974,1987,3.0,0.844,0.969,FIN
21975,1988,3.0,0.843,0.969,FIN
21976,1989,3.0,0.843,0.969,FIN
21977,1990,3.0,0.857,0.972,FIN
21978,1991,3.0,0.863,0.972,FIN
21979,1992,3.0,0.864,0.972,FIN
21980,1993,3.0,0.872,0.972,FIN
21981,1994,3.0,0.872,0.972,FIN
21982,1995,3.0,0.874,0.972,FIN
21983,1996,3.0,0.874,0.972,FIN
21984,1997,3.0,0.874,0.972,FIN
21985,1998,3.0,0.874,0.972,FIN
21986,1999,3.0,0.872,0.972,FIN
21987,2000,3.0,0.871,0.972,FIN
21988,2001,3.0,0.871,0.972,FIN
21989,2002,3.0,0.871,0.972,FIN
21990,2003,3.0,0.873,0.972,FIN
21991,2004,3.0,0.873,0.972,FIN
21992,2005,3.0,0.873,0.972,FIN
21993,2006,3.0,0.876,0.972,FIN
21994,2007,3.0,0.881,0.972,FIN
21995,2008,3.0,0.882,0.972,FIN
21996,2009,3.0,0.882,0.972,FIN
21997,2010,3.0,0.882,0.972,FIN
21998,2011,3.0,0.883,0.97,FIN
21999,2012,3.0,0.884,0.97,FIN
22000,2013,3.0,0.889,0.978,FIN
22001,2014,3.0,0.889,0.978,FIN
22002,2015,3.0,0.871,0.97,FIN
22003,2016,3.0,0.87,0.97,FIN
22004,2017,3.0,0.874,0.977,FIN
22005,2018,3.0,0.88,0.979,FIN
22006,2019,3.0,0.88,0.973,FIN
22007,2020,3.0,0.879,0.975,FIN
22008,2021,3.0,0.872,0.977,FIN
22009,2022,3.0,0.873,0.971,FIN
22010,2023,3.0,0.865,0.971,FIN
22140,1950,1.0,0.311,0.606,GRC
22141,1951,1.0,0.311,0.619,GRC
22142,1952,1.0,0.314,0.649,GRC
22143,1953,1.0,0.386,0.619,GRC
22144,1954,1.0,0.387,0.666,GRC
22145,1955,1.0,0.386,0.687,GRC
22146,1956,1.0,0.386,0.698,GRC
22147,1957,1.0,0.386,0.703,GRC
22148,1958,1.0,0.386,0.703,GRC
22149,1959,1.0,0.386,0.703,GRC
22150,1960,1.0,0.386,0.703,GRC
22151,1961,1.0,0.384,0.703,GRC
22152,1962,1.0,0.375,0.703,GRC
22153,1963,1.0,0.378,0.705,GRC
22154,1964,1.0,0.394,0.71,GRC
22155,1965,1.0,0.394,0.7,GRC
22156,1966,1.0,0.339,0.693,GRC
22157,1967,0.0,0.116,0.322,GRC
22158,1968,0.0,0.074,0.238,GRC
22159,1969,0.0,0.074,0.238,GRC
22160,1970,0.0,0.074,0.238,GRC
22161,1971,0.0,0.074,0.238,GRC
22162,1972,0.0,0.074,0.238,GRC
22163,1973,0.0,0.074,0.238,GRC
22164,1974,1.0,0.139,0.296,GRC
22165,1975,2.0,0.752,0.8,GRC
22166,1976,3.0,0.816,0.859,GRC
22167,1977,3.0,0.829,0.886,GRC
22168,1978,3.0,0.83,0.886,GRC
22169,1979,3.0,0.83,0.886,GRC
22170,1980,3.0,0.83,0.886,GRC
22171,1981,3.0,0.838,0.886,GRC
22172,1982,3.0,0.851,0.89,GRC
22173,1983,3.0,0.851,0.89,GRC
22174,1984,3.0,0.86,0.889,GRC
22175,1985,3.0,0.862,0.89,GRC
22176,1986,3.0,0.863,0.89,GRC
22177,1987,3.0,0.865,0.89,GRC
22178,1988,3.0,0.865,0.89,GRC
22179,1989,3.0,0.87,0.89,GRC
22180,1990,3.0,0.882,0.89,GRC
22181,1991,3.0,0.882,0.89,GRC
22182,1992,3.0,0.882,0.892,GRC
22183,1993,3.0,0.883,0.893,GRC
22184,1994,3.0,0.886,0.893,GRC
22185,1995,3.0,0.886,0.894,GRC
22186,1996,3.0,0.885,0.903,GRC
22187,1997,3.0,0.885,0.903,GRC
22188,1998,3.0,0.885,0.903,GRC
22189,1999,3.0,0.885,0.903,GRC
22190,2000,3.0,0.884,0.904,GRC
22191,2001,3.0,0.889,0.904,GRC
22192,2002,3.0,0.889,0.904,GRC
22193,2003,3.0,0.889,0.904,GRC
22194,2004,3.0,0.889,0.904,GRC
22195,2005,3.0,0.889,0.904,GRC
22196,2006,3.0,0.889,0.901,GRC
22197,2007,3.0,0.895,0.897,GRC
22198,2008,3.0,0.902,0.897,GRC
22199,2009,3.0,0.901,0.899,GRC
22200,2010,3.0,0.907,0.895,GRC
22201,2011,3.0,0.906,0.897,GRC
22202,2012,3.0,0.899,0.895,GRC
22203,2013,3.0,0.887,0.894,GRC
22204,2014,3.0,0.886,0.902,GRC
22205,2015,3.0,0.877,0.887,GRC
22206,2016,3.0,0.871,0.889,GRC
22207,2017,3.0,0.871,0.888,GRC
22208,2018,3.0,0.863,0.894,GRC
22209,2019,3.0,0.864,0.882,GRC
22210,2020,3.0,0.789,0.845,GRC
22211,2021,3.0,0.763,0.826,GRC
22212,2022,2.0,0.763,0.783,GRC
22213,2023,2.0,0.74,0.767,GRC
22265,1950,0.0,0.239,0.534,GUY
22266,1951,0.0,0.241,0.534,GUY
22267,1952,0.0,0.278,0.534,GUY
22268,1953,0.0,0.265,0.51,GUY
22269,1954,0.0,0.201,0.471,GUY
22270,1955,0.0,0.201,0.471,GUY
22271,1956,0.0,0.201,0.471,GUY
22272,1957,0.0,0.233,0.502,GUY
22273,1958,0.0,0.3,0.55,GUY
22274,1959,0.0,0.3,0.55,GUY
22275,1960,0.0,0.298,0.549,GUY
22276,1961,0.0,0.295,0.549,GUY
22277,1962,0.0,0.29,0.541,GUY
22278,1963,0.0,0.29,0.541,GUY
22279,1964,0.0,0.289,0.552,GUY
22280,1965,0.0,0.274,0.552,GUY
22281,1966,1.0,0.284,0.507,GUY
22282,1967,1.0,0.421,0.516,GUY
22283,1968,1.0,0.408,0.516,GUY
22284,1969,1.0,0.339,0.516,GUY
22285,1970,1.0,0.322,0.514,GUY
22286,1971,1.0,0.321,0.514,GUY
22287,1972,1.0,0.315,0.514,GUY
22288,1973,1.0,0.306,0.514,GUY
22289,1974,1.0,0.298,0.507,GUY
22290,1975,1.0,0.298,0.507,GUY
22291,1976,1.0,0.294,0.507,GUY
22292,1977,1.0,0.287,0.511,GUY
22293,1978,1.0,0.285,0.511,GUY
22294,1979,1.0,0.285,0.511,GUY
22295,1980,1.0,0.27,0.478,GUY
22296,1981,1.0,0.248,0.483,GUY
22297,1982,1.0,0.248,0.483,GUY
22298,1983,1.0,0.248,0.483,GUY
22299,1984,1.0,0.25,0.487,GUY
22300,1985,1.0,0.245,0.493,GUY
22301,1986,1.0,0.284,0.524,GUY
22302,1987,1.0,0.295,0.524,GUY
22303,1988,1.0,0.3,0.526,GUY
22304,1989,1.0,0.301,0.526,GUY
22305,1990,1.0,0.317,0.535,GUY
22306,1991,1.0,0.313,0.535,GUY
22307,1992,1.0,0.356,0.592,GUY
22308,1993,1.0,0.445,0.589,GUY
22309,1994,1.0,0.445,0.601,GUY
22310,1995,1.0,0.445,0.601,GUY
22311,1996,1.0,0.445,0.601,GUY
22312,1997,1.0,0.453,0.603,GUY
22313,1998,2.0,0.53,0.59,GUY
22314,1999,2.0,0.529,0.588,GUY
22315,2000,2.0,0.527,0.581,GUY
22316,2001,2.0,0.555,0.577,GUY
22317,2002,2.0,0.568,0.573,GUY
22318,2003,2.0,0.585,0.573,GUY
22319,2004,2.0,0.585,0.576,GUY
22320,2005,2.0,0.585,0.575,GUY
22321,2006,2.0,0.582,0.573,GUY
22322,2007,2.0,0.582,0.573,GUY
22323,2008,2.0,0.583,0.57,GUY
22324,2009,2.0,0.583,0.574,GUY
22325,2010,2.0,0.58,0.574,GUY
22326,2011,2.0,0.581,0.577,GUY
22327,2012,2.0,0.579,0.582,GUY
22328,2013,2.0,0.61,0.585,GUY
22329,2014,2.0,0.608,0.582,GUY
22330,2015,2.0,0.647,0.65,GUY
22331,2016,2.0,0.659,0.656,GUY
22332,2017,2.0,0.661,0.646,GUY
22333,2018,2.0,0.665,0.638,GUY
22334,2019,2.0,0.645,0.625,GUY
22335,2020,2.0,0.557,0.654,GUY
22336,2021,1.0,0.495,0.628,GUY
22337,2022,1.0,0.496,0.626,GUY
22338,2023,1.0,0.491,0.573,GUY
22390,1950,0.0,0.151,0.585,HKG
22391,1951,0.0,0.151,0.585,HKG
22392,1952,0.0,0.151,0.585,HKG
22393,1953,0.0,0.151,0.585,HKG
22394,1954,0.0,0.151,0.585,HKG
22395,1955,0.0,0.151,0.585,HKG
22396,1956,0.0,0.152,0.585,HKG
22397,1957,0.0,0.153,0.585,HKG
22398,1958,0.0,0.153,0.585,HKG
22399,1959,0.0,0.153,0.585,HKG
22400,1960,0.0,0.163,0.603,HKG
22401,1961,0.0,0.163,0.603,HKG
22402,1962,0.0,0.163,0.603,HKG
22403,1963,0.0,0.163,0.603,HKG
22404,1964,0.0,0.163,0.603,HKG
22405,1965,0.0,0.163,0.598,HKG
22406,1966,0.0,0.163,0.598,HKG
22407,1967,0.0,0.161,0.598,HKG
22408,1968,0.0,0.163,0.608,HKG
22409,1969,0.0,0.164,0.608,HKG
22410,1970,0.0,0.167,0.623,HKG
22411,1971,0.0,0.167,0.623,HKG
22412,1972,0.0,0.167,0.623,HKG
22413,1973,0.0,0.167,0.623,HKG
22414,1974,0.0,0.167,0.639,HKG
22415,1975,0.0,0.167,0.639,HKG
22416,1976,0.0,0.167,0.642,HKG
22417,1977,0.0,0.17,0.642,HKG
22418,1978,0.0,0.17,0.644,HKG
22419,1979,0.0,0.17,0.644,HKG
22420,1980,0.0,0.186,0.651,HKG
22421,1981,0.0,0.186,0.651,HKG
22422,1982,0.0,0.186,0.651,HKG
22423,1983,0.0,0.186,0.651,HKG
22424,1984,0.0,0.187,0.654,HKG
22425,1985,0.0,0.192,0.668,HKG
22426,1986,0.0,0.198,0.673,HKG
22427,1987,0.0,0.198,0.673,HKG
22428,1988,0.0,0.198,0.673,HKG
22429,1989,0.0,0.202,0.673,HKG
22430,1990,0.0,0.266,0.711,HKG
22431,1991,0.0,0.301,0.724,HKG
22432,1992,0.0,0.375,0.741,HKG
22433,1993,0.0,0.375,0.741,HKG
22434,1994,0.0,0.375,0.741,HKG
22435,1995,0.0,0.38,0.741,HKG
22436,1996,0.0,0.38,0.741,HKG
22437,1997,0.0,0.37,0.76,HKG
22438,1998,0.0,0.373,0.76,HKG
22439,1999,0.0,0.372,0.764,HKG
22440,2000,0.0,0.372,0.765,HKG
22441,2001,0.0,0.372,0.765,HKG
22442,2002,0.0,0.372,0.765,HKG
22443,2003,0.0,0.372,0.763,HKG
22444,2004,0.0,0.371,0.763,HKG
22445,2005,0.0,0.369,0.763,HKG
22446,2006,0.0,0.369,0.763,HKG
22447,2007,0.0,0.37,0.763,HKG
22448,2008,0.0,0.371,0.763,HKG
22449,2009,0.0,0.373,0.763,HKG
22450,2010,0.0,0.373,0.76,HKG
22451,2011,0.0,0.371,0.76,HKG
22452,2012,0.0,0.364,0.756,HKG
22453,2013,0.0,0.361,0.753,HKG
22454,2014,0.0,0.359,0.749,HKG
22455,2015,0.0,0.347,0.737,HKG
22456,2016,0.0,0.336,0.722,HKG
22457,2017,0.0,0.326,0.719,HKG
22458,2018,0.0,0.321,0.7,HKG
22459,2019,0.0,0.301,0.698,HKG
22460,2020,0.0,0.269,0.562,HKG
22461,2021,0.0,0.212,0.481,HKG
22462,2022,0.0,0.162,0.436,HKG
22463,2023,0.0,0.154,0.403,HKG
22515,1950,3.0,0.801,0.863,ISL
22516,1951,3.0,0.801,0.863,ISL
22517,1952,3.0,0.802,0.863,ISL
22518,1953,3.0,0.805,0.863,ISL
22519,1954,3.0,0.807,0.863,ISL
22520,1955,3.0,0.807,0.863,ISL
22521,1956,3.0,0.807,0.863,ISL
22522,1957,3.0,0.807,0.863,ISL
22523,1958,3.0,0.807,0.863,ISL
22524,1959,3.0,0.809,0.863,ISL
22525,1960,3.0,0.81,0.863,ISL
22526,1961,3.0,0.81,0.865,ISL
22527,1962,3.0,0.81,0.865,ISL
22528,1963,3.0,0.808,0.865,ISL
22529,1964,3.0,0.806,0.865,ISL
22530,1965,3.0,0.806,0.865,ISL
22531,1966,3.0,0.819,0.865,ISL
22532,1967,3.0,0.825,0.865,ISL
22533,1968,3.0,0.823,0.865,ISL
22534,1969,3.0,0.822,0.865,ISL
22535,1970,3.0,0.825,0.865,ISL
22536,1971,3.0,0.823,0.865,ISL
22537,1972,3.0,0.822,0.865,ISL
22538,1973,3.0,0.822,0.865,ISL
22539,1974,3.0,0.825,0.865,ISL
22540,1975,3.0,0.829,0.865,ISL
22541,1976,3.0,0.829,0.865,ISL
22542,1977,3.0,0.829,0.865,ISL
22543,1978,3.0,0.829,0.867,ISL
22544,1979,3.0,0.828,0.867,ISL
22545,1980,3.0,0.848,0.869,ISL
22546,1981,3.0,0.848,0.869,ISL
22547,1982,3.0,0.848,0.869,ISL
22548,1983,3.0,0.844,0.869,ISL
22549,1984,3.0,0.843,0.869,ISL
22550,1985,3.0,0.843,0.869,ISL
22551,1986,3.0,0.854,0.869,ISL
22552,1987,3.0,0.861,0.893,ISL
22553,1988,3.0,0.864,0.893,ISL
22554,1989,3.0,0.865,0.89,ISL
22555,1990,3.0,0.867,0.897,ISL
22556,1991,3.0,0.865,0.897,ISL
22557,1992,3.0,0.864,0.897,ISL
22558,1993,3.0,0.864,0.897,ISL
22559,1994,3.0,0.864,0.897,ISL
22560,1995,3.0,0.865,0.9,ISL
22561,1996,3.0,0.869,0.9,ISL
22562,1997,3.0,0.868,0.9,ISL
22563,1998,3.0,0.868,0.9,ISL
22564,1999,3.0,0.872,0.9,ISL
22565,2000,3.0,0.874,0.9,ISL
22566,2001,3.0,0.874,0.9,ISL
22567,2002,3.0,0.874,0.9,ISL
22568,2003,3.0,0.872,0.9,ISL
22569,2004,3.0,0.87,0.9,ISL
22570,2005,3.0,0.869,0.9,ISL
22571,2006,3.0,0.869,0.9,ISL
22572,2007,3.0,0.876,0.9,ISL
22573,2008,3.0,0.883,0.898,ISL
22574,2009,3.0,0.883,0.901,ISL
22575,2010,3.0,0.879,0.91,ISL
22576,2011,3.0,0.879,0.906,ISL
22577,2012,3.0,0.877,0.909,ISL
22578,2013,3.0,0.861,0.909,ISL
22579,2014,3.0,0.859,0.908,ISL
22580,2015,3.0,0.864,0.908,ISL
22581,2016,3.0,0.86,0.908,ISL
22582,2017,3.0,0.864,0.909,ISL
22583,2018,3.0,0.877,0.909,ISL
22584,2019,3.0,0.857,0.918,ISL
22585,2020,3.0,0.861,0.919,ISL
22586,2021,3.0,0.837,0.898,ISL
22587,2022,3.0,0.83,0.898,ISL
22588,2023,3.0,0.844,0.896,ISL
22592,1950,2.0,0.597,0.832,ISR
22593,1951,2.0,0.6,0.832,ISR
22594,1952,2.0,0.602,0.832,ISR
22595,1953,2.0,0.594,0.83,ISR
22596,1954,2.0,0.603,0.83,ISR
22597,1955,2.0,0.607,0.83,ISR
22598,1956,2.0,0.607,0.83,ISR
22599,1957,2.0,0.617,0.83,ISR
22600,1958,2.0,0.617,0.83,ISR
22601,1959,2.0,0.606,0.83,ISR
22602,1960,2.0,0.639,0.83,ISR
22603,1961,2.0,0.647,0.83,ISR
22604,1962,2.0,0.647,0.83,ISR
22605,1963,2.0,0.647,0.83,ISR
22606,1964,2.0,0.647,0.842,ISR
22607,1965,2.0,0.638,0.842,ISR
22608,1966,3.0,0.653,0.854,ISR
22609,1967,3.0,0.662,0.883,ISR
22610,1968,3.0,0.665,0.883,ISR
22611,1969,3.0,0.671,0.883,ISR
22612,1970,3.0,0.686,0.883,ISR
22613,1971,3.0,0.686,0.883,ISR
22614,1972,3.0,0.696,0.895,ISR
22615,1973,3.0,0.696,0.907,ISR
22616,1974,3.0,0.754,0.907,ISR
22617,1975,3.0,0.754,0.907,ISR
22618,1976,3.0,0.754,0.911,ISR
22619,1977,3.0,0.758,0.911,ISR
22620,1978,3.0,0.766,0.914,ISR
22621,1979,3.0,0.766,0.914,ISR
22622,1980,3.0,0.766,0.914,ISR
22623,1981,3.0,0.766,0.914,ISR
22624,1982,3.0,0.766,0.914,ISR
22625,1983,3.0,0.766,0.914,ISR
22626,1984,3.0,0.76,0.914,ISR
22627,1985,3.0,0.753,0.913,ISR
22628,1986,3.0,0.763,0.913,ISR
22629,1987,3.0,0.768,0.913,ISR
22630,1988,3.0,0.76,0.913,ISR
22631,1989,3.0,0.763,0.913,ISR
22632,1990,3.0,0.763,0.913,ISR
22633,1991,3.0,0.766,0.913,ISR
22634,1992,3.0,0.765,0.913,ISR
22635,1993,3.0,0.767,0.917,ISR
22636,1994,3.0,0.774,0.917,ISR
22637,1995,3.0,0.774,0.917,ISR
22638,1996,3.0,0.775,0.917,ISR
22639,1997,3.0,0.776,0.917,ISR
22640,1998,3.0,0.776,0.917,ISR
22641,1999,3.0,0.774,0.917,ISR
22642,2000,3.0,0.772,0.92,ISR
22643,2001,3.0,0.762,0.92,ISR
22644,2002,3.0,0.764,0.92,ISR
22645,2003,3.0,0.76,0.92,ISR
22646,2004,3.0,0.76,0.92,ISR
22647,2005,3.0,0.76,0.92,ISR
22648,2006,3.0,0.763,0.92,ISR
22649,2007,3.0,0.761,0.92,ISR
22650,2008,3.0,0.761,0.92,ISR
22651,2009,3.0,0.757,0.92,ISR
22652,2010,3.0,0.749,0.914,ISR
22653,2011,3.0,0.749,0.914,ISR
22654,2012,3.0,0.754,0.914,ISR
22655,2013,3.0,0.744,0.908,ISR
22656,2014,3.0,0.744,0.908,ISR
22657,2015,3.0,0.736,0.905,ISR
22658,2016,3.0,0.731,0.9,ISR
22659,2017,3.0,0.718,0.9,ISR
22660,2018,3.0,0.713,0.904,ISR
22661,2019,3.0,0.714,0.89,ISR
22662,2020,3.0,0.728,0.893,ISR
22663,2021,3.0,0.738,0.898,ISR
22664,2022,3.0,0.728,0.915,ISR
22665,2023,2.0,0.72,0.887,ISR
22828,1950,0.0,0.091,0.414,KWT
22829,1951,0.0,0.091,0.416,KWT
22830,1952,0.0,0.091,0.416,KWT
22831,1953,0.0,0.091,0.416,KWT
22832,1954,0.0,0.091,0.416,KWT
22833,1955,0.0,0.091,0.415,KWT
22834,1956,0.0,0.091,0.415,KWT
22835,1957,0.0,0.091,0.415,KWT
22836,1958,0.0,0.091,0.415,KWT
22837,1959,0.0,0.091,0.415,KWT
22838,1960,0.0,0.093,0.452,KWT
22839,1961,0.0,0.184,0.562,KWT
22840,1962,0.0,0.196,0.686,KWT
22841,1963,0.0,0.229,0.773,KWT
22842,1964,0.0,0.229,0.773,KWT
22843,1965,0.0,0.235,0.773,KWT
22844,1966,0.0,0.292,0.773,KWT
22845,1967,0.0,0.258,0.773,KWT
22846,1968,0.0,0.26,0.773,KWT
22847,1969,0.0,0.26,0.773,KWT
22848,1970,0.0,0.263,0.773,KWT
22849,1971,0.0,0.284,0.773,KWT
22850,1972,0.0,0.285,0.773,KWT
22851,1973,0.0,0.285,0.759,KWT
22852,1974,0.0,0.285,0.759,KWT
22853,1975,0.0,0.287,0.759,KWT
22854,1976,0.0,0.098,0.478,KWT
22855,1977,0.0,0.097,0.467,KWT
22856,1978,0.0,0.097,0.467,KWT
22857,1979,0.0,0.097,0.467,KWT
22858,1980,0.0,0.092,0.473,KWT
22859,1981,0.0,0.261,0.76,KWT
22860,1982,0.0,0.277,0.76,KWT
22861,1983,0.0,0.277,0.76,KWT
22862,1984,0.0,0.277,0.76,KWT
22863,1985,0.0,0.274,0.76,KWT
22864,1986,0.0,0.089,0.477,KWT
22865,1987,0.0,0.089,0.472,KWT
22866,1988,0.0,0.089,0.465,KWT
22867,1989,0.0,0.088,0.465,KWT
22868,1990,0.0,0.087,0.421,KWT
22869,1991,0.0,0.11,0.423,KWT
22870,1992,0.0,0.202,0.768,KWT
22871,1993,0.0,0.285,0.757,KWT
22872,1994,0.0,0.285,0.757,KWT
22873,1995,0.0,0.285,0.757,KWT
22874,1996,0.0,0.285,0.757,KWT
22875,1997,0.0,0.288,0.757,KWT
22876,1998,0.0,0.29,0.757,KWT
22877,1999,0.0,0.288,0.757,KWT
22878,2000,0.0,0.286,0.756,KWT
22879,2001,0.0,0.269,0.756,KWT
22880,2002,0.0,0.281,0.753,KWT
22881,2003,0.0,0.286,0.753,KWT
22882,2004,0.0,0.285,0.753,KWT
22883,2005,0.0,0.328,0.753,KWT
22884,2006,0.0,0.327,0.751,KWT
22885,2007,0.0,0.325,0.751,KWT
22886,2008,0.0,0.325,0.751,KWT
22887,2009,0.0,0.325,0.751,KWT
22888,2010,0.0,0.32,0.751,KWT
22889,2011,0.0,0.32,0.756,KWT
22890,2012,0.0,0.311,0.755,KWT
22891,2013,0.0,0.312,0.748,KWT
22892,2014,0.0,0.316,0.748,KWT
22893,2015,0.0,0.313,0.748,KWT
22894,2016,0.0,0.312,0.753,KWT
22895,2017,0.0,0.325,0.761,KWT
22896,2018,0.0,0.32,0.76,KWT
22897,2019,0.0,0.324,0.762,KWT
22898,2020,0.0,0.317,0.75,KWT
22899,2021,0.0,0.305,0.744,KWT
22900,2022,0.0,0.299,0.777,KWT
22901,2023,0.0,0.316,0.793,KWT
22925,1990,2.0,0.804,0.88,LTU
22926,1991,2.0,0.79,0.916,LTU
22927,1992,2.0,0.8,0.93,LTU
22928,1993,3.0,0.814,0.929,LTU
22929,1994,3.0,0.831,0.928,LTU
22930,1995,3.0,0.831,0.928,LTU
22931,1996,3.0,0.827,0.928,LTU
22932,1997,3.0,0.833,0.93,LTU
22933,1998,3.0,0.822,0.93,LTU
22934,1999,3.0,0.824,0.932,LTU
22935,2000,3.0,0.82,0.938,LTU
22936,2001,3.0,0.818,0.942,LTU
22937,2002,3.0,0.818,0.942,LTU
22938,2003,3.0,0.817,0.939,LTU
22939,2004,3.0,0.822,0.942,LTU
22940,2005,3.0,0.821,0.943,LTU
22941,2006,3.0,0.823,0.941,LTU
22942,2007,3.0,0.823,0.943,LTU
22943,2008,3.0,0.825,0.943,LTU
22944,2009,3.0,0.845,0.943,LTU
22945,2010,3.0,0.846,0.949,LTU
22946,2011,3.0,0.844,0.949,LTU
22947,2012,3.0,0.84,0.949,LTU
22948,2013,3.0,0.83,0.947,LTU
22949,2014,3.0,0.831,0.947,LTU
22950,2015,3.0,0.838,0.947,LTU
22951,2016,2.0,0.826,0.953,LTU
22952,2017,2.0,0.804,0.951,LTU
22953,2018,2.0,0.812,0.94,LTU
22954,2019,2.0,0.818,0.942,LTU
22955,2020,2.0,0.807,0.95,LTU
22956,2021,2.0,0.799,0.944,LTU
22957,2022,2.0,0.799,0.947,LTU
22958,2023,2.0,0.788,0.94,LTU
23095,1950,3.0,0.831,0.887,LUX
23096,1951,3.0,0.83,0.887,LUX
23097,1952,3.0,0.83,0.887,LUX
23098,1953,3.0,0.83,0.887,LUX
23099,1954,3.0,0.837,0.887,LUX
23100,1955,3.0,0.837,0.887,LUX
23101,1956,3.0,0.837,0.888,LUX
23102,1957,3.0,0.837,0.889,LUX
23103,1958,3.0,0.837,0.889,LUX
23104,1959,3.0,0.847,0.889,LUX
23105,1960,3.0,0.867,0.889,LUX
23106,1961,3.0,0.867,0.889,LUX
23107,1962,3.0,0.867,0.889,LUX
23108,1963,3.0,0.87,0.889,LUX
23109,1964,3.0,0.867,0.889,LUX
23110,1965,3.0,0.865,0.889,LUX
23111,1966,3.0,0.865,0.889,LUX
23112,1967,3.0,0.865,0.889,LUX
23113,1968,3.0,0.865,0.889,LUX
23114,1969,3.0,0.866,0.889,LUX
23115,1970,3.0,0.866,0.9,LUX
23116,1971,3.0,0.866,0.9,LUX
23117,1972,3.0,0.866,0.9,LUX
23118,1973,3.0,0.866,0.9,LUX
23119,1974,3.0,0.872,0.9,LUX
23120,1975,3.0,0.872,0.9,LUX
23121,1976,3.0,0.872,0.9,LUX
23122,1977,3.0,0.872,0.9,LUX
23123,1978,3.0,0.872,0.9,LUX
23124,1979,3.0,0.872,0.9,LUX
23125,1980,3.0,0.873,0.9,LUX
23126,1981,3.0,0.873,0.9,LUX
23127,1982,3.0,0.873,0.9,LUX
23128,1983,3.0,0.873,0.9,LUX
23129,1984,3.0,0.871,0.9,LUX
23130,1985,3.0,0.869,0.9,LUX
23131,1986,3.0,0.869,0.9,LUX
23132,1987,3.0,0.869,0.9,LUX
23133,1988,3.0,0.869,0.9,LUX
23134,1989,3.0,0.869,0.9,LUX
23135,1990,3.0,0.869,0.911,LUX
23136,1991,3.0,0.869,0.911,LUX
23137,1992,3.0,0.869,0.911,LUX
23138,1993,3.0,0.869,0.911,LUX
23139,1994,3.0,0.87,0.911,LUX
23140,1995,3.0,0.87,0.911,LUX
23141,1996,3.0,0.87,0.911,LUX
23142,1997,3.0,0.87,0.911,LUX
23143,1998,3.0,0.87,0.911,LUX
23144,1999,3.0,0.871,0.911,LUX
23145,2000,3.0,0.872,0.911,LUX
23146,2001,3.0,0.872,0.911,LUX
23147,2002,3.0,0.872,0.911,LUX
23148,2003,3.0,0.872,0.911,LUX
23149,2004,3.0,0.872,0.911,LUX
23150,2005,3.0,0.871,0.911,LUX
23151,2006,3.0,0.871,0.911,LUX
23152,2007,3.0,0.871,0.911,LUX
23153,2008,3.0,0.871,0.911,LUX
23154,2009,3.0,0.873,0.911,LUX
23155,2010,3.0,0.875,0.911,LUX
23156,2011,3.0,0.875,0.911,LUX
23157,2012,3.0,0.875,0.911,LUX
23158,2013,3.0,0.875,0.911,LUX
23159,2014,3.0,0.876,0.911,LUX
23160,2015,3.0,0.876,0.911,LUX
23161,2016,3.0,0.876,0.911,LUX
23162,2017,3.0,0.876,0.911,LUX
23163,2018,3.0,0.876,0.911,LUX
23164,2019,3.0,0.876,0.911,LUX
23165,2020,3.0,0.876,0.9,LUX
23166,2021,3.0,0.876,0.901,LUX
23167,2022,3.0,0.876,0.905,LUX
23168,2023,3.0,0.874,0.911,LUX
23170,1991,0.0,0.272,0.712,MKD
23171,1992,0.0,0.275,0.711,MKD
23172,1993,0.0,0.277,0.714,MKD
23173,1994,1.0,0.317,0.716,MKD
23174,1995,1.0,0.451,0.709,MKD
23175,1996,1.0,0.464,0.714,MKD
23176,1997,1.0,0.478,0.714,MKD
23177,1998,2.0,0.507,0.725,MKD
23178,1999,1.0,0.566,0.732,MKD
23179,2000,1.0,0.46,0.706,MKD
23180,2001,1.0,0.449,0.677,MKD
23181,2002,2.0,0.525,0.713,MKD
23182,2003,2.0,0.617,0.726,MKD
23183,2004,2.0,0.62,0.729,MKD
23184,2005,2.0,0.605,0.723,MKD
23185,2006,2.0,0.598,0.719,MKD
23186,2007,2.0,0.589,0.713,MKD
23187,2008,2.0,0.552,0.711,MKD
23188,2009,2.0,0.532,0.673,MKD
23189,2010,2.0,0.528,0.657,MKD
23190,2011,1.0,0.48,0.648,MKD
23191,2012,1.0,0.455,0.628,MKD
23192,2013,1.0,0.447,0.559,MKD
23193,2014,1.0,0.447,0.525,MKD
23194,2015,1.0,0.443,0.514,MKD
23195,2016,1.0,0.452,0.528,MKD
23196,2017,2.0,0.549,0.649,MKD
23197,2018,2.0,0.574,0.624,MKD
23198,2019,2.0,0.606,0.636,MKD
23199,2020,2.0,0.601,0.62,MKD
23200,2021,2.0,0.587,0.605,MKD
23201,2022,2.0,0.562,0.609,MKD
23202,2023,2.0,0.568,0.586,MKD
23254,1950,0.0,0.069,0.537,MYS
23255,1951,0.0,0.069,0.537,MYS
23256,1952,0.0,0.069,0.537,MYS
23257,1953,0.0,0.069,0.537,MYS
23258,1954,0.0,0.069,0.537,MYS
23259,1955,1.0,0.21,0.567,MYS
23260,1956,1.0,0.301,0.567,MYS
23261,1957,1.0,0.31,0.53,MYS
23262,1958,1.0,0.317,0.542,MYS
23263,1959,1.0,0.316,0.542,MYS
23264,1960,1.0,0.315,0.532,MYS
23265,1961,1.0,0.315,0.539,MYS
23266,1962,1.0,0.311,0.539,MYS
23267,1963,1.0,0.311,0.539,MYS
23268,1964,1.0,0.303,0.533,MYS
23269,1965,1.0,0.299,0.533,MYS
23270,1966,1.0,0.298,0.533,MYS
23271,1967,1.0,0.298,0.53,MYS
23272,1968,1.0,0.298,0.53,MYS
23273,1969,1.0,0.212,0.471,MYS
23274,1970,0.0,0.148,0.434,MYS
23275,1971,0.0,0.148,0.434,MYS
23276,1972,0.0,0.21,0.511,MYS
23277,1973,0.0,0.21,0.511,MYS
23278,1974,1.0,0.234,0.511,MYS
23279,1975,1.0,0.276,0.511,MYS
23280,1976,1.0,0.276,0.511,MYS
23281,1977,1.0,0.276,0.511,MYS
23282,1978,1.0,0.277,0.509,MYS
23283,1979,1.0,0.278,0.509,MYS
23284,1980,1.0,0.281,0.509,MYS
23285,1981,1.0,0.274,0.5,MYS
23286,1982,1.0,0.272,0.454,MYS
23287,1983,1.0,0.272,0.45,MYS
23288,1984,1.0,0.272,0.449,MYS
23289,1985,1.0,0.272,0.439,MYS
23290,1986,1.0,0.27,0.436,MYS
23291,1987,1.0,0.26,0.432,MYS
23292,1988,1.0,0.257,0.41,MYS
23293,1989,1.0,0.257,0.43,MYS
23294,1990,1.0,0.261,0.427,MYS
23295,1991,1.0,0.259,0.427,MYS
23296,1992,1.0,0.259,0.427,MYS
23297,1993,1.0,0.259,0.427,MYS
23298,1994,1.0,0.259,0.427,MYS
23299,1995,1.0,0.258,0.427,MYS
23300,1996,1.0,0.258,0.427,MYS
23301,1997,1.0,0.258,0.427,MYS
23302,1998,1.0,0.258,0.428,MYS
23303,1999,1.0,0.265,0.422,MYS
23304,2000,1.0,0.278,0.42,MYS
23305,2001,1.0,0.284,0.42,MYS
23306,2002,1.0,0.284,0.439,MYS
23307,2003,1.0,0.286,0.434,MYS
23308,2004,1.0,0.311,0.511,MYS
23309,2005,1.0,0.313,0.516,MYS
23310,2006,1.0,0.313,0.516,MYS
23311,2007,1.0,0.314,0.514,MYS
23312,2008,1.0,0.331,0.514,MYS
23313,2009,1.0,0.331,0.509,MYS
23314,2010,1.0,0.332,0.513,MYS
23315,2011,1.0,0.33,0.513,MYS
23316,2012,1.0,0.33,0.515,MYS
23317,2013,1.0,0.325,0.5,MYS
23318,2014,1.0,0.329,0.5,MYS
23319,2015,1.0,0.329,0.483,MYS
23320,2016,1.0,0.328,0.478,MYS
23321,2017,1.0,0.338,0.48,MYS
23322,2018,1.0,0.445,0.635,MYS
23323,2019,1.0,0.472,0.645,MYS
23324,2020,1.0,0.433,0.629,MYS
23325,2021,1.0,0.432,0.61,MYS
23326,2022,1.0,0.46,0.615,MYS
23327,2023,2.0,0.507,0.648,MYS
23379,1950,2.0,0.671,0.736,MLT
23380,1951,2.0,0.669,0.736,MLT
23381,1952,2.0,0.669,0.736,MLT
23382,1953,2.0,0.669,0.736,MLT
23383,1954,2.0,0.671,0.736,MLT
23384,1955,2.0,0.668,0.736,MLT
23385,1956,2.0,0.668,0.736,MLT
23386,1957,2.0,0.668,0.736,MLT
23387,1958,0.0,0.36,0.736,MLT
23388,1959,0.0,0.257,0.522,MLT
23389,1960,0.0,0.257,0.522,MLT
23390,1961,0.0,0.257,0.522,MLT
23391,1962,1.0,0.348,0.522,MLT
23392,1963,2.0,0.667,0.735,MLT
23393,1964,2.0,0.712,0.711,MLT
23394,1965,2.0,0.701,0.708,MLT
23395,1966,2.0,0.703,0.708,MLT
23396,1967,2.0,0.703,0.708,MLT
23397,1968,2.0,0.703,0.708,MLT
23398,1969,2.0,0.703,0.708,MLT
23399,1970,2.0,0.703,0.708,MLT
23400,1971,2.0,0.695,0.701,MLT
23401,1972,2.0,0.694,0.701,MLT
23402,1973,2.0,0.694,0.701,MLT
23403,1974,2.0,0.694,0.701,MLT
23404,1975,2.0,0.694,0.701,MLT
23405,1976,2.0,0.688,0.701,MLT
23406,1977,2.0,0.673,0.701,MLT
23407,1978,2.0,0.673,0.701,MLT
23408,1979,2.0,0.673,0.701,MLT
23409,1980,2.0,0.673,0.701,MLT
23410,1981,2.0,0.672,0.701,MLT
23411,1982,2.0,0.655,0.701,MLT
23412,1983,2.0,0.655,0.701,MLT
23413,1984,2.0,0.655,0.701,MLT
23414,1985,2.0,0.655,0.701,MLT
23415,1986,2.0,0.655,0.705,MLT
23416,1987,2.0,0.711,0.72,MLT
23417,1988,2.0,0.721,0.748,MLT
23418,1989,2.0,0.721,0.748,MLT
23419,1990,2.0,0.721,0.748,MLT
23420,1991,2.0,0.737,0.748,MLT
23421,1992,2.0,0.773,0.748,MLT
23422,1993,2.0,0.779,0.748,MLT
23423,1994,2.0,0.779,0.748,MLT
23424,1995,2.0,0.779,0.748,MLT
23425,1996,2.0,0.786,0.748,MLT
23426,1997,2.0,0.788,0.748,MLT
23427,1998,2.0,0.788,0.748,MLT
23428,1999,2.0,0.788,0.748,MLT
23429,2000,2.0,0.788,0.748,MLT
23430,2001,2.0,0.788,0.748,MLT
23431,2002,2.0,0.788,0.748,MLT
23432,2003,2.0,0.787,0.748,MLT
23433,2004,2.0,0.786,0.748,MLT
23434,2005,2.0,0.786,0.748,MLT
23435,2006,2.0,0.786,0.748,MLT
23436,2007,2.0,0.784,0.748,MLT
23437,2008,2.0,0.807,0.748,MLT
23438,2009,2.0,0.821,0.748,MLT
23439,2010,2.0,0.821,0.748,MLT
23440,2011,2.0,0.821,0.748,MLT
23441,2012,2.0,0.821,0.748,MLT
23442,2013,2.0,0.791,0.737,MLT
23443,2014,2.0,0.775,0.734,MLT
23444,2015,2.0,0.775,0.73,MLT
23445,2016,2.0,0.775,0.715,MLT
23446,2017,2.0,0.767,0.704,MLT
23447,2018,2.0,0.761,0.702,MLT
23448,2019,2.0,0.771,0.725,MLT
23449,2020,2.0,0.771,0.795,MLT
23450,2021,2.0,0.777,0.799,MLT
23451,2022,2.0,0.777,0.797,MLT
23452,2023,2.0,0.778,0.804,MLT
23504,1950,0.0,0.314,0.793,MUS
23505,1951,0.0,0.314,0.793,MUS
23506,1952,0.0,0.314,0.793,MUS
23507,1953,0.0,0.314,0.793,MUS
23508,1954,0.0,0.314,0.807,MUS
23509,1955,0.0,0.314,0.807,MUS
23510,1956,0.0,0.314,0.807,MUS
23511,1957,0.0,0.319,0.807,MUS
23512,1958,0.0,0.322,0.807,MUS
23513,1959,0.0,0.355,0.815,MUS
23514,1960,0.0,0.354,0.814,MUS
23515,1961,1.0,0.354,0.815,MUS
23516,1962,1.0,0.466,0.815,MUS
23517,1963,1.0,0.469,0.809,MUS
23518,1964,1.0,0.465,0.809,MUS
23519,1965,1.0,0.465,0.809,MUS
23520,1966,1.0,0.465,0.809,MUS
23521,1967,1.0,0.474,0.808,MUS
23522,1968,2.0,0.632,0.852,MUS
23523,1969,2.0,0.652,0.854,MUS
23524,1970,2.0,0.651,0.846,MUS
23525,1971,2.0,0.646,0.844,MUS
23526,1972,2.0,0.646,0.849,MUS
23527,1973,2.0,0.64,0.849,MUS
23528,1974,2.0,0.64,0.861,MUS
23529,1975,2.0,0.64,0.861,MUS
23530,1976,2.0,0.659,0.865,MUS
23531,1977,2.0,0.679,0.865,MUS
23532,1978,2.0,0.679,0.865,MUS
23533,1979,2.0,0.681,0.865,MUS
23534,1980,2.0,0.687,0.865,MUS
23535,1981,2.0,0.687,0.865,MUS
23536,1982,2.0,0.697,0.865,MUS
23537,1983,2.0,0.702,0.862,MUS
23538,1984,2.0,0.703,0.862,MUS
23539,1985,3.0,0.703,0.865,MUS
23540,1986,3.0,0.71,0.865,MUS
23541,1987,3.0,0.71,0.865,MUS
23542,1988,3.0,0.71,0.865,MUS
23543,1989,3.0,0.71,0.865,MUS
23544,1990,3.0,0.717,0.843,MUS
23545,1991,3.0,0.718,0.843,MUS
23546,1992,3.0,0.719,0.852,MUS
23547,1993,3.0,0.729,0.857,MUS
23548,1994,3.0,0.729,0.857,MUS
23549,1995,3.0,0.729,0.857,MUS
23550,1996,3.0,0.729,0.857,MUS
23551,1997,3.0,0.729,0.857,MUS
23552,1998,3.0,0.729,0.857,MUS
23553,1999,3.0,0.729,0.856,MUS
23554,2000,3.0,0.736,0.88,MUS
23555,2001,3.0,0.734,0.88,MUS
23556,2002,3.0,0.736,0.88,MUS
23557,2003,3.0,0.736,0.88,MUS
23558,2004,3.0,0.736,0.88,MUS
23559,2005,3.0,0.737,0.877,MUS
23560,2006,3.0,0.739,0.877,MUS
23561,2007,3.0,0.739,0.877,MUS
23562,2008,3.0,0.739,0.873,MUS
23563,2009,3.0,0.739,0.873,MUS
23564,2010,3.0,0.75,0.883,MUS
23565,2011,3.0,0.749,0.884,MUS
23566,2012,3.0,0.749,0.884,MUS
23567,2013,3.0,0.739,0.87,MUS
23568,2014,2.0,0.73,0.849,MUS
23569,2015,2.0,0.737,0.849,MUS
23570,2016,2.0,0.734,0.849,MUS
23571,2017,2.0,0.733,0.846,MUS
23572,2018,2.0,0.739,0.854,MUS
23573,2019,2.0,0.697,0.857,MUS
23574,2020,2.0,0.555,0.796,MUS
23575,2021,2.0,0.536,0.765,MUS
23576,2022,1.0,0.498,0.704,MUS
23577,2023,1.0,0.47,0.696,MUS
23709,1998,1.0,0.347,0.517,MNE
23710,1999,1.0,0.423,0.692,MNE
23711,2000,1.0,0.423,0.698,MNE
23712,2001,1.0,0.446,0.695,MNE
23713,2002,1.0,0.47,0.7,MNE
23714,2003,1.0,0.484,0.704,MNE
23715,2004,1.0,0.498,0.704,MNE
23716,2005,2.0,0.5,0.704,MNE
23717,2006,1.0,0.496,0.705,MNE
23718,2007,1.0,0.481,0.759,MNE
23719,2008,1.0,0.492,0.766,MNE
23720,2009,1.0,0.495,0.766,MNE
23721,2010,1.0,0.498,0.767,MNE
23722,2011,1.0,0.498,0.769,MNE
23723,2012,2.0,0.502,0.769,MNE
23724,2013,1.0,0.476,0.747,MNE
23725,2014,1.0,0.466,0.747,MNE
23726,2015,1.0,0.466,0.752,MNE
23727,2016,1.0,0.464,0.741,MNE
23728,2017,1.0,0.454,0.736,MNE
23729,2018,1.0,0.463,0.723,MNE
23730,2019,1.0,0.461,0.719,MNE
23731,2020,1.0,0.479,0.742,MNE
23732,2021,2.0,0.519,0.777,MNE
23733,2022,2.0,0.515,0.775,MNE
23734,2023,2.0,0.587,0.788,MNE
23845,1950,3.0,0.798,0.889,NZL
23846,1951,3.0,0.766,0.889,NZL
23847,1952,3.0,0.785,0.889,NZL
23848,1953,3.0,0.785,0.889,NZL
23849,1954,3.0,0.79,0.889,NZL
23850,1955,3.0,0.803,0.889,NZL
23851,1956,3.0,0.803,0.889,NZL
23852,1957,3.0,0.803,0.889,NZL
23853,1958,3.0,0.809,0.889,NZL
23854,1959,3.0,0.809,0.889,NZL
23855,1960,3.0,0.825,0.896,NZL
23856,1961,3.0,0.823,0.896,NZL
23857,1962,3.0,0.823,0.908,NZL
23858,1963,3.0,0.829,0.916,NZL
23859,1964,3.0,0.833,0.916,NZL
23860,1965,3.0,0.833,0.916,NZL
23861,1966,3.0,0.833,0.916,NZL
23862,1967,3.0,0.831,0.916,NZL
23863,1968,3.0,0.831,0.916,NZL
23864,1969,3.0,0.831,0.916,NZL
23865,1970,3.0,0.847,0.916,NZL
23866,1971,3.0,0.847,0.916,NZL
23867,1972,3.0,0.847,0.917,NZL
23868,1973,3.0,0.846,0.917,NZL
23869,1974,3.0,0.851,0.917,NZL
23870,1975,3.0,0.851,0.917,NZL
23871,1976,3.0,0.852,0.921,NZL
23872,1977,3.0,0.848,0.921,NZL
23873,1978,3.0,0.851,0.921,NZL
23874,1979,3.0,0.845,0.921,NZL
23875,1980,3.0,0.847,0.924,NZL
23876,1981,3.0,0.846,0.924,NZL
23877,1982,3.0,0.852,0.924,NZL
23878,1983,3.0,0.856,0.924,NZL
23879,1984,3.0,0.863,0.925,NZL
23880,1985,3.0,0.862,0.935,NZL
23881,1986,3.0,0.862,0.948,NZL
23882,1987,3.0,0.865,0.948,NZL
23883,1988,3.0,0.869,0.948,NZL
23884,1989,3.0,0.869,0.948,NZL
23885,1990,3.0,0.872,0.946,NZL
23886,1991,3.0,0.873,0.946,NZL
23887,1992,3.0,0.873,0.946,NZL
23888,1993,3.0,0.876,0.946,NZL
23889,1994,3.0,0.875,0.946,NZL
23890,1995,3.0,0.875,0.946,NZL
23891,1996,3.0,0.877,0.946,NZL
23892,1997,3.0,0.882,0.952,NZL
23893,1998,3.0,0.882,0.952,NZL
23894,1999,3.0,0.882,0.952,NZL
23895,2000,3.0,0.881,0.952,NZL
23896,2001,3.0,0.881,0.952,NZL
23897,2002,3.0,0.881,0.952,NZL
23898,2003,3.0,0.881,0.952,NZL
23899,2004,3.0,0.881,0.952,NZL
23900,2005,3.0,0.881,0.952,NZL
23901,2006,3.0,0.881,0.952,NZL
23902,2007,3.0,0.881,0.952,NZL
23903,2008,3.0,0.883,0.952,NZL
23904,2009,3.0,0.895,0.952,NZL
23905,2010,3.0,0.896,0.952,NZL
23906,2011,3.0,0.893,0.952,NZL
23907,2012,3.0,0.893,0.952,NZL
23908,2013,3.0,0.887,0.952,NZL
23909,2014,3.0,0.886,0.952,NZL
23910,2015,3.0,0.887,0.952,NZL
23911,2016,3.0,0.887,0.952,NZL
23912,2017,3.0,0.884,0.949,NZL
23913,2018,3.0,0.888,0.952,NZL
23914,2019,3.0,0.886,0.953,NZL
23915,2020,3.0,0.883,0.95,NZL
23916,2021,3.0,0.874,0.947,NZL
23917,2022,3.0,0.878,0.95,NZL
23918,2023,3.0,0.878,0.951,NZL
24081,1950,3.0,0.781,0.923,NOR
24082,1951,3.0,0.781,0.926,NOR
24083,1952,3.0,0.781,0.926,NOR
24084,1953,3.0,0.781,0.928,NOR
24085,1954,3.0,0.797,0.928,NOR
24086,1955,3.0,0.799,0.928,NOR
24087,1956,3.0,0.8,0.928,NOR
24088,1957,3.0,0.807,0.94,NOR
24089,1958,3.0,0.816,0.94,NOR
24090,1959,3.0,0.816,0.94,NOR
24091,1960,3.0,0.831,0.943,NOR
24092,1961,3.0,0.83,0.943,NOR
24093,1962,3.0,0.829,0.943,NOR
24094,1963,3.0,0.829,0.943,NOR
24095,1964,3.0,0.829,0.963,NOR
24096,1965,3.0,0.83,0.971,NOR
24097,1966,3.0,0.833,0.971,NOR
24098,1967,3.0,0.833,0.971,NOR
24099,1968,3.0,0.833,0.971,NOR
24100,1969,3.0,0.832,0.971,NOR
24101,1970,3.0,0.844,0.972,NOR
24102,1971,3.0,0.844,0.972,NOR
24103,1972,3.0,0.844,0.972,NOR
24104,1973,3.0,0.844,0.972,NOR
24105,1974,3.0,0.844,0.972,NOR
24106,1975,3.0,0.844,0.972,NOR
24107,1976,3.0,0.844,0.972,NOR
24108,1977,3.0,0.845,0.972,NOR
24109,1978,3.0,0.846,0.972,NOR
24110,1979,3.0,0.846,0.972,NOR
24111,1980,3.0,0.864,0.975,NOR
24112,1981,3.0,0.864,0.976,NOR
24113,1982,3.0,0.866,0.976,NOR
24114,1983,3.0,0.866,0.976,NOR
24115,1984,3.0,0.866,0.976,NOR
24116,1985,3.0,0.865,0.976,NOR
24117,1986,3.0,0.864,0.976,NOR
24118,1987,3.0,0.864,0.976,NOR
24119,1988,3.0,0.864,0.976,NOR
24120,1989,3.0,0.864,0.976,NOR
24121,1990,3.0,0.881,0.978,NOR
24122,1991,3.0,0.881,0.978,NOR
24123,1992,3.0,0.881,0.978,NOR
24124,1993,3.0,0.882,0.978,NOR
24125,1994,3.0,0.883,0.978,NOR
24126,1995,3.0,0.883,0.978,NOR
24127,1996,3.0,0.883,0.978,NOR
24128,1997,3.0,0.882,0.978,NOR
24129,1998,3.0,0.879,0.978,NOR
24130,1999,3.0,0.879,0.978,NOR
24131,2000,3.0,0.888,0.978,NOR
24132,2001,3.0,0.889,0.978,NOR
24133,2002,3.0,0.89,0.978,NOR
24134,2003,3.0,0.89,0.978,NOR
24135,2004,3.0,0.89,0.978,NOR
24136,2005,3.0,0.893,0.978,NOR
24137,2006,3.0,0.897,0.978,NOR
24138,2007,3.0,0.897,0.978,NOR
24139,2008,3.0,0.897,0.978,NOR
24140,2009,3.0,0.898,0.978,NOR
24141,2010,3.0,0.902,0.978,NOR
24142,2011,3.0,0.902,0.978,NOR
24143,2012,3.0,0.902,0.978,NOR
24144,2013,3.0,0.89,0.978,NOR
24145,2014,3.0,0.89,0.977,NOR
24146,2015,3.0,0.896,0.977,NOR
24147,2016,3.0,0.896,0.977,NOR
24148,2017,3.0,0.895,0.977,NOR
24149,2018,3.0,0.882,0.974,NOR
24150,2019,3.0,0.892,0.971,NOR
24151,2020,3.0,0.883,0.953,NOR
24152,2021,3.0,0.887,0.953,NOR
24153,2022,3.0,0.886,0.952,NOR
24154,2023,3.0,0.884,0.953,NOR
24317,1950,0.0,0.008,0.097,OMN
24318,1951,0.0,0.008,0.097,OMN
24319,1952,0.0,0.008,0.097,OMN
24320,1953,0.0,0.008,0.097,OMN
24321,1954,0.0,0.007,0.097,OMN
24322,1955,0.0,0.007,0.097,OMN
24323,1956,0.0,0.007,0.097,OMN
24324,1957,0.0,0.007,0.097,OMN
24325,1958,0.0,0.007,0.097,OMN
24326,1959,0.0,0.007,0.097,OMN
24327,1960,0.0,0.007,0.097,OMN
24328,1961,0.0,0.007,0.097,OMN
24329,1962,0.0,0.007,0.097,OMN
24330,1963,0.0,0.007,0.096,OMN
24331,1964,0.0,0.007,0.096,OMN
24332,1965,0.0,0.007,0.087,OMN
24333,1966,0.0,0.007,0.087,OMN
24334,1967,0.0,0.007,0.087,OMN
24335,1968,0.0,0.007,0.087,OMN
24336,1969,0.0,0.007,0.087,OMN
24337,1970,0.0,0.013,0.18,OMN
24338,1971,0.0,0.013,0.189,OMN
24339,1972,0.0,0.013,0.197,OMN
24340,1973,0.0,0.014,0.197,OMN
24341,1974,0.0,0.013,0.211,OMN
24342,1975,0.0,0.013,0.212,OMN
24343,1976,0.0,0.013,0.224,OMN
24344,1977,0.0,0.015,0.241,OMN
24345,1978,0.0,0.015,0.241,OMN
24346,1979,0.0,0.015,0.241,OMN
24347,1980,0.0,0.015,0.248,OMN
24348,1981,0.0,0.015,0.248,OMN
24349,1982,0.0,0.015,0.252,OMN
24350,1983,0.0,0.015,0.252,OMN
24351,1984,0.0,0.015,0.252,OMN
24352,1985,0.0,0.015,0.252,OMN
24353,1986,0.0,0.015,0.255,OMN
24354,1987,0.0,0.015,0.255,OMN
24355,1988,0.0,0.015,0.258,OMN
24356,1989,0.0,0.015,0.258,OMN
24357,1990,0.0,0.015,0.258,OMN
24358,1991,0.0,0.015,0.27,OMN
24359,1992,0.0,0.015,0.331,OMN
24360,1993,0.0,0.015,0.328,OMN
24361,1994,0.0,0.015,0.328,OMN
24362,1995,0.0,0.015,0.329,OMN
24363,1996,0.0,0.015,0.338,OMN
24364,1997,0.0,0.015,0.343,OMN
24365,1998,0.0,0.017,0.343,OMN
24366,1999,0.0,0.017,0.347,OMN
24367,2000,0.0,0.051,0.4,OMN
24368,2001,0.0,0.101,0.4,OMN
24369,2002,0.0,0.148,0.407,OMN
24370,2003,0.0,0.152,0.407,OMN
24371,2004,0.0,0.159,0.407,OMN
24372,2005,0.0,0.159,0.407,OMN
24373,2006,0.0,0.159,0.413,OMN
24374,2007,0.0,0.159,0.417,OMN
24375,2008,0.0,0.157,0.419,OMN
24376,2009,0.0,0.157,0.418,OMN
24377,2010,0.0,0.157,0.418,OMN
24378,2011,0.0,0.167,0.44,OMN
24379,2012,0.0,0.172,0.449,OMN
24380,2013,0.0,0.172,0.458,OMN
24381,2014,0.0,0.172,0.456,OMN
24382,2015,0.0,0.172,0.456,OMN
24383,2016,0.0,0.175,0.456,OMN
24384,2017,0.0,0.174,0.45,OMN
24385,2018,0.0,0.174,0.449,OMN
24386,2019,0.0,0.175,0.454,OMN
24387,2020,0.0,0.173,0.436,OMN
24388,2021,0.0,0.173,0.443,OMN
24389,2022,0.0,0.17,0.436,OMN
24390,2023,0.0,0.17,0.443,OMN
24531,1950,1.0,0.153,0.145,PRY
24532,1951,1.0,0.153,0.145,PRY
24533,1952,1.0,0.153,0.145,PRY
24534,1953,1.0,0.152,0.145,PRY
24535,1954,0.0,0.127,0.13,PRY
24536,1955,0.0,0.118,0.128,PRY
24537,1956,0.0,0.118,0.128,PRY
24538,1957,0.0,0.118,0.128,PRY
24539,1958,0.0,0.117,0.126,PRY
24540,1959,0.0,0.095,0.084,PRY
24541,1960,0.0,0.084,0.07,PRY
24542,1961,0.0,0.116,0.089,PRY
24543,1962,0.0,0.149,0.089,PRY
24544,1963,1.0,0.156,0.089,PRY
24545,1964,1.0,0.159,0.089,PRY
24546,1965,1.0,0.159,0.089,PRY
24547,1966,1.0,0.159,0.102,PRY
24548,1967,1.0,0.159,0.102,PRY
24549,1968,1.0,0.159,0.1,PRY
24550,1969,1.0,0.16,0.1,PRY
24551,1970,1.0,0.16,0.1,PRY
24552,1971,1.0,0.16,0.1,PRY
24553,1972,1.0,0.16,0.1,PRY
24554,1973,1.0,0.16,0.1,PRY
24555,1974,1.0,0.16,0.1,PRY
24556,1975,1.0,0.16,0.1,PRY
24557,1976,1.0,0.16,0.1,PRY
24558,1977,1.0,0.159,0.1,PRY
24559,1978,1.0,0.16,0.1,PRY
24560,1979,1.0,0.16,0.1,PRY
24561,1980,1.0,0.163,0.108,PRY
24562,1981,1.0,0.163,0.108,PRY
24563,1982,1.0,0.163,0.108,PRY
24564,1983,1.0,0.163,0.108,PRY
24565,1984,1.0,0.163,0.108,PRY
24566,1985,1.0,0.164,0.108,PRY
24567,1986,1.0,0.164,0.111,PRY
24568,1987,1.0,0.166,0.127,PRY
24569,1988,1.0,0.168,0.127,PRY
24570,1989,1.0,0.19,0.196,PRY
24571,1990,1.0,0.387,0.422,PRY
24572,1991,1.0,0.401,0.422,PRY
24573,1992,1.0,0.479,0.668,PRY
24574,1993,2.0,0.511,0.664,PRY
24575,1994,2.0,0.519,0.68,PRY
24576,1995,2.0,0.519,0.68,PRY
24577,1996,2.0,0.526,0.68,PRY
24578,1997,2.0,0.531,0.68,PRY
24579,1998,2.0,0.534,0.68,PRY
24580,1999,2.0,0.536,0.673,PRY
24581,2000,2.0,0.54,0.681,PRY
24582,2001,2.0,0.54,0.681,PRY
24583,2002,2.0,0.54,0.681,PRY
24584,2003,2.0,0.566,0.681,PRY
24585,2004,2.0,0.594,0.681,PRY
24586,2005,2.0,0.594,0.676,PRY
24587,2006,2.0,0.594,0.683,PRY
24588,2007,2.0,0.594,0.719,PRY
24589,2008,2.0,0.62,0.776,PRY
24590,2009,2.0,0.636,0.78,PRY
24591,2010,2.0,0.64,0.78,PRY
24592,2011,2.0,0.633,0.78,PRY
24593,2012,2.0,0.609,0.769,PRY
24594,2013,2.0,0.589,0.639,PRY
24595,2014,2.0,0.595,0.644,PRY
24596,2015,2.0,0.591,0.66,PRY
24597,2016,2.0,0.591,0.667,PRY
24598,2017,2.0,0.594,0.659,PRY
24599,2018,2.0,0.584,0.669,PRY
24600,2019,2.0,0.584,0.675,PRY
24601,2020,2.0,0.582,0.699,PRY
24602,2021,2.0,0.582,0.706,PRY
24603,2022,2.0,0.582,0.71,PRY
24604,2023,2.0,0.575,0.693,PRY
24767,1950,0.0,0.136,0.072,ROU
24768,1951,0.0,0.136,0.072,ROU
24769,1952,0.0,0.137,0.072,ROU
24770,1953,0.0,0.152,0.072,ROU
24771,1954,0.0,0.152,0.072,ROU
24772,1955,0.0,0.152,0.072,ROU
24773,1956,0.0,0.152,0.072,ROU
24774,1957,0.0,0.156,0.073,ROU
24775,1958,0.0,0.157,0.073,ROU
24776,1959,0.0,0.157,0.073,ROU
24777,1960,0.0,0.157,0.076,ROU
24778,1961,0.0,0.187,0.081,ROU
24779,1962,0.0,0.187,0.081,ROU
24780,1963,0.0,0.187,0.084,ROU
24781,1964,0.0,0.187,0.084,ROU
24782,1965,0.0,0.188,0.086,ROU
24783,1966,0.0,0.186,0.087,ROU
24784,1967,0.0,0.187,0.087,ROU
24785,1968,0.0,0.187,0.088,ROU
24786,1969,0.0,0.188,0.088,ROU
24787,1970,0.0,0.188,0.088,ROU
24788,1971,0.0,0.188,0.086,ROU
24789,1972,0.0,0.188,0.086,ROU
24790,1973,0.0,0.188,0.086,ROU
24791,1974,0.0,0.188,0.086,ROU
24792,1975,0.0,0.188,0.086,ROU
24793,1976,0.0,0.188,0.086,ROU
24794,1977,0.0,0.188,0.086,ROU
24795,1978,0.0,0.188,0.086,ROU
24796,1979,0.0,0.188,0.086,ROU
24797,1980,0.0,0.187,0.086,ROU
24798,1981,0.0,0.187,0.086,ROU
24799,1982,0.0,0.187,0.086,ROU
24800,1983,0.0,0.187,0.086,ROU
24801,1984,0.0,0.187,0.086,ROU
24802,1985,0.0,0.187,0.086,ROU
24803,1986,0.0,0.187,0.086,ROU
24804,1987,0.0,0.187,0.086,ROU
24805,1988,0.0,0.187,0.086,ROU
24806,1989,0.0,0.187,0.086,ROU
24807,1990,2.0,0.518,0.493,ROU
24808,1991,2.0,0.538,0.534,ROU
24809,1992,2.0,0.552,0.605,ROU
24810,1993,2.0,0.563,0.651,ROU
24811,1994,2.0,0.563,0.651,ROU
24812,1995,2.0,0.563,0.651,ROU
24813,1996,2.0,0.575,0.667,ROU
24814,1997,2.0,0.611,0.667,ROU
24815,1998,2.0,0.611,0.667,ROU
24816,1999,2.0,0.611,0.659,ROU
24817,2000,2.0,0.605,0.662,ROU
24818,2001,2.0,0.586,0.662,ROU
24819,2002,2.0,0.586,0.666,ROU
24820,2003,2.0,0.607,0.68,ROU
24821,2004,2.0,0.591,0.702,ROU
24822,2005,2.0,0.607,0.742,ROU
24823,2006,2.0,0.614,0.742,ROU
24824,2007,2.0,0.615,0.766,ROU
24825,2008,2.0,0.625,0.78,ROU
24826,2009,2.0,0.669,0.785,ROU
24827,2010,2.0,0.681,0.798,ROU
24828,2011,2.0,0.683,0.798,ROU
24829,2012,2.0,0.674,0.783,ROU
24830,2013,2.0,0.667,0.828,ROU
24831,2014,2.0,0.672,0.843,ROU
24832,2015,2.0,0.716,0.853,ROU
24833,2016,2.0,0.728,0.859,ROU
24834,2017,2.0,0.691,0.736,ROU
24835,2018,2.0,0.689,0.659,ROU
24836,2019,2.0,0.748,0.705,ROU
24837,2020,2.0,0.799,0.821,ROU
24838,2021,2.0,0.765,0.775,ROU
24839,2022,2.0,0.689,0.761,ROU
24840,2023,2.0,0.674,0.712,ROU
24892,1950,0.0,0.028,0.318,STP
24893,1951,0.0,0.028,0.318,STP
24894,1952,0.0,0.028,0.318,STP
24895,1953,0.0,0.027,0.307,STP
24896,1954,0.0,0.028,0.317,STP
24897,1955,0.0,0.028,0.322,STP
24898,1956,0.0,0.028,0.322,STP
24899,1957,0.0,0.028,0.322,STP
24900,1958,0.0,0.028,0.322,STP
24901,1959,0.0,0.028,0.322,STP
24902,1960,0.0,0.028,0.322,STP
24903,1961,0.0,0.028,0.326,STP
24904,1962,0.0,0.028,0.325,STP
24905,1963,0.0,0.028,0.325,STP
24906,1964,0.0,0.028,0.336,STP
24907,1965,0.0,0.028,0.336,STP
24908,1966,0.0,0.028,0.336,STP
24909,1967,0.0,0.028,0.336,STP
24910,1968,0.0,0.028,0.336,STP
24911,1969,0.0,0.028,0.336,STP
24912,1970,0.0,0.028,0.336,STP
24913,1971,0.0,0.028,0.336,STP
24914,1972,0.0,0.041,0.336,STP
24915,1973,0.0,0.041,0.409,STP
24916,1974,0.0,0.042,0.395,STP
24917,1975,0.0,0.154,0.488,STP
24918,1976,0.0,0.157,0.514,STP
24919,1977,0.0,0.157,0.514,STP
24920,1978,0.0,0.157,0.514,STP
24921,1979,0.0,0.157,0.514,STP
24922,1980,0.0,0.157,0.524,STP
24923,1981,0.0,0.157,0.524,STP
24924,1982,0.0,0.157,0.524,STP
24925,1983,0.0,0.157,0.524,STP
24926,1984,0.0,0.157,0.524,STP
24927,1985,0.0,0.157,0.524,STP
24928,1986,0.0,0.157,0.524,STP
24929,1987,0.0,0.188,0.524,STP
24930,1988,0.0,0.188,0.524,STP
24931,1989,0.0,0.188,0.524,STP
24932,1990,0.0,0.234,0.572,STP
24933,1991,2.0,0.55,0.699,STP
24934,1992,2.0,0.642,0.771,STP
24935,1993,2.0,0.648,0.777,STP
24936,1994,2.0,0.648,0.777,STP
24937,1995,2.0,0.646,0.777,STP
24938,1996,2.0,0.642,0.782,STP
24939,1997,2.0,0.641,0.782,STP
24940,1998,2.0,0.642,0.782,STP
24941,1999,2.0,0.647,0.78,STP
24942,2000,2.0,0.647,0.764,STP
24943,2001,2.0,0.657,0.764,STP
24944,2002,2.0,0.661,0.769,STP
24945,2003,2.0,0.66,0.783,STP
24946,2004,2.0,0.665,0.798,STP
24947,2005,2.0,0.663,0.81,STP
24948,2006,2.0,0.657,0.814,STP
24949,2007,2.0,0.656,0.814,STP
24950,2008,2.0,0.656,0.814,STP
24951,2009,2.0,0.656,0.814,STP
24952,2010,2.0,0.677,0.817,STP
24953,2011,2.0,0.686,0.817,STP
24954,2012,2.0,0.682,0.817,STP
24955,2013,2.0,0.681,0.832,STP
24956,2014,2.0,0.683,0.831,STP
24957,2015,2.0,0.692,0.831,STP
24958,2016,2.0,0.684,0.831,STP
24959,2017,2.0,0.668,0.827,STP
24960,2018,2.0,0.67,0.798,STP
24961,2019,2.0,0.7,0.818,STP
24962,2020,2.0,0.692,0.844,STP
24963,2021,2.0,0.683,0.844,STP
24964,2022,2.0,0.676,0.834,STP
24965,2023,2.0,0.673,0.841,STP
25125,1950,0.0,0.009,0.135,SAU
25126,1951,0.0,0.009,0.135,SAU
25127,1952,0.0,0.009,0.136,SAU
25128,1953,0.0,0.01,0.133,SAU
25129,1954,0.0,0.013,0.148,SAU
25130,1955,0.0,0.013,0.149,SAU
25131,1956,0.0,0.014,0.149,SAU
25132,1957,0.0,0.014,0.149,SAU
25133,1958,0.0,0.014,0.149,SAU
25134,1959,0.0,0.014,0.149,SAU
25135,1960,0.0,0.014,0.149,SAU
25136,1961,0.0,0.014,0.149,SAU
25137,1962,0.0,0.014,0.156,SAU
25138,1963,0.0,0.014,0.162,SAU
25139,1964,0.0,0.014,0.162,SAU
25140,1965,0.0,0.014,0.163,SAU
25141,1966,0.0,0.014,0.163,SAU
25142,1967,0.0,0.014,0.163,SAU
25143,1968,0.0,0.014,0.163,SAU
25144,1969,0.0,0.014,0.163,SAU
25145,1970,0.0,0.014,0.162,SAU
25146,1971,0.0,0.014,0.162,SAU
25147,1972,0.0,0.014,0.162,SAU
25148,1973,0.0,0.014,0.146,SAU
25149,1974,0.0,0.015,0.144,SAU
25150,1975,0.0,0.012,0.146,SAU
25151,1976,0.0,0.012,0.146,SAU
25152,1977,0.0,0.012,0.146,SAU
25153,1978,0.0,0.012,0.146,SAU
25154,1979,0.0,0.014,0.146,SAU
25155,1980,0.0,0.014,0.148,SAU
25156,1981,0.0,0.014,0.15,SAU
25157,1982,0.0,0.014,0.15,SAU
25158,1983,0.0,0.014,0.148,SAU
25159,1984,0.0,0.014,0.148,SAU
25160,1985,0.0,0.014,0.148,SAU
25161,1986,0.0,0.014,0.149,SAU
25162,1987,0.0,0.014,0.149,SAU
25163,1988,0.0,0.014,0.149,SAU
25164,1989,0.0,0.014,0.149,SAU
25165,1990,0.0,0.013,0.149,SAU
25166,1991,0.0,0.014,0.148,SAU
25167,1992,0.0,0.014,0.153,SAU
25168,1993,0.0,0.016,0.153,SAU
25169,1994,0.0,0.016,0.153,SAU
25170,1995,0.0,0.015,0.153,SAU
25171,1996,0.0,0.016,0.153,SAU
25172,1997,0.0,0.016,0.153,SAU
25173,1998,0.0,0.016,0.153,SAU
25174,1999,0.0,0.016,0.153,SAU
25175,2000,0.0,0.018,0.155,SAU
25176,2001,0.0,0.018,0.154,SAU
25177,2002,0.0,0.018,0.152,SAU
25178,2003,0.0,0.018,0.152,SAU
25179,2004,0.0,0.018,0.152,SAU
25180,2005,0.0,0.019,0.164,SAU
25181,2006,0.0,0.019,0.164,SAU
25182,2007,0.0,0.02,0.165,SAU
25183,2008,0.0,0.02,0.173,SAU
25184,2009,0.0,0.02,0.177,SAU
25185,2010,0.0,0.02,0.178,SAU
25186,2011,0.0,0.02,0.178,SAU
25187,2012,0.0,0.02,0.179,SAU
25188,2013,0.0,0.018,0.182,SAU
25189,2014,0.0,0.018,0.182,SAU
25190,2015,0.0,0.016,0.183,SAU
25191,2016,0.0,0.016,0.177,SAU
25192,2017,0.0,0.015,0.176,SAU
25193,2018,0.0,0.016,0.17,SAU
25194,2019,0.0,0.015,0.178,SAU
25195,2020,0.0,0.015,0.18,SAU
25196,2021,0.0,0.015,0.177,SAU
25197,2022,0.0,0.015,0.186,SAU
25198,2023,0.0,0.015,0.182,SAU
25345,1950,0.0,0.094,0.314,SRB
25346,1951,0.0,0.094,0.325,SRB
25347,1952,0.0,0.094,0.332,SRB
25348,1953,0.0,0.095,0.34,SRB
25349,1954,0.0,0.094,0.346,SRB
25350,1955,0.0,0.094,0.348,SRB
25351,1956,0.0,0.094,0.348,SRB
25352,1957,0.0,0.094,0.348,SRB
25353,1958,0.0,0.093,0.348,SRB
25354,1959,0.0,0.093,0.348,SRB
25355,1960,0.0,0.093,0.348,SRB
25356,1961,0.0,0.093,0.348,SRB
25357,1962,0.0,0.093,0.348,SRB
25358,1963,0.0,0.094,0.403,SRB
25359,1964,0.0,0.094,0.403,SRB
25360,1965,0.0,0.094,0.419,SRB
25361,1966,0.0,0.094,0.419,SRB
25362,1967,0.0,0.095,0.423,SRB
25363,1968,0.0,0.095,0.423,SRB
25364,1969,0.0,0.095,0.423,SRB
25365,1970,0.0,0.095,0.423,SRB
25366,1971,0.0,0.095,0.423,SRB
25367,1972,0.0,0.095,0.423,SRB
25368,1973,0.0,0.095,0.423,SRB
25369,1974,0.0,0.092,0.438,SRB
25370,1975,0.0,0.095,0.439,SRB
25371,1976,0.0,0.095,0.439,SRB
25372,1977,0.0,0.095,0.439,SRB
25373,1978,0.0,0.095,0.439,SRB
25374,1979,0.0,0.095,0.435,SRB
25375,1980,0.0,0.115,0.443,SRB
25376,1981,0.0,0.137,0.453,SRB
25377,1982,0.0,0.137,0.461,SRB
25378,1983,0.0,0.137,0.461,SRB
25379,1984,0.0,0.137,0.462,SRB
25380,1985,0.0,0.137,0.462,SRB
25381,1986,0.0,0.137,0.462,SRB
25382,1987,0.0,0.138,0.462,SRB
25383,1988,0.0,0.139,0.467,SRB
25384,1989,0.0,0.138,0.435,SRB
25385,1990,0.0,0.204,0.449,SRB
25386,1991,0.0,0.163,0.326,SRB
25387,1992,1.0,0.241,0.399,SRB
25388,1993,1.0,0.293,0.444,SRB
25389,1994,1.0,0.293,0.448,SRB
25390,1995,1.0,0.293,0.448,SRB
25391,1996,1.0,0.298,0.454,SRB
25392,1997,1.0,0.303,0.454,SRB
25393,1998,1.0,0.299,0.451,SRB
25394,1999,1.0,0.3,0.444,SRB
25395,2000,1.0,0.367,0.628,SRB
25396,2001,2.0,0.589,0.814,SRB
25397,2002,2.0,0.612,0.812,SRB
25398,2003,2.0,0.647,0.814,SRB
25399,2004,2.0,0.634,0.818,SRB
25400,2005,2.0,0.634,0.823,SRB
25401,2006,2.0,0.637,0.823,SRB
25402,2007,3.0,0.632,0.831,SRB
25403,2008,3.0,0.637,0.836,SRB
25404,2009,3.0,0.634,0.836,SRB
25405,2010,3.0,0.612,0.826,SRB
25406,2011,3.0,0.613,0.826,SRB
25407,2012,3.0,0.595,0.805,SRB
25408,2013,2.0,0.504,0.765,SRB
25409,2014,1.0,0.446,0.738,SRB
25410,2015,1.0,0.433,0.731,SRB
25411,2016,1.0,0.415,0.698,SRB
25412,2017,1.0,0.378,0.665,SRB
25413,2018,1.0,0.361,0.672,SRB
25414,2019,1.0,0.363,0.656,SRB
25415,2020,1.0,0.351,0.564,SRB
25416,2021,1.0,0.337,0.56,SRB
25417,2022,1.0,0.359,0.603,SRB
25418,2023,1.0,0.36,0.561,SRB
25467,1950,0.0,0.129,0.511,SYC
25468,1951,0.0,0.124,0.511,SYC
25469,1952,0.0,0.124,0.511,SYC
25470,1953,0.0,0.129,0.511,SYC
25471,1954,0.0,0.129,0.511,SYC
25472,1955,0.0,0.129,0.511,SYC
25473,1956,0.0,0.129,0.511,SYC
25474,1957,0.0,0.128,0.511,SYC
25475,1958,0.0,0.127,0.511,SYC
25476,1959,0.0,0.127,0.511,SYC
25477,1960,0.0,0.128,0.511,SYC
25478,1961,0.0,0.127,0.511,SYC
25479,1962,0.0,0.127,0.511,SYC
25480,1963,0.0,0.131,0.511,SYC
25481,1964,0.0,0.155,0.511,SYC
25482,1965,0.0,0.164,0.513,SYC
25483,1966,0.0,0.165,0.513,SYC
25484,1967,0.0,0.237,0.517,SYC
25485,1968,0.0,0.238,0.517,SYC
25486,1969,0.0,0.238,0.517,SYC
25487,1970,1.0,0.252,0.534,SYC
25488,1971,1.0,0.33,0.554,SYC
25489,1972,1.0,0.312,0.53,SYC
25490,1973,1.0,0.312,0.53,SYC
25491,1974,1.0,0.272,0.53,SYC
25492,1975,1.0,0.266,0.53,SYC
25493,1976,1.0,0.291,0.565,SYC
25494,1977,0.0,0.174,0.396,SYC
25495,1978,0.0,0.1,0.332,SYC
25496,1979,1.0,0.152,0.481,SYC
25497,1980,1.0,0.202,0.499,SYC
25498,1981,1.0,0.203,0.499,SYC
25499,1982,1.0,0.204,0.505,SYC
25500,1983,1.0,0.203,0.505,SYC
25501,1984,1.0,0.203,0.511,SYC
25502,1985,1.0,0.209,0.518,SYC
25503,1986,1.0,0.209,0.515,SYC
25504,1987,0.0,0.209,0.515,SYC
25505,1988,0.0,0.205,0.515,SYC
25506,1989,0.0,0.21,0.515,SYC
25507,1990,0.0,0.213,0.519,SYC
25508,1991,0.0,0.222,0.519,SYC
25509,1992,1.0,0.283,0.555,SYC
25510,1993,1.0,0.345,0.582,SYC
25511,1994,1.0,0.357,0.582,SYC
25512,1995,1.0,0.366,0.578,SYC
25513,1996,1.0,0.36,0.578,SYC
25514,1997,1.0,0.365,0.578,SYC
25515,1998,1.0,0.367,0.578,SYC
25516,1999,1.0,0.368,0.578,SYC
25517,2000,1.0,0.368,0.599,SYC
25518,2001,1.0,0.359,0.599,SYC
25519,2002,1.0,0.364,0.61,SYC
25520,2003,1.0,0.398,0.683,SYC
25521,2004,1.0,0.439,0.721,SYC
25522,2005,1.0,0.441,0.72,SYC
25523,2006,1.0,0.452,0.721,SYC
25524,2007,1.0,0.474,0.724,SYC
25525,2008,1.0,0.479,0.722,SYC
25526,2009,1.0,0.477,0.722,SYC
25527,2010,1.0,0.477,0.734,SYC
25528,2011,1.0,0.478,0.741,SYC
25529,2012,1.0,0.475,0.732,SYC
25530,2013,1.0,0.49,0.767,SYC
25531,2014,1.0,0.494,0.774,SYC
25532,2015,2.0,0.515,0.797,SYC
25533,2016,3.0,0.584,0.837,SYC
25534,2017,3.0,0.596,0.849,SYC
25535,2018,3.0,0.602,0.863,SYC
25536,2019,3.0,0.614,0.859,SYC
25537,2020,3.0,0.667,0.88,SYC
25538,2021,3.0,0.709,0.908,SYC
25539,2022,3.0,0.752,0.9,SYC
25540,2023,3.0,0.738,0.9,SYC
25625,1950,0.0,0.193,0.526,SGP
25626,1951,0.0,0.197,0.546,SGP
25627,1952,0.0,0.198,0.546,SGP
25628,1953,0.0,0.197,0.546,SGP
25629,1954,0.0,0.197,0.546,SGP
25630,1955,1.0,0.252,0.568,SGP
25631,1956,1.0,0.277,0.57,SGP
25632,1957,1.0,0.277,0.57,SGP
25633,1958,1.0,0.277,0.61,SGP
25634,1959,1.0,0.401,0.635,SGP
25635,1960,1.0,0.409,0.617,SGP
25636,1961,1.0,0.409,0.617,SGP
25637,1962,1.0,0.409,0.617,SGP
25638,1963,1.0,0.403,0.642,SGP
25639,1964,1.0,0.335,0.642,SGP
25640,1965,1.0,0.314,0.656,SGP
25641,1966,1.0,0.308,0.666,SGP
25642,1967,1.0,0.308,0.669,SGP
25643,1968,1.0,0.314,0.674,SGP
25644,1969,1.0,0.316,0.674,SGP
25645,1970,1.0,0.316,0.687,SGP
25646,1971,1.0,0.316,0.687,SGP
25647,1972,1.0,0.319,0.687,SGP
25648,1973,1.0,0.327,0.687,SGP
25649,1974,1.0,0.327,0.687,SGP
25650,1975,1.0,0.327,0.689,SGP
25651,1976,1.0,0.327,0.683,SGP
25652,1977,1.0,0.329,0.683,SGP
25653,1978,1.0,0.329,0.683,SGP
25654,1979,1.0,0.329,0.683,SGP
25655,1980,1.0,0.336,0.69,SGP
25656,1981,1.0,0.345,0.69,SGP
25657,1982,1.0,0.345,0.69,SGP
25658,1983,1.0,0.345,0.69,SGP
25659,1984,1.0,0.345,0.69,SGP
25660,1985,1.0,0.347,0.69,SGP
25661,1986,1.0,0.352,0.69,SGP
25662,1987,1.0,0.353,0.69,SGP
25663,1988,1.0,0.353,0.69,SGP
25664,1989,1.0,0.352,0.69,SGP
25665,1990,1.0,0.365,0.698,SGP
25666,1991,1.0,0.37,0.698,SGP
25667,1992,1.0,0.362,0.698,SGP
25668,1993,1.0,0.364,0.698,SGP
25669,1994,1.0,0.368,0.698,SGP
25670,1995,1.0,0.368,0.698,SGP
25671,1996,1.0,0.368,0.698,SGP
25672,1997,1.0,0.374,0.698,SGP
25673,1998,1.0,0.374,0.698,SGP
25674,1999,1.0,0.37,0.698,SGP
25675,2000,1.0,0.381,0.701,SGP
25676,2001,1.0,0.381,0.701,SGP
25677,2002,1.0,0.377,0.701,SGP
25678,2003,1.0,0.377,0.701,SGP
25679,2004,1.0,0.377,0.701,SGP
25680,2005,1.0,0.372,0.701,SGP
25681,2006,1.0,0.387,0.696,SGP
25682,2007,1.0,0.385,0.696,SGP
25683,2008,1.0,0.391,0.696,SGP
25684,2009,1.0,0.39,0.695,SGP
25685,2010,1.0,0.39,0.698,SGP
25686,2011,1.0,0.404,0.701,SGP
25687,2012,1.0,0.42,0.701,SGP
25688,2013,1.0,0.416,0.701,SGP
25689,2014,1.0,0.416,0.701,SGP
25690,2015,1.0,0.415,0.701,SGP
25691,2016,1.0,0.427,0.701,SGP
25692,2017,1.0,0.422,0.733,SGP
25693,2018,1.0,0.411,0.733,SGP
25694,2019,1.0,0.405,0.727,SGP
25695,2020,1.0,0.4,0.724,SGP
25696,2021,1.0,0.395,0.733,SGP
25697,2022,1.0,0.395,0.733,SGP
25698,2023,1.0,0.403,0.738,SGP
25706,1993,0.0,0.751,0.834,SVK
25707,1994,2.0,0.707,0.739,SVK
25708,1995,2.0,0.706,0.735,SVK
25709,1996,2.0,0.706,0.733,SVK
25710,1997,2.0,0.706,0.736,SVK
25711,1998,2.0,0.764,0.806,SVK
25712,1999,3.0,0.841,0.881,SVK
25713,2000,3.0,0.847,0.881,SVK
25714,2001,3.0,0.847,0.881,SVK
25715,2002,3.0,0.847,0.881,SVK
25716,2003,3.0,0.846,0.885,SVK
25717,2004,3.0,0.846,0.885,SVK
25718,2005,3.0,0.846,0.885,SVK
25719,2006,3.0,0.822,0.885,SVK
25720,2007,3.0,0.831,0.88,SVK
25721,2008,3.0,0.835,0.88,SVK
25722,2009,3.0,0.839,0.879,SVK
25723,2010,3.0,0.852,0.883,SVK
25724,2011,3.0,0.855,0.882,SVK
25725,2012,3.0,0.848,0.871,SVK
25726,2013,3.0,0.837,0.868,SVK
25727,2014,3.0,0.839,0.867,SVK
25728,2015,3.0,0.844,0.864,SVK
25729,2016,3.0,0.844,0.863,SVK
25730,2017,3.0,0.84,0.861,SVK
25731,2018,3.0,0.821,0.857,SVK
25732,2019,2.0,0.844,0.878,SVK
25733,2020,2.0,0.843,0.907,SVK
25734,2021,2.0,0.844,0.904,SVK
25735,2022,2.0,0.841,0.914,SVK
25736,2023,2.0,0.817,0.9,SVK
25738,1989,0.0,0.248,0.69,SVN
25739,1990,2.0,0.626,0.787,SVN
25740,1991,3.0,0.817,0.882,SVN
25741,1992,3.0,0.853,0.905,SVN
25742,1993,3.0,0.847,0.907,SVN
25743,1994,3.0,0.851,0.907,SVN
25744,1995,3.0,0.848,0.907,SVN
25745,1996,3.0,0.856,0.906,SVN
25746,1997,3.0,0.842,0.91,SVN
25747,1998,3.0,0.842,0.914,SVN
25748,1999,3.0,0.84,0.913,SVN
25749,2000,3.0,0.843,0.9,SVN
25750,2001,3.0,0.832,0.903,SVN
25751,2002,3.0,0.848,0.904,SVN
25752,2003,3.0,0.845,0.895,SVN
25753,2004,3.0,0.828,0.896,SVN
25754,2005,3.0,0.826,0.898,SVN
25755,2006,3.0,0.824,0.898,SVN
25756,2007,3.0,0.829,0.898,SVN
25757,2008,3.0,0.829,0.9,SVN
25758,2009,3.0,0.878,0.91,SVN
25759,2010,3.0,0.873,0.916,SVN
25760,2011,3.0,0.863,0.92,SVN
25761,2012,3.0,0.848,0.915,SVN
25762,2013,3.0,0.863,0.92,SVN
25763,2014,3.0,0.865,0.929,SVN
25764,2015,3.0,0.876,0.93,SVN
25765,2016,3.0,0.863,0.932,SVN
25766,2017,3.0,0.841,0.931,SVN
25767,2018,3.0,0.829,0.927,SVN
25768,2019,3.0,0.812,0.93,SVN
25769,2020,3.0,0.754,0.898,SVN
25770,2021,2.0,0.716,0.879,SVN
25771,2022,3.0,0.812,0.911,SVN
25772,2023,2.0,0.757,0.871,SVN
25824,1950,0.0,0.052,0.326,SLB
25825,1951,0.0,0.053,0.356,SLB
25826,1952,0.0,0.053,0.366,SLB
25827,1953,0.0,0.053,0.366,SLB
25828,1954,0.0,0.053,0.367,SLB
25829,1955,0.0,0.053,0.367,SLB
25830,1956,0.0,0.053,0.367,SLB
25831,1957,0.0,0.053,0.367,SLB
25832,1958,0.0,0.053,0.367,SLB
25833,1959,0.0,0.053,0.367,SLB
25834,1960,0.0,0.074,0.588,SLB
25835,1961,0.0,0.074,0.588,SLB
25836,1962,0.0,0.074,0.588,SLB
25837,1963,0.0,0.074,0.588,SLB
25838,1964,0.0,0.207,0.588,SLB
25839,1965,0.0,0.236,0.588,SLB
25840,1966,0.0,0.236,0.588,SLB
25841,1967,0.0,0.239,0.588,SLB
25842,1968,0.0,0.239,0.588,SLB
25843,1969,0.0,0.239,0.588,SLB
25844,1970,0.0,0.255,0.642,SLB
25845,1971,0.0,0.255,0.642,SLB
25846,1972,0.0,0.255,0.642,SLB
25847,1973,0.0,0.259,0.642,SLB
25848,1974,1.0,0.274,0.642,SLB
25849,1975,1.0,0.3,0.642,SLB
25850,1976,1.0,0.318,0.642,SLB
25851,1977,1.0,0.321,0.642,SLB
25852,1978,1.0,0.473,0.723,SLB
25853,1979,2.0,0.51,0.762,SLB
25854,1980,2.0,0.514,0.753,SLB
25855,1981,2.0,0.511,0.748,SLB
25856,1982,2.0,0.526,0.748,SLB
25857,1983,2.0,0.526,0.748,SLB
25858,1984,2.0,0.527,0.748,SLB
25859,1985,2.0,0.534,0.748,SLB
25860,1986,2.0,0.534,0.748,SLB
25861,1987,2.0,0.534,0.748,SLB
25862,1988,2.0,0.534,0.748,SLB
25863,1989,2.0,0.522,0.748,SLB
25864,1990,2.0,0.524,0.746,SLB
25865,1991,2.0,0.524,0.746,SLB
25866,1992,2.0,0.524,0.746,SLB
25867,1993,2.0,0.524,0.746,SLB
25868,1994,2.0,0.524,0.746,SLB
25869,1995,2.0,0.524,0.746,SLB
25870,1996,2.0,0.524,0.746,SLB
25871,1997,2.0,0.519,0.746,SLB
25872,1998,2.0,0.505,0.733,SLB
25873,1999,2.0,0.503,0.686,SLB
25874,2000,1.0,0.353,0.524,SLB
25875,2001,1.0,0.27,0.476,SLB
25876,2002,2.0,0.501,0.702,SLB
25877,2003,2.0,0.501,0.725,SLB
25878,2004,2.0,0.514,0.733,SLB
25879,2005,2.0,0.508,0.729,SLB
25880,2006,1.0,0.458,0.672,SLB
25881,2007,2.0,0.542,0.752,SLB
25882,2008,2.0,0.542,0.752,SLB
25883,2009,2.0,0.538,0.752,SLB
25884,2010,2.0,0.549,0.746,SLB
25885,2011,2.0,0.56,0.746,SLB
25886,2012,2.0,0.566,0.746,SLB
25887,2013,2.0,0.568,0.747,SLB
25888,2014,2.0,0.572,0.742,SLB
25889,2015,2.0,0.577,0.74,SLB
25890,2016,2.0,0.589,0.736,SLB
25891,2017,2.0,0.599,0.75,SLB
25892,2018,2.0,0.602,0.75,SLB
25893,2019,2.0,0.63,0.754,SLB
25894,2020,2.0,0.62,0.716,SLB
25895,2021,2.0,0.621,0.732,SLB
25896,2022,2.0,0.622,0.747,SLB
25897,2023,2.0,0.629,0.76,SLB
25949,1950,0.0,0.079,0.556,VUT
25950,1951,0.0,0.079,0.566,VUT
25951,1952,0.0,0.079,0.566,VUT
25952,1953,0.0,0.079,0.566,VUT
25953,1954,0.0,0.081,0.566,VUT
25954,1955,0.0,0.08,0.566,VUT
25955,1956,0.0,0.08,0.566,VUT
25956,1957,0.0,0.08,0.566,VUT
25957,1958,0.0,0.08,0.566,VUT
25958,1959,0.0,0.08,0.566,VUT
25959,1960,0.0,0.08,0.566,VUT
25960,1961,0.0,0.08,0.566,VUT
25961,1962,0.0,0.08,0.566,VUT
25962,1963,0.0,0.08,0.566,VUT
25963,1964,0.0,0.08,0.566,VUT
25964,1965,0.0,0.08,0.566,VUT
25965,1966,0.0,0.08,0.566,VUT
25966,1967,0.0,0.08,0.566,VUT
25967,1968,0.0,0.08,0.566,VUT
25968,1969,0.0,0.08,0.566,VUT
25969,1970,0.0,0.154,0.558,VUT
25970,1971,0.0,0.166,0.593,VUT
25971,1972,0.0,0.166,0.593,VUT
25972,1973,0.0,0.166,0.593,VUT
25973,1974,0.0,0.166,0.593,VUT
25974,1975,0.0,0.239,0.593,VUT
25975,1976,0.0,0.302,0.863,VUT
25976,1977,1.0,0.312,0.863,VUT
25977,1978,1.0,0.404,0.863,VUT
25978,1979,1.0,0.461,0.863,VUT
25979,1980,2.0,0.703,0.83,VUT
25980,1981,2.0,0.703,0.83,VUT
25981,1982,2.0,0.703,0.83,VUT
25982,1983,2.0,0.699,0.83,VUT
25983,1984,2.0,0.683,0.83,VUT
25984,1985,2.0,0.683,0.83,VUT
25985,1986,2.0,0.683,0.83,VUT
25986,1987,2.0,0.684,0.83,VUT
25987,1988,2.0,0.689,0.83,VUT
25988,1989,2.0,0.689,0.83,VUT
25989,1990,2.0,0.696,0.828,VUT
25990,1991,2.0,0.683,0.828,VUT
25991,1992,2.0,0.608,0.828,VUT
25992,1993,2.0,0.608,0.828,VUT
25993,1994,2.0,0.608,0.835,VUT
25994,1995,2.0,0.608,0.837,VUT
25995,1996,2.0,0.613,0.837,VUT
25996,1997,2.0,0.613,0.837,VUT
25997,1998,2.0,0.613,0.837,VUT
25998,1999,2.0,0.612,0.837,VUT
25999,2000,2.0,0.612,0.835,VUT
26000,2001,2.0,0.612,0.835,VUT
26001,2002,2.0,0.611,0.835,VUT
26002,2003,2.0,0.61,0.835,VUT
26003,2004,2.0,0.609,0.835,VUT
26004,2005,2.0,0.608,0.835,VUT
26005,2006,2.0,0.608,0.835,VUT
26006,2007,2.0,0.608,0.835,VUT
26007,2008,2.0,0.65,0.835,VUT
26008,2009,2.0,0.735,0.835,VUT
26009,2010,2.0,0.735,0.839,VUT
26010,2011,2.0,0.735,0.839,VUT
26011,2012,2.0,0.735,0.839,VUT
26012,2013,2.0,0.738,0.839,VUT
26013,2014,2.0,0.738,0.839,VUT
26014,2015,2.0,0.744,0.858,VUT
26015,2016,2.0,0.769,0.858,VUT
26016,2017,2.0,0.784,0.86,VUT
26017,2018,2.0,0.781,0.861,VUT
26018,2019,2.0,0.772,0.843,VUT
26019,2020,2.0,0.774,0.841,VUT
26020,2021,2.0,0.795,0.831,VUT
26021,2022,2.0,0.799,0.842,VUT
26022,2023,2.0,0.815,0.857,VUT
26024,1971,0.0,0.016,0.189,ARE
26025,1972,0.0,0.016,0.189,ARE
26026,1973,0.0,0.014,0.189,ARE
26027,1974,0.0,0.016,0.189,ARE
26028,1975,0.0,0.016,0.189,ARE
26029,1976,0.0,0.017,0.187,ARE
26030,1977,0.0,0.019,0.187,ARE
26031,1978,0.0,0.019,0.187,ARE
26032,1979,0.0,0.019,0.194,ARE
26033,1980,0.0,0.017,0.194,ARE
26034,1981,0.0,0.017,0.194,ARE
26035,1982,0.0,0.017,0.194,ARE
26036,1983,0.0,0.018,0.194,ARE
26037,1984,0.0,0.019,0.194,ARE
26038,1985,0.0,0.02,0.2,ARE
26039,1986,0.0,0.02,0.2,ARE
26040,1987,0.0,0.023,0.2,ARE
26041,1988,0.0,0.023,0.2,ARE
26042,1989,0.0,0.023,0.209,ARE
26043,1990,0.0,0.023,0.218,ARE
26044,1991,0.0,0.023,0.218,ARE
26045,1992,0.0,0.024,0.218,ARE
26046,1993,0.0,0.023,0.218,ARE
26047,1994,0.0,0.025,0.267,ARE
26048,1995,0.0,0.027,0.268,ARE
26049,1996,0.0,0.027,0.276,ARE
26050,1997,0.0,0.027,0.276,ARE
26051,1998,0.0,0.028,0.276,ARE
26052,1999,0.0,0.028,0.276,ARE
26053,2000,0.0,0.028,0.276,ARE
26054,2001,0.0,0.028,0.276,ARE
26055,2002,0.0,0.024,0.277,ARE
26056,2003,0.0,0.024,0.273,ARE
26057,2004,0.0,0.019,0.265,ARE
26058,2005,0.0,0.02,0.27,ARE
26059,2006,0.0,0.024,0.281,ARE
26060,2007,0.0,0.071,0.295,ARE
26061,2008,0.0,0.072,0.295,ARE
26062,2009,0.0,0.072,0.298,ARE
26063,2010,0.0,0.071,0.301,ARE
26064,2011,0.0,0.083,0.287,ARE
26065,2012,0.0,0.091,0.307,ARE
26066,2013,0.0,0.091,0.309,ARE
26067,2014,0.0,0.089,0.311,ARE
26068,2015,0.0,0.097,0.319,ARE
26069,2016,0.0,0.1,0.32,ARE
26070,2017,0.0,0.095,0.324,ARE
26071,2018,0.0,0.095,0.33,ARE
26072,2019,0.0,0.103,0.314,ARE
26073,2020,0.0,0.103,0.313,ARE
26074,2021,0.0,0.101,0.294,ARE
26075,2022,0.0,0.102,0.302,ARE
26076,2023,0.0,0.102,0.273,ARE
26270,1950,0.0,0.117,0.225,HUN
26271,1951,0.0,0.117,0.227,HUN
26272,1952,0.0,0.117,0.227,HUN
26273,1953,0.0,0.155,0.227,HUN
26274,1954,0.0,0.184,0.234,HUN
26275,1955,0.0,0.14,0.234,HUN
26276,1956,0.0,0.123,0.227,HUN
26277,1957,0.0,0.121,0.23,HUN
26278,1958,0.0,0.121,0.245,HUN
26279,1959,0.0,0.121,0.252,HUN
26280,1960,0.0,0.123,0.264,HUN
26281,1961,0.0,0.123,0.268,HUN
26282,1962,0.0,0.126,0.282,HUN
26283,1963,0.0,0.129,0.273,HUN
26284,1964,0.0,0.132,0.301,HUN
26285,1965,0.0,0.131,0.306,HUN
26286,1966,0.0,0.131,0.306,HUN
26287,1967,0.0,0.131,0.306,HUN
26288,1968,0.0,0.132,0.313,HUN
26289,1969,0.0,0.132,0.322,HUN
26290,1970,0.0,0.133,0.328,HUN
26291,1971,0.0,0.132,0.33,HUN
26292,1972,0.0,0.132,0.331,HUN
26293,1973,0.0,0.132,0.331,HUN
26294,1974,0.0,0.132,0.331,HUN
26295,1975,0.0,0.132,0.331,HUN
26296,1976,0.0,0.132,0.334,HUN
26297,1977,0.0,0.132,0.334,HUN
26298,1978,0.0,0.132,0.334,HUN
26299,1979,0.0,0.132,0.334,HUN
26300,1980,0.0,0.133,0.339,HUN
26301,1981,0.0,0.135,0.339,HUN
26302,1982,0.0,0.136,0.339,HUN
26303,1983,0.0,0.136,0.339,HUN
26304,1984,0.0,0.136,0.339,HUN
26305,1985,0.0,0.142,0.343,HUN
26306,1986,0.0,0.147,0.353,HUN
26307,1987,0.0,0.152,0.355,HUN
26308,1988,0.0,0.171,0.385,HUN
26309,1989,1.0,0.267,0.498,HUN
26310,1990,2.0,0.803,0.894,HUN
26311,1991,3.0,0.846,0.898,HUN
26312,1992,3.0,0.846,0.898,HUN
26313,1993,3.0,0.846,0.898,HUN
26314,1994,3.0,0.846,0.898,HUN
26315,1995,3.0,0.849,0.898,HUN
26316,1996,3.0,0.849,0.898,HUN
26317,1997,3.0,0.849,0.898,HUN
26318,1998,3.0,0.847,0.898,HUN
26319,1999,3.0,0.848,0.89,HUN
26320,2000,3.0,0.848,0.89,HUN
26321,2001,3.0,0.848,0.89,HUN
26322,2002,3.0,0.847,0.894,HUN
26323,2003,3.0,0.847,0.904,HUN
26324,2004,3.0,0.847,0.904,HUN
26325,2005,3.0,0.847,0.893,HUN
26326,2006,3.0,0.831,0.897,HUN
26327,2007,3.0,0.853,0.904,HUN
26328,2008,3.0,0.853,0.903,HUN
26329,2009,3.0,0.853,0.9,HUN
26330,2010,2.0,0.81,0.824,HUN
26331,2011,2.0,0.782,0.81,HUN
26332,2012,2.0,0.777,0.777,HUN
26333,2013,2.0,0.728,0.757,HUN
26334,2014,2.0,0.667,0.755,HUN
26335,2015,2.0,0.616,0.756,HUN
26336,2016,2.0,0.607,0.749,HUN
26337,2017,2.0,0.559,0.753,HUN
26338,2018,1.0,0.483,0.723,HUN
26339,2019,1.0,0.471,0.716,HUN
26340,2020,1.0,0.468,0.708,HUN
26341,2021,1.0,0.452,0.703,HUN
26342,2022,1.0,0.452,0.674,HUN
26343,2023,1.0,0.437,0.664,HUN
26439,1950,0.0,0.048,0.401,Zanzibar
26440,1951,0.0,0.048,0.401,Zanzibar
26441,1952,0.0,0.048,0.401,Zanzibar
26442,1953,0.0,0.054,0.401,Zanzibar
26443,1954,0.0,0.054,0.401,Zanzibar
26444,1955,0.0,0.06,0.359,Zanzibar
26445,1956,0.0,0.064,0.359,Zanzibar
26446,1957,0.0,0.098,0.359,Zanzibar
26447,1958,0.0,0.132,0.359,Zanzibar
26448,1959,0.0,0.132,0.359,Zanzibar
26449,1960,0.0,0.132,0.377,Zanzibar
26450,1961,0.0,0.144,0.394,Zanzibar
26451,1962,0.0,0.138,0.394,Zanzibar
26452,1963,0.0,0.195,0.48,Zanzibar
26453,1964,0.0,0.016,0.136,Zanzibar
26454,1965,0.0,0.017,0.162,Zanzibar
26455,1966,0.0,0.017,0.162,Zanzibar
26456,1967,0.0,0.016,0.162,Zanzibar
26457,1968,0.0,0.016,0.162,Zanzibar
26458,1969,0.0,0.016,0.162,Zanzibar
26459,1970,0.0,0.016,0.162,Zanzibar
26460,1971,0.0,0.016,0.162,Zanzibar
26461,1972,0.0,0.016,0.162,Zanzibar
26462,1973,0.0,0.018,0.251,Zanzibar
26463,1974,0.0,0.018,0.251,Zanzibar
26464,1975,0.0,0.018,0.251,Zanzibar
26465,1976,0.0,0.018,0.251,Zanzibar
26466,1977,0.0,0.018,0.339,Zanzibar
26467,1978,0.0,0.018,0.369,Zanzibar
26468,1979,0.0,0.018,0.369,Zanzibar
26469,1980,0.0,0.028,0.396,Zanzibar
26470,1981,0.0,0.107,0.396,Zanzibar
26471,1982,0.0,0.107,0.396,Zanzibar
26472,1983,0.0,0.107,0.396,Zanzibar
26473,1984,0.0,0.112,0.459,Zanzibar
26474,1985,0.0,0.115,0.459,Zanzibar
26475,1986,0.0,0.113,0.459,Zanzibar
26476,1987,0.0,0.113,0.459,Zanzibar
26477,1988,0.0,0.113,0.436,Zanzibar
26478,1989,0.0,0.111,0.417,Zanzibar
26479,1990,0.0,0.113,0.439,Zanzibar
26480,1991,0.0,0.115,0.439,Zanzibar
26481,1992,0.0,0.126,0.426,Zanzibar
26482,1993,0.0,0.137,0.433,Zanzibar
26483,1994,0.0,0.139,0.433,Zanzibar
26484,1995,1.0,0.253,0.524,Zanzibar
26485,1996,1.0,0.289,0.53,Zanzibar
26486,1997,1.0,0.288,0.53,Zanzibar
26487,1998,1.0,0.288,0.53,Zanzibar
26488,1999,1.0,0.295,0.53,Zanzibar
26489,2000,1.0,0.295,0.563,Zanzibar
26490,2001,1.0,0.295,0.568,Zanzibar
26491,2002,1.0,0.295,0.584,Zanzibar
26492,2003,1.0,0.295,0.589,Zanzibar
26493,2004,1.0,0.284,0.589,Zanzibar
26494,2005,1.0,0.289,0.592,Zanzibar
26495,2006,1.0,0.293,0.596,Zanzibar
26496,2007,1.0,0.296,0.598,Zanzibar
26497,2008,1.0,0.295,0.604,Zanzibar
26498,2009,1.0,0.299,0.604,Zanzibar
26499,2010,1.0,0.311,0.617,Zanzibar
26500,2011,1.0,0.332,0.621,Zanzibar
26501,2012,1.0,0.332,0.621,Zanzibar
26502,2013,1.0,0.331,0.629,Zanzibar
26503,2014,1.0,0.327,0.621,Zanzibar
26504,2015,1.0,0.288,0.613,Zanzibar
26505,2016,1.0,0.251,0.596,Zanzibar
26506,2017,1.0,0.265,0.602,Zanzibar
26507,2018,1.0,0.268,0.617,Zanzibar
26508,2019,1.0,0.266,0.598,Zanzibar
26509,2020,1.0,0.271,0.598,Zanzibar
26510,2021,1.0,0.285,0.619,Zanzibar
26511,2022,1.0,0.294,0.633,Zanzibar
26512,2023,1.0,0.298,0.631,Zanzibar
